tree
version=v4
num_class=3
num_tree_per_iteration=3
label_index=0
max_feature_idx=34
objective=multiclass num_class:3
feature_names=ret_1 ret_5 ret_10 ret_20 vol_10 vol_20 vol_ratio sma_10 dist_sma_10 sma_20 dist_sma_20 sma_50 dist_sma_50 rsi_14 bb_pctb atr_pct range_pct body_pct vol_z x_vix_ret_1 x_vix_ret_5 x_dxy_ret_1 x_dxy_ret_5 x_tnx_ret_1 x_tnx_ret_5 x_gold_ret_1 x_gold_ret_5 x_oil_ret_1 x_oil_ret_5 x_spx_ret_1 x_spx_ret_5 corr_vix corr_dxy vol_percentile trend_strength
feature_infos=[-0.014335036536416879:0.023115677485763264] [-0.027354619661057122:0.042192991868460927] [-0.031489879418528766:0.053420765623879429] [-0.036575681612004529:0.066214699484725026] [0.0023998384958964156:0.0099782859168233897] [0.0030498137219472357:0.0086446964425091546] [0.58513903922210608:1.323781985927996] [0.64794670939445498:0.72218325734138489] [-0.021022785316596876:0.030822850634724903] [0.64857964813709257:0.71912443935871129] [-0.025337615529059325:0.040706985733359714] [0.64685102343559264:0.71437348723411564] [-0.024088897104206117:0.056258641411315542] [25.408813167246237:93.98086441041319] [-0.19719937022133993:1.3856899504028599] [0.0059816618973444662:0.015749805501989469] [0.0025774782034005098:0.024909418276390958] [-0.0006714174874956349:0.00070010245935250501] none [-0.18386344627110762:0.3967532962143463] [-0.34935652973438835:0.54047468020857092] [-0.013395944759003298:0.010413494501683607] [-0.024533639334138879:0.028083565298270496] [-0.03211016950357426:0.030038068943107232] [-0.049773815210716665:0.052933078568540015] [-0.10779554287274529:0.060697222287814823] [-0.12104152623129605:0.10599732515288141] [-0.16414337128869971:0.12208368261757263] [-0.19185479198264432:0.356311639494584] [-0.027111673211413612:0.02913114047102594] [-0.037953677510128236:0.05297532511434877] [-0.54741727933742557:0.40692019377171701] [-0.59542308184260062:0.50722285333604811] [0.01:1] [-2.0529986748539999:3.0138922042101171]
tree_sizes=986 967 1192 1105 1115 1201 1102 1103 1207 1104 1101 1207 1202 1108 1208 1215 1103 1319 1207 1112 1321 1207 1222 1202 1212 999 1211 1102 997 1213 1213 1226 1107 1206 1209 1107 1101 1214 1211 1109 1105 1207 1101 1111 1214 1210 1113 1207 1205 1213 1219 1100 1105 1215 1202 1112 1217 1101 1107 1112 1211 1105 997 1208 1214 1103 1212 1218 1111 1104 1212 991 1215 998 1108 1213 1215 1214 1214 1217 1107 1217 1323 1106 1106 986 1112 1213 995 1218 1332 893 1098 1212 995 1215 1107 891 1206 1205 1213 1213 1216 895 1215 1101 993 1105 1208 794 1214 1101 1101 1215 1323 987 1101 1094 1203 1216 1315 1100 1319 892 998 1325 995 1000 1209 893 996 994 1310 994 1210 1113 994 1003 894 1103 1109 997 1102 1092 1315 1107 889 1215 889 1212 1319 996 997 1094 1104 888 992 1112 1097 1214 1320 1209 1099 996 1316 896 1206 1211 1106 995 1095 893 1214 1096 1217 1107 884 996 1325 1206 1005 1106 1102 1220 1104 1088 893 1002 1111 1006 1099 1091 1108 1107 1327 1106 1002 1107 1100 1104 1005 1001 1217 1210 1109 996 1006 998 1224 1097 1004 1106 1003 1226 998 1223 1102 1113 1103 902 900 999 1106 1007 1225 1006 1000 1112 1231 1012 1332 1009 1222 893 1011 1224 1004 1112 997 792 1002 1006 1110 1003 1222 1007 1114 1339 1116 898 1110 790 1011 903 1112 1216 1325 1108 1108 1007 1122 1003 1335 1107 904 1219 1119 1010 1017 1223 1219 1004 1008 1108 1002 1227 902 1013 1114 906 1112 1004 906 1221 1119 899 1013 1104 1232 1004 902 801 1332 1224 801 1001 1124 1013 1316 1113 902 1219 1001 1007 1010 1125 1105 899 1226 1215 790 798 795 789 1011 1213 898 1221 1112 1112 893 904 901 1002 1214 903 1114 902 1008 1006 1119 1109 1009 1231 1000 1224 1214 1122 1005 1227 1217 1123 904 903 1113 1109 1009 1120 797 1333 1011 1010 797 1109 1217 1011 1114 1005 1007 1005 904 1118 1217 1111 1334 1117 1106 1006 1223 1216 798 1321 899 800 1114 995 1216 1113 1014 1005 1329 1216 1010 1005 1231 1015 1123 1232 993 1229 1109 901 795 890 899 1008 906 1010 1110 1008 1119 1328 1116 1000 1114 1229 1237 1110 1338 1003 901 1116 896 1104 1110 1008 1119 1106 1117 1105 1011 1006 899 1114 1351 1200 1115 1017 900 909 1015 1222 907 909 1119 1009 1011 1227 905 1121 1225 1219 1117 1112 1108 906 786 1335 1341 1116 1017 904 1107 906 910 1104 1231 1010 1228 1337 906 1117 1226 1233 1107 1011 1015 791 1446 1114 1231 1220 1226 1005 1227 1227 788 1237 1220 1120 1012 910 1233 906 1224 1011 1229 1135 1230 1117 1109 792 909 1225 1226 799 908 1226 1008 1344 1017 1117 911 1117 1016 1016 1119 1233 912 1117 1121 1113 1012 1229 1127 1109 791 1008 1330 1123 1228 1124 908 916 1122 1122 1130 1010 1126 1125 1221 790 1340 1131 1241 909 1127 905 911 1007 802 1013 1118 1019 1230 1025 1024 909 1233 1014 915 1237 1013 1355 1335 1015 913 908 909 1243 1013 1127 1017 1120 1131 1223 797 1230 915 1020 1238 1130 1106 907 1014 1233 1351 920 1129 1123 1124 908 1017 1348 1131 1130 1235 1117 905 1124 1117 1130 1126 1128 1237 1020 1020 1018 1021 1016

Tree=0
num_leaves=8
num_cat=0
split_feature=29 21 21 29 22 26 0
split_gain=42.0112 14.6207 11.4749 7.92005 3.86298 1.20817 7.10543e-15
threshold=0.00031498031954080302 0.0019773403340929145 0.0024370343170753155 -0.0030622976835565359 -0.0043162381674018415 -0.0070349264332598685 0.0016803403693300691
decision_type=2 2 2 2 2 2 2
left_child=2 4 3 -1 -2 -4 -6
right_child=1 -3 5 -5 6 -7 -8
leaf_value=-0.86390592156196488 -0.9294811821485286 -0.87800301864458374 -0.82383215120350939 -0.91876014748120149 -0.96226881244181039 -0.85151948345116957 -0.96226881244181039
leaf_weight=13.72468852996826 13.72468852996826 8.3070483207702619 8.6682243347167951 12.641160488128664 14.808216571807863 7.2235202789306632 11.196456432342528
leaf_count=38 38 23 24 35 41 20 31
internal_value=-0.90634 -0.938329 -0.869978 -0.890206 -0.950942 -0.836417 -0.962269
internal_weight=90.294 48.0364 42.2576 26.3658 39.7294 15.8917 26.0047
internal_count=250 133 117 73 110 44 72
is_linear=0
shrinkage=1


Tree=1
num_leaves=8
num_cat=0
split_feature=16 30 19 19 9 2 2
split_gain=20.9838 9.89689 3.52057 5.57135 2.81972 0.671778 8.88178e-16
threshold=0.0051239844252546117 0.0078152197171895716 -0.0083345785689715162 -0.028857121564253903 0.7039264664053918 -0.0049645014815045676 1.0000000180025095e-35
decision_type=2 2 2 2 2 2 2
left_child=1 -1 3 4 6 -4 -2
right_child=2 -3 5 -5 -6 -7 -8
leaf_value=-1.8038189919936156 -1.9496666363101334 -1.8952418719787858 -1.9276375650331594 -1.8683285269797678 -1.8967968652453957 -1.9496666363101334 -1.9496666363101334
leaf_weight=5.4851760119199735 3.7828800082206744 6.4308960139751434 4.539456009864808 4.9177440106868735 3.7828800082206726 14.56408803164959 3.7828800082206726
leaf_count=29 20 34 24 26 20 77 20
internal_value=-1.91054 -1.85316 -1.92988 -1.91278 -1.93204 -1.94443 -1.94967
internal_weight=47.286 11.9161 35.3699 16.2664 11.3486 19.1035 7.56576
internal_count=250 63 187 86 60 101 40
is_linear=0
shrinkage=1


Tree=2
num_leaves=10
num_cat=0
split_feature=21 29 29 28 23 9 30 0 0
split_gain=34.6173 15.196 7.89253 4.83114 4.66135 3.87732 1.91715 0.0819319 0.0673956
threshold=0.00040767674802122405 0.00055872193595185593 -0.0010543446260813381 -0.033802441634774187 -0.0025970891986756279 0.65763399004936229 0.0052249727358199003 -0.0011468654679807064 0.0017464901260101364
decision_type=2 2 2 2 2 2 2 2 2
left_child=1 4 7 -3 -1 -4 -5 -2 -8
right_child=2 3 5 6 -6 -7 8 -9 -10
leaf_value=-0.83884102517259507 -0.85660896105893147 -0.78921334217972428 -0.84178192490550585 -0.76090718225045717 -0.78943074740191521 -0.79969710511648984 -0.72855728518843765 -0.86334852294685227 -0.73529684707635845
leaf_weight=8.1607678532600421 7.4188798666000393 7.4188798666000393 9.2735998332500476 9.2735998332500476 11.499263793230055 13.353983759880064 7.4188798666000348 11.499263793230055 7.4188798666000366
leaf_count=22 20 20 25 25 31 36 20 31 20
internal_value=-0.802962 -0.775441 -0.836872 -0.75393 -0.809941 -0.816945 -0.743073 -0.860706 -0.731927
internal_weight=92.736 51.1903 41.5457 31.5302 19.66 22.6276 24.1114 18.9181 14.8378
internal_count=250 138 112 85 53 61 65 51 40
is_linear=0
shrinkage=1


Tree=3
num_leaves=9
num_cat=0
split_feature=29 21 21 29 1 33 28 16
split_gain=37.4626 13.5952 9.97957 7.10858 2.35665 1.21452 0.000698768 0.000116154
threshold=0.00031498031954080302 0.0014189416767858012 0.0024370343170753155 -0.0030622976835565359 0.010303518108427003 0.28500000000000009 -0.022465270449632865 0.0064686973119551386
decision_type=2 2 2 2 2 2 2 2
left_child=2 4 3 -1 6 -4 -2 -8
right_child=1 -3 5 -5 -6 -7 7 -9
leaf_value=0.039774996967566367 -0.054454198800071824 0.012966961513881468 0.077425714985857388 -0.012082533562833456 -0.022948711802393419 0.049921689386394102 -0.053789870690105636 -0.054051326749990872
leaf_weight=13.881847262382509 9.6140098571777326 13.018355548381804 8.8255217075347918 12.612717002630232 7.8575488924980155 7.361926555633544 8.4828642904758507 8.5088062584400159
leaf_count=38 27 36 24 35 22 20 24 24
internal_value=-7.10662e-06 -0.0305643 0.0339862 0.0150883 -0.047008 0.0649171 -0.0541135 -0.0539208
internal_weight=90.1636 47.4816 42.682 26.4946 34.4632 16.1874 26.6057 16.9917
internal_count=250 133 117 73 97 44 75 48
is_linear=0
shrinkage=0.05


Tree=4
num_leaves=9
num_cat=0
split_feature=16 30 19 24 12 0 2 26
split_gain=19.0133 8.08184 3.41671 5.18713 5.31508 0.687296 1.91164e-05 5.49204e-06
threshold=0.0051239844252546117 0.0078152197171895716 -0.0083345785689715162 -0.0053380768019015137 0.0049798055463303069 0.0043548068451441111 -0.0049645014815045676 -0.0062667465184871865
decision_type=2 2 2 2 2 2 2 2
left_child=1 -1 3 -2 -5 6 -4 -8
right_child=2 -3 5 4 -6 -7 7 -9
leaf_value=0.095404339873373628 -0.039066546389978592 0.014637379379411068 -0.039009856360550495 0.066500092969260946 -0.0081344970485244163 -0.016355663032913775 -0.038834354047026662 -0.038909290399527813
leaf_weight=5.9170460700988752 6.0024871379137066 6.4994540214538574 3.9159154742956153 3.7863066494464857 6.4474699944257736 4.4300602674484244 4.0120038986206037 6.2603088021278417
leaf_count=29 32 34 21 20 34 24 22 34
internal_value=-2.33549e-06 0.0531266 -0.0189289 -0.00216513 0.0194789 -0.0335479 -0.0389159 -0.03888
internal_weight=47.2711 12.4165 34.8546 16.2363 10.2338 18.6183 14.1882 10.2723
internal_count=250 63 187 86 54 101 77 56
is_linear=0
shrinkage=0.05


Tree=5
num_leaves=10
num_cat=0
split_feature=21 29 29 28 23 9 30 7 1
split_gain=31.143 13.3101 7.14393 4.42942 4.32516 3.53583 1.7536 0.0869436 0.0736242
threshold=0.00040767674802122405 0.00055872193595185593 -0.0010543446260813381 -0.033802441634774187 -0.0025970891986756279 0.65763399004936229 0.0052249727358199003 0.70570024549961097 0.004706178753416613
decision_type=2 2 2 2 2 2 2 2 2
left_child=1 4 7 -3 -1 -4 -5 -2 -8
right_child=2 3 5 6 -6 -7 8 -9 -10
leaf_value=-0.034349336878316011 -0.057948913520377204 0.012275644520725014 -0.037243401734390037 0.039341348022984675 0.01332890796183607 0.0030204519434230501 0.063454437204435457 -0.050962036897742286 0.07046992202665317
leaf_weight=8.1096788644790667 11.361095637083055 7.448215156793597 9.2122043073177355 9.331622779369356 11.504526585340498 13.36033123731613 7.4812700748443586 7.3222922682762137 7.4778297245502472
leaf_count=22 31 20 25 25 31 36 20 20 20
internal_value=8.11088e-06 0.0259967 -0.0323411 0.0460076 -0.00638411 -0.0134119 0.0563508 -0.0552107 0.0669614
internal_weight=92.6091 51.3531 41.2559 31.7389 19.6142 22.5725 24.2907 18.6834 14.9591
internal_count=250 138 112 85 53 61 65 51 40
is_linear=0
shrinkage=0.05


Tree=6
num_leaves=9
num_cat=0
split_feature=29 21 21 29 22 33 21 24
split_gain=33.471 12.4933 8.7932 6.40241 3.64201 1.09794 0.00564125 0.00102133
threshold=0.00031498031954080302 0.0019773403340929145 0.0024370343170753155 -0.0030622976835565359 -0.0043162381674018415 0.28500000000000009 0.00015109546525970965 -0.0031624900907590288
decision_type=2 2 2 2 2 2 2 2
left_child=2 4 3 -1 -2 -4 7 -6
right_child=1 -3 5 -5 6 -7 -8 -9
leaf_value=0.037356350400130932 -0.020305650045451568 0.026003374301455509 0.07247695342412408 -0.011787936379789468 -0.052594128982435095 0.046473061652301535 -0.0537879405908449 -0.051820337290005659
leaf_weight=14.00095844268799 13.417762130498884 8.3944776356220228 8.9403730928897875 12.583825498819349 6.9592016637325314 7.4348372519016257 7.0607978105545035 11.012605160474779
leaf_count=38 38 23 24 35 20 20 20 32
internal_value=-2.74979e-05 -0.0292593 0.0318477 0.0140941 -0.0413242 0.0606704 -0.0525904 -0.05212
internal_weight=89.8048 46.8448 42.96 26.5848 38.4504 16.3752 25.0326 17.9718
internal_count=250 133 117 73 110 44 72 52
is_linear=0
shrinkage=0.05


Tree=7
num_leaves=9
num_cat=0
split_feature=16 32 3 19 19 21 0 23
split_gain=17.3677 6.99828 3.38259 1.64521 2.43789 0.67106 3.0206e-05 1.0433e-05
threshold=0.0051239844252546117 0.050590479144100066 -0.013136908356180975 0.0012326341754252958 -0.016555003938435228 0.00020139240034111608 0.0035795438650484406 0.0035613813464201454
decision_type=2 2 2 2 2 2 2 2
left_child=1 -1 -2 4 5 -4 7 -5
right_child=2 -3 3 6 -6 -7 -8 -9
leaf_value=0.078138417232935575 0.01858991288520857 0.0019007852811545975 -0.038942086998666442 -0.038690187432674557 0.010553954415585355 -0.012515248392918378 -0.038808595308506735 -0.038582812647868441
leaf_weight=8.0437400043010694 5.2077147215604773 4.8103328496217719 6.6435132473707199 4.6494298577308637 6.0369813442230269 3.762780949473381 3.6334346085786811 4.4061462432146072
leaf_count=39 28 24 36 26 32 20 20 25
internal_value=3.16095e-05 0.0496083 -0.0185258 -0.0251607 -0.0147228 -0.0293865 -0.0386868 -0.0386379
internal_weight=47.1941 12.8541 34.34 29.1323 16.4433 10.4063 12.689 9.05558
internal_count=250 63 187 159 88 56 71 51
is_linear=0
shrinkage=0.05


Tree=8
num_leaves=10
num_cat=0
split_feature=21 29 29 28 15 9 30 8 1
split_gain=27.9628 11.7101 6.54331 4.13354 4.0649 3.26827 1.6022 0.0889588 0.0767248
threshold=0.00040767674802122405 0.00055872193595185593 -0.0010543446260813381 -0.033802441634774187 0.0080578589415444112 0.65763399004936229 0.0052249727358199003 1.0000000180025095e-35 0.004706178753416613
decision_type=2 2 2 2 2 2 2 2 2
left_child=1 4 7 -3 -1 -4 -5 -2 -8
right_child=2 3 5 6 -6 -7 8 -9 -10
leaf_value=-0.030977052377917553 -0.048651328718868986 0.010734825802643991 -0.035808087878856233 0.037016134490490793 0.014819545352872117 0.0029947966180377031 0.059802166694707226 -0.055777774426726129 0.066954449887453971
leaf_weight=8.8443939089775103 7.1987432837486294 7.4714264571666744 9.1407096385955828 9.3609344661235827 10.716007441282271 13.355448991060255 7.4994996488094312 11.180021822452543 7.4989452064037323
leaf_count=24 20 20 25 25 29 36 20 31 20
internal_value=1.05956e-05 0.024559 -0.0308536 0.0432689 -0.00588776 -0.0127717 0.0532476 -0.0529864 0.0633782
internal_weight=92.2661 51.3912 40.8749 31.8308 19.5604 22.4962 24.3594 18.3788 14.9984
internal_count=250 138 112 85 53 61 65 51 40
is_linear=0
shrinkage=0.05


Tree=9
num_leaves=9
num_cat=0
split_feature=29 21 21 29 1 26 28 16
split_gain=29.99 11.7236 7.81971 5.80055 2.23741 1.07056 0.00374982 0.00066147
threshold=0.00031498031954080302 0.0014189416767858012 0.0024370343170753155 -0.0030622976835565359 0.010303518108427003 -0.0070349264332598685 -0.022465270449632865 0.006767581017262516
decision_type=2 2 2 2 2 2 2 2
left_child=2 4 3 -1 6 -4 -2 -8
right_child=1 -3 5 -5 -6 -7 7 -9
leaf_value=0.035219167692273491 -0.051823772887260235 0.012064353859116793 0.068647629859598769 -0.011517068980953109 -0.020203061759200353 0.043042199090957349 -0.050266613819502551 -0.050908395083379458
leaf_weight=14.086341708898546 9.2816846668720228 13.053945004940031 8.9893839061260241 12.557331413030623 7.6627115607261649 7.477822244167327 8.7019556164741569 7.4540821313858023
leaf_count=38 27 36 24 35 22 20 26 22
internal_value=-5.35544e-05 -0.0280629 0.0299332 0.0131921 -0.0438881 0.0570201 -0.0510229 -0.0505627
internal_weight=89.2653 46.1544 43.1109 26.6437 33.1004 16.4672 25.4377 16.156
internal_count=250 133 117 73 97 44 75 48
is_linear=0
shrinkage=0.05


Tree=10
num_leaves=9
num_cat=0
split_feature=16 30 2 26 24 19 19 4
split_gain=15.8247 6.3256 3.32237 3.32469 1.34679 1.89184 0.000173196 2.06862e-05
threshold=0.0051239844252546117 0.0078152197171895716 -0.0031103912108620953 0.011466940241185332 0.014415285199557594 -0.007256721409300059 0.0012326341754252958 0.00439921722269706
decision_type=2 2 2 2 2 2 2 2
left_child=1 -1 3 -2 6 -6 -4 -8
right_child=2 -3 4 -5 5 -7 7 -9
leaf_value=0.081337418181269661 -0.022503011051698076 0.012336040982476738 -0.038812779421165178 0.030519716946121701 0.011329969763745874 -0.038520226738075966 -0.038382486320685243 -0.038549172593746912
leaf_weight=6.5442305058240873 6.0830434560775739 6.7445517182350159 6.8837623447179812 5.7519115507602692 3.9612183421850204 3.663319304585456 3.766492560505867 3.6798125058412552
leaf_count=29 33 34 38 31 21 21 22 21
internal_value=9.1791e-05 0.0463167 -0.0180876 0.00326659 -0.0295988 -0.0126213 -0.038632 -0.0384649
internal_weight=47.0783 13.2888 33.7896 11.835 21.9546 7.62454 14.3301 7.44631
internal_count=250 63 187 64 123 42 81 43
is_linear=0
shrinkage=0.05


Tree=11
num_leaves=10
num_cat=0
split_feature=21 29 29 23 28 25 30 13 1
split_gain=25.211 10.3362 6.01966 3.94975 3.85288 3.00297 1.53455 0.0887735 0.0762452
threshold=0.00040767674802122405 0.00055872193595185593 -0.0010543446260813381 -0.0025970891986756279 -0.033802441634774187 0.0029042696538627015 0.0052249727358199003 50.663578829871888 0.004706178753416613
decision_type=2 2 2 2 2 2 2 2 2
left_child=1 3 7 -1 -3 -4 -6 -2 -8
right_child=2 4 5 -5 6 -7 8 -9 -10
leaf_value=-0.032335572413170741 -0.046667377220901682 0.0094625937796386297 -0.026503318005558898 0.013398478575690967 0.034615941634174779 0.011241507125951896 0.056849399547097015 -0.053856647901254509 0.063987409327478928
leaf_weight=8.0139123499393481 7.0591790080070522 7.4846407473087337 13.928215086460115 11.489169985055922 9.369450122117998 8.476632744073866 7.4798926115035993 10.961539924144743 7.4844617545604706
leaf_count=22 20 20 38 31 25 23 20 31 20
internal_value=5.00482e-06 0.023267 -0.0295268 -0.00539387 0.0408347 -0.012223 0.0504841 -0.0510404 0.0604195
internal_weight=91.7471 51.3215 40.4256 19.5031 31.8184 22.4048 24.3338 18.0207 14.9644
internal_count=250 138 112 53 85 61 65 51 40
is_linear=0
shrinkage=0.05


Tree=12
num_leaves=10
num_cat=0
split_feature=21 29 25 26 31 1 6 8 21
split_gain=27.102 17.066 4.4938 3.48968 2.95154 2.36149 1.73884 0.123301 0.0134019
threshold=0.0019773403340929145 0.0010558219587901709 -0.00039091095706095253 0.0074195819369486946 0.012534581282681626 0.010303518108427003 1.0291001442627021 -0.0067358973746354652 1.0000000180025095e-35
decision_type=2 2 2 2 2 2 2 2 2
left_child=1 2 -1 6 -4 7 -2 -3 -9
right_child=3 5 4 -5 -6 -7 -8 8 -10
leaf_value=0.03740006582021755 0.068434219003496555 -0.042570421932154288 -0.028682200144508209 0.018502051704424198 0.015097225468980817 -0.015779890849151563 0.036302831973361573 -0.049470937060646647 -0.052130477585085627
leaf_weight=10.284166991710665 9.6920751631259972 6.6471701860427883 7.1902217566967002 11.113844096660612 8.2870701253414136 6.8837450742721549 7.444880634546279 13.81183171272278 7.2094499766826621
leaf_count=28 26 20 20 30 23 20 20 42 21
internal_value=-9.07389e-05 -0.0190207 0.0117815 0.0403234 -0.0052412 -0.0419862 0.0544752 -0.0485061 -0.0503831
internal_weight=88.5645 60.3137 25.7615 28.2508 15.4773 34.5522 17.137 27.6685 21.0213
internal_count=250 174 71 76 43 103 46 83 63
is_linear=0
shrinkage=0.05


Tree=13
num_leaves=9
num_cat=0
split_feature=16 32 19 24 34 0 2 0
split_gain=14.5142 5.64827 3.27456 5.01254 4.66624 0.707388 0.000257325 7.72457e-05
threshold=0.0051239844252546117 0.050590479144100066 -0.0083345785689715162 -0.0053380768019015137 0.53133239607030236 0.0043548068451441111 -0.0051596583872968718 -0.00074303472378239855
decision_type=2 2 2 2 2 2 2 2
left_child=1 -1 3 -2 -5 6 -4 -8
right_child=2 -3 5 4 -6 -7 7 -9
leaf_value=0.06766732297744539 -0.038727246538083779 0.00069978501673591243 -0.038746237181984382 0.056375660138315055 -0.011538542684747365 -0.014842911128598001 -0.038377241466021735 -0.038091155073732751
leaf_weight=8.745480999350546 5.7153663635253915 4.9200533330440512 3.5904555767774555 4.694476500153538 5.4835731983184814 4.213950887322425 5.2932690232992137 4.2571393847465586
leaf_count=39 32 24 20 24 30 24 31 26
internal_value=0.00017699 0.0435568 -0.0176528 -0.00125578 0.0197859 -0.032669 -0.0383854 -0.0382497
internal_weight=46.9138 13.6655 33.2482 15.8934 10.178 17.3548 13.1409 9.55041
internal_count=250 63 187 86 54 101 77 57
is_linear=0
shrinkage=0.05


Tree=14
num_leaves=10
num_cat=0
split_feature=21 29 29 28 28 9 30 8 1
split_gain=22.7134 9.13907 5.59355 3.81347 3.63582 2.93982 1.43923 0.0911427 0.0775368
threshold=0.00040767674802122405 0.00055872193595185593 -0.0010543446260813381 -0.016422625026643652 -0.033802441634774187 0.65763399004936229 0.0052249727358199003 1.0000000180025095e-35 0.004706178753416613
decision_type=2 2 2 2 2 2 2 2 2
left_child=1 3 7 -1 -3 -4 -6 -2 -8
right_child=2 4 5 -5 6 -7 8 -9 -10
leaf_value=-0.032352743484996137 -0.044831895018695063 0.0081661562572527685 -0.03370973316944996 0.012958110688637496 0.032656965594094492 0.0032853805596001341 0.05407575399417805 -0.052199593030240979 0.061297719941800305
leaf_weight=7.6759209632873562 6.8970653414726284 7.4928044378757503 8.9977597296237963 11.754707276821135 9.3557825088500994 13.318742036819456 7.4278790950775129 10.72458043694496 7.4382279813289642
leaf_count=21 20 20 25 32 25 36 20 31 20
internal_value=-2.93174e-06 0.022061 -0.0282583 -0.0049416 0.0386046 -0.0116306 0.0480205 -0.0493159 0.0576893
internal_weight=91.0835 51.1453 39.9381 19.4306 31.7147 22.3165 24.2219 17.6216 14.8661
internal_count=250 138 112 53 85 61 65 51 40
is_linear=0
shrinkage=0.05


Tree=15
num_leaves=10
num_cat=0
split_feature=29 21 25 31 0 1 28 28 30
split_gain=24.3853 10.0677 6.45518 4.18174 3.87629 2.11993 0.444854 0.00690611 0.00092255
threshold=0.00031498031954080302 0.0014189416767858012 -0.00039091095706095253 0.034278598772217291 -0.0010468497590704893 0.010303518108427003 0.0063923203327502795 -0.022465270449632865 0.0090850312336174816
decision_type=2 2 2 2 2 2 2 2 2
left_child=2 5 4 -4 -1 7 -6 -2 -9
right_child=1 -3 3 -5 6 -7 -8 8 -10
leaf_value=0.017517058972016171 -0.049641224394597699 0.010843630448977955 -0.019416573299296403 0.026808993498824568 0.068465758496913984 -0.018063621752946474 0.05118648408286787 -0.048242277015544024 -0.047459557298570036
leaf_weight=8.5115084946155566 8.9012539982795733 13.086057037115095 9.0412287116050738 10.662191063165663 7.4384528100490552 7.4800278544425955 7.4609111845493317 8.3005317151546496 6.888988882303237
leaf_count=23 27 36 25 29 20 22 20 26 22
internal_value=-0.000135619 -0.0260312 0.0266864 0.00559765 0.0444355 -0.0413157 0.0598131 -0.0485353 -0.0478873
internal_weight=87.7712 44.6569 43.1143 19.7034 23.4109 31.5708 14.8994 24.0908 15.1895
internal_count=250 133 117 54 63 97 40 75 48
is_linear=0
shrinkage=0.05


Tree=16
num_leaves=9
num_cat=0
split_feature=16 23 2 26 24 19 19 4
split_gain=13.2716 5.28422 3.18566 3.12451 1.34994 1.78163 0.000215147 3.85083e-05
threshold=0.0051239844252546117 -0.0023865193985180828 -0.0031103912108620953 0.011466940241185332 0.014415285199557594 -0.007256721409300059 0.0012326341754252958 0.00439921722269706
decision_type=2 2 2 2 2 2 2 2
left_child=1 -1 3 -2 6 -6 -4 -8
right_child=2 -3 4 -5 5 -7 7 -9
leaf_value=0.079869928428149675 -0.021893915491180915 0.016766444945377195 -0.038470669699523813 0.029723247761467526 0.011071532904777314 -0.038103600312228023 -0.037955337464324924 -0.038189816231095748
leaf_weight=5.3741000741720191 5.9214748293161374 8.6691318005323392 6.544562831521036 5.8068270534276962 3.9743961840867996 3.4328010827302924 3.520839050412178 3.4833887666463852
leaf_count=24 33 39 38 31 21 21 22 21
internal_value=0.000263127 0.040915 -0.0172035 0.00366238 -0.0288814 -0.0117183 -0.0382645 -0.0380719
internal_weight=46.7275 14.0432 32.6843 11.7283 20.956 7.4072 13.5488 7.00423
internal_count=250 63 187 64 123 42 81 43
is_linear=0
shrinkage=0.05


Tree=17
num_leaves=11
num_cat=0
split_feature=21 29 29 23 12 28 2 30 1 21
split_gain=20.5489 8.15982 5.30551 3.65114 3.59134 3.46346 2.71615 1.37388 0.0829238 0.00074147
threshold=0.00040767674802122405 0.00055872193595185593 -0.0028343717650526341 -0.0025970891986756279 0.019611677634895106 -0.033802441634774187 0.0032355719638503815 0.0052249727358199003 0.004706178753416613 0.0031394862378542059
decision_type=2 2 2 2 2 2 2 2 2 2
left_child=1 3 9 -1 6 -3 -4 -7 -9 -2
right_child=2 5 4 -5 -6 7 -8 8 -10 -11
leaf_value=-0.030675884459528815 -0.051076278010982905 0.0069823932944022829 -0.008575184100083828 0.013467427851003952 0.016589332603795307 0.030899344129027478 -0.048819572055018058 0.051667542814651669 0.05917321856855539 -0.050369080523117941
leaf_weight=7.9156678020954159 7.1322017014026624 7.4935195446014431 10.107907921075826 11.474412113428114 7.2863935530185691 9.3277672827243823 7.1641834676265708 7.3485805690288526 7.3711817264556885 7.7163867056369781
leaf_count=22 21 20 28 31 20 25 20 20 20 23
internal_value=-4.33714e-06 0.0209718 -0.0271146 -0.00455332 -0.012849 0.0366635 -0.0252679 0.0459125 0.0554261 -0.0507088
internal_weight=90.3382 50.9311 39.4071 19.3901 24.5585 31.541 17.2721 24.0475 14.7198 14.8486
internal_count=250 138 112 53 68 85 48 65 40 44
is_linear=0
shrinkage=0.05


Tree=18
num_leaves=10
num_cat=0
split_feature=21 29 23 32 1 16 28 8 21
split_gain=22.4018 14.4687 3.99187 3.17329 2.31356 1.96652 1.23337 0.12751 0.0227743
threshold=0.0019773403340929145 0.0010558219587901709 -0.002937974055206793 -0.078863787753768094 0.010303518108427003 0.0058277706361278834 0.020126715729540948 -0.0067358973746354652 1.0000000180025095e-35
decision_type=2 2 2 2 2 2 2 2 2
left_child=1 2 -1 -2 7 -4 -5 -3 -9
right_child=3 4 5 6 -6 -7 -8 8 -10
leaf_value=0.03447822098571339 0.017744746931728332 -0.040216266096820157 0.011026417871022928 0.064888759009633631 -0.013493298275664973 -0.024689946515415988 0.036749419049007324 -0.047125354614096525 -0.050668447210134131
leaf_weight=10.270061165094377 12.548177659511568 6.323462218046191 8.2151284515857679 8.1921927332878095 6.703412562608718 7.2596146762371054 7.4221096336841574 12.965995132923128 6.9754310846328726
leaf_count=28 34 20 23 22 20 20 20 42 21
internal_value=-0.000193121 -0.0177777 0.0103103 0.0364671 -0.0397114 -0.00572908 0.051513 -0.0464029 -0.0483647
internal_weight=86.8756 58.7131 25.7448 28.1625 32.9683 15.4747 15.6143 26.2649 19.9414
internal_count=250 174 71 76 103 43 42 83 63
is_linear=0
shrinkage=0.05


Tree=19
num_leaves=9
num_cat=0
split_feature=16 32 19 24 34 0 2 0
split_gain=12.1977 4.89701 3.16005 4.79812 4.11181 0.731683 0.000509998 0.000129327
threshold=0.0051239844252546117 -0.040380138225051841 -0.0083345785689715162 -0.0053380768019015137 0.53133239607030236 0.0043548068451441111 -0.0036738920051013753 -0.00074303472378239855
decision_type=2 2 2 2 2 2 2 2
left_child=1 -1 3 -2 -5 6 -4 -8
right_child=2 -3 5 4 -6 -7 7 -9
leaf_value=0.069825477626668186 -0.038459149012915306 0.011344513335155654 -0.038520243106338399 0.052916000091617559 -0.010663984004251522 -0.013562491702416852 -0.038016842909336976 -0.037624625134461839
leaf_weight=6.7120297104120255 5.4707244485616693 7.6704918742179853 3.9891998022794697 4.8507338166236842 5.3448872417211533 4.040086790919303 4.51527343690395 3.9319040328264308
leaf_count=28 32 35 23 24 30 24 28 26
internal_value=0.000363704 0.0386364 -0.0167617 -0.000683999 0.0195852 -0.0320488 -0.0380543 -0.0378343
internal_weight=46.5253 14.3825 32.1428 15.6663 10.1956 16.4765 12.4364 8.44718
internal_count=250 63 187 86 54 101 77 54
is_linear=0
shrinkage=0.05


Tree=20
num_leaves=11
num_cat=0
split_feature=21 29 29 15 12 28 2 30 1 21
split_gain=18.7379 7.21492 5.04672 3.51282 3.37807 3.28699 2.57229 1.32602 0.0854299 0.000833024
threshold=0.00040767674802122405 0.00055872193595185593 -0.0028343717650526341 0.0080578589415444112 0.019611677634895106 -0.033802441634774187 0.0032355719638503815 0.0052249727358199003 0.004706178753416613 0.0031394862378542059
decision_type=2 2 2 2 2 2 2 2 2 2
left_child=1 3 9 -1 6 -3 -4 -7 -9 -2
right_child=2 5 4 -5 -6 7 -8 8 -10 -11
leaf_value=-0.027666105624513073 -0.049868532116890206 0.0059929932488054288 -0.0081132818977339618 0.015225050174958989 0.016301296559958003 0.029207619585759403 -0.047464189062658861 0.049556404648089886 0.057224348796977888 -0.049109656665202381
leaf_weight=8.646167457103731 6.970471262931822 7.4909119307994869 10.066332906484609 10.658667504787443 7.2834955751895896 9.2842535376548785 7.0693922936916342 7.2486746013164503 7.2809488475322723 7.5149360299110413
leaf_count=24 21 20 28 29 20 25 20 20 20 23
internal_value=-1.60804e-06 0.0200555 -0.0260932 -0.00398486 -0.0122233 0.0348806 -0.0243476 0.0439675 0.0533989 -0.0494748
internal_weight=89.5143 50.6096 38.9046 19.3048 24.4192 31.3048 17.1357 23.8139 14.5296 14.4854
internal_count=250 138 112 53 68 85 48 65 40 44
is_linear=0
shrinkage=0.05


Tree=21
num_leaves=10
num_cat=0
split_feature=21 29 23 26 1 16 6 8 21
split_gain=20.2498 13.3773 3.69165 3.0216 2.28378 1.88395 1.61284 0.128418 0.0227622
threshold=0.0019773403340929145 0.0010558219587901709 -0.002937974055206793 0.0074195819369486946 0.010303518108427003 0.0058277706361278834 1.0291001442627021 -0.0067358973746354652 1.0000000180025095e-35
decision_type=2 2 2 2 2 2 2 2 2
left_child=1 2 -1 6 7 -4 -2 -3 -9
right_child=3 4 5 -5 -6 -7 -8 8 -10
leaf_value=0.032964218529178205 0.061475681243570036 -0.039147265154504285 0.010659051112274422 0.014347463493597694 -0.012473542985032943 -0.024335945338612022 0.030364723783753263 -0.046169179500170104 -0.049757233594946187
leaf_weight=10.270487606525423 9.5538901090622002 6.1634373962879208 8.2196791768074018 11.09994065761566 6.6179800331592551 7.2276418805122367 7.3867352306842795 12.542119830846788 6.8256609141826621
leaf_count=28 26 20 23 30 20 20 20 42 21
internal_value=-0.000248542 -0.0171468 0.00973182 0.0346243 -0.0386485 -0.00571475 0.0479102 -0.0454333 -0.0474337
internal_weight=85.9076 57.867 25.7178 28.0406 32.1492 15.4473 16.9406 25.5312 19.3678
internal_count=250 174 71 76 103 43 46 83 63
is_linear=0
shrinkage=0.05


Tree=22
num_leaves=10
num_cat=0
split_feature=16 30 19 19 9 0 21 2 0
split_gain=11.2869 4.62234 3.06851 4.77963 2.66746 0.730112 0.000403277 0.000398372 0.000119173
threshold=0.0051239844252546117 0.0078152197171895716 -0.0083345785689715162 -0.028857121564253903 0.7039264664053918 0.0043548068451441111 -0.0005012364636661214 -0.0036738920051013753 -0.00074303472378239855
decision_type=2 2 2 2 2 2 2 2 2
left_child=1 -1 3 4 6 7 -2 -4 -9
right_child=2 -3 5 -5 -6 -7 -8 8 -10
leaf_value=0.064329164997196778 -0.038033737878172269 0.008188869980257937 -0.038272182269536714 0.039403020426873742 0.014096749607011801 -0.013168626212724899 -0.038806008374723477 -0.037833340379964935 -0.037450755496983811
leaf_weight=7.4583389610052091 3.2027241736650458 7.2118383496999741 3.8482775390148172 5.058252930641177 3.7525701224803925 3.9891043752431861 3.5801155120134345 4.3741540163755417 3.8070173114538193
leaf_count=29 20 34 23 26 20 24 20 28 26
internal_value=0.000484761 0.0367307 -0.0163358 -0.00054715 -0.019728 -0.0317056 -0.0384414 -0.0378526 -0.0376553
internal_weight=46.2824 14.6702 31.6122 15.5937 10.5354 16.0186 6.78284 12.0294 8.18117
internal_count=250 63 187 86 60 101 40 77 54
is_linear=0
shrinkage=0.05


Tree=23
num_leaves=10
num_cat=0
split_feature=21 29 28 29 16 30 9 30 7
split_gain=17.0391 6.65457 6.7094 4.82791 3.10585 2.76311 1.32551 0.821686 0.10135
threshold=0.00040767674802122405 -0.0033718182032360651 -0.033802441634774187 -0.0010543446260813381 0.0055692452985979099 0.012121920221580431 0.66094308942556401 0.0020930687228998273 0.70570024549961097
decision_type=2 2 2 2 2 2 2 2 2
left_child=1 -1 -3 8 -4 6 -5 -6 -2
right_child=3 2 4 5 7 -7 -8 -9 -10
leaf_value=-0.023188635542476913 -0.04874652271279907 -0.00641830990315999 0.016287825309719606 -0.0130617165763142 0.037371052006570447 -0.035342825401202323 0.016898599526267773 0.057668879299592718 -0.040695117060388857
leaf_weight=7.8368088603019705 10.020631760358812 11.110676407814024 10.281609684228899 7.0783891677856463 8.1285828053951281 7.1213079988956443 7.7160053551197052 12.896350264549254 6.4081425070762625
leaf_count=22 31 30 28 20 22 20 21 36 20
internal_value=-1.22382e-05 0.0191412 0.0269618 -0.0251146 0.0388084 -0.00975343 0.00256406 0.0498214 -0.045606
internal_weight=88.5985 50.254 42.4172 38.3445 31.3065 21.9157 14.7944 21.0249 16.4288
internal_count=250 138 116 112 86 61 41 58 51
is_linear=0
shrinkage=0.05


Tree=24
num_leaves=10
num_cat=0
split_feature=29 21 25 31 0 1 28 28 30
split_gain=18.3485 8.03327 5.54631 3.60523 3.38017 2.01094 0.433853 0.00939365 0.00163659
threshold=0.00031498031954080302 0.0014189416767858012 -0.00039091095706095253 0.034278598772217291 -0.0010468497590704893 0.010303518108427003 0.0063923203327502795 -0.022465270449632865 0.0090850312336174816
decision_type=2 2 2 2 2 2 2 2 2
left_child=2 5 4 -4 -1 7 -6 -2 -9
right_child=1 -3 3 -5 6 -7 -8 8 -10
leaf_value=0.014199835012803912 -0.047067282340835709 0.0089590957249042133 -0.019998970869789329 0.023038740322142454 0.062577340825613101 -0.015304093424566668 0.045357897657488676 -0.045426792574489859 -0.044327687386817846
leaf_weight=8.3955502808094042 8.288642883300783 13.054239422082899 8.9882161915302294 10.610104739665983 7.3436565995216352 7.2065651416778556 7.2885670363903046 7.5652483105659503 6.1322615742683411
leaf_count=23 27 36 25 29 20 22 20 26 22
internal_value=-0.000293488 -0.0236456 0.0228509 0.00330071 0.0394895 -0.0382256 0.054 -0.0457387 -0.0449347
internal_weight=84.8731 42.247 42.6261 19.5983 23.0278 29.1927 14.6322 21.9862 13.6975
internal_count=250 133 117 54 63 97 40 75 48
is_linear=0
shrinkage=0.05


Tree=25
num_leaves=8
num_cat=0
split_feature=16 23 3 19 19 21 3
split_gain=10.3347 4.35842 3.09931 1.56245 2.43561 0.654366 0.000151514
threshold=0.0051239844252546117 -0.0023865193985180828 -0.013136908356180975 0.0012326341754252958 -0.016555003938435228 0.00020139240034111608 0.0091831403978840393
decision_type=2 2 2 2 2 2 2
left_child=1 -1 -2 4 5 -4 -5
right_child=2 -3 3 6 -6 -7 -8
leaf_value=0.068331206968872377 0.019786316903897941 0.013076246456369399 -0.038296588654384608 -0.037392133463819179 0.013078562003113681 -0.011346345645359867 -0.037771767134186528
leaf_weight=5.8632372766733161 5.0954308211803463 9.11999663710594 5.95035120844841 4.7684780806303007 5.7480004578828821 3.6241872906684875 5.8557014614343643
leaf_count=24 28 39 36 33 32 20 38
internal_value=0.000595532 0.0346986 -0.0158651 -0.0228664 -0.0126496 -0.0280953 -0.0376014
internal_weight=46.0254 14.9832 31.0421 25.9467 15.3225 9.57454 10.6242
internal_count=250 63 187 159 88 56 71
is_linear=0
shrinkage=0.05


Tree=26
num_leaves=10
num_cat=0
split_feature=21 28 29 29 12 2 16 30 34
split_gain=15.5191 6.07254 5.65088 4.62164 3.15947 2.33707 2.2887 0.735641 0.00111444
threshold=0.00040767674802122405 -0.033802441634774187 -0.0030622976835565359 -0.0028343717650526341 0.019611677634895106 0.0032355719638503815 0.0055692452985979099 0.0020930687228998273 1.0109523277371186
decision_type=2 2 2 2 2 2 2 2 2
left_child=1 -1 -3 8 5 -5 -4 -8 -2
right_child=3 2 6 4 -6 -7 7 -9 -10
leaf_value=-0.011884231010820801 -0.046954797441149727 -0.011915944588394943 0.01806371647009683 -0.0074048455856183778 0.016630409988922647 -0.045334626196518985 0.035621499052796393 0.055044918900276324 -0.047859051284134202
leaf_weight=12.496274113655089 7.3927827179431898 7.0561938285827628 9.9147248864173907 9.9494047164917045 7.2345478534698477 6.8621903061866751 8.0712009668350237 12.309158086776732 6.3204444646835327
leaf_count=34 24 20 27 28 20 20 22 35 20
internal_value=-2.8541e-05 0.0182872 0.0283814 -0.0242078 -0.0109978 -0.0228871 0.0377672 0.0473527 -0.0473716
internal_weight=87.6069 49.8476 37.3513 37.7594 24.0461 16.8116 30.2951 20.3804 13.7132
internal_count=250 138 104 112 68 48 84 57 44
is_linear=0
shrinkage=0.05


Tree=27
num_leaves=9
num_cat=0
split_feature=21 29 23 33 1 16 8 21
split_gain=16.9106 11.6535 3.33943 2.82077 2.2136 1.82981 0.137481 0.0282305
threshold=0.0019773403340929145 0.0010558219587901709 -0.002937974055206793 0.26500000000000007 0.010303518108427003 0.0058277706361278834 -0.0067358973746354652 1.0000000180025095e-35
decision_type=2 2 2 2 2 2 2 2
left_child=1 2 -1 -2 6 -4 -3 -8
right_child=3 4 5 -5 -6 -7 7 -9
leaf_value=0.031015967564812813 0.047190521540642662 -0.037207360597095986 0.010222988855305639 0.015238567939521398 -0.010977777652069811 -0.024373521385229146 -0.044550416462645348 -0.048641958441374041
leaf_weight=10.189194887876512 14.213153690099718 5.8291593790054383 8.1999628543853742 13.438039690256117 6.4800730347633353 7.1583637893199912 11.694759264588358 6.5922908782958975
leaf_count=28 39 20 23 37 20 20 42 21
internal_value=-0.000343801 -0.0161071 0.00882204 0.0316624 -0.0369225 -0.0059021 -0.043894 -0.0460254
internal_weight=83.795 56.1438 25.5475 27.6512 30.5963 15.3583 24.1162 18.2871
internal_count=250 174 71 76 103 43 83 63
is_linear=0
shrinkage=0.05


Tree=28
num_leaves=8
num_cat=0
split_feature=16 1 19 19 2 16 27
split_gain=9.4494 5.81537 2.75742 3.91163 1.91077 1.42483 0.000212199
threshold=0.0047034325202266877 0.0053073651201122072 -0.0083345785689715162 -0.030315482237622923 -0.002897614024823469 0.0060959300155449545 0.0068201055940260167
decision_type=2 2 2 2 2 2 2
left_child=1 -1 3 4 -2 -4 -7
right_child=2 -3 5 -5 -6 6 -8
leaf_value=0.073966605180417686 0.0035720136326810969 0.0030253462922196148 -0.0076446797789311077 0.033988148228202779 -0.038256530747716476 -0.037763659851421799 -0.037322844689628577
leaf_weight=5.9902250915765745 5.813755229115487 5.5795968770980835 6.2716766446828869 6.059530794620513 5.1477198228240022 5.532088175415991 5.3899449780583382
leaf_count=24 31 24 35 30 32 36 38
internal_value=0.000692746 0.0397549 -0.0125162 0.0017499 -0.0160715 -0.0266391 -0.0375461
internal_weight=45.7845 11.5698 34.2147 17.021 10.9615 17.1937 10.922
internal_count=250 48 202 93 63 109 74
is_linear=0
shrinkage=0.05


Tree=29
num_leaves=10
num_cat=0
split_feature=29 21 28 12 16 2 21 30 21
split_gain=14.2388 8.3014 5.83047 3.22526 2.62013 2.07852 1.51559 0.814867 0.00369727
threshold=-0.0033718182032360651 0.00040767674802122405 -0.033802441634774187 0.019611677634895106 0.0055692452985979099 0.0032355719638503815 0.00030882381942320963 0.0020930687228998273 0.0031394862378542059
decision_type=2 2 2 2 2 2 2 2 2
left_child=6 2 -2 5 -4 -3 -1 -6 -8
right_child=1 3 4 -5 7 -7 8 -9 -10
leaf_value=-0.018106791890280662 -0.0063709903900803777 -0.0092590376401931289 0.015322539129173605 0.016323003902257608 0.033898515818455849 -0.044339887109055398 -0.04775763047138392 0.054367697239404711 -0.046078665313037219
leaf_weight=7.0031516551971462 11.055544614791868 10.51025208830834 10.216650664806368 7.2304810583591452 7.9976375997066524 7.0576715469360343 6.533992797136305 12.401624023914335 6.5820837020874023
leaf_count=20 30 30 28 20 22 21 21 36 22
internal_value=-3.35864e-05 0.0111214 0.0247523 -0.0117841 0.0359911 -0.0233523 -0.0368874 0.0463426 -0.0469151
internal_weight=86.5891 66.4699 41.6715 24.7984 30.6159 17.5679 20.1192 20.3993 13.1161
internal_count=250 187 116 71 86 51 63 58 43
is_linear=0
shrinkage=0.05


Tree=30
num_leaves=10
num_cat=0
split_feature=29 21 21 28 24 21 29 33 6
split_gain=15.5163 8.20036 4.18023 3.11483 2.12178 1.62422 1.67078 0.800747 0.0216967
threshold=-0.0028343717650526341 0.0024370343170753155 0.00020139240034111608 -0.02989430534989523 -0.0090968427636823872 -0.0006068239891997006 0.0017180215788457078 0.45000000000000007 1.0135413318130253
decision_type=2 2 2 2 2 2 2 2 2
left_child=2 3 -1 4 -2 8 -7 -4 -5
right_child=1 -3 7 5 -6 6 -8 -9 -10
leaf_value=0.0031928186861569455 -0.023629872158446055 0.021290721856395432 0.056294097433024673 -0.043149779654045414 0.015951888922207374 -0.0064181207121161475 -0.037414859085248053 0.034175994563187921 -0.047117326809471796
leaf_weight=8.1254387795925158 6.9763418734073639 12.474284946918486 9.6329787969589251 5.7653302848339072 6.5782169401645643 8.2241855412721687 9.2224381119012815 7.1140388548374167 8.5647589266300184
leaf_count=22 21 34 27 22 20 24 31 20 29
internal_value=-0.000400803 -0.0146091 0.0326205 -0.0244881 -0.00442029 -0.0330481 -0.0228033 0.0468985 -0.0455211
internal_weight=82.678 57.8056 24.8725 45.3313 13.5546 31.7767 17.4466 16.747 14.3301
internal_count=250 181 69 147 41 106 55 47 51
is_linear=0
shrinkage=0.05


Tree=31
num_leaves=10
num_cat=0
split_feature=16 32 2 24 24 19 28 25 29
split_gain=8.72791 4.03656 2.99132 2.99399 1.36913 1.63947 0.000559635 0.000310991 8.05587e-05
threshold=0.0051239844252546117 0.050590479144100066 -0.0031103912108620953 -0.010240258568484538 0.014415285199557594 -0.007256721409300059 -0.0056053388432018561 -0.00039091095706095253 1.0000000180025095e-35
decision_type=2 2 2 2 2 2 2 2 2
left_child=1 -1 3 -2 6 -6 7 -4 -8
right_child=2 -3 4 -5 5 -7 8 -9 -10
leaf_value=0.049695161210696844 -0.027165862931571083 -0.0038993352240255089 -0.037530018277238709 0.02574058872006621 0.011914081961095542 -0.037366620037172012 -0.03737470930651543 -0.038240145143561055 -0.03699628878918209
leaf_weight=10.183435052633284 4.3499096035957336 5.3637466728687277 3.0689615607261658 6.9409855157136935 3.8861745297908783 2.9832418188452712 3.0105941295623788 3.0982033163309106 2.6393251493573189
leaf_count=39 25 24 21 39 21 21 21 19 20
internal_value=0.000805185 0.0312052 -0.0149612 0.00535795 -0.0272385 -0.00948748 -0.0375574 -0.0378868 -0.0371979
internal_weight=45.5246 15.5472 29.9774 11.2909 18.6865 6.86942 11.8171 6.16716 5.64992
internal_count=250 63 187 64 123 42 81 40 41
is_linear=0
shrinkage=0.05


Tree=32
num_leaves=9
num_cat=0
split_feature=29 21 16 17 28 20 21 21
split_gain=13.2053 7.51631 4.48693 3.47982 3.37621 3.10674 1.49844 0.00382846
threshold=-0.0033718182032360651 0.0014189416767858012 0.0041249435184547651 -3.0263171990597757e-05 -0.033802441634774187 0.0012316468289991225 0.00030882381942320963 0.0031394862378542059
decision_type=2 2 2 2 2 2 2 2
left_child=6 2 -2 -3 -4 -6 -1 -8
right_child=1 3 4 -5 5 -7 7 -9
leaf_value=-0.017267663351823968 -0.01335712417676194 0.0082026789615711245 0.003484240367100452 -0.034340992740105089 0.0496257383690192 0.015433986221585413 -0.047001680477141872 -0.045269101854344886
leaf_weight=6.9425504505634335 7.6459767818450919 8.6708892583847064 9.9714047908782941 10.784664213657377 18.350266456604007 10.41385707259178 6.3724279403686506 6.3813387155532837
leaf_count=20 21 25 27 32 53 29 21 22
internal_value=-4.11315e-05 0.0107045 0.0216463 -0.0153803 0.0285556 0.0372468 -0.0359597 -0.0461348
internal_weight=85.5334 65.8371 46.3815 19.4556 38.7355 28.7641 19.6963 12.7538
internal_count=250 187 130 57 109 82 63 43
is_linear=0
shrinkage=0.05


Tree=33
num_leaves=10
num_cat=0
split_feature=29 21 25 31 0 1 28 28 30
split_gain=14.1482 6.56552 4.7607 3.17445 3.01223 1.98211 0.434906 0.0143422 0.00179461
threshold=0.00031498031954080302 0.0014189416767858012 -0.00039091095706095253 0.034278598772217291 -0.0010468497590704893 0.010303518108427003 0.0063923203327502795 -0.022465270449632865 0.0090850312336174816
decision_type=2 2 2 2 2 2 2 2 2
left_child=2 5 4 -4 -1 7 -6 -2 -9
right_child=1 -3 3 -5 6 -7 -8 8 -10
leaf_value=0.011556211359165265 -0.045481234929274451 0.0074770678081025888 -0.020218729962249573 0.020454171773250894 0.058360521643639501 -0.01275291801350812 0.040808518056495741 -0.043272349692551171 -0.042051884246768388
leaf_weight=8.191407650709154 7.771868064999583 12.98106601834297 8.873516649007799 10.443334221839903 7.1284847855567914 6.9193819165229788 6.9898696839809418 6.8257904648780841 5.3908792585134506
leaf_count=23 27 36 25 29 20 22 20 26 22
internal_value=-0.0004489 -0.0217283 0.0199423 0.0017704 0.0356763 -0.0358177 0.0496707 -0.043802 -0.0427338
internal_weight=81.5156 39.889 41.6266 19.3169 22.3098 26.9079 14.1184 19.9885 12.2167
internal_count=250 133 117 54 63 97 40 75 48
is_linear=0
shrinkage=0.05


Tree=34
num_leaves=10
num_cat=0
split_feature=16 2 16 31 26 0 14 23 16
split_gain=9.12927 4.19609 3.61739 2.57577 2.20732 4.2774 1.52831 0.57731 0.00907631
threshold=0.0036382114729644872 -0.001752033008534881 0.0066340557979678999 0.11775891501399519 1.0000000180025095e-35 -1.0000000180025095e-35 0.2258606062061807 -0.005247562774187752 0.0054633727052568878
decision_type=2 2 2 2 2 2 2 2 2
left_child=-1 2 3 -2 5 -3 -4 -6 -9
right_child=1 4 6 -5 7 -7 -8 8 -10
leaf_value=0.083060838319405764 0.058681895027364685 0.034488067088719328 -0.038336000705791309 0.0080732928955964435 -0.017096149548784353 -0.029974118034149219 0.0068014975567365068 -0.040562503587520893 -0.037419258497832307
leaf_weight=3.1482354998588553 4.9584246426820773 4.641777440905571 3.2885143905878058 5.100344181060791 4.5727755874395362 5.7752007246017474 4.3638937100768089 4.0077140629291517 5.3792405650019646
leaf_count=12 23 25 20 24 28 36 25 19 38
internal_value=0.000933023 -0.00521026 0.0133113 0.0330206 -0.0186673 -0.00124994 -0.0125957 -0.0316644 -0.0387613
internal_weight=45.2361 42.0879 17.7112 10.0588 24.3767 10.417 7.65241 13.9597 9.38695
internal_count=250 238 92 47 146 61 45 85 57
is_linear=0
shrinkage=0.05


Tree=35
num_leaves=9
num_cat=0
split_feature=29 21 25 21 15 28 21 21
split_gain=12.016 6.83543 2.86179 2.93587 4.09628 2.40097 1.43669 0.00302771
threshold=-0.0033718182032360651 -0.0018007710176434764 0.011016035910764834 0.0024370343170753155 0.0080578589415444112 -0.025951307483199178 0.00030882381942320963 0.0031394862378542059
decision_type=2 2 2 2 2 2 2 2
left_child=6 5 3 4 -3 -2 -1 -8
right_child=1 2 -4 -5 -6 -7 7 -9
leaf_value=-0.016610846780409246 0.011815790672699656 -0.017798730082676302 0.025944502556236065 -0.029830985513189953 0.021420360746346276 0.047306124828081671 -0.04591347661218529 -0.044342817685534872
leaf_weight=6.8989242315292385 7.5770522356033352 13.230623781681063 8.1963974237441999 10.004877984523771 13.40189355611801 12.842690140008925 6.1413798928260785 6.1316111236810684
leaf_count=20 21 37 23 31 38 37 21 22
internal_value=-6.64971e-05 0.010158 -0.000763237 -0.0067382 0.00193692 0.0341369 -0.0348667 -0.0451288
internal_weight=84.4255 65.2535 44.8338 36.6374 26.6325 20.4197 19.1719 12.273
internal_count=250 187 129 106 75 58 63 43
is_linear=0
shrinkage=0.05


Tree=36
num_leaves=9
num_cat=0
split_feature=29 21 21 28 24 11 33 6
split_gain=12.9373 6.84723 3.72732 2.88214 2.01383 1.6495 0.819166 0.576986
threshold=-0.0028343717650526341 0.0024370343170753155 0.00020139240034111608 -0.02989430534989523 -0.0090968427636823872 0.65315850257873553 0.45000000000000007 0.90049083943353858
decision_type=2 2 2 2 2 2 2 2
left_child=2 3 -1 4 -2 -5 -4 -7
right_child=1 -3 6 5 -6 7 -8 -9
leaf_value=0.0022867139521401355 -0.022595355872191233 0.019142775862175641 0.053487691756751402 -0.011749051763166639 0.016251797041382864 -0.027181245688488506 0.030730244095060401 -0.044101724659984069
leaf_weight=8.0995159447193164 6.8373553156852722 12.364905864000319 9.3206434547901171 7.8318691402673748 6.5149618685245496 7.6073828339576748 6.8679700195789328 14.918643623590468
leaf_count=22 21 34 27 27 20 28 20 51
internal_value=-0.000504357 -0.0137075 0.0299782 -0.0230002 -0.00364076 -0.0315151 0.0438329 -0.0383874
internal_weight=80.3632 56.0751 24.2881 43.7102 13.3523 30.3579 16.1886 22.526
internal_count=250 181 69 147 41 106 47 79
is_linear=0
shrinkage=0.05


Tree=37
num_leaves=10
num_cat=0
split_feature=16 2 26 22 26 0 24 6 16
split_gain=8.04895 3.94542 3.31376 3.83685 2.13826 3.94949 0.620489 0.583237 0.00486236
threshold=0.0036382114729644872 -0.001752033008534881 0.0037789125592970767 0.00040541346671985062 1.0000000180025095e-35 0.00015791717509106021 0.0075020596339622223 1.1006359499141141 0.0058277706361278834
decision_type=2 2 2 2 2 2 2 2 2
left_child=-1 2 6 -4 5 -3 -2 8 -6
right_child=1 4 3 -5 7 -7 -8 -9 -10
leaf_value=0.076218462826524044 -0.026906016438326248 0.032467495586376106 -0.00019342864664014247 0.06054560556245462 -0.039577812100997992 -0.029501986693904719 0.0021093056666362181 -0.015575792270058442 -0.037234689214876708
leaf_weight=3.2989911884069434 3.7695346027612713 4.7501287981867808 5.0486616715788823 5.3608270809054375 3.5563971102237684 5.6049936860799789 3.6043678969144821 4.1252580508589736 5.8662252575159073
leaf_count=12 20 25 27 25 19 36 20 23 43
internal_value=0.00103705 -0.00491268 0.0129209 0.0310868 -0.0181805 -0.00107518 -0.0127233 -0.0312548 -0.0381191
internal_weight=44.9854 41.6864 17.7834 10.4095 23.903 10.3551 7.3739 13.5479 9.42262
internal_count=250 238 92 52 146 61 40 85 62
is_linear=0
shrinkage=0.05


Tree=38
num_leaves=10
num_cat=0
split_feature=29 21 28 12 16 2 21 30 21
split_gain=11.0885 6.2782 4.9874 2.95078 2.22019 1.94203 1.40783 0.850207 0.00275803
threshold=-0.0033718182032360651 0.00040767674802122405 -0.033802441634774187 0.019611677634895106 0.0055692452985979099 0.0032355719638503815 0.00030882381942320963 0.0020930687228998273 0.0031394862378542059
decision_type=2 2 2 2 2 2 2 2 2
left_child=6 2 -2 5 -4 -3 -1 -6 -8
right_child=1 3 4 -5 7 -7 8 -9 -10
leaf_value=-0.015915728233112509 -0.0069796180014063992 -0.0079993305439272269 0.01348319726815728 0.016567275156466468 0.029575993025084762 -0.042467746271174868 -0.045143410264399289 0.050952492961547073 -0.043618864170112945
leaf_weight=6.8494910299778011 10.976056307554243 10.28240910172463 10.089072763919832 7.1486856043338767 7.7503558397293117 6.7818109095096579 5.9553600251674634 11.633484303951262 5.9111589789390564
leaf_count=20 30 30 28 20 22 21 21 36 22
internal_value=-7.34072e-05 0.00973645 0.0217905 -0.0104005 0.0325048 -0.0216981 -0.0339655 0.0424054 -0.044384
internal_weight=83.3779 64.6619 40.449 24.2129 29.4729 17.0642 18.716 19.3838 11.8665
internal_count=250 187 116 71 86 51 63 58 43
is_linear=0
shrinkage=0.05


Tree=39
num_leaves=9
num_cat=0
split_feature=29 21 23 23 1 24 28 30
split_gain=12.0072 5.83165 4.32813 4.08724 2.02249 1.92888 0.0161483 0.00158415
threshold=0.00031498031954080302 0.0014189416767858012 0.0076675618118262632 -0.002937974055206793 0.010303518108427003 1.0000000180025095e-35 -0.022465270449632865 0.0090850312336174816
decision_type=2 2 2 2 2 2 2 2
left_child=2 4 3 -1 6 -5 -2 -8
right_child=1 -3 -4 5 -6 -7 7 -9
leaf_value=0.029974264086001592 -0.044648961975168655 0.0067882273067930562 0.041700057385782224 -0.028758926131485448 -0.010883889602395088 0.0061380724394482578 -0.042177543665812847 -0.040987272751097467
leaf_weight=11.335863500833513 7.4690656960010555 12.91658768057823 13.354177087545393 7.0777803659439114 6.7168462872505179 8.9885229468345624 6.3729099035263079 4.9797109812498093
leaf_count=32 27 36 39 20 22 26 26 22
internal_value=-0.00054957 -0.0205905 0.0183598 0.0069851 -0.0344378 -0.0092353 -0.0428434 -0.0416554
internal_weight=79.2115 38.4551 40.7563 27.4022 25.5385 16.0663 18.8217 11.3526
internal_count=250 133 117 78 97 46 75 48
is_linear=0
shrinkage=0.05


Tree=40
num_leaves=9
num_cat=0
split_feature=16 2 21 16 26 0 23 16
split_gain=7.19199 3.72367 3.26502 4.00351 2.08439 3.67241 0.595405 0.00766701
threshold=0.0036382114729644872 -0.001752033008534881 -0.0007087950948867493 0.0070516062367670237 1.0000000180025095e-35 0.00015791717509106021 -0.005247562774187752 0.0054633727052568878
decision_type=2 2 2 2 2 2 2 2
left_child=-1 2 -2 -4 5 -3 -6 -8
right_child=1 4 3 -5 6 -7 7 -9
leaf_value=0.070780301320513425 -0.012909095629329268 0.030894281297990739 0.053223770019241314 -0.011566295355499885 -0.015785222729823661 -0.029028945703014133 -0.040063308317208418 -0.037085528880645521
leaf_weight=3.424215927720069 7.3735786005854633 4.8284693509340304 6.8046820312738401 3.670405201613903 4.3629660084843627 5.4346399009227753 3.8021002113819105 5.0099691525101662
leaf_count=12 39 25 31 22 28 36 19 38
internal_value=0.00114773 -0.0046274 0.0125797 0.0305217 -0.017731 -0.000836957 -0.0308912 -0.0383703
internal_weight=44.711 41.2868 17.8487 10.4751 23.4381 10.2631 13.175 8.81207
internal_count=250 238 92 53 146 61 85 57
is_linear=0
shrinkage=0.05


Tree=41
num_leaves=10
num_cat=0
split_feature=29 21 25 33 6 5 27 21 21
split_gain=10.1241 6.06699 3.39457 3.92965 3.10106 2.9098 2.35432 1.34826 0.00234581
threshold=-0.0033718182032360651 -0.0024933130898751039 0.011016035910764834 0.29500000000000004 0.97856347582451775 0.004086266215833999 -0.0031445754787510212 0.00030882381942320963 0.0031394862378542059
decision_type=2 2 2 2 2 2 2 2 2
left_child=7 6 3 5 -5 -3 -2 -1 -9
right_child=1 2 -4 4 -6 -7 -8 8 -10
leaf_value=-0.015418074969867258 0.0164733652624004 -0.0038621763721556606 0.027693369559092729 -0.012560290040007735 0.032599669324835927 -0.039657821716275125 0.054566389165702237 -0.044254145513956365 -0.042818469285624744
leaf_weight=6.8128420412540462 8.0475964248180407 13.230911940336229 9.1432348787784559 6.6430242061614981 8.8867340385913831 9.9444163143634778 8.178047448396681 5.7281283438205701 5.6533232480287552
leaf_count=20 23 39 26 20 25 30 24 21 22
internal_value=-9.46198e-05 0.00925207 0.000292576 -0.00618027 0.013282 -0.0192219 0.035673 -0.0330104 -0.043541
internal_weight=82.2683 64.074 47.8483 38.7051 15.5298 23.1753 16.2256 18.1943 11.3815
internal_count=250 187 140 114 45 69 47 63 43
is_linear=0
shrinkage=0.05


Tree=42
num_leaves=9
num_cat=0
split_feature=21 29 23 33 1 16 5 21
split_gain=11.072 8.63986 2.80667 2.69923 2.22654 1.84991 0.178562 0.0268182
threshold=0.0019773403340929145 0.0010558219587901709 -0.0025970891986756279 0.26500000000000007 0.010303518108427003 0.005698810377576218 0.0069565221670100713 0.00015109546525970965
decision_type=2 2 2 2 2 2 2 2
left_child=1 2 -1 -2 6 -4 7 -3
right_child=3 4 5 -5 -6 -7 -8 -9
leaf_value=0.026953901733058141 0.041490188645585929 -0.042166691493209868 0.010362658953910748 0.009412720917184092 -0.0068272770766958403 -0.025747466130275849 -0.03259974070508595 -0.046409809613248337
leaf_weight=10.524864077568056 13.46625077724457 10.584318608045587 7.327499717473982 12.784024745225905 6.0771164298057547 6.8740755915641785 4.6998713016510001 5.7452873289585105
leaf_count=30 39 44 21 37 20 20 19 20
internal_value=-0.000588729 -0.0139876 0.00738596 0.0258683 -0.0334844 -0.00711595 -0.0411878 -0.0436596
internal_weight=78.0833 51.833 24.7264 26.2503 27.1066 14.2016 21.0295 16.3296
internal_count=250 174 71 76 103 41 83 64
is_linear=0
shrinkage=0.05


Tree=43
num_leaves=9
num_cat=0
split_feature=16 32 19 24 19 0 2 0
split_gain=6.80099 3.32583 2.83341 4.60443 4.87126 0.85373 0.00102805 0.000273463
threshold=0.0051239844252546117 0.050590479144100066 -0.0083345785689715162 -0.0053380768019015137 -0.028857121564253903 0.0043548068451441111 -0.0031103912108620953 -0.00074303472378239855
decision_type=2 2 2 2 2 2 2 2
left_child=1 -1 3 -2 -5 6 -4 -8
right_child=2 -3 5 4 -6 -7 7 -9
leaf_value=0.043312307496028699 -0.038035992643268325 -0.0047942283358024746 -0.037795272907751892 -0.0060280863250365213 0.06654886699974942 -0.0081911505689598336 -0.037045735973894094 -0.036397798756482524
leaf_weight=10.708914637565615 4.8710608035325995 5.4067083150148383 3.6759189516305915 6.1154249906539908 3.7173463553190258 3.3940438702702513 3.5797452107071868 2.9874545186758041
leaf_count=39 32 24 24 36 18 24 27 26
internal_value=0.00123868 0.0271728 -0.0135083 0.00171692 0.0214101 -0.0299244 -0.0371257 -0.036751
internal_weight=44.4566 16.1156 28.341 14.7038 9.83277 13.6372 10.2431 6.5672
internal_count=250 63 187 86 54 101 77 53
is_linear=0
shrinkage=0.05


Tree=44
num_leaves=10
num_cat=0
split_feature=29 21 25 33 6 21 27 21 21
split_gain=9.26097 5.60751 3.12743 3.60207 2.89759 2.82366 2.27144 1.34656 0.00207401
threshold=-0.0033718182032360651 -0.0024933130898751039 0.011016035910764834 0.29500000000000004 0.97856347582451775 0.0019773403340929145 -0.0031445754787510212 0.00030882381942320963 0.0031394862378542059
decision_type=2 2 2 2 2 2 2 2 2
left_child=7 6 3 5 -5 -3 -2 -1 -9
right_child=1 2 -4 4 -6 -7 -8 8 -10
leaf_value=-0.014505197429207681 0.015533373819497778 -0.0054374373134404609 0.026568750392259696 -0.012458632427814587 0.031273167090369619 -0.041929501494171142 0.05321828149848519 -0.043576652308289367 -0.042201417465820935
leaf_weight=6.7454769909381893 7.9828324019908896 14.693656772375109 9.0862546861171705 6.610882729291915 8.8697807788848859 8.2927032411098462 8.0115567743778211 5.5356009751558286 5.4315963387489319
leaf_count=20 23 42 26 20 25 27 24 21 22
internal_value=-0.000111957 0.00879955 0.000185671 -0.00604625 0.0125979 -0.0186025 0.0344097 -0.0320837 -0.0428956
internal_weight=81.2603 63.5477 47.5533 38.467 15.4807 22.9864 15.9944 17.7127 10.9672
internal_count=250 187 140 114 45 69 47 63 43
is_linear=0
shrinkage=0.05


Tree=45
num_leaves=10
num_cat=0
split_feature=29 21 25 31 0 1 27 28 30
split_gain=10.1611 5.61172 4.63632 3.17135 2.75307 1.46838 0.502481 0.012255 0.00106837
threshold=0.00066787763764009089 0.0015291427556902717 -0.00039091095706095253 0.012534581282681626 -0.0010468497590704893 0.010303518108427003 0.004165866948583786 -0.017113539039669608 0.0090850312336174816
decision_type=2 2 2 2 2 2 2 2 2
left_child=2 5 4 -4 -1 7 -6 -2 -9
right_child=1 -3 3 -5 6 -7 -8 8 -10
leaf_value=0.0086547160277327534 -0.04342208554858519 0.0077141380653289147 -0.022598991403031187 0.01700941212174225 0.055111923472187442 -0.0130742692050256 0.035879285125899232 -0.041239563191150352 -0.040185082660025358
leaf_weight=7.8558030128479031 7.7828890234231975 11.739986330270765 9.3043035566806811 11.062218070030211 7.0385618805885297 5.889741286635398 6.5625515580177307 5.2498429119586962 4.4281519800424576
leaf_count=23 30 33 27 32 21 20 20 23 21
internal_value=-0.000644672 -0.0204851 0.0160018 -0.00108541 0.0322208 -0.0346629 0.0458322 -0.041945 -0.0407571
internal_weight=76.914 35.0906 41.8234 20.3665 21.4569 23.3506 13.6011 17.4609 9.67799
internal_count=250 127 123 59 64 94 41 74 44
is_linear=0
shrinkage=0.05


Tree=46
num_leaves=9
num_cat=0
split_feature=16 23 19 24 19 0 2 0
split_gain=6.35097 3.27293 2.73733 4.36358 4.276 0.850162 0.000919265 0.000239111
threshold=0.0051239844252546117 -0.0023865193985180828 -0.0083345785689715162 -0.0053380768019015137 -0.028857121564253903 0.0043548068451441111 -0.0031103912108620953 -0.00074303472378239855
decision_type=2 2 2 2 2 2 2 2
left_child=1 -1 3 -2 -5 6 -4 -8
right_child=2 -3 5 4 -6 -7 7 -9
leaf_value=0.053516928862939489 -0.03784235514355478 0.0077811172085811677 -0.037612738783734022 -0.005661073818539814 0.061595088518361554 -0.0078510394323924714 -0.036889008545617843 -0.036271935683812422
leaf_weight=6.5485680699348476 4.7125413939356813 9.7144589275121671 3.5568223968148223 6.0570158138871184 3.8752969652414331 3.3580639138817778 3.4494417756795874 2.8811054900288582
leaf_count=24 32 39 24 36 18 24 27 26
internal_value=0.00136409 0.0261974 -0.0131164 0.00178058 0.0205803 -0.0295872 -0.0369695 -0.0366082
internal_weight=44.1533 16.263 27.8903 14.6449 9.93231 13.2454 9.88737 6.33055
internal_count=250 63 187 86 54 101 77 53
is_linear=0
shrinkage=0.05


Tree=47
num_leaves=10
num_cat=0
split_feature=29 21 25 33 6 5 27 21 21
split_gain=8.61865 5.20662 2.86633 3.32568 2.75049 2.73759 2.1796 1.47559 0.00278804
threshold=-0.0033718182032360651 -0.0024933130898751039 0.011016035910764834 0.29500000000000004 0.97856347582451775 0.004086266215833999 -0.0031445754787510212 0.00020139240034111608 0.0031394862378542059
decision_type=2 2 2 2 2 2 2 2 2
left_child=7 6 3 5 -5 -3 -2 -1 -9
right_child=1 2 -4 4 -6 -7 -8 8 -10
leaf_value=-0.012278285890280443 0.014849860480005781 -0.0030745937375282919 0.02548565209189076 -0.012418847171419336 0.030275111033327796 -0.038205950225611983 0.052025653388171847 -0.043305274377773359 -0.041706434699625261
leaf_weight=6.382629185914996 7.9302974939346313 13.017614245414736 9.021047115325926 6.5804833173751822 8.8402720093727094 9.660274386405943 7.8410718441009504 5.6821864098310453 5.2421339601278305
leaf_count=19 23 39 26 20 25 30 24 22 22
internal_value=-0.000132731 0.00846579 0.00014265 -0.0058581 0.0120564 -0.0180398 0.0333326 -0.0313786 -0.0425381
internal_weight=80.198 62.8911 47.1197 38.0986 15.4208 22.6779 15.7714 17.3069 10.9243
internal_count=250 187 140 114 45 69 47 63 44
is_linear=0
shrinkage=0.05


Tree=48
num_leaves=10
num_cat=0
split_feature=21 29 26 27 31 1 6 23 21
split_gain=9.38327 7.52539 2.56904 2.53484 2.69771 2.26869 1.5178 0.191066 0.0513272
threshold=0.0019773403340929145 0.0010558219587901709 0.0074195819369486946 0.0056873440761435754 0.012534581282681626 0.010303518108427003 1.0291001442627021 -0.0093579012357998242 0.00040767674802122405
decision_type=2 2 2 2 2 2 2 2 2
left_child=1 3 6 4 -1 7 -2 -3 -9
right_child=2 5 -4 -5 -6 -7 -8 8 -10
leaf_value=-0.0021607841050069712 0.051456651491679641 -0.03089544567966182 0.0049988612408443725 -0.01556174789792485 0.038932691634014444 -0.0049408280608198313 0.019511346883291595 -0.040799301465268931 -0.046928979596930653
leaf_weight=8.0078393518924731 8.3318985402584094 4.3059000521898332 10.527103215456007 8.4241504073142988 7.9675620496273032 5.9169446229934684 6.7149260044097892 10.474724560976027 5.0673116892576209
leaf_count=24 26 18 30 24 23 20 20 48 17
internal_value=-0.0007032 -0.013269 0.0239452 0.00663131 0.0183342 -0.0321147 0.0372005 -0.0402157 -0.0427978
internal_weight=75.7384 50.1644 25.5739 24.3996 15.9754 25.7649 15.0468 19.8479 15.542
internal_count=250 174 76 71 47 103 46 83 65
is_linear=0
shrinkage=0.05


Tree=49
num_leaves=10
num_cat=0
split_feature=16 2 26 22 26 0 24 23 16
split_gain=5.9277 3.55309 2.91978 3.12549 1.9517 3.36954 0.638457 0.635803 0.0100703
threshold=0.0036382114729644872 -0.001752033008534881 0.0037789125592970767 0.00040541346671985062 1.0000000180025095e-35 0.00015791717509106021 0.0075020596339622223 -0.005247562774187752 0.0053910538870768276
decision_type=2 2 2 2 2 2 2 2 2
left_child=-1 2 6 -4 5 -3 -2 -6 -9
right_child=1 4 3 -5 7 -7 -8 8 -10
leaf_value=0.062835711105665201 -0.026586492212582524 0.028971707340222998 0.00051851323350145034 0.055181032928457621 -0.01427723897956258 -0.0286999354571102 0.0033566044081504579 -0.040335974763122374 -0.03682278700263121
leaf_weight=3.6080201566219321 3.6384051069617298 4.8938750028610247 4.9264158532023412 5.5736711546778679 4.1063994392752639 5.2494574338197708 3.4858163446187973 3.5018518567085248 4.8854576423764229
leaf_count=12 20 25 27 25 28 36 20 17 40
internal_value=0.00143941 -0.00406262 0.0127712 0.0295345 -0.0171688 -0.000874976 -0.0119356 -0.0303973 -0.0382896
internal_weight=43.8694 40.2613 17.6243 10.5001 22.637 10.1433 7.12422 12.4937 8.38731
internal_count=250 238 92 52 146 61 40 85 57
is_linear=0
shrinkage=0.05


Tree=50
num_leaves=10
num_cat=0
split_feature=29 21 28 5 28 28 5 21 21
split_gain=7.98287 4.83496 2.38756 2.93071 2.52606 2.12136 2.07292 1.44858 0.00243884
threshold=-0.0033718182032360651 -0.0018007710176434764 0.054543989598410676 0.0041853428381573845 -0.0044504972991431515 -0.025951307483199178 0.0045106279120050432 0.00020139240034111608 0.0031394862378542059
decision_type=2 2 2 2 2 2 2 2 2
left_child=7 5 3 4 -3 -2 -5 -1 -9
right_child=1 2 -4 6 -6 -7 -8 8 -10
leaf_value=-0.011760247940241605 0.0079085376472228363 0.03008314587003761 0.026611271479930743 -0.042602471595482506 -0.0094539837821764339 0.042147056912785502 -0.0080932588640747222 -0.042734849122712082 -0.041211513395819806
leaf_weight=6.3441358506679562 7.3283664584159878 7.8671411573886898 6.5706909894943228 6.2853593826293972 8.3043830692768079 11.822245627641676 14.144490301609038 5.4891381263732892 5.0397698730230331
leaf_count=19 21 23 20 20 25 37 41 22 22
internal_value=-0.000124839 0.00813502 -0.0011404 -0.00612239 0.00978008 0.029045 -0.0187102 -0.0306336 -0.0420057
internal_weight=79.1957 62.3227 43.1721 36.6014 16.1715 19.1506 20.4298 16.873 10.5289
internal_count=250 187 129 109 48 58 61 63 44
is_linear=0
shrinkage=0.05


Tree=51
num_leaves=9
num_cat=0
split_feature=21 29 33 23 28 16 21 14
split_gain=8.6098 6.99529 2.49286 2.46707 2.23847 1.78792 0.0367147 0.0037985
threshold=0.0019773403340929145 0.0010558219587901709 0.26500000000000007 -0.0025970891986756279 -0.02989430534989523 0.005698810377576218 0.00040390760757880178 0.62871799489722591
decision_type=2 2 2 2 2 2 2 2
left_child=1 3 -2 -1 -3 -5 7 -6
right_child=2 4 -4 5 6 -7 -8 -9
leaf_value=0.024811104638697731 0.038366993207161193 -0.010173952528232361 0.006940146185051183 0.0097515544353337039 -0.039785558114887633 -0.025996688927893183 -0.045648783614508581 -0.041632825996889652
leaf_weight=10.28942756354809 12.900100767612459 8.2955627441406268 12.352181166410444 7.2765459418296796 7.6757837384939211 6.73502516746521 4.7435485869646064 4.3656404465436935
leaf_count=30 39 29 37 21 38 20 17 19
internal_value=-0.000753677 -0.0128978 0.0229945 0.00622038 -0.0314218 -0.00743177 -0.041923 -0.0404553
internal_weight=74.6338 49.3815 25.2523 24.301 25.0805 14.0116 16.785 12.0414
internal_count=250 174 76 71 103 41 74 57
is_linear=0
shrinkage=0.05


Tree=52
num_leaves=9
num_cat=0
split_feature=16 32 2 24 24 19 19 5
split_gain=5.65566 2.98527 2.65532 2.66623 1.35318 1.35475 0.000740308 8.65182e-05
threshold=0.0051239844252546117 -0.040380138225051841 -0.0031103912108620953 -0.010240258568484538 0.014415285199557594 -0.007256721409300059 0.0012326341754252958 0.0047210084320121913
decision_type=2 2 2 2 2 2 2 2
left_child=1 -1 3 -2 6 -6 -4 -8
right_child=2 -3 4 -5 5 -7 7 -9
leaf_value=0.046496607451350175 -0.0258590838257543 0.0038847572642668818 -0.037283768342528022 0.025358342744199455 0.011131445899976292 -0.036497869648447957 -0.036211566911650908 -0.03663270034897282
leaf_weight=8.0212250649929064 4.0157622769474983 8.4297109395265561 5.0278917774558085 6.9189876094460505 3.8740123808383942 2.4290847554802886 2.4731911644339561 2.4060288667678833
leaf_count=28 25 35 38 39 21 21 23 20
internal_value=0.00152831 0.0246616 -0.0124914 0.00654886 -0.0253352 -0.00722392 -0.036858 -0.0364192
internal_weight=43.5959 16.4509 27.145 10.9347 16.2102 6.3031 9.90711 4.87922
internal_count=250 63 187 64 123 42 81 43
is_linear=0
shrinkage=0.05


Tree=53
num_leaves=10
num_cat=0
split_feature=29 21 16 21 29 17 27 21 21
split_gain=7.44185 4.55837 3.00244 2.98017 3.20016 2.99834 2.10486 1.4213 0.00260973
threshold=-0.0033718182032360651 -0.0024933130898751039 0.0041249435184547651 0.0014189416767858012 0.0019156742382460126 -3.0263171990597757e-05 -0.0031445754787510212 0.00020139240034111608 0.0031394862378542059
decision_type=2 2 2 2 2 2 2 2 2
left_child=7 6 -3 4 -4 -5 -2 -1 -9
right_child=1 2 3 5 -6 -7 -8 8 -10
leaf_value=-0.011353533326034353 0.013248718796725435 -0.030889312755794918 -0.0059508326407378374 0.012065751974466596 0.032752984803377364 -0.029576334252137921 0.050307060376574689 -0.042333285930519299 -0.040728700419913395
leaf_weight=6.3078192174434689 7.7922220230102539 6.7174012362956992 8.8685722053051013 8.062036260962488 13.426176667213438 9.3198232203721982 7.538759768009184 5.3271108418703061 4.8330102264881134
leaf_count=19 23 19 25 24 42 30 24 22 22
internal_value=-0.000132725 0.00783466 2.38045e-05 0.00525751 0.0173571 -0.0102619 0.0314716 -0.029996 -0.04157
internal_weight=78.1929 61.725 46.394 39.6766 22.2947 17.3819 15.331 16.4679 10.1601
internal_count=250 187 140 121 67 54 47 63 44
is_linear=0
shrinkage=0.05


Tree=54
num_leaves=10
num_cat=0
split_feature=21 29 26 27 31 1 27 5 21
split_gain=7.8455 6.46818 2.4427 2.32374 2.53625 2.31116 1.53474 0.193959 0.0219059
threshold=0.0019773403340929145 0.0010558219587901709 0.0074195819369486946 0.0056873440761435754 0.012534581282681626 0.010303518108427003 0.0048540461422792456 0.0069565221670100713 0.00020139240034111608
decision_type=2 2 2 2 2 2 2 2 2
left_child=1 3 6 4 -1 7 -2 8 -3
right_child=2 5 -4 -5 -6 -7 -8 -9 -10
leaf_value=-0.0029497664874529443 0.017058258309216316 -0.040610288376495579 0.0034978831712631255 -0.015535938904269159 0.037079921062544312 -0.0029180980934007863 0.04976499977021042 -0.029733441357414837 -0.044746788835067802
leaf_weight=7.913712292909624 6.4522092193365124 9.6805868893861824 10.399416387081144 8.3485620915889722 7.9143308848142624 5.7259068042039862 8.076367571949957 4.165840506553649 4.7815061658620825
leaf_count=24 20 46 30 24 23 20 26 19 18
internal_value=-0.00080162 -0.0125127 0.0219978 0.00580795 0.0170659 -0.0307 0.0352398 -0.0392396 -0.0419779
internal_weight=73.4584 48.5304 24.928 24.1766 15.828 24.3538 14.5286 18.6279 14.4621
internal_count=250 174 76 71 47 103 46 83 64
is_linear=0
shrinkage=0.05


Tree=55
num_leaves=9
num_cat=0
split_feature=16 30 19 24 19 0 2 0
split_gain=5.17426 2.90544 2.59133 4.01606 3.78236 0.900691 0.0012487 0.000249761
threshold=0.0051239844252546117 0.0078152197171895716 -0.0083345785689715162 -0.0053380768019015137 -0.028857121564253903 0.0043548068451441111 -0.0031103912108620953 -0.00074303472378239855
decision_type=2 2 2 2 2 2 2 2
left_child=1 -1 3 -2 -5 6 -4 -8
right_child=2 -3 5 4 -6 -7 7 -9
leaf_value=0.043415399459447078 -0.037517504404145599 0.0015520589316879937 -0.037481064018843969 -0.0052285378443980785 0.057639732029224816 -0.0057354900179529354 -0.036573796373855737 -0.035910398364660735
leaf_weight=8.7233031392097491 4.3707570359110841 7.8962877839803687 3.4478298351168624 5.9685216546058646 3.992999181151391 3.1470672637224189 3.1731072589755049 2.5662002936005592
leaf_count=29 32 34 24 36 18 24 27 26
internal_value=0.00162791 0.0235253 -0.0120194 0.00243987 0.0199717 -0.028821 -0.036729 -0.0362772
internal_weight=43.2861 16.6196 26.6665 14.3323 9.96152 12.3342 9.18714 5.73931
internal_count=250 63 187 86 54 101 77 53
is_linear=0
shrinkage=0.05


Tree=56
num_leaves=10
num_cat=0
split_feature=29 21 16 21 29 17 27 21 21
split_gain=6.93379 4.20876 2.75641 2.66873 2.45351 2.4392 2.03448 1.41536 0.00250667
threshold=-0.0033718182032360651 -0.0024933130898751039 0.0041249435184547651 0.00055916833303382163 0.0040863722802544364 -5.9283935079849788e-05 -0.0031445754787510212 0.00020139240034111608 0.0031394862378542059
decision_type=2 2 2 2 2 2 2 2 2
left_child=7 6 -3 4 -4 -5 -2 -1 -9
right_child=1 2 3 5 -6 -7 -8 8 -10
leaf_value=-0.010764044865546649 0.012583127841372131 -0.02968181968219262 0.0037038883187378519 0.018678947423139258 0.041074649699510857 -0.018261277609805962 0.049331281130511606 -0.041942475362789673 -0.040343307481913504
leaf_weight=6.2587741315364864 7.7355400919914246 6.6731513440608969 10.618925660848619 6.4268810153007498 7.4898372292518607 14.667386606335642 7.340274900197981 5.1673631072044355 4.6606370061635971
leaf_count=19 23 19 31 19 25 46 24 22 22
internal_value=-0.000150316 0.0075559 2.40786e-05 0.00508063 0.0191605 -0.00700654 0.0304755 -0.0293488 -0.0411841
internal_weight=77.0388 60.952 45.8762 39.203 18.1088 21.0943 15.0758 16.0868 9.828
internal_count=250 187 140 121 56 65 47 63 44
is_linear=0
shrinkage=0.05


Tree=57
num_leaves=9
num_cat=0
split_feature=29 21 21 28 27 11 33 2
split_gain=7.25701 3.75744 3.03568 2.60785 2.30749 1.54618 0.864007 0.587675
threshold=-0.0028343717650526341 0.0024370343170753155 0.00020139240034111608 -0.02989430534989523 -0.012429725590470784 0.65315850257873553 0.45000000000000007 0.0057430507836524489
decision_type=2 2 2 2 2 2 2 2
left_child=2 3 -1 4 -2 -5 -4 -7
right_child=1 -3 6 5 -6 7 -8 -9
leaf_value=-0.0016044683756570048 0.02007425581821181 0.013385444947865772 0.047691891077720393 -0.0075032939747236337 -0.02322059123376434 -0.028254783717678401 0.022644487696389451 -0.046247845808706653
leaf_weight=7.9525066614151028 6.644281417131424 11.78373873233795 8.0932499319314939 6.8803835064172771 5.733077332377432 11.888912796974184 5.9920454025268546 7.3395536541938773
leaf_count=22 22 34 27 27 19 51 20 28
internal_value=-0.000831017 -0.0113189 0.0230926 -0.0188828 2.04858e-05 -0.0278443 0.0370364 -0.0351228
internal_weight=72.3077 50.2699 22.0378 38.4862 12.3774 26.1088 14.0853 19.2285
internal_count=250 181 69 147 41 106 47 79
is_linear=0
shrinkage=0.05


Tree=58
num_leaves=9
num_cat=0
split_feature=16 2 21 16 26 0 23 16
split_gain=4.79119 3.27421 2.69044 2.72088 1.87493 3.09596 0.671211 0.0115609
threshold=0.0036382114729644872 -0.001752033008534881 -0.0007087950948867493 0.0062068672033916234 1.0000000180025095e-35 0.00015791717509106021 -0.005247562774187752 0.0053910538870768276
decision_type=2 2 2 2 2 2 2 2
left_child=-1 2 -2 -4 5 -3 -6 -8
right_child=1 4 3 -5 6 -7 7 -9
leaf_value=0.055477638059458226 -0.011583094690140648 0.027860180032332933 0.048997211654960925 -0.0029688156304869544 -0.012847179527380653 -0.02812298412117616 -0.040391016510201216 -0.036547776633646202
leaf_weight=3.7742608636617652 6.9403365254402187 4.8915922716259974 6.3870562165975553 4.1591694802045822 3.8731630817055693 4.987610712647438 3.4812894165515891 4.4682569354772568
leaf_count=12 39 25 27 26 28 36 17 40
internal_value=0.00167433 -0.00350749 0.0125931 0.0285031 -0.0164807 -0.000403459 -0.029915 -0.0382308
internal_weight=42.9627 39.1885 17.4866 10.5462 21.7019 9.8792 11.8227 7.94955
internal_count=250 238 92 53 146 61 85 57
is_linear=0
shrinkage=0.05


Tree=59
num_leaves=9
num_cat=0
split_feature=29 21 16 25 21 27 21 21
split_gain=6.47528 3.9391 2.54011 2.56316 2.77771 1.97155 1.39753 0.00257007
threshold=-0.0033718182032360651 -0.0024933130898751039 0.0041249435184547651 0.009093606437767689 0.0024370343170753155 -0.0031445754787510212 0.00020139240034111608 0.0031394862378542059
decision_type=2 2 2 2 2 2 2 2
left_child=6 5 -3 4 -4 -2 -1 -8
right_child=1 2 3 -5 -6 -7 7 -9
leaf_value=-0.010323318073217359 0.0120595142801092 -0.028618586684240079 0.0069833245371167633 0.027875207161284693 -0.027610667390750743 0.048522780560838336 -0.041596733383087031 -0.039948389520674046
leaf_weight=6.2187365591526023 7.6817215085029602 6.6273932456970206 21.599714398384098 9.2308168560266477 7.9340704679489127 7.1647284030914289 5.0133476108312589 4.4761650413274765
leaf_count=19 23 19 65 28 28 24 22 22
internal_value=-0.000155964 0.00729945 -1.28406e-05 0.00487774 -0.00231014 0.0296563 -0.0287462 -0.0408192
internal_weight=75.9467 60.2384 45.392 38.7646 29.5338 14.8464 15.7082 9.48951
internal_count=250 187 140 121 93 47 63 44
is_linear=0
shrinkage=0.05


Tree=60
num_leaves=10
num_cat=0
split_feature=29 25 10 14 21 25 15 31 20
split_gain=6.76245 4.62804 2.3939 4.63663 2.23319 1.98478 1.72228 0.00627589 0.0016468
threshold=0.0027171793287790185 -0.0029433312413856823 -0.0058140995544117844 0.66892361022677072 0.0019773403340929145 -0.010357747805652238 0.0094221180972827168 0.12077637798516346 -0.044341565688476851
decision_type=2 2 2 2 2 2 2 2 2
left_child=1 5 -3 -4 6 -1 7 8 -2
right_child=4 2 3 -5 -6 -7 -8 -9 -10
leaf_value=0.013867030474648545 -0.039688894759194786 0.026271270245845708 -0.034587683046478732 0.010650635591633609 0.0045000752123209222 0.046461073037057377 -0.0075459812848686419 -0.042763289380880774 -0.041106830956224562
leaf_weight=9.7879285067319888 3.8855509907007244 5.7549255192279842 10.340263634920122 12.524800673127173 5.7833582460880271 8.933571979403494 5.4014486968517295 4.4755911827087393 4.3292496055364635
leaf_count=32 20 18 35 39 16 29 22 19 20
internal_value=-0.00085045 0.0100912 -0.00255274 -0.00980748 -0.0225464 0.0294203 -0.0311922 -0.0412569 -0.0404362
internal_weight=71.2167 47.3415 28.62 22.8651 23.8752 18.7215 18.0918 12.6904 8.2148
internal_count=250 153 92 74 97 61 81 59 40
is_linear=0
shrinkage=0.05


Tree=61
num_leaves=9
num_cat=0
split_feature=16 23 2 26 24 19 2 28
split_gain=4.42135 2.74734 2.60403 2.4034 1.31709 1.21044 0.000746828 0.000260744
threshold=0.0051239844252546117 -0.0023865193985180828 -0.0031103912108620953 0.011466940241185332 0.014415285199557594 -0.007256721409300059 0.0026736566736740301 -0.02989430534989523
decision_type=2 2 2 2 2 2 2 2
left_child=1 -1 3 -2 6 -6 -4 -8
right_child=2 -3 4 -5 5 -7 7 -9
leaf_value=0.046043059025789514 -0.017769051685832756 0.0049214295606251207 -0.037319496002241347 0.029890763719207975 0.010137486010589954 -0.036184137383201538 -0.03673364733740743 -0.036074264888612428
leaf_weight=6.8630535900592831 4.941623732447626 9.9509993493556959 2.5191341042518598 5.6922054812312126 3.909196637570858 2.2062732130289069 2.3162478879094115 4.250627465546132
leaf_count=24 33 39 20 31 21 21 19 42
internal_value=0.00175073 0.0217062 -0.0112366 0.00774287 -0.0245133 -0.00657393 -0.0365876 -0.0363068
internal_weight=42.6494 16.8141 25.8353 10.6338 15.2015 6.11547 9.08601 6.56688
internal_count=250 63 187 64 123 42 81 61
is_linear=0
shrinkage=0.05


Tree=62
num_leaves=8
num_cat=0
split_feature=29 21 16 25 33 27 20
split_gain=5.9312 3.67593 2.31309 2.39925 2.6384 1.89152 1.36662
threshold=-0.0033718182032360651 -0.0024933130898751039 0.0041249435184547651 0.009093606437767689 0.55500000000000016 -0.0031445754787510212 0.078246208741906256
decision_type=2 2 2 2 2 2 2
left_child=6 5 -3 4 -4 -2 -1
right_child=1 2 3 -5 -6 -7 -8
leaf_value=-0.042881799129664992 0.01155607227467682 -0.027514995711516763 -0.010346703530266991 0.026892686912169395 0.025992697163950387 0.047596297136618379 -0.012947986745177895
leaf_weight=7.6760783642530424 7.637604683637619 6.5872875750064841 22.924009948968891 9.1559563130140287 6.3864019513130179 6.9566611498594266 7.5764838308095932
leaf_count=33 23 19 74 28 19 24 30
internal_value=-0.000188267 0.0069267 -0.000137814 0.00455047 -0.00242877 0.0287354 -0.0280126
internal_weight=74.9005 59.6479 45.0537 38.4664 29.3104 14.5943 15.2526
internal_count=250 187 140 121 93 47 63
is_linear=0
shrinkage=0.05


Tree=63
num_leaves=10
num_cat=0
split_feature=19 25 1 21 3 31 23 17 29
split_gain=6.28817 4.95882 4.18441 3.29471 2.84631 2.20951 1.68953 0.569233 0.0966301
threshold=-0.0051572431413661737 -0.0004555242770711842 0.010303518108427003 0.0019773403340929145 0.014390744307229532 0.064675727492185475 0.0018205661624105531 -0.00010785111274860266 0.003175188418431341
decision_type=2 2 2 2 2 2 2 2 2
left_child=2 6 3 7 5 -3 -2 -1 -9
right_child=1 4 -4 -5 -6 -7 -8 8 -10
leaf_value=-0.023893154526897383 0.01579440452448937 -0.010076975087954585 0.016489062233191135 0.00035826880105870967 -0.026921827678777651 0.031301419223257659 0.047508158275585487 -0.048880389778222261 -0.040141815202376016
leaf_weight=4.7128542959690138 7.7032014429569271 6.2925320118665713 7.2395881563425055 7.805519461631774 7.9286577552556983 6.6205229908227921 9.2335265129804593 5.9570907354354858 6.746006578207016
leaf_count=20 25 21 24 22 26 23 32 22 35
internal_value=-0.000878607 0.012989 -0.0170178 -0.0266357 -0.00334099 0.0111377 0.033084 -0.0387338 -0.0442398
internal_weight=70.2395 37.7784 32.4611 25.2215 20.8417 12.9131 16.9367 17.416 12.7031
internal_count=250 127 123 99 70 44 57 77 57
is_linear=0
shrinkage=0.05


Tree=64
num_leaves=10
num_cat=0
split_feature=16 17 32 8 19 20 17 2 3
split_gain=4.09461 3.32215 3.27443 3.16598 2.25777 3.40352 1.80961 0.000678404 0.000148713
threshold=0.0060959300155449545 0.00016507400828575031 -0.040380138225051841 -0.00023204172853239559 -0.0083345785689715162 -0.03655062635746447 -3.2894388887149087e-05 -0.001752033008534881 0.017126840454944395
decision_type=2 2 2 2 2 2 2 2 2
left_child=1 2 6 -4 5 -2 -1 -6 -9
right_child=4 -3 3 -5 7 -7 -8 8 -10
leaf_value=0.021353629177974509 -0.037112772423090044 -0.021743034721376429 0.029049028486447588 -0.02887648645727732 -0.036982704059009532 0.021999169107948569 0.06455144127039647 -0.035756958607906737 -0.036289120823078273
leaf_weight=4.4527396857738495 3.9577034115791321 4.8559422791004172 5.4009897261858013 4.1880126520991281 2.548415258526803 6.3296197429299372 5.3221467062830978 2.9869011864066106 2.3423005566000938
leaf_count=21 31 24 22 24 20 34 20 32 22
internal_value=0.00177717 0.0152359 0.0245092 0.00374996 -0.0161677 -0.000742173 0.0448736 -0.0363117 -0.0359909
internal_weight=42.3848 24.2198 19.3639 9.589 18.1649 10.2873 9.77489 7.87762 5.3292
internal_count=250 111 87 46 139 65 41 74 54
is_linear=0
shrinkage=0.05


Tree=65
num_leaves=9
num_cat=0
split_feature=21 28 26 4 3 3 19 33
split_gain=5.52193 4.18157 2.87224 2.12288 1.93693 2.53731 2.53694 0.675547
threshold=0.00040767674802122405 -0.033802441634774187 0.030394714914133595 0.0054071650160523064 -0.0098099309554984231 1.0000000180025095e-35 -0.020483140892346704 0.095000000000000015
decision_type=2 2 2 2 2 2 2 2
left_child=1 -1 3 7 -3 -6 -7 -2
right_child=2 4 -4 -5 5 6 -8 -9
leaf_value=-0.014372544624294666 -0.021555014033062994 -0.0043433539117229587 0.011647382274391035 -0.0052152985667053287 0.054185995318542894 0.045245029122223862 0.0057677765608468538 -0.044047533182226907
leaf_weight=11.662554353475569 5.0733113139867845 6.2481567412614849 6.9864990711212149 8.6729166358709318 6.3257258534431484 5.8319238573312822 13.467629298567767 9.7610583007335645
leaf_count=34 19 20 22 32 20 21 43 39
internal_value=-0.000183875 0.0112447 -0.0165005 -0.0248662 0.0206182 0.0267045 0.017697 -0.0363552
internal_weight=74.0298 43.536 30.4938 23.5073 31.8734 25.6253 19.2996 14.8344
internal_count=250 138 112 90 104 84 64 58
is_linear=0
shrinkage=0.05


Tree=66
num_leaves=10
num_cat=0
split_feature=29 25 10 14 21 25 15 31 34
split_gain=5.87962 4.04112 2.16074 4.62883 2.04778 1.87223 1.7227 0.0056363 0.00142779
threshold=0.0027171793287790185 -0.0029433312413856823 -0.0057084992006671883 0.66892361022677072 0.0019773403340929145 -0.010357747805652238 0.0094221180972827168 0.12077637798516346 1.0007204114045025
decision_type=2 2 2 2 2 2 2 2 2
left_child=1 5 -3 -4 6 -1 7 8 -2
right_child=4 2 3 -5 -6 -7 -8 -9 -10
leaf_value=0.012494845549347093 -0.039179640084684254 0.023228866754378141 -0.036319843230078579 0.010176046886064962 0.0042781203936566254 0.044710969758373603 -0.0063225856210732713 -0.042126704452345787 -0.040540486158179956
leaf_weight=9.4899146556854266 3.8416432142257744 6.3288627266883877 9.4406094104051608 12.362097561359404 5.7400252521038047 8.5935006737709028 5.250603809952735 4.2707139551639557 3.8683158978819847
leaf_count=32 21 20 33 39 16 29 22 19 19
internal_value=-0.000912936 0.00936335 -0.00249086 -0.00995675 -0.0215874 0.0278044 -0.0302036 -0.0406696 -0.0398624
internal_weight=69.1863 46.215 28.1316 21.8027 22.9713 18.0834 17.2313 11.9807 7.70996
internal_count=250 153 92 72 97 61 81 59 40
is_linear=0
shrinkage=0.05


Tree=67
num_leaves=10
num_cat=0
split_feature=16 2 26 22 26 0 21 24 16
split_gain=3.9266 2.83937 2.46153 2.5553 1.81565 2.76449 0.696138 0.649444 0.0116533
threshold=0.0036382114729644872 -0.001752033008534881 0.0037789125592970767 0.00040541346671985062 1.0000000180025095e-35 0.00015791717509106021 -0.0007087950948867493 0.0075020596339622223 0.0053910538870768276
decision_type=2 2 2 2 2 2 2 2 2
left_child=-1 2 7 -4 5 -3 -6 -2 -8
right_child=1 4 3 -5 6 -7 8 -9 -10
leaf_value=0.049717792834924363 -0.026668465158058069 0.026597280327668095 0.00011993458487344072 0.049316028855205009 -0.012056349254912087 -0.027218625294603133 -0.040481087091385815 0.0040761562708782548 -0.036481080782119722
leaf_weight=3.8827707022428504 3.4960244074463871 4.9002405777573603 4.8617031499743444 5.7746162191033363 3.8281051144003859 4.6516317129135132 3.4676394015550605 3.3767836317420006 3.8340122550725937
leaf_count=12 20 25 27 25 33 36 17 20 35
internal_value=0.00181264 -0.00305777 0.0117593 0.0268292 -0.0156019 0.000389667 -0.0293264 -0.0115629 -0.0383807
internal_weight=42.0735 38.1908 17.5091 10.6363 20.6816 9.55187 11.1298 6.87281 7.30165
internal_count=250 238 92 52 146 61 85 40 52
is_linear=0
shrinkage=0.05


Tree=68
num_leaves=9
num_cat=0
split_feature=29 21 16 25 33 27 21 21
split_gain=5.29289 3.19841 2.07928 2.14261 2.41264 1.86882 1.33982 0.00180233
threshold=-0.0033718182032360651 -0.0024933130898751039 0.0041249435184547651 0.009093606437767689 0.55500000000000016 -0.0031445754787510212 0.00020139240034111608 0.0031394862378542059
decision_type=2 2 2 2 2 2 2 2
left_child=6 5 -3 4 -4 -2 -1 -8
right_child=1 2 3 -5 -6 -7 7 -9
leaf_value=-0.0091479351796438461 0.010099935238968049 -0.026173486884374632 -0.0099052042041214827 0.025726082597904681 0.025102684521531526 0.046464348610308161 -0.040482447420314746 -0.039028453222800831
leaf_weight=6.110110104084014 7.501542866230011 6.502854347229003 22.441358044743541 9.0014446973800641 6.3040615022182456 6.6785826385021192 4.5443946272134763 4.0137777775526047
leaf_count=19 23 19 74 28 19 24 22 22
internal_value=-0.00017923 0.00656194 -6.02903e-05 0.00443837 -0.00222774 0.0272269 -0.0270321 -0.0398005
internal_weight=73.0981 58.4298 44.2497 37.7469 28.7454 14.1801 14.6683 8.55817
internal_count=250 187 140 121 93 47 63 44
is_linear=0
shrinkage=0.05


Tree=69
num_leaves=9
num_cat=0
split_feature=21 29 33 1 23 16 5 21
split_gain=5.50936 4.78989 2.36304 2.33913 2.14591 1.65894 0.228339 0.0152424
threshold=0.0019773403340929145 0.0010558219587901709 0.26500000000000007 0.010303518108427003 -0.0025970891986756279 0.005698810377576218 0.0070755861745259848 0.00020139240034111608
decision_type=2 2 2 2 2 2 2 2
left_child=1 4 -2 6 -1 -6 7 -3
right_child=2 3 -4 -5 5 -7 -8 -9
leaf_value=0.022517966888835058 0.03450309579268316 -0.039317569593796738 0.0026307569446509752 0.00059052495587387293 0.0082656003383308023 -0.026789859136424267 -0.026090010530226831 -0.042961920363911596
leaf_weight=9.727818042039873 11.818408519029619 8.5298265591263824 11.449278607964514 5.3629977703094474 7.1568390727043134 6.386551097035408 3.4704523831605902 4.3233823627233496
leaf_count=30 39 47 37 20 21 20 18 18
internal_value=-0.00093054 -0.0111522 0.0188197 -0.0280583 0.00460275 -0.00826523 -0.0374706 -0.0405434
internal_weight=68.2256 44.9579 23.2677 21.6867 23.2712 13.5434 16.3237 12.8532
internal_count=250 174 76 103 71 41 83 65
is_linear=0
shrinkage=0.05


Tree=70
num_leaves=10
num_cat=0
split_feature=16 17 32 8 19 20 0 2 3
split_gain=3.71633 3.00445 2.8695 2.79623 2.17155 3.15104 1.96495 0.000815512 0.000157303
threshold=0.0060959300155449545 0.00016507400828575031 -0.040380138225051841 -0.00023204172853239559 -0.0083345785689715162 -0.03655062635746447 -0.0010468497590704893 -0.0022637450670859867 0.017126840454944395
decision_type=2 2 2 2 2 2 2 2 2
left_child=1 2 6 -4 5 -2 -1 -6 -9
right_child=4 -3 3 -5 7 -7 -8 8 -10
leaf_value=0.06785111587070819 -0.03691440372602544 -0.021188479357350003 0.026726313545054971 -0.028195204224481313 -0.036931599003778043 0.020705193316105149 0.022896761294512371 -0.035563095351849941 -0.036124822916027519
leaf_weight=4.2318462356925011 3.7673621475696564 4.7280929014086714 5.5064887255430248 4.0018068403005556 2.3716107457876214 6.4097595289349574 5.711534392088657 2.8561330586671811 2.2111762054264545
leaf_count=16 31 24 22 24 19 34 25 33 22
internal_value=0.00183447 0.0145604 0.0232498 0.0036112 -0.0156331 -0.000624402 0.0420291 -0.0361664 -0.0358082
internal_weight=41.7958 24.1798 19.4517 9.5083 17.616 10.1771 9.94338 7.43892 5.06731
internal_count=250 111 87 46 139 65 41 74 55
is_linear=0
shrinkage=0.05


Tree=71
num_leaves=8
num_cat=0
split_feature=29 5 33 21 16 16 20
split_gain=4.9217 3.0852 3.99796 4.1598 3.21855 1.72925 1.35919
threshold=-0.0033718182032360651 0.007841615147674957 0.29500000000000004 0.0019773403340929145 0.0052528199334752378 0.0082506752058744137 0.078246208741906256
decision_type=2 2 2 2 2 2 2
left_child=6 2 3 4 -2 -4 -1
right_child=1 -3 5 -5 -6 -7 -8
leaf_value=-0.042018656008202933 -0.015590592079831973 -0.024516518337851859 0.016987233514016476 -0.032371232866308386 0.023347169838426256 0.047806091584241858 -0.011201566279227342
leaf_weight=7.075714558362959 8.0848260223865562 7.119285136461257 12.327043339610102 7.69889211654663 15.446847558021544 7.2160231471061698 7.2380037307739258
leaf_count=33 24 20 38 29 51 25 30
internal_value=-0.000182622 0.00630824 0.0106304 -0.000468441 0.00996924 0.0283667 -0.0264354
internal_weight=72.2066 57.8929 50.7736 31.2306 23.5317 19.5431 14.3137
internal_count=250 187 167 104 75 63 63
is_linear=0
shrinkage=0.05


Tree=72
num_leaves=10
num_cat=0
split_feature=19 25 1 22 21 21 23 26 21
split_gain=5.11293 4.29733 4.25882 3.06201 2.61164 2.17995 1.55716 0.767935 0.127916
threshold=-0.0051572431413661737 0.0097353269351553324 0.011736300079828956 0.0012587613250992782 0.0029554208860244073 1.0000000180025095e-35 -0.0016483650779388068 -0.0055541117665411357 0.00075599596308284511
decision_type=2 2 2 2 2 2 2 2 2
left_child=2 3 4 5 6 -2 -1 -5 -8
right_child=1 -3 -4 7 -6 -7 8 -9 -10
leaf_value=-0.016630207638887864 -0.012497876289881986 -0.022038384614724019 0.025505561701436575 0.048178536996071365 0.0039739510372409142 0.026204927352986129 -0.040891864391380317 0.024746988058360498 -0.051730956824835174
leaf_weight=8.1835754737258029 8.2272794246673602 7.4663936644792548 5.1661672443151465 7.4869482517242432 6.2170142829418173 6.5229452997446051 6.7481234297156334 6.5610176175832731 4.5621279627084732
leaf_count=38 29 26 17 27 18 23 35 22 15
internal_value=-0.000967074 0.0117646 -0.0159202 0.0205286 -0.0242441 0.00461754 -0.0332434 0.037235 -0.0452639
internal_weight=67.1416 36.2646 30.877 28.7982 25.7108 14.7502 19.4938 14.048 11.3103
internal_count=250 127 123 101 106 52 88 49 50
is_linear=0
shrinkage=0.05


Tree=73
num_leaves=8
num_cat=0
split_feature=16 1 19 3 24 32 26
split_gain=3.45568 2.68041 2.29772 2.29132 2.04713 1.84819 0.00286439
threshold=0.0047034325202266877 0.0053073651201122072 0.042707148571172311 -0.013136908356180975 0.021191909653514366 -0.040380138225051841 0.016935039538954481
decision_type=2 2 2 2 2 2 2
left_child=1 -1 3 -2 5 -5 -4
right_child=2 -3 6 4 -6 -7 -8
leaf_value=0.043256870528700087 0.0297094000037324 -0.0023363781394324821 -0.03604863955827816 -0.001355473954905904 0.023451695244712158 -0.037462145360108959 -0.038375173673867391
leaf_weight=7.3137306869029981 4.8143856450915363 5.7642308175563812 3.240113988518714 7.7890918776392981 3.8126217648386946 6.5031647421419629 2.2359395027160645
leaf_count=24 22 24 33 58 22 50 17
internal_value=0.00189423 0.0231612 -0.00790066 -0.000948349 -0.00910075 -0.0177845 -0.0369986
internal_weight=41.4733 13.078 28.3953 22.9193 18.1049 14.2923 5.47605
internal_count=250 48 202 152 130 108 50
is_linear=0
shrinkage=0.05


Tree=74
num_leaves=9
num_cat=0
split_feature=29 21 27 16 25 28 21 21
split_gain=4.60296 2.88868 1.84833 1.8258 1.98289 2.30208 1.6819 0.00554237
threshold=-0.0033718182032360651 -0.0024933130898751039 -0.0031445754787510212 0.0041249435184547651 0.009093606437767689 0.0219700531521595 -1.0000000180025095e-35 0.0025336981609509483
decision_type=2 2 2 2 2 2 2 2
left_child=6 2 -2 -3 5 -5 -1 -8
right_child=1 3 -4 4 -6 -7 7 -9
leaf_value=-0.0041130277022868337 0.0089709680526842417 -0.024854599295301937 0.045696920604051131 -0.011522161279296348 0.024760872800951086 0.020014095965299808 -0.040997832441672842 -0.038452172183296093
leaf_weight=5.4398066997528085 7.3634838610887527 6.4131458401679984 6.4065563976764661 20.058859169483188 8.8020154982805234 8.1331617534160596 4.0397799909114802 4.5421656966209412
leaf_count=17 23 19 24 66 28 27 19 27
internal_value=-0.000191422 0.00610424 0.0260578 -0.000225634 0.00404395 -0.00242422 -0.0258636 -0.0396505
internal_weight=71.199 57.1772 13.77 43.4072 36.994 28.192 14.0218 8.58195
internal_count=250 187 47 140 121 93 63 46
is_linear=0
shrinkage=0.05


Tree=75
num_leaves=10
num_cat=0
split_feature=29 25 10 10 25 21 15 31 20
split_gain=4.73323 3.45172 2.0234 4.24762 1.83124 1.75789 1.72941 0.00376165 0.000993256
threshold=0.0027171793287790185 -0.0029433312413856823 -0.0057084992006671883 0.0062209597856867369 -0.010357747805652238 0.0019773403340929145 0.0094221180972827168 0.12077637798516346 -0.044341565688476851
decision_type=2 2 2 2 2 2 2 2 2
left_child=1 4 -3 -4 -1 6 7 8 -2
right_child=5 2 3 -5 -6 -7 -8 -9 -10
leaf_value=0.010410225369634419 -0.038477184999347804 0.022467976554423685 -0.033411617602911239 0.01144534128625653 0.04310011438775993 0.0037753679444550142 -0.0043436679420351875 -0.04104191057798956 -0.039668257470723806
leaf_weight=9.041427284479143 3.3004456236958504 6.179595127701762 10.135897979140283 11.01016019284725 8.1420241743326169 5.6562756597995749 5.0138141959905616 3.9208871200680733 3.7268232405185717
leaf_count=32 20 20 37 35 29 16 22 19 20
internal_value=-0.000981836 0.00834092 -0.00270071 -0.0100559 0.0258997 -0.0201761 -0.0286636 -0.0398011 -0.0391089
internal_weight=66.1274 44.5091 27.3257 21.1461 17.1835 21.6182 15.962 10.9482 7.02727
internal_count=250 153 92 72 61 97 81 59 40
is_linear=0
shrinkage=0.05


Tree=76
num_leaves=10
num_cat=0
split_feature=16 2 26 22 26 0 21 20 16
split_gain=3.22541 2.50055 2.14475 2.20287 1.68271 2.4355 0.717156 0.402284 0.00958987
threshold=0.0036382114729644872 -0.001752033008534881 0.0037789125592970767 0.00040541346671985062 1.0000000180025095e-35 0.00015791717509106021 -0.0007087950948867493 0.0080559888906920358 0.0053910538870768276
decision_type=2 2 2 2 2 2 2 2 2
left_child=-1 2 7 -4 5 -3 -6 -2 -8
right_child=1 4 3 -5 6 -7 8 -9 -10
leaf_value=0.044824372554798694 0.0001484338423063201 0.024724198167594053 -7.2224880233103154e-05 0.045426680809055577 -0.010547663316474056 -0.026471257591829118 -0.040022952455465159 -0.02446851546296025 -0.036281261455738553
leaf_weight=3.954808995127677 3.6340981572866466 4.9330458045005816 4.833841033279894 5.9162297993898392 3.6078470498323432 4.3908198401331902 3.307966820895671 3.0545276254415512 3.5503825098276138
leaf_count=12 21 25 27 25 33 36 17 19 35
internal_value=0.00189277 -0.00266786 0.0111365 0.0249678 -0.014832 0.000615097 -0.0285931 -0.0110935 -0.038086
internal_weight=41.1836 37.2288 17.4387 10.7501 19.7901 9.32387 10.4662 6.68863 6.85835
internal_count=250 238 92 52 146 61 85 40 52
is_linear=0
shrinkage=0.05


Tree=77
num_leaves=10
num_cat=0
split_feature=21 28 25 27 23 2 24 32 16
split_gain=4.29066 3.16252 2.98033 1.85781 1.95457 1.50012 1.46619 1.14201 0.327283
threshold=0.00030882381942320963 -0.033802441634774187 0.009093606437767689 -0.012429725590470784 -0.0057079269505725385 -0.0022637450670859867 -0.0053380768019015137 -0.009660767795946457 0.0073589553704153524
decision_type=2 2 2 2 2 2 2 2 2
left_child=1 -1 6 -3 -5 -6 -2 8 -8
right_child=2 3 -4 4 5 -7 7 -9 -10
leaf_value=-0.012630938486992323 -0.0022807060537571172 0.041411364831444926 0.018584735654716571 -0.013514096034304764 0.0025518205847116174 0.033115707450374988 -0.048268345537926076 -0.015252751951324098 -0.029757287422412099
leaf_weight=10.756047934293745 6.8980395197868409 7.0620407611131695 5.588725119829177 5.620273336768153 6.7988174706697526 9.8036769628524727 5.8772828429937416 7.8959648683667139 4.0217783004045486
leaf_count=32 24 24 18 20 23 33 22 35 19
internal_value=-0.000185213 0.0105553 -0.0143871 0.0190714 0.0119721 0.0205996 -0.0218495 -0.0294351 -0.0407477
internal_weight=70.3226 40.0409 30.2818 29.2848 22.2228 16.6025 24.6931 17.795 9.89906
internal_count=250 132 118 100 76 56 100 76 41
is_linear=0
shrinkage=0.05


Tree=78
num_leaves=10
num_cat=0
split_feature=19 1 25 22 21 21 23 26 21
split_gain=4.48107 3.91195 3.84225 2.87813 2.38793 1.95519 1.57225 0.726266 0.117803
threshold=-0.0051572431413661737 0.011736300079828956 0.0097353269351553324 0.0012587613250992782 0.0029554208860244073 -1.0000000180025095e-35 -0.0016483650779388068 -0.0055541117665411357 0.00075599596308284511
decision_type=2 2 2 2 2 2 2 2 2
left_child=1 4 3 5 6 -2 -1 -5 -8
right_child=2 -3 -4 7 -6 -7 8 -9 -10
leaf_value=-0.015366388469655469 -0.01907755373652413 0.024458470078804008 -0.021142315000798686 0.047057222117488279 0.0035257154193288503 0.018677917794632223 -0.040383166129250907 0.023857405538278136 -0.051003613146553828
leaf_weight=7.8822838589549145 5.6132580935955039 5.1485943645238867 7.3311347365379325 7.1342093646526337 6.1750616133213034 8.8121493011713046 6.3613393306732178 6.3992640078067762 4.4288347959518433
leaf_count=38 21 17 26 27 18 31 35 22 15
internal_value=-0.00100033 -0.0152087 0.0110766 0.0195248 -0.023428 0.00398639 -0.0323417 0.0360873 -0.0447423
internal_weight=65.2861 29.9961 35.29 27.9589 24.8475 14.4254 18.6725 13.5335 10.7902
internal_count=250 123 127 101 106 52 88 49 50
is_linear=0
shrinkage=0.05


Tree=79
num_leaves=10
num_cat=0
split_feature=16 17 32 8 19 20 0 2 3
split_gain=3.15774 2.6617 2.45695 2.37702 2.05023 2.90302 1.58176 0.000696618 0.000133773
threshold=0.0060959300155449545 0.00016507400828575031 -0.040380138225051841 -0.00023204172853239559 -0.0083345785689715162 -0.03655062635746447 -0.0010468497590704893 -0.001752033008534881 0.017126840454944395
decision_type=2 2 2 2 2 2 2 2 2
left_child=1 2 6 -4 5 -2 -1 -6 -9
right_child=4 -3 3 -5 7 -7 -8 8 -10
leaf_value=0.061277908673110386 -0.036700389653480152 -0.020758098352522403 0.023824632874684951 -0.027385192294033009 -0.036643420907641111 0.019634920638889466 0.021359000578546013 -0.035325895939791845 -0.035872717666680543
leaf_weight=4.3839828222990036 3.5425363481044769 4.5907845720648757 5.6216548383235958 3.7962779179215387 2.2726445496082315 6.4512565396726149 5.7185513675212913 2.5007732100784761 2.0233996398746967
leaf_count=16 31 24 22 24 20 34 25 32 22
internal_value=0.00190488 0.0134983 0.0215546 0.00318245 -0.0147432 -0.000334463 0.0386818 -0.0359292 -0.0355705
internal_weight=40.9019 24.1113 19.5205 9.41793 16.7906 9.99379 10.1025 6.79682 4.52417
internal_count=250 111 87 46 139 65 41 74 54
is_linear=0
shrinkage=0.05


Tree=80
num_leaves=9
num_cat=0
split_feature=29 5 33 21 16 21 16 21
split_gain=4.15782 2.82585 3.54157 3.5187 2.75966 1.75827 1.60844 0.00659083
threshold=-0.0033718182032360651 0.007841615147674957 0.29500000000000004 0.0019773403340929145 0.0052528199334752378 -0.00030387879530863188 0.0082506752058744137 0.0024370343170753155
decision_type=2 2 2 2 2 2 2 2
left_child=5 2 3 4 -2 -1 -4 -7
right_child=1 -3 6 -5 -6 7 -8 -9
leaf_value=-0.0021553884214825961 -0.014827816852125628 -0.023753579954210697 0.01606675113581001 -0.030838806462045239 0.021716058201792347 -0.04084499426388296 0.046414412100134347 -0.038025037991379136
leaf_weight=5.1402894258499137 7.9016095101833406 7.0682824403047553 12.119451761245729 7.2887530475854865 14.922789141535757 3.9202165156602842 6.824768364429473 4.3949965834617615
leaf_count=16 24 20 38 29 51 19 25 28
internal_value=-0.000181163 0.00580332 0.0100619 -0.000593625 0.00906488 -0.0251437 0.0269997 -0.0393545
internal_weight=69.5812 56.1257 49.0574 30.1132 22.8244 13.4555 18.9442 8.31521
internal_count=250 187 167 104 75 63 63 47
is_linear=0
shrinkage=0.05


Tree=81
num_leaves=10
num_cat=0
split_feature=29 25 10 10 25 21 15 31 16
split_gain=4.17974 2.98076 1.88344 3.90478 1.7783 1.61273 1.6693 0.00324099 0.000641779
threshold=0.0027171793287790185 -0.0029433312413856823 -0.0057084992006671883 0.0062209597856867369 -0.010357747805652238 0.0019773403340929145 0.0094221180972827168 0.12077637798516346 0.0060532435297047027
decision_type=2 2 2 2 2 2 2 2 2
left_child=1 4 -3 -4 -1 6 7 8 -2
right_child=5 2 3 -5 -6 -7 -8 -9 -10
leaf_value=0.0090393886941934846 -0.03910808625377854 0.021853164347150913 -0.032510883851854959 0.010988608865332698 0.041861775885328509 0.0034937757063234695 -0.0039053527319616735 -0.040492380942139868 -0.038119486743728094
leaf_weight=8.7703564912080783 3.5131173133850115 6.127652749419215 9.8411930128932017 10.843529611825941 7.7940713167190543 5.6028930544853202 4.9161828085780135 3.7165842354297638 3.0817582234740257
leaf_count=32 20 20 37 35 29 16 22 19 20
internal_value=-0.0010328 0.00780764 -0.00249444 -0.00970719 0.0244833 -0.0194418 -0.0278808 -0.0393116 -0.0386461
internal_weight=64.2073 43.3768 26.8124 20.6847 16.5644 20.8305 15.2276 10.3115 6.59488
internal_count=250 153 92 72 61 97 81 59 40
is_linear=0
shrinkage=0.05


Tree=82
num_leaves=11
num_cat=0
split_feature=16 17 32 8 19 19 17 7 2 3
split_gain=2.9026 2.44182 2.19669 2.21067 1.99329 2.77572 1.49416 0.905559 0.000615246 0.000117986
threshold=0.0060959300155449545 0.00016507400828575031 -0.040380138225051841 -0.00023204172853239559 -0.0083345785689715162 -0.028857121564253903 -3.2894388887149087e-05 0.70379113554954542 -0.001752033008534881 0.017126840454944395
decision_type=2 2 2 2 2 2 2 2 2 2
left_child=1 2 6 -4 5 7 -1 -2 -6 -10
right_child=4 -3 3 -5 8 -7 -8 -9 9 -11
leaf_value=0.015586050858083615 -0.037644171988724585 -0.020196862449254296 0.022747060001056356 -0.02687998827248371 -0.036486305146012227 0.032611593892105474 0.053947848216991584 0.0018556477961556258 -0.035219963718452263 -0.035745303911792349
leaf_weight=4.6328338049352169 3.5538558289408684 4.5110881924629203 5.6748545914888409 3.7117721214890436 2.1762885600328454 3.9105547815561312 5.6142792776227051 2.4522007219493389 2.384437292814253 1.9370130300521848
leaf_count=21 28 24 22 24 20 20 20 17 32 22
internal_value=0.00194689 0.0129754 0.0205972 0.00312294 -0.0142757 -0.000171643 0.0366041 -0.0215169 -0.0358007 -0.0354554
internal_weight=40.5592 24.1448 19.6337 9.38663 16.4144 9.91661 10.2471 6.00606 6.49774 4.32145
internal_count=250 111 87 46 139 65 41 45 74 54
is_linear=0
shrinkage=0.05


Tree=83
num_leaves=9
num_cat=0
split_feature=29 5 33 26 21 21 16 21
split_gain=3.87532 2.60878 3.30831 3.44454 3.14541 1.6739 1.55392 0.00558894
threshold=-0.0033718182032360651 0.007841615147674957 0.29500000000000004 0.032064421348831147 0.0019773403340929145 -0.00030387879530863188 0.0082506752058744137 0.0024370343170753155
decision_type=2 2 2 2 2 2 2 2
left_child=5 2 3 4 -2 -1 -4 -7
right_child=1 -3 6 -5 -6 7 -8 -9
leaf_value=-0.0024200223162072288 0.0009136314306303823 -0.022811077738389959 0.015503331874430341 0.031787352924249578 -0.041746796045804557 -0.040414746536933763 0.045607346329683454 -0.03776043746377522
leaf_weight=5.1456738710403442 17.569950684905059 7.0573146343231192 12.072479546070101 6.4193801432847968 5.7299481332302085 3.7619656324386579 6.6467677056789389 4.194333091378212
leaf_count=16 58 20 38 21 25 19 25 28
internal_value=-0.000184418 0.00558998 0.00972791 -0.000642661 -0.00957749 -0.024643 0.0261926 -0.0390155
internal_weight=68.5978 55.4958 48.4385 29.7193 23.2999 13.102 18.7192 7.9563
internal_count=250 187 167 104 83 63 63 47
is_linear=0
shrinkage=0.05


Tree=84
num_leaves=9
num_cat=0
split_feature=19 25 1 23 22 21 28 29
split_gain=3.8942 3.45422 3.43984 2.75512 2.99912 2.1283 1.03276 0.0537809
threshold=-0.0051572431413661737 0.0097353269351553324 0.011736300079828956 0.0042449080137474402 0.0036277120853195348 0.0019773403340929145 -0.033081101643172232 0.0029789611772291784
decision_type=2 2 2 2 2 2 2 2
left_child=2 3 5 4 -2 6 -1 -8
right_child=1 -3 -4 -5 -6 -7 7 -9
leaf_value=-0.012293451941663411 -0.0098732858103043469 -0.020462808149640271 0.022567333226505185 0.039651949938898867 0.033255660506873903 -0.0018878094591938612 -0.045315044532948309 -0.038322083153714159
leaf_weight=4.2609939128160503 10.646387115120893 7.1777143329381934 5.1401037722825995 9.8401567786931974 6.486829161643981 8.2090920805931074 4.5958773940801638 6.8435569703578949
leaf_count=17 39 26 17 39 23 24 20 45
internal_value=-0.00108367 0.0103632 -0.0145407 0.0185661 0.00645582 -0.0225183 -0.0333051 -0.0411316
internal_weight=63.2007 34.1511 29.0496 26.9734 17.1332 23.9095 15.7004 11.4394
internal_count=250 127 123 101 62 106 82 65
is_linear=0
shrinkage=0.05


Tree=85
num_leaves=8
num_cat=0
split_feature=16 2 21 6 10 26 31
split_gain=2.84626 2.22352 1.94278 1.58612 1.90542 1.27373 0.217089
threshold=0.0036382114729644872 -0.001752033008534881 -0.0007087950948867493 1.1006359499141141 0.014430277153271788 0.011466940241185332 0.16630601200190795
decision_type=2 2 2 2 2 2 2
left_child=-1 2 -2 4 6 -4 -3
right_child=1 3 5 -5 -6 -7 -8
leaf_value=0.042252570567383546 -0.01098710314133412 -0.037304181811974001 0.0054394016446166829 0.0072604420252009253 0.014434120025597031 0.039813005159190208 -0.019828366714582737
leaf_weight=3.9601399153470984 6.531854689121249 8.1682075969874877 5.1151028648018819 5.9029116742312899 2.5866584442555896 5.6963300183415413 2.2711752690374842
leaf_count=12 39 72 29 38 18 24 18
internal_value=0.00200393 -0.00239034 0.0105427 -0.01424 -0.0239832 0.0235502 -0.0335022
internal_weight=40.2324 36.2722 17.3433 18.929 13.026 10.8114 10.4394
internal_count=250 238 92 146 108 53 90
is_linear=0
shrinkage=0.05


Tree=86
num_leaves=9
num_cat=0
split_feature=29 21 27 21 16 28 24 21
split_gain=3.62017 2.44209 1.89278 1.63423 1.52532 1.70297 2.33149 0.00453584
threshold=-0.0033718182032360651 -0.0024933130898751039 -0.0031445754787510212 -0.00030387879530863188 0.0041249435184547651 0.0219700531521595 0.011836860373625082 0.0024370343170753155
decision_type=2 2 2 2 2 2 2 2
left_child=3 2 -2 -1 -3 6 -6 -5
right_child=1 4 -4 7 5 -7 -8 -9
leaf_value=-0.0022785990725785244 0.0066889092739086491 -0.023255838232221403 0.044839555482970313 -0.040026790631428173 0.0064718302677774179 0.021862869365871285 -0.026449340695825947 -0.037590777420997326
leaf_weight=5.12868931889534 7.0615833103656769 6.2595736384391776 6.0250880569219571 3.6155043914914113 18.66086266934872 9.3249767422676069 7.5555098950862876 4.0530785396695137
leaf_count=16 23 19 24 19 63 33 25 28
internal_value=-0.000179276 0.00540427 0.0242534 -0.0241271 -0.00049686 0.00351147 -0.00301599 -0.0387393
internal_weight=67.6849 54.8876 13.0867 12.7973 41.8009 35.5413 26.2164 7.66858
internal_count=250 187 47 63 140 121 88 47
is_linear=0
shrinkage=0.05


Tree=87
num_leaves=10
num_cat=0
split_feature=21 29 27 31 26 27 25 8 28
split_gain=3.7011 3.6552 2.41059 3.00491 2.18782 1.69725 1.53684 0.0142623 0.00282715
threshold=0.0015291427556902717 0.00066787763764009089 0.0056873440761435754 0.012534581282681626 0.0074195819369486946 0.0014385872062956386 0.010820773144827657 0.0054304935297643138 -0.017113539039669608
decision_type=2 2 2 2 2 2 2 2 2
left_child=1 2 3 -1 5 -2 7 8 -3
right_child=4 6 -4 -5 -6 -7 -8 -9 -10
leaf_value=-0.0086722646095807928 0.0064295288137224882 -0.039403165050495077 -0.020957297514023157 0.037413132788040752 -0.0028868236678806303 0.041961995428154694 -0.0075489713287080337 -0.042267846887105776 -0.037434291682960225
leaf_weight=6.9584411978721636 5.7508706003427532 3.5121716707944879 7.0946701616048804 7.1937763094902039 10.733147487044333 8.0862915962934476 5.7039139643311492 3.487004928290844 3.791634477674962
leaf_count=24 21 19 22 22 35 32 31 17 27
internal_value=-0.00104885 -0.0108809 0.00282917 0.0147536 0.0140539 0.0271943 -0.0285409 -0.0396371 -0.0383811
internal_weight=62.3119 37.7416 21.2469 14.1522 24.5703 13.8372 16.4947 10.7908 7.30381
internal_count=250 162 68 46 88 53 94 63 46
is_linear=0
shrinkage=0.05


Tree=88
num_leaves=8
num_cat=0
split_feature=19 29 16 20 6 29 8
split_gain=2.7149 2.55295 2.60934 2.66374 2.22947 1.10779 0.265535
threshold=0.051678693708908326 -0.0038072505594032298 0.003974782724335736 -0.03655062635746447 1.1162648967290123 0.0079183424289078781 0.0041107800881169344
decision_type=2 2 2 2 2 2 2
left_child=1 -1 -3 5 -5 -4 -2
right_child=6 2 3 4 -6 -7 -8
leaf_value=0.046119243470150506 -0.037979580980765273 0.031288935489957231 -0.038077571133855313 -0.0034710705766305542 0.040235768796056053 0.0021941176886669136 -0.015260510568652179
leaf_weight=3.7642877995967856 3.6987097077071658 6.2500873059034374 6.3153953552246112 11.743671424686907 3.8822569176554671 2.3404936194419861 1.9717247411608694
leaf_count=21 33 20 51 73 19 17 16
internal_value=0.00196921 0.00726808 0.00247811 -0.00493773 0.00738788 -0.0271884 -0.0300797
internal_weight=39.9666 34.2962 30.5319 24.2818 15.6259 8.65589 5.67043
internal_count=250 201 180 160 92 68 49
is_linear=0
shrinkage=0.05


Tree=89
num_leaves=10
num_cat=0
split_feature=29 5 15 28 25 21 5 3 21
split_gain=3.36683 2.40459 3.09202 3.20995 3.77224 1.56845 1.52136 0.755436 0.00402931
threshold=-0.0033718182032360651 0.007841615147674957 0.0083212040504413807 -0.033802441634774187 0.0097353269351553324 -0.00030387879530863188 0.0046639364209175435 0.0016760087418077332 0.0024370343170753155
decision_type=2 2 2 2 2 2 2 2 2
left_child=5 2 3 -2 -5 -1 -4 -8 -7
right_child=1 -3 6 4 -6 8 7 -9 -10
leaf_value=-0.0024184776632241501 -0.035784420065036238 -0.022117435148917241 0.0050821961479291322 -0.0062921914365208047 0.038801476068753948 -0.039689194129229111 0.021784093967255575 0.046074857727736958 -0.037343154887223298
leaf_weight=5.1289041340351105 5.4729649424552909 7.0266757458448401 6.6419319212436703 15.810888573527341 6.5628037303686133 3.4835198000073415 6.0859115570783597 6.7517331689596176 3.8562260940670967
leaf_count=16 17 20 26 55 24 19 21 24 28
internal_value=-0.000199736 0.00517579 0.0092281 -0.00146106 0.00693499 -0.0236325 0.0245086 0.0345594 -0.0384566
internal_weight=66.8216 54.3529 47.3262 27.8467 22.3737 12.4687 19.4796 12.8376 7.33975
internal_count=250 187 167 96 79 63 71 45 47
is_linear=0
shrinkage=0.05


Tree=90
num_leaves=11
num_cat=0
split_feature=29 30 25 19 30 21 28 23 21 22
split_gain=3.45173 2.54369 3.57786 2.47676 2.07855 1.42163 1.64503 1.08118 0.00778959 0.000628417
threshold=0.0027171793287790185 0.015012514807604351 -0.00039091095706095253 0.0012326341754252958 -0.0020904213563263103 0.0019773403340929145 -0.051199480383247613 -1.0000000180025095e-35 0.00015109546525970965 -0.0014142978401038284
decision_type=2 2 2 2 2 2 2 2 2 2
left_child=1 2 3 -1 -4 6 -2 -5 9 -8
right_child=5 -3 4 7 -6 -7 8 -9 -10 -11
leaf_value=-0.0096037750339007279 -0.0020663379398839642 0.036037241765037226 0.0043763343601157549 0.012902462402067737 -0.029737081724888228 0.0032265620416459121 -0.037978130710222054 0.043595486837523255 -0.040498281825677801 -0.036992073174109998
leaf_weight=5.5307387411594418 4.5989538282155999 6.4286876618862143 8.3723160400986689 4.8861038386821747 9.5685904920101148 5.5328215360641471 3.0323972254991531 6.9507561326026899 3.103240080177784 3.4587478935718536
leaf_count=20 18 21 29 18 35 16 20 30 16 27
internal_value=-0.0010367 0.00710921 0.00184223 0.0180191 -0.0138177 -0.0182721 -0.0266526 0.0309258 -0.0384378 -0.0374527
internal_weight=61.4634 41.7372 35.3085 17.3676 17.9409 19.7262 14.1933 11.8369 9.59439 6.49115
internal_count=250 153 132 68 64 97 81 48 63 47
is_linear=0
shrinkage=0.05


Tree=91
num_leaves=7
num_cat=0
split_feature=29 29 16 0 32 8
split_gain=2.58976 3.05512 2.91242 2.16211 3.46831 3.3102
threshold=-0.0055744320304516029 -0.0041996269075724171 0.0036382114729644872 -0.0010468497590704893 -0.083755806259892859 -0.0051038883061909684
decision_type=2 2 2 2 2 2
left_child=-1 -2 -3 4 -4 -5
right_child=1 2 3 5 -6 -7
leaf_value=-0.036683318167039604 0.056286776087391327 0.043200817042933388 0.03823228564493452 0.030529965733716614 -0.012970805590160407 -0.027048139687576012
leaf_weight=3.9069471918046466 2.8047403022646895 3.7836601436138144 6.3332913182675838 3.0994732975959769 6.9217831417918187 12.824896845966579
leaf_count=39 12 11 33 14 42 99
internal_value=0.00196849 0.00619046 0.0019279 -0.00342391 0.0114941 -0.0158413
internal_weight=39.6748 35.7678 32.9631 29.1794 13.2551 15.9244
internal_count=250 211 199 188 75 113
is_linear=0
shrinkage=0.05


Tree=92
num_leaves=9
num_cat=0
split_feature=29 5 33 26 21 25 16 6
split_gain=3.15122 2.248 2.8991 3.06724 2.87696 1.53145 1.46242 0.131558
threshold=-0.0033718182032360651 0.007841615147674957 0.29500000000000004 0.032064421348831147 0.0019773403340929145 0.0077943764213005426 0.0082506752058744137 1.0953145734209397
decision_type=2 2 2 2 2 2 2 2
left_child=5 2 3 4 -2 7 -4 -1
right_child=1 -3 6 -5 -6 -7 -8 -9
leaf_value=-0.039734871636134705 0.00057907474008586071 -0.021421326275364739 0.014282889312458434 0.030116527863548043 -0.041164428766676642 0.0036428776707220787 0.044194922685382644 -0.026876308625095532
leaf_weight=5.2896110191941244 17.055416271090515 7.01083119213581 11.796858012676241 6.2315764129161826 5.4454348087310782 3.7031230330467215 6.2516467422246924 3.1880426406860352
leaf_count=33 58 20 38 21 25 13 25 17
internal_value=-0.000217973 0.00498207 0.00893902 -0.000926076 -0.00952328 -0.023182 0.0246438 -0.0348994
internal_weight=65.9725 53.7918 46.7809 28.7324 22.5009 12.1808 18.0485 8.47765
internal_count=250 187 167 104 83 63 63 50
is_linear=0
shrinkage=0.05


Tree=93
num_leaves=10
num_cat=0
split_feature=21 29 23 0 22 17 25 8 28
split_gain=3.21804 3.30253 2.27348 2.15233 2.79487 2.09698 1.55143 0.0132303 0.00251952
threshold=0.0015291427556902717 0.00066787763764009089 -0.0025970891986756279 -0.0041128380696779368 0.0055217955313094933 1.3706286328140018e-05 0.010820773144827657 0.0054304935297643138 -0.017113539039669608
decision_type=2 2 2 2 2 2 2 2 2
left_child=1 2 -1 -2 5 -5 7 8 -3
right_child=3 6 -4 4 -6 -7 -8 -9 -10
leaf_value=0.021645288287717571 -0.016525940389438189 -0.039014656870283992 -0.011675232766936593 -0.016607087785134065 0.046370338857080758 0.025124795598860179 -0.0063298564419271208 -0.04186800060739216 -0.037095705510361197
leaf_weight=8.9691160619258898 4.8475127816200283 3.3277250081300709 11.926524132490156 5.4538448452949542 6.8402424752712241 6.7184069454669952 5.4993537962436667 3.3365390971302986 3.5197613090276727
leaf_count=30 17 19 38 19 27 25 31 17 27
internal_value=-0.00107062 -0.0103887 0.00262706 0.0132146 0.0207974 0.00642659 -0.0277301 -0.0392863 -0.0380283
internal_weight=60.439 36.579 20.8956 23.86 19.0125 12.1723 15.6834 10.184 6.84749
internal_count=250 162 68 88 71 44 94 63 46
is_linear=0
shrinkage=0.05


Tree=94
num_leaves=8
num_cat=0
split_feature=19 29 16 20 29 29 15
split_gain=2.49525 2.16164 2.18617 2.5165 2.11391 1.06736 0.26585
threshold=0.051678693708908326 -0.0038072505594032298 0.003974782724335736 -0.03655062635746447 0.0014032743461628307 0.0079183424289078781 0.008763876045776893
decision_type=2 2 2 2 2 2 2
left_child=1 -1 -3 5 -5 -4 -2
right_child=6 2 3 4 -6 -7 -8
leaf_value=0.042327639559242458 -0.038430515519761788 0.028750390335744103 -0.037781352538316881 -0.019805452018030165 0.020030026225480346 0.0021682890877095218 -0.015693084989072972
leaf_weight=3.851568676531314 3.2871779650449744 6.2910888791084316 5.9778466522693652 4.854340858757495 10.607791785150765 2.3211708627641201 2.1112300306558609
leaf_count=21 28 20 51 37 55 17 21
internal_value=0.00203432 0.00706153 0.00254174 -0.00439736 0.00752367 -0.0266077 -0.0295383
internal_weight=39.3022 33.9038 30.0522 23.7612 15.4621 8.29902 5.39841
internal_count=250 201 180 160 92 68 49
is_linear=0
shrinkage=0.05


Tree=95
num_leaves=10
num_cat=0
split_feature=21 28 25 3 3 29 4 22 25
split_gain=2.92212 2.53365 2.46647 1.78644 2.11751 1.51571 1.50269 1.15811 1.55867
threshold=0.00030882381942320963 -0.033802441634774187 0.0097353269351553324 -0.0098099309554984231 1.0000000180025095e-35 0.00055872193595185593 0.0064801599742671983 0.0053829731033915315 -0.0045398784191691402
decision_type=2 2 2 2 2 2 2 2 2
left_child=1 -1 6 -3 -5 -6 7 8 -2
right_child=2 3 -4 4 5 -7 -8 -9 -10
leaf_value=-0.01216810369529824 -0.038296771720509465 -0.0092070777144723556 0.018498318705459663 0.04986740065953954 -0.0026296150640457076 0.027952253032271702 0.0073019222052812518 -0.043999049905252302 -0.0019143234588547061
leaf_weight=10.401838496327398 5.0673220008611741 5.297180280089381 5.1599060893058768 5.5401972532272366 7.4061965048313168 8.9451378136873227 4.1414858251810065 6.0210528448224059 7.0248061940073994
leaf_count=32 26 18 17 20 23 39 19 30 26
internal_value=-0.000234531 0.00881856 -0.012648 0.0168476 0.0231522 0.0141005 -0.0198695 -0.0260821 -0.0171607
internal_weight=65.0051 37.5906 27.4146 27.1887 21.8915 16.3513 22.2547 18.1132 12.0921
internal_count=250 132 118 100 82 62 101 82 52
is_linear=0
shrinkage=0.05


Tree=96
num_leaves=9
num_cat=0
split_feature=19 1 25 23 22 21 28 21
split_gain=3.05502 3.12631 2.94911 2.39425 2.544 1.78862 1.00484 0.0492454
threshold=-0.0051572431413661737 0.011736300079828956 0.0097353269351553324 0.0042449080137474402 0.0036277120853195348 0.0019773403340929145 -0.033081101643172232 0.00055916833303382163
decision_type=2 2 2 2 2 2 2 2
left_child=1 5 3 4 -2 6 -1 -8
right_child=2 -3 -4 -5 -6 -7 7 -9
leaf_value=-0.011139892102758184 -0.0094610802814371342 0.022347822181118956 -0.019523659504686344 0.038031484026479913 0.031420389661342189 -0.0025061133683731414 -0.038038958535303702 -0.045527175701714016
leaf_weight=4.1241060495376614 10.161164000630384 5.0059089213609687 6.9326383024454108 8.9708450436592084 6.083903729915618 8.0491037070751172 6.9944744557142275 3.2000910192728043
leaf_count=17 39 17 26 39 23 24 51 14
internal_value=-0.00109454 -0.0133704 0.00935803 0.0172985 0.00584935 -0.0213641 -0.031965 -0.0403895
internal_weight=59.5222 27.3737 32.1486 25.2159 16.2451 22.3678 14.3187 10.1946
internal_count=250 123 127 101 62 106 82 65
is_linear=0
shrinkage=0.05


Tree=97
num_leaves=7
num_cat=0
split_feature=29 29 16 0 32 8
split_gain=2.41159 2.57976 2.59519 1.93516 3.12509 3.076
threshold=-0.0055744320304516029 -0.0041996269075724171 0.0036382114729644872 -0.0010468497590704893 -0.083755806259892859 -0.0051038883061909684
decision_type=2 2 2 2 2 2
left_child=-1 -2 -3 4 -4 -5
right_child=1 2 3 5 -6 -7
leaf_value=-0.036454096878738379 0.051355395033214436 0.040978970427534185 0.035917082910248359 0.029243081015623163 -0.012677632398018224 -0.02638947908479149
leaf_weight=3.6769728548824778 2.8905714601278296 3.7834909558296195 6.4346272088587284 3.114760532975196 6.809778265655039 12.282521955668928
leaf_count=39 12 11 33 14 42 99
internal_value=0.00208209 0.00609436 0.00205953 -0.00308163 0.0109315 -0.0151354
internal_weight=38.9927 35.3158 32.4252 28.6417 13.2444 15.3973
internal_count=250 211 199 188 75 113
is_linear=0
shrinkage=0.05


Tree=98
num_leaves=10
num_cat=0
split_feature=29 5 15 28 25 25 16 33 6
split_gain=2.76294 2.06902 2.67818 2.90725 3.32617 1.59139 1.51917 1.25303 0.134323
threshold=-0.0033718182032360651 0.007841615147674957 0.0083212040504413807 -0.033802441634774187 0.0097353269351553324 0.009093606437767689 0.0053910538870768276 0.35500000000000004 1.0953145734209397
decision_type=2 2 2 2 2 2 2 2 2
left_child=5 2 3 -2 -5 8 -4 -8 -1
right_child=1 -3 6 4 -6 -7 7 -9 -10
leaf_value=-0.039301158102659196 -0.034514299012392322 -0.020734218445331763 0.00054689650715239566 -0.0059803267812100058 0.037167961990533051 0.0059139438215767793 0.016400507883286664 0.047179478273721841 -0.026046117633919848
leaf_weight=5.1145573928952199 5.3536561876535407 6.9623849391937247 5.3029842674732235 15.258183084428316 6.3149097859859458 3.5089150667190543 6.4341452717781049 6.8028608858585358 3.0517150238156319
leaf_count=34 17 20 18 55 24 12 25 28 17
internal_value=-0.000250168 0.00464827 0.00853513 -0.00153432 0.00665011 -0.0222473 0.0231596 0.0322187 -0.0343478
internal_weight=64.1043 52.4291 45.4667 26.9267 21.5731 11.6752 18.54 13.237 8.16627
internal_count=250 187 167 96 79 63 71 53 51
is_linear=0
shrinkage=0.05


Tree=99
num_leaves=10
num_cat=0
split_feature=29 30 25 30 13 21 25 19 13
split_gain=2.85362 2.3164 2.94662 1.88916 1.40456 1.67705 2.03962 1.39189 1.13184
threshold=0.0027171793287790185 0.015012514807604351 -0.00039091095706095253 -0.0020904213563263103 44.424343058630072 0.0019773403340929145 0.010820773144827657 0.0035640261177041226 53.529417739568579
decision_type=2 2 2 2 2 2 2 2 2
left_child=1 2 7 -4 -2 6 -6 -1 -9
right_child=4 -3 3 -5 5 -7 -8 8 -10
leaf_value=-0.0026258031194933348 -0.037691188562975306 0.034438541814331168 0.0044281569319017571 -0.028565310249580561 -0.039545104749332975 0.020111026369622548 0.0085741315012330972 0.0099865108062519199 0.043138750966337035
leaf_weight=6.0084758177399662 5.7926677986979511 6.2355381250381461 8.1934910118579882 9.2217830270528776 5.3244126215577108 3.7479867041110984 3.7554012089967728 4.8366271778941137 5.5046832263469696
leaf_count=22 32 21 29 35 34 11 20 21 25
internal_value=-0.001087 0.00643968 0.00126901 -0.0130426 -0.0172558 -0.00802782 -0.019643 0.0165133 0.0276335
internal_weight=58.6211 40.0006 33.7651 17.4153 18.6205 12.8278 9.07981 16.3498 10.3413
internal_count=250 153 132 64 97 65 54 68 46
is_linear=0
shrinkage=0.05


Tree=100
num_leaves=10
num_cat=0
split_feature=29 16 24 9 17 0 23 28 4
split_gain=2.29958 1.84231 2.52411 1.84906 2.17775 1.84711 1.37375 0.835332 0.00144628
threshold=-0.0055744320304516029 0.0060959300155449545 0.026022165992401817 0.65830576717853562 -1.0000000180025095e-35 -0.0023487711218035941 0.00095428468312486203 0.020126715729540948 0.0060203985876349838
decision_type=2 2 2 2 2 2 2 2 2
left_child=-1 3 6 4 -2 -5 8 -8 -3
right_child=1 2 -4 5 -6 -7 7 -9 -10
leaf_value=-0.036342913685698398 0.026456874734825636 -0.035524700949842239 0.037761679518088453 0.051075337548391692 -0.01994736170073004 0.010988392979204743 -0.020134131980315537 0.020857703217005752 -0.037126422309622466
leaf_weight=3.5403011702001086 4.3328774645924568 2.8695324249565584 2.3592286407947531 5.0688888728618622 6.070694677531721 6.6350886374711973 2.5642318204045296 2.4116790257394314 2.7696254439651966
leaf_count=39 19 36 12 17 33 31 22 18 23
internal_value=0.00206295 0.0059387 -0.00901811 0.0147164 -0.000620935 0.0283497 -0.019415 -0.000266584 -0.0363114
internal_weight=38.6221 35.0818 12.9743 22.1075 10.4036 11.704 10.6151 4.97591 5.63916
internal_count=250 211 111 100 52 48 99 40 59
is_linear=0
shrinkage=0.05


Tree=101
num_leaves=10
num_cat=0
split_feature=21 12 28 3 3 26 29 29 29
split_gain=2.60365 2.35511 2.21651 1.87296 2.05545 1.68029 1.32795 1.03465 0.292383
threshold=0.00030882381942320963 0.020023775962578493 -0.033802441634774187 -0.010610368230069665 1.0000000180025095e-35 0.030394714914133595 0.00055872193595185593 0.0027171793287790185 -0.00067909459252551974
decision_type=2 2 2 2 2 2 2 2 2
left_child=2 5 -1 -4 -5 7 -6 8 -2
right_child=1 -3 3 4 6 -7 -8 -9 -10
leaf_value=-0.011286900976418353 -0.030337974345445714 0.011414615343580535 -0.011623211709763687 0.048696833568358903 -0.0022816574222583037 0.0040304961212475369 0.026730986554863459 -0.008359495505163057 -0.047206758239550617
leaf_weight=10.298053264617918 5.2839012593030956 7.5691152065992346 4.9583961665630367 5.5413285344839123 7.3320661783218375 4.7937835901975623 8.5356375873088819 3.9236561954021445 4.9990375787019756
leaf_count=32 36 31 17 21 23 17 39 14 20
internal_value=-0.00025231 -0.0121708 0.00838435 0.0160671 0.0224803 -0.0215664 0.013325 -0.0302036 -0.0385387
internal_weight=63.235 26.5695 36.6655 26.3674 21.409 19.0004 15.8677 14.2066 10.2829
internal_count=250 118 132 100 83 87 62 70 56
is_linear=0
shrinkage=0.05


Tree=102
num_leaves=10
num_cat=0
split_feature=21 29 23 0 22 17 25 8 28
split_gain=2.69451 2.86883 2.12281 1.90928 2.63865 1.78398 1.5169 0.0134633 0.00223955
threshold=0.0015291427556902717 0.00066787763764009089 -0.0025970891986756279 -0.0041128380696779368 0.0055217955313094933 1.3706286328140018e-05 0.010820773144827657 0.0054304935297643138 -0.017113539039669608
decision_type=2 2 2 2 2 2 2 2 2
left_child=1 2 -1 -2 5 -5 7 8 -3
right_child=3 6 -4 4 -6 -7 -8 -9 -10
leaf_value=0.020999100799783468 -0.016151108084725162 -0.038525326298361785 -0.011662722930247778 -0.015931529150181121 0.045456580688304292 0.023288021258954687 -0.0053994157290731953 -0.04159931739090543 -0.036622038000600925
leaf_weight=8.6888066679239291 4.6962925642728832 3.0772416666150066 11.638021722435949 5.3027364462614077 6.3941835388541213 6.397807814180851 5.2972757220268241 3.1176018491387367 3.1051964238286027
leaf_count=30 17 19 38 19 27 25 31 17 27
internal_value=-0.00111786 -0.00984524 0.00229874 0.0122557 0.0196283 0.00551355 -0.0267558 -0.0389203 -0.0375694
internal_weight=57.7152 34.9241 20.3268 22.791 18.0947 11.7005 14.5973 9.30004 6.18244
internal_count=250 162 68 88 71 44 94 63 46
is_linear=0
shrinkage=0.05


Tree=103
num_leaves=7
num_cat=0
split_feature=29 29 16 0 8 32
split_gain=2.19012 2.2535 2.36592 1.71499 2.78544 2.76616
threshold=-0.0055744320304516029 -0.0041996269075724171 0.0036382114729644872 -0.0010468497590704893 -0.0051038883061909684 -0.083755806259892859
decision_type=2 2 2 2 2 2
left_child=-1 -2 -3 5 -5 -4
right_child=1 2 3 4 -6 -7
leaf_value=-0.036224377086496826 0.047661295880938391 0.039154238220995494 0.033269885375918969 0.027134731957442773 -0.02577943283394557 -0.012505025113566551
leaf_weight=3.4027371592819682 2.9436456337571135 3.7672051042318371 6.5189375132322311 3.1509282961487797 11.804763456806535 6.6846321597695368
leaf_count=39 12 11 33 14 99 42
internal_value=0.00206439 0.00580074 0.00194116 -0.00303728 -0.0146313 0.0100952
internal_weight=38.2728 34.8701 31.9265 28.1593 14.9557 13.2036
internal_count=250 211 199 188 113 75
is_linear=0
shrinkage=0.05


Tree=104
num_leaves=10
num_cat=0
split_feature=29 5 15 25 21 16 21 33 21
split_gain=2.46682 1.87446 2.41866 2.11942 1.85078 1.72432 1.4546 1.15655 0.00244504
threshold=-0.0033718182032360651 0.007841615147674957 0.0083212040504413807 0.0097353269351553324 0.00030882381942320963 0.0053388209131846401 -0.00030387879530863188 0.33500000000000008 0.0025336981609509483
decision_type=2 2 2 2 2 2 2 2 2
left_child=6 2 3 4 -2 -4 -1 -7 -8
right_child=1 -3 5 -5 -6 7 8 -9 -10
leaf_value=-0.0013546901699484834 0.0026001571431990174 -0.019804728703173353 -0.0029402749617397379 0.019788349513147833 -0.029730389679633176 0.014741990790247557 -0.03855846354638974 0.044783241449039876 -0.036576516828857424
leaf_weight=4.9900668263435364 10.57033514976502 6.9064710289239875 4.9033191949129131 8.1163893193006498 7.6159287840127936 5.6315558180212957 3.1736715212464315 7.4317879676818848 3.0531273856759071
leaf_count=16 36 20 17 30 30 23 20 31 27
internal_value=-0.000232282 0.00442225 0.00820191 -0.00145727 -0.010939 0.0223426 -0.0214681 0.0318326 -0.0375867
internal_weight=62.3927 51.1758 44.2693 26.3027 18.1863 17.9667 11.2169 13.0633 6.2268
internal_count=250 187 167 96 66 71 63 54 47
is_linear=0
shrinkage=0.05


Tree=105
num_leaves=9
num_cat=0
split_feature=19 1 25 23 22 19 0 21
split_gain=2.51944 2.75084 2.56275 2.17445 2.27048 1.72769 2.01613 2.68485
threshold=-0.0051572431413661737 0.011736300079828956 0.0097353269351553324 0.0042449080137474402 0.0036277120853195348 -0.015553345739007572 -0.0052647735115028396 0.0019773403340929145
decision_type=2 2 2 2 2 2 2 2
left_child=1 5 3 4 -2 6 -1 -8
right_child=2 -3 -4 -5 -6 -7 7 -9
leaf_value=-0.043603311109808113 -0.0094294905271405105 0.021076074428358821 -0.018598177725066903 0.036920657523061007 0.03009706186130208 -0.046279199617548519 -0.021386450928653756 0.02633867891528497
leaf_weight=3.9462983235716882 9.7766611278057152 4.9407574087381354 6.7494708970189086 8.324175223708151 5.7816509753465644 4.9309191033244124 7.4638882204890269 4.8694880455732346
leaf_count=22 39 17 26 39 23 20 49 15
internal_value=-0.001125 -0.0125236 0.0086063 0.0162946 0.00525904 -0.0203502 -0.0124967 -0.00254352
internal_weight=56.7833 26.1514 30.632 23.8825 15.5583 21.2106 16.2797 12.3334
internal_count=250 123 127 101 62 106 86 64
is_linear=0
shrinkage=0.05


Tree=106
num_leaves=8
num_cat=0
split_feature=19 29 16 20 29 9 4
split_gain=2.11799 1.76914 2.80765 2.1106 1.87238 1.41904 0.263184
threshold=0.051678693708908326 -0.0038072505594032298 0.0036382114729644872 -0.03655062635746447 0.0084557969606804412 0.65970085561275493 0.0050657071506979368
decision_type=2 2 2 2 2 2 2
left_child=1 -1 -3 4 -4 -5 -2
right_child=6 2 3 5 -6 -7 -8
leaf_value=0.038314426688118144 -0.038060598359723308 0.04458980880057687 -0.03815020098622135 -0.0099397605966217179 0.013691775163116503 0.019276880786106579 -0.014487152416526334
leaf_weight=3.8905033245682707 2.9288038425147525 3.474496781826022 6.1662470474839228 7.2143205963075188 2.4272903129458427 9.8036252893507463 1.9874580949544904
leaf_count=21 28 10 55 42 16 57 21
internal_value=0.00208457 0.00664882 0.00241327 -0.00330848 -0.0235072 0.00689124 -0.0285307
internal_weight=37.8927 32.9765 29.086 25.6115 8.59354 17.0179 4.91626
internal_count=250 201 180 170 71 99 49
is_linear=0
shrinkage=0.05


Tree=107
num_leaves=9
num_cat=0
split_feature=29 5 33 26 21 25 16 27
split_gain=2.28136 1.76565 2.23794 2.56325 2.33738 1.4343 1.2871 0.187291
threshold=-0.0033718182032360651 0.007841615147674957 0.29500000000000004 0.032064421348831147 0.0019773403340929145 0.009093606437767689 0.0082506752058744137 0.013369589287541396
decision_type=2 2 2 2 2 2 2 2
left_child=5 2 3 4 -2 7 -4 -1
right_child=1 -3 6 -5 -6 -7 -8 -9
leaf_value=-0.039647353472828127 -0.00013143492084655541 -0.019306654591574018 0.012616712198841496 0.027997386111820385 -0.039916069948094712 0.0054205775024609004 0.042117369927889253 -0.023346076783514254
leaf_weight=4.5730985850095731 16.126297816634185 6.8793680518865576 11.318325325846674 5.9324892759323111 4.7879009842872611 3.5070144981145859 5.4911135211586943 2.8665100559592247
leaf_count=30 58 20 38 21 25 12 25 21
internal_value=-0.000245743 0.00423691 0.00794692 -0.00101091 -0.00923936 -0.0209401 0.0222536 -0.0333664
internal_weight=61.4821 50.5355 43.6561 26.8467 20.9142 10.9466 16.8094 7.43961
internal_count=250 187 167 104 83 63 63 51
is_linear=0
shrinkage=0.05


Tree=108
num_leaves=10
num_cat=0
split_feature=29 30 25 19 30 13 19 25 13
split_gain=2.35338 2.11618 2.41505 2.51682 1.6815 1.32059 1.52666 1.09751 1.09146
threshold=0.0027171793287790185 0.015012514807604351 -0.00039091095706095253 -0.0051572431413661737 -0.0020904213563263103 44.424343058630072 -0.016555003938435228 0.0086919345802622967 53.529417739568579
decision_type=2 2 2 2 2 2 2 2 2
left_child=1 2 3 -1 -4 -2 7 -7 -5
right_child=5 -3 4 8 -6 6 -8 -9 -10
leaf_value=-0.01592721488053777 -0.036897516531222439 0.032979838088711112 0.0042718703999386392 0.011371588720630148 -0.027341359783280568 -0.012854229617332433 -0.031425398066625511 0.024330132689932109 0.043202067065388546
leaf_weight=4.6037316322326651 5.3912952989339855 6.0361453592777243 8.0016649812459963 5.0885861590504629 8.8679659441113454 3.9641472846269616 4.2317747883498642 3.9734439998865128 5.7210877761244774
leaf_count=18 32 21 29 23 35 22 23 20 27
internal_value=-0.00113991 0.00580635 0.000725562 0.0150326 -0.0123465 -0.0162974 -0.00717103 0.00575973 0.0282181
internal_weight=55.8798 38.3192 32.283 15.4134 16.8696 17.5607 12.1694 7.93759 10.8097
internal_count=250 153 132 68 64 97 65 42 50
is_linear=0
shrinkage=0.05


Tree=109
num_leaves=6
num_cat=0
split_feature=29 29 16 25 22
split_gain=2.04968 1.90229 2.0363 1.97862 2.21843
threshold=-0.0055744320304516029 -0.0041996269075724171 0.0036382114729644872 -0.021786629683647082 -0.0016743999685090436
decision_type=2 2 2 2 2
left_child=-1 -2 -3 -4 -5
right_child=1 2 3 4 -6
leaf_value=-0.036062836429744775 0.043690289116266573 0.036614469304134194 0.043088054173894441 -0.027274320479467935 0.0039660061083616532
leaf_weight=3.2147006653249255 3.0050180926918975 3.7504720687866238 2.1778694353997734 8.5741290058940702 16.851245809346434
leaf_count=39 12 11 12 73 103
internal_value=0.00211583 0.00568794 0.0020457 -0.00265118 -0.00656908
internal_weight=37.5734 34.3587 31.3537 27.6032 25.4254
internal_count=250 211 199 188 176
is_linear=0
shrinkage=0.05


Tree=110
num_leaves=10
num_cat=0
split_feature=21 29 5 5 28 5 27 3 29
split_gain=2.18554 2.33515 1.75844 1.92306 1.70073 1.5434 1.29384 1.08535 0.222563
threshold=-0.0024933130898751039 -0.0010543446260813381 0.0042004944984476052 0.0045764252241776463 -0.0044504972991431515 0.0069565221670100713 -0.0020918071227466468 0.015806928603371521 -0.0053354498331825142
decision_type=2 2 2 2 2 2 2 2 2
left_child=6 7 4 -4 -3 -5 -1 8 -2
right_child=1 2 3 5 -6 -7 -8 -9 -10
leaf_value=0.0040075079430356205 -0.025429593163909948 0.033558754322762223 -0.033305973226647946 0.014400684619980628 -0.0018152109268662099 -0.018714320593585281 0.035053395966236849 -0.0062168975184310506 -0.042681831678305922
leaf_weight=7.835315465927124 3.2276850193738937 6.639204315841198 5.4113579168915775 9.0489111542701703 6.9598665386438352 5.757257603108882 5.8701635971665365 5.4359910264611244 4.4422536641359311
leaf_count=28 24 23 21 30 26 22 26 26 24
internal_value=-0.000260628 -0.00539124 0.00155269 -0.00779834 0.0154547 0.00152419 0.0173047 -0.0233083 -0.0354217
internal_weight=60.628 46.9225 33.8166 20.2175 13.5991 14.8062 13.7055 13.1059 7.66994
internal_count=250 196 122 73 49 52 54 74 48
is_linear=0
shrinkage=0.05


Tree=111
num_leaves=9
num_cat=0
split_feature=21 29 23 26 27 6 6 10
split_gain=2.26143 2.53725 2.01651 1.75778 1.52766 1.49305 0.283974 0.0327024
threshold=0.0015291427556902717 0.00066787763764009089 -0.0025970891986756279 0.0074195819369486946 0.0014385872062956386 1.1162648967290123 0.87387619472552192 0.0056310796707961745
decision_type=2 2 2 2 2 2 2 2
left_child=1 2 -1 4 -2 6 -3 -8
right_child=3 5 -4 -5 -6 -7 7 -9
leaf_value=0.020709352586110421 0.0034628002602275394 -0.021528492262676981 -0.011590036351163853 -0.004384308650884996 0.039585347790370158 0.00457897081182463 -0.037316457575239444 -0.044056939763169357
leaf_weight=8.4136760309338587 5.0883511304855364 2.9180029779672605 11.352275773882864 9.7099737524986249 6.8904469087719917 3.1156053841114035 4.7728834450244904 2.8884080611169338
leaf_count=30 21 23 38 35 32 20 37 14
internal_value=-0.00115029 -0.00930182 0.00215869 0.0114257 0.0242412 -0.0258429 -0.0348021 -0.0398577
internal_weight=55.1496 33.4609 19.766 21.6888 11.9788 13.6949 10.5793 7.66129
internal_count=250 162 68 88 53 94 74 51
is_linear=0
shrinkage=0.05


Tree=112
num_leaves=9
num_cat=0
split_feature=29 23 5 1 32 23 15 17
split_gain=1.95289 1.58764 3.9804 1.83928 2.62978 1.70562 2.19424 0.269296
threshold=-0.0055744320304516029 0.0042449080137474402 0.0037589086123985399 0.0045585584683215394 -0.12764543270267703 0.00095428468312486203 0.0081442846750595117 -4.3772667259214821e-05
decision_type=2 2 2 2 2 2 2 2
left_child=-1 3 -3 5 -5 6 -2 -4
right_child=1 2 7 4 -6 -7 -8 -9
leaf_value=-0.035957434238788791 0.031128968611732529 0.044451666337892271 -0.01719588359475303 0.022742583149684224 -0.038371194282204452 0.048971879498191373 -0.0085072046357487861 -0.038531877095004621
leaf_weight=3.0866635404527178 7.3156615197658592 2.301425773650406 2.1815590374171734 3.3272111434489489 3.7377503700554362 4.0737624913454047 6.6801128350198269 4.5917702317237854
leaf_count=39 33 11 16 21 32 19 41 38
internal_value=0.00213207 0.00556884 -0.0123575 0.0120411 -0.00958994 0.0204986 0.0122108 -0.03166
internal_weight=37.2959 34.2093 9.07476 25.1345 7.06496 18.0695 13.9958 6.77333
internal_count=250 211 65 146 53 93 74 54
is_linear=0
shrinkage=0.05


Tree=113
num_leaves=10
num_cat=0
split_feature=21 29 5 5 28 3 27 3 29
split_gain=2.01838 2.15181 1.65299 1.81711 1.5539 1.53034 1.24551 1.06164 0.220631
threshold=-0.0024933130898751039 -0.0010543446260813381 0.0042004944984476052 0.0045764252241776463 -0.0044504972991431515 -0.00065469462849115912 -0.0020918071227466468 0.015806928603371521 -0.0053354498331825142
decision_type=2 2 2 2 2 2 2 2 2
left_child=6 7 4 -4 -3 -5 -1 8 -2
right_child=1 2 3 5 -6 -7 -8 -9 -10
leaf_value=0.0036956895492588947 -0.024810853419218126 0.032321754370652898 -0.03265692629755209 -0.017150034827741776 -0.0015803353204859065 0.015401868838716862 0.034393013528675957 -0.0057207003566225115 -0.042247829215323884
leaf_weight=7.783287450671196 3.1380264014005661 6.590056024491787 5.3430729284882572 6.3416617065668062 6.9387637376785261 8.3837611675262469 5.742156654596327 5.3716736659407616 4.299905236810444
leaf_count=28 24 23 21 21 26 31 26 26 24
internal_value=-0.000268297 -0.00522194 0.00142613 -0.00767982 0.0149338 0.00138304 0.0167281 -0.0226587 -0.0348913
internal_weight=59.9324 46.4069 33.5973 20.0685 13.5288 14.7254 13.5254 12.8096 7.43793
internal_count=250 196 122 73 49 52 54 74 48
is_linear=0
shrinkage=0.05


Tree=114
num_leaves=11
num_cat=0
split_feature=21 29 16 27 0 22 6 1 28 21
split_gain=2.06805 2.37271 2.12918 1.83342 1.67294 2.38472 2.08883 1.49909 0.00599683 0.000550961
threshold=0.0015291427556902717 0.00066787763764009089 0.0045343367654926406 0.0056873440761435754 -0.0041128380696779368 0.0055217955313094933 0.97498929778716337 0.010303518108427003 -0.033802441634774187 -0.0011061820532373698
decision_type=2 2 2 2 2 2 2 2 2 2
left_child=1 2 -1 -4 -2 6 -6 8 -3 -10
right_child=4 7 3 -5 5 -7 -8 -9 9 -11
leaf_value=-0.028183568729053549 -0.016345718780495278 -0.039069275303174202 0.023958810035541851 -0.012344139250379641 0.032211681325847487 0.044103462712902886 -0.012407371724892181 -0.0016868739718181886 -0.035817684978984292 -0.036776999181550009
leaf_weight=4.5002683699131039 4.4526308551430729 2.8891804367303822 9.7327837720513326 5.4117205888032904 4.2318392843008059 5.7967738881707183 6.8996301367878914 4.4677281677722922 3.0042237713932964 2.982717670500282
leaf_count=15 17 16 35 18 17 27 27 20 33 25
internal_value=-0.00118781 -0.00903842 0.00201322 0.0109864 0.0109249 0.0180979 0.00455541 -0.0253086 -0.0371984 -0.0362956
internal_weight=54.3695 32.9886 19.6448 15.1445 21.3809 16.9282 11.1315 13.3439 8.87612 5.98694
internal_count=250 162 68 53 88 71 44 94 74 58
is_linear=0
shrinkage=0.05


Tree=115
num_leaves=8
num_cat=0
split_feature=19 29 16 20 34 6 4
split_gain=1.87806 1.5188 2.41315 1.93464 2.28638 1.296 0.270894
threshold=0.051678693708908326 -0.0038072505594032298 0.0036382114729644872 -0.03655062635746447 -1.395900421363097 1.1162648967290123 0.0050657071506979368
decision_type=2 2 2 2 2 2 2
left_child=1 -1 -3 4 -4 -5 -2
right_child=6 2 3 5 -6 -7 -8
leaf_value=0.035705232626409178 -0.037867009427975051 0.041718712967585357 0.024919168161992671 -0.0012293379261097805 -0.037444565125833364 0.030916381017817601 -0.013069013398078101
leaf_weight=3.8881425224244586 2.7236851677298537 3.4314974695444134 1.9171927496790884 12.708139333873989 6.2963479459285754 4.1624195352196685 1.8488843291997907
leaf_count=21 28 10 9 78 62 21 21
internal_value=0.00215703 0.00639 0.00239283 -0.00298694 -0.0228877 0.00670187 -0.0278401
internal_weight=36.9763 32.4037 28.5156 25.0841 8.21354 16.8706 4.57257
internal_count=250 201 180 170 71 99 49
is_linear=0
shrinkage=0.05


Tree=116
num_leaves=9
num_cat=0
split_feature=29 5 33 26 1 25 16 27
split_gain=1.88322 1.596 2.05883 2.27439 2.11065 1.40897 1.23644 0.202583
threshold=-0.0033718182032360651 0.007841615147674957 0.29500000000000004 0.032064421348831147 -0.0052979007446137807 0.010194244742315119 0.0082506752058744137 0.013369589287541396
decision_type=2 2 2 2 2 2 2 2
left_child=5 2 3 4 -2 7 -4 -1
right_child=1 -3 6 -5 -6 -7 -8 -9
leaf_value=-0.03902823808622511 0.018191114935800029 -0.018696862272657731 0.011899507127054312 0.026394762243982958 -0.018846714668136585 0.0071416527991614159 0.041377870296707059 -0.021427232394964107
leaf_weight=4.3677175082266313 5.1866751909256008 6.7721509337425223 11.101493746042253 5.7481858506798735 14.886454015970232 3.3164092749357224 5.2343931943178168 2.6127448529005051
leaf_count=31 21 20 38 21 62 11 25 21
internal_value=-0.000256281 0.00383379 0.00745313 -0.00133562 -0.00927655 -0.0196918 0.0213451 -0.0324403
internal_weight=59.2262 48.9294 42.1572 25.8213 20.0731 10.2969 16.3359 6.98046
internal_count=250 187 167 104 83 63 63 52
is_linear=0
shrinkage=0.05


Tree=117
num_leaves=9
num_cat=0
split_feature=13 29 6 21 26 1 29 16
split_gain=1.96733 2.79495 2.32895 1.76315 1.75527 3.10291 1.57141 0.985174
threshold=36.458074118359711 -0.0028343717650526341 0.9665765007341246 0.0019773403340929145 0.028204673365416547 0.011426221646081871 0.0020926648787336082 0.0063169781192704191
decision_type=2 2 2 2 2 2 2 2
left_child=-1 7 3 6 5 -4 -3 -2
right_child=1 2 4 -5 -6 -7 -8 -9
leaf_value=-0.031492402772058913 0.006285955252571352 0.020529866485873585 -0.02010316780179815 0.039335884465589666 -0.037843763425385868 0.027824521346866228 -0.025215845703900255 0.032663158226574472
leaf_weight=4.865188091993331 6.5773602277040464 3.8505094088613969 12.041041858494287 3.9951577112078667 6.1795032024383536 4.6933435574173918 3.6632681339979172 7.6655158549547195
leaf_count=21 24 15 59 16 31 16 29 39
internal_value=-0.00117669 0.00185402 -0.0058536 0.0124973 -0.0150707 -0.00666132 -0.001773 0.0204822
internal_weight=53.5309 48.6657 34.4228 11.5089 22.9139 16.7344 7.51378 14.2429
internal_count=250 229 166 60 106 75 44 63
is_linear=0
shrinkage=0.05


Tree=118
num_leaves=10
num_cat=0
split_feature=19 16 22 16 2 8 17 16 1
split_gain=1.77667 1.47313 1.91757 1.78765 1.70458 1.1392 1.03635 0.849699 0.278502
threshold=0.051678693708908326 0.0089466435670463116 -0.0016743999685090436 0.0039130456767927395 -0.001752033008534881 0.0041599601668244847 0.00011671033766496479 0.0048728757425848092 0.0059416111175014672
decision_type=2 2 2 2 2 2 2 2 2
left_child=1 2 3 -1 7 -6 -5 -4 -2
right_child=8 -3 4 6 5 -7 -8 -9 -10
leaf_value=0.020912890132168935 -0.036903586401980236 -0.024446528270049114 0.018197124969454758 -0.03714851308237279 -0.011591825038406684 0.026075922014886857 0.0055439935072867539 0.047104869448177059 -0.010891289356920603
leaf_weight=3.5349359363317507 2.8384530656039706 3.4902193397283545 4.8923563510179537 4.3781041018664837 5.2264805249869806 3.258791234344244 2.1049227155745029 5.2913000620901585 1.61414273455739
leaf_count=11 34 35 16 42 34 19 17 27 15
internal_value=0.00212851 0.0062248 0.00995645 -0.00769065 0.0194261 0.00287457 -0.023287 0.0332172 -0.0274737
internal_weight=36.6297 32.1771 28.6869 10.018 18.6689 8.48527 6.48303 10.1837 4.4526
internal_count=250 201 166 70 96 53 59 43 49
is_linear=0
shrinkage=0.05


Tree=119
num_leaves=10
num_cat=0
split_feature=21 29 5 5 5 28 27 3 29
split_gain=1.81985 1.9059 1.58368 1.65314 1.41834 1.40868 1.16223 1.03262 0.225843
threshold=-0.0024933130898751039 -0.0010543446260813381 0.0042004944984476052 0.0045764252241776463 0.0069565221670100713 -0.0044504972991431515 -0.0020918071227466468 0.015806928603371521 -0.0053354498331825142
decision_type=2 2 2 2 2 2 2 2 2
left_child=6 7 5 -4 -5 -3 -1 8 -2
right_child=1 2 3 4 -6 -7 -8 -9 -10
leaf_value=0.0034270386073880876 -0.023816749502445247 0.031294166280727301 -0.031927098084953261 0.01344173063441277 -0.018708772290542006 -0.001286611035382957 0.033485624454859551 -0.0049968146703134901 -0.041922103448377587
leaf_weight=7.6376103311777115 2.9777442589402199 6.4708130434155464 5.2035748660564449 8.8247027248144132 5.6118984743952742 6.8082860335707647 5.5546766147017461 5.2410052716732025 4.0855991281568986
leaf_count=28 24 23 21 30 22 26 26 26 24
internal_value=-0.000256397 -0.0050229 0.00125251 -0.00776508 0.000943958 0.0145898 0.0160834 -0.0218122 -0.0342893
internal_weight=58.4159 45.2236 32.9193 19.6402 14.4366 13.2791 13.1923 12.3043 7.06334
internal_count=250 196 122 73 52 49 54 74 48
is_linear=0
shrinkage=0.05


Tree=120
num_leaves=11
num_cat=0
split_feature=21 0 29 22 16 6 10 32 16 8
split_gain=1.85239 2.29962 2.13498 2.11561 1.88588 1.63121 1.60878 1.37447 0.287162 0.0098136
threshold=0.0015291427556902717 -0.0052647735115028396 0.00066787763764009089 0.0055217955313094933 0.0045343367654926406 0.97498929778716337 0.013242175151346848 -0.083755806259892859 0.0047923718521508786 0.0043116941256833271
decision_type=2 2 2 2 2 2 2 2 2 2
left_child=2 -2 4 5 -1 -3 8 -6 -4 -10
right_child=1 3 6 -5 7 -7 -8 -9 9 -11
leaf_value=-0.027044967368519687 -0.024450762433200421 0.03097963409295347 -0.017814359139846265 0.043341817877499252 -0.0056009618787750647 -0.0085849297593474563 0.01124425585944666 0.024834992932480655 -0.036702714664073995 -0.040444255195175791
leaf_weight=4.3929808735847535 3.8517023026943233 4.098146431148054 2.2837966158986074 5.6441319212317458 7.1253165379166612 7.1511538848280907 2.507766254246234 7.7374397069215748 5.3421636074781418 2.6081660315394402
leaf_count=15 15 17 18 28 26 28 12 27 49 15
internal_value=-0.00122451 0.0104129 -0.00876943 0.0183618 0.00173676 0.00582853 -0.0246465 0.0102438 -0.0334412 -0.0379302
internal_weight=52.7428 20.7451 31.9976 16.8934 19.2557 11.2493 12.7419 14.8628 10.2341 7.95033
internal_count=250 88 162 73 68 45 94 53 82 64
is_linear=0
shrinkage=0.05


Tree=121
num_leaves=9
num_cat=0
split_feature=19 16 22 20 23 26 32 16
split_gain=1.69351 1.74293 1.94481 2.75167 1.98263 1.58718 0.288459 0.00554628
threshold=0.051678693708908326 0.0036382114729644872 -0.0016743999685090436 0.017435260543101298 0.0042449080137474402 0.011466940241185332 -0.10950200840869274 0.0053388209131846401
decision_type=2 2 2 2 2 2 2 2
left_child=1 -1 3 7 5 -4 -2 -3
right_child=6 2 4 -5 -6 -7 -8 -9
leaf_value=0.03988642913748263 -0.010899143923184942 -0.039259455748546654 0.0043993392515180897 0.02267991472563112 -0.019298822597094929 0.036441148284834794 -0.037404877819289604 -0.036007305087661562
leaf_weight=3.4131193608045569 1.6700792498886583 1.9696558266878144 8.462347727268936 2.8602647669613361 4.3058502208441487 7.1138085126876822 2.6635330040007821 3.9203742649406195
leaf_count=10 18 12 47 15 36 33 31 48
internal_value=0.00214554 0.00611271 0.0020867 -0.0175559 0.0107316 0.0190332 -0.0271901 -0.0370948
internal_weight=36.379 32.0454 28.6323 8.75029 19.882 15.5762 4.33361 5.89003
internal_count=250 201 191 75 116 80 49 60
is_linear=0
shrinkage=0.05


Tree=122
num_leaves=11
num_cat=0
split_feature=21 12 23 7 32 3 16 26 29 29
split_gain=1.71502 2.14127 1.94556 2.25471 2.89954 1.86266 1.38766 1.36998 0.840395 0.291206
threshold=0.00030882381942320963 0.020023775962578493 -0.0025970891986756279 0.65509510934352888 0.012464160719831254 -0.0091143224299356489 0.0055692452985979099 0.030394714914133595 0.0027171793287790185 -0.00067909459252551974
decision_type=2 2 2 2 2 2 2 2 2 2
left_child=2 7 3 -1 -5 -4 -7 8 9 -2
right_child=1 -3 5 4 -6 6 -8 -9 -10 -11
leaf_value=0.023836807117859831 -0.027755867830547128 0.01299992675108564 -0.0094385632242702747 -0.041361540356101074 0.0076673859764452333 0.01062727100006731 0.043775084250732579 0.0034699617801254852 -0.0085361824355465916 -0.046006347954570925
leaf_weight=4.8277530819177654 4.2752300687134293 6.879556141793727 4.3247094601392773 5.9700082987546903 6.0933796316385269 5.8397573530673963 6.8734457269310951 4.5241430699825278 3.654360979795455 4.4720094427466419
leaf_count=22 36 31 15 21 24 19 31 17 14 20
internal_value=-0.000233283 -0.0105214 0.00698508 -0.00503993 -0.0165964 0.0189065 0.0285488 -0.0200818 -0.0286735 -0.0370864
internal_weight=57.7344 23.8053 33.9291 16.8911 12.0634 17.0379 12.7132 16.9257 12.4016 8.74724
internal_count=250 118 132 67 45 65 50 87 70 56
is_linear=0
shrinkage=0.05


Tree=123
num_leaves=7
num_cat=0
split_feature=29 0 17 22 30 13
split_gain=1.78253 2.27311 2.8154 2.37924 2.75579 1.46678
threshold=-0.0093031486362166165 -0.0032410739960454511 -0.00015557588654296409 0.005961149877537931 0.015012514807604351 46.878219000298678
decision_type=2 2 2 2 2 2
left_child=-1 5 -3 4 -4 -2
right_child=1 2 3 -5 -6 -7
leaf_value=0.027008487398737863 -0.043552003376110378 0.033446677878812496 -0.020854735417874457 0.029729667601991763 0.014752566075785315 -0.0066018188168980004
leaf_weight=5.0424103289842597 5.1966453865170461 5.8617094792425588 18.116470448672782 4.3655423372983924 7.7619981616735449 5.5587143786251545
leaf_count=24 26 24 90 21 37 28
internal_value=-0.0012388 -0.0042783 0.00173203 -0.00441471 -0.0101747 -0.024455
internal_weight=51.9035 46.8611 36.1057 30.244 25.8785 10.7554
internal_count=250 226 172 148 127 54
is_linear=0
shrinkage=0.05


Tree=124
num_leaves=8
num_cat=0
split_feature=19 16 27 22 23 20 32
split_gain=1.59605 1.62592 1.83468 2.23351 2.14443 1.69459 0.286188
threshold=0.051678693708908326 0.0036382114729644872 -0.019696370333794063 -0.0016743999685090436 0.0042449080137474402 0.017435260543101298 -0.10950200840869274
decision_type=2 2 2 2 2 2 2
left_child=1 -1 -3 5 -5 -4 -2
right_child=6 2 3 4 -6 -7 -8
leaf_value=0.038630751866261109 -0.010531683956456935 -0.028574675481970929 -0.036980375070862076 0.025659464297755449 -0.016680782057620098 0.015801481655243071 -0.037226258018481048
leaf_weight=3.3969893455505398 1.647919066250324 4.1771925091743496 4.1499347519129577 13.880869455635546 3.8117144759744397 2.4001616127789021 2.5696241892874232
leaf_count=10 18 32 46 66 34 13 31
internal_value=0.00210651 0.00593772 0.00202996 0.00730337 0.0165376 -0.0176394 -0.0267959
internal_weight=36.0344 31.8169 28.4199 24.2427 17.6926 6.5501 4.21754
internal_count=250 201 191 159 100 59 49
is_linear=0
shrinkage=0.05


Tree=125
num_leaves=11
num_cat=0
split_feature=21 28 29 17 17 12 31 33 9 21
split_gain=1.63712 2.02478 1.94266 1.75018 1.57409 1.35196 1.2777 0.871819 0.6258 0.00823553
threshold=-0.0017191509863060948 -0.027330402965372699 -0.0028343717650526341 -3.0263171990597757e-05 0.00017193858391443046 0.0072674744453094528 0.012534581282681626 0.57500000000000007 0.65497699379920971 0.0020484144885183357
decision_type=2 2 2 2 2 2 2 2 2 2
left_child=1 -1 8 5 6 -4 -5 -3 -2 -10
right_child=2 7 3 4 -6 -7 -8 -9 9 -11
leaf_value=-0.0091792336968783902 -0.0081546721785765129 0.038875584503452951 -0.0071773959836120629 -0.0026930563364066223 0.013607496946331236 0.025700188848414986 -0.032975231770124347 0.0092917264959117996 -0.040185999346314838 -0.036190737575603329
leaf_weight=6.363834552466872 2.6078936494886866 6.053118020296095 4.9590288847684851 6.5865903869271296 5.1590375751256934 8.4631454870104772 7.3932482749223709 4.2310255318880081 2.6034198626875877 2.5564286075532436
leaf_count=22 17 29 18 26 20 31 28 18 15 26
internal_value=-0.000203744 0.0129876 -0.0056492 -0.000289273 -0.00999696 0.0135531 -0.0187078 0.0267044 -0.0281171 -0.0382066
internal_weight=56.9768 16.648 40.3288 32.5611 19.1389 13.4222 13.9798 10.2841 7.76774 5.15985
internal_count=250 69 181 123 74 49 54 47 58 41
is_linear=0
shrinkage=0.05


Tree=126
num_leaves=8
num_cat=0
split_feature=13 10 21 1 15 12 30
split_gain=1.69869 2.41901 2.3745 3.05648 2.12164 1.49274 0.904119
threshold=36.458074118359711 -0.0082683318133502815 0.0019773403340929145 0.0038032316921488012 0.0086917171330561788 0.01491135456419246 -0.0034444174679946755
decision_type=2 2 2 2 2 2 2
left_child=-1 -2 3 6 -4 -5 -3
right_child=1 2 4 5 -6 -7 -8
leaf_value=-0.029839082188169549 0.037007548357329931 -0.012630540259043758 0.030568818513307418 -0.011507227925265701 -0.007874637982442893 0.019032312957447044 -0.041455047739501427
leaf_weight=4.7120215371251097 4.3853652253746978 4.423801988363266 8.4410861730575544 8.1745166480541247 6.2435281351208678 7.8377119079232207 7.0653693154454249
leaf_count=21 21 23 39 36 28 35 47
internal_value=-0.00123059 0.00166398 -0.0020101 -0.0106782 0.0142236 0.00344135 -0.0303564
internal_weight=51.2834 46.5714 42.186 27.5014 14.6846 16.0122 11.4892
internal_count=250 229 208 141 67 71 70
is_linear=0
shrinkage=0.05


Tree=127
num_leaves=8
num_cat=0
split_feature=19 16 27 22 23 20 32
split_gain=1.49965 1.51339 1.73199 2.06928 1.95397 1.63575 0.315926
threshold=0.051678693708908326 0.0036382114729644872 -0.019696370333794063 -0.0016743999685090436 0.0042449080137474402 0.017435260543101298 -0.11410722530514622
decision_type=2 2 2 2 2 2 2
left_child=1 -1 -3 5 -5 -4 -2
right_child=6 2 3 4 -6 -7 -8
leaf_value=0.037380515744598254 -0.0082872622424598301 -0.028200051021696333 -0.03685202319214044 0.024437971843903061 -0.016214605480079518 0.015219699894969281 -0.037046909027417273
leaf_weight=3.3724383860826519 1.5144364237785337 4.0775458663702038 4.0110692679882112 13.979272276163099 3.7484330460429183 2.4169779792428017 2.5845376178622237
leaf_count=10 17 32 46 66 34 13 32
internal_value=0.00203313 0.00572339 0.00194197 0.00703002 0.0158422 -0.0172728 -0.0264212
internal_weight=35.7047 31.6057 28.2333 24.1558 17.7277 6.42805 4.09897
internal_count=250 201 191 159 100 59 49
is_linear=0
shrinkage=0.05


Tree=128
num_leaves=10
num_cat=0
split_feature=21 12 28 7 26 25 1 29 29
split_gain=1.54684 1.98202 1.81609 1.86065 1.29844 0.972797 0.972979 0.802689 0.287106
threshold=0.00030882381942320963 0.020023775962578493 -0.033802441634774187 0.69276348650455477 0.030394714914133595 0.010820773144827657 0.0049816842771792666 0.0027171793287790185 -0.00067909459252551974
decision_type=2 2 2 2 2 2 2 2 2
left_child=2 4 -1 5 7 6 -4 8 -2
right_child=1 -3 3 -5 -6 -7 -8 -9 -10
leaf_value=-0.011561221239995275 -0.026958207497633498 0.012728007370038492 0.0036171124631834274 -0.0088975317699343283 0.0036602344070015298 0.041995427412038988 0.031943642711120906 -0.00828326984464825 -0.045473778788312706
leaf_weight=9.6180380135774595 4.0655092410743263 6.7493779808282843 7.2788401395082527 6.35884154587984 4.4342477843165389 4.7539020180702201 5.1951862648129463 3.6065554767847052 4.3166963234543827
leaf_count=32 36 31 28 28 17 20 24 14 20
internal_value=-0.000168214 -0.0100824 0.00675051 0.0142175 -0.0194568 0.0227493 0.0154146 -0.028007 -0.0364934
internal_weight=56.3772 23.1724 33.2048 23.5868 16.423 17.2279 12.474 11.9888 8.38221
internal_count=250 118 132 100 87 72 52 70 56
is_linear=0
shrinkage=0.05


Tree=129
num_leaves=7
num_cat=0
split_feature=29 0 17 22 30 13
split_gain=1.63758 2.09211 2.59622 2.23388 2.52184 1.3725
threshold=-0.0093031486362166165 -0.0032410739960454511 -0.00015557588654296409 0.005961149877537931 0.015012514807604351 46.878219000298678
decision_type=2 2 2 2 2 2
left_child=-1 5 -3 4 -4 -2
right_child=1 2 3 -5 -6 -7
leaf_value=0.026358790396443305 -0.042529533850741673 0.032414385551577322 -0.020310852850779174 0.02927980078296127 0.014088108351252866 -0.0063461088733407405
leaf_weight=4.8648814707994452 5.0489461198449117 5.7503895387053445 17.666954893618833 4.2399497628211966 7.6287000961601725 5.449491623789072
leaf_count=24 26 24 90 21 37 28
internal_value=-0.00122206 -0.0041527 0.00167725 -0.00430708 -0.00993676 -0.0237476
internal_weight=50.6493 45.7844 35.286 29.5356 25.2957 10.4984
internal_count=250 226 172 148 127 54
is_linear=0
shrinkage=0.05


Tree=130
num_leaves=8
num_cat=0
split_feature=16 0 0 1 29 12 1
split_gain=1.43524 1.69024 1.99568 1.55988 1.49069 0.363906 0.148753
threshold=0.0089466435670463116 0.0043548068451441111 0.002008854421244322 -0.010940001663405306 0.0058275285417502829 0.0043440626311229648 0.004706178753416613
decision_type=2 2 2 2 2 2 2
left_child=1 2 3 -1 -5 -2 -4
right_child=5 -3 6 4 -6 -7 -8
leaf_value=-0.020113409304179247 -0.0042313989970549169 0.029979717672006825 -0.020102244803028083 0.004370185925654425 0.037991205111066892 -0.035993453323304059 -0.038252887192057647
leaf_weight=4.3306737504899564 1.3312082495540369 5.8013083692640057 2.0817422829568377 12.023103151470428 4.5425386950373641 2.7957075368613005 2.4659776445478201
leaf_count=25 13 35 20 75 22 39 21
internal_value=0.00196477 0.0056251 7.21837e-05 0.00660476 0.0135896 -0.0257481 -0.0299443
internal_weight=35.3723 31.2453 25.444 20.8963 16.5656 4.12692 4.54772
internal_count=250 198 163 122 97 52 41
is_linear=0
shrinkage=0.05


Tree=131
num_leaves=8
num_cat=0
split_feature=29 5 33 26 12 20 28
split_gain=1.51336 1.43086 1.77944 1.93819 1.88728 1.33657 0.953249
threshold=-0.0033718182032360651 0.007841615147674957 0.29500000000000004 0.032064421348831147 0.014598345747854891 0.078246208741906256 0.0219700531521595
decision_type=2 2 2 2 2 2 2
left_child=5 2 3 4 -2 -1 -4
right_child=1 -3 6 -5 -6 -7 -8
leaf_value=-0.039302619096948405 0.00066790719354396138 -0.017918875884895283 0.010846728600075075 0.025173535435855873 -0.035183581597486496 -0.0015318272783965126 0.036517693628362116
leaf_weight=4.218657009303568 13.852576479315763 6.6256992369890204 9.6748655214905721 5.3879989683628073 4.9942548647522917 5.2656513676047325 5.7747865468263617
leaf_count=33 62 20 37 21 21 30 26
internal_value=-0.00013624 0.00359033 0.0071815 -0.00127208 -0.00883244 -0.0183324 0.020442
internal_weight=55.7945 46.3102 39.6845 24.2348 18.8468 9.48431 15.4497
internal_count=250 187 167 104 83 63 63
is_linear=0
shrinkage=0.05


Tree=132
num_leaves=11
num_cat=0
split_feature=23 17 23 12 3 26 6 12 4 29
split_gain=1.53126 1.85177 1.79857 2.05816 1.9963 1.81748 1.25814 2.16321 1.21443 0.573846
threshold=0.0062072404666733147 -8.0988684525297019e-05 -0.002937974055206793 0.013333819668921059 0.012532458179716823 -0.0039593647185910399 0.9665765007341246 0.0049798055463303069 0.0043044772959024554 -0.00067909459252551974
decision_type=2 2 2 2 2 2 2 2 2 2
left_child=2 -2 3 5 6 -1 -4 -8 -7 -3
right_child=1 9 4 -5 -6 8 7 -9 -10 -11
leaf_value=0.021473576877326025 -0.015090720370694397 0.041449682931467779 0.01700865439996024 0.030453204347786918 -0.037567619963030909 -0.00079475960306703373 -0.036475861210420561 0.012163015870356758 -0.04182969156505071 0.015529558527784504
leaf_weight=3.7695320323109636 3.833567574620246 3.727075792849063 4.4249535053968456 5.6604564078152171 7.1186434663832179 3.59635203331709 5.2696111202239972 4.0374093800783157 3.6158419884741306 4.9997772499918929
leaf_count=22 17 22 25 28 34 21 22 18 19 22
internal_value=-0.00123426 0.0138753 -0.00629609 0.00596175 -0.0160798 -0.0066622 -0.00494059 -0.0153762 -0.0213677 0.0265996
internal_weight=50.0532 12.5604 37.4928 16.6422 20.8506 10.9817 13.732 9.30702 7.21219 8.72685
internal_count=250 61 189 90 99 62 65 40 40 44
is_linear=0
shrinkage=0.05


Tree=133
num_leaves=8
num_cat=0
split_feature=19 16 27 22 23 20 32
split_gain=1.35851 1.38884 1.61234 1.87492 1.60115 1.58405 0.311022
threshold=0.051678693708908326 0.0036382114729644872 -0.019696370333794063 -0.0016743999685090436 0.0035613813464201454 0.017435260543101298 -0.11410722530514622
decision_type=2 2 2 2 2 2 2
left_child=1 -1 -3 5 -5 -4 -2
right_child=6 2 3 4 -6 -7 -8
leaf_value=0.03601773642847949 -0.0077087855533213723 -0.027770734289245175 -0.036692502864579923 0.023809794007592061 -0.010741855312447104 0.014980358027180663 -0.036782420939086458
leaf_weight=3.3152148723602322 1.4767204932868483 3.9591047465801266 3.856795107945806 13.166797928512095 4.4985895827412596 2.409870907664299 2.4394986722618333
leaf_count=10 17 32 46 61 39 13 32
internal_value=0.00193909 0.00542261 0.001786 0.0066756 0.015011 -0.0168215 -0.0258194
internal_weight=35.1226 31.2064 27.8912 23.9321 17.6654 6.26667 3.91622
internal_count=250 201 191 159 100 59 49
is_linear=0
shrinkage=0.05


Tree=134
num_leaves=10
num_cat=0
split_feature=25 29 21 21 17 34 19 9 21
split_gain=1.46852 2.68768 1.39976 1.80564 1.04443 1.81693 1.60087 0.5624 0.0224081
threshold=0.02673919386274826 -0.0033718182032360651 -0.0024933130898751039 -0.0043938617286006223 -3.0263171990597757e-05 0.51793232114243859 0.0078413239599637325 0.65322226881980905 0.00040390760757880178
decision_type=2 2 2 2 2 2 2 2 2
left_child=1 7 3 -3 5 -4 -6 -1 -9
right_child=-2 2 4 -5 6 -7 -8 8 -10
leaf_value=-0.010464602264488599 0.02748726476717013 -0.0041554401142274823 -0.015978907985540625 0.040041754992897804 -0.017348268064758917 0.022610636852020916 0.015421639645731434 -0.042579860492218 -0.035965922054859913
leaf_weight=2.647127788513898 4.4319525659084311 4.3007188588380814 4.7849099189043001 4.9947260841727239 15.438869386911398 8.414094075560568 4.9128343462944022 2.185917928814888 3.092229425907135
leaf_count=15 15 18 19 25 61 31 22 10 34
internal_value=-0.000114611 -0.00252404 0.00242362 0.0195931 -0.00233328 0.00862113 -0.00943772 -0.0292724 -0.0387051
internal_weight=55.2034 50.7714 42.8462 9.29544 33.5507 13.199 20.3517 7.92528 5.27815
internal_count=250 235 176 43 133 50 83 59 44
is_linear=0
shrinkage=0.05


Tree=135
num_leaves=9
num_cat=0
split_feature=21 29 23 25 16 14 8 28
split_gain=1.47303 1.88601 1.51497 1.46848 1.3809 2.18344 0.00788322 0.000766398
threshold=0.0015291427556902717 0.00066787763764009089 -0.0025970891986756279 0.010820773144827657 0.0074990345562421208 0.62236731357106256 0.0054304935297643138 -0.017113539039669608
decision_type=2 2 2 2 2 2 2 2
left_child=1 2 -1 6 5 -2 7 -3
right_child=4 3 -4 -5 -6 -7 -8 -9
leaf_value=0.018799869359872323 -0.023347142019983849 -0.037057750892163378 -0.010356459222312151 -0.0014244971841309581 0.028190221123978749 0.018278735734255327 -0.039848594698103375 -0.035775035866921892
leaf_weight=7.6958308592438724 5.6235669329762477 2.3314646854996699 10.580750480294229 4.5473284609615803 6.5594655200839034 7.1630407124757767 2.6123315766453743 2.3264834992587531
leaf_count=30 23 19 38 31 37 28 17 27
internal_value=-0.00122477 -0.00814452 0.00192057 -0.0237107 0.0095394 -2.83803e-05 -0.0376501 -0.0364171
internal_weight=49.4403 30.0942 18.2766 11.8176 19.3461 12.7866 7.27028 4.65795
internal_count=250 162 68 94 88 51 63 46
is_linear=0
shrinkage=0.05


Tree=136
num_leaves=8
num_cat=0
split_feature=16 0 0 1 29 28 1
split_gain=1.2968 1.55897 1.8364 1.42818 1.35645 0.390956 0.147315
threshold=0.0089466435670463116 0.0043548068451441111 0.002008854421244322 -0.010940001663405306 0.0058275285417502829 -0.022465270449632865 0.004706178753416613
decision_type=2 2 2 2 2 2 2
left_child=1 2 3 -1 -5 -2 -4
right_child=5 -3 6 4 -6 -7 -8
leaf_value=-0.019758944298860409 -0.0023252899698440691 0.0286903684237865 -0.019602701275425839 0.0039185500838922914 0.036035198807050403 -0.036007722636642946 -0.038017182991436693
leaf_weight=4.2385078556835714 1.2713207155466082 5.7864724639803162 2.0115868002176276 11.900074280798441 4.5426254123449317 2.6726110409945241 2.3606499750167131
leaf_count=25 13 35 20 75 22 39 21
internal_value=0.00184639 0.00529882 -0.00010381 0.00612039 0.0127914 -0.0251502 -0.029545
internal_weight=34.7838 30.8399 25.0534 20.6812 16.4427 3.94393 4.37224
internal_count=250 198 163 122 97 52 41
is_linear=0
shrinkage=0.05


Tree=137
num_leaves=8
num_cat=0
split_feature=6 21 28 27 17 27 23
split_gain=1.41429 1.22249 1.51755 1.86902 2.35169 1.25431 0.902571
threshold=0.7968738363849478 0.0033023354171393131 -0.041613491177663435 -0.014249805898495336 -3.0263171990597757e-05 -0.014249805898495336 0.0068949173107134562
decision_type=2 2 2 2 2 2 2
left_child=-1 2 5 -4 -5 -2 -3
right_child=1 6 3 4 -6 -7 -8
leaf_value=-0.023876833816194865 -0.026520594359778157 -0.039478992142709418 0.034519678511929254 0.023179246147714647 -0.0080580272951579057 0.0061288345839356521 0.00042739493349209921
leaf_weight=5.5979909971356383 5.7502217590808868 2.7861244045197955 6.7614569514989844 10.278939958661796 14.559714261442425 6.0227420628070814 2.8830977007746696
leaf_count=30 19 19 31 45 63 22 21
internal_value=-6.71949e-05 0.00265058 0.00550461 0.0112132 0.00486884 -0.009818 -0.0191845
internal_weight=54.6403 49.0423 43.3731 31.6001 24.8387 11.773 5.66922
internal_count=250 220 180 139 108 41 40
is_linear=0
shrinkage=0.05


Tree=138
num_leaves=7
num_cat=0
split_feature=29 0 17 22 30 13
split_gain=1.42356 1.88934 2.42352 1.96093 2.3241 1.27497
threshold=-0.0093031486362166165 -0.0032410739960454511 -0.00015557588654296409 0.0057319466409141437 0.015012514807604351 46.878219000298678
decision_type=2 2 2 2 2 2
left_child=-1 5 -3 4 -4 -2
right_child=1 2 3 -5 -6 -7
leaf_value=0.025192209376246867 -0.041515152186392387 0.031647997908240397 -0.020173004535537279 0.026600657598842354 0.013422558492242821 -0.005948341369850319
leaf_weight=4.6262243539094916 4.8292158283293229 5.6274162456393197 16.717089414596568 4.3612587340176097 7.4385491386055937 5.2687378786504269
leaf_count=24 26 24 88 23 37 28
internal_value=-0.00119836 -0.0039579 0.00166116 -0.00425633 -0.0098275 -0.0229577
internal_weight=48.8685 44.2423 34.1443 28.5169 24.1556 10.098
internal_count=250 226 172 148 125 54
is_linear=0
shrinkage=0.05


Tree=139
num_leaves=9
num_cat=0
split_feature=19 16 27 22 20 27 7 16
split_gain=1.24104 1.23253 1.49992 1.71271 1.52034 1.4373 0.333744 0.000855098
threshold=0.051678693708908326 0.0036382114729644872 -0.019696370333794063 -0.0016743999685090436 0.017435260543101298 -0.00172329788296377 0.65264685451984417 0.0064686973119551386
decision_type=2 2 2 2 2 2 2 2
left_child=1 -1 -3 4 -4 -5 -2 -8
right_child=6 2 3 5 -6 -7 7 -9
leaf_value=0.034082176480512275 -0.0037328419985685592 -0.027331823060417804 -0.036527107791149614 0.032393897819229127 0.014457861323289623 0.0029787393255144689 -0.036543529202007485 -0.034710585204544127
leaf_weight=3.2758677452802685 1.2094860225915902 3.843780197203162 3.7088707983493867 6.7462172359228232 2.4137460142374039 10.802905654534685 1.2815625518560412 1.263735845685005
leaf_count=10 9 32 46 34 13 66 13 27
internal_value=0.00178072 0.00509005 0.00163839 0.00634252 -0.0164271 0.0142865 -0.0253577 -0.0356335
internal_weight=34.5462 30.7914 27.5155 23.6717 6.12262 17.5491 3.75478 2.5453
internal_count=250 201 191 159 59 100 49 40
is_linear=0
shrinkage=0.05


Tree=140
num_leaves=9
num_cat=0
split_feature=25 29 21 21 22 30 9 21
split_gain=1.33977 2.52592 1.25414 1.67976 0.999331 1.61714 0.570962 0.0199535
threshold=0.02673919386274826 -0.0033718182032360651 -0.0024933130898751039 -0.0043938617286006223 0.0071281247551754365 0.010064697192391227 0.65289028882980349 0.00030882381942320963
decision_type=2 2 2 2 2 2 2 2
left_child=1 6 3 -3 5 -4 -1 -8
right_child=-2 2 4 -5 -6 -7 7 -9
leaf_value=-0.0091234579790628271 0.026451818100362491 -0.0039447964154768625 0.012909806663097552 0.03920437472150079 -0.02189951360037053 -0.011321490685975972 -0.042300681589937376 -0.035892052374107836
leaf_weight=2.4783926829695693 4.3813122063875189 4.2607210278511047 14.899906247854235 4.7925290763378126 5.3460683077573767 12.80108195543289 1.9574962407350538 3.2003115378320217
leaf_count=13 15 18 55 25 24 54 9 37
internal_value=-5.46086e-05 -0.00238957 0.00240929 0.0188971 -0.00210756 0.00171213 -0.0288469 -0.0383243
internal_weight=54.1178 49.7365 42.1003 9.05325 33.0471 27.701 7.6362 5.15781
internal_count=250 235 176 43 133 109 59 46
is_linear=0
shrinkage=0.05


Tree=141
num_leaves=8
num_cat=0
split_feature=13 10 21 1 15 20 30
split_gain=1.37069 2.17797 1.91081 2.69693 1.99807 1.45617 0.85376
threshold=36.458074118359711 -0.0082683318133502815 0.0019773403340929145 0.0038032316921488012 0.0086917171330561788 0.020184681849068079 -0.0034444174679946755
decision_type=2 2 2 2 2 2 2
left_child=-1 -2 3 6 -4 -5 -3
right_child=1 2 4 5 -6 -7 -8
leaf_value=-0.027622966582283373 0.035754571420793906 -0.011707342036358455 0.02958241624333954 0.013075669435996726 -0.009031979633790526 -0.021119740063251208 -0.040709997234969875
leaf_weight=4.4610764160752288 4.1891696713864794 4.1565481759607792 7.7898537926375848 10.936780996620653 5.8778718113899231 4.3521634489297858 6.5142424702644366
leaf_count=21 21 23 39 53 28 18 47
internal_value=-0.0012192 0.00146903 -0.00215542 -0.0101221 0.0129761 0.00334158 -0.0294127
internal_weight=48.2777 43.8166 39.6275 25.9597 13.6677 15.2889 10.6708
internal_count=250 229 208 141 67 71 70
is_linear=0
shrinkage=0.05


Tree=142
num_leaves=9
num_cat=0
split_feature=19 16 27 22 20 23 7 26
split_gain=1.17629 1.15042 1.41255 1.59441 1.46332 1.36721 0.323192 0.000422986
threshold=0.051678693708908326 0.0036382114729644872 -0.019696370333794063 -0.0016743999685090436 0.017435260543101298 0.0035613813464201454 0.65264685451984417 0.016010884312195665
decision_type=2 2 2 2 2 2 2 2
left_child=1 -1 -3 4 -4 -5 -2 -8
right_child=6 2 3 5 -6 -7 7 -9
leaf_value=0.033053381546357979 -0.0039535127554496986 -0.026889989468963378 -0.036399053065294139 0.021789076035675061 0.013891077950532921 -0.010442863025767144 -0.034873226611070951 -0.03618950762376099
leaf_weight=3.2572885900735882 1.2129669561982148 3.7491550669074085 3.5811981493607226 13.192741610109804 2.4266365543007851 4.3831201754510394 1.2231945954263213 1.218159371986985
leaf_count=10 9 32 46 61 13 39 25 15
internal_value=0.00176246 0.00496537 0.00161809 0.00615008 -0.0160863 0.013751 -0.0250489 -0.03553
internal_weight=34.2445 30.5901 27.3329 23.5837 6.00783 17.5759 3.65432 2.44135
internal_count=250 201 191 159 59 100 49 40
is_linear=0
shrinkage=0.05


Tree=143
num_leaves=9
num_cat=0
split_feature=6 23 23 6 26 28 15 11
split_gain=1.30679 1.19486 2.49188 2.34832 2.05243 1.80726 1.6782 0.822129
threshold=0.7968738363849478 -0.0025970891986756279 0.0018205661624105531 1.1054098550981635 0.028204673365416547 0.024831379034897298 0.0081442846750595117 0.65536732017993937
decision_type=2 2 2 2 2 2 2 2
left_child=-1 3 7 6 5 -4 -2 -3
right_child=1 2 4 -5 -6 -7 -8 -9
leaf_value=-0.023206793206711426 -0.013884929234819014 0.011774804099340425 -0.025009002797259303 -0.040477612759711526 0.022914729732961131 0.017199232595025087 0.019837520669308658 0.039694825681500311
leaf_weight=5.4606318622827521 7.7655463628470915 4.5437112003564852 9.2161011286079901 4.136989399790763 5.6090425103902808 3.4989404529333106 7.0284223631024361 6.2818697094917297
leaf_count=30 35 19 48 19 22 23 32 22
internal_value=-2.79127e-05 0.00260457 0.00895661 -0.00717624 -0.00227988 -0.0133941 0.00213617 0.0279762
internal_weight=53.5413 48.0806 29.1497 18.931 18.3241 12.715 14.794 10.8256
internal_count=250 220 134 86 93 71 67 41
is_linear=0
shrinkage=0.05


Tree=144
num_leaves=11
num_cat=0
split_feature=29 30 25 19 0 9 13 19 16 25
split_gain=1.34493 1.5243 1.58996 1.99972 1.14443 1.10758 1.08342 1.24825 1.02654 0.857232
threshold=0.0027171793287790185 0.015012514807604351 -0.00039091095706095253 -0.007256721409300059 -0.0010468497590704893 0.65444700419902813 44.424343058630072 -0.016555003938435228 0.0063169781192704191 0.0086919345802622967
decision_type=2 2 2 2 2 2 2 2 2 2
left_child=1 2 3 -1 -5 -4 -2 9 -7 -8
right_child=6 -3 5 4 -6 8 7 -9 -10 -11
leaf_value=-0.017674150342251053 -0.034985785102867949 0.029000778658684803 -0.029899500796126771 0.0050730625888303531 0.04095843439885867 -0.017991126389100328 -0.011248172452157642 -0.029147613541789748 0.014862568110902316 0.023870897384509513
leaf_weight=3.8373746350407592 4.2579275555908671 5.3030050992965689 5.2504798248410252 3.9222648590803111 5.124505218118431 4.677540894597767 3.3051964007318011 3.5687935054302207 4.8356742337346077 3.6636823005974293
leaf_count=17 32 21 24 19 32 19 22 23 21 20
internal_value=-0.00117753 0.00444566 -0.000264149 0.0125711 0.0254002 -0.0114653 -0.0137007 -0.00510016 -0.00129122 0.00721464
internal_weight=47.7464 32.9508 27.6478 12.8841 9.04677 14.7637 14.7956 10.5377 9.51322 6.96888
internal_count=250 153 132 68 51 64 97 65 40 42
is_linear=0
shrinkage=0.05


Tree=145
num_leaves=9
num_cat=0
split_feature=16 0 0 1 29 28 1 10
split_gain=1.11746 1.41458 1.67951 1.30052 1.15087 0.433563 0.143804 0.000818874
threshold=0.0089466435670463116 0.0043548068451441111 0.002008854421244322 -0.010940001663405306 0.0058275285417502829 -0.025951307483199178 0.004706178753416613 1.0000000180025095e-35
decision_type=2 2 2 2 2 2 2 2
left_child=1 2 3 -1 -5 -2 -4 -7
right_child=5 -3 6 4 -6 7 -8 -9
leaf_value=-0.019476063069323278 0.0012361260951286807 0.02721486200222677 -0.019226085380123482 0.003637418631910784 0.033367341001259085 -0.036692669429801851 -0.037844372995796037 -0.034899293054932674
leaf_weight=4.1398116834461751 1.1452016681432726 5.7197624426335087 1.9199282880872477 11.672759288921958 4.5140630155801764 1.2877512834966176 2.255549093708396 1.2586732925847171
leaf_count=25 12 35 20 75 22 14 21 26
internal_value=0.00165366 0.00482577 -0.000400732 0.00553234 0.0119283 -0.0243151 -0.0292835 -0.0358062
internal_weight=33.9135 30.2219 24.5021 20.3266 16.1868 3.69163 4.17548 2.54642
internal_count=250 198 163 122 97 52 41 40
is_linear=0
shrinkage=0.05


Tree=146
num_leaves=7
num_cat=0
split_feature=6 25 29 28 6 31
split_gain=1.21934 1.33644 2.31562 1.64917 2.0238 0.44839
threshold=0.7968738363849478 0.02673919386274826 -0.0033718182032360651 0.020126715729540948 1.1054098550981635 -0.0082764354741406785
decision_type=2 2 2 2 2 2
left_child=-1 2 5 4 -4 -2
right_child=1 -3 3 -5 -6 -7
leaf_value=-0.022513343700829861 -0.011755210134957615 0.030062446186686353 0.0074483778360822485 0.026473644476456074 -0.02210344029568382 -0.038358799361055247
leaf_weight=5.4008672572672358 2.6897956691682339 4.0409572869539252 22.106441959738735 7.1207106672227374 7.8509761542081824 3.8521526269614688
leaf_count=30 17 14 90 35 31 33
internal_value=2.65971e-06 0.00255413 5.76911e-06 0.00484476 -0.000296302 -0.0274204
internal_weight=53.0619 47.661 43.6201 37.0781 29.9574 6.54195
internal_count=250 220 206 156 121 50
is_linear=0
shrinkage=0.05


Tree=147
num_leaves=10
num_cat=0
split_feature=21 29 27 31 25 16 14 8 28
split_gain=1.2628 1.72231 1.44154 2.26273 1.35244 1.16745 1.93203 0.00586828 0.000477569
threshold=0.0015291427556902717 0.00066787763764009089 0.0056873440761435754 0.012534581282681626 0.010820773144827657 0.0074990345562421208 0.62236731357106256 0.0054304935297643138 -0.017113539039669608
decision_type=2 2 2 2 2 2 2 2 2
left_child=1 2 3 -1 7 6 -2 8 -3
right_child=5 4 -4 -5 -6 -7 -8 -9 -10
leaf_value=-0.01088253826164576 -0.022480384020874426 -0.036649358063782125 -0.017909196562734597 0.03328899438008065 -0.0016285542934079346 0.026848450235205379 0.017584791447130956 -0.039180836274075578 -0.03558997961386641
leaf_weight=5.5289045348763519 5.3309661671519297 2.1065975129604357 5.9925501719117156 6.0958104878664017 4.4205631725490093 6.1417877599596968 6.9081935063004494 2.4632004387676716 2.1491655670106375
leaf_count=24 23 19 22 22 31 37 28 17 27
internal_value=-0.00117604 -0.00771889 0.00201127 0.0122803 -0.0231072 0.00906017 0.000133749 -0.0372385 -0.0361144
internal_weight=47.1377 28.7568 17.6173 11.6247 11.1395 18.3809 12.2392 6.71896 4.25576
internal_count=250 162 68 46 94 88 51 63 46
is_linear=0
shrinkage=0.05


Tree=148
num_leaves=7
num_cat=0
split_feature=30 0 12 16 24 26
split_gain=1.08087 1.397 2.03079 1.44801 1.63448 1.18345
threshold=0.02271561089046115 0.0043548068451441111 0.011174162871116245 0.0047034325202266877 0.016983875540142471 0.017694819313036073
decision_type=2 2 2 2 2 2
left_child=1 3 -3 -1 5 -5
right_child=-2 2 -4 4 -6 -7
leaf_value=0.015518366914110564 -0.02950070063986715 0.057674339521311235 -0.0039868840433915642 -0.033530262000689537 0.015686090661000029 -0.0020762239421681836
leaf_weight=9.0029126480221802 2.5799776306375852 2.7236181460320941 2.61961854621768 6.5192224513739365 4.6917504444718352 5.5246895626187325
leaf_count=38 24 11 30 66 36 45
internal_value=0.00159741 0.00417874 0.0274438 -0.000651007 -0.00934929 -0.0191019
internal_weight=33.6618 31.0818 5.34324 25.7386 16.7357 12.0439
internal_count=250 226 41 185 147 111
is_linear=0
shrinkage=0.05


Tree=149
num_leaves=10
num_cat=0
split_feature=21 12 28 7 29 25 1 9 29
split_gain=1.13805 1.84628 1.57752 1.57401 1.11545 0.762656 0.932917 0.655293 0.0474485
threshold=0.00030882381942320963 0.020023775962578493 -0.033802441634774187 0.69276348650455477 0.0025370905464605635 0.010820773144827657 0.0049816842771792666 0.65336682200431839 -0.00067909459252551974
decision_type=2 2 2 2 2 2 2 2 2
left_child=2 4 -1 5 7 6 -4 -2 -9
right_child=1 -3 3 -5 -6 -7 -8 8 -10
leaf_value=-0.011269529198983986 -0.010689847618793713 0.013869493921413163 0.0028939108405030144 -0.0086099655456049473 -0.0039486133593282235 0.039113255170159823 0.031682397278502653 -0.036526835011781833 -0.045945864910003346
leaf_weight=9.1994914859533328 2.6100351177155989 6.2941329292953005 6.8203965574502998 5.9375498816370955 7.0820720642805099 4.4518487304449073 4.7908843234181404 2.6658829934895047 2.6823984757065764
leaf_count=32 18 31 28 28 29 20 24 28 12
internal_value=3.16817e-05 -0.0088678 0.0061171 0.0133872 -0.0183829 0.0215183 0.0147722 -0.031228 -0.0412509
internal_weight=52.5347 21.3345 31.2002 22.0007 15.0404 16.0631 11.6113 7.95832 5.34828
internal_count=250 118 132 100 87 72 52 58 40
is_linear=0
shrinkage=0.05


Tree=150
num_leaves=11
num_cat=0
split_feature=19 1 25 21 22 0 25 3 17 29
split_gain=1.22442 1.92642 1.91801 1.52592 1.39874 1.16104 1.09278 0.745404 0.162306 0.0306018
threshold=-0.0051572431413661737 0.010303518108427003 0.0097353269351553324 0.0015291427556902717 0.0030453698429638858 -0.0011468654679807064 -0.0004555242770711842 0.0031921445281996035 -8.0988684525297019e-05 0.0014032743461628307
decision_type=2 2 2 2 2 2 2 2 2 2
left_child=1 3 4 8 5 -2 -7 -6 -1 -10
right_child=2 -3 -4 -5 7 6 -8 -9 9 -11
leaf_value=-0.023306229873150165 -0.018601636622352147 0.014830769653744269 -0.01857100149749252 -0.0038391046602241734 0.046512238457614347 0.033939159888534159 -0.0034963816455824293 0.014117823125837148 -0.04352625872091348 -0.036023495930163359
leaf_weight=2.2077615894377232 3.9246769845485723 5.8209825679659835 5.8439735658466807 8.2649855315685254 3.8674590475857249 3.8007935732603109 4.0020503848791105 3.2834050059318542 2.4431083425879505 3.0629930160939693
leaf_count=20 17 24 26 31 22 22 19 21 13 35
internal_value=-0.001157 -0.00979522 0.00646006 -0.0187663 0.0142086 0.00358112 0.0147386 0.031638 -0.03476 -0.0393525
internal_weight=46.5222 21.7998 24.7224 15.9788 18.8784 11.7275 7.80284 7.15086 7.71386 5.5061
internal_count=250 123 127 99 101 58 41 43 68 48
is_linear=0
shrinkage=0.05


Tree=151
num_leaves=8
num_cat=0
split_feature=19 16 29 20 19 4 32
split_gain=1.05681 1.01735 1.31191 1.60497 1.96501 1.40684 0.320696
threshold=0.051678693708908326 0.0036382114729644872 -0.0038072505594032298 -0.03655062635746447 -0.092036739209486337 0.0037762175806179909 -0.12764543270267703
decision_type=2 2 2 2 2 2 2
left_child=1 -1 -3 4 -4 -5 -2
right_child=6 2 3 5 -6 -7 -8
leaf_value=0.031374361273724151 -0.005032128093302007 0.028986625001514162 0.023670161923853787 -0.026149120460335396 -0.037627500731848729 0.012703076021280919 -0.036356088995695986
leaf_weight=3.1637069284915951 1.31123941577971 3.7092936951667097 1.7253550216555593 2.8353627547621683 5.3975409446284237 13.072377823293207 2.1683035083115092
leaf_count=10 16 21 11 22 60 77 33
internal_value=0.00152803 0.00456265 0.00139045 -0.00305417 -0.0227796 0.00577814 -0.0245519
internal_weight=33.3832 29.9036 26.7399 23.0306 7.1229 15.9077 3.47954
internal_count=250 201 191 170 71 99 49
is_linear=0
shrinkage=0.05


Tree=152
num_leaves=8
num_cat=0
split_feature=23 23 6 15 16 32 25
split_gain=1.14658 1.99722 1.79543 1.87841 1.33752 1.86235 1.93817
threshold=-0.0025970891986756279 1.0000000180025095e-35 1.1054098550981635 0.0081442846750595117 0.004985986628072276 0.076970006649284939 0.0043825540775941372
decision_type=2 2 2 2 2 2 2
left_child=2 -2 3 -1 -3 6 -6
right_child=1 4 -4 -5 5 -7 -8
leaf_value=-0.018233007198704281 0.027058836832090684 -0.023136066398891434 -0.039164780329389193 0.015596306018897886 0.0018808440721301703 -0.018023353194591262 0.044306502918870727
leaf_weight=8.4724472947418743 8.3160529546439665 5.4615296833217171 4.0101820304989806 7.9573523551225653 7.8273999057710189 5.8222236931323996 4.1031467616558075
leaf_count=38 30 25 19 39 46 35 18
internal_value=5.41814e-05 0.00603376 -0.00916981 -0.00184865 -0.00149805 0.00515876 0.0164719
internal_weight=51.9703 31.5304 20.44 16.4298 23.2143 17.7528 11.9305
internal_count=250 154 96 77 124 99 64
is_linear=0
shrinkage=0.05


Tree=153
num_leaves=9
num_cat=0
split_feature=29 21 27 29 9 30 26 29
split_gain=1.20517 1.40665 1.52476 1.51101 1.75013 1.3256 1.35047 1.02259
threshold=0.0079183424289078781 0.0015291427556902717 0.0052510406100106941 0.0020926648787336082 0.65444700419902813 0.011873770381587103 0.0074195819369486946 -0.002407793637394295
decision_type=2 2 2 2 2 2 2 2
left_child=1 2 3 4 -1 6 -3 -4
right_child=-2 5 7 -5 -6 -7 -8 -9
leaf_value=-0.011599988807464219 -0.022818981003105421 0.020046468796729888 -0.0044473796133432195 -0.025254807233746557 0.02698291318348367 0.038695349801385837 -0.01351406639290537 -0.039376682812590151
leaf_weight=4.8536957539618033 5.5939798615872851 6.8046245500445384 3.9729348570108414 3.5523567385971537 7.4511855989694595 3.9206146970391265 5.3577230274677277 4.433875557035206
leaf_count=21 37 38 13 33 31 19 23 35
internal_value=-0.00107002 0.0019454 -0.00565539 0.00347083 0.0117638 0.0134126 0.00526248 -0.0228696
internal_weight=45.941 40.347 24.264 15.8572 12.3049 16.083 12.1623 8.40681
internal_count=250 213 133 85 52 80 61 48
is_linear=0
shrinkage=0.05


Tree=154
num_leaves=9
num_cat=0
split_feature=9 16 19 24 2 31 25 19
split_gain=1.0336 1.59813 1.9256 1.72919 1.7855 1.63635 0.00031682 4.9296e-05
threshold=0.65153617560863508 0.0051239844252546117 0.0012326341754252958 -0.0053380768019015137 -0.0089532726903748232 0.11067582382920076 1.0000000180025095e-35 0.042707148571172311
decision_type=2 2 2 2 2 2 2 2
left_child=-1 5 3 -3 -5 -2 7 -4
right_child=1 2 6 4 -6 -7 -8 -9
leaf_value=-0.027469221216987433 0.031807366560155446 -0.025647208535149176 -0.034970187399597681 0.047823611007987821 0.00038931991722454393 -0.0041921507259558826 -0.035551370992956959 -0.034480450306594197
leaf_weight=2.8267083037644616 7.821761257946493 3.606478530913594 0.88981125317513887 2.8819429874420175 6.366339543834326 5.2925085201859474 2.1385364346206188 1.2160890214145181
leaf_count=24 31 33 16 12 49 23 31 31
internal_value=0.00144329 0.00414828 -0.00592242 0.00371904 0.0151708 0.0172791 -0.0351227 -0.0346874
internal_weight=33.0402 30.2135 17.0992 12.8548 9.24828 13.1143 4.24444 2.1059
internal_count=250 226 172 94 61 54 78 47
is_linear=0
shrinkage=0.05


Tree=155
num_leaves=7
num_cat=0
split_feature=6 25 29 28 6 33
split_gain=1.13346 1.14714 2.09956 1.49085 1.75007 0.443673
threshold=0.7968738363849478 0.02673919386274826 -0.0033718182032360651 0.020126715729540948 1.1054098550981635 0.14500000000000005
decision_type=2 2 2 2 2 2
left_child=-1 2 5 4 -4 -2
right_child=1 -3 3 -5 -6 -7
leaf_value=-0.022039112203002365 -0.011420539484468554 0.028302915643692091 0.0070901776676324264 0.025598314768706026 -0.020752103652325698 -0.038498193240083252
leaf_weight=5.2270103432238093 2.6573413312435141 3.9473824352025977 21.48408974707127 6.9162872694432727 7.6549818664789191 3.5123289525508881
leaf_count=30 17 14 90 35 31 33
internal_value=2.86289e-05 0.00252684 0.000117176 0.00472924 -0.000224131 -0.0268356
internal_weight=51.3994 46.1724 42.225 36.0554 29.1391 6.16967
internal_count=250 220 206 156 121 50
is_linear=0
shrinkage=0.05


Tree=156
num_leaves=8
num_cat=0
split_feature=0 17 13 20 13 22 3
split_gain=1.19417 2.0854 1.54981 1.67306 1.50959 1.60671 1.60299
threshold=-0.0024734993976700532 -0.00015557588654296409 43.953500644647285 0.033676593633715564 72.27347400183983 0.0057319466409141437 0.01331298085011501
decision_type=2 2 2 2 2 2 2
left_child=2 -2 -1 -4 5 6 -3
right_child=1 4 3 -5 -6 -7 -8
leaf_value=-0.03851010482644468 0.034119430855088582 -0.0028362601255106832 -0.022073878670706034 0.0199701834398009 0.026777318181805156 0.02372961072431886 -0.034860072833337044
leaf_weight=4.2417772337794295 4.9385463371872929 13.305897954851398 4.9944734163582307 4.4962606988847256 4.0681735165417185 3.7169193923473349 5.5325422305613747
leaf_count=23 22 79 25 27 19 25 30
internal_value=-0.00107684 0.00427831 -0.0133848 -0.00215539 -0.00125708 -0.00631348 -0.0122411
internal_weight=45.2946 31.5621 13.7325 9.49073 26.6235 22.5554 18.8384
internal_count=250 175 75 52 153 134 109
is_linear=0
shrinkage=0.05


Tree=157
num_leaves=9
num_cat=0
split_feature=9 16 19 24 2 31 25 17
split_gain=0.989887 1.47281 1.86082 1.6275 1.65392 1.51177 0.000287552 4.43404e-05
threshold=0.65153617560863508 0.0051239844252546117 0.0012326341754252958 -0.0053380768019015137 -0.0089532726903748232 0.11067582382920076 1.0000000180025095e-35 1.0000000180025095e-35
decision_type=2 2 2 2 2 2 2 2
left_child=-1 5 3 -3 -5 -2 7 -4
right_child=1 2 6 4 -6 -7 -8 -9
leaf_value=-0.027069525181547094 0.030632631673702955 -0.025184019370769962 -0.034860752334238333 0.046002815662780902 0.00043022815228056072 -0.0040290216880464963 -0.035469163552527709 -0.034392147156752643
leaf_weight=2.7814679723232976 7.8243752270936984 3.5214159786701229 1.0237752906978124 2.9046931639313707 6.3283816073089811 5.260896310210228 2.0612131478264928 0.99584158696234215
leaf_count=24 31 33 19 12 49 23 31 28
internal_value=0.0014619 0.00411422 -0.00566576 0.00373698 0.0147672 0.016697 -0.0350537 -0.0346297
internal_weight=32.7021 29.9206 16.8353 12.7545 9.23307 13.0853 4.08083 2.01962
internal_count=250 226 172 94 61 54 78 47
is_linear=0
shrinkage=0.05


Tree=158
num_leaves=9
num_cat=0
split_feature=6 22 28 5 23 23 6 23
split_gain=1.09273 1.46894 1.96558 2.04099 1.45414 2.02767 2.42769 1.22315
threshold=0.97498929778716337 0.0053829731033915315 -0.02989430534989523 0.0047210084320121913 0.0082086458205183916 -0.0025970891986756279 1.1054098550981635 0.0013613179649126785
decision_type=2 2 2 2 2 2 2 2
left_child=1 2 -1 -4 5 6 -2 -7
right_child=4 -3 3 -5 -6 7 -8 -9
leaf_value=-0.029541182954725451 0.010083425715168192 -0.032124921575240883 0.035567455296978592 -0.011848497003446583 -0.019936333590804402 0.034947780620399715 -0.037921525022033505 0.0068998774995377632
leaf_weight=4.1008282750844964 8.1174471527338046 5.231400739401578 4.5984829589724541 4.481070764362812 4.7736965976655474 8.3119226619601232 3.8985187448561183 7.3016144186258307
leaf_count=17 37 32 25 25 28 31 19 36
internal_value=1.90517e-05 -0.00970787 -0.000810366 0.0121661 0.00554598 0.00994869 -0.00549154 0.0218313
internal_weight=50.815 18.4118 13.1804 9.07955 32.4032 27.6295 12.016 15.6135
internal_count=250 99 67 50 151 123 56 67
is_linear=0
shrinkage=0.05


Tree=159
num_leaves=10
num_cat=0
split_feature=23 7 17 0 3 17 31 22 33
split_gain=1.12507 1.94642 1.54779 1.37692 2.14366 1.26601 1.15901 0.955631 0.621532
threshold=0.0062072404666733147 0.65067037642002112 -8.0988684525297019e-05 -0.0027155028986156067 0.012532458179716823 -7.2654509523912333e-05 0.10367469768269731 -0.0031215827720538765 0.25500000000000006
decision_type=2 2 2 2 2 2 2 2 2
left_child=1 -1 -2 6 5 -5 -3 -6 -4
right_child=2 3 8 4 7 -7 -8 -9 -10
leaf_value=-0.043963216599502995 -0.015497134254174398 -0.0032176819266046142 0.0092524281993509351 0.041742568887464061 0.0032024470729010452 0.0076733132235035839 -0.038121236028265559 -0.032115991213952449 0.03768173143422323
leaf_weight=3.0131674855947486 3.3903538435697556 5.9517585784196836 3.4741839244961721 3.8924021869897834 3.6292124874889851 9.1057807654142433 3.9615157246589661 4.0554606821387997 4.3045366108417511
leaf_count=20 17 29 23 17 21 55 26 21 21
internal_value=-0.00105192 -0.00562076 0.0126963 -0.00184472 0.00549864 0.0178756 -0.0171657 -0.0154363 0.0249844
internal_weight=44.7784 33.6093 11.1691 30.5961 20.6829 12.9982 9.91327 7.68467 7.77872
internal_count=250 189 61 169 114 72 55 42 44
is_linear=0
shrinkage=0.05


Tree=160
num_leaves=11
num_cat=0
split_feature=23 5 17 24 16 32 13 9 19 5
split_gain=0.975714 2.60553 1.24814 1.29635 2.86321 1.09088 0.291728 0.00257106 0.000665932 0.00051762
threshold=0.0042449080137474402 0.0037589086123985399 0.00017193858391443046 0.016983875540142471 0.0065331784109370012 -0.040380138225051841 43.752057700860576 0.65270773470401777 -0.010555299724805454 0.0075379138543084628
decision_type=2 2 2 2 2 2 2 2 2 2
left_child=2 -2 3 4 5 -1 -3 -8 -9 -6
right_child=1 6 -4 -5 9 -7 7 8 -10 -11
leaf_value=0.028925035955929036 0.032521980361535037 -0.012322563143183082 -0.019466116721717764 0.038563500226150696 -0.034890689332073573 -0.00014177519440582782 -0.038624478436082965 -0.036840212156990203 -0.035333510892375734 -0.036175445496443324
leaf_weight=7.3562299311161086 2.2622510399669391 1.6464299671351907 3.8737804517149916 3.6332134678959838 2.1652316674590106 5.7517917230725333 1.519347373396158 1.4735986739397047 1.4598946478217842 1.228975450620055
leaf_count=32 16 15 32 16 40 31 12 14 28 14
internal_value=0.0014022 -0.0133074 0.00652502 0.0115254 0.0055725 0.0161705 -0.0303058 -0.036955 -0.0360904 -0.0353559
internal_weight=32.3707 8.36152 24.0092 20.1354 16.5022 13.108 6.09927 4.45284 2.93349 3.39421
internal_count=250 85 165 133 117 63 69 54 42 54
is_linear=0
shrinkage=0.05


Tree=161
num_leaves=10
num_cat=0
split_feature=29 25 5 33 1 26 25 10 21
split_gain=1.03507 1.51786 1.14869 1.49654 1.56743 1.47444 0.862484 0.179365 0.00921902
threshold=-0.0033718182032360651 0.011479340990343758 0.007841615147674957 0.29500000000000004 -0.0052979007446137807 0.028204673365416547 0.0061438142466270227 -0.0036608094483303066 0.00090965672952703091
decision_type=2 2 2 2 2 2 2 2 2
left_child=1 7 3 4 -2 -6 -5 -1 -9
right_child=2 -3 -4 6 5 -7 -8 8 -10
leaf_value=-0.018241566082444389 0.020346420114872879 0.015389362137852745 -0.016620078619602012 0.02936118019761972 -0.018552478429019234 0.01634442560834266 0.0040340227861139794 -0.040315839769531736 -0.035284091411279167
leaf_weight=1.8016472738236187 5.9531975314021102 2.5651814341545105 6.2495543807744971 8.4949400946497899 11.941386304795744 4.0546275265514842 5.5623684749007216 1.613659076392649 2.088452223688364
leaf_count=14 27 9 20 38 59 18 25 9 31
internal_value=3.40404e-05 -0.0163756 0.00316751 0.00660199 -0.00155566 -0.0097069 0.0193394 -0.0311805 -0.0374773
internal_weight=50.325 8.06894 42.2561 36.0065 21.9492 15.996 14.0573 5.50376 3.70211
internal_count=250 63 187 167 104 77 63 54 40
is_linear=0
shrinkage=0.05


Tree=162
num_leaves=9
num_cat=0
split_feature=29 21 27 29 9 30 26 29
split_gain=1.10348 1.22933 1.41041 1.39176 1.56383 1.23024 1.2045 0.953716
threshold=0.0079183424289078781 0.0015291427556902717 0.0052510406100106941 0.0020926648787336082 0.65444700419902813 0.011873770381587103 0.0074195819369486946 -0.002407793637394295
decision_type=2 2 2 2 2 2 2 2
left_child=1 2 3 4 -1 6 -3 -4
right_child=-2 5 7 -5 -6 -7 -8 -9
leaf_value=-0.01088845206576583 -0.022363343136496266 0.019206827058659476 -0.0044171869648988596 -0.024736668260797446 0.0260965084585081 0.037695387198942165 -0.013076555230306285 -0.038911258107638257
leaf_weight=4.7187336385250109 5.3556266650557509 6.4734852798283082 3.8512482196092606 3.4001468550413838 7.248524934053421 3.7544472962617865 5.2183757200837135 4.1775021050125343
leaf_count=21 37 38 13 33 31 19 23 35
internal_value=-0.00108688 0.00184673 -0.00538081 0.00349266 0.0115132 0.0127941 0.00479793 -0.0223651
internal_weight=44.1981 38.8425 23.3962 15.3674 11.9673 15.4463 11.6919 8.02875
internal_count=250 213 133 85 52 80 61 48
is_linear=0
shrinkage=0.05


Tree=163
num_leaves=8
num_cat=0
split_feature=2 8 14 11 21 16 30
split_gain=0.915662 1.4981 1.28592 1.15816 1.2426 1.22157 0.826615
threshold=-0.0019452877975351666 -0.0069733568923978067 0.95084672011966076 0.65369885146617901 0.0020484144885183357 0.0053910538870768276 0.0078152197171895716
decision_type=2 2 2 2 2 2 2
left_child=1 -1 3 -2 5 -5 -3
right_child=2 6 -4 4 -6 -7 -8
leaf_value=-0.015128834382997914 -0.038505874086127857 0.031762364295493228 0.028931553392285786 0.027222202420732585 -0.03619614597875264 -0.012294676941232737 0.0052743366740240667
leaf_weight=4.4069283492863205 3.3194159921258679 6.1305648228153604 2.1332748811691991 3.4676875248551351 2.3873445391654968 4.4850945007055998 5.6690733730792999
leaf_count=30 37 31 19 14 36 48 35
internal_value=0.00139674 0.00974606 -0.00717132 -0.0128097 -0.00456062 0.00493605 0.0190363
internal_weight=31.9994 16.2066 15.7928 13.6595 10.3401 7.95278 11.7996
internal_count=250 96 154 135 98 62 66
is_linear=0
shrinkage=0.05


Tree=164
num_leaves=11
num_cat=0
split_feature=6 22 28 5 16 26 22 32 27 24
split_gain=1.02532 1.34027 1.7988 1.93203 1.30984 1.08435 1.6025 0.992249 0.83009 0.786249
threshold=0.97498929778716337 0.0053829731033915315 -0.02989430534989523 0.0047210084320121913 0.0051512779479354022 0.028204673365416547 0.0036277120853195348 -1.0000000180025095e-35 -1.0000000180025095e-35 0.01560440255260165
decision_type=2 2 2 2 2 2 2 2 2 2
left_child=1 2 -1 -4 7 6 8 -2 -6 -8
right_child=4 -3 3 -5 5 -7 9 -9 -10 -11
leaf_value=-0.028677285170562263 -0.022600383916854129 -0.031164522295084252 0.034798187089892019 -0.011857088364568481 -0.025030296578368229 0.03196686061443893 0.036879387892383438 0.0078770385335257716 0.007975087694582007 0.0052656957668518632
leaf_weight=4.0103318020701417 5.8618959486484528 5.1012958008795968 4.4763861149549484 4.4001722484827042 4.2399759590625763 5.4323961474001399 4.1414434611797333 4.9053661935031432 3.4592115879058856 3.7454508356750011
leaf_count=17 23 32 25 25 21 26 20 21 19 21
internal_value=6.71695e-05 -0.00947222 -0.000885283 0.0116708 0.0054657 0.0127304 0.00602563 -0.00871543 -0.0102011 0.0218662
internal_weight=49.7739 17.9882 12.8869 8.87656 31.7857 21.0185 15.5861 10.7673 7.69919 7.88689
internal_count=250 99 67 50 151 107 81 44 40 41
is_linear=0
shrinkage=0.05


Tree=165
num_leaves=7
num_cat=0
split_feature=29 0 17 22 30 11
split_gain=1.05849 1.39135 1.9077 1.53239 1.75169 1.47114
threshold=-0.0093031486362166165 -0.0032410739960454511 -0.00015557588654296409 0.0057319466409141437 0.015012514807604351 0.65513564348220832
decision_type=2 2 2 2 2 2
left_child=-1 5 -3 4 -4 -2
right_child=1 2 3 -5 -6 -7
leaf_value=0.023718902595757839 0.0081511991949930803 0.02927856088658759 -0.018831813158657399 0.024854353459816039 0.011841528669137725 -0.035013213894404684
leaf_weight=3.9342942237853995 2.9406235441565496 5.1708687692880622 14.856550976634034 3.8928168565034857 6.7780743706971398 6.0050438363105059
leaf_count=24 18 24 88 23 37 36
internal_value=-0.00101732 -0.00347216 0.00158432 -0.00402546 -0.00922193 -0.0208242
internal_weight=43.5783 39.644 30.6983 25.5274 21.6346 8.94567
internal_count=250 226 172 148 125 54
is_linear=0
shrinkage=0.05


Tree=166
num_leaves=10
num_cat=0
split_feature=16 2 1 12 16 25 1 12 2
split_gain=0.889102 1.12462 1.3354 1.30306 1.32601 1.08347 0.62322 0.377911 0.164523
threshold=0.0089466435670463116 -0.0019452877975351666 -0.004626547305939476 0.00977259308669849 0.0051512779479354022 -0.004740509207992293 0.00027649787395989117 0.0043440626311229648 0.0046984261935866254
decision_type=2 2 2 2 2 2 2 2 2
left_child=1 2 -1 8 -5 -6 -4 -2 -3
right_child=7 3 6 4 5 -7 -8 -9 -10
leaf_value=-0.0026853659415820301 0.00046005687521897068 -0.039626586023445473 0.042414510375529742 0.020189195234980261 0.015472123770403971 -0.036179595616514092 0.014447757164374254 -0.035591768143507264 -0.019114003759740067
leaf_weight=6.7224664557725182 1.0962918931618326 2.1714245826005931 3.7468404732644611 5.4025920256972295 1.6189273223280922 2.7228831276297552 4.253383707255125 2.1573126725852489 1.7778799813240764
leaf_count=39 13 20 15 26 18 35 25 39 20
internal_value=0.00131426 0.00414904 0.0137421 -0.00616481 0.00365435 -0.0169203 0.0275458 -0.0234442 -0.0303923
internal_weight=31.67 28.4164 14.7227 13.6937 9.7444 4.34181 8.00022 3.2536 3.9493
internal_count=250 198 79 119 79 53 40 52 40
is_linear=0
shrinkage=0.05


Tree=167
num_leaves=10
num_cat=0
split_feature=29 25 5 33 1 25 16 10 21
split_gain=0.995247 1.36212 1.04017 1.3727 1.41852 1.36289 0.982324 0.181815 0.00775013
threshold=-0.0033718182032360651 0.011479340990343758 0.007841615147674957 0.29500000000000004 -0.0052979007446137807 -1.0000000180025095e-35 0.0082506752058744137 -0.0036608094483303066 0.00090965672952703091
decision_type=2 2 2 2 2 2 2 2 2
left_child=1 7 3 4 -2 -6 -5 -1 -9
right_child=2 -3 -4 6 5 -7 -8 8 -10
leaf_value=-0.017595792164863417 0.019648719792240966 0.01366623097618115 -0.0158208896419345 0.0099685280947120966 -0.028199542150486603 0.0022453767594311242 0.039030589996028452 -0.039927747426692403 -0.03520933261066532
leaf_weight=1.7573975306004284 5.8162021189928046 2.5627114027738571 6.1463116258382788 9.550157003104685 5.9141025543212882 9.713392663747074 4.1804220639169207 1.5461863502860063 1.9908065758645532
leaf_count=14 27 9 20 38 34 43 25 9 31
internal_value=5.51163e-05 -0.0162567 0.00315681 0.00647296 -0.0014309 -0.00927626 0.0188168 -0.0307407 -0.037272
internal_weight=49.1777 7.8571 41.3206 35.1743 21.4437 15.6275 13.7306 5.29439 3.53699
internal_count=250 63 187 167 104 77 63 54 40
is_linear=0
shrinkage=0.05


Tree=168
num_leaves=9
num_cat=0
split_feature=29 21 3 12 25 30 16 17
split_gain=1.03894 1.11308 1.3697 2.01008 1.17277 1.14983 1.0923 0.974554
threshold=0.0079183424289078781 0.0015291427556902717 -0.0091143224299356489 0.014598345747854891 -0.0020926799625824439 0.011873770381587103 0.0075613903520426245 7.0756421357920314e-05
decision_type=2 2 2 2 2 2 2 2
left_child=1 2 -1 4 -4 6 -3 -5
right_child=-2 5 3 7 -6 -7 -8 -9
leaf_value=0.01808097020362024 -0.022010795835946999 -0.0077164835522082337 -0.00018974048965381444 -0.0081012681550448381 -0.036904529267380103 0.037005130910634856 0.024069590751342771 0.028138145390851556
leaf_weight=4.981866266578435 5.1867902167141429 6.9570396244525892 3.1105180755257615 4.1412211470305911 7.2322317101061389 3.6142900809645644 4.4198427349328995 3.3606691583991051
leaf_count=27 37 31 16 23 48 19 30 19
internal_value=-0.00102593 0.0018522 -0.0050994 -0.0115709 -0.0258628 0.0124371 0.00463219 0.00813313
internal_weight=43.0045 37.8177 22.8265 17.8446 10.3427 14.9912 11.3769 7.50189
internal_count=250 213 133 106 64 80 61 42
is_linear=0
shrinkage=0.05


Tree=169
num_leaves=8
num_cat=0
split_feature=0 2 0 1 29 30 1
split_gain=0.884548 1.84065 1.21054 1.10549 2.05701 1.84135 0.149733
threshold=0.0043548068451441111 -0.0019452877975351666 0.002008854421244322 -0.010940001663405306 0.0083215583598562643 0.0078152197171895716 0.004706178753416613
decision_type=2 2 2 2 2 2 2
left_child=2 -2 3 -1 5 -5 -4
right_child=1 -3 6 4 -6 -7 -8
leaf_value=-0.020638464770626891 0.053046008004874835 -0.0035405043141513944 -0.017626924631765097 0.013358783295337804 0.047467576042829689 -0.024074681317262547 -0.037376860318646982
leaf_weight=4.3462008051574328 2.3546390049159527 3.687932798638939 1.7448026668280356 9.236424879170956 2.7206305265426627 5.0985849900171152 2.1327183321118355
leaf_count=31 9 39 21 65 13 48 24
internal_value=0.00132369 0.0185098 -0.00278434 0.0018729 0.00760935 4.46871e-05 -0.0284898
internal_weight=31.3219 6.04257 25.2794 21.4018 17.0556 14.335 3.87752
internal_count=250 48 202 157 126 113 45
is_linear=0
shrinkage=0.05


Tree=170
num_leaves=9
num_cat=0
split_feature=6 23 23 6 22 28 5 23
split_gain=0.96067 1.27358 1.83377 1.80495 1.24702 1.6574 1.81 1.06194
threshold=0.97498929778716337 0.0082086458205183916 -0.0025970891986756279 1.1006359499141141 0.0053829731033915315 -0.02989430534989523 0.0047210084320121913 0.0013613179649126785
decision_type=2 2 2 2 2 2 2 2
left_child=4 2 3 -2 5 -1 -7 -4
right_child=1 -3 7 -5 -6 6 -8 -9
leaf_value=-0.027923940970370938 0.0094927782427335679 -0.019097851082913606 0.033465888979754298 -0.031633414981349944 -0.030627379034298342 0.034003042936132662 -0.011752863075712924 0.006778965878919155
leaf_weight=3.919764608144761 7.3356425873935276 4.5529276505112639 8.0195610448718053 4.1927529685199261 4.9300791434943667 4.3506574481725693 4.2950875759124756 6.9654455035924903
leaf_count=17 35 28 31 21 32 25 25 36
internal_value=5.47547e-05 0.00533226 0.00952744 -0.00546437 -0.00931633 -0.000954936 0.0112721 0.0210611
internal_weight=48.5619 31.0663 26.5134 11.5284 17.4956 12.5655 8.64575 14.985
internal_count=250 151 123 56 99 67 50 67
is_linear=0
shrinkage=0.05


Tree=171
num_leaves=7
num_cat=0
split_feature=13 10 29 26 8 1
split_gain=1.02461 1.95174 1.4479 1.26966 1.99726 0.946621
threshold=36.458074118359711 -0.0082683318133502815 -0.0028343717650526341 0.028204673365416547 0.0088850383918474534 0.0025193993173115996
decision_type=2 2 2 2 2 2
left_child=-1 -2 5 4 -4 -3
right_child=1 2 3 -5 -6 -7
leaf_value=-0.025217873104468404 0.03570715529735103 -0.002379193335740176 -0.011182485304210153 -0.030199504294720032 0.027213411950434935 0.028886461668502447
leaf_weight=3.9551590904593459 3.763603199273347 4.5714336186647397 15.327120143920189 5.3346746191382399 4.3476324975490561 5.1462643519043922
leaf_count=21 21 27 95 36 19 31
internal_value=-0.000983794 0.00150641 -0.00220015 -0.00856421 -0.00269794 0.0141784
internal_weight=42.4459 38.4907 34.7271 25.0094 19.6748 9.7177
internal_count=250 229 208 150 114 58
is_linear=0
shrinkage=0.05


Tree=172
num_leaves=10
num_cat=0
split_feature=19 29 29 4 16 20 7 4 16
split_gain=0.850484 0.863044 1.12864 1.81712 1.29711 1.20919 0.305493 0.162094 0.000928749
threshold=0.051678693708908326 -0.0038072505594032298 0.0014032743461628307 0.0040958217321037235 0.0036382114729644872 -0.03655062635746447 0.65264685451984417 0.0054826836070095445 0.0053910538870768276
decision_type=2 2 2 2 2 2 2 2 2
left_child=1 -1 3 -3 -4 -6 -2 -5 -8
right_child=6 2 4 7 5 -7 8 -9 -10
leaf_value=0.027288943336524676 -0.0023741091647285031 0.017123576165846182 0.048033086804005407 -0.040219570022351867 -0.017552945371321883 0.013105420263299781 -0.036674481931013414 -0.022000934610003572 -0.034468591863788686
leaf_weight=3.4817593675106826 1.0856966432183974 2.8442407427355674 1.8119751811027551 3.0068056955933571 4.7516517164185741 9.9524091817438478 0.79445384815335263 2.0555043779313564 1.1947782244533298
leaf_count=21 9 21 6 27 52 57 8 17 32
internal_value=0.00125004 0.00400015 0.000680022 -0.014855 0.00811695 0.0031981 -0.0237066 -0.0328221 -0.0353496
internal_weight=30.9793 27.9043 24.4226 7.90655 16.516 14.7041 3.07493 5.06231 1.98923
internal_count=250 201 180 65 115 109 49 44 40
is_linear=0
shrinkage=0.05


Tree=173
num_leaves=9
num_cat=0
split_feature=23 6 6 15 24 4 6 28
split_gain=0.908377 1.45235 1.36241 1.42438 1.31402 2.04785 1.1147 0.876363
threshold=-0.0025970891986756279 1.1543812047352133 1.1054098550981635 0.0081442846750595117 1.0000000180025095e-35 0.0041139786691892421 1.0370808227669517 0.012078625894855645
decision_type=2 2 2 2 2 2 2 2
left_child=2 4 3 -1 6 -6 -2 -7
right_child=1 -3 -4 -5 5 7 -8 -9
leaf_value=-0.016673349790123249 -0.00036861791541945558 0.031314863936743036 -0.035744435568015195 0.014021393092867438 0.00921620366429933 -0.046211883969197426 0.032107612867731415 -0.009953216068974596
leaf_weight=7.8307875376194733 6.0227472260594421 4.6177837923169127 3.6892458684742442 7.3055423982441425 7.1250346563756448 3.5718863718211651 4.7073174044489861 3.1239998135715723
leaf_count=38 26 23 19 39 39 20 20 26
internal_value=6.31875e-05 0.00558934 -0.00849916 -0.00185855 0.00075064 -0.0094416 0.0138788 -0.0292952
internal_weight=47.9943 29.1688 18.8256 15.1363 24.551 13.8209 10.7301 6.69589
internal_count=250 154 96 77 131 85 46 46
is_linear=0
shrinkage=0.05


Tree=174
num_leaves=10
num_cat=0
split_feature=29 21 29 26 27 27 31 19 8
split_gain=0.98098 1.04057 1.27398 1.07449 1.06674 1.04358 1.81185 0.933705 0.000927121
threshold=0.0079183424289078781 0.0015291427556902717 0.00066787763764009089 0.0074195819369486946 0.0014385872062956386 0.0056873440761435754 0.012534581282681626 -0.056009628230223145 0.0054304935297643138
decision_type=2 2 2 2 2 2 2 2 2
left_child=1 2 5 4 -3 6 -1 -4 -9
right_child=-2 3 7 -5 -6 -7 -8 8 -10
leaf_value=-0.010171423829253902 -0.021537854203506547 0.0042599943634698103 0.0057152742439633315 -0.0029891798114911254 0.040535130554074622 -0.01534404624285008 0.031239026696188818 -0.03581098384139194 -0.037307274930302142
leaf_weight=4.9953905642032641 5.0704327523708335 3.6714715324342233 1.8739216960966585 6.456604726612567 4.5237842872738838 5.3610068187117568 5.6055401340126991 2.8066608421504489 1.6402649246156213
leaf_count=24 37 20 16 30 30 22 22 35 14
internal_value=-0.000915243 0.00191585 -0.00488948 0.0122655 0.0242839 0.00263388 0.0117255 -0.0238881 -0.0363629
internal_weight=42.0051 36.9346 22.2828 14.6519 8.19526 15.9619 10.6009 6.32085 4.44693
internal_count=250 213 133 80 50 68 46 65 49
is_linear=0
shrinkage=0.05


Tree=175
num_leaves=9
num_cat=0
split_feature=16 0 0 1 30 14 9 2
split_gain=0.815329 1.00821 1.25689 0.961567 0.871098 0.374997 0.138042 0.000380777
threshold=0.0089466435670463116 0.0043548068451441111 0.002008854421244322 -0.010940001663405306 0.0078152197171895716 0.21674858014906759 0.65444700419902813 -0.00072459502834920631
decision_type=2 2 2 2 2 2 2 2
left_child=1 2 3 -1 -5 -2 -4 -7
right_child=5 -3 6 4 -6 7 -8 -9
leaf_value=-0.018226188051551132 0.0021894528998676961 0.023368114125025111 -0.037404681812601613 0.020312240331820518 -0.0041907108778453904 -0.035980513140515265 -0.017763866938931349 -0.034618898520677892
leaf_weight=3.7513144966214993 0.98604004830121939 5.3518074341118327 1.8542636260390275 8.696622200310232 6.2224521096795788 0.90096691343933422 1.7285755220800636 1.193782335147261
leaf_count=25 9 35 20 48 49 12 21 31
internal_value=0.0011605 0.00388322 -0.00080281 0.00440265 0.0100925 -0.0232362 -0.0279288 -0.0352045
internal_weight=30.6858 27.605 22.2532 18.6704 14.9191 3.08079 3.58284 2.09475
internal_count=250 198 163 122 97 52 41 43
is_linear=0
shrinkage=0.05


Tree=176
num_leaves=7
num_cat=0
split_feature=6 25 29 28 6 7
split_gain=0.881751 0.968877 1.74 1.26791 1.32598 0.448442
threshold=0.7968738363849478 0.02673919386274826 -0.0033718182032360651 0.020126715729540948 1.1054098550981635 0.65245548784732821
decision_type=2 2 2 2 2 2
left_child=-1 2 5 4 -4 -2
right_child=1 -3 3 -5 -6 -7
leaf_value=-0.020339118295868833 -0.0084226953100145947 0.026652662304134586 0.0061226118760202043 0.024345002788188217 -0.01903686981150263 -0.037661135158136329
leaf_weight=4.7664672527462235 2.1689063459634772 3.7374444752931586 20.095357738435272 6.3730697818100444 7.0826440081000319 3.3170025032013655
leaf_count=30 12 14 90 35 31 38
internal_value=5.96138e-05 0.0023327 4.27771e-06 0.0042728 -0.000434002 -0.0261014
internal_weight=47.5409 42.7744 39.037 33.5511 27.178 5.48591
internal_count=250 220 206 156 121 50
is_linear=0
shrinkage=0.05


Tree=177
num_leaves=8
num_cat=0
split_feature=0 17 13 13 20 22 3
split_gain=0.974094 1.67887 1.29642 1.25831 1.42141 1.25015 1.39746
threshold=-0.0024734993976700532 -0.00015557588654296409 72.27347400183983 43.953500644647285 0.039020292288146415 0.0057319466409141437 0.01331298085011501
decision_type=2 2 2 2 2 2 2
left_child=3 -2 5 -1 -5 6 -3
right_child=1 2 -4 4 -6 -7 -8
leaf_value=-0.03648959204004644 0.03176062427810275 -0.0024190628365327025 0.025761984074631164 -0.02020594470782908 0.020597276023149525 0.021917702266589276 -0.033834017235271262
leaf_weight=3.8209158927202216 4.6181760020554092 12.246265549212703 3.7873813584446898 4.7918002530932409 3.8486607484519482 3.3414979949593535 4.9794377367943516
leaf_count=23 22 79 19 27 25 25 30
internal_value=-0.000907196 0.00412062 -0.00112055 -0.0125969 -0.00203125 -0.00607088 -0.0115002
internal_weight=41.4341 28.9728 24.3546 12.4614 8.64046 20.5672 17.2257
internal_count=250 175 153 75 52 134 109
is_linear=0
shrinkage=0.05


Tree=178
num_leaves=11
num_cat=0
split_feature=23 5 23 16 25 17 28 16 5 4
split_gain=0.79459 2.16356 1.02096 1.23377 1.36827 1.13985 0.348779 0.002293 0.000758714 0.000332259
threshold=0.0042449080137474402 0.0037589086123985399 0.00095428468312486203 0.0060959300155449545 0.0061438142466270227 -0.00016248213432149718 -0.057360195939054275 0.0053388209131846401 0.0043292452030948472 0.0060203985876349838
decision_type=2 2 2 2 2 2 2 2 2 2
left_child=2 -2 3 4 -1 -5 -3 -8 -9 -7
right_child=1 6 -4 5 -6 9 7 8 -10 -11
leaf_value=-0.0051577756338100009 0.029379386664541585 -0.0068777504373982671 0.025671115553517226 0.018770895067831472 0.028304700223613199 -0.034726407282419373 -0.037863530733902737 -0.03659903452383273 -0.03480146876081968 -0.03567778858637656
leaf_weight=7.4798876084387391 2.1839934531599274 1.3071293868124483 5.0569915091618887 1.3341258428990901 5.1638887710869312 1.891512678936117 1.7089928165078161 0.94743010960519347 1.5430899839848278 1.7825732082128523
leaf_count=38 16 9 30 11 23 40 12 13 35 23
internal_value=0.00115953 -0.0127312 0.00586378 0.000189314 0.00850875 -0.020814 -0.0294327 -0.0364531 -0.0354853 -0.035188
internal_weight=30.3996 7.69064 22.709 17.652 12.6438 5.00821 5.50664 4.19951 2.49052 3.67409
internal_count=250 85 165 135 61 74 69 60 48 63
is_linear=0
shrinkage=0.05


Tree=179
num_leaves=10
num_cat=0
split_feature=6 22 28 5 23 23 6 16 32
split_gain=0.869664 1.13767 1.5052 1.64222 1.13662 1.61288 1.52903 0.945519 0.622793
threshold=0.97498929778716337 0.0053829731033915315 -0.02989430534989523 0.0047210084320121913 0.0082086458205183916 -0.0025970891986756279 1.1006359499141141 0.0051512779479354022 -0.040380138225051841
decision_type=2 2 2 2 2 2 2 2 2
left_child=1 2 -1 -4 5 6 -2 -7 -9
right_child=4 -3 3 -5 -6 7 -8 8 -10
leaf_value=-0.026765673126283359 0.0087838476903956322 -0.029734334531858891 0.033190747837425226 -0.01119961462155236 -0.018438013041098079 0.0032146352717404647 -0.029772994248866643 0.04079381099420834 0.014575031337566735
leaf_weight=3.8502025604248056 7.1103728115558678 4.7609106488525859 4.1743755042552948 4.1596477925777435 4.3636012990027657 5.2753368802368632 4.0279099345207214 5.363971561193468 3.9203106313943827
leaf_count=17 35 32 25 25 28 20 21 26 21
internal_value=4.97706e-05 -0.00900858 -0.000910117 0.0110348 0.0051558 0.00916212 -0.00515937 0.0201182 0.0297229
internal_weight=47.0066 16.9451 12.1842 8.33402 30.0615 25.6979 11.1383 14.5596 9.28428
internal_count=250 99 67 50 151 123 56 67 47
is_linear=0
shrinkage=0.05


Tree=180
num_leaves=8
num_cat=0
split_feature=21 23 23 3 34 29 32
split_gain=0.949627 1.07143 1.25206 2.02812 1.63392 1.21571 0.796901
threshold=-0.0022840014219216993 -0.0063565487640722665 0.0062072404666733147 0.012532458179716823 0.58344559444031263 -0.0010543446260813381 0.022402397410015637
decision_type=2 2 2 2 2 2 2
left_child=6 -2 3 4 -3 -4 -1
right_child=1 2 5 -5 -6 -7 -8
leaf_value=-0.0044195869552514505 0.022545880835091729 -0.009708700961262107 0.038532491813870931 -0.033455486365454423 0.029206427495082288 0.00061092343629577444 -0.038191254615908783
leaf_weight=4.6972171533852807 5.6662714742124072 8.7226759977638775 3.2049062289297581 5.7700798362493506 3.9048328623175612 6.2060211561620218 2.7809567153453827
leaf_count=32 32 54 28 28 21 30 25
internal_value=-0.000869606 0.00272907 -0.00130881 -0.00889684 0.00232511 0.0135252 -0.0169785
internal_weight=40.953 33.4748 27.8085 18.3976 12.6275 9.41093 7.47817
internal_count=250 193 161 103 75 58 57
is_linear=0
shrinkage=0.05


Tree=181
num_leaves=9
num_cat=0
split_feature=19 29 16 20 15 1 7 15
split_gain=0.759063 0.797295 0.99373 1.31242 1.20361 0.888375 0.313801 0.000653423
threshold=0.051678693708908326 -0.0038072505594032298 0.0036382114729644872 -0.03655062635746447 0.0078807354418164981 -0.004626547305939476 0.65264685451984417 0.0077207133125593219
decision_type=2 2 2 2 2 2 2 2
left_child=1 -1 -3 4 -4 -5 -2 -8
right_child=6 2 3 5 -6 -7 7 -9
leaf_value=0.026352658125418288 -0.0011467438597779942 0.028469625491551489 0.011464594513869608 -0.011644546323940356 -0.036782614587383536 0.013978849842396772 -0.036531632824938841 -0.034608123914911644
leaf_weight=3.3929442577064099 1.0438956841826432 2.7907267808914211 1.8331590406596756 5.259489770978699 4.3841014727950096 9.4795841686427398 0.70824483968317498 1.1723554497584698
leaf_count=21 9 10 14 33 57 66 10 30
internal_value=0.00107261 0.00368058 0.000441232 -0.00329127 -0.0225569 0.0048354 -0.0231299 -0.0353325
internal_weight=30.0645 27.14 23.7471 20.9563 6.21726 14.7391 2.9245 1.8806
internal_count=250 201 180 170 71 99 49 40
is_linear=0
shrinkage=0.05


Tree=182
num_leaves=9
num_cat=0
split_feature=29 25 5 33 26 1 28 30
split_gain=0.825808 1.23103 0.911308 1.23547 1.31514 1.31109 0.754464 0.213543
threshold=-0.0033718182032360651 0.011479340990343758 0.007841615147674957 0.29500000000000004 0.028204673365416547 -0.0052979007446137807 0.0219700531521595 -0.015475917439848606
decision_type=2 2 2 2 2 2 2 2
left_child=1 7 3 4 5 -2 -5 -1
right_child=2 -3 -4 6 -6 -7 -8 -9
leaf_value=-0.013991282808500861 0.015495594748361589 0.013252006285920602 -0.015178534606667335 0.0090753210390002222 0.019997577776455354 -0.017847446194014318 0.034135478801430412 -0.037174744968430311
leaf_weight=1.4117587078362701 4.0099186599254599 2.4605053141713142 5.9040210843086234 8.2525329366326314 5.261425405740737 11.135382115840914 4.7218197844922534 3.3507770635187617
leaf_count=16 20 9 20 37 25 59 26 38
internal_value=7.23597e-05 -0.0154658 0.00292923 0.00613191 -0.00153804 -0.00901944 0.0181956 -0.0303025
internal_weight=46.5081 7.22304 39.2851 33.3811 20.4067 15.1453 12.9744 4.76254
internal_count=250 63 187 167 104 79 63 54
is_linear=0
shrinkage=0.05


Tree=183
num_leaves=10
num_cat=0
split_feature=29 21 29 30 26 27 31 19 29
split_gain=0.913898 0.909959 1.20673 1.03656 1.00552 0.918536 1.62975 0.890872 0.000677523
threshold=0.0079183424289078781 0.0015291427556902717 0.00066787763764009089 0.011873770381587103 -0.0070349264332598685 0.0056873440761435754 0.012534581282681626 -0.056009628230223145 0.0027171793287790185
decision_type=2 2 2 2 2 2 2 2 2
left_child=1 2 5 4 -3 6 -1 -4 -9
right_child=-2 3 7 -5 -6 -7 -8 8 -10
leaf_value=-0.0095880821248933556 -0.02111701460598038 0.023999786163367218 0.0056031730495382966 0.036137853625012893 -0.0076556611484853753 -0.014333325490155516 0.030292593368261008 -0.036823131604474049 -0.03555285332995918
leaf_weight=4.8397644534707087 4.8877374082803717 4.019714940339326 1.8332230132073162 3.3444122299551955 6.6731637194752684 5.1588298305869094 5.4425438195466995 2.0324973538517943 2.1708677038550377
leaf_count=24 37 27 16 19 34 22 22 20 29
internal_value=-0.000846472 0.00194325 -0.00452702 0.0118431 0.0042444 0.00288331 0.0115212 -0.0234821 -0.0361671
internal_weight=40.4028 35.515 21.4777 14.0373 10.6929 15.4411 10.2823 6.03659 4.20337
internal_count=250 213 133 80 61 68 46 65 49
is_linear=0
shrinkage=0.05


Tree=184
num_leaves=9
num_cat=0
split_feature=2 8 14 8 21 2 30 16
split_gain=0.769159 1.15983 1.09771 1.01634 1.15763 1.29575 0.636944 0.00271615
threshold=-0.0019452877975351666 -0.0069733568923978067 0.95084672011966076 0.0057739561309404297 0.0020484144885183357 0.0057430507836524489 0.0078152197171895716 0.0047923718521508786
decision_type=2 2 2 2 2 2 2 2
left_child=1 -1 3 4 5 -2 -3 -5
right_child=2 6 -4 7 -6 -7 -8 -9
leaf_value=-0.01401614472941138 -0.017524711927815594 0.028527663136168169 0.026936833714183202 -0.038033552127626769 -0.036143104996693903 0.025801874186953705 0.0046961151011662271 -0.03515868460935298
leaf_weight=4.0507706608623257 3.2031970992684347 5.8927961783483642 2.0276677617803207 1.5224377028644078 2.1535852300003171 3.7410274762660265 5.3484989553689957 1.7847518352791665
leaf_count=30 27 31 19 11 35 27 35 35
internal_value=0.00110909 0.00892284 -0.00716992 -0.0127449 -0.00411603 0.0058164 0.0171888 -0.0364821
internal_weight=29.7247 15.2921 14.4327 12.405 9.09781 6.94422 11.2413 3.30719
internal_count=250 96 154 135 89 54 66 46
is_linear=0
shrinkage=0.05


Tree=185
num_leaves=9
num_cat=0
split_feature=6 23 6 6 14 7 16 34
split_gain=0.807484 1.08585 1.27659 1.73733 1.05233 1.13373 1.31479 1.37847
threshold=0.97498929778716337 0.0035613813464201454 0.90541994088542732 0.7968738363849478 0.85786583818471718 0.65139049291610729 0.0051512779479354022 0.82097076279365944
decision_type=2 2 2 2 2 2 2 2
left_child=1 2 3 -1 5 -2 -7 -8
right_child=4 -3 -4 -5 -6 6 7 -9
leaf_value=-0.03306649682815116 0.034887245086834134 0.01091709058324058 -0.039272500964577739 0.015864867118148131 -0.013921141196153966 -0.016571361129595726 -0.00016758811797797771 0.031163545546598261
leaf_weight=3.1324560642242449 3.7623521611094537 4.9021729696542016 4.1752426438033581 4.3100132700055838 5.8779123723506919 5.2239763587713268 8.5605343822389823 5.9512086715549222
leaf_count=16 19 37 19 27 33 23 45 31
internal_value=2.6849e-05 -0.00881703 -0.017144 -0.00472982 0.00500029 0.00973339 0.00493814 0.0126812
internal_weight=45.8959 16.5199 11.6177 7.44247 29.376 23.4981 19.7357 14.5117
internal_count=250 99 62 43 151 118 99 76
is_linear=0
shrinkage=0.05


Tree=186
num_leaves=7
num_cat=0
split_feature=13 10 29 8 26 1
split_gain=0.879836 1.70977 1.20725 1.21724 1.44463 0.8393
threshold=36.458074118359711 -0.0082683318133502815 -0.0028343717650526341 -0.0020869761195779235 0.028204673365416547 0.0025193993173115996
decision_type=2 2 2 2 2 2
left_child=-1 -2 5 -4 -5 -3
right_child=1 2 3 4 -6 -7
leaf_value=-0.023886523920007119 0.034357634831940501 -0.0025815060394972357 -0.031688155777360193 0.0048986304314724508 -0.02793217969580249 0.028005355660567902
leaf_weight=3.740188166499137 3.5855565406382075 4.2508866339921934 4.4002864547073832 14.81847501173616 4.3297088965773574 4.7476784065365791
leaf_count=21 21 27 38 83 29 31
internal_value=-0.000801225 0.0015884 -0.00202163 -0.0079744 -0.00252494 0.0135562
internal_weight=39.8728 36.1326 32.547 23.5485 19.1482 8.99857
internal_count=250 229 208 150 112 58
is_linear=0
shrinkage=0.05


Tree=187
num_leaves=8
num_cat=0
split_feature=17 12 16 24 0 32 19
split_gain=0.719764 1.10543 0.990625 1.45992 1.49208 0.828985 0.749286
threshold=0.00017193858391443046 -0.0037380306056143662 0.0047034325202266877 0.016983875540142471 0.0043548068451441111 -0.062394963217384615 -0.060307771403158454
decision_type=2 2 2 2 2 2 2
left_child=2 -2 5 4 6 -1 -4
right_child=1 -3 3 -5 -6 -7 -8
leaf_value=0.0328068254888653 0.0094860751449997466 -0.038078149669593289 0.00039192564689983979 0.02067290586780119 0.020773592102953618 0.0025161456930123177 -0.032646278587310687
leaf_weight=4.5178534388542175 2.2415283732116222 2.6845186995342365 2.4040947910398254 4.5310085397213689 2.5051964512094846 4.5171589963138157 5.9972415929660174
leaf_count=17 14 35 16 36 25 25 82
internal_value=0.0010031 -0.0164347 0.00451313 -0.00318278 -0.0130934 0.0176626 -0.0231922
internal_weight=29.3986 4.92605 24.4726 15.4375 10.9065 9.03501 8.40134
internal_count=250 49 201 159 123 42 98
is_linear=0
shrinkage=0.05


Tree=188
num_leaves=9
num_cat=0
split_feature=25 29 28 22 0 7 21 21
split_gain=0.7842 1.66592 0.897023 1.78741 1.742 0.627868 0.0147434 0.000544152
threshold=0.02673919386274826 -0.0033718182032360651 0.054543989598410676 0.0066061922442051122 0.0048738245008890244 0.65171692371368417 -0.00090719209144074487 0.0020484144885183357
decision_type=2 2 2 2 2 2 2 2
left_child=1 5 3 4 -3 -1 -7 -8
right_child=-2 2 -4 -5 -6 6 7 -9
leaf_value=-0.00098250231153665379 0.02178714436413829 0.0096064975018731232 0.022866394777611439 -0.030562918939796575 -0.024294969404387204 -0.041975242039364091 -0.036163797740922141 -0.034773494206426857
leaf_weight=1.6555401384830464 3.8031695410609236 22.409065183252103 4.5296347923576823 4.3799936994910231 4.560349501669406 1.2646404132246969 1.4231596216559412 1.3923234194517133
leaf_count=9 15 108 26 23 19 6 15 29
internal_value=5.41051e-05 -0.00193208 0.00206778 -0.00093738 0.00387398 -0.0269529 -0.0374906 -0.0354763
internal_weight=45.4179 41.6147 35.879 31.3494 26.9694 5.73566 4.08012 2.81548
internal_count=250 235 176 150 127 59 50 44
is_linear=0
shrinkage=0.05


Tree=189
num_leaves=8
num_cat=0
split_feature=21 23 23 3 34 29 32
split_gain=0.876236 0.973839 1.13386 1.88835 1.49174 1.10705 0.747781
threshold=-0.0022840014219216993 -0.0063565487640722665 0.0062072404666733147 0.012532458179716823 0.58344559444031263 -0.0010543446260813381 0.022402397410015637
decision_type=2 2 2 2 2 2 2
left_child=6 -2 3 4 -3 -4 -1
right_child=1 2 5 -5 -6 -7 -8
leaf_value=-0.0043613222571304219 0.021899658135252728 -0.009308235483050693 0.038168287565147035 -0.032848952637749659 0.028525732773366744 0.00092029162413614994 -0.03798994248114617
leaf_weight=4.5169182885438195 5.4850460179150096 8.4158065430820042 2.9746099747717381 5.5182020887732497 3.7736124619841567 6.0561216846108419 2.6073005124926567
leaf_count=32 32 54 28 28 21 30 25
internal_value=-0.000800037 0.00270832 -0.00122854 -0.00858153 0.00240444 0.0131893 -0.0166686
internal_weight=39.3476 32.2234 26.7384 17.7076 12.1894 9.03073 7.12422
internal_count=250 193 161 103 75 58 57
is_linear=0
shrinkage=0.05


Tree=190
num_leaves=9
num_cat=0
split_feature=2 8 14 8 21 2 6 16
split_gain=0.706757 1.08742 0.982941 0.973314 1.08739 1.20314 0.60505 0.0024934
threshold=-0.0019452877975351666 -0.0069733568923978067 0.95084672011966076 0.0057739561309404297 0.0020484144885183357 0.0057430507836524489 1.063012485177673 0.0047923718521508786
decision_type=2 2 2 2 2 2 2 2
left_child=1 -1 3 4 5 -2 -3 -5
right_child=2 6 -4 7 -6 -7 -8 -9
leaf_value=-0.013904305441758358 -0.017240110751913423 0.02530685367719257 0.025117135200985099 -0.037867481498181532 -0.036008395909802059 0.024953720631786035 0.00095529747083876394 -0.035048774500916903
leaf_weight=3.9753299150615922 3.1216495269909483 7.1136436983943003 2.029553221538662 1.4730585068464273 2.0418162327259779 3.6826110165566206 3.9768123216927052 1.678636899217963
leaf_count=30 27 38 19 11 35 27 28 35
internal_value=0.00101278 0.0085325 -0.00706363 -0.0125074 -0.00400689 0.00559609 0.0165749 -0.0363662
internal_weight=29.0931 15.0658 14.0273 11.9978 8.84608 6.80426 11.0905 3.1517
internal_count=250 96 154 135 89 54 66 46
is_linear=0
shrinkage=0.05


Tree=191
num_leaves=9
num_cat=0
split_feature=6 23 6 6 23 23 6 23
split_gain=0.772643 1.02015 1.1916 1.55405 0.996278 1.43873 1.35429 0.846265
threshold=0.97498929778716337 0.0035613813464201454 0.90541994088542732 0.7968738363849478 0.0082086458205183916 -0.0025970891986756279 1.1006359499141141 0.0013613179649126785
decision_type=2 2 2 2 2 2 2 2
left_child=1 2 3 -1 5 6 -2 -7
right_child=4 -3 -4 -5 -6 7 -8 -9
leaf_value=-0.032045384616703455 0.0083697538278639447 0.010641947418719551 -0.038511126301540716 0.014884535684499595 -0.017736862165946513 0.030741425052849766 -0.028664176236409863 0.0060472397525852773
leaf_weight=3.0310325138270873 6.816901426762346 4.7829388286918393 4.0799808092415333 4.220058161765337 4.1421795785427085 7.511494442820549 3.8700764551758766 6.4473228715360165
leaf_count=16 35 37 19 27 28 31 21 36
internal_value=4.48676e-05 -0.00872172 -0.0168953 -0.00473267 0.00495195 0.00876522 -0.00504135 0.0193356
internal_weight=44.902 16.114 11.3311 7.25109 28.788 24.6458 10.687 13.9588
internal_count=250 99 62 43 151 123 56 67
is_linear=0
shrinkage=0.05


Tree=192
num_leaves=9
num_cat=0
split_feature=29 30 19 19 25 13 22 21
split_gain=0.839941 0.85801 1.11198 1.36912 1.27456 1.0151 0.966058 0.906117
threshold=0.0079183424289078781 0.011873770381587103 -0.0051572431413661737 -0.030315482237622923 -0.00039091095706095253 50.189826379787291 0.0036277120853195348 0.0014189416767858012
decision_type=2 2 2 2 2 2 2 2
left_child=1 2 3 -1 5 -4 -6 -3
right_child=-2 7 4 -5 6 -7 -8 -9
leaf_value=0.0035558023436234954 -0.020550043068017231 0.0022099105750958384 0.00046137619779484116 -0.03388147674260393 -0.022805119345002782 0.039026586487158212 0.0097500177432258885 0.035768605910880456
leaf_weight=4.7131377048790455 4.723997149616479 4.9311902783811075 3.0890632532536992 5.0683925822377187 4.6117630414664781 3.8119056820869446 4.5046506859362125 3.3972282968461514
leaf_count=34 37 34 20 28 26 30 21 20
internal_value=-0.000790008 0.00194523 -0.00255926 -0.0158427 0.00555269 0.0217637 -0.0067188 0.0158988
internal_weight=38.8513 34.1273 25.7989 9.78153 16.0174 6.90097 9.11641 8.32842
internal_count=250 213 159 62 97 50 47 54
is_linear=0
shrinkage=0.05


Tree=193
num_leaves=9
num_cat=0
split_feature=16 2 34 16 1 25 15 15
split_gain=0.676221 0.906816 1.07308 1.05649 0.997541 0.952715 0.619471 0.336204
threshold=0.0089466435670463116 -0.0019452877975351666 0.97165819585806079 0.0051512779479354022 -0.004626547305939476 -0.004740509207992293 0.0079218133048488317 0.012425095730042178
decision_type=2 2 2 2 2 2 2 2
left_child=1 4 -3 -4 -1 -5 -6 -2
right_child=7 2 3 5 6 -7 -8 -9
leaf_value=-0.0024663440546444444 -0.035324500805790443 -0.029960968590676696 0.018347508682424473 0.014813066576812778 0.040860248550354292 -0.035828208667694927 0.011892798448799374 0.001513612964074446
leaf_weight=6.2446529399603605 1.7980003254488104 3.4684863025322548 4.9009693339467031 1.5044910609722157 3.2858359515667015 2.4268795186653715 4.2107137180864811 0.94483991805464018
leaf_count=39 38 39 26 18 14 36 26 14
internal_value=0.000979306 0.00346642 -0.00639496 0.00285949 0.0122941 -0.0164484 0.0245896 -0.0226347
internal_weight=28.7849 26.042 12.3008 8.83234 13.7412 3.93137 7.49655 2.74284
internal_count=250 198 119 80 79 54 40 52
is_linear=0
shrinkage=0.05


Tree=194
num_leaves=11
num_cat=0
split_feature=25 29 28 24 12 4 20 7 21 21
split_gain=0.747968 1.53993 0.850717 1.19563 2.2087 1.30111 0.732062 0.610466 0.0122099 0.000474329
threshold=0.02673919386274826 -0.0033718182032360651 0.020126715729540948 0.0054390614194738127 0.0099867943116021939 0.0041194963085189598 0.0044058295940392353 0.65171692371368417 -0.00090719209144074487 0.0020484144885183357
decision_type=2 2 2 2 2 2 2 2 2 2
left_child=1 7 3 4 -3 -5 -4 -1 -9 -10
right_child=-2 2 6 5 -6 -7 -8 8 9 -11
leaf_value=-0.00072949443269107082 0.021497569146316696 0.018702852414822304 0.0035954290283571342 0.00042402960665565478 -0.017745977956056608 -0.037292238951047239 0.033983250993503467 -0.041448999983223496 -0.036047956809248625 -0.034714194643127423
leaf_weight=1.6188616380095471 3.7264447584748259 11.229033626616006 4.8366230539977533 4.9550382345914823 6.5988248884677878 4.2461377717554569 3.3579334244132042 1.2106416672468188 1.3605734482407572 1.3068941514939068
leaf_count=9 15 51 30 25 32 21 17 6 15 29
internal_value=5.63296e-05 -0.00190581 0.00193531 -0.0023432 0.00521164 -0.0169812 0.0160476 -0.0265191 -0.0372845 -0.0353945
internal_weight=44.447 40.7206 35.2236 27.029 17.8279 9.20118 8.19456 5.49697 3.87811 2.66747
internal_count=250 235 176 129 83 46 47 59 50 44
is_linear=0
shrinkage=0.05


Tree=195
num_leaves=9
num_cat=0
split_feature=0 17 24 26 14 19 24 23
split_gain=0.84794 1.53482 1.20189 1.4239 1.65509 1.12384 1.08951 0.778056
threshold=-0.0024734993976700532 -0.00015557588654296409 0.016983875540142471 0.028204673365416547 0.79074186835290627 0.012475996571099547 0.010945829652386998 -0.0027669954116248392
decision_type=2 2 2 2 2 2 2 2
left_child=6 -2 3 4 -3 -5 7 -1
right_child=1 2 -4 5 -6 -7 -8 -9
leaf_value=-0.0066727772834746834 0.031258682485201181 0.00024343273100303249 -0.026212160282014996 -0.033519089184065785 0.03873638326869875 0.0083224458115352395 0.011914147552688627 -0.037653112328901207
leaf_weight=4.0811130031943312 4.3551230486482408 7.6194442920386845 3.9499926939606658 3.5709091890603295 4.4081228375434875 2.9147850424051285 3.329451657831668 4.0258641988039008
leaf_count=24 22 58 29 27 23 16 28 23
internal_value=-0.000767994 0.00409315 -0.00117364 0.00416858 0.0143512 -0.0147148 -0.0121674 -0.0220574
internal_weight=38.2548 26.8184 22.4633 18.5133 12.0276 6.48569 11.4364 8.10698
internal_count=250 175 153 124 81 43 75 47
is_linear=0
shrinkage=0.05


Tree=196
num_leaves=8
num_cat=0
split_feature=17 12 16 24 0 19 0
split_gain=0.643738 1.04239 0.898602 1.34166 1.32147 0.978928 0.630323
threshold=0.00017193858391443046 -0.0037380306056143662 0.0047034325202266877 0.016983875540142471 0.0043548068451441111 -0.068501134931307037 -0.0011468654679807064
decision_type=2 2 2 2 2 2 2
left_child=2 -2 6 4 5 -4 -1
right_child=1 -3 3 -5 -6 -7 -8
leaf_value=0.0319591812367832 0.0091679964348367008 -0.037778722145668166 0.00834753395053601 0.019821315237282866 0.019054090953663876 -0.032651889192974889 0.0049981917037252941
leaf_weight=3.9127559065818787 2.2194064445793629 2.5305400742217889 1.9152013063430802 4.4576613754034033 2.4658923950046301 6.0710530905052984 4.8612223491072708
leaf_count=16 14 35 11 36 25 87 26
internal_value=0.000956281 -0.0158429 0.00432548 -0.00314572 -0.0129408 -0.0228197 0.0170214
internal_weight=28.4337 4.74995 23.6838 14.9098 10.4521 7.98625 8.77398
internal_count=250 49 201 159 123 98 42
is_linear=0
shrinkage=0.05


Tree=197
num_leaves=9
num_cat=0
split_feature=28 27 28 17 21 11 30 17
split_gain=0.737524 2.01328 1.45369 1.29526 1.03355 1.23415 0.863543 0.723007
threshold=-0.033802441634774187 -0.014249805898495336 -0.077500279381030865 -3.2894388887149087e-05 0.0017184121188301706 0.65557854115962988 -0.0046712686240251147 -0.0001534753525350457
decision_type=2 2 2 2 2 2 2 2
left_child=2 -2 -1 6 5 -5 -3 -8
right_child=1 3 -4 4 -6 -7 7 -9
leaf_value=0.0093311523661789905 0.028830504490599113 0.03172565911466995 -0.026856812862054893 0.014732167706390097 -0.032848977511092045 -0.019155037898670364 -0.01599677223930036 0.014905819812316709
leaf_weight=4.9452461823821068 6.4707590192556372 3.3795663826167583 6.3239743858575803 4.942764827981593 4.2237754967063657 5.8867298848927021 3.3614027481526136 4.3320491015911085
leaf_count=21 39 15 30 25 39 32 22 27
internal_value=4.98975e-05 0.00386188 -0.0109765 -0.00232216 -0.0118705 -0.00368834 0.0106584 0.00140394
internal_weight=43.8663 32.597 11.2692 26.1263 15.0533 10.8295 11.073 7.69345
internal_count=250 199 51 160 96 57 64 49
is_linear=0
shrinkage=0.05


Tree=198
num_leaves=9
num_cat=0
split_feature=0 17 24 26 14 29 13 30
split_gain=0.789771 1.42002 1.11239 1.33056 1.57235 1.27405 1.06415 1.45441
threshold=-0.0024734993976700532 -0.00015557588654296409 0.016983875540142471 0.028204673365416547 0.79074186835290627 -0.00044096668390419808 43.953500644647285 -0.010188679999080295
decision_type=2 2 2 2 2 2 2 2
left_child=6 -2 3 4 -3 -5 -1 -8
right_child=1 2 -4 5 -6 -7 7 -9
leaf_value=-0.034860053461216615 0.030282129846156941 0.00020475938488589008 -0.025405803583374409 0.012114434745527586 0.0380474074941686 -0.033223140677411514 0.032889086999297636 -0.01505842775284991
leaf_weight=3.4680597279220802 4.3004091735929277 7.5534540303051525 3.8862715102732173 2.6535590067505836 4.3117941841483116 3.7245622603222719 2.19937489554286 5.6306004114449024
leaf_count=23 22 58 29 13 23 30 14 38
internal_value=-0.000738274 0.0039915 -0.0011175 0.00405648 0.0139567 -0.0143609 -0.0118029 -0.00159037
internal_weight=37.7281 26.4301 22.1296 18.2434 11.8652 6.37812 11.298 7.82998
internal_count=250 175 153 124 81 43 75 52
is_linear=0
shrinkage=0.05


Tree=199
num_leaves=9
num_cat=0
split_feature=23 4 5 17 17 7 9 16
split_gain=0.630994 1.8628 0.838288 1.93697 1.26925 1.18332 0.00179482 0.000579475
threshold=0.0042449080137474402 0.0040958217321037235 0.007841615147674957 0.00017193858391443046 3.2141290690715852e-05 0.66504057347774514 0.6526535600423814 0.0054633727052568878
decision_type=2 2 2 2 2 2 2 2
left_child=2 -2 3 4 5 -1 -3 -8
right_child=1 6 -4 -5 -6 -7 7 -9
leaf_value=0.011096948272563814 0.015485593016781816 -0.037851216977491997 0.030652872981835562 -0.038854494744543895 0.026926268098402425 -0.023938821415028101 -0.036362027186037059 -0.03484288243019517
leaf_weight=6.1140507562086075 3.2628468023613086 1.1637684646993878 2.8062505275011054 2.5793548999354234 5.6251931423321357 3.9780887570232153 1.0871263630688193 1.4855030216276643
leaf_count=46 29 10 16 29 38 36 11 35
internal_value=0.000892096 -0.0121173 0.00520696 0.0013042 0.0078946 -0.00271334 -0.0362219 -0.0354848
internal_weight=28.1022 6.99924 21.1029 18.2967 15.7173 10.0921 3.7364 2.57263
internal_count=250 85 165 149 120 82 56 46
is_linear=0
shrinkage=0.05


Tree=200
num_leaves=8
num_cat=0
split_feature=5 25 29 22 22 0 21
split_gain=0.697035 1.23884 1.81955 0.966321 0.892337 1.28924 0.018917
threshold=0.007841615147674957 0.02489918393512747 -0.0012902808061239777 0.0010569714960984025 0.0071281247551754365 0.0017464901260101364 -0.00030387879530863188
decision_type=2 2 2 2 2 2 2
left_child=1 2 3 -1 5 -4 -5
right_child=-2 -3 4 6 -6 -7 -8
leaf_value=-0.0040749575643076351 -0.015955312668888024 0.031660228885362456 0.020358884660575192 -0.042796099029458773 -0.017676278357174221 -0.0037155822649457531 -0.035737961456143996
leaf_weight=4.173876725137232 5.8705917727202168 3.3350234851241103 12.672144584357744 1.5660425052046778 3.4015818461775771 9.9101065434515458 2.4105848800390959
leaf_count=27 25 15 64 8 20 54 37
internal_value=6.42321e-05 0.00257413 -0.000267668 -0.0208795 0.00619776 0.00979393 -0.0385175
internal_weight=43.34 37.4694 34.1343 8.1505 25.9838 22.5823 3.97663
internal_count=250 225 210 72 138 118 45
is_linear=0
shrinkage=0.05


Tree=201
num_leaves=8
num_cat=0
split_feature=21 23 23 3 34 28 32
split_gain=0.770387 0.832032 0.989352 1.72644 1.30293 0.956982 0.697001
threshold=-0.0022840014219216993 -0.0063565487640722665 0.0062072404666733147 0.012532458179716823 0.58344559444031263 0.016853323304191762 0.022402397410015637
decision_type=2 2 2 2 2 2 2
left_child=6 -2 3 4 -3 -4 -1
right_child=1 2 5 -5 -6 -7 -8
leaf_value=-0.0039705767033749104 0.020742603513059728 -0.0086454481037261024 0.025308371572478078 -0.03216441445771636 0.027636169409316177 -0.0097821847824023506 -0.03753540876679054
leaf_weight=4.2705750865861765 5.2360869571566608 8.0307963062077814 5.4426208287477476 5.186829160898923 3.5765199698507777 3.021657906472683 2.4249514974653721
leaf_count=32 32 54 35 28 21 23 25
internal_value=-0.000769091 0.00260295 -0.00115741 -0.0081826 0.00253387 0.0127814 -0.0161269
internal_weight=37.19 30.4945 25.2584 16.7941 11.6073 8.46428 6.69553
internal_count=250 193 161 103 75 58 57
is_linear=0
shrinkage=0.05


Tree=202
num_leaves=10
num_cat=0
split_feature=16 22 24 2 27 6 1 34 2
split_gain=0.62333 0.832792 0.961363 0.889323 1.2425 1.06518 1.01183 0.363422 0.000496513
threshold=0.0089466435670463116 -0.0049192777623024977 -0.0046630972275966678 -0.001752033008534881 -0.0072446442111588896 1.0519106726061349 -0.004626547305939476 0.18787620658554108 -0.001752033008534881
decision_type=2 2 2 2 2 2 2 2 2
left_child=1 2 -1 6 -5 -6 -3 -2 -9
right_child=7 3 -4 4 5 -7 -8 8 -10
leaf_value=-0.038058001547413484 0.0051643190366013779 0.0015366682333212206 0.0073265836489903036 -0.036224592829583881 -0.010199847383065347 0.032552406752531952 0.030405785350123234 -0.03605274239166064 -0.034376783605183481
leaf_weight=2.3746544504538178 0.81535190623253528 5.9432710520923138 2.2940884325653377 2.2972096446901613 3.6311398921534312 2.4332823986187577 6.2028284668922478 0.83674059063196193 0.93655857490375605
leaf_count=28 11 35 20 28 40 15 32 10 31
internal_value=0.000899425 0.00330168 -0.0157573 0.0076406 -0.00490853 0.00695402 0.0162797 -0.0224642 -0.0351676
internal_weight=27.7651 25.1765 4.66874 20.5077 8.36163 6.06442 12.1461 2.58865 1.7733
internal_count=250 198 48 150 83 55 67 52 41
is_linear=0
shrinkage=0.05


Tree=203
num_leaves=10
num_cat=0
split_feature=6 23 6 26 16 19 24 12 1
split_gain=0.694399 0.911874 1.03719 1.43676 0.879723 0.808226 1.24903 0.750229 0.749114
threshold=0.97498929778716337 0.0035613813464201454 0.90541994088542732 0.016010884312195665 0.0051512779479354022 -0.039434394064007276 0.01560440255260165 0.00977259308669849 0.0038032316921488012
decision_type=2 2 2 2 2 2 2 2 2
left_child=1 2 3 -1 7 -6 8 -2 -7
right_child=4 -3 -4 -5 5 6 -8 -9 -10
leaf_value=0.017765644134976694 0.0051839142618725813 0.010349961299051134 -0.037075458988066634 -0.027843513369903705 0.028224340078429749 0.028692830250463944 -0.020071049791188289 -0.023095685368805945 0.00027842579520631286
leaf_weight=3.4977538622915727 5.2336815781891364 4.5406926628202191 3.8725446127355099 3.4102182686328888 5.0806875899434116 4.6243998743593675 3.6543377973139277 4.2494389861822128 4.6540420185774565
leaf_count=24 23 37 19 19 28 26 24 21 29
internal_value=8.47744e-05 -0.00844535 -0.0163618 -0.00474996 0.00483779 0.0113268 0.00468859 -0.00748833 0.0144402
internal_weight=42.8178 15.3212 10.7805 6.90797 27.4966 18.0135 12.9328 9.48312 9.27844
internal_count=250 99 62 43 151 107 79 44 55
is_linear=0
shrinkage=0.05


Tree=204
num_leaves=9
num_cat=0
split_feature=29 30 19 19 25 10 13 21
split_gain=0.735739 0.732019 0.989775 1.24116 1.13308 1.13216 0.881559 0.82851
threshold=0.0079183424289078781 0.011873770381587103 -0.0051572431413661737 -0.030315482237622923 -0.00039091095706095253 -0.0012174843209723583 50.189826379787291 0.0014189416767858012
decision_type=2 2 2 2 2 2 2 2
left_child=1 2 3 -1 6 -6 -4 -3
right_child=-2 7 4 -5 5 -7 -8 -9
leaf_value=0.0035475221759065979 -0.019685503525378303 0.0020115797266452395 0.0012163296530705741 -0.03303638012314912 0.016562260108591582 -0.020623945717941693 0.038373435703961845 0.035068880461469859
leaf_weight=4.5218977723270655 4.4829675853252402 4.7728067748248568 2.9342684671282742 4.7577035836875439 3.3315725512802601 5.3079223185777682 3.5006853900849819 3.1439576409757137
leaf_count=34 37 34 20 28 16 31 30 20
internal_value=-0.000705202 0.00193149 -0.00236204 -0.0152092 0.0055465 -0.00628416 0.0214302 0.0151395
internal_weight=36.7538 32.2708 24.3541 9.2796 15.0744 8.63949 6.43495 7.91676
internal_count=250 213 159 62 97 47 50 54
is_linear=0
shrinkage=0.05


Tree=205
num_leaves=8
num_cat=0
split_feature=0 2 0 1 29 30 8
split_gain=0.61202 1.24384 0.834222 0.779917 1.48633 1.34999 0.16423
threshold=0.0043548068451441111 -0.0019452877975351666 0.002008854421244322 -0.010940001663405306 0.0083215583598562643 0.0078152197171895716 0.0017625586966586628
decision_type=2 2 2 2 2 2 2
left_child=2 -2 3 -1 5 -5 -4
right_child=1 -3 6 4 -6 -7 -8
leaf_value=-0.019001413309937997 0.044614194004613097 -0.0041219377130544367 -0.013447526517548717 0.011421623764524932 0.041402755175052312 -0.022922324480080612 -0.036401289306908502
leaf_weight=3.828156303614386 2.2234254330396652 3.1839820910245171 1.3659281935542815 8.06151260063052 2.5088791772723207 4.4357667076401404 1.814355745911598
leaf_count=31 9 39 18 65 13 48 27
internal_value=0.00084569 0.0159175 -0.00285636 0.00114321 0.00628222 -0.000768369 -0.0265427
internal_weight=27.422 5.40741 22.0146 18.8343 15.0062 12.4973 3.18028
internal_count=250 48 202 157 126 113 45
is_linear=0
shrinkage=0.05


Tree=206
num_leaves=8
num_cat=0
split_feature=28 27 28 17 21 11 12
split_gain=0.672992 1.76443 1.27602 1.14928 0.986028 1.13232 0.593551
threshold=-0.033802441634774187 -0.014249805898495336 -0.077500279381030865 -3.2894388887149087e-05 0.0017184121188301706 0.65557854115962988 0.0072674744453094528
decision_type=2 2 2 2 2 2 2
left_child=2 -2 -1 6 5 -5 -3
right_child=1 3 -4 4 -6 -7 -8
leaf_value=0.0086415552442260807 0.027661208515968372 -0.0043286818702866067 -0.025822297108580906 0.014592194204537763 -0.032398365454148668 -0.018345464535786456 0.019792028384490266
leaf_weight=4.8000920601189137 6.2058113534003523 4.1963899247348326 6.0974394902586919 4.8229309562593681 3.9995554760098448 5.6849654912948608 6.5025068465620279
leaf_count=21 39 27 30 25 39 32 37
internal_value=6.44846e-05 0.00377873 -0.0106418 -0.00210115 -0.0112697 -0.00322769 0.0103312
internal_weight=42.3097 31.4122 10.8975 25.2063 14.5075 10.5079 10.6989
internal_count=250 199 51 160 96 57 64
is_linear=0
shrinkage=0.05


Tree=207
num_leaves=8
num_cat=0
split_feature=0 17 13 13 30 22 29
split_gain=0.731817 1.32092 1.01412 0.987369 1.31251 0.987026 1.12605
threshold=-0.0024734993976700532 -0.00015557588654296409 72.27347400183983 43.953500644647285 -0.010188679999080295 0.005961149877537931 0.0012471092771182415
decision_type=2 2 2 2 2 2 2
left_child=3 -2 5 -1 -5 6 -3
right_child=1 2 -4 4 -6 -7 -8
leaf_value=-0.034175066671553893 0.0296643861764882 -0.00010871870394776058 0.023881435547614956 0.031937061812114996 -0.014627036337483083 0.022226342053373007 -0.028144892865067855
leaf_weight=3.339884899556635 4.1756540331989553 9.3981247991323524 3.4115567430853835 2.1095092669129372 5.3550628293305635 2.65970305353403 5.7866178136318913
leaf_count=23 22 54 19 14 38 23 57
internal_value=-0.000676863 0.00395456 -0.00109603 -0.0115784 -0.00146789 -0.0058713 -0.0107928
internal_weight=36.2361 25.4317 21.256 10.8045 7.46457 17.8444 15.1847
internal_count=250 175 153 75 52 134 111
is_linear=0
shrinkage=0.05


Tree=208
num_leaves=10
num_cat=0
split_feature=16 22 24 2 27 6 1 27 2
split_gain=0.592001 0.763898 0.907187 0.806612 1.14814 0.95081 0.949729 0.318567 0.000297259
threshold=0.0089466435670463116 -0.0049192777623024977 -0.0046630972275966678 -0.001752033008534881 -0.0072446442111588896 1.0519106726061349 -0.004626547305939476 -0.027074638446665019 -0.004681150472818584
decision_type=2 2 2 2 2 2 2 2 2
left_child=1 2 -1 6 -5 -6 -3 -2 -9
right_child=7 3 -4 4 5 -7 -8 8 -10
leaf_value=-0.037814866694657057 0.0029535286384213596 0.0012254301303330174 0.0070303579083524984 -0.036023244095638167 -0.0099719954996972098 0.030833964901483921 0.029384100636566015 -0.035719817344324847 -0.034382457725202771
leaf_weight=2.2594428015872836 0.82559685967862639 5.8760199137032032 2.2514817900955739 2.1646345360204631 3.5312961786985291 2.3962059551849961 6.1061590351164394 0.82174678891897213 0.84049343736842153
leaf_count=28 10 35 20 28 40 15 32 12 30
internal_value=0.000808689 0.00316068 -0.0154318 0.00733863 -0.00485739 0.0065239 0.0155752 -0.0224341 -0.0350436
internal_weight=27.0731 24.5852 4.51092 20.0743 8.09214 5.9275 11.9822 2.48784 1.66224
internal_count=250 198 48 150 83 55 67 52 42
is_linear=0
shrinkage=0.05


Tree=209
num_leaves=9
num_cat=0
split_feature=23 6 24 24 5 19 6 15
split_gain=0.65308 1.06221 1.09379 1.10193 0.874569 1.12446 0.749375 1.12722
threshold=-0.0025970891986756279 1.1543812047352133 0.010945829652386998 0.018923081407771773 0.0075812723779818706 1.0000000180025095e-35 1.1006359499141141 0.0081442846750595117
decision_type=2 2 2 2 2 2 2 2
left_child=6 2 4 -4 5 -2 7 -1
right_child=1 -3 3 -5 -6 -7 -8 -9
leaf_value=-0.016632425913665237 0.029726206126111966 0.028818797655120711 -0.033774602439790642 0.003937039680054902 -0.012483575414973773 -0.004326949758503027 -0.027697721390664717 0.01316844735932479
leaf_weight=6.4595782309770602 6.262718774378305 3.9743633382022372 3.7560715582221738 3.9998272992670536 3.4778944309800854 3.9552149809896946 3.6507925875484935 6.2368761748075485
leaf_count=36 34 23 25 30 16 26 21 39
internal_value=6.30356e-05 0.0050759 0.000677053 -0.0143262 0.00917333 0.0165447 -0.00773385 -0.00199335
internal_weight=41.7733 25.4261 21.4517 7.7559 13.6958 10.2179 16.3472 12.6965
internal_count=250 154 131 55 76 60 96 75
is_linear=0
shrinkage=0.05


Tree=210
num_leaves=8
num_cat=0
split_feature=21 23 23 3 34 28 32
split_gain=0.696521 0.735785 0.896868 1.58036 1.16117 0.86195 0.660808
threshold=-0.0022840014219216993 -0.0063565487640722665 0.0062072404666733147 0.012532458179716823 0.58344559444031263 0.016853323304191762 0.022402397410015637
decision_type=2 2 2 2 2 2 2
left_child=6 -2 3 4 -3 -4 -1
right_child=1 2 5 -5 -6 -7 -8
leaf_value=-0.0036590167856965848 0.019909807975003125 -0.0080692564623266981 0.024675958773892635 -0.031264357303899967 0.027000166091015104 -0.009194687248197244 -0.037159644959287433
leaf_weight=4.1441465578973284 5.0842780284583595 7.7424615845084244 5.225222095847128 4.9787063710391513 3.3955132812261581 2.9325128886848688 2.2828928492963314
leaf_count=32 32 54 35 28 21 23 25
internal_value=-0.000649608 0.00261416 -0.00100842 -0.00784607 0.00262198 0.0125003 -0.0155585
internal_weight=35.7857 29.3587 24.2744 16.1167 11.138 8.15773 6.42704
internal_count=250 193 161 103 75 58 57
is_linear=0
shrinkage=0.05


Tree=211
num_leaves=9
num_cat=0
split_feature=19 29 16 20 19 4 16 11
split_gain=0.586153 0.67575 0.871888 1.09548 1.27344 0.868475 0.309003 0.000548818
threshold=0.051678693708908326 -0.0038072505594032298 0.0036382114729644872 -0.03655062635746447 -0.092036739209486337 0.0037762175806179909 0.0047034325202266877 0.65536732017993937
decision_type=2 2 2 2 2 2 2 2
left_child=1 -1 -3 4 -4 -5 -2 -8
right_child=6 2 3 5 -6 -7 7 -9
leaf_value=0.02532448819836107 0.0019756830188825823 0.027826786019372215 0.018213841839321048 -0.024518537934873158 -0.03666997033335203 0.00983379874167601 -0.03618861858901315 -0.034315897566334734
leaf_weight=3.0104706566780868 0.85926981270313207 2.4874740839004543 1.4270783923566339 2.2077203281223694 4.0743074272759356 11.041931249201296 0.64824962150305487 0.98669676948338747
leaf_count=21 6 10 11 22 60 77 10 33
internal_value=0.000780682 0.00315473 1.22566e-05 -0.00367756 -0.0224329 0.00410985 -0.0223 -0.0350584
internal_weight=26.7432 24.249 21.2385 18.751 5.50139 13.2497 2.49422 1.63495
internal_count=250 201 180 170 71 99 49 43
is_linear=0
shrinkage=0.05


Tree=212
num_leaves=8
num_cat=0
split_feature=28 27 28 17 21 11 12
split_gain=0.62335 1.6423 1.13821 1.05948 0.927204 1.04018 0.555096
threshold=-0.033802441634774187 -0.014249805898495336 -0.077500279381030865 -3.2894388887149087e-05 0.0017184121188301706 0.65557854115962988 0.0072674744453094528
decision_type=2 2 2 2 2 2 2
left_child=2 -2 -1 6 5 -5 -3
right_child=1 3 -4 4 -6 -7 -8
leaf_value=0.0080026956460063827 0.027153937916634396 -0.0043090647447899455 -0.02490027609285821 0.014101709983186404 -0.031925599373794238 -0.017769784398353982 0.019260602456938697
leaf_weight=4.7102269120514393 5.9937290158122805 4.1091561727225798 5.9469307977706176 4.7313778251409513 3.8403284624218932 5.5782211013138294 6.3713381364941597
leaf_count=21 39 27 30 25 39 32 37
internal_value=5.73813e-05 0.00368188 -0.0103579 -0.00202996 -0.0109547 -0.00314302 0.0100195
internal_weight=41.2813 30.6242 10.6572 24.6304 14.1499 10.3096 10.4805
internal_count=250 199 51 160 96 57 64
is_linear=0
shrinkage=0.05


Tree=213
num_leaves=10
num_cat=0
split_feature=29 21 1 30 19 16 3 28 21
split_gain=0.673639 0.984294 1.18415 0.785904 0.835651 1.28477 0.661867 0.000995929 0.00018018
threshold=0.00055872193595185593 0.0014189416767858012 0.010303518108427003 0.01096511336316275 -0.0051572431413661737 0.0047034325202266877 0.012532458179716823 -0.03250753575340614 -0.0013156020959724233
decision_type=2 2 2 2 2 2 2 2 2
left_child=3 2 7 4 -1 -6 -7 -2 -9
right_child=1 -3 -4 -5 5 6 -8 8 -10
leaf_value=-0.021852882455898601 -0.036455949291271217 0.0055172504530951877 0.0031621390902099645 0.024708428179916316 -0.024960899189487532 0.025428577489040177 -0.00030202951356367113 -0.034563003389075163 -0.035325413134745756
leaf_weight=3.3608677163720193 1.8426501452922792 6.7560410983860484 3.2733514793217182 4.158620484173297 2.6337208822369567 5.7395065221935493 4.4269657172262669 1.3754483172669978 1.7750047370791473
leaf_count=17 18 35 20 23 13 41 26 31 26
internal_value=-0.000611555 -0.00863987 -0.0202103 0.00532384 0.000335728 0.00616165 0.0142242 -0.0355326 -0.0349926
internal_weight=35.3422 15.0225 8.26645 20.3197 16.1611 12.8002 10.1665 4.9931 3.15045
internal_count=250 130 95 120 97 80 67 75 57
is_linear=0
shrinkage=0.05


Tree=214
num_leaves=8
num_cat=0
split_feature=0 2 0 1 29 30 11
split_gain=0.561521 1.08144 0.754336 0.753024 1.28859 1.21217 0.172425
threshold=0.0043548068451441111 -0.0019452877975351666 0.002008854421244322 -0.010940001663405306 0.0083215583598562643 0.0078152197171895716 0.65536732017993937
decision_type=2 2 2 2 2 2 2
left_child=2 -2 3 -1 5 -5 -4
right_child=1 -3 6 4 -6 -7 -8
leaf_value=-0.019008900936229901 0.042393310769859825 -0.0037148664612855682 -0.036549441229716921 0.011092773876103619 0.03919349101271468 -0.022230372506116008 -0.01237019777664513
leaf_weight=3.7436748780310216 2.173938013613224 3.0641712229698888 1.7023961180821054 7.7775836158543843 2.450450036674737 4.2042559864930809 1.3006340032443402
leaf_count=31 9 39 23 65 13 48 22
internal_value=0.000763069 0.0154211 -0.00286224 0.000973337 0.00615665 -0.000599841 -0.0260772
internal_weight=26.4171 5.23811 21.179 18.176 14.4323 11.9818 3.00303
internal_count=250 48 202 157 126 113 45
is_linear=0
shrinkage=0.05


Tree=215
num_leaves=10
num_cat=0
split_feature=25 29 21 21 22 30 7 21 25
split_gain=0.608227 1.32329 0.750351 1.08006 0.613113 0.99773 0.453113 0.00800261 0.00021427
threshold=0.02673919386274826 -0.0033718182032360651 -0.0024933130898751039 -0.0043938617286006223 0.0071281247551754365 0.010064697192391227 0.65213517546653754 -0.00090719209144074487 -0.0011540621058457876
decision_type=2 2 2 2 2 2 2 2 2
left_child=1 6 3 -3 5 -4 -1 -8 -9
right_child=-2 2 4 -5 -6 -7 7 8 -10
leaf_value=-0.0049309684107825052 0.020181415233870049 -0.0032675590041294045 0.011282096840414596 0.036608939824798556 -0.019500826833007336 -0.010388945161363388 -0.040272013396198951 -0.034553935784355512 -0.035555725226406043
leaf_weight=1.691917287185787 3.4313506856560698 3.402230516076088 11.61577364057303 3.3900559395551673 4.2097298800945273 9.7855754606425744 1.1145582646131518 1.087987741455436 1.0478187911212442
leaf_count=11 15 18 55 25 24 54 6 27 15
internal_value=3.56973e-05 -0.00181531 0.00186044 0.016635 -0.00205789 0.00137321 -0.0259149 -0.0368376 -0.0350454
internal_weight=40.777 37.3456 32.4034 6.79229 25.6111 21.4013 4.94228 3.25036 2.13581
internal_count=250 235 176 43 133 109 59 48 42
is_linear=0
shrinkage=0.05


Tree=216
num_leaves=9
num_cat=0
split_feature=0 17 24 26 14 19 13 20
split_gain=0.665397 1.25438 0.940871 1.12501 1.31171 1.0147 0.934462 1.06222
threshold=-0.0024734993976700532 -0.00015557588654296409 0.016983875540142471 0.028204673365416547 0.79074186835290627 0.018612447512979195 43.953500644647285 0.039020292288146415
decision_type=2 2 2 2 2 2 2 2
left_child=6 -2 3 4 -3 -5 -1 -8
right_child=1 2 -4 5 -6 -7 7 -9
leaf_value=-0.033693409933953145 0.029242910398692937 0.00016912072302036028 -0.024561510781441157 -0.032394057976505936 0.036149684759849261 0.0093048975444567014 -0.018626465365752388 0.02009619519573088
leaf_weight=3.2048516869544965 4.060336314141753 6.9809013865888172 3.5552379265427581 3.2797274701297274 3.9755956679582596 2.6278139501810074 3.9367959927767515 3.2192679569125175
leaf_count=23 22 58 29 28 23 15 27 25
internal_value=-0.00063423 0.00386113 -0.00118599 0.00374199 0.0132248 -0.0138454 -0.0112554 -0.00120647
internal_weight=34.8405 24.4796 20.4193 16.864 10.9565 5.90754 10.3609 7.15606
internal_count=250 175 153 124 81 43 75 52
is_linear=0
shrinkage=0.05


Tree=217
num_leaves=9
num_cat=0
split_feature=16 9 7 9 17 17 23 2
split_gain=0.564248 0.703585 0.655855 0.969091 1.24135 0.743011 0.301799 0.000274259
threshold=0.0089466435670463116 0.65153617560863508 0.65326584279537203 0.65830576717853562 -3.0263171990597757e-05 1.0000000180025095e-35 -0.0098002246374394569 -0.004681150472818584
decision_type=2 2 2 2 2 2 2 2
left_child=1 -1 -3 5 -5 -4 -2 -8
right_child=6 2 3 4 -6 -7 7 -9
leaf_value=-0.025238004993260222 0.0030472642327629084 0.022797605297204673 0.0053464548090524748 -0.011747797823373603 0.020035210545137162 -0.037285575463695805 -0.03565291892661767 -0.034338686877071041
leaf_weight=2.0068453466519776 0.77718557044863734 4.4599815029650953 1.7482836898416305 4.941300833597789 8.1217284118756528 2.460288374684751 0.75137312337756168 0.84161391854286072
leaf_count=21 10 29 14 43 61 30 11 31
internal_value=0.000765757 0.00308837 0.00570423 0.00129027 0.00801278 -0.0195758 -0.0224964 -0.0349586
internal_weight=26.1086 23.7384 21.7316 17.2716 13.063 4.20857 2.37017 1.59299
internal_count=250 198 177 148 104 44 52 42
is_linear=0
shrinkage=0.05


Tree=218
num_leaves=9
num_cat=0
split_feature=23 6 24 24 10 26 6 15
split_gain=0.612332 0.973173 1.03644 1.01338 0.813857 0.990467 0.675665 0.999027
threshold=-0.0025970891986756279 1.1543812047352133 0.010945829652386998 0.018923081407771773 0.0071940895640755526 0.032064421348831147 1.1006359499141141 0.0081442846750595117
decision_type=2 2 2 2 2 2 2 2
left_child=6 2 4 -4 5 -2 7 -1
right_child=1 -3 3 -5 -6 -7 -8 -9
leaf_value=-0.016112343592118602 0.030467555407780841 0.028118658365029487 -0.033354215212457329 0.0035113312813535888 -0.0093914607658852275 -0.0033663358170448196 -0.026901761635991818 0.012542560828427449
leaf_weight=6.2061967048794013 5.6083319894969517 3.835996424779295 3.5863128807395688 3.8817793112248182 4.103047100827097 3.5212052389979362 3.5343836620450011 5.9654437191784382
leaf_count=36 32 23 25 30 26 18 21 39
internal_value=5.22841e-05 0.00498681 0.000700294 -0.0141922 0.00910518 0.017418 -0.00765665 -0.00206829
internal_weight=40.2427 24.5367 20.7007 7.46809 13.2326 9.12954 15.706 12.1716
internal_count=250 154 131 55 76 50 96 75
is_linear=0
shrinkage=0.05


Tree=219
num_leaves=7
num_cat=0
split_feature=21 29 10 23 23 11
split_gain=0.636653 0.966546 0.843332 0.913671 1.30501 0.614066
threshold=-0.0046958093671182746 0.0079183424289078781 -0.0082683318133502815 0.0059421528627396922 -0.0025970891986756279 0.65445597767829911
decision_type=2 2 2 2 2 2
left_child=-1 2 -2 4 -4 -5
right_child=1 -3 3 5 -6 -7
leaf_value=-0.024708907413931822 0.024593607620007781 -0.023658548502372131 0.010128233664274096 0.031276833191198929 -0.018461047498132838 0.0028054001526239616
leaf_weight=2.5395474694669238 4.3536282964050832 3.4564346242696038 7.046828433871279 3.2679564952850333 9.206607740372414 4.5038132481276989
leaf_count=21 26 30 56 22 60 35
internal_value=-0.000616661 0.00130521 0.00434571 0.000676566 -0.0060659 0.0147774
internal_weight=34.3748 31.8353 28.3788 24.0252 16.2534 7.77177
internal_count=250 229 199 173 116 57
is_linear=0
shrinkage=0.05


Tree=220
num_leaves=7
num_cat=0
split_feature=16 27 22 0 1 29
split_gain=0.55094 1.00405 0.937416 0.785669 0.594708 0.25229
threshold=0.0036382114729644872 -0.019696370333794063 -0.0049192777623024977 0.0043548068451441111 0.006893383118874886 0.004945750951052986
decision_type=2 2 2 2 2 2
left_child=-1 -2 5 4 -4 -3
right_child=1 2 3 -5 -6 -7
leaf_value=0.022485562921733881 -0.02812629535246702 -0.035682043596974578 -0.0023861374914056891 0.032727735939211085 0.023558690272231356 -0.0059302221473962686
leaf_weight=2.6122601851820972 3.1194411739707055 1.7597447764128511 11.923379287123675 2.5042238775640717 2.7109041255898765 1.1973827471956608
leaf_count=12 39 31 109 21 25 13
internal_value=0.000715517 -0.00173414 0.00236271 0.00684844 0.00241997 -0.0236351
internal_weight=25.8273 23.2151 20.0956 17.1385 14.6343 2.95713
internal_count=250 238 199 155 134 44
is_linear=0
shrinkage=0.05


Tree=221
num_leaves=8
num_cat=0
split_feature=6 28 27 17 21 28 9
split_gain=0.577745 0.636747 1.46728 1.12211 1.12582 1.01177 0.735316
threshold=0.7968738363849478 -0.041613491177663435 -0.017033787620969462 -3.2894388887149087e-05 0.0017184121188301706 -0.077500279381030865 0.6680414304137231
decision_type=2 2 2 2 2 2 2
left_child=-1 5 -3 6 -5 -2 -4
right_child=1 2 3 4 -6 -7 -8
leaf_value=-0.018249113221666051 0.0077605347735929869 0.033782490046403831 0.0018613637527508673 -0.00084876389165195745 -0.036739815995301593 -0.025083331090649641 0.029559447902118171
leaf_weight=3.8844745904207221 4.5566598810255527 4.033047664910554 5.5763273537158984 9.9011090509593505 2.8036108408123246 4.8307146802544576 4.2015712540596724
leaf_count=30 21 25 37 55 33 23 26
internal_value=6.8306e-05 0.00205013 0.00601208 0.00103048 -0.00876901 -0.00914082 0.0137633
internal_weight=39.7875 35.903 26.5157 22.4826 12.7047 9.38737 9.7779
internal_count=250 220 176 151 88 44 63
is_linear=0
shrinkage=0.05


Tree=222
num_leaves=9
num_cat=0
split_feature=0 17 13 30 24 26 14 29
split_gain=0.618257 1.1699 0.885625 1.13807 0.869259 1.04379 1.22633 1.05345
threshold=-0.0024734993976700532 -0.00015557588654296409 43.953500644647285 -0.010188679999080295 0.016983875540142471 0.028204673365416547 0.79074186835290627 -0.00044096668390419808
decision_type=2 2 2 2 2 2 2 2
left_child=2 -2 -1 -4 5 6 -3 -7
right_child=1 4 3 -5 -6 7 -8 -9
leaf_value=-0.033036828652233223 0.028619448174281095 0.00018870853979720083 0.030543974141699393 -0.013931239625208451 -0.023881105125676191 0.011200871787571613 0.035410722527829029 -0.032115880720588658
leaf_weight=3.1295213736593706 3.964801603928211 6.8585146553814464 2.0261378958821297 4.9583936855196953 3.4653318338096133 2.4561977908015251 3.8633028939366341 3.2752227159216991
leaf_count=23 22 58 14 38 29 13 23 30
internal_value=-0.000571918 0.00381588 -0.0109333 -0.00102946 -0.00112129 0.00367232 0.01288 -0.0135525
internal_weight=33.9974 23.8834 10.1141 6.98453 19.9186 16.4532 10.7218 5.73142
internal_count=250 175 75 52 153 124 81 43
is_linear=0
shrinkage=0.05


Tree=223
num_leaves=8
num_cat=0
split_feature=19 16 27 22 0 11 16
split_gain=0.529501 0.603942 0.938195 0.80448 0.752041 0.327731 0.000681318
threshold=0.051678693708908326 0.0036382114729644872 -0.019696370333794063 -0.0049192777623024977 0.0043548068451441111 0.65201710164546978 0.0053910538870768276
decision_type=2 2 2 2 2 2 2
left_child=1 -1 -3 -4 -5 -2 -7
right_child=5 2 3 4 -6 6 -8
leaf_value=0.026762251661954284 0.0048178413126859177 -0.027005822782696753 -0.021682767436573804 0.0039607224523007974 0.034487108740327808 -0.036256588832501754 -0.034157841274430008
leaf_weight=2.3932755887508455 0.76575932838022653 2.7433997886255481 2.5466235219501057 13.187391140498205 2.3820117907598606 0.68936725705862023 0.88074198644608259
leaf_count=10 7 32 37 106 16 8 34
internal_value=0.000693086 0.00297274 0.00024328 0.00436975 0.00863105 -0.022 -0.0350793
internal_weight=25.5886 23.2527 20.8594 18.116 15.5694 2.33587 1.57011
internal_count=250 201 191 159 122 49 42
is_linear=0
shrinkage=0.05


Tree=224
num_leaves=10
num_cat=0
split_feature=5 29 21 15 28 25 22 24 24
split_gain=0.57877 0.977496 1.21593 0.80562 0.972997 1.31491 0.716604 0.378016 0.000857342
threshold=0.007841615147674957 -0.0012902808061239777 -0.00030387879530863188 0.0083088857885159819 -0.033802441634774187 -1.0000000180025095e-35 0.0032914012618148196 -0.0080746943692557287 1.0000000180025095e-35
decision_type=2 2 2 2 2 2 2 2 2
left_child=1 2 -1 4 -3 -6 7 -5 -4
right_child=-2 3 8 6 5 -7 -8 -9 -10
leaf_value=0.0029631356025356707 -0.015182468445510452 -0.023361649951287238 -0.036646662426230381 0.020723892927853871 -0.017228398334211633 0.017945608679152809 0.035663173332684643 -0.0044142952551033477 -0.035040065792578436
leaf_weight=5.1547663658857346 5.3869128432124844 3.3940193802118275 1.6009896285831913 2.9228379316627979 3.8776047602295849 8.4408676326274925 3.7828051634132862 3.0623579360544664 1.7251964844763277
leaf_count=25 25 14 17 22 23 47 23 19 35
internal_value=4.34242e-05 0.00245853 -0.0122448 0.00735241 0.000342511 0.00687355 0.0186283 0.0078618 -0.0358134
internal_weight=39.3484 33.9614 8.48095 25.4805 15.7125 12.3185 9.768 5.9852 3.32619
internal_count=250 225 77 148 84 70 64 41 52
is_linear=0
shrinkage=0.05


Tree=225
num_leaves=8
num_cat=0
split_feature=21 23 23 3 34 28 32
split_gain=0.596265 0.652788 0.760615 1.41184 1.02655 0.707705 0.598551
threshold=-0.0022840014219216993 -0.0063565487640722665 0.0062072404666733147 0.012532458179716823 0.58344559444031263 0.016853323304191762 0.022402397410015637
decision_type=2 2 2 2 2 2 2
left_child=6 -2 3 4 -3 -4 -1
right_child=1 2 5 -5 -6 -7 -8
leaf_value=-0.0033802162559393497 0.019230092659456487 -0.0077139378338728888 0.023338089444928548 -0.030366712576781564 0.026240420596074784 -0.0083878625951276497 -0.036734707062619047
leaf_weight=3.8704919358715406 4.8145080283284214 7.2723771091550606 4.858459059149026 4.6733951419591895 3.2079608477652073 2.7542540058493614 2.0613783579319715
leaf_count=32 32 54 35 28 21 23 25
internal_value=-0.000590073 0.00250289 -0.00103447 -0.00751208 0.00267926 0.0118597 -0.0149712
internal_weight=33.5128 27.581 22.7664 15.1537 10.4803 7.61271 5.93187
internal_count=250 193 161 103 75 58 57
is_linear=0
shrinkage=0.05


Tree=226
num_leaves=8
num_cat=0
split_feature=17 28 16 24 0 15 13
split_gain=0.522882 0.867434 0.734762 1.10204 1.16491 0.785112 0.65942
threshold=0.00017193858391443046 0.0055941864955652018 0.0047034325202266877 0.016983875540142471 0.0065840474673087854 0.0074703254162293469 48.79182249429099
decision_type=2 2 2 2 2 2 2
left_child=2 -2 6 4 5 -4 -1
right_child=1 -3 3 -5 -6 -7 -8
leaf_value=0.031851333338969529 -0.038521336574950993 0.0067894529647805901 0.0022074789129383336 0.018106972178672898 0.029939727724714871 -0.031600593045914005 0.0026777496059096758
leaf_weight=3.5836777500808301 2.0667556524276725 2.1603786363266408 2.564295048825441 4.1474180826917282 1.346876937896013 5.1985966111533344 4.2153625786304474
leaf_count=16 23 26 23 36 13 87 26
internal_value=0.000683865 -0.0153642 0.00390558 -0.00325829 -0.0129853 -0.0204329 0.0160831
internal_weight=25.2834 4.22713 21.0562 13.2572 9.10977 7.76289 7.79904
internal_count=250 49 201 159 123 110 42
is_linear=0
shrinkage=0.05


Tree=227
num_leaves=9
num_cat=0
split_feature=23 21 17 24 26 6 15 15
split_gain=0.554384 0.894633 0.889247 1.54817 0.790913 0.648242 0.899857 0.395769
threshold=-0.0025970891986756279 -0.00030387879530863188 -5.9283935079849788e-05 0.0054390614194738127 0.022961487429424169 1.1006359499141141 0.0081442846750595117 0.0078625797162597804
decision_type=2 2 2 2 2 2 2 2
left_child=5 4 -3 -4 -2 6 -1 -5
right_child=1 2 3 7 -6 -7 -8 -9
leaf_value=-0.015320893191618227 0.033965517073354067 0.014543171893129465 0.0073272995201699546 -0.014996968585858994 0.0026709747142001118 -0.026570340963685865 0.012315852734340488 -0.044107299793797156
leaf_weight=6.032590523362158 4.0481218956410885 5.268955580890176 5.5094610936939734 2.0478063896298409 4.027842678129673 3.4137306921184054 5.7554012946784496 2.7163334675133228
leaf_count=36 23 33 33 13 25 21 39 27
internal_value=6.40028e-05 0.00485765 -0.00215693 -0.0107218 0.0183575 -0.00738377 -0.00182745 -0.0315946
internal_weight=38.8202 23.6185 15.5426 10.2736 8.07596 15.2017 11.788 4.76414
internal_count=250 154 106 73 48 96 75 40
is_linear=0
shrinkage=0.05


Tree=228
num_leaves=10
num_cat=0
split_feature=29 21 1 16 16 23 21 28 21
split_gain=0.598876 0.920182 1.10387 0.669182 0.93095 0.671939 1.10556 0.000824527 0.000171113
threshold=0.00055872193595185593 0.0014189416767858012 0.010303518108427003 0.0045343367654926406 0.0058277706361278834 -0.0025970891986756279 0.0018356928570144595 -0.03250753575340614 -0.0013156020959724233
decision_type=2 2 2 2 2 2 2 2 2
left_child=3 2 7 -1 -5 -6 -7 -2 -9
right_child=1 -3 -4 4 5 6 -8 8 -10
leaf_value=-0.013829686333484543 -0.036287420644518134 0.0057217746714454589 0.0031024486348212861 0.029400248266264608 0.017059172237292933 -0.030900699581149618 0.010594871979130373 -0.034457842534178169 -0.035233819858991357
leaf_weight=3.6903916895389584 1.7131724655628184 6.3922617845237255 3.1123711243271828 4.3686081916093817 4.4466219041496515 2.9316401742398721 3.5475377421826124 1.2336507979780416 1.6750863883644362
leaf_count=20 18 35 20 22 27 17 34 31 26
internal_value=-0.000519801 -0.00831514 -0.0199164 0.00528069 0.00989184 0.00209153 -0.00818067 -0.0354172 -0.0349047
internal_weight=33.1113 14.1265 7.73428 18.9848 15.2944 10.9258 6.47918 4.62191 2.90874
internal_count=250 130 95 120 100 78 51 75 57
is_linear=0
shrinkage=0.05


Tree=229
num_leaves=8
num_cat=0
split_feature=19 16 27 22 31 9 16
split_gain=0.504262 0.559931 0.880443 0.733645 0.633493 0.347115 0.000541763
threshold=0.051678693708908326 0.0036382114729644872 -0.019696370333794063 -0.0049192777623024977 0.08393107250362912 0.65226493328809754 0.0053910538870768276
decision_type=2 2 2 2 2 2 2
left_child=1 -1 -3 -4 -5 -2 -7
right_child=5 2 3 4 -6 6 -8
leaf_value=0.026092607848778444 0.0077193113909163995 -0.026733078383804006 -0.021199951270289587 0.018278789139978543 -0.0020689787657954201 -0.036063608451379091 -0.034168680030775382
leaf_weight=2.3292457461357179 0.68593602254986707 2.6386873880401351 2.4469752628356316 7.7883569104596813 7.5170479565858841 0.63382809981703736 0.93157855700701475
leaf_count=10 5 32 37 58 64 8 36
internal_value=0.000631726 0.00286832 0.000215444 0.00422103 0.00828525 -0.0219398 -0.0349359
internal_weight=24.9717 22.7203 20.3911 17.7524 15.3054 2.25134 1.56541
internal_count=250 201 191 159 122 49 44
is_linear=0
shrinkage=0.05


Tree=230
num_leaves=11
num_cat=0
split_feature=5 29 21 15 1 1 22 17 24 11
split_gain=0.554555 0.958115 1.12211 0.720803 0.932739 1.03178 0.674704 0.360095 0.000829049 0.000270155
threshold=0.007841615147674957 -0.0012902808061239777 -0.00030387879530863188 0.0083088857885159819 -0.0052979007446137807 0.0053073651201122072 0.0032914012618148196 6.2812374561826563e-05 -0.0053380768019015137 0.65581230223178866
decision_type=2 2 2 2 2 2 2 2 2 2
left_child=1 2 -1 4 -3 -6 7 -5 -4 -10
right_child=-2 3 8 6 5 -7 -8 -9 9 -11
leaf_value=0.0022487655805517484 -0.014990817700967397 0.022890857913463764 -0.036817635713899781 -0.0036146399428874385 -0.019486230260991892 0.010316231504497595 0.035037796575919954 0.021421907801813547 -0.035694588859383806 -0.034553420027641189
leaf_weight=5.0675160884857178 5.2914023213088504 3.6092174164950839 1.089082755148411 3.2028936296701414 6.49978847615421 5.2498957142233849 3.6534057967364788 2.6036604009568691 1.0196250099688753 1.0554898697882888
leaf_count=25 25 19 11 22 37 28 23 19 15 26
internal_value=3.74545e-05 0.00244348 -0.0123386 0.00734628 0.000658956 -0.00617014 0.0182036 0.00761175 -0.0357005 -0.0351141
internal_weight=38.342 33.0506 8.23171 24.8189 15.3589 11.7497 9.45996 5.80655 3.1642 2.07511
internal_count=250 225 77 148 84 65 64 41 52 41
is_linear=0
shrinkage=0.05


Tree=231
num_leaves=8
num_cat=0
split_feature=13 10 29 8 26 25 31
split_gain=0.588795 1.30276 0.796233 0.870502 1.01065 0.555151 0.596217
threshold=36.458074118359711 -0.0082683318133502815 -0.0028343717650526341 -0.0020869761195779235 0.028204673365416547 0.0066549994903849505 -0.062835872274722746
decision_type=2 2 2 2 2 2 2
left_child=-1 -2 5 -4 -5 6 -3
right_child=1 2 3 4 -6 -7 -8
leaf_value=-0.021168821180006861 0.032642285686683668 0.0014522635471571842 -0.029719361878409147 0.0044507272471245576 -0.026251010880978604 -0.0065895529502155176 0.037831278294825237
leaf_weight=3.1299114897847167 3.0392449051141766 1.9361581876873968 3.5102219842374387 12.385567087680096 3.4208345711231223 2.5096864104270935 2.6925152000039843
leaf_count=21 21 15 38 83 29 13 30
internal_value=-0.000548992 0.00163917 -0.00192258 -0.00719573 -0.00219377 0.0123467 0.0226141
internal_weight=32.6241 29.4942 26.455 19.3166 15.8064 7.13836 4.62867
internal_count=250 229 208 150 112 58 45
is_linear=0
shrinkage=0.05


Tree=232
num_leaves=10
num_cat=0
split_feature=16 2 34 16 25 1 15 8 2
split_gain=0.484575 0.609979 0.801777 0.811228 0.762169 0.652519 0.418306 0.30867 0.000244774
threshold=0.0089466435670463116 -0.0019452877975351666 0.97165819585806079 0.0051512779479354022 -0.004740509207992293 -0.004626547305939476 0.0079218133048488317 -0.0078954625665738215 -0.0022637450670859867
decision_type=2 2 2 2 2 2 2 2 2
left_child=1 5 -3 -4 -5 -1 -7 -2 -9
right_child=7 2 3 4 -6 6 -8 8 -10
leaf_value=-0.0021878436940791874 0.0053640321973565013 -0.028284474492579155 0.017301805434937711 0.013735428626962386 -0.035398629109577563 0.035461999435656325 0.010049323276210442 -0.035492211381367648 -0.034198140231235935
leaf_weight=5.5227556992322206 0.7082205563783649 2.9119040127843601 4.1699561104178429 1.3091228120029001 1.9875902282074065 2.8683113306760841 3.7187808230519295 0.65760165452957164 0.82242262409999844
leaf_count=39 9 39 26 18 36 14 26 9 34
internal_value=0.000678686 0.00286431 -0.00603074 0.00264792 -0.0158875 0.0104877 0.0211151 -0.0217828 -0.0347731
internal_weight=24.6767 22.4884 10.3786 7.46667 3.29671 12.1098 6.58709 2.18824 1.48002
internal_count=250 198 119 80 54 79 40 52 43
is_linear=0
shrinkage=0.05


Tree=233
num_leaves=7
num_cat=0
split_feature=6 5 25 29 33 13
split_gain=0.541813 0.574256 0.953942 1.14013 1.18185 0.437137
threshold=0.7968738363849478 0.0078757043331882052 0.011479340990343758 -0.002407793637394295 0.29500000000000004 46.878219000298678
decision_type=2 2 2 2 2 2
left_child=-1 2 3 5 -5 -2
right_child=1 -3 -4 4 -6 -7
leaf_value=-0.018106497222450391 -0.0046298834922943967 -0.01438374020440392 0.021419005277292014 -0.0041334898040636826 0.022211107688836537 -0.03766812535347585
leaf_weight=3.7131588645279399 1.7060725111514354 4.6199057940393677 6.5406873002648345 12.283691609278327 6.5150943994522086 2.4233364053070545
leaf_count=30 15 22 39 73 36 35
internal_value=3.07572e-05 0.00200638 0.00457589 -0.000228911 0.00499676 -0.0240183
internal_weight=37.8019 34.0888 29.4689 22.9282 18.7988 4.12941
internal_count=250 220 198 159 109 50
is_linear=0
shrinkage=0.05


Tree=234
num_leaves=8
num_cat=0
split_feature=29 10 23 23 16 24 11
split_gain=0.556926 0.572608 0.849046 1.02201 0.827951 0.635421 0.633272
threshold=0.0079183424289078781 -0.0082683318133502815 0.0059421528627396922 -0.0025970891986756279 0.005698810377576218 -0.0031624900907590288 0.65445597767829911
decision_type=2 2 2 2 2 2 2
left_child=1 -1 3 4 -3 -5 -4
right_child=-2 2 6 5 -6 -7 -8
leaf_value=0.018258670192200021 -0.018254760197404487 -0.017717555892086068 0.030291886807033569 -0.034667107395262443 0.018330448493775704 -0.0077898973934171119 0.00066888841781035518
leaf_weight=4.4860277380794313 3.9121048580855122 2.3754025343805614 3.0454396270215502 3.7111779190599972 4.8352782018482685 5.3970199665054608 4.4263814780861139
leaf_count=27 37 21 22 24 41 42 36
internal_value=-0.000573003 0.00187328 -0.00121639 -0.00760785 0.00645521 -0.0187411 0.0127429
internal_weight=32.1888 28.2767 23.7907 16.3189 7.21068 9.1082 7.47182
internal_count=250 213 186 128 62 66 58
is_linear=0
shrinkage=0.05


Tree=235
num_leaves=10
num_cat=0
split_feature=19 29 29 4 16 20 20 3 16
split_gain=0.469714 0.546292 0.707186 1.27606 0.831123 0.74631 0.335095 0.121374 0.000753891
threshold=0.051678693708908326 -0.0038072505594032298 0.0014032743461628307 0.0040319044899701593 0.0036382114729644872 -0.03655062635746447 -0.0077711965930201124 0.010128216289093108 0.0051239844252546117
decision_type=2 2 2 2 2 2 2 2 2
left_child=1 -1 3 -3 -4 -6 -2 -5 -8
right_child=6 2 4 7 5 -7 8 -9 -10
leaf_value=0.023631383188688283 0.0071491242393742372 0.016296186319150047 0.042780431403707818 -0.038400442664877819 -0.016873339691675104 0.010341400148362354 -0.036428067114541461 -0.020334526810085865 -0.034127802662727802
leaf_weight=2.7835576143115821 0.69135396648198399 2.2002081144601133 1.404317021369933 2.3731405539438133 3.6101398416794899 8.3358079474419267 0.61312408372759708 1.5285276714712379 0.85003144014626741
leaf_count=21 8 19 6 27 52 57 6 19 35
internal_value=0.000753861 0.00291373 -5.09165e-05 -0.0141525 0.00639434 0.00211694 -0.0215372 -0.0313229 -0.0350917
internal_weight=24.3902 22.2357 19.4521 6.10188 13.3503 11.9459 2.15451 3.90167 1.46316
internal_count=250 201 180 65 115 109 49 46 41
is_linear=0
shrinkage=0.05


Tree=236
num_leaves=8
num_cat=0
split_feature=6 28 27 17 21 28 9
split_gain=0.516893 0.563444 1.24328 0.987691 1.01199 0.876701 0.666567
threshold=0.7968738363849478 -0.041613491177663435 -0.017033787620969462 -3.2894388887149087e-05 0.0017184121188301706 -0.077500279381030865 0.65763399004936229
decision_type=2 2 2 2 2 2 2
left_child=-1 5 -3 6 -5 -2 -4
right_child=1 2 3 4 -6 -7 -8
leaf_value=-0.017791488337292629 0.0074073054790120482 0.032522654977274842 -0.0027031519235610172 -0.00081434648371343722 -0.036453472826140761 -0.02408034608077525 0.024743903797044876
leaf_weight=3.6795361228287211 4.2729479372501373 3.7054032590240231 3.749051524326207 9.4377784989774245 2.5247133877128354 4.5801273807883245 5.3955444153398275
leaf_count=30 21 25 26 55 33 23 37
internal_value=1.53941e-06 0.00194626 0.00581005 0.00112059 -0.00833607 -0.00888279 0.0134913
internal_weight=37.3451 33.6656 24.8125 21.1071 11.9625 8.85308 9.1446
internal_count=250 220 176 151 88 44 63
is_linear=0
shrinkage=0.05


Tree=237
num_leaves=9
num_cat=0
split_feature=0 17 13 30 24 26 14 29
split_gain=0.562621 1.07093 0.810517 1.13366 0.796854 0.922872 1.07373 0.934723
threshold=-0.0024734993976700532 -0.00015557588654296409 43.953500644647285 -0.010803727486247415 0.016983875540142471 0.028204673365416547 0.79074186835290627 -0.00044096668390419808
decision_type=2 2 2 2 2 2 2 2
left_child=2 -2 -1 -4 5 6 -3 -7
right_child=1 4 3 -5 -6 7 -8 -9
leaf_value=-0.032492170079210174 0.028169805389780495 0.00026103732720422019 0.032682635586995266 -0.013831789775687154 -0.023633731904103214 0.010741877545319177 0.034332876750430417 -0.031599644390810783
leaf_weight=2.9494308978319186 3.7510529942810562 6.3988224435597676 1.8137282989919183 4.715935193002224 3.2438988927751771 2.3035552240908146 3.6206592209637165 3.0021842606365672
leaf_count=23 22 58 13 39 29 13 23 30
internal_value=-0.000532411 0.00380174 -0.0107379 -0.000911594 -0.00112073 0.00364462 0.0125733 -0.0132165
internal_weight=31.7993 22.3202 9.47909 6.52966 18.5691 15.3252 10.0195 5.30574
internal_count=250 175 75 52 153 124 81 43
is_linear=0
shrinkage=0.05


Tree=238
num_leaves=8
num_cat=0
split_feature=17 12 16 24 0 15 13
split_gain=0.456172 0.826922 0.613284 1.01536 1.07562 0.704817 0.59016
threshold=0.00017193858391443046 -0.0037380306056143662 0.0047034325202266877 0.016983875540142471 0.0065840474673087854 0.0074703254162293469 48.79182249429099
decision_type=2 2 2 2 2 2 2
left_child=2 -2 6 4 5 -4 -1
right_child=1 -3 3 -5 -6 -7 -8
leaf_value=0.030351977737282522 0.0084268731249549436 -0.03686603810856881 0.0016022998321146638 0.017792329468304141 0.029390414014146628 -0.03124198679650185 0.0021355364159940859
leaf_weight=3.436433579772717 1.9772136472165582 2.0552142928354433 2.4704179731197637 4.0173501046374431 1.2916405936703084 4.8210315024480224 4.0220609717071056
leaf_count=16 14 35 23 36 13 87 26
internal_value=0.000687614 -0.0146576 0.00377246 -0.0029539 -0.0126643 -0.020114 0.015136
internal_weight=24.0914 4.03243 20.0589 12.6004 8.58309 7.29145 7.45849
internal_count=250 49 201 159 123 110 42
is_linear=0
shrinkage=0.05


Tree=239
num_leaves=6
num_cat=0
split_feature=5 25 22 0 29
split_gain=0.501406 0.847096 1.39721 1.3187 1.16947
threshold=0.007841615147674957 0.02489918393512747 0.0082048974914769052 -0.0032410739960454511 -0.0015804448436849692
decision_type=2 2 2 2 2
left_child=1 2 3 -1 -5
right_child=-2 -3 -4 4 -6
leaf_value=0.026429049850222843 -0.014451590437268923 0.028475448090990396 -0.029611117305786184 -0.02881880284290049 0.0035086284051122165
leaf_weight=5.1755225602537456 5.1564815565943709 2.8281773775815955 3.5424604834988704 3.3544271308928826 16.853632006794211
leaf_count=32 25 15 35 41 102
internal_value=9.88188e-06 0.00235824 -0.000195309 0.00390988 -0.00185755
internal_weight=36.9107 31.7542 28.926 25.3836 20.2081
internal_count=250 225 210 175 143
is_linear=0
shrinkage=0.05


Tree=240
num_leaves=8
num_cat=0
split_feature=21 23 12 29 31 13 32
split_gain=0.531231 0.552047 0.659058 0.773382 1.03382 0.702873 0.544342
threshold=-0.0022840014219216993 -0.0063565487640722665 0.025748539826714718 0.0012471092771182415 0.012534581282681626 59.072376369986408 0.022402397410015637
decision_type=2 2 2 2 2 2 2
left_child=6 -2 3 4 -3 -5 -1
right_child=1 2 -4 5 -6 -7 -8
leaf_value=-0.0033555708057723178 0.0183892562068638 -0.0017717280425091177 -0.022731107662932511 -0.021805416502904816 0.028819722923058396 0.012301340606556301 -0.036473465886671053
leaf_weight=3.64865623880178 4.4926603212952676 6.8359602466225642 2.9738201629370442 4.6128741912543765 4.633845878764987 2.2460570149123669 1.8801006283611057
leaf_count=32 32 42 19 47 38 15 25
internal_value=-0.000552934 0.00246158 -0.000897529 0.00264495 0.0105873 -0.0106367 -0.0146176
internal_weight=31.324 25.7952 21.3026 18.3287 11.4698 6.85893 5.52876
internal_count=250 193 161 142 80 62 57
is_linear=0
shrinkage=0.05


Tree=241
num_leaves=8
num_cat=0
split_feature=0 2 0 1 29 30 34
split_gain=0.44806 0.810696 0.638421 0.556532 1.08692 0.998338 0.172794
threshold=0.0043548068451441111 -0.0019452877975351666 0.002008854421244322 -0.010940001663405306 0.0083215583598562643 0.0078152197171895716 -1.0000000180025095e-35
decision_type=2 2 2 2 2 2 2
left_child=2 -2 3 -1 5 -5 -4
right_child=1 -3 6 4 -6 -7 -8
leaf_value=-0.017232771571497562 0.038808582309355827 -0.0031838802099734714 -0.0097515891327357371 0.010108088056184406 0.037036850282085705 -0.021775478342506264 -0.035908499761236723
leaf_weight=3.3553455267101588 1.9837188497185705 2.7326313443481913 1.0450266040861609 7.038549071177842 2.2711496688425532 3.7703560604713857 1.59514302574098
leaf_count=31 9 39 14 65 13 48 31
internal_value=0.000678986 0.0144783 -0.00273284 0.000933308 0.00559334 -0.00101352 -0.0255551
internal_weight=23.7919 4.71635 19.0756 16.4354 13.0801 10.8089 2.64017
internal_count=250 48 202 157 126 113 45
is_linear=0
shrinkage=0.05


Tree=242
num_leaves=9
num_cat=0
split_feature=23 21 17 24 26 6 15 15
split_gain=0.48594 0.769981 0.794647 1.32922 0.688483 0.571824 0.785848 0.396725
threshold=-0.0025970891986756279 -0.00030387879530863188 -5.9283935079849788e-05 0.0054390614194738127 0.022961487429424169 1.1006359499141141 0.0081442846750595117 0.0078625797162597804
decision_type=2 2 2 2 2 2 2 2
left_child=5 4 -3 -4 -2 6 -1 -5
right_child=1 2 3 7 -6 -7 -8 -9
leaf_value=-0.014702053918309914 0.032729516363428024 0.01421605698708241 0.0067599337747977 -0.013432918719084586 0.0025465362317263424 -0.025736160524471943 0.011976249835098311 -0.043547240183649666
leaf_weight=5.6945599997416121 3.7743262164294729 4.9668975900858632 5.2046643830835819 1.9345700927078722 3.7830246277153492 3.2123951464891425 5.3570973034948111 2.5160541152581573
leaf_count=36 23 33 33 13 25 21 39 27
internal_value=3.1987e-05 0.00466215 -0.00203535 -0.0103954 0.0176207 -0.00716756 -0.00177021 -0.0304573
internal_weight=36.4436 22.1795 14.6222 9.65529 7.55735 14.2641 11.0517 4.45062
internal_count=250 154 106 73 48 96 75 40
is_linear=0
shrinkage=0.05


Tree=243
num_leaves=8
num_cat=0
split_feature=13 10 21 1 15 20 30
split_gain=0.527911 1.15929 0.769787 1.23776 1.11404 0.665801 0.449484
threshold=36.458074118359711 -0.0082683318133502815 0.0019773403340929145 0.0038032316921488012 0.0086917171330561788 0.011768207331709692 -0.0034444174679946755
decision_type=2 2 2 2 2 2 2
left_child=-1 -2 3 6 -4 -5 -3
right_child=1 2 4 5 -6 -7 -8
leaf_value=-0.020550952674334447 0.031657788681371583 -0.0097276849886989286 0.026572001163402172 0.011071398687717986 -0.0097209565206419664 -0.016357531249763618 -0.036990957498926863
leaf_weight=2.9680218081921366 2.8824470937252107 2.5788345132023096 4.731763103976844 7.0923277437686902 3.8226135708391666 3.2154663242399693 3.65382928028703
leaf_count=21 21 23 39 50 28 21 47
internal_value=-0.000500582 0.0016265 -0.00182296 -0.00812068 0.0103541 0.00251508 -0.0257105
internal_weight=30.9453 27.9773 25.0948 16.5405 8.55438 10.3078 6.23266
internal_count=250 229 208 141 67 71 70
is_linear=0
shrinkage=0.05


Tree=244
num_leaves=10
num_cat=0
split_feature=16 2 34 16 25 1 15 23 12
split_gain=0.450227 0.56743 0.73432 0.748032 0.699376 0.568792 0.370465 0.280395 0.000198713
threshold=0.0089466435670463116 -0.0019452877975351666 0.97165819585806079 0.0051512779479354022 -0.004740509207992293 -0.004626547305939476 0.0079218133048488317 -0.0098002246374394569 0.0083229398913262347
decision_type=2 2 2 2 2 2 2 2 2
left_child=1 5 -3 -4 -5 -1 -7 -2 -9
right_child=7 2 3 4 -6 6 -8 8 -10
leaf_value=-0.0018215851777530984 0.0047957244254564768 -0.027991775637803869 0.016754135002036347 0.012715938410964182 -0.035321420372513325 0.034227492616652144 0.0097737992182410777 -0.035487365826735347 -0.034274784525641033
leaf_weight=5.2779305204749107 0.663732344284654 2.7470965869724733 4.0044161751866341 1.2748182900249987 1.8678571246564359 2.7451366633176857 3.5539526231586933 0.61244569811969884 0.75360169354826212
leaf_count=39 10 39 26 18 36 14 26 13 29
internal_value=0.000643785 0.00277162 -0.00602075 0.00242416 -0.0158352 0.0102859 0.0204307 -0.0218647 -0.0348184
internal_weight=23.501 21.4712 9.89419 7.14709 3.14268 11.577 6.29909 2.02978 1.36605
internal_count=250 198 119 80 54 79 40 52 42
is_linear=0
shrinkage=0.05


Tree=245
num_leaves=8
num_cat=0
split_feature=6 21 28 27 17 28 17
split_gain=0.475531 0.52675 0.661466 0.897695 0.863307 0.824643 0.611109
threshold=0.7968738363849478 0.0033023354171393131 -0.041613491177663435 -0.017033787620969462 -3.0263171990597757e-05 -0.077500279381030865 -5.7802158428188598e-05
decision_type=2 2 2 2 2 2 2
left_child=-1 2 5 -4 -5 -2 -3
right_child=1 6 3 4 -6 -7 -8
leaf_value=-0.017351105819681006 0.0086470401294488266 0.0055051549428064847 0.033287720136251829 0.017708889400666807 -0.0048141250801652918 -0.0229280335071885 -0.037234201647801397
leaf_weight=3.554397943429648 3.9549755323678255 1.5989076383411887 3.181127421557906 7.2131983004510465 10.372530620545144 4.333692420274021 1.7537573715671886
leaf_count=30 19 14 23 49 67 22 26
internal_value=1.00405e-05 0.00191414 0.00407948 0.00884561 0.00442422 -0.00786184 -0.0168515
internal_weight=35.9626 32.4082 29.0555 20.7669 17.5857 8.28867 3.35267
internal_count=250 220 180 139 116 41 40
is_linear=0
shrinkage=0.05


Tree=246
num_leaves=9
num_cat=0
split_feature=29 21 3 12 33 17 25 27
split_gain=0.502071 0.499382 0.856865 1.13961 0.703005 0.650677 0.607915 0.32262
threshold=0.0079183424289078781 0.0015291427556902717 -0.0091143224299356489 0.014598345747854891 0.28500000000000009 7.8632799618310573e-05 -0.0019206377730711097 0.0064307750651532167
decision_type=2 2 2 2 2 2 2 2
left_child=1 2 -1 6 7 -5 -4 -3
right_child=-2 4 3 5 -6 -7 -8 -9
leaf_value=0.017227204761469911 -0.017727084037111169 0.011400303460138709 -0.0030040320099495419 -0.0079597718231399234 -0.0010992607809365749 0.027098819109183065 -0.033386513060806602 0.037879846752559343
leaf_weight=3.8175222743302646 3.7047859057784072 2.229566687718032 2.5327670685946995 2.9690325725823641 5.8037377074360847 2.3879139563068748 4.7045758105814421 2.376305740326643
leaf_count=27 37 21 17 24 39 18 47 20
internal_value=-0.000473654 0.00190953 -0.00352404 -0.00981406 0.0104761 0.00766796 -0.0227539 0.0250619
internal_weight=30.5262 26.8214 16.4118 12.5943 10.4096 5.35695 7.23734 4.60587
internal_count=250 213 133 106 80 42 64 41
is_linear=0
shrinkage=0.05


Tree=247
num_leaves=11
num_cat=0
split_feature=16 22 24 2 27 27 10 0 27 2
split_gain=0.422963 0.532971 0.765641 0.624995 0.86853 0.823867 0.676964 0.578019 0.307857 0.000164432
threshold=0.0089466435670463116 -0.0049192777623024977 -0.0046630972275966678 -0.001752033008534881 -0.0072446442111588896 0.0014385872062956386 -0.0025893833932688379 0.00036935356860501317 -0.046354567938339801 -0.004681150472818584
decision_type=2 2 2 2 2 2 2 2 2 2
left_child=1 2 -1 6 -5 -6 7 -3 -2 -10
right_child=8 3 -4 4 5 -7 -8 -9 9 -11
leaf_value=-0.037111638000916269 0.0082280969046839864 -0.0055639753289593377 0.0078942553295873082 -0.035580485308405713 0.029080369242427229 -0.011425931053861095 0.033203512033034316 0.023339092095868097 -0.035245341290750201 -0.034148104943555774
leaf_weight=1.8713099509477618 0.60105472430586804 4.4707021787762642 1.9090216718614161 1.7660172376781762 2.1112538408487929 3.0963355824351311 3.2003998868167454 2.8214733675122261 0.69972488842904557 0.66686434345319767
leaf_count=28 7 33 20 28 14 41 18 16 13 32
internal_value=0.000583967 0.00263784 -0.0143842 0.00632205 -0.00527965 0.00499608 0.0140328 0.00561914 -0.0215937 -0.0347099
internal_weight=23.2142 21.2465 3.78033 17.4662 6.97361 5.20759 10.4926 7.29218 1.96764 1.36659
internal_count=250 198 48 150 83 55 67 49 52 45
is_linear=0
shrinkage=0.05


Tree=248
num_leaves=9
num_cat=0
split_feature=5 29 21 22 0 30 23 24
split_gain=0.453543 0.809917 0.946736 0.601637 0.780259 0.940363 0.534406 0.000512855
threshold=0.007841615147674957 -0.0012902808061239777 -0.00030387879530863188 0.0071281247551754365 0.0017464901260101364 0.010736037638181652 -0.0037387814530928649 1.0000000180025095e-35
decision_type=2 2 2 2 2 2 2 2
left_child=1 2 -1 4 5 -3 -6 -4
right_child=-2 3 7 -5 6 -7 -8 -9
leaf_value=0.0016034111040870132 -0.013935330955985313 0.03135854428830382 -0.036107286683582228 -0.013432775022129154 -0.014624110850362261 0.0010486409618479756 0.0096814124032870204 -0.034738709713208707
leaf_weight=4.6759002357721329 4.9992125853896132 6.4477554708719307 1.3570744935423165 3.1379046943038693 3.885465957224369 4.242892924696207 5.4109701942652446 1.3812815817072985
leaf_count=25 25 38 17 21 24 29 36 35
internal_value=2.5397e-05 0.00231074 -0.0120696 0.0069213 0.0101168 0.0193292 -0.000477135 -0.0354169
internal_weight=35.5385 30.5392 7.41426 23.125 19.9871 10.6906 9.29644 2.73836
internal_count=250 225 77 148 127 67 60 52
is_linear=0
shrinkage=0.05


Tree=249
num_leaves=7
num_cat=0
split_feature=13 10 23 23 4 16
split_gain=0.507498 1.05958 0.702743 1.07314 0.974858 0.653023
threshold=36.458074118359711 -0.0082683318133502815 -0.010390825446515149 0.0062072404666733147 0.0041091143511782493 0.0059676400861974439
decision_type=2 2 2 2 2 2
left_child=-1 -2 -3 4 -4 -5
right_child=1 2 3 5 -6 -7
leaf_value=-0.020316269243064719 0.030672819361963449 0.021743897275695312 0.0040486805474766975 0.02709981535492096 -0.022534926556119154 -0.0037056887845023771
leaf_weight=2.9222268499434021 2.8120311163365903 2.8165342155844035 5.552314560860391 3.3909841664135447 9.1024531405419093 3.4918109811842442
leaf_count=21 21 21 51 22 80 34
internal_value=-0.000517193 0.00161257 -0.00174285 -0.00481429 -0.0124631 0.0114714
internal_weight=30.0884 27.1661 24.3541 21.5376 14.6548 6.8828
internal_count=250 229 208 187 131 56
is_linear=0
shrinkage=0.05


Tree=250
num_leaves=9
num_cat=0
split_feature=19 16 27 20 15 2 9 16
split_gain=0.417883 0.48179 0.782251 0.620876 0.961609 0.658567 0.306889 0.000407737
threshold=0.051678693708908326 0.0036382114729644872 -0.019696370333794063 -0.03655062635746447 0.0082468733940821316 -0.0010851348029549122 0.65226493328809754 0.0052528199334752378
decision_type=2 2 2 2 2 2 2 2
left_child=1 -1 -3 4 -4 -5 -2 -8
right_child=6 2 3 5 -6 -7 7 -9
leaf_value=0.02521309067941685 0.0076403184621242782 -0.026650752500253935 0.010112524451968951 0.021513596740550613 -0.03623097423732561 -0.0020234052515441304 -0.035846554821377802 -0.034068646053791188
leaf_weight=2.13210958242417 0.62347931042313476 2.3806070378050306 2.3653079122305014 6.0770928841084331 2.1249125865288079 5.816326822154199 0.53204548917710759 0.81870453944429755
leaf_count=10 5 32 25 34 38 62 7 37
internal_value=0.000612772 0.00269018 0.000130991 0.00402248 -0.0118187 0.0100031 -0.0213757 -0.0347689
internal_weight=22.8706 20.8964 18.7642 16.3836 4.49022 11.8934 1.97423 1.35075
internal_count=250 201 191 159 63 96 49 44
is_linear=0
shrinkage=0.05


Tree=251
num_leaves=6
num_cat=0
split_feature=6 5 25 22 0
split_gain=0.444149 0.479308 0.865447 1.20533 0.973512
threshold=0.7968738363849478 0.0078757043331882052 0.02489918393512747 0.0082048974914769052 -0.0032410739960454511
decision_type=2 2 2 2 2
left_child=-1 2 3 4 -2
right_child=1 -3 -4 -5 -6
leaf_value=-0.016935160558799869 0.026746166946866819 -0.013439286574796615 0.032365720077045676 -0.027759835351940671 0.00035818070640968361
leaf_weight=3.4705636687576762 4.3819136563688614 4.3823092710226765 2.507686235010623 3.0739444186910978 17.271794728934768
leaf_count=30 28 22 14 32 124
internal_value=4.40899e-05 0.00190785 0.00437728 0.00153891 0.00569814
internal_weight=35.0882 31.6176 27.2353 24.7277 21.6537
internal_count=250 220 198 184 152
is_linear=0
shrinkage=0.05


Tree=252
num_leaves=8
num_cat=0
split_feature=0 17 24 24 23 25 1
split_gain=0.495495 0.967976 0.804692 0.706259 0.813966 0.854351 0.291122
threshold=-0.0026287571745528533 -0.00015557588654296409 0.0082458491579464627 0.016983875540142471 0.0066468461892038597 -0.00039091095706095253 -0.0071182896565560308
decision_type=2 2 2 2 2 2 2
left_child=2 -2 6 4 5 -3 -1
right_child=1 3 -4 -5 -6 -7 -8
leaf_value=-0.036021185969111191 0.026250887033274613 0.014833802972435981 0.010824821486549278 -0.023507693592766873 0.024402724660616489 -0.013974978738200087 -0.012604416572900339
leaf_weight=2.2064585834741592 3.8375796508044031 4.0494266096502587 2.833759319037199 3.0118133164942256 3.4257448241114608 7.060880747623739 3.3310201447457093
leaf_count=16 24 34 30 29 25 66 26
internal_value=-0.000533008 0.00350375 -0.0108455 -0.00147086 0.00309508 -0.0034749 -0.021935
internal_weight=29.7567 21.3854 8.37124 17.5479 14.5361 11.1103 5.53748
internal_count=250 178 72 154 125 100 42
is_linear=0
shrinkage=0.05


Tree=253
num_leaves=7
num_cat=0
split_feature=17 28 16 27 15 32
split_gain=0.405334 0.758002 0.565894 0.678172 0.658249 0.600129
threshold=0.00017193858391443046 0.0055941864955652018 0.0036382114729644872 -0.019696370333794063 0.010425358843604429 -0.32276428632710991
decision_type=2 2 2 2 2 2
left_child=2 -2 -1 -4 5 -5
right_child=1 -3 3 4 -6 -7
leaf_value=0.028609213467856609 -0.037664991865074236 0.0071081602935195182 -0.025431039243174108 0.03723140955617172 -0.023427891191175401 0.0044166830442726969
leaf_weight=2.0191397778689923 1.8135328600183123 1.9745583641342817 2.1786755211651387 1.5914942920208037 1.8473107698373485 11.18867860548197
leaf_count=11 23 26 32 11 31 116
internal_value=0.000596135 -0.0143268 0.00359898 0.000594178 0.00447048 0.00850305
internal_weight=22.6134 3.78809 18.8253 16.8062 14.6275 12.7802
internal_count=250 49 201 190 158 127
is_linear=0
shrinkage=0.05


Tree=254
num_leaves=9
num_cat=0
split_feature=23 21 17 24 26 6 15 9
split_gain=0.441188 0.649458 0.685572 1.22376 0.635842 0.508884 0.692427 0.264334
threshold=-0.0025970891986756279 -0.00030387879530863188 -5.9283935079849788e-05 0.0054390614194738127 0.022961487429424169 1.1006359499141141 0.0081442846750595117 0.65521250516176233
decision_type=2 2 2 2 2 2 2 2
left_child=5 4 -3 -4 -2 6 -1 -5
right_child=1 2 3 7 -6 -7 -8 -9
leaf_value=-0.014114108826368245 0.031741773009235835 0.013709768582723462 0.0070385628258650195 -0.01740317125397579 0.0020844008358822724 -0.02484114918176674 0.011589228470807914 -0.042500661431493343
leaf_weight=5.4355466365814191 3.5729539580643186 4.7438862435519686 4.9926608195528388 2.1617157924920321 3.6571227125823498 3.0790541227906933 5.0587937328964472 2.0384454065933824
leaf_count=36 23 33 33 17 25 21 39 23
internal_value=6.85066e-05 0.00458065 -0.00172761 -0.00969396 0.0167405 -0.00696787 -0.00172382 -0.0295836
internal_weight=34.7402 21.1668 13.9367 9.19282 7.23008 13.5734 10.4943 4.20016
internal_count=250 154 106 73 48 96 75 40
is_linear=0
shrinkage=0.05


Tree=255
num_leaves=10
num_cat=0
split_feature=19 25 1 21 22 28 14 24 29
split_gain=0.48851 0.908807 0.840158 0.83979 0.741474 0.509937 0.387455 0.128588 0.0033673
threshold=-0.0051572431413661737 0.0097353269351553324 0.010303518108427003 0.0015291427556902717 0.0012587613250992782 0.0080418620390485546 0.40198751525787224 -0.016343668715552592 0.0012471092771182415
decision_type=2 2 2 2 2 2 2 2 2
left_child=2 4 3 7 5 -2 -6 -1 -9
right_child=1 -3 -4 -5 6 -7 -8 8 -10
leaf_value=-0.016861914104584 -0.0092825202130272146 -0.01537526966611074 0.012285427605977596 -0.0019621180189989223 0.042493805177668556 0.019660401587628815 0.014669535350360361 -0.038345654698466292 -0.034972718207314714
leaf_weight=1.1759979967027892 4.0818779561668617 3.8470243345946065 3.9595344923436633 5.573429848998785 2.2487860713154078 2.4265362769365311 2.8202916346490383 1.1224554702639609 2.1714205835014582
leaf_count=15 34 26 24 31 17 18 32 9 44
internal_value=-0.000458863 0.00567923 -0.00722014 -0.0149101 0.0126753 0.00150829 0.0270132 -0.0310549 -0.0361221
internal_weight=29.4274 15.4245 14.0028 10.0433 11.5775 6.50841 5.06908 4.46987 3.29388
internal_count=250 127 123 99 101 52 49 68 53
is_linear=0
shrinkage=0.05


Tree=256
num_leaves=11
num_cat=0
split_feature=19 29 11 17 31 24 16 9 33 16
split_gain=0.399266 0.445312 0.576733 0.804352 0.642683 1.15727 0.925488 0.254887 0.0531002 0.000370076
threshold=0.051678693708908326 -0.0038072505594032298 0.6543561577796938 -4.6409999730241451e-05 0.11775891501399519 0.0048123284416209397 0.0051512779479354022 0.6526535600423814 0.27500000000000008 0.0052528199334752378
decision_type=2 2 2 2 2 2 2 2 2 2
left_child=1 -1 3 -3 6 -6 -4 -2 -5 -9
right_child=7 2 4 8 5 -7 -8 9 -10 -11
leaf_value=0.021989493307614572 0.0034909920795431781 0.0095411137400916272 0.034671529973746361 -0.02465430408863634 -0.026345149028597272 0.015897806622064206 -0.00317489048187828 -0.035794604109832998 -0.038196444554101233 -0.034041891136868237
leaf_weight=2.5765978191047969 0.67067102435976167 1.998984709382057 3.3514638915657979 1.394663294777277 3.339759124442935 3.1509850360453129 3.1182603021152318 0.51505499519407727 1.5050204573199151 0.72523373272269964
leaf_count=21 8 21 15 24 31 27 46 7 16 34
internal_value=0.000513905 0.00255764 -0.000245857 -0.0148608 0.00527817 -0.00583796 0.0164304 -0.0213417 -0.0316831 -0.0347697
internal_weight=22.3467 20.4357 17.8591 4.89867 12.9605 6.49074 6.46972 1.91096 2.89968 1.24029
internal_count=250 201 180 61 119 58 61 49 40 41
is_linear=0
shrinkage=0.05


Tree=257
num_leaves=9
num_cat=0
split_feature=29 25 5 33 1 25 25 30
split_gain=0.443276 0.700377 0.510695 0.661789 0.82491 0.720527 0.535385 0.135557
threshold=-0.0033718182032360651 0.011479340990343758 0.007841615147674957 0.29500000000000004 -0.0052979007446137807 -1.0000000180025095e-35 0.0061438142466270227 -0.015475917439848606
decision_type=2 2 2 2 2 2 2 2
left_child=1 7 3 4 -2 -6 -5 -1
right_child=2 -3 -4 6 5 -7 -8 -9
leaf_value=-0.012961777706362776 0.017716208022572073 0.0098121181579699599 -0.012740578447499172 0.025089746949069194 -0.025346894928845398 0.0012418094666434795 0.00071816995989166642 -0.035953263051188115
leaf_weight=0.92638604156672988 4.1789531260728863 1.9146767407655714 4.6905467212200156 5.8005520030856115 3.989596702158452 7.0513888206332931 3.68492216989398 2.0818326240405431
leaf_count=16 27 9 20 38 34 43 25 38
internal_value=5.8832e-05 -0.0138271 0.00238428 0.00525588 -0.00120449 -0.00836587 0.0156219 -0.028873
internal_weight=34.3189 4.9229 29.396 24.7054 15.2199 11.041 9.48547 3.00822
internal_count=250 63 187 167 104 77 63 54
is_linear=0
shrinkage=0.05


Tree=258
num_leaves=9
num_cat=0
split_feature=29 30 19 25 14 19 22 2
split_gain=0.479349 0.450357 0.676211 0.75157 0.842714 0.734695 0.465186 0.299904
threshold=0.0079183424289078781 0.01096511336316275 -0.0051572431413661737 -0.0025020179624143375 0.393812561314415 -0.030315482237622923 -0.002301899024704845 -0.0004460971086355236
decision_type=2 2 2 2 2 2 2 2
left_child=1 2 5 7 -5 -1 -3 -4
right_child=-2 6 3 4 -6 -7 -8 -9
leaf_value=0.0019923940874174086 -0.017684355913019593 -0.00016899792457422609 0.0072939678528094708 0.018997552583526967 -0.014928013447740241 -0.030714154197360722 0.025553328655457633 0.036958725473853135
leaf_weight=3.38476855866611 3.5474389940500251 3.5128984842449427 1.4646478313952687 2.8001439943909574 5.2860020492225885 3.4848023671656927 3.5179246002808204 2.036871185526258
leaf_count=33 37 30 14 16 38 26 30 26
internal_value=-0.000464001 0.00193274 -0.0021693 0.00519946 -0.00317996 -0.014599 0.0127014 0.0245503
internal_weight=29.0355 25.4881 18.4572 11.5877 8.08615 6.86957 7.03082 3.50152
internal_count=250 213 153 94 54 59 60 40
is_linear=0
shrinkage=0.05


Tree=259
num_leaves=8
num_cat=0
split_feature=13 16 0 0 1 29 16
split_gain=0.398403 0.647754 0.461153 0.495397 0.612466 0.674905 0.000216294
threshold=63.36713610200507 0.0048728757425848092 0.0043548068451441111 0.002008854421244322 -0.010940001663405306 0.0074667606907073978 0.0058934541725300946
decision_type=2 2 2 2 2 2 2
left_child=2 -2 3 4 -1 -6 -3
right_child=1 6 -4 -5 5 -7 -8
leaf_value=-0.015977919725118077 0.0071385319961307847 -0.035506522914634846 0.021624546523245022 -0.023041455705986001 0.0026336825608116836 0.033574269161273783 -0.034429133454604396
leaf_weight=3.0856009814888266 1.7804807014763349 0.83878824301064003 2.9624954033642998 2.0132218208163968 8.0380688682198542 2.2574758753180495 1.0477216783910988
leaf_count=30 12 13 26 37 81 15 36
internal_value=0.000553573 -0.0144927 0.00355924 8.27431e-05 0.00356183 0.00941794 -0.0349082
internal_weight=22.0239 3.66699 18.3569 15.3944 13.3811 10.2955 1.88651
internal_count=250 61 189 163 126 96 49
is_linear=0
shrinkage=0.05


Tree=260
num_leaves=9
num_cat=0
split_feature=28 27 21 17 15 20 28 8
split_gain=0.440718 1.13436 0.879479 0.842434 0.736484 0.719396 0.558681 0.544038
threshold=-0.033802441634774187 -0.0078430198887263752 -0.0011061820532373698 -3.2894388887149087e-05 0.0082468733940821316 -0.031745994280737315 -1.0000000180025095e-35 -0.00096850264404964033
decision_type=2 2 2 2 2 2 2 2
left_child=4 7 -3 6 -1 -5 -4 -2
right_child=1 2 3 5 -6 -7 -8 -9
leaf_value=-0.027008868993880115 0.0053906927612800085 0.014234006111046466 0.02275259044831892 -0.00062333623511462389 0.0023914206262732945 -0.034456194875486172 -0.0086546288055717319 0.033152644961306023
leaf_weight=3.5907925330102426 3.2772941952571273 5.1237561553716686 2.2997372914105654 2.4536946602165717 5.236393179744482 4.368557425215835 3.6844367813318986 3.8234909949824241
leaf_count=22 24 39 15 22 29 40 29 30
internal_value=3.78249e-05 0.00342542 -0.00327293 -0.0102773 -0.00956826 -0.0222879 0.00341527 0.0203394
internal_weight=33.8582 25.031 17.9302 12.8064 8.82719 6.82225 5.98417 7.10079
internal_count=250 199 145 106 51 62 44 54
is_linear=0
shrinkage=0.05


Tree=261
num_leaves=8
num_cat=0
split_feature=0 17 24 22 13 3 26
split_gain=0.469333 0.916626 0.766044 0.695995 0.737682 0.746987 0.199981
threshold=-0.0026287571745528533 -0.00015557588654296409 0.0082458491579464627 0.005961149877537931 72.27347400183983 0.01331298085011501 0.016010884312195665
decision_type=2 2 2 2 2 2 2
left_child=2 -2 6 4 5 -3 -1
right_child=1 3 -4 -5 -6 -7 -8
leaf_value=-0.011668109111620537 0.026025269351095382 -0.0028638707530015866 0.010854535713341976 0.023873327151778142 0.019413411479870385 -0.030632262532171779 -0.031099560061288469
leaf_weight=2.54558197502047 3.7153586000204113 8.7233658656477946 2.7214413583278656 2.3449101429432622 2.4705268759280434 3.3526807753369203 2.7593982797116041
leaf_count=21 24 81 30 25 17 31 21
internal_value=-0.000454913 0.00354021 -0.0107119 -0.00140548 -0.00548043 -0.0105732 -0.0217754
internal_weight=28.6333 20.6068 8.02642 16.8915 14.5466 12.076 5.30498
internal_count=250 178 72 154 129 112 42
is_linear=0
shrinkage=0.05


Tree=262
num_leaves=11
num_cat=0
split_feature=16 2 14 22 31 1 27 0 21 2
split_gain=0.379881 0.504077 0.792745 0.574339 0.654263 0.463953 0.295491 0.238133 0.047066 0.000153675
threshold=0.0089466435670463116 -0.0019452877975351666 0.95084672011966076 -0.00055784268839487161 0.012534581282681626 -0.004626547305939476 -0.046354567938339801 -0.00031925962379353296 -0.00050919652772979374 -0.004681150472818584
decision_type=2 2 2 2 2 2 2 2 2 2
left_child=1 5 3 8 -5 -1 -2 -7 -3 -8
right_child=6 2 -4 4 -6 7 9 -9 -10 -11
leaf_value=-0.0014628261160500398 0.0085149701785997844 -0.023251484306052381 0.026405630109765071 0.012725795677246066 -0.02461912900878329 0.028928372905383914 -0.03519972975796342 0.008772869893998959 -0.036773852366917353 -0.034097600353838457
leaf_weight=4.9387655928730965 0.57590633630752552 1.0688602169975641 1.5513726882636545 2.8632536167278859 1.9865053682588039 3.07680544257164 0.66382424905896176 2.7982229553163087 1.6169448811560894 0.60412418702617188
leaf_count=39 7 23 15 26 30 17 13 23 25 32
internal_value=0.000526628 0.00253825 -0.00614264 -0.0128435 -0.00257102 0.00983289 -0.0211849 0.0193285 -0.0313924 -0.0346746
internal_weight=21.7446 19.9007 9.08694 7.53556 4.84976 10.8138 1.84385 5.87503 2.68581 1.26795
internal_count=250 198 119 104 56 79 52 40 48 45
is_linear=0
shrinkage=0.05


Tree=263
num_leaves=9
num_cat=0
split_feature=23 6 24 24 5 19 12 3
split_gain=0.416597 0.621704 0.763981 0.888862 0.699697 0.851143 0.491707 0.946288
threshold=-0.0025970891986756279 1.1543812047352133 0.011836860373625082 0.018923081407771773 0.0077113558231181323 1.0000000180025095e-35 0.0099867943116021939 -0.00065469462849115912
decision_type=2 2 2 2 2 2 2 2
left_child=6 2 4 -4 5 -2 7 -1
right_child=1 -3 3 -5 -6 -7 -8 -9
leaf_value=-0.013513021117955513 0.02859632613782408 0.025558145002188726 -0.03534913687714461 0.0037605987098338805 -0.012746155016479794 -0.0036008049843147638 -0.019640004929036302 0.020872148607559413
leaf_weight=4.9219917859882107 5.098995199427014 2.9963904805481425 2.632656840607523 3.2416676161810756 2.912752538919448 3.4356541410088539 4.8018933068960896 3.3714236859232178
leaf_count=34 35 23 20 30 15 31 38 24
internal_value=4.71167e-05 0.00452924 0.000891567 -0.013767 0.0084137 0.0156353 -0.00690716 0.000465174
internal_weight=33.4134 20.3181 17.3217 5.87432 11.4474 8.53465 13.0953 8.29342
internal_count=250 154 131 50 81 66 96 58
is_linear=0
shrinkage=0.05


Tree=264
num_leaves=7
num_cat=0
split_feature=29 0 17 22 30 11
split_gain=0.454249 0.611342 0.896886 0.792583 0.766842 0.727751
threshold=-0.0093031486362166165 -0.0032410739960454511 -0.00015557588654296409 0.005961149877537931 0.015012514807604351 0.65536732017993937
decision_type=2 2 2 2 2 2
left_child=-1 5 -3 4 -4 -2
right_child=1 2 3 -5 -6 -7
leaf_value=0.020706489600173721 0.0067364384585785978 0.024181256950709849 -0.015855902986749035 0.023712229050033548 0.0087680759500797702 -0.030325716076131833
leaf_weight=2.3226273674517897 2.0847404506057563 3.6401564013212981 9.5009612049907393 2.344483107328414 4.7387401731684795 3.6322829443961382
leaf_count=24 20 24 90 21 37 34
internal_value=-0.000477449 -0.00237413 0.00170684 -0.00322619 -0.00766144 -0.0168108
internal_weight=28.264 25.9414 20.2243 16.5842 14.2397 5.71702
internal_count=250 226 172 148 127 54
is_linear=0
shrinkage=0.05


Tree=265
num_leaves=10
num_cat=0
split_feature=23 3 4 23 23 16 17 25 19
split_gain=0.374557 1.10804 1.00017 0.606705 0.615641 0.670849 0.895042 0.439748 0.000913586
threshold=0.0035613813464201454 0.007094210179275696 0.0041194963085189598 0.00095428468312486203 -0.0023865193985180828 0.0062068672033916234 -0.00019030964405080929 0.0061438142466270227 -0.051930076870410451
decision_type=2 2 2 2 2 2 2 2 2
left_child=3 8 -3 4 5 7 -7 -1 -2
right_child=1 2 -4 -5 -6 6 -8 -9 -10
leaf_value=0.0030388103779287242 -0.036838733990445856 0.031980581484020006 -0.02195812014095162 0.02391133008015503 -0.017345293384818133 0.030688934569231264 -0.034422248876358134 0.030010866188443997 -0.03490929794312559
leaf_weight=3.1547194663435203 1.2337830010801556 1.9324437603354456 1.5478011067025361 3.2276052348315707 3.7474461849778917 0.75550644285976831 1.7512227273546166 2.9006569627672434 1.220368955284356
leaf_count=25 12 17 29 24 36 6 51 17 33
internal_value=0.00053461 -0.0101509 0.00799193 0.00461592 -0.000443401 0.00695419 -0.0147983 0.015959 -0.0358793
internal_weight=21.4716 5.9344 3.48024 15.5372 12.3096 8.56211 2.50673 6.05538 2.45415
internal_count=250 91 46 159 135 99 57 42 45
is_linear=0
shrinkage=0.05


Tree=266
num_leaves=9
num_cat=0
split_feature=28 27 21 17 20 28 8 28
split_gain=0.410679 1.05673 0.812021 0.779595 0.684543 0.679372 0.496607 0.488536
threshold=-0.033802441634774187 -0.0078430198887263752 -0.0011061820532373698 -3.2894388887149087e-05 -0.031745994280737315 -0.077500279381030865 -0.00096850264404964033 -1.0000000180025095e-35
decision_type=2 2 2 2 2 2 2 2
left_child=5 6 -3 7 -5 -1 -2 -4
right_child=1 2 3 4 -6 -7 -8 -9
leaf_value=0.0064219265974946099 0.0055744432160695669 0.013803590354524659 0.021581480262297073 -0.00045194828850307996 -0.033901204719646062 -0.021831556459471366 0.032446693768048186 -0.0081361848467474945
leaf_weight=3.8192346300929785 3.2181333927437663 5.023584600538018 2.2483088653534651 2.400765912607314 4.215006708167488 4.8038566838949901 3.6913719698786762 3.5930975526571292
leaf_count=21 24 39 15 22 40 30 30 29
internal_value=6.1057e-05 0.00337694 -0.0031662 -0.0100096 -0.021763 -0.00931787 0.0199308 0.0033019
internal_weight=33.0134 24.3903 17.4808 12.4572 6.61577 8.62309 6.90951 5.84141
internal_count=250 199 145 106 62 51 54 44
is_linear=0
shrinkage=0.05


Tree=267
num_leaves=8
num_cat=0
split_feature=13 10 29 8 26 25 31
split_gain=0.435482 0.897393 0.627919 0.687815 0.782851 0.400116 0.455638
threshold=36.458074118359711 -0.0082683318133502815 -0.0028343717650526341 -0.0020869761195779235 0.028204673365416547 0.0066549994903849505 -0.062835872274722746
decision_type=2 2 2 2 2 2 2
left_child=-1 -2 5 -4 -5 6 -3
right_child=1 2 3 4 -6 -7 -8
leaf_value=-0.019525035330468985 0.029233555419048929 0.0020313871079882507 -0.028785149577272452 0.0042282578560262681 -0.025006153915127245 -0.0051398111726922747 0.036991575478221017
leaf_weight=2.7074028737843063 2.6272634826600614 1.6297322846949103 2.8917595436796644 10.827102230861767 2.9042296679690471 2.1054394915699959 2.1768876239657464
leaf_count=21 21 15 38 83 29 13 30
internal_value=-0.000470972 0.00157919 -0.0016449 -0.00662233 -0.00195493 0.0123503 0.022024
internal_weight=27.8698 25.1624 22.5352 16.6231 13.7313 5.91206 3.80662
internal_count=250 229 208 150 112 58 45
is_linear=0
shrinkage=0.05


Tree=268
num_leaves=8
num_cat=0
split_feature=16 27 22 2 26 26 21
split_gain=0.364651 0.703778 0.577533 0.594223 0.563443 0.539963 0.268313
threshold=0.0036382114729644872 -0.019696370333794063 -0.0049192777623024977 -0.001752033008534881 0.011466940241185332 -1.0000000180025095e-35 -0.0022840014219216993
decision_type=2 2 2 2 2 2 2
left_child=-1 -2 6 4 -4 -5 -3
right_child=1 2 3 5 -6 -7 -8
leaf_value=0.020181304977431681 -0.027051423382539547 -0.0011426234117713056 -0.00063944810249569805 0.0052405938444040857 0.025411560475750151 -0.026124938967875801 -0.035649405476844781
leaf_weight=2.1198602654039886 2.3900551768019858 0.96886788681149516 3.6480383072048479 3.6531720254570299 4.8153008287772536 2.1975426301359908 1.3459158376790661
leaf_count=12 39 17 35 46 30 44 27
internal_value=0.000511132 -0.00168132 0.00196511 0.00571227 0.0141825 -0.00654038 -0.0212064
internal_weight=21.1388 19.0189 16.6288 14.3141 8.46334 5.85071 2.31478
internal_count=250 238 199 155 65 90 44
is_linear=0
shrinkage=0.05


Tree=269
num_leaves=10
num_cat=0
split_feature=29 25 17 28 0 24 20 30 21
split_gain=0.399947 0.636687 0.501845 1.02293 0.746018 0.948234 0.27973 0.146561 0.00156062
threshold=-0.0033718182032360651 0.011479340990343758 0.00017193858391443046 0.020126715729540948 0.0043548068451441111 0.011836860373625082 -0.0026693760831497655 -0.021726316673790377 -1.0000000180025095e-35
decision_type=2 2 2 2 2 2 2 2 2
left_child=1 7 3 4 5 -2 -5 -1 -9
right_child=2 -3 -4 6 -6 -7 -8 8 -10
leaf_value=-0.01002844566544614 0.0061200262960753714 0.0091583429553365684 0.01727821261871745 0.0074020735990756696 -0.028958997883917259 -0.02243561824590487 0.029564140990320599 -0.037259817177813251 -0.034462430584565461
leaf_weight=0.76663783751428161 10.357062179595241 1.8570758178830145 4.6753926612436763 3.0745073836296797 3.0934104509651652 4.0416493192315093 2.6519910097122184 0.89922484755516086 1.119013494811951
leaf_count=12 69 9 33 25 18 24 18 7 35
internal_value=7.13424e-05 -0.0135179 0.00233278 -0.000676694 -0.00668149 -0.00189541 0.0176655 -0.0286394 -0.0357088
internal_weight=32.536 4.64195 27.894 23.2186 17.4921 14.3987 5.7265 2.78488 2.01824
internal_count=250 63 187 154 111 93 43 54 42
is_linear=0
shrinkage=0.05


Tree=270
num_leaves=10
num_cat=0
split_feature=29 21 29 19 33 7 32 27 8
split_gain=0.418657 0.411812 0.735525 0.656523 0.621576 0.613697 0.635438 0.28263 0.000298694
threshold=0.0079183424289078781 0.0015291427556902717 0.00066787763764009089 -0.056009628230223145 0.28500000000000009 0.69276348650455477 -0.078863787753768094 0.0064307750651532167 0.0048822209607716572
decision_type=2 2 2 2 2 2 2 2 2
left_child=1 2 5 -4 7 6 -1 -3 -5
right_child=-2 4 3 8 -6 -7 -8 -9 -10
leaf_value=-0.022401374137725413 -0.01686809043112068 0.011127023123637073 0.0069901676096486114 -0.034786422037814707 -0.0013449944022189484 0.020702463130169046 0.0079300548012364979 0.037364203769687979 -0.035835886063664883
leaf_weight=2.9824889302253741 3.4058593399822703 1.9946706891059856 1.3790092989802358 1.5818846477195614 5.241987269371748 3.5200178846716881 4.1011366546154058 2.1144974995404482 1.1865705903619526
leaf_count=22 37 21 16 34 39 22 24 20 15
internal_value=-0.00045901 0.00185974 -0.00334395 -0.0211962 0.0100684 0.0036387 -0.00484069 0.0246282 -0.0352362
internal_weight=27.5081 24.1023 14.7511 4.14746 9.35116 10.6036 7.08363 4.10917 2.76846
internal_count=250 213 133 65 80 68 46 41 49
is_linear=0
shrinkage=0.05


Tree=271
num_leaves=8
num_cat=0
split_feature=17 12 16 24 0 15 13
split_gain=0.359305 0.675073 0.511507 0.831766 0.880368 0.512857 0.469059
threshold=0.00017193858391443046 -0.0037380306056143662 0.0047034325202266877 0.016983875540142471 0.0065840474673087854 0.0074703254162293469 48.79182249429099
decision_type=2 2 2 2 2 2 2
left_child=2 -2 6 4 5 -4 -1
right_child=1 -3 3 -5 -6 -7 -8
leaf_value=0.028870361932127983 0.0077229596456435852 -0.036272113621497057 -0.00042719381651043292 0.01637673283562675 0.02739841363489387 -0.030908385083155999 0.0019323062579209981
leaf_weight=3.0454803518951001 1.7560462169349196 1.7318492964841414 2.1014274223707599 3.6326704006642103 1.1407827641814945 4.0195810846053064 3.4427490010857582
leaf_count=16 14 35 23 36 13 87 26
internal_value=0.000523753 -0.014122 0.00346247 -0.00315661 -0.0129281 -0.0204438 0.0145766
internal_weight=20.8706 3.4879 17.3827 10.8945 7.26179 6.12101 6.48823
internal_count=250 49 201 159 123 110 42
is_linear=0
shrinkage=0.05


Tree=272
num_leaves=8
num_cat=0
split_feature=6 28 27 27 21 28 1
split_gain=0.387815 0.431189 0.915189 0.858461 0.930237 0.582031 0.297736
threshold=0.7968738363849478 -0.041613491177663435 -0.0078430198887263752 -0.0020918071227466468 -0.00090719209144074487 -0.077500279381030865 -0.0026969424256252368
decision_type=2 2 2 2 2 2 2
left_child=-1 5 6 -4 -5 -2 -3
right_child=1 2 3 4 -6 -7 -8
leaf_value=-0.016486007106699972 0.005853124800493277 0.0096143164411683548 -0.029329043866385986 0.02522459986950434 -0.0045942031559717709 -0.02166087261823681 0.031685613226235747
leaf_weight=3.1924438513815394 3.7457045316696167 2.7761246832087636 2.283847944810991 3.665796838700774 9.1286334674805278 3.9480642490088966 3.3985023712739393
leaf_count=30 21 22 17 31 79 23 27
internal_value=5.27539e-05 0.00187677 0.00554844 -0.00109121 0.00394933 -0.00826571 0.0217623
internal_weight=32.1391 28.9467 21.2529 15.0783 12.7944 7.69377 6.17463
internal_count=250 220 176 127 110 44 49
is_linear=0
shrinkage=0.05


Tree=273
num_leaves=9
num_cat=0
split_feature=0 17 24 26 14 29 13 20
split_gain=0.410553 0.794212 0.646626 0.723695 0.807401 0.763638 0.619701 0.738322
threshold=-0.0024734993976700532 -0.00015557588654296409 0.016983875540142471 0.028204673365416547 0.79074186835290627 -0.00044096668390419808 43.953500644647285 0.039020292288146415
decision_type=2 2 2 2 2 2 2 2
left_child=6 -2 3 4 -3 -5 -1 -8
right_child=1 2 -4 5 -6 -7 7 -9
leaf_value=-0.030562548588955175 0.026148855464743628 0.00049531496952362768 -0.02318123310560111 0.010515075121647677 0.03231431812228077 -0.030916438051598785 -0.017276759972287656 0.01946420306909807
leaf_weight=2.5021722195670026 3.231964580714707 5.489980558864767 2.7310635000467309 1.9878940638154743 3.1305343918502331 2.5245580421760669 3.0053631197661161 2.5088132601231337
leaf_count=23 22 58 29 13 23 30 27 25
internal_value=-0.000428883 0.00355758 -0.00104491 0.00355844 0.0120504 -0.0126644 -0.00992517 -0.000560535
internal_weight=27.1123 19.096 15.864 13.133 8.62051 4.51245 8.01635 5.51418
internal_count=250 175 153 124 81 43 75 52
is_linear=0
shrinkage=0.05


Tree=274
num_leaves=8
num_cat=0
split_feature=5 17 0 15 6 21 28
split_gain=0.350873 0.887396 0.58385 0.599772 0.773785 0.613065 0.114832
threshold=0.007841615147674957 0.00017193858391443046 0.0043548068451441111 0.0081442846750595117 1.1162648967290123 -0.00019971507347621428 0.0046989568551698566
decision_type=2 2 2 2 2 2 2
left_child=1 2 3 5 -5 -1 -3
right_child=-2 6 -4 4 -6 -7 -8
leaf_value=0.019273374334844801 0.017711981253648527 -0.037100206694817048 0.022447976811391331 -0.035564053414516496 0.008168548511541307 -0.0083092498088539208 -0.016524112157895867
leaf_weight=4.1388297681696731 2.5883231535553923 1.54888910613954 3.0154684768058351 2.4493173742666832 1.7229783451184628 3.9249944849871135 1.206060465890914
leaf_count=33 25 21 32 51 18 45 25
internal_value=0.000498394 -0.00197595 0.00274156 -0.00211488 -0.0175044 0.00584778 -0.0280924
internal_weight=20.5949 18.0065 15.2516 12.2361 4.1723 8.06382 2.75495
internal_count=250 225 179 147 69 78 46
is_linear=0
shrinkage=0.05


Tree=275
num_leaves=10
num_cat=0
split_feature=5 29 21 28 24 31 4 24 11
split_gain=0.385646 0.661687 0.763984 0.526041 0.78121 0.686159 0.302377 0.000322094 0.000127859
threshold=0.007841615147674957 -0.0012902808061239777 -0.00030387879530863188 0.020126715729540948 0.0054390614194738127 0.11775891501399519 0.0046732441071595113 -0.0053380768019015137 0.65581230223178866
decision_type=2 2 2 2 2 2 2 2 2
left_child=1 2 -1 4 5 -3 -5 -4 -9
right_child=-2 3 7 6 -6 -7 -8 8 -10
leaf_value=0.0010205358980026134 -0.013341025538074053 -0.0022925902704929984 -0.035895520058058981 0.0077935721602845594 -0.012458807035016043 0.024186730880018964 0.032094462235419473 -0.035120969361494558 -0.034181092892403002
leaf_weight=4.1486173309385777 4.601695477962493 4.9863356314599532 0.81469075940549407 2.4405672065913668 5.7987257856875649 4.8032174073159695 2.6921704206615686 0.72620536293835047 0.72121184132993221
leaf_count=25 25 35 11 21 38 32 22 15 26
internal_value=4.29729e-05 0.00231297 -0.0117252 0.00665613 0.00208473 0.0106994 0.0205396 -0.0351003 -0.0346527
internal_weight=31.7334 27.1317 6.41073 20.721 15.5883 9.78955 5.13274 2.26211 1.44742
internal_count=250 225 77 148 105 67 43 52 41
is_linear=0
shrinkage=0.05


Tree=276
num_leaves=7
num_cat=0
split_feature=22 8 29 30 30 21
split_gain=0.428635 0.933976 0.649904 0.488844 0.769889 0.391595
threshold=-0.011707675309835517 0.010688053338313516 0.0079183424289078781 0.01096511336316275 -0.0029758815444640425 0.0014189416767858012
decision_type=2 2 2 2 2 2
left_child=-1 2 3 4 -2 -5
right_child=1 -3 -4 5 -6 -7
leaf_value=-0.023766751008238329 0.0074939115163632046 0.032101865711775798 -0.027852171179846782 0.0027389294069336042 -0.015110031415347461 0.030072537224398056
leaf_weight=1.8330274559557462 7.6448714220896452 2.2378244847059241 2.1587279662489882 3.2229450922459355 7.4264426752924919 2.208060298115015
leaf_count=15 66 14 32 32 71 20
internal_value=-0.000431934 0.00128595 -0.00175719 0.000990405 -0.00364426 0.0138518
internal_weight=26.7319 24.8989 22.661 20.5023 15.0713 5.43101
internal_count=250 235 221 189 137 52
is_linear=0
shrinkage=0.05


Tree=277
num_leaves=8
num_cat=0
split_feature=16 27 22 2 26 26 8
split_gain=0.344406 0.657961 0.547376 0.532846 0.510248 0.506995 0.248929
threshold=0.0036382114729644872 -0.019696370333794063 -0.0049192777623024977 -0.001752033008534881 0.011466940241185332 -1.0000000180025095e-35 0.0090786639887386732
decision_type=2 2 2 2 2 2 2
left_child=-1 -2 6 4 -4 -5 -3
right_child=1 2 3 5 -6 -7 -8
leaf_value=0.019968181557222003 -0.026862261386411387 -0.035491821131869432 -0.00063099171288178921 0.0052547160716819325 0.02464152556491617 -0.025803333077112744 -0.0014870488691940144
leaf_weight=2.0426068566739586 2.2714487328194144 1.2814574409276294 3.5038279565051216 3.5578642874024826 4.6447817636653781 2.0834745545871405 0.92788540944457043
leaf_count=12 39 28 35 46 30 44 16
internal_value=0.00049664 -0.00168021 0.00189493 0.00559673 0.0137746 -0.00621573 -0.0212104
internal_weight=20.3133 18.2707 15.9993 13.7899 8.14861 5.64134 2.20934
internal_count=250 238 199 155 65 90 44
is_linear=0
shrinkage=0.05


Tree=278
num_leaves=9
num_cat=0
split_feature=23 3 23 21 17 6 29 9
split_gain=0.374929 0.575205 0.895889 0.655046 0.599406 0.555958 0.523065 0.63894
threshold=-0.0025970891986756279 -0.014993880760275744 1.0000000180025095e-35 0.00040767674802122405 -5.9283935079849788e-05 1.1054098550981635 0.0079183424289078781 0.65497699379920971
decision_type=2 2 2 2 2 2 2 2
left_child=5 -2 -3 -4 -5 6 7 -1
right_child=1 2 3 4 -6 -7 -8 -9
leaf_value=0.010196478532633443 -0.018830686895831027 0.027419419398933775 0.014995336911897165 0.012719198533759406 -0.017971208095620046 -0.027799097697624422 0.016395876067715334 -0.021068051558127094
leaf_weight=2.6751860091462749 2.3285498134791878 4.2804597690701511 4.9444625023752433 2.3032495835796052 5.1443648710846848 2.5009740553796282 2.9074893966317177 4.1994358897209167
leaf_count=23 16 24 38 21 55 19 20 34
internal_value=4.66052e-05 0.00444756 0.00769869 0.00088677 -0.00847989 -0.00676137 -0.00138269 -0.00890179
internal_weight=31.2842 19.0011 16.6725 12.3921 7.44761 12.2831 9.78211 6.87462
internal_count=250 154 138 114 76 96 77 57
is_linear=0
shrinkage=0.05


Tree=279
num_leaves=7
num_cat=0
split_feature=22 8 29 3 21 17
split_gain=0.401459 0.877643 0.609411 0.466588 0.856158 0.809647
threshold=-0.011707675309835517 0.010688053338313516 0.0079183424289078781 -0.0051800420292006924 0.0019773403340929145 3.2141290690715852e-05
decision_type=2 2 2 2 2 2
left_child=-1 2 3 5 -5 -2
right_child=1 -3 -4 4 -6 -7
leaf_value=-0.023178428649994018 0.029773870882373432 0.031432470693251321 -0.027292917073597503 -0.013149256445299184 0.012110273541688626 -0.0075835018026134612
leaf_weight=1.8047482967376733 3.2038635564968088 2.1941511817276469 2.1075841896235934 9.1346211647614819 5.3015852067619553 2.6500659296289086
leaf_count=15 23 14 32 91 51 24
internal_value=-0.000416756 0.00125368 -0.00170273 0.000955381 -0.00387289 0.0128622
internal_weight=26.3966 24.5919 22.3977 20.2901 14.4362 5.85393
internal_count=250 235 221 189 142 47
is_linear=0
shrinkage=0.05


Tree=280
num_leaves=9
num_cat=0
split_feature=23 3 23 3 17 16 24 19
split_gain=0.33147 1.01642 0.512631 0.502041 0.487089 0.528096 0.801176 0.000736368
threshold=0.0035613813464201454 0.007094210179275696 0.0018205661624105531 0.014914643890479586 0.00017193858391443046 0.0047034325202266877 0.02027163556528078 -0.051930076870410451
decision_type=2 2 2 2 2 2 2 2
left_child=2 7 4 -3 5 -1 -7 -2
right_child=1 3 -4 -5 -6 6 -8 -9
leaf_value=0.018283254886407984 -0.036609658842152538 0.029521193458664292 0.026605022997911731 -0.0099943132830790666 -0.022749721467701319 -0.014037527384243867 0.029779871235300483 -0.034804540657328638
leaf_weight=4.2441671043634432 1.1507510282099249 1.4727386981248858 2.2082826062105587 1.7696108026430009 1.9122483003884543 4.8542652549222112 1.3287830352783201 1.1098584169521917
leaf_count=26 12 17 18 29 26 81 8 33
internal_value=0.000464265 -0.0099884 0.00441818 0.0079544 0.000447603 0.00470176 -0.00462084 -0.0357234
internal_weight=20.0507 5.50296 14.5477 3.24235 12.3395 10.4272 6.18305 2.26061
internal_count=250 91 159 46 141 115 89 45
is_linear=0
shrinkage=0.05


Tree=281
num_leaves=8
num_cat=0
split_feature=6 21 28 17 0 17 31
split_gain=0.363365 0.406351 0.536486 0.695409 0.589558 0.479064 0.403997
threshold=0.7968738363849478 0.0033023354171393131 0.020126715729540948 0.00017193858391443046 0.0035795438650484406 -5.7802158428188598e-05 0.053925693476091635
decision_type=2 2 2 2 2 2 2
left_child=-1 2 3 4 -2 -3 -4
right_child=1 5 6 -5 -6 -7 -8
leaf_value=-0.016313028180797919 0.0013012391561854609 0.004847107920920018 0.0038224064023909959 0.020678458219104842 -0.020886326776284186 -0.036638064009207494 0.033697587219726266
leaf_weight=3.0554913692176369 13.131860761903239 1.3671627044677737 2.1664769705384961 3.5128491446375838 3.8781602419912806 1.4173489678651083 2.3690104894340038
leaf_count=30 91 14 19 24 25 26 21
internal_value=5.47638e-05 0.00185097 0.00386452 0.000425256 -0.00375736 -0.0162693 0.019427
internal_weight=30.8984 27.8429 25.0584 20.5229 17.01 2.78451 4.53549
internal_count=250 220 180 140 116 40 40
is_linear=0
shrinkage=0.05


Tree=282
num_leaves=7
num_cat=0
split_feature=21 29 10 23 7 0
split_gain=0.390355 0.563369 0.493879 0.554044 0.830466 0.424317
threshold=-0.0046958093671182746 0.0079183424289078781 -0.0082683318133502815 0.0059421528627396922 0.6509600996971131 -0.00074303472378239855
decision_type=2 2 2 2 2 2
left_child=-1 2 -2 4 -4 -5
right_child=1 -3 3 5 -6 -7
leaf_value=-0.022629927638398259 0.021204883325227256 -0.020396185527773957 -0.03853102781655042 -0.0048270239109224344 -0.00028251457443478472 0.023418915746482145
leaf_weight=1.8380477167665983 3.4786917977035108 2.6700183516368261 1.637150321155789 2.0637555122375488 10.658403857611118 3.7375198006629935
leaf_count=21 26 30 16 20 100 37
internal_value=-0.000414559 0.00126958 0.00395077 0.000634068 -0.0053753 0.0133707
internal_weight=26.0836 24.2455 21.5755 18.0968 12.2956 5.80128
internal_count=250 229 199 173 116 57
is_linear=0
shrinkage=0.05


Tree=283
num_leaves=10
num_cat=0
split_feature=16 2 31 28 0 5 22 2 2
split_gain=0.325188 0.392143 0.611463 0.487973 0.490516 0.277161 0.248945 0.194332 8.07044e-05
threshold=0.0089466435670463116 -0.002897614024823469 0.2136722743280853 0.016853323304191762 -0.0016481191514333136 0.0049231455400620605 -0.002301899024704845 0.0026736566736740301 -0.0060995835021247493
decision_type=2 2 2 2 2 2 2 2 2
left_child=1 2 5 4 -3 -1 -2 -6 -8
right_child=6 3 -4 -5 7 -7 8 -9 -10
leaf_value=0.0092063322644555037 0.0068143531803832149 0.0025225193478901121 -0.01175903470249557 0.011054435981595999 -0.0089743472209694534 0.029875978515388299 -0.035161835620335667 -0.035193574633949141 -0.034294318489697904
leaf_weight=4.111454956233505 0.54130450705997635 2.6116523835808065 2.4546208474785089 3.0706187435425818 1.0485405111685371 2.6783547531813383 0.47749079577624787 2.1678415634669363 0.61132038594223459
leaf_count=35 12 26 21 36 15 18 10 47 30
internal_value=0.000494009 0.002416 0.00962806 -0.00507629 -0.0135751 0.0173598 -0.0208977 -0.0266461 -0.0346748
internal_weight=19.7732 18.1431 9.24443 8.89865 5.82803 6.78981 1.63012 3.21638 1.08881
internal_count=250 198 74 124 88 53 52 62 40
is_linear=0
shrinkage=0.05


Tree=284
num_leaves=9
num_cat=0
split_feature=23 3 23 21 26 6 29 15
split_gain=0.364507 0.534229 0.827045 0.585792 0.558379 0.498994 0.487411 0.502972
threshold=-0.0025970891986756279 -0.014993880760275744 1.0000000180025095e-35 0.00040767674802122405 0.0021583050964145705 1.1054098550981635 0.00055872193595185593 0.0081850013397103127
decision_type=2 2 2 2 2 2 2 2
left_child=5 -2 -3 -4 -5 6 -1 -8
right_child=1 2 3 4 -6 -7 7 -9
leaf_value=-0.018003862767181879 -0.01825500722411888 0.026756508191851731 0.014436859496058286 -0.024996064190654796 0.0033215355339383645 -0.027008709959965394 -0.0048055125360349209 0.023883221272070689
leaf_weight=3.0759658226743358 2.2779222158715156 4.1845894530415562 4.8395132739096862 2.9051111629232764 4.3437007465399802 2.4274748992174855 3.9920045845210552 2.4749852642416954
leaf_count=28 16 24 38 38 38 19 24 25
internal_value=3.42404e-05 0.00442354 0.00759813 0.000966121 -0.00802733 -0.00676795 -0.00161923 0.00617397
internal_weight=30.5213 18.5508 16.2729 12.0883 7.24881 11.9704 9.54296 6.46699
internal_count=250 154 138 114 76 96 77 49
is_linear=0
shrinkage=0.05


Tree=285
num_leaves=7
num_cat=0
split_feature=13 10 23 23 33 16
split_gain=0.382718 0.800595 0.538398 0.765929 0.810001 0.51968
threshold=36.458074118359711 -0.0082683318133502815 -0.010390825446515149 0.0062072404666733147 0.28500000000000009 0.0059676400861974439
decision_type=2 2 2 2 2 2
left_child=-1 -2 -3 4 -4 -5
right_child=1 2 3 5 -6 -7
leaf_value=-0.018800876090798332 0.028713053915552761 0.02073454501216504 0.00060319487299395169 0.02573308208630053 -0.024825839790497881 -0.0041373256638329988
leaf_weight=2.5513952486217049 2.4369986709207359 2.3921951800584855 6.6171043710783071 2.8555756155401459 5.9452119721099734 2.9711455972865224
leaf_count=21 21 21 69 22 62 34
internal_value=-0.000419371 0.00160053 -0.00157894 -0.00448165 -0.0114313 0.0105016
internal_weight=25.7696 23.2182 20.7812 18.389 12.5623 5.82672
internal_count=250 229 208 187 131 56
is_linear=0
shrinkage=0.05


Tree=286
num_leaves=8
num_cat=0
split_feature=16 27 22 2 26 26 8
split_gain=0.317834 0.628192 0.49772 0.477462 0.471873 0.455333 0.240289
threshold=0.0036382114729644872 -0.019696370333794063 -0.0049192777623024977 -0.001752033008534881 -1.0000000180025095e-35 0.011466940241185332 0.0090786639887386732
decision_type=2 2 2 2 2 2 2
left_child=-1 -2 6 5 -5 -4 -3
right_child=1 2 3 4 -6 -7 -8
leaf_value=0.019554656840023481 -0.026767127329806645 -0.035307123658811217 -0.00051349254803680501 0.0052377481440362139 -0.025411477765358514 0.023749587073056373 -0.0010048148704225237
leaf_weight=1.9649543091654802 2.1803676779381975 1.2047250559553551 3.3916524890810278 3.4373758519068387 1.9787294231355046 4.4980999613180757 0.88600773969665159
leaf_count=12 39 28 35 46 44 30 16
internal_value=0.000483283 -0.00164873 0.00190837 0.00547188 -0.00595969 0.0133194 -0.0207705
internal_weight=19.5419 17.577 15.3966 13.3059 5.41611 7.88975 2.09073
internal_count=250 238 199 155 90 65 44
is_linear=0
shrinkage=0.05


Tree=287
num_leaves=9
num_cat=0
split_feature=23 6 24 24 5 19 6 15
split_gain=0.35535 0.504183 0.609786 0.754818 0.577933 0.714082 0.474682 0.462135
threshold=-0.0025970891986756279 1.1543812047352133 0.011836860373625082 0.018923081407771773 0.0077113558231181323 1.0000000180025095e-35 1.1054098550981635 0.0081442846750595117
decision_type=2 2 2 2 2 2 2 2
left_child=6 2 4 -4 5 -2 7 -1
right_child=1 -3 3 -5 -6 -7 -8 -9
leaf_value=-0.011874899906135468 0.027528149827223243 0.024544588197545587 -0.033571250807942647 0.0042990402156268094 -0.011911626064948071 -0.0035386971861471744 -0.026585027901764948 0.01032671647692516
leaf_weight=5.0966576850041765 4.5941104516387004 2.6568115185946217 2.3969548749737433 2.9171014605090022 2.6883416548371315 3.0962841995060444 2.396081991493701 4.3396771661937237
leaf_count=38 35 23 20 30 15 31 19 39
internal_value=4.51509e-05 0.00440175 0.000991537 -0.0127827 0.00804414 0.0150201 -0.00671102 -0.0016646
internal_weight=30.182 18.3496 15.6928 5.31406 10.3787 7.69039 11.8324 9.43633
internal_count=250 154 131 50 81 66 96 77
is_linear=0
shrinkage=0.05


Tree=288
num_leaves=10
num_cat=0
split_feature=29 21 25 30 30 0 4 8 30
split_gain=0.380361 0.642562 0.846389 0.559365 0.557637 0.56414 0.506363 0.000565456 8.78885e-05
threshold=0.00066787763764009089 0.0015291427556902717 0.010820773144827657 0.01096511336316275 -0.0020904213563263103 -0.00082549235279738553 0.0053040826315838285 0.0048822209607716572 -0.0029758815444640425
decision_type=2 2 2 2 2 2 2 2 2
left_child=3 2 7 4 6 -6 -1 8 -2
right_child=1 -3 -4 -5 5 -7 -8 -9 -10
leaf_value=0.024125783995514481 -0.035023851256888013 0.0058143986866327638 0.0031397851111755904 0.02359099443325724 -0.028646622877218225 0.0027416509306113779 -0.0055683346384685596 -0.035980463931635481 -0.034344051669156626
leaf_weight=3.1798949874937525 0.90353931300342072 4.8972514010965824 2.5225736955180764 3.1242733877152196 2.5770712867379189 3.2203075513243702 2.6174374558031559 1.4334122650325296 1.0035263136960551
leaf_count=27 16 33 31 24 20 29 23 18 29
internal_value=-0.000409687 -0.00755467 -0.0187215 0.00481365 -0.000246038 -0.0112112 0.0107192 -0.0352301 -0.0346661
internal_weight=25.4793 10.7603 5.86305 14.719 11.5947 5.79738 5.79733 3.34048 1.90707
internal_count=250 127 94 123 99 49 50 63 45
is_linear=0
shrinkage=0.05


Tree=289
num_leaves=8
num_cat=0
split_feature=5 17 0 15 6 24 16
split_gain=0.310041 0.778378 0.509285 0.537051 0.681796 0.553811 0.102168
threshold=0.007841615147674957 0.00017193858391443046 0.0043548068451441111 0.0081442846750595117 1.1162648967290123 -0.015457737057011199 0.0058043367193667574
decision_type=2 2 2 2 2 2 2
left_child=1 2 3 5 -5 -1 -3
right_child=-2 6 -4 4 -6 -7 -8
leaf_value=0.029007153506732504 0.01713226378561538 -0.036819736285083421 0.021609743536722219 -0.035370826398054722 0.0071995893498092364 -0.0021492917463433749 -0.016560655071034863
leaf_weight=1.8928626924753214 2.4354454972781232 1.3724831826984876 2.8148518796078852 2.2213536149356519 1.6312141902744768 5.7862681760452714 1.1385944790672509
leaf_count=14 25 17 32 51 18 64 29
internal_value=0.000456419 -0.00195276 0.00254217 -0.00211217 -0.0173461 0.0055306 -0.0276337
internal_weight=19.2931 16.8576 14.3466 11.5317 3.85257 7.67913 2.51108
internal_count=250 225 179 147 69 78 46
is_linear=0
shrinkage=0.05


Tree=290
num_leaves=7
num_cat=0
split_feature=28 27 22 26 34 15
split_gain=0.355956 0.913842 0.618595 0.619268 1.05716 0.562371
threshold=-0.033802441634774187 -0.014249805898495336 0.0082048974914769052 0.037385105280618121 1.1668065288958942 0.0082468733940821316
decision_type=2 2 2 2 2 2
left_child=5 -2 3 4 -3 -1
right_child=1 2 -4 -5 -6 -7
leaf_value=-0.025177603702830981 0.024742080340564025 0.020952981450260911 -0.022031397379587279 -0.016685670045949615 -0.0094969718668073098 0.0020999690471241142
leaf_weight=3.2100328709930208 4.0562431281432572 6.7183054601773602 3.0548058813437811 3.2362597081810227 4.9510009046643972 4.5932322731241584
leaf_count=22 39 58 32 26 44 29
internal_value=5.47558e-05 0.00330696 -0.00153403 0.00266678 0.00803381 -0.00912122
internal_weight=29.8199 22.0166 17.9604 14.9056 11.6693 7.80327
internal_count=250 199 160 128 102 51
is_linear=0
shrinkage=0.05


Tree=291
num_leaves=6
num_cat=0
split_feature=21 29 10 1 29
split_gain=0.366599 0.520072 0.45164 0.510774 0.56949
threshold=-0.0046958093671182746 0.0079183424289078781 -0.0082683318133502815 -0.0033888793379731048 -0.0026625958599817419
decision_type=2 2 2 2 2
left_child=-1 2 -2 -4 -5
right_child=1 -3 3 4 -6
leaf_value=-0.022349960376349218 0.020674217698577881 -0.019953989327011822 -0.016946671376731177 0.022002472674159931 -0.0010526762889447414
leaf_weight=1.7658712342381502 3.3629414886236253 2.5676289023831478 3.3315766211599209 3.5939430873841145 10.515403097029756
leaf_count=21 26 30 37 41 95
internal_value=-0.000383024 0.00127672 0.00389703 0.000662074 0.00481995
internal_weight=25.1374 23.3715 20.8039 17.4409 14.1093
internal_count=250 229 199 173 136
is_linear=0
shrinkage=0.05


Tree=292
num_leaves=11
num_cat=0
split_feature=16 22 24 2 27 27 10 0 27 24
split_gain=0.308657 0.36112 0.583614 0.3853 0.662935 0.588539 0.450698 0.393515 0.24856 0.000107278
threshold=0.0089466435670463116 -0.0049192777623024977 -0.0046630972275966678 -0.001752033008534881 -0.0072446442111588896 0.0014385872062956386 -0.0025893833932688379 0.00036935356860501317 -0.046354567938339801 0.015935697666018548
decision_type=2 2 2 2 2 2 2 2 2 2
left_child=1 2 -1 6 -5 -6 7 -3 -2 -10
right_child=8 3 -4 4 5 -7 -8 -9 9 -11
leaf_value=-0.036147875013033112 0.007936322456099756 -0.0053857377711858077 0.0077753252336687636 -0.035167994090604893 0.026860688542422358 -0.010426963607392358 0.029553933520695783 0.020694056954284515 -0.033961122141660846 -0.034976593790299819
leaf_weight=1.4572792164981367 0.50925489142537106 3.712133233435452 1.5721649043262047 1.3438207777217055 1.804707408882672 2.5584779977798462 2.6284144856035727 2.3697934448719025 0.45336577063426264 0.61006831703707576
leaf_count=28 7 33 20 28 14 41 18 16 26 19
internal_value=0.000426948 0.00233932 -0.0133534 0.00563676 -0.00446135 0.00499601 0.012253 0.00477613 -0.0207882 -0.0345437
internal_weight=19.0195 17.4468 3.02944 14.4173 5.70701 4.36319 8.71034 6.08193 1.57269 1.06343
internal_count=250 198 48 150 83 55 67 49 52 45
is_linear=0
shrinkage=0.05


Tree=293
num_leaves=10
num_cat=0
split_feature=29 25 19 31 24 31 0 30 21
split_gain=0.336923 0.549276 0.447236 0.452074 0.75219 0.614254 0.58109 0.131249 0.0010436
threshold=-0.0033718182032360651 0.011479340990343758 0.0097883165505241471 0.11775891501399519 0.0054390614194738127 0.012534581282681626 -0.00061090251559903208 -0.021726316673790377 -1.0000000180025095e-35
decision_type=2 2 2 2 2 2 2 2 2
left_child=1 7 3 5 -5 6 -2 -1 -9
right_child=2 -3 -4 4 -6 -7 -8 8 -10
leaf_value=-0.0096367554582991767 -0.016408299827797328 0.008682738413302438 0.017015921306835654 0.021861982942927967 -0.0084476668854994146 -0.022393408724346538 0.01077984048206683 -0.036802639117619468 -0.034364692808409328
leaf_weight=0.6804745839908718 3.0693724583834454 1.7007978372275827 4.2488881535828105 4.5811084024608117 3.7003353107720613 4.1811083741486064 5.4634623918682346 0.80535295233130444 0.96487033227458896
leaf_count=12 24 9 39 33 23 27 41 7 35
internal_value=5.12961e-05 -0.0131487 0.00222207 -0.000771802 0.00831895 -0.00669322 0.00099991 -0.0282998 -0.0354738
internal_weight=29.3958 4.1515 25.2443 20.9954 8.28144 12.7139 8.53283 2.4507 1.77022
internal_count=250 63 187 148 56 92 65 54 42
is_linear=0
shrinkage=0.05


Tree=294
num_leaves=6
num_cat=0
split_feature=21 29 10 17 11
split_gain=0.620595 0.457957 0.426951 0.622731 0.574902
threshold=-0.0051256597577825627 -0.0055744320304516029 0.019458642920938858 -0.00015557588654296409 0.65369885146617901
decision_type=2 2 2 2 2
left_child=-1 -2 3 -3 -5
right_child=1 2 -4 4 -6
leaf_value=-0.033053559082409249 0.019731166928971554 0.015823658735041268 0.018743528040987365 0.0054120495815846038 -0.015326491364479217
leaf_weight=1.3722958508878971 3.0152178853750256 3.3146383808925846 2.3851549550890914 5.1075618509203151 9.6661331071518344
leaf_count=18 36 28 15 47 106
internal_value=-0.000370665 0.00153879 -0.00114048 -0.00376242 -0.00815676
internal_weight=24.861 23.4887 20.4735 18.0883 14.7737
internal_count=250 232 196 181 153
is_linear=0
shrinkage=0.05


Tree=295
num_leaves=8
num_cat=0
split_feature=16 27 22 2 6 26 13
split_gain=0.304026 0.584442 0.457782 0.419225 0.426367 0.397976 0.237617
threshold=0.0036382114729644872 -0.019696370333794063 -0.0049192777623024977 -0.001752033008534881 1.0519106726061349 0.011466940241185332 64.262396141765052
decision_type=2 2 2 2 2 2 2
left_child=-1 -2 6 5 -5 -4 -3
right_child=1 2 3 4 -6 -7 -8
leaf_value=0.019437205695333078 -0.026499819343325084 -0.035123100196338471 -0.00038437312156182948 -0.01761332249928858 0.011467689528619275 0.022758523631578098 1.6945781317148286e-05
leaf_weight=1.8891775049269224 2.0843507610261485 1.1615690449252767 3.2698846329003599 3.0683312818873558 2.139060293789953 4.3011316116899252 0.82116866414435197
leaf_count=12 39 28 35 63 27 30 16
internal_value=0.00041733 -0.0017157 0.00178395 0.00525239 -0.0056676 0.0127632 -0.0205695
internal_weight=18.7347 16.8455 14.7611 12.7784 5.20739 7.57102 1.98274
internal_count=250 238 199 155 90 65 44
is_linear=0
shrinkage=0.05


Tree=296
num_leaves=9
num_cat=0
split_feature=28 27 21 17 20 15 8 28
split_gain=0.337935 0.841378 0.682432 0.684682 0.549983 0.4996 0.391057 0.361958
threshold=-0.033802441634774187 -0.0078430198887263752 -0.0011061820532373698 -3.2894388887149087e-05 -0.031745994280737315 0.0082468733940821316 -0.00023204172853239559 -1.0000000180025095e-35
decision_type=2 2 2 2 2 2 2 2
left_child=5 6 -3 7 -5 -1 -2 -4
right_child=1 2 3 4 -6 -7 -8 -9
leaf_value=-0.024456770760947887 0.0063040172908886086 0.013686038097459108 0.020181174223192294 -0.00098470990071628721 -0.032898941969838731 0.0016179962130223064 0.031773917516503408 -0.0069274511675803761
leaf_weight=3.1000348757952478 3.0001123119145632 4.4114833846688297 2.0201802840456367 2.1184719782322672 3.721276883035884 4.5091181341558695 3.0281885210424724 3.1534986160695579
leaf_count=22 27 39 15 22 40 29 27 29
internal_value=4.80534e-05 0.00325908 -0.00293114 -0.00958723 -0.0213215 -0.00900509 0.0190983 0.00365773
internal_weight=29.0624 21.4532 15.4249 11.0134 5.83975 7.60915 6.0283 5.17368
internal_count=250 199 145 106 62 51 54 44
is_linear=0
shrinkage=0.05


Tree=297
num_leaves=8
num_cat=0
split_feature=0 24 17 23 16 13 30
split_gain=0.354067 0.701592 0.539281 0.646739 0.769134 0.528019 0.750782
threshold=-0.0024734993976700532 0.018923081407771773 -0.00015557588654296409 0.0066468461892038597 0.0047034325202266877 43.953500644647285 -0.010803727486247415
decision_type=2 2 2 2 2 2 2
left_child=5 2 -2 4 -4 -1 -7
right_child=1 -3 3 -5 -6 6 -8
leaf_value=-0.029563642241049345 0.027717066859190332 -0.021944565066261159 -0.032009347836113401 0.023446492472273327 0.0038115839786004484 0.029676683121416289 -0.012980080210450924
leaf_weight=2.2765878187492516 2.7067958898842379 2.3360138293355694 1.8764861896634046 2.9538996694609532 7.4401943851262331 1.4581309184432028 3.5256887814030051
leaf_count=23 19 28 20 28 80 13 39
internal_value=-0.000345141 0.00354142 0.00751646 0.00306036 -0.00340316 -0.00961316 -0.000499864
internal_weight=24.5738 17.3134 14.9774 12.2706 9.31668 7.26041 4.98382
internal_count=250 175 147 128 100 75 52
is_linear=0
shrinkage=0.05


Tree=298
num_leaves=11
num_cat=0
split_feature=24 11 31 16 2 0 28 16 17 5
split_gain=0.28889 0.600825 0.629686 0.669473 0.648006 0.594388 0.534449 0.433771 0.390785 0.214927
threshold=0.016983875540142471 0.6543561577796938 0.11775891501399519 0.0051239844252546117 -0.0031103912108620953 -0.0049856150406193947 -0.01564290556059 0.0045343367654926406 -1.661989460091097e-05 0.0039221953979965505
decision_type=2 2 2 2 2 2 2 2 2 2
left_child=1 8 3 -3 -5 -4 -2 -7 -1 -8
right_child=6 2 5 4 -6 7 9 -9 -10 -11
leaf_value=-0.0028375863837887165 0.035368213009565268 0.029857614366007104 0.0193402558605969 0.022769106691733581 -0.023649201467010446 -0.00049847605284089472 0.013837173953143024 -0.037009536182048067 -0.036152737189234584 -0.014112270044053733
leaf_weight=1.6258880635723474 1.5384198399260638 3.0659268200397474 1.1771511323750017 1.3426734022796156 1.7086984887719152 1.384489566087723 1.2634921609424048 1.9724435922689734 1.9193050581961895 1.509703073184937
leaf_count=27 11 18 11 13 46 9 13 40 35 27
internal_value=0.000398077 -0.00304449 0.00288981 0.0133561 -0.00322408 -0.0112311 0.0117332 -0.0219514 -0.0208738 -0.00137826
internal_weight=18.5082 14.1966 10.6514 6.1173 3.05137 4.53408 4.31162 3.35693 3.54519 2.7732
internal_count=250 199 137 77 59 60 51 49 62 40
is_linear=0
shrinkage=0.05


Tree=299
num_leaves=9
num_cat=0
split_feature=23 25 24 17 6 27 1 16
split_gain=0.335997 0.486673 0.52932 0.939639 0.487161 0.372956 0.666251 0.304185
threshold=-0.0025970891986756279 0.011016035910764834 0.0027810432579040705 -6.1521358718061924e-05 1.0370808227669517 0.002342432154555985 -0.00089745529560752979 0.0055213077702547441
decision_type=2 2 2 2 2 2 2 2
left_child=5 2 7 -4 -5 6 -1 -2
right_child=1 -3 3 4 -6 -7 -8 -9
leaf_value=0.0061403147256100694 -0.00034704494188966969 0.02074363467309065 0.0168945012046182 -0.0071149624166597231 -0.038471193596300433 0.0084146706652116054 -0.023255589852254621 0.021241896065007058
leaf_weight=3.0864203181117764 3.2509358339011687 3.603059919551014 2.3650708859786418 2.7266628914512667 2.2698822421953082 2.9857148025184861 5.1335971262306002 3.2755697378888726
leaf_count=29 23 29 22 33 21 28 39 26
internal_value=3.88101e-05 0.00436924 0.000121154 -0.00906981 -0.0213598 -0.00672062 -0.0122181 0.0104882
internal_weight=28.6969 17.4912 13.8881 7.36162 4.99655 11.2057 8.22002 6.52651
internal_count=250 154 125 76 54 96 68 49
is_linear=0
shrinkage=0.05


Tree=300
num_leaves=7
num_cat=0
split_feature=29 0 17 22 30 11
split_gain=0.348966 0.4785 0.669174 0.631002 0.626214 0.523193
threshold=-0.0093031486362166165 -0.0032410739960454511 -0.00015557588654296409 0.005961149877537931 0.011426682116660649 0.65543591916561128
decision_type=2 2 2 2 2 2
left_child=-1 5 -3 4 -4 -2
right_child=1 2 3 -5 -6 -7
leaf_value=0.020027013917252912 0.0047143832684743555 0.022567768820726617 -0.017371053142623986 0.022771219762946989 0.0053978449556684321 -0.029013072643644968
leaf_weight=1.9397291177883769 1.8742449041456009 3.1678522182628592 6.7299273721873671 2.0585537012666473 5.4777360260486603 2.9749151086434722
leaf_count=24 21 24 77 21 50 33
internal_value=-0.000313725 -0.00208436 0.0017798 -0.00283622 -0.00715435 -0.0159771
internal_weight=24.223 22.2832 17.4341 14.2662 12.2077 4.84916
internal_count=250 226 172 148 127 54
is_linear=0
shrinkage=0.05


Tree=301
num_leaves=10
num_cat=0
split_feature=16 24 11 31 28 31 17 34 10
split_gain=0.287624 0.323256 0.579877 0.672288 0.580973 0.470169 0.433253 0.245939 0.000135858
threshold=0.0089466435670463116 0.016983875540142471 0.6543561577796938 0.11775891501399519 0.0034062747645059459 0.0241870342828799 -1.661989460091097e-05 0.18787620658554108 1.0000000180025095e-35
decision_type=2 2 2 2 2 2 2 2 2
left_child=1 2 6 5 -5 -4 -1 -2 -9
right_child=7 -3 3 4 -6 -7 -8 8 -10
leaf_value=0.00052299433570678446 0.0087267809509999888 0.015850432149983652 0.0036702002286773542 -0.025359903575259919 0.012300964607480223 0.032794890750332685 -0.036123054026578914 -0.035265582334359058 -0.034095186207818623
leaf_weight=1.4644465306773784 0.48325643409043451 3.4405035581439725 3.3027117871679348 2.5701307761482894 1.7022957783192394 2.3873639907687902 1.7953079422004581 0.42672914359718539 0.59181655920110643
leaf_count=22 11 31 44 33 19 18 31 9 32
internal_value=0.000309077 0.00219795 -0.0013545 0.00463504 -0.0103544 0.0158899 -0.0196598 -0.0206483 -0.0345855
internal_weight=18.1646 16.6628 13.2223 9.9625 4.27243 5.69008 3.25975 1.5018 1.01855
internal_count=250 198 167 114 52 62 53 52 41
is_linear=0
shrinkage=0.05


Tree=302
num_leaves=8
num_cat=0
split_feature=6 25 29 28 6 7 21
split_gain=0.31738 0.359804 0.681737 0.578317 0.6108 0.299007 0.00172982
threshold=0.7968738363849478 0.02673919386274826 -0.0033718182032360651 0.020126715729540948 1.1054098550981635 0.65171692371368417 -1.0000000180025095e-35
decision_type=2 2 2 2 2 2 2
left_child=-1 2 5 4 -4 -2 -7
right_child=1 -3 3 -5 -6 6 -8
leaf_value=-0.01587256099156182 -0.0022146407099993912 0.020804158910400775 0.0046808986493852281 0.020876758341764438 -0.017452100505591421 -0.037512502804623343 -0.034359498179591233
leaf_weight=2.8114381944760707 1.064427981153137 2.2752721719443789 12.476552402600651 3.7546030860394231 4.1553256940096608 0.81431103870272636 0.93387214047834255
leaf_count=30 9 14 90 35 31 7 34
internal_value=7.01804e-05 0.00182968 -3.12638e-05 0.0031524 -0.000848833 -0.0231072 -0.0358282
internal_weight=28.2858 25.4744 23.1991 20.3865 16.6319 2.81261 1.74818
internal_count=250 220 206 156 121 50 41
is_linear=0
shrinkage=0.05


Tree=303
num_leaves=8
num_cat=0
split_feature=13 10 21 1 15 28 30
split_gain=0.324965 0.677805 0.479393 0.832486 0.784848 0.503044 0.346257
threshold=36.458074118359711 -0.0082683318133502815 0.0019773403340929145 0.0038032316921488012 0.0086917171330561788 -0.0088934477351565993 -0.0034444174679946755
decision_type=2 2 2 2 2 2 2
left_child=-1 -2 3 6 -4 -5 -3
right_child=1 2 4 5 -6 -7 -8
leaf_value=-0.017879717221979827 0.027405175334241517 -0.0081254891446305207 0.025040508927214974 0.014579706908101057 -0.00953599420217216 -0.010371092691401651 -0.036027242983956397
leaf_weight=2.376472037285569 2.2763150352984729 1.9248234685510395 3.6390680549666277 4.1644864697009378 2.9894318385049701 3.923187831416719 2.6328767919912925
leaf_count=21 21 23 39 31 28 40 47
internal_value=-0.000332562 0.00160247 -0.00144492 -0.00715409 0.00944662 0.00247652 -0.0242437
internal_weight=23.9267 21.5502 19.2739 12.6454 6.6285 8.08767 4.5577
internal_count=250 229 208 141 67 71 70
is_linear=0
shrinkage=0.05


Tree=304
num_leaves=8
num_cat=0
split_feature=16 27 22 2 26 26 28
split_gain=0.282326 0.536473 0.413969 0.386561 0.404231 0.349906 0.226056
threshold=0.0036382114729644872 -0.019696370333794063 -0.0049192777623024977 -0.001752033008534881 -1.0000000180025095e-35 0.011466940241185332 0.0055941864955652018
decision_type=2 2 2 2 2 2 2
left_child=-1 -2 6 5 -5 -4 -3
right_child=1 2 3 4 -6 -7 -8
leaf_value=0.019088756498935346 -0.026207833280255929 -0.034961039830057335 -0.00023832790169343718 0.0048329136656246694 -0.024780891575640292 0.02190120896779553 0.0003525578474778284
leaf_weight=1.8005579225718999 1.9735990422777874 1.0929546249099118 3.1462706401944178 3.235386988148095 1.7898172331042461 4.1237738765776157 0.77418974740430702
leaf_count=12 39 29 35 46 44 30 15
internal_value=0.00030985 -0.00178562 0.00161773 0.00494897 -0.00571458 0.0123198 -0.0203187
internal_weight=17.9366 16.136 14.1624 12.2952 5.0252 7.27004 1.86714
internal_count=250 238 199 155 90 65 44
is_linear=0
shrinkage=0.05


Tree=305
num_leaves=9
num_cat=0
split_feature=28 27 21 17 20 15 8 28
split_gain=0.307917 0.764863 0.660222 0.630401 0.511827 0.461587 0.367152 0.341583
threshold=-0.033802441634774187 -0.0078430198887263752 -0.0011061820532373698 -3.2894388887149087e-05 -0.031745994280737315 0.0082468733940821316 -0.00023204172853239559 -1.0000000180025095e-35
decision_type=2 2 2 2 2 2 2 2
left_child=5 6 -3 7 -5 -1 -2 -4
right_child=1 2 3 4 -6 -7 -8 -9
leaf_value=-0.02400462387724513 0.0060257019601020548 0.013902361260268753 0.019777475549249773 -0.0012494863278319831 -0.032515506018824511 0.0016072351311611722 0.031183104084829907 -0.0070050611501858932
leaf_weight=2.9507539719343212 2.9009843869134784 4.2280194200575378 1.9526119418442247 2.076683564111593 3.5405428577214337 4.3563647316768765 2.9001709725707832 3.0502457823604372
leaf_count=22 27 39 15 22 40 29 27 29
internal_value=8.58288e-05 0.00320735 -0.00280758 -0.00946007 -0.0209565 -0.00873532 0.0186026 0.00344814
internal_weight=27.9564 20.6493 14.8481 10.6201 5.61723 7.30712 5.80116 5.00286
internal_count=250 199 145 106 62 51 54 44
is_linear=0
shrinkage=0.05


Tree=306
num_leaves=9
num_cat=0
split_feature=29 30 19 25 14 19 22 13
split_gain=0.32075 0.344636 0.473979 0.573899 0.63931 0.564584 0.344989 0.266557
threshold=0.0079183424289078781 0.01096511336316275 -0.0051572431413661737 -0.0025020179624143375 0.393812561314415 -0.030315482237622923 -0.002301899024704845 48.970580414423956
decision_type=2 2 2 2 2 2 2 2
left_child=1 2 5 7 -5 -1 -3 -4
right_child=-2 6 3 4 -6 -7 -8 -9
leaf_value=0.0024382440020962685 -0.015857767443288196 2.8933763436367376e-05 0.00453580037797133 0.017663033468527906 -0.014920865682540925 -0.029485827140564448 0.024470530696438019 0.036234940244431892
leaf_weight=2.7330363960936666 2.9108813023194662 2.8901235163211823 1.0933067630976467 2.3354478068649742 4.2354651689529419 2.8077437328174755 2.8848066031932822 1.6857284093275664
leaf_count=33 37 30 14 16 38 26 30 26
internal_value=-0.000318663 0.00187011 -0.00215095 0.00471613 -0.00333983 -0.013739 0.0122385 0.0237641
internal_weight=23.5765 20.6657 14.8907 9.34995 6.57091 5.54078 5.77493 2.77904
internal_count=250 213 153 94 54 59 60 40
is_linear=0
shrinkage=0.05


Tree=307
num_leaves=7
num_cat=0
split_feature=16 27 22 0 7 14
split_gain=0.264706 0.505569 0.384027 0.370008 0.341357 0.249873
threshold=0.0036382114729644872 -0.019696370333794063 -0.0049192777623024977 0.0043548068451441111 0.65326584279537203 0.91274680860602819
decision_type=2 2 2 2 2 2
left_child=-1 -2 5 4 -4 -3
right_child=1 2 3 -5 -6 -7
leaf_value=0.018567902969066873 -0.025777832346846392 -0.03507939534187126 0.017118604506081023 0.026095631956121548 -0.0039580959174863014 0.0026392530384910869
leaf_weight=1.7771798893809343 1.9284222717396922 1.0882323407568044 2.5401403547730244 1.7384045529179264 7.8824972123838961 0.73608079808764149
leaf_count=12 39 29 30 21 104 15
internal_value=0.000265948 -0.00177793 0.00153138 0.00474044 0.00117859 -0.0198605
internal_weight=17.691 15.9138 13.9854 12.161 10.4226 1.82431
internal_count=250 238 199 155 134 44
is_linear=0
shrinkage=0.05


Tree=308
num_leaves=10
num_cat=0
split_feature=25 29 28 17 0 20 7 21 31
split_gain=0.303992 0.699491 0.457477 0.490067 0.609657 0.404685 0.291652 0.0019459 7.49901e-05
threshold=0.02673919386274826 -0.0033718182032360651 0.020126715729540948 0.00016507400828575031 0.0043548068451441111 0.0080559888906920358 0.65171692371368417 -0.00090719209144074487 -0.023255775009179174
decision_type=2 2 2 2 2 2 2 2 2
left_child=1 6 3 4 -3 -4 -1 -8 -9
right_child=-2 2 5 -5 -6 -7 7 8 -10
leaf_value=-0.0028403688354019969 0.017192481505506965 -0.0013067270191921485 0.0035705430796908731 0.016856977848178047 -0.02828991179778665 0.032513634173279841 -0.037572705946752175 -0.034774133938960505 -0.033971766619435823
leaf_weight=1.0397612396627729 2.3775048516690722 11.77815817110241 3.1473692879080764 2.7743616178631774 2.5458054170012465 1.9597109965980051 0.77827733010053624 0.54629639536142338 0.62363184988498677
leaf_count=9 15 90 31 22 17 16 6 14 30
internal_value=0.00010185 -0.001511 0.00154517 -0.00237708 -0.00610246 0.0146767 -0.0242232 -0.0356353 -0.0343464
internal_weight=27.5709 25.1934 22.2054 17.0983 14.324 5.10708 2.98797 1.94821 1.16993
internal_count=250 235 176 129 107 47 59 50 44
is_linear=0
shrinkage=0.05


Tree=309
num_leaves=10
num_cat=0
split_feature=21 3 10 16 5 3 5 16 26
split_gain=0.322315 0.400498 0.647048 0.956909 0.838571 0.493773 0.3469 0.299959 0.268763
threshold=-0.0022840014219216993 0.01331298085011501 0.0027087375836140062 0.0073589553704153524 0.0044147516381828561 0.01982785877324467 0.004086266215833999 0.0058934541725300946 0.013580369033831642
decision_type=2 2 2 2 2 2 2 2 2
left_child=6 2 3 4 -2 -3 -1 -7 -8
right_child=1 5 -4 -5 -6 7 8 -9 -10
leaf_value=0.0075734422532449915 -0.034816825221501035 -0.02654329641979053 0.025789378358041355 0.02510900610143052 0.003636630420282358 0.016208180546969677 -0.0060514168510246106 -0.0092945505629298351 -0.038061470080149915
leaf_weight=1.3307750769890874 2.2429855614900607 2.2444332912564269 3.5474178735166779 2.7297751726582646 3.8536682855337858 2.0679969787597656 1.1885482314974072 2.6058946847915649 1.4628187185153363
leaf_count=17 28 18 33 34 34 19 18 27 22
internal_value=-0.000305887 0.00236736 0.00775413 0.000505603 -0.0105106 -0.00726719 -0.0132569 0.00198932 -0.0237121
internal_weight=23.2743 19.2922 12.3738 8.82643 6.09665 6.91832 3.98214 4.67389 2.65137
internal_count=250 193 129 96 62 64 57 46 40
is_linear=0
shrinkage=0.05


Tree=310
num_leaves=6
num_cat=0
split_feature=9 16 27 1 31
split_gain=0.334879 0.480211 0.491547 0.361024 0.475318
threshold=0.65153617560863508 0.0036382114729644872 -0.019696370333794063 -0.015445898068120021 0.11775891501399519
decision_type=2 2 2 2 2
left_child=-1 -2 -3 -4 -5
right_child=1 2 3 4 -6
leaf_value=-0.024630550365587273 0.029513774173406906 -0.02493444573197684 0.032355574901958312 0.007603455415184074 -0.013471871529814987
leaf_weight=1.253820883110168 1.4629840031266237 1.8087870101444448 0.96237336378544824 7.967117288382715 4.0278493165969849
leaf_count=24 10 36 9 105 66
internal_value=0.000265852 0.00218929 -0.000517943 0.00289049 0.000526467
internal_weight=17.4829 16.2291 14.7661 12.9573 11.995
internal_count=250 226 216 180 171
is_linear=0
shrinkage=0.05


Tree=311
num_leaves=6
num_cat=0
split_feature=5 25 22 0 29
split_gain=0.305442 0.552598 0.874788 0.780006 0.705908
threshold=0.007841615147674957 0.02489918393512747 0.0082048974914769052 -0.0032410739960454511 -0.0015804448436849692
decision_type=2 2 2 2 2
left_child=1 2 3 -1 -5
right_child=-2 -3 -4 4 -6
leaf_value=0.024327964125615234 -0.012616910961495108 0.026741204904143608 -0.026866709633464728 -0.027288776743848209 0.0032194854878784792
leaf_weight=3.6811521258205273 4.0294196959584943 2.1025177985429755 2.6735783382318905 2.2342271972447731 12.527175374329081
leaf_count=32 25 15 35 41 102
internal_value=9.07017e-05 0.00229601 -0.000137979 0.00373683 -0.00139812
internal_weight=27.2481 23.2187 21.1161 18.4426 14.7614
internal_count=250 225 210 175 143
is_linear=0
shrinkage=0.05


Tree=312
num_leaves=6
num_cat=0
split_feature=22 8 29 0 3
split_gain=0.308391 0.686698 0.477214 0.376664 0.480794
threshold=-0.011707675309835517 0.010688053338313516 0.0079183424289078781 0.003930830099641792 -0.0051800420292006924
decision_type=2 2 2 2 2
left_child=-1 2 3 4 -2
right_child=1 -3 -4 -5 -6
leaf_value=-0.02161692432197039 0.017123208191386605 0.029819590376444129 -0.025998450108253121 -0.018149796159876837 -0.0020924405660328028
leaf_weight=1.5816357210278535 4.6793951904401281 1.9164590574800957 1.8102161418646563 2.2495323847979298 10.696351953782139
leaf_count=15 42 14 32 34 113
internal_value=-0.000313456 0.00126459 -0.00155111 0.00095977 0.00375558
internal_weight=22.9336 21.352 19.4355 17.6253 15.3757
internal_count=250 235 221 189 155
is_linear=0
shrinkage=0.05


Tree=313
num_leaves=6
num_cat=0
split_feature=9 16 27 7 9
split_gain=0.317056 0.459842 0.459738 0.328298 0.536851
threshold=0.65153617560863508 0.0036382114729644872 -0.019696370333794063 0.65326584279537203 0.65830576717853562
decision_type=2 2 2 2 2
left_child=-1 -2 -3 -4 -5
right_child=1 2 3 4 -6
leaf_value=-0.024162700138461876 0.029085886081450442 -0.024416185963023643 0.018642497301277049 -0.020824126852420133 0.0054522082810496584
leaf_weight=1.23081705067307 1.4440322071313882 1.7653101440519119 2.6057631270959929 2.6072913324460369 7.6393157728016376
leaf_count=24 10 36 27 42 111
internal_value=0.000294547 0.00216872 -0.00049034 0.00279594 -0.00123391
internal_weight=17.2925 16.0617 14.6177 12.8524 10.2466
internal_count=250 226 216 180 153
is_linear=0
shrinkage=0.05


Tree=314
num_leaves=8
num_cat=0
split_feature=23 3 23 21 26 27 1
split_gain=0.298345 0.439087 0.678881 0.517369 0.496718 0.352653 0.59243
threshold=-0.0025970891986756279 -0.014993880760275744 1.0000000180025095e-35 0.00040767674802122405 0.0021583050964145705 0.002342432154555985 -0.00089745529560752979
decision_type=2 2 2 2 2 2 2
left_child=5 -2 -3 -4 -5 6 -1
right_child=1 2 3 4 -6 -7 -8
leaf_value=0.0059608329609570606 -0.017484280049012282 0.02589065665351278 0.014453085600222801 -0.025112684785959766 0.0033409198519903077 0.0086940946722399142 -0.022728192481814399
leaf_weight=2.8693203376606107 2.0276740407571241 3.6800555214285824 4.274630803614853 2.5525509458966553 3.8431882206350565 2.7990434765815735 4.8261689618229884
leaf_count=29 16 24 38 38 38 28 39
internal_value=7.7968e-05 0.00429516 0.00737254 0.000985906 -0.00801496 -0.00650352 -0.0120313
internal_weight=26.8726 16.3781 14.3504 10.6704 6.39574 10.4945 7.69549
internal_count=250 154 138 114 76 96 68
is_linear=0
shrinkage=0.05


Tree=315
num_leaves=10
num_cat=0
split_feature=21 23 3 23 29 13 7 5 26
split_gain=0.307714 0.380078 0.465315 0.789004 0.443368 0.648348 0.591652 0.35256 0.258096
threshold=-0.0022840014219216993 -0.0063565487640722665 0.01331298085011501 0.0062072404666733147 0.0012471092771182415 46.479279508882293 0.65213517546653754 0.0040769507325254207 0.013580369033831642
decision_type=2 2 2 2 2 2 2 2 2
left_child=7 -2 4 -4 6 -6 -3 -1 -9
right_child=1 2 3 -5 5 -7 -8 8 -10
leaf_value=0.0085884010360933426 0.017803953283343343 -0.0059445707754579007 -0.029355168923096 0.0076377766790485489 -0.029037406894914065 0.013129007497630407 0.026076389115068679 -0.0061404492944956241 -0.037823341221192248
leaf_weight=1.2574873198755114 3.2858226951211753 2.3214522004127449 3.0971290133893481 2.6961797941476107 1.8326984439045193 1.8138874471187589 3.8103717369958758 1.1625249497592451 1.43778327293694
leaf_count=16 32 17 27 25 29 22 41 18 23
internal_value=-0.000281099 0.00235106 -0.000909694 -0.0121388 0.0057431 -0.00806296 0.0139535 -0.0131475 -0.0236588
internal_weight=22.7153 18.8575 15.5717 5.79331 9.77841 3.64659 6.13182 3.8578 2.60031
internal_count=250 193 161 52 109 51 58 57 41
is_linear=0
shrinkage=0.05


Tree=316
num_leaves=7
num_cat=0
split_feature=9 16 27 23 8 30
split_gain=0.298098 0.435501 0.441575 0.328701 0.637084 0.414692
threshold=0.65153617560863508 0.0036382114729644872 -0.019696370333794063 0.0035613813464201454 0.0013847266288997541 0.0078152197171895716
decision_type=2 2 2 2 2 2
left_child=-1 -2 -3 5 -5 -4
right_child=1 2 3 4 -6 -7
leaf_value=-0.02371394329238502 0.028623137566914689 -0.024138071746814985 0.014436640053002256 -0.035100644140658117 0.0067062209029837387 -0.010095554810616083
leaf_weight=1.2027235729619885 1.4106503538787354 1.735940584912895 6.577069085557012 1.4874152187257998 2.3525226556230336 2.3339194043073803
leaf_count=24 10 36 66 35 41 38
internal_value=0.000287103 0.0021029 -0.000479495 0.00274144 -0.00948783 0.0080113
internal_weight=17.1002 15.8975 14.4869 12.7509 3.83994 8.91099
internal_count=250 226 216 180 76 104
is_linear=0
shrinkage=0.05


Tree=317
num_leaves=10
num_cat=0
split_feature=23 6 24 24 5 19 29 32 3
split_gain=0.282249 0.427913 0.507543 0.628363 0.474743 0.57165 0.348362 0.421707 0.420341
threshold=-0.0025970891986756279 1.1543812047352133 0.011836860373625082 0.02027163556528078 0.0077113558231181323 1.0000000180025095e-35 0.00055872193595185593 -0.032955709733975498 -0.0035675662265014503
decision_type=2 2 2 2 2 2 2 2 2
left_child=6 2 4 -4 5 -2 -1 -8 -9
right_child=1 -3 3 -5 -6 -7 7 8 -10
leaf_value=-0.020529058717358259 0.026540606510597121 0.024210217443192392 -0.031001403672440909 0.0053816174306177324 -0.011269811362006457 -0.0030752916779889922 -0.01653851190281538 -0.0071993650709678211 0.022767616235400204
leaf_weight=3.0665839929133671 4.0235287752002495 2.2890087002888313 2.3193847509101024 2.4301308738067746 2.4172257613390684 2.7382619474083185 2.6152101568877697 2.2311162725090981 2.4608897417783737
leaf_count=36 35 23 22 28 15 31 20 15 25
internal_value=5.54962e-05 0.00417545 0.000882944 -0.0123857 0.00774857 0.0145473 -0.0063853 -0.000449653 0.00851789
internal_weight=26.5913 16.2175 13.9285 4.74952 9.17902 6.76179 10.3738 7.30722 4.69201
internal_count=250 154 131 50 81 66 96 60 40
is_linear=0
shrinkage=0.05


Tree=318
num_leaves=9
num_cat=0
split_feature=0 17 24 26 29 14 13 30
split_gain=0.307244 0.604358 0.508681 0.555962 0.695721 0.578458 0.458685 0.538039
threshold=-0.0024734993976700532 -0.00015557588654296409 0.016983875540142471 0.028204673365416547 -0.00081754060861255462 0.79074186835290627 43.953500644647285 -0.010188679999080295
decision_type=2 2 2 2 2 2 2 2
left_child=6 -2 3 5 -5 -3 -1 -8
right_child=1 2 -4 4 -6 -7 7 -9
leaf_value=-0.02889844934486532 0.024988180822551942 0.00087174797995050928 -0.022677042341234015 0.013873851480327598 -0.030418225453766098 0.030365754452030359 0.025414105364239943 -0.012000198844749732
leaf_weight=2.0650735385715988 2.7066101785749224 4.5723776360973662 2.236954426392912 1.4987959004938605 2.170538994949311 2.6121710948646069 1.3907929379492996 3.1087089730426669
leaf_count=23 22 58 29 12 31 23 14 38
internal_value=-0.000297576 0.00348046 -0.000966392 0.00350811 -0.0123264 0.0115952 -0.0093893 -0.000435463
internal_weight=22.362 15.7974 13.0908 10.8539 3.66933 7.18455 6.56458 4.4995
internal_count=250 175 153 124 43 81 75 52
is_linear=0
shrinkage=0.05


Tree=319
num_leaves=9
num_cat=0
split_feature=13 16 20 0 1 0 17 16
split_gain=0.270726 0.458422 0.360559 0.498062 0.390929 0.781254 0.69388 9.52342e-05
threshold=63.36713610200507 0.0048728757425848092 -0.15811136404967388 0.0043548068451441111 -0.00089745529560752979 1.0000000180025095e-35 -3.2894388887149087e-05 0.0058934541725300946
decision_type=2 2 2 2 2 2 2 2
left_child=2 -2 -1 4 6 -6 -4 -3
right_child=1 7 3 -5 5 -7 -8 -9
leaf_value=-0.02304278436242092 0.0063201072403075197 -0.034980230716621645 -0.036962468714173517 0.029084470003498814 0.023914528449932842 -0.016831995347334396 0.0028652951671289456 -0.034142864478713696
leaf_weight=1.20285276696086 1.3798777516931289 0.62665912881493546 1.4954807972535471 1.918794272933156 3.7155186193995169 1.721415994223207 4.0693061242345729 0.74111254024319351
leaf_count=18 12 13 28 22 33 37 51 36
internal_value=0.000346733 -0.0140132 0.00314041 0.00557797 0.00147823 0.0110136 -0.00783802 -0.0345265
internal_weight=16.871 2.74765 14.1234 12.9205 11.0017 5.43693 5.56479 1.36777
internal_count=250 61 189 171 149 70 79 49
is_linear=0
shrinkage=0.05


Tree=320
num_leaves=7
num_cat=0
split_feature=28 27 22 26 34 11
split_gain=0.279624 0.690574 0.514882 0.506431 0.836363 0.42483
threshold=-0.033802441634774187 -0.014249805898495336 0.0082048974914769052 0.037385105280618121 1.2754532947281139 0.70229138433933269
decision_type=2 2 2 2 2 2
left_child=5 -2 3 4 -3 -1
right_child=1 2 -4 -5 -6 -7
leaf_value=-0.02340718780013409 0.02329645417174931 0.019680473006419921 -0.021117706292799382 -0.01582064429725397 -0.0093945659356557219 0.0018801889816629919
leaf_weight=2.8488800190389183 3.473293681163347 6.1354740206152147 2.7204713560640803 2.862315352074801 4.1439534388482571 3.9830633541569114
leaf_count=23 39 60 32 26 42 28
internal_value=3.07507e-05 0.0031031 -0.00131857 0.00278005 0.00795943 -0.0086645
internal_weight=26.1675 19.3355 15.8622 13.1417 10.2794 6.83194
internal_count=250 199 160 128 102 51
is_linear=0
shrinkage=0.05


Tree=321
num_leaves=7
num_cat=0
split_feature=29 0 17 22 30 11
split_gain=0.296688 0.404157 0.561433 0.560443 0.541791 0.506984
threshold=-0.0093031486362166165 -0.0032410739960454511 -0.00015557588654296409 0.005961149877537931 0.011426682116660649 0.65536732017993937
decision_type=2 2 2 2 2 2
left_child=-1 5 -3 4 -4 -2
right_child=1 2 3 -5 -6 -7
leaf_value=0.01953482792764849 0.0066559165298397636 0.021650332203253436 -0.017054284448753825 0.022414146966150718 0.005148305545978925 -0.028440090799384189
leaf_weight=1.7380395615473414 1.6381732476875228 2.8920931452885315 6.0700683863833458 1.8957081539556373 5.0200251843780279 2.7672140439972281
leaf_count=24 20 24 77 21 50 34
internal_value=-0.000291289 -0.00199015 0.00172752 -0.00270953 -0.00700409 -0.0153894
internal_weight=22.0213 20.2833 15.8779 12.9858 11.0901 4.40539
internal_count=250 226 172 148 127 54
is_linear=0
shrinkage=0.05


Tree=322
num_leaves=7
num_cat=0
split_feature=9 16 7 19 20 1
split_gain=0.270299 0.415011 0.420325 0.485583 0.675627 0.199998
threshold=0.65153617560863508 0.0036382114729644872 0.65264685451984417 0.0097883165505241471 -0.03655062635746447 -0.0075282270199518711
decision_type=2 2 2 2 2 2
left_child=-1 -2 -3 4 -4 -5
right_child=1 2 3 5 -6 -7
leaf_value=-0.023083539209630778 0.028167397672369296 0.017843540112735895 -0.022464763681603554 -0.0039232610560968198 0.0086558584364663845 -0.034772947465144775
leaf_weight=1.1491878908127571 1.3848543986678112 2.5513394568115464 2.3470402336679372 0.78111416054889593 6.7879115412943074 1.6046130370814342
leaf_count=24 10 28 47 18 67 56
internal_value=0.000311525 0.0020509 -0.000519273 -0.00458585 0.000660047 -0.0246724
internal_weight=16.6061 15.4569 14.072 11.5207 9.13495 2.38573
internal_count=250 226 216 188 114 74
is_linear=0
shrinkage=0.05


Tree=323
num_leaves=8
num_cat=0
split_feature=6 21 28 17 0 23 17
split_gain=0.265408 0.323702 0.432675 0.5212 0.410686 0.373413 0.169703
threshold=0.7968738363849478 0.0033023354171393131 0.020126715729540948 0.00017193858391443046 0.0035795438650484406 0.0076675618118262632 5.9363987118545751e-05
decision_type=2 2 2 2 2 2 2
left_child=-1 2 3 4 -2 -3 -4
right_child=1 5 6 -5 -6 -7 -8
leaf_value=-0.015222608794713094 0.0010141018537371729 -0.035927168669791197 0.029016100543791709 0.019707319416707794 -0.019227631445245415 0.0042854189511010547 0.0076366838805354527
leaf_weight=2.562688551843169 11.061799613758931 1.1668696720153087 2.0055575221776958 2.8905160706490269 3.2397567136213175 1.1426071147434411 1.7278713695704935
leaf_count=30 91 20 21 24 25 20 19
internal_value=4.81189e-05 0.00173239 0.003693 0.000342557 -0.00357129 -0.0160321 0.0191215
internal_weight=25.7977 23.235 20.9255 17.1921 14.3016 2.30948 3.73343
internal_count=250 220 180 140 116 40 40
is_linear=0
shrinkage=0.05


Tree=324
num_leaves=10
num_cat=0
split_feature=21 3 10 16 5 3 5 16 26
split_gain=0.28538 0.355873 0.564504 0.841278 0.740423 0.43874 0.323161 0.271652 0.236492
threshold=-0.0022840014219216993 0.01331298085011501 0.0027087375836140062 0.0073589553704153524 0.0044147516381828561 0.01982785877324467 0.0040769507325254207 0.0058934541725300946 0.013580369033831642
decision_type=2 2 2 2 2 2 2 2 2
left_child=6 2 3 4 -2 -3 -1 -7 -8
right_child=1 5 -4 -5 -6 7 8 -9 -10
leaf_value=0.008030543846377601 -0.034264008720705855 -0.02585995375984286 0.024786314035645581 0.024493886912038673 0.0033141366937651049 0.015910644163017153 -0.0064309779375745935 -0.0091272553554066407 -0.037532124800478558
leaf_weight=1.2208764888346224 2.0466403933241981 2.1073703859001389 3.3581396210938683 2.5220381077378988 3.6461084457114339 1.9343192428350446 1.1187389371916654 2.4623917723074555 1.3473723055794833
leaf_count=16 28 18 33 34 34 19 18 27 23
internal_value=-0.00033023 0.00225551 0.00751478 0.000454317 -0.0101958 -0.00710248 -0.0130079 0.00188809 -0.0234232
internal_weight=21.764 18.077 11.5729 8.21479 5.69275 6.50408 3.68699 4.39671 2.46611
internal_count=250 193 129 96 62 64 57 46 41
is_linear=0
shrinkage=0.05


Tree=325
num_leaves=7
num_cat=0
split_feature=9 16 27 23 8 8
split_gain=0.258358 0.394544 0.40346 0.295908 0.594501 0.378673
threshold=0.65153617560863508 0.0036382114729644872 -0.019696370333794063 0.0035613813464201454 0.0013847266288997541 -0.0044214025696202889
decision_type=2 2 2 2 2 2
left_child=-1 -2 -3 5 -5 -4
right_child=1 2 3 4 -6 -7
leaf_value=-0.022768892006692333 0.027777570560070138 -0.023743812315429901 0.020408785714579401 -0.035002284669367167 0.0064404499143070702 -0.00097376016265988518
leaf_weight=1.1289806636050368 1.3546169735491265 1.6447541394736607 3.4874876476824257 1.3917328268289559 2.2880074554122984 5.0962048417422929
leaf_count=24 10 36 28 35 41 76
internal_value=0.000311404 0.00201864 -0.000490205 0.00262854 -0.00923381 0.0077138
internal_weight=16.3918 15.2628 13.9082 12.2634 3.67974 8.58369
internal_count=250 226 216 180 76 104
is_linear=0
shrinkage=0.05


Tree=326
num_leaves=9
num_cat=0
split_feature=28 27 17 12 19 29 20 27
split_gain=0.261915 0.648141 0.524305 0.66026 0.472372 0.791323 0.581105 0.403689
threshold=-0.033802441634774187 -0.014249805898495336 -6.1521358718061924e-05 0.0072674744453094528 0.0097883165505241471 -0.0028343717650526341 -0.03655062635746447 -0.013281257467528005
decision_type=2 2 2 2 2 2 2 2
left_child=7 -2 3 -3 6 -6 -4 -1
right_child=1 2 4 -5 5 -7 -8 -9
leaf_value=-0.019655571164826149 0.022984444626161945 -0.012775322098785867 0.0042397733407030644 0.024920267751568734 -0.01643668239900575 0.03297806154931008 -0.025565559472636973 0.0050662284703430274
leaf_weight=3.6398468464612961 3.364436000119901 1.7783789420500422 2.5459317043423679 3.3496718090027571 1.6301029920578005 1.6107277218252418 4.5722241383045796 3.0225603003054884
leaf_count=23 39 19 28 31 31 15 36 28
internal_value=8.16284e-05 0.00309328 -0.00122791 0.0118477 -0.00770076 0.00812298 -0.0149052 -0.00843994
internal_weight=25.5139 18.8515 15.487 5.12805 10.359 3.24083 7.11816 6.66241
internal_count=250 199 160 50 110 46 64 51
is_linear=0
shrinkage=0.05


Tree=327
num_leaves=7
num_cat=0
split_feature=29 0 17 22 30 11
split_gain=0.286146 0.366958 0.522552 0.51272 0.499419 0.474969
threshold=-0.0093031486362166165 -0.0032410739960454511 -0.00015557588654296409 0.005961149877537931 0.011426682116660649 0.65536732017993937
decision_type=2 2 2 2 2 2
left_child=-1 5 -3 4 -4 -2
right_child=1 2 3 -5 -6 -7
leaf_value=0.01941472458337333 0.0066364027898290316 0.021077676080652391 -0.016642122360538702 0.021800816344000121 0.0049394005911328727 -0.027863507318911386
leaf_weight=1.6961016096174741 1.5926033705472988 2.8148485552519587 5.9230441641993732 1.8211998203769333 4.8968990640714765 2.6704151127487421
leaf_count=24 20 24 77 21 50 34
internal_value=-0.000292261 -0.00198733 0.00159484 -0.00274347 -0.00687474 -0.0149748
internal_weight=21.4151 19.719 15.456 12.6411 10.8199 4.26302
internal_count=250 226 172 148 127 54
is_linear=0
shrinkage=0.05


Tree=328
num_leaves=8
num_cat=0
split_feature=5 17 0 15 6 24 17
split_gain=0.246337 0.610216 0.386524 0.403943 0.536124 0.431114 0.0766845
threshold=0.007841615147674957 0.00017193858391443046 0.0043548068451441111 0.0081442846750595117 1.1162648967290123 -0.015457737057011199 0.00029788772157893602
decision_type=2 2 2 2 2 2 2
left_child=1 2 3 5 -5 -1 -3
right_child=-2 6 -4 4 -6 -7 -8
leaf_value=0.027602321462456066 0.016122178204266431 -0.035720418139880604 0.020443801587386321 -0.034991331197222773 0.0063962987707908651 -0.0024088227654047879 -0.016196565133526446
leaf_weight=1.5836006221361447 2.1271455814130595 1.1702705603092902 2.3323321500793091 1.7839515642262997 1.3938017305918036 4.8972820269409594 0.88198705669492472
leaf_count=14 25 26 32 51 18 64 20
internal_value=0.000265606 -0.00213621 0.00217567 -0.00223565 -0.0168382 0.00492439 -0.0273298
internal_weight=16.1704 14.0432 11.991 9.65864 3.17775 6.48088 2.05226
internal_count=250 225 179 147 69 78 46
is_linear=0
shrinkage=0.05


Tree=329
num_leaves=8
num_cat=0
split_feature=6 22 29 23 23 32 24
split_gain=0.261168 0.540004 0.570429 0.354031 0.568859 0.454224 0.264706
threshold=0.97498929778716337 0.0053829731033915315 0.0012471092771182415 0.0066468461892038597 -0.0025970891986756279 -0.11885537270768549 1.0000000180025095e-35
decision_type=2 2 2 2 2 2 2
left_child=1 2 -1 4 5 -2 -6
right_child=3 -3 -4 -5 6 -7 -8
leaf_value=-0.017827779901214938 -0.023214186213782909 -0.026157731617957959 0.012593574014566448 -0.012297031867381042 0.025484968932151259 0.0058257391662232989 0.0062907697891096126
leaf_weight=2.4973477628082055 2.0423974683508277 2.5596154471859336 4.023626359179616 2.7817259738221756 3.9487564954906693 3.9522013505920794 3.2951542995870113
leaf_count=30 20 32 37 34 30 36 31
internal_value=7.82387e-05 -0.00669605 0.00094306 0.00391804 0.00732521 -0.00406835 0.0167538
internal_weight=25.1008 9.08059 6.52097 16.0202 13.2385 5.9946 7.24391
internal_count=250 99 67 151 117 56 61
is_linear=0
shrinkage=0.05


Tree=330
num_leaves=9
num_cat=0
split_feature=29 25 0 25 5 5 28 17
split_gain=0.282938 0.294812 0.528406 0.625367 0.355409 0.481962 0.683116 0.0681424
threshold=0.0079183424289078781 -0.0004555242770711842 -0.0029308424041274424 -0.011994860945266637 0.0075379138543084628 0.0048477386987684085 -0.02989430534989523 5.7783383812277566e-05
decision_type=2 2 2 2 2 2 2 2
left_child=1 2 -1 -4 5 6 -3 -5
right_child=-2 4 3 7 -6 -7 -8 -9
leaf_value=-0.016069722677342035 -0.015767887308355259 0.026162284250467217 -0.0060048997941343505 0.035443705248324846 0.016950243847563558 -0.025486087749636378 -0.0092691900466857144 0.021451979197772919
leaf_weight=1.5228287875652311 2.5935541447252026 1.8280064985156084 1.8917372263967984 2.0670140264555883 1.8662430001422752 2.5608674352988601 5.3176790219731584 1.5028928862884638
leaf_count=20 37 15 23 21 15 27 67 25
internal_value=-0.000298915 0.00186302 0.0099752 0.0172371 -0.00303289 -0.00687497 -0.000205124 0.0295533
internal_weight=21.1508 18.5573 6.98447 5.46164 11.5728 9.70655 7.14569 3.56991
internal_count=250 213 89 69 124 109 82 46
is_linear=0
shrinkage=0.05


Tree=331
num_leaves=9
num_cat=0
split_feature=13 16 24 22 1 31 5 16
split_gain=0.244896 0.41628 0.272536 0.43423 0.462975 0.342072 0.13365 8.08668e-05
threshold=63.36713610200507 0.0048728757425848092 0.016983875540142471 -0.0049192777623024977 -0.010940001663405306 0.12077637798516346 0.0044409900164344351 0.0058934541725300946
decision_type=2 2 2 2 2 2 2 2
left_child=2 -2 3 -1 -5 -6 -4 -3
right_child=1 7 6 4 5 -7 -8 -9
leaf_value=-0.027035019706743924 0.0057745894569298135 -0.034865138205522936 0.0050688176122123578 -0.019812773694741981 0.017003678312799069 -0.0068904878014689128 0.024627272171857478 -0.034060535163381908
leaf_weight=1.4006325756199647 1.3200866803526889 0.57990957237780072 1.7198255658149713 1.7600620668381424 4.468228643760086 2.2532059266231954 1.7748438320122657 0.67666974058374763
leaf_count=32 12 13 20 22 55 38 22 36
internal_value=0.000281847 -0.0138331 0.00300071 -0.00124338 0.00301585 0.00899371 0.015002 -0.0344319
internal_weight=15.9535 2.57667 13.3768 9.88213 8.4815 6.72143 3.49467 1.25658
internal_count=250 61 189 147 115 93 42 49
is_linear=0
shrinkage=0.05


Tree=332
num_leaves=8
num_cat=0
split_feature=28 27 17 7 21 17 11
split_gain=0.257345 0.592461 0.50725 0.448534 0.515742 0.418698 0.400139
threshold=-0.033802441634774187 -0.014249805898495336 -6.1521358718061924e-05 0.65139049291610729 -0.0011061820532373698 -0.00015557588654296409 0.70229138433933269
decision_type=2 2 2 2 2 2 2
left_child=6 -2 5 -4 -5 -3 -1
right_child=1 2 3 4 -6 -7 -8
leaf_value=-0.023169544538042135 0.022484053760575651 -0.0035264190366560999 0.014984383026337204 0.0059951766275015764 -0.020977981642749607 0.025470016614479764 0.0020061969785213811
leaf_weight=2.7041805172339108 3.2457272484898629 2.33444444835186 1.8096611527725972 2.5831831078976411 5.6447237157262826 2.6675382312387255 3.7907524053007364
leaf_count=23 39 24 16 25 69 26 28
internal_value=7.36826e-05 0.00311045 -0.00107062 -0.00755279 -0.0125097 0.0119373 -0.00847578
internal_weight=24.7802 18.2853 15.0396 10.0376 8.22791 5.00198 6.49493
internal_count=250 199 160 110 94 50 51
is_linear=0
shrinkage=0.05


Tree=333
num_leaves=10
num_cat=0
split_feature=29 21 25 30 30 4 17 2 15
split_gain=0.272341 0.522703 0.687622 0.429883 0.436454 0.396622 0.390772 0.000306086 3.43205e-05
threshold=0.00066787763764009089 0.0015291427556902717 0.010820773144827657 0.01096511336316275 -0.0020904213563263103 0.0053040826315838285 -4.6409999730241451e-05 0.0097919982270549006 0.0080578589415444112
decision_type=2 2 2 2 2 2 2 2 2
left_child=3 2 7 4 5 -1 -6 8 -2
right_child=1 -3 -4 -5 6 -7 -8 -9 -10
leaf_value=0.023695835120891635 -0.034735799069675381 0.0063148859907256605 0.0031909538133718576 0.022657381397747273 0.008194689969438838 -0.0053573929826306902 -0.021929963351996887 -0.035620027205816182 -0.034291925568783847
leaf_weight=2.5612684646621338 0.81985358567908251 4.0408378299325705 2.1220174534246325 2.5906216353178015 1.6757642794400451 2.1699102120473981 3.0104044172912863 0.93681154027581204 0.92889479268342257
leaf_count=27 20 33 31 24 17 23 32 15 28
internal_value=-0.000284569 -0.0069405 -0.0180818 0.00462004 -0.000341854 0.0103708 -0.0111574 -0.0348907 -0.0345
internal_weight=20.8564 8.84842 4.80758 12.008 9.41735 4.73118 4.68617 2.68556 1.74875
internal_count=250 127 94 123 99 50 49 63 48
is_linear=0
shrinkage=0.05


Tree=334
num_leaves=8
num_cat=0
split_feature=9 7 9 17 28 30 17
split_gain=0.231271 0.330045 0.443314 0.52068 0.706578 0.530156 0.41391
threshold=0.65153617560863508 0.65326584279537203 0.65830576717853562 -3.0263171990597757e-05 -0.057360195939054275 0.0078152197171895716 -3.2894388887149087e-05
decision_type=2 2 2 2 2 2 2
left_child=-1 -2 6 4 -4 -5 -3
right_child=1 2 3 5 -6 -7 -8
leaf_value=-0.022222156046334315 0.017279802163965925 0.0043713421040401414 0.018866716219878774 0.023851842347064098 -0.027081358225425178 -0.0097006679489990387 -0.035421008739057951
leaf_weight=1.0634049773216254 2.8262283497024319 1.0914493491873147 1.2869022507220509 3.7517912189941862 2.3916383245959851 1.7157113493885843 1.6286513286177058
leaf_count=24 32 13 10 49 49 37 36
internal_value=0.000294656 0.00192438 -0.00173291 0.00353753 -0.0110069 0.013323 -0.0194542
internal_weight=15.7558 14.6924 11.8661 9.14604 3.67854 5.4675 2.7201
internal_count=250 226 194 145 59 86 49
is_linear=0
shrinkage=0.05


Tree=335
num_leaves=10
num_cat=0
split_feature=25 29 28 6 22 7 20 21 24
split_gain=0.25071 0.598281 0.396821 0.431393 0.545095 0.333168 0.251642 0.00102162 2.80765e-05
threshold=0.02673919386274826 -0.0033718182032360651 0.020126715729540948 1.1054098550981635 0.0053829731033915315 0.65139049291610729 0.0044058295940392353 -1.0000000180025095e-35 0.0014100378556757278
decision_type=2 2 2 2 2 2 2 2 2
left_child=1 5 3 4 -3 -1 -4 -7 -9
right_child=-2 2 6 -5 -6 7 -8 8 -10
leaf_value=0.0040742561071752505 0.016608998836306812 0.0083386657688322759 0.0048406063494098569 -0.017418995817013217 -0.017165737257111405 -0.036458594412846178 0.029026742689775283 -0.034415514706832691 -0.033847704295751534
leaf_weight=0.75287830922753274 2.0909734778106204 8.8980324938893336 2.6707882098853579 3.6250893957912913 2.7401414941996327 0.98289709165692341 1.8004366364330051 0.40494406595826116 0.47085173707455397
leaf_count=7 15 74 30 31 24 10 17 13 29
internal_value=5.28926e-05 -0.0014963 0.00147989 -0.00235757 0.0023338 -0.023986 0.0145797 -0.0353521 -0.0341102
internal_weight=24.437 22.3461 19.7345 15.2633 11.6382 2.61157 4.47122 1.85869 0.875796
internal_count=250 235 176 129 98 59 47 52 42
is_linear=0
shrinkage=0.05


Tree=336
num_leaves=10
num_cat=0
split_feature=21 3 10 16 5 3 5 28 26
split_gain=0.262288 0.326401 0.514858 0.765341 0.690526 0.403301 0.276896 0.227067 0.226478
threshold=-0.0022840014219216993 0.01331298085011501 0.0027087375836140062 0.0073589553704153524 0.0044147516381828561 0.01982785877324467 0.0040769507325254207 0.013037091840812478 0.013580369033831642
decision_type=2 2 2 2 2 2 2 2 2
left_child=6 2 3 4 -2 -3 -1 -7 -8
right_child=1 5 -4 -5 -6 7 8 -9 -10
leaf_value=0.0071115309182686508 -0.033961456332579965 -0.025567582681872189 0.024430325086176017 0.024228313613850552 0.0033961093727940027 0.012861720371624039 -0.0058701394218587805 -0.010549955519234891 -0.037256092587737703
leaf_weight=1.1622752919793158 1.9181893202476219 1.9749466776847828 3.1694357199594378 2.3665194371715188 3.4831674820743501 2.2065521907061338 1.065444805659354 1.9518033005297182 1.2480536000803111
leaf_count=16 28 18 33 34 34 24 18 22 23
internal_value=-0.000279393 0.00226974 0.00744715 0.000517708 -0.00987072 -0.00696297 -0.012799 0.001873 -0.0228018
internal_weight=20.5464 17.0706 10.9373 7.76788 5.40136 6.1333 3.47577 4.15836 2.3135
internal_count=250 193 129 96 62 64 57 46 41
is_linear=0
shrinkage=0.05


Tree=337
num_leaves=9
num_cat=0
split_feature=19 29 16 20 19 15 20 16
split_gain=0.228656 0.254792 0.335744 0.509664 0.607983 0.420405 0.176233 8.53273e-05
threshold=0.051678693708908326 -0.0038072505594032298 0.0036382114729644872 -0.03655062635746447 -0.092036739209486337 0.0088292197813694458 -0.0077711965930201124 0.0051239844252546117
decision_type=2 2 2 2 2 2 2 2
left_child=1 -1 -3 4 -4 -5 -2 -8
right_child=6 2 3 5 -6 -7 7 -9
leaf_value=0.019304368848009311 0.0053742359480939902 0.022448609749191963 0.015842690702798305 -0.0060231639036303552 -0.035048783997606768 0.017421918419680452 -0.034898269690166947 -0.033850457187360398
leaf_weight=1.8623457644134749 0.43100332282483578 1.4097784534096707 0.8063090126961473 4.9387298375368136 2.1563946353271559 3.1200170959345996 0.33238849975168772 0.46766211208887398
leaf_count=21 8 10 11 66 60 33 6 35
internal_value=0.00027633 0.00205715 -0.000526693 -0.00346551 -0.0211985 0.00305381 -0.0204004 -0.0342858
internal_weight=15.5246 14.2936 12.4312 11.0215 2.9627 8.05875 1.23105 0.800051
internal_count=250 201 180 170 71 99 49 41
is_linear=0
shrinkage=0.05


Tree=338
num_leaves=8
num_cat=0
split_feature=6 21 28 17 16 31 17
split_gain=0.250673 0.291874 0.362864 0.457767 0.385969 0.336879 0.155488
threshold=0.7968738363849478 0.0033023354171393131 0.020126715729540948 0.00017193858391443046 0.0051512779479354022 0.12412141619914646 5.9363987118545751e-05
decision_type=2 2 2 2 2 2 2
left_child=-1 2 3 4 -2 -3 -4
right_child=1 5 6 -5 -6 -7 -8
leaf_value=-0.01537005954367851 -0.013935015555889935 -0.035824866091768971 0.028183794247990859 0.019268646304792931 0.0034679757188019536 0.0039869317921024591 0.0069703920562511458
leaf_weight=2.3728361814282861 5.2060348261147835 1.0591806895099574 1.8571739494800561 2.7031935704872003 8.2109091840684396 1.0662909406237302 1.6149522084742782
leaf_count=30 41 21 21 24 75 19 19
internal_value=6.02139e-05 0.00174609 0.00365527 0.000497262 -0.00328472 -0.0158524 0.018317
internal_weight=24.0906 21.7177 19.5923 16.1201 13.4169 2.12547 3.47213
internal_count=250 220 180 140 116 40 40
is_linear=0
shrinkage=0.05


Tree=339
num_leaves=10
num_cat=0
split_feature=29 21 25 30 30 0 4 2 15
split_gain=0.25748 0.483366 0.667668 0.398843 0.395829 0.373169 0.365581 0.000286434 4.18434e-05
threshold=0.00066787763764009089 0.0015291427556902717 0.010820773144827657 0.01096511336316275 -0.0020904213563263103 -0.00082549235279738553 0.0053040826315838285 0.01231364915964084 0.0080578589415444112
decision_type=2 2 2 2 2 2 2 2 2
left_child=3 2 7 4 6 -6 -1 8 -2
right_child=1 -3 -4 -5 5 -7 -8 -9 -10
leaf_value=0.023139692954046737 -0.034718381573310746 0.0060836144293794662 0.0033114067310444418 0.022161038407921427 -0.027017780602775154 0.0018147326436431469 -0.0051469777676599587 -0.035611779724752483 -0.034232793041207493
leaf_weight=2.4742935057729474 0.8565970654599353 3.9216990265995264 2.0777718983590603 2.5260045100003472 1.9831060925498603 2.5851459205150631 2.1217338917776942 0.78884805180132378 0.920241704210639
leaf_count=27 21 33 31 24 20 29 23 12 30
internal_value=-0.000255287 -0.0068412 -0.017757 0.00457003 -0.00027868 -0.0107016 0.0100813 -0.0348189 -0.0344669
internal_weight=20.2554 8.56516 4.64346 11.6903 9.16428 4.56825 4.59603 2.56569 1.77684
internal_count=250 127 94 123 99 49 50 63 51
is_linear=0
shrinkage=0.05


Tree=340
num_leaves=10
num_cat=0
split_feature=23 3 4 30 1 20 3 32 19
split_gain=0.222712 0.67622 0.340675 0.752411 0.744895 0.524554 0.325116 0.287483 0.00028338
threshold=0.0035613813464201454 0.007094210179275696 0.0049027897308162923 -0.0046712686240251147 0.0022732454820615371 -0.058537407738036167 0.014914643890479586 0.21763584266007205 -0.051930076870410451
decision_type=2 2 2 2 2 2 2 2 2
left_child=2 8 3 -1 -5 -4 -3 -7 -2
right_child=1 6 5 4 -6 7 -8 -9 -10
leaf_value=-0.037188964681687919 -0.035658132603013572 0.026354310273391614 -0.0098152281008570246 0.021438205882146361 -0.022125632366017237 0.0097614737227505067 -0.0099200455079934968 0.037177444531345284 -0.034329690974045396
leaf_weight=1.359532881528138 0.8224710151553154 1.1339697442017498 1.7797566121444104 2.6924495999701312 1.543943192111328 1.9744716975837948 1.3567645419389007 1.854079285636544 0.78421261697076328
leaf_count=24 12 17 28 32 33 30 29 12 33
internal_value=0.000255671 -0.00971923 0.00390352 -0.00482477 0.00556147 0.0126125 0.00659477 0.0230384 -0.0350097
internal_weight=15.3017 4.09742 11.2042 5.59593 4.23639 5.60831 2.49073 3.82855 1.60668
internal_count=250 91 159 89 65 70 46 42 45
is_linear=0
shrinkage=0.05


Tree=341
num_leaves=9
num_cat=0
split_feature=23 12 21 3 25 29 27 1
split_gain=0.244115 0.379853 0.66692 0.502024 0.310614 0.298573 0.598866 0.145209
threshold=-0.0025970891986756279 0.020023775962578493 0.00040767674802122405 -0.0091143224299356489 0.0043825540775941372 0.00055872193595185593 -0.0020918071227466468 -0.0029418835805403161
decision_type=2 2 2 2 2 2 2 2
left_child=5 2 3 -2 7 -1 -7 -4
right_child=1 -3 4 -5 -6 6 -8 -9
leaf_value=-0.020215020033644292 -0.0089229321722538793 0.018657616167712273 -0.011808202046921056 0.019339325528210386 0.0015456996310014822 -0.011181021958520157 0.020904394948573973 -0.035819309223539632
leaf_weight=2.7183653195388633 2.4439329355955124 3.4247123915702096 1.0308770816773167 4.4004150098189694 1.5784794837236402 4.3700127620249987 2.1796809490770102 1.6178746921941647
leaf_count=36 18 36 16 39 15 36 24 30
internal_value=5.29688e-05 0.00410497 -0.000396519 0.00924763 -0.0160115 -0.00628482 -0.000503275 -0.0264743
internal_weight=23.7644 14.4963 11.0716 6.84435 4.22723 9.26806 6.54969 2.64875
internal_count=250 154 118 57 61 96 60 46
is_linear=0
shrinkage=0.05


Tree=342
num_leaves=7
num_cat=0
split_feature=13 10 23 21 15 27
split_gain=0.245304 0.501872 0.393993 0.553642 0.626555 0.507014
threshold=36.458074118359711 -0.0082683318133502815 -0.010390825446515149 0.0015291427556902717 0.0086917171330561788 0.0052510406100106941
decision_type=2 2 2 2 2 2
left_child=-1 -2 -3 5 -5 -4
right_child=1 2 3 4 -6 -7
leaf_value=-0.016905483789162824 0.026055631110796004 0.020388170726323318 -0.0038954493669683845 0.021902447788473219 -0.010039272398111129 -0.030572528980153148
leaf_weight=1.9916544826701308 1.8769028959795857 1.857328478246935 5.3610065658576698 3.3248583264648923 2.8523360686376691 2.6672020475380123
leaf_count=21 21 21 73 43 31 40
internal_value=-0.000257783 0.00159044 -0.00126827 -0.00409981 0.00715327 -0.0127583
internal_weight=19.9313 17.9396 16.0627 14.2054 6.17719 8.02821
internal_count=250 229 208 187 74 113
is_linear=0
shrinkage=0.05


Tree=343
num_leaves=7
num_cat=0
split_feature=5 17 30 29 30 25
split_gain=0.211571 0.549595 0.353501 0.30764 0.467797 0.0724326
threshold=0.007841615147674957 0.00017193858391443046 -0.011280597462065332 0.0083215583598562643 0.011426682116660649 -0.0004555242770711842
decision_type=2 2 2 2 2 2
left_child=1 2 -1 4 -4 -3
right_child=-2 5 3 -5 -6 -7
leaf_value=-0.019947008476259825 0.015366518592838547 -0.015259654413047644 0.0078565579619040374 0.025798145103954145 -0.022143084002821941 -0.03525783425189391
leaf_weight=1.5583810680545855 2.0072305593639621 0.76388913253322233 6.3664001133292896 1.592430036049336 1.6327309699263421 1.1117823744425539
leaf_count=25 25 21 94 18 42 25
internal_value=0.000256067 -0.00207243 0.00214001 0.00572858 0.00173322 -0.0271133
internal_weight=15.0328 13.0256 11.1499 9.59156 7.99913 1.87567
internal_count=250 225 179 154 136 46
is_linear=0
shrinkage=0.05


Tree=344
num_leaves=9
num_cat=0
split_feature=5 25 29 33 1 27 22 0
split_gain=0.239391 0.447449 0.693468 0.487199 0.443005 0.319565 0.307083 0.0020719
threshold=0.007841615147674957 0.02489918393512747 -0.002407793637394295 0.29500000000000004 -0.0052979007446137807 -0.0039516722137676865 0.0010569714960984025 -0.0039044334591225023
decision_type=2 2 2 2 2 2 2 2
left_child=1 2 6 4 -4 -5 -1 -8
right_child=-2 -3 3 5 -6 -7 7 -9
leaf_value=-0.0045034163958702121 -0.012070378318300976 0.026001839308798888 0.015285930714858998 -0.00079467367742952889 -0.009360560935589405 0.024265467732335233 -0.038250742557458237 -0.03464253852907561
leaf_weight=1.4229484749958001 3.4668168835341922 1.7917845658957947 2.4883545450866276 1.920916963368654 6.820880060084157 3.7665039869025358 0.63651599455624808 1.0610963064245877
leaf_count=21 25 15 22 19 68 37 8 35
internal_value=5.51221e-05 0.00216657 -0.000190723 0.00427155 -0.00277256 0.0158014 -0.0216353 -0.0359954
internal_weight=23.3758 19.909 18.1172 14.9967 9.30923 5.68742 3.12056 1.69761
internal_count=250 225 210 146 90 56 64 43
is_linear=0
shrinkage=0.05


Tree=345
num_leaves=9
num_cat=0
split_feature=29 30 19 25 14 19 22 13
split_gain=0.246199 0.268668 0.353091 0.460911 0.504588 0.422576 0.270096 0.207877
threshold=0.0079183424289078781 0.01096511336316275 -0.0051572431413661737 -0.0025020179624143375 0.393812561314415 -0.030315482237622923 -0.002301899024704845 48.970580414423956
decision_type=2 2 2 2 2 2 2 2
left_child=1 2 5 7 -5 -1 -3 -4
right_child=-2 6 3 4 -6 -7 -8 -9
leaf_value=0.0023018337918672238 -0.015187041592626696 1.1823074036710702e-05 0.0047009591990627613 0.017086790681445262 -0.014643128811099007 -0.027886340171034814 0.023673126414451628 0.035584997413264569
leaf_weight=2.2878951113671064 2.4291508654132477 2.4152478366158903 0.90233157481998594 1.9394139535725097 3.539985554292798 2.3498656982556021 2.4091289583593598 1.3752886625006793
leaf_count=33 37 30 14 16 38 26 30 26
internal_value=-0.000285566 0.00181662 -0.00207986 0.00444544 -0.00341244 -0.0129939 0.0118275 0.0233496
internal_weight=19.6483 17.2192 12.3948 7.75702 5.4794 4.63776 4.82438 2.27762
internal_count=250 213 153 94 54 59 60 40
is_linear=0
shrinkage=0.05


Tree=346
num_leaves=8
num_cat=0
split_feature=16 27 22 2 13 26 21
split_gain=0.213012 0.362414 0.306123 0.31369 0.324586 0.294291 0.171796
threshold=0.0036382114729644872 -0.019696370333794063 -0.0049192777623024977 -0.001752033008534881 56.509914956510592 0.011466940241185332 -0.0022840014219216993
decision_type=2 2 2 2 2 2 2
left_child=-1 -2 6 5 -5 -4 -3
right_child=1 2 3 4 -6 -7 -8
leaf_value=0.018479804372734891 -0.024330513609036541 -0.00082601282208541807 -0.00077102692360288272 -0.026709824355709361 0.0031961942635251525 0.021402375367818138 -0.034776055025694856
leaf_weight=1.4524200260639197 1.560262644663452 0.66945117281284183 2.6671652803197468 1.3125788855832103 2.938514071283862 3.4090879359282553 0.84040174586698124
leaf_count=12 39 17 35 39 51 30 27
internal_value=0.000292194 -0.00167953 0.0013061 0.00438055 -0.00603767 0.0116694 -0.019723
internal_weight=14.8499 13.3975 11.8372 10.3273 4.25109 6.07625 1.50985
internal_count=250 238 199 155 90 65 44
is_linear=0
shrinkage=0.05


Tree=347
num_leaves=9
num_cat=0
split_feature=28 27 21 17 20 11 8 28
split_gain=0.234326 0.583349 0.532942 0.50488 0.395959 0.345889 0.284656 0.273179
threshold=-0.033802441634774187 -0.0078430198887263752 -0.0011061820532373698 -3.2894388887149087e-05 -0.031745994280737315 0.70280253767967238 -0.00023204172853239559 -1.0000000180025095e-35
decision_type=2 2 2 2 2 2 2 2
left_child=5 6 -3 7 -5 -1 -2 -4
right_child=1 2 3 4 -6 -7 -8 -9
leaf_value=-0.020163366503549343 0.0055946189448718795 0.013847640614416755 0.019307380255985353 -0.0012509902867578158 -0.031730342248663619 0.0037408532857144228 0.03003657500572382 -0.0069509142487407839
leaf_weight=3.0730604333803084 2.3651359779760242 3.4772219192236689 1.6305396659299729 1.6717948094010378 2.9384806789457656 2.9815563410520554 2.3999656992964509 2.523357534781101
leaf_count=27 27 39 15 22 40 24 27 29
internal_value=5.51507e-05 0.00306245 -0.00271515 -0.00928651 -0.0206778 -0.00839189 0.0179049 0.00335632
internal_weight=23.0611 17.0065 12.2414 8.76417 4.61028 6.05462 4.7651 4.1539
internal_count=250 199 145 106 62 51 54 44
is_linear=0
shrinkage=0.05


Tree=348
num_leaves=6
num_cat=0
split_feature=22 8 29 0 3
split_gain=0.237439 0.561646 0.375473 0.298978 0.354052
threshold=-0.011707675309835517 0.010688053338313516 0.0079183424289078781 0.003930830099641792 -0.0040035586802265035
decision_type=2 2 2 2 2
left_child=-1 2 3 4 -2
right_child=1 -3 -4 -5 -6
leaf_value=-0.020854662050570016 0.015394340671922406 0.029140863805077133 -0.025264701143586046 -0.017756858279890306 -0.0021994965487372444
leaf_weight=1.3076708549633647 4.2423208234831735 1.6365998536348332 1.5179866547696281 1.8878105711191882 8.7723225960507989
leaf_count=15 46 14 32 34 109
internal_value=-0.000280878 0.00120905 -0.00157487 0.000838215 0.00353548
internal_weight=19.3647 18.057 16.4204 14.9025 13.0146
internal_count=250 235 221 189 155
is_linear=0
shrinkage=0.05


Tree=349
num_leaves=11
num_cat=0
split_feature=23 3 23 16 24 4 3 26 19 15
split_gain=0.209815 0.620666 0.310574 0.386413 0.548914 0.44131 0.291936 0.146449 0.000225093 5.30123e-05
threshold=0.0035613813464201454 0.007094210179275696 0.00095428468312486203 0.0060959300155449545 0.021191909653514366 0.0050816842281263932 0.014914643890479586 0.017694819313036073 -0.051930076870410451 0.01153293097911765
decision_type=2 2 2 2 2 2 2 2 2 2
left_child=2 8 3 5 9 7 -3 -1 -2 -5
right_child=1 6 -4 4 -6 -7 -8 -9 -10 -11
leaf_value=-0.015950417185634374 -0.035486012439265302 0.025352138991611636 0.019832755009856734 -0.03397567564866414 0.021866084148964963 0.021400386405843672 -0.0097592035269714397 0.0042499245399925493 -0.034260222655590242 -0.034589557644552703
leaf_weight=1.7566688586957737 0.77041202317923307 1.0826399887446316 2.3767567966133347 1.055935026612133 0.60335776745341707 2.6049575787037611 1.3063769363798199 1.8339684773236511 0.72880266513675562 0.52729448443278659
leaf_count=21 12 17 24 52 7 18 29 22 33 15
internal_value=0.000281808 -0.00967271 0.00387933 -0.000644247 -0.018715 0.00573338 0.00615234 -0.00563281 -0.0348901 -0.0341801
internal_weight=14.6472 3.88823 10.7589 8.38218 2.18659 6.19559 2.38902 3.59064 1.49921 1.58323
internal_count=250 91 159 135 74 61 46 43 45 67
is_linear=0
shrinkage=0.05


Tree=350
num_leaves=8
num_cat=0
split_feature=6 28 27 27 21 28 1
split_gain=0.224928 0.255128 0.508858 0.515183 0.596166 0.323444 0.187937
threshold=0.7968738363849478 -0.041613491177663435 -0.0078430198887263752 -0.0020918071227466468 -0.0006068239891997006 -0.077500279381030865 -0.0026969424256252368
decision_type=2 2 2 2 2 2 2
left_child=-1 5 6 -4 -5 -2 -3
right_child=1 2 3 4 -6 -7 -8
leaf_value=-0.014966825898058762 0.0048520563988717043 0.0079260585575523772 -0.026902708845077283 0.023224196542510653 -0.0046264331551157971 -0.019382952237701142 0.028911799432630881
leaf_weight=2.2452994901686933 2.7011587945744395 1.923706110101193 1.6033434271812463 2.7607376072555798 6.3207735936157263 2.8078728076070609 2.3951717950403717
leaf_count=30 21 22 17 33 77 23 27
internal_value=5.7625e-05 0.00170218 0.00508108 -0.000773151 0.00384003 -0.00750017 0.0195644
internal_weight=22.7581 20.5128 15.0037 10.6849 9.08151 5.50903 4.31888
internal_count=250 220 176 127 110 44 49
is_linear=0
shrinkage=0.05


Tree=351
num_leaves=8
num_cat=0
split_feature=0 24 13 30 17 23 16
split_gain=0.238506 0.475456 0.394863 0.449982 0.352337 0.490241 0.555196
threshold=-0.0024734993976700532 0.018923081407771773 43.953500644647285 -0.010188679999080295 -0.00015557588654296409 0.0066468461892038597 0.0047034325202266877
decision_type=2 2 2 2 2 2 2
left_child=2 4 -1 -4 -2 6 -6
right_child=1 -3 3 -5 5 -7 -8
leaf_value=-0.028595310660076846 0.02537073777184827 -0.020853382525359086 0.025120190361808799 -0.011635954942988559 -0.031019586131955171 0.022792255386404989 0.0034217843371085661
leaf_weight=1.7515994580462599 2.1320491218939415 1.7647203039377917 1.2209200039505961 2.6185149974189699 1.4629297703504542 2.3473349148407578 5.8457829067483544
leaf_count=23 19 28 14 38 20 28 80
internal_value=-0.00023354 0.00335103 -0.00892263 5.23047e-05 0.00697451 0.00291264 -0.00347208
internal_weight=19.1439 13.5528 5.59103 3.83944 11.7881 9.65605 7.30871
internal_count=250 175 75 52 147 128 100
is_linear=0
shrinkage=0.05


Tree=352
num_leaves=6
num_cat=0
split_feature=16 27 0 22 17
split_gain=0.204728 0.337274 0.281295 0.425266 0.256335
threshold=0.0036382114729644872 -0.019696370333794063 0.005867125624434589 -0.0049192777623024977 0.00011671033766496479
decision_type=2 2 2 2 2
left_child=-1 -2 3 -3 -5
right_child=1 2 -4 4 -6
leaf_value=0.018247062596744176 -0.02408410496133756 -0.034521607476747061 0.019764973176187112 0.0054354369678081835 -0.016012003674533426
leaf_weight=1.4252761118114001 1.4917341289110471 0.91681740130297384 1.7306863232515741 7.1367379322182405 1.7310621212236581
leaf_count=12 39 34 25 104 36
internal_value=0.000257096 -0.0017142 0.00118368 -0.00210294 0.00124873
internal_weight=14.4323 13.007 11.5153 9.78462 8.8678
internal_count=250 238 199 174 140
is_linear=0
shrinkage=0.05


Tree=353
num_leaves=9
num_cat=0
split_feature=23 25 24 17 6 12 3 22
split_gain=0.221171 0.339658 0.360942 0.65452 0.350445 0.289611 0.49579 0.257474
threshold=-0.0025970891986756279 0.011016035910764834 0.0027810432579040705 -6.1521358718061924e-05 1.0370808227669517 0.0099867943116021939 -0.00065469462849115912 -0.0049192777623024977
decision_type=2 2 2 2 2 2 2 2
left_child=5 2 7 -4 -5 6 -1 -2
right_child=1 -3 3 4 -6 -7 -8 -9
leaf_value=-0.011521697150291211 0.024807964855127158 0.019518210069895049 0.015846650579921805 -0.0067660306445729151 -0.03690657759251495 -0.018212498184465322 0.018866418996675533 0.0013841868329708901
leaf_weight=3.3400812968611717 1.811587508767843 2.8047906793653956 1.8571103261783708 2.161507511744277 1.7413315125741062 3.1804853593930602 2.2440158138051647 3.3289921330288035
leaf_count=34 18 29 22 33 21 38 24 31
internal_value=3.3839e-05 0.00400077 8.0099e-06 -0.0085873 -0.0202139 -0.00616931 0.00069002 0.00963894
internal_weight=22.4699 13.7053 10.9005 5.75995 3.90284 8.76458 5.5841 5.14058
internal_count=250 154 125 76 54 96 58 49
is_linear=0
shrinkage=0.05


Tree=354
num_leaves=10
num_cat=0
split_feature=21 23 3 23 29 7 13 5 12
split_gain=0.234849 0.287689 0.350577 0.631727 0.360049 0.435878 0.433404 0.227695 0.154179
threshold=-0.0022840014219216993 -0.0063565487640722665 0.01331298085011501 0.0062072404666733147 0.0017180215788457078 0.65213517546653754 46.479279508882293 0.004086266215833999 0.0072674744453094528
decision_type=2 2 2 2 2 2 2 2 2
left_child=7 -2 4 -4 5 -3 -6 -1 -9
right_child=1 2 3 -5 6 -7 -8 8 -10
leaf_value=0.0059526665412077259 0.017005373866977033 -0.0055459763877354247 -0.028239516408581966 0.008015547478319866 -0.02821420585302032 0.024071043874522555 0.011067474882841375 -0.036038451650935215 -0.0087998923448867703
leaf_weight=1.0824373657815187 2.7434383360669026 1.9686360917985384 2.5995956854894766 2.2341270968317986 1.4333713948726656 3.3669971646741033 1.376524180639535 1.0321232955902817 1.0460232510231433
leaf_count=17 32 17 27 25 27 45 20 22 18
internal_value=-0.000205773 0.00229426 -0.000815242 -0.0114826 0.00551497 0.0131435 -0.00897072 -0.0126425 -0.0223281
internal_weight=18.8833 15.7227 12.9793 4.83372 8.14553 5.33563 2.8099 3.16058 2.07815
internal_count=250 193 161 52 109 62 47 57 40
is_linear=0
shrinkage=0.05


Tree=355
num_leaves=8
num_cat=0
split_feature=5 17 30 16 22 23 4
split_gain=0.197674 0.5051 0.317281 0.299446 0.463318 0.459986 0.0741527
threshold=0.007841615147674957 0.00017193858391443046 -0.011280597462065332 0.0051239844252546117 -0.0016743999685090436 -0.0023865193985180828 0.0041139786691892421
decision_type=2 2 2 2 2 2 2
left_child=1 2 -1 5 -5 -4 -3
right_child=-2 6 3 4 -6 -7 -8
leaf_value=-0.019371785613322107 0.01518494999682108 -0.014274450843965459 0.029291604915624686 -0.034283047157337737 0.0049786887514720636 -0.0010069872836669265 -0.035288869320634492
leaf_weight=1.4933419378939987 1.9033567183651037 0.69492382789030571 2.4313091523945332 0.9922378049232029 3.0960017100442236 2.5840618424117565 1.0602910877205429
leaf_count=25 25 18 19 43 64 28 28
internal_value=0.000185856 -0.00212537 0.00198956 0.00549364 -0.00455035 0.0136809 -0.0269689
internal_weight=14.2555 12.3522 10.597 9.10361 4.08824 5.01537 1.75521
internal_count=250 225 179 154 107 47 46
is_linear=0
shrinkage=0.05


Tree=356
num_leaves=9
num_cat=0
split_feature=5 25 29 33 1 27 22 14
split_gain=0.219398 0.406875 0.647725 0.448639 0.400763 0.287416 0.276731 0.00136482
threshold=0.007841615147674957 0.02489918393512747 -0.002407793637394295 0.29500000000000004 -0.0052979007446137807 -0.0039516722137676865 0.0010569714960984025 0.21674858014906759
decision_type=2 2 2 2 2 2 2 2
left_child=1 2 6 4 -4 -5 -1 -8
right_child=-2 -3 3 5 -6 -7 7 -9
leaf_value=-0.0048809649526295462 -0.01181314861235651 0.025512892095172518 0.014823779027328227 -0.00057019900206122063 -0.0091517008452711348 0.023852144377441493 -0.037380979748305274 -0.034425272739486687
leaf_weight=1.3434062451124273 3.3120748586952677 1.6946616917848576 2.386418849229818 1.8181390501558778 6.4645115341991115 3.5704636462032804 0.69587757019326069 0.89018222829326987
leaf_count=21 25 15 22 19 68 37 8 35
internal_value=5.57457e-05 0.00213968 -0.000167365 0.00423757 -0.00268735 0.0156119 -0.0215788 -0.0357221
internal_weight=22.1757 18.8637 17.169 14.2395 8.85093 5.3886 2.92947 1.58606
internal_count=250 225 210 146 90 56 64 43
is_linear=0
shrinkage=0.05


Tree=357
num_leaves=8
num_cat=0
split_feature=0 24 13 17 23 16 3
split_gain=0.227365 0.449978 0.373872 0.339328 0.455549 0.509895 0.206681
threshold=-0.0024734993976700532 0.018923081407771773 46.878219000298678 -0.00015557588654296409 0.0066468461892038597 0.0073589553704153524 0.016099936969065424
decision_type=2 2 2 2 2 2 2
left_child=2 3 -1 -2 5 -5 -4
right_child=1 -3 6 4 -6 -7 -8
leaf_value=-0.022627405731517752 0.02518457689378294 -0.020500325596220229 0.016485705507920344 -0.012873119624151941 0.022313265576485941 0.015545008776484556 -0.010614155965004878
leaf_weight=2.5801909225992885 2.0762451263144603 1.724648656323551 1.4916334683075549 4.7321893642656487 2.2755617694929242 2.3684567445889115 1.3317044284194706
leaf_count=35 19 28 21 64 28 36 19
internal_value=-0.000232444 0.0033094 -0.00886963 0.00689496 0.00284495 -0.00339411 0.00370332
internal_weight=18.5806 13.1771 5.40353 11.4525 9.37621 7.10065 2.82334
internal_count=250 175 75 147 128 100 40
is_linear=0
shrinkage=0.05


Tree=358
num_leaves=8
num_cat=0
split_feature=13 21 0 16 24 28 26
split_gain=0.198676 0.232448 0.231293 0.300599 0.547513 0.406524 0.386658
threshold=68.991708892961427 -0.0013156020959724233 0.0043548068451441111 0.0047034325202266877 0.011836860373625082 0.0063923203327502795 0.017694819313036073
decision_type=2 2 2 2 2 2 2
left_child=2 -2 3 -1 6 -6 -5
right_child=1 -3 -4 4 5 -7 -8
leaf_value=0.010785930564234355 0.0039348544925459283 -0.034615989807239379 0.017878423866070008 -0.035760421628962112 0.022209338120082679 -0.015164003078942829 -0.0030379560865414906
leaf_weight=3.7227247320115548 0.73748417000751942 0.83232023403979905 2.015471698716282 1.8927995627745988 1.9716466506943109 1.1531893159262834 1.7259518553037194
leaf_count=35 13 27 30 53 23 28 41
internal_value=0.000259624 -0.016505 0.00236808 -0.000618711 -0.00691452 0.00841708 -0.0201535
internal_weight=14.0516 1.5698 12.4818 10.4663 6.74359 3.12484 3.61875
internal_count=250 40 210 180 145 51 94
is_linear=0
shrinkage=0.05


Tree=359
num_leaves=8
num_cat=0
split_feature=6 21 28 17 16 31 31
split_gain=0.209727 0.240362 0.313812 0.393934 0.319452 0.298641 0.279014
threshold=0.7968738363849478 0.0033023354171393131 0.020126715729540948 0.00017193858391443046 0.0051512779479354022 0.12412141619914646 0.053925693476091635
decision_type=2 2 2 2 2 2 2
left_child=-1 2 3 4 -2 -3 -4
right_child=1 5 6 -5 -6 -7 -8
leaf_value=-0.014703078696384465 -0.013396688469790727 -0.035534629092863527 0.0025805833667269999 0.01884417516248079 0.0031865410587411666 0.0042328896623286425 0.032489618239850991
leaf_weight=2.1746563445776728 4.7456319741904789 0.92763982783071586 1.5263502048328512 2.4164032321423283 7.4836731553077698 0.96135228127241135 1.5941624473780391
leaf_count=30 41 21 19 24 75 19 21
internal_value=3.07297e-05 0.00166088 0.00346382 0.000396458 -0.00324865 -0.015296 0.0178601
internal_weight=21.8299 19.6552 17.7662 14.6457 12.2293 1.88899 3.12051
internal_count=250 220 180 140 116 40 40
is_linear=0
shrinkage=0.05


Tree=360
num_leaves=7
num_cat=0
split_feature=29 0 17 22 30 13
split_gain=0.224882 0.290993 0.41899 0.439239 0.412796 0.396122
threshold=-0.0093031486362166165 -0.0032410739960454511 -0.00015557588654296409 0.005961149877537931 0.011426682116660649 46.878219000298678
decision_type=2 2 2 2 2 2
left_child=-1 5 -3 4 -4 -2
right_child=1 2 3 -5 -6 -7
leaf_value=0.018779793222707661 -0.031730934858959274 0.020404733545972473 -0.016455530975931661 0.021884455109484578 0.0046983851625557781 0.0012924095338761241
leaf_weight=1.4314176277257527 1.7283040606416809 2.4165268186479851 5.0245876372791738 1.5653930343687523 4.2626479202881455 1.9134526452980933
leaf_count=24 26 24 77 21 50 28
internal_value=-0.000249388 -0.00186011 0.00157596 -0.00261659 -0.00674632 -0.0143798
internal_weight=18.3423 16.9109 13.2692 10.8526 9.28724 3.64176
internal_count=250 226 172 148 127 54
is_linear=0
shrinkage=0.05


Tree=361
num_leaves=9
num_cat=0
split_feature=1 17 5 17 0 27 1 30
split_gain=0.191479 0.398039 0.286236 0.499521 0.374288 0.459055 0.270185 0.0595328
threshold=0.010303518108427003 5.9363987118545751e-05 0.007841615147674957 0.00017193858391443046 -7.5322746376560432e-05 -0.011407903173654086 -0.00023346459761786062 0.0026718600951635145
decision_type=2 2 2 2 2 2 2 2
left_child=2 -2 3 4 5 -1 -6 -5
right_child=1 -3 -4 7 6 -7 -8 -9
leaf_value=-0.030800999002328428 -0.034933571685159051 0.010806499006116542 0.02217567824019942 -0.015918299102143228 0.030370231617006756 0.004080208759941052 0.0030441823581099877 -0.035229087107626622
leaf_weight=1.2509295698255263 1.0602152023930109 0.86262009979691345 1.6129703181795765 0.75435013696551212 1.7869642660953107 3.8347627823241055 1.8319125392008588 0.84752320731058717
leaf_count=27 29 21 17 21 24 54 38 19
internal_value=0.00022771 -0.0144137 0.00258966 -0.000475576 0.0042465 -0.00449953 0.0165375 -0.0261353
internal_weight=13.8422 1.92284 11.9194 10.3064 8.70457 5.08569 3.61888 1.60187
internal_count=250 50 200 183 143 81 62 40
is_linear=0
shrinkage=0.05


Tree=362
num_leaves=10
num_cat=0
split_feature=6 22 29 0 16 32 32 23 11
split_gain=0.202821 0.454178 0.451163 0.30958 0.288286 0.334776 0.327504 0.389363 0.210232
threshold=0.97498929778716337 0.0053829731033915315 0.00066787763764009089 0.00036935356860501317 0.0051512779479354022 -0.070554822231205586 0.080303590663119748 -0.0025970891986756279 0.65626917481422431
decision_type=2 2 2 2 2 2 2 2 2
left_child=1 2 -1 -4 5 -2 7 -6 -9
right_child=4 -3 3 -5 6 -7 -8 8 -10
leaf_value=-0.018539119665798978 -0.022147182339866449 -0.025601065107391543 0.024822694298332042 -0.0042544847559317081 0.00028931426149217914 0.0048973891264585236 -0.0069164514850468695 0.010585852813892431 0.0342912327977054
leaf_weight=1.9075960339978362 1.9547070562839506 2.2041892372071743 1.9856710936874153 1.6983181238174436 2.7677967427298427 2.7599740074947468 2.398187710903585 1.5583309421781435 2.3392961891368032
leaf_count=27 18 32 21 19 29 26 31 22 25
internal_value=6.5928e-05 -0.00637916 0.00119807 0.0114181 0.00371257 -0.00631529 0.00892883 0.0146299 0.0248135
internal_weight=21.5741 7.79577 5.59159 3.68399 13.7783 4.71468 9.06361 6.66542 3.89763
internal_count=250 99 67 40 151 44 107 76 47
is_linear=0
shrinkage=0.05


Tree=363
num_leaves=9
num_cat=0
split_feature=29 13 25 21 30 19 25 10
split_gain=0.223432 0.322027 0.309321 0.549398 0.303639 0.372524 0.379861 0.362706
threshold=0.0027171793287790185 44.424343058630072 0.010820773144827657 0.0019773403340929145 0.01096511336316275 -0.0051572431413661737 -0.0025020179624143375 -0.0012174843209723583
decision_type=2 2 2 2 2 2 2 2
left_child=4 -2 3 -3 5 -1 -7 -8
right_child=1 2 -4 -5 -6 6 7 -9
leaf_value=-0.016941787848028383 -0.030560368405385542 -0.034723858542964357 0.01451460635516726 0.010742282184267957 0.01751042878432699 0.023868175039573003 0.013621761712707124 -0.013839176405455482
leaf_weight=2.6023058090358973 1.2752082929946471 1.3712683427147569 1.719937792047858 1.2890036627650259 2.9625586145557454 1.9620082522742448 2.0932631175965071 2.8255060324445385
leaf_count=30 32 34 21 10 35 38 20 30
internal_value=-0.00020699 -0.00844774 -0.0020101 -0.0126938 0.00353769 -0.000827463 0.00526696 -0.00215272
internal_weight=18.1011 5.65542 4.38021 2.66027 12.4456 9.48308 6.88078 4.91877
internal_count=250 97 65 44 153 118 88 50
is_linear=0
shrinkage=0.05


Tree=364
num_leaves=11
num_cat=0
split_feature=16 2 14 22 31 27 31 34 28 10
split_gain=0.188055 0.239321 0.334745 0.312103 0.341636 0.227299 0.395655 0.198944 0.0232781 5.42805e-05
threshold=0.0089466435670463116 -0.0019452877975351666 0.95084672011966076 -0.00055784268839487161 0.012534581282681626 0.0064307750651532167 0.11775891501399519 0.18787620658554108 -0.010406029466580867 -0.00020879238657292958
decision_type=2 2 2 2 2 2 2 2 2 2
left_child=1 5 3 8 -5 6 -1 -2 -3 -9
right_child=7 2 -4 4 -6 -7 -8 9 -10 -11
leaf_value=0.016087256876803329 0.010325360298262752 -0.02254365481725816 0.020206878848363981 0.011117709197744883 -0.022737261477872171 0.020566962556491698 -0.013810011326351701 -0.034790974947601881 -0.035150479832676586 -0.033925674093323421
leaf_weight=2.267094323411583 0.37496557552367515 0.61847724649123847 1.0224953289143739 1.8745098691433675 1.2368679491337387 2.4131538816727698 2.1618396062403917 0.30648654233664274 0.89754931232891821 0.44349577545654029
leaf_count=24 11 22 15 26 30 25 30 8 26 33
internal_value=0.000168688 0.00193198 -0.00568387 -0.0114048 -0.00234068 0.00822082 0.00149388 -0.0194117 -0.0300074 -0.0342793
internal_weight=13.6169 12.492 5.6499 4.6274 3.11138 6.84209 4.42893 1.12495 1.51603 0.749982
internal_count=250 198 119 104 56 79 54 52 48 41
is_linear=0
shrinkage=0.05


Tree=365
num_leaves=9
num_cat=0
split_feature=28 27 17 12 5 11 21 11
split_gain=0.203741 0.502092 0.429358 0.341577 0.33851 0.317978 0.258971 0.190418
threshold=-0.033802441634774187 -0.014249805898495336 -3.2894388887149087e-05 0.0072674744453094528 0.0042004944984476052 0.70280253767967238 -0.0006068239891997006 0.65458055555820471
decision_type=2 2 2 2 2 2 2 2
left_child=5 -2 3 -3 7 -1 -6 -4
right_child=1 2 4 -5 6 -7 -8 -9
leaf_value=-0.019921568939812603 0.022210257291712332 -0.0064419450813041476 0.015901983816210909 0.018943378982314782 -0.0021719371728171929 0.0039041142992261683 -0.028631625388360976 -0.0083006475676342759
leaf_weight=2.8261607866734293 2.7933162762783494 2.1478392463177443 1.4911699928343245 3.4595952285453677 1.4561715805903079 2.7758188983425498 2.533918819623068 1.7861151574179528
leaf_count=27 39 27 14 37 15 24 41 26
internal_value=6.81573e-05 0.00299424 -0.00117486 0.00921993 -0.00919538 -0.00811578 -0.0189752 0.00271159
internal_weight=21.2701 15.6681 12.8748 5.60743 7.26738 5.60198 3.99009 3.27729
internal_count=250 199 160 64 96 51 56 40
is_linear=0
shrinkage=0.05


Tree=366
num_leaves=9
num_cat=0
split_feature=29 21 27 33 29 9 29 27
split_gain=0.21735 0.232577 0.430981 0.383851 0.356009 0.471107 0.352837 0.129165
threshold=0.0079183424289078781 0.0015291427556902717 0.0052510406100106941 0.28500000000000009 0.0020926648787336082 0.65400725901126877 -0.002407793637394295 0.0094065978856880967
decision_type=2 2 2 2 2 2 2 2
left_child=1 2 4 7 5 -1 -4 -3
right_child=-2 3 6 -5 -6 -7 -8 -9
leaf_value=-0.0087498179904705979 -0.01487840288252823 0.01345246902017177 -0.002021514832458062 -0.0014446142063518545 -0.019042265931484812 0.022821453528132044 -0.035033868747179377 0.035619172008737397
leaf_weight=1.9217244498431698 2.2084369519725433 1.3988254787400358 1.6932513862848284 3.4652943275868893 1.2642330462113021 3.068095525726676 1.5506035787984727 1.2394961444661019
leaf_count=19 37 22 13 39 33 33 35 19
internal_value=-0.000197267 0.00188089 -0.00301296 0.00949625 0.00465775 0.0106624 -0.0178018 0.0238665
internal_weight=17.81 15.6015 9.49791 6.10362 6.25405 4.98982 3.24385 2.63832
internal_count=250 213 133 80 85 52 48 41
is_linear=0
shrinkage=0.05


Tree=367
num_leaves=8
num_cat=0
split_feature=16 27 22 2 26 26 14
split_gain=0.191171 0.30077 0.249104 0.267166 0.286526 0.240617 0.17244
threshold=0.0036382114729644872 -0.019696370333794063 -0.0049192777623024977 -0.001752033008534881 1.0000000180025095e-35 0.011466940241185332 0.91274680860602819
decision_type=2 2 2 2 2 2 2
left_child=-1 -2 6 5 -5 -4 -3
right_child=1 2 3 4 -6 -7 -8
leaf_value=0.018251303748598732 -0.023812703065950569 -0.03458532166395778 -0.00081348467784470859 0.0036754425481203886 -0.025013758324359515 0.020145768171828286 0.0020221965855935684
leaf_weight=1.3190584927797324 1.3747424813918758 0.76993534551001797 2.4500067937187815 2.5180540478322695 1.3299625036306677 3.1045213420875371 0.55255355837289244
leaf_count=12 39 29 35 46 44 30 15
internal_value=0.000176218 -0.00179424 0.0010281 0.00388592 -0.0062402 0.010901 -0.0192902
internal_weight=13.4188 12.0998 10.725 9.40254 3.84802 5.55453 1.32249
internal_count=250 238 199 155 90 65 44
is_linear=0
shrinkage=0.05


Tree=368
num_leaves=10
num_cat=0
split_feature=23 12 21 3 25 31 31 28 29
split_gain=0.196485 0.316378 0.553594 0.416218 0.266336 0.266307 0.4603 0.309988 0.120615
threshold=-0.0025970891986756279 0.020023775962578493 0.00040767674802122405 -0.0091143224299356489 0.0043825540775941372 -0.19566476540168906 0.080299513778814169 -0.033802441634774187 0.0017180215788457078
decision_type=2 2 2 2 2 2 2 2 2
left_child=5 2 3 -2 8 -1 -7 -8 -4
right_child=1 -3 4 -5 -6 6 7 -9 -10
leaf_value=0.013442165634685484 -0.0089450459992640313 0.018198626927272539 -0.035985602786127356 0.018562650237572097 0.0014321915958366476 -0.023713713791924634 -0.012364079886314812 0.017333020506086004 -0.012853143923928757
leaf_weight=1.4536109333857892 2.1158136911690235 2.9810196985490611 1.3166222542058683 3.9283882556483132 1.4229576569050548 3.2489662356674689 1.7683469168841837 1.7467197948135438 0.98513668775558461
leaf_count=18 18 36 33 39 15 35 16 27 13
internal_value=5.47837e-05 0.00394058 -0.000410317 0.0089334 -0.0155726 -0.00597415 -0.0101468 0.00239311 -0.0260851
internal_weight=20.9676 12.7499 9.76892 6.0442 3.72472 8.21764 6.76403 3.51507 2.30176
internal_count=250 154 118 57 61 96 78 43 46
is_linear=0
shrinkage=0.05


Tree=369
num_leaves=10
num_cat=0
split_feature=21 23 3 23 29 7 13 5 26
split_gain=0.209156 0.260033 0.316015 0.562269 0.310956 0.38921 0.372816 0.228786 0.199289
threshold=-0.0022840014219216993 -0.0063565487640722665 0.01331298085011501 0.0062072404666733147 0.0017180215788457078 0.65213517546653754 46.479279508882293 0.0040769507325254207 0.013580369033831642
decision_type=2 2 2 2 2 2 2 2 2
left_child=7 -2 4 -4 5 -3 -6 -1 -9
right_child=1 2 3 -5 6 -7 -8 8 -10
leaf_value=0.0071848461728324714 0.016822388445382492 -0.0053498226610655848 -0.027788657266250846 0.0076209269366022256 -0.027645420732518057 0.023590049875469934 0.01054530980784342 -0.0048620497506973422 -0.036858187938128492
leaf_weight=0.99909582361579241 2.5413099713623533 1.8539911136031113 2.4009848702698946 2.1030962858349085 1.2866662340238693 3.1117889480665326 1.2695526536554096 0.8974615205079316 1.0632027941755948
leaf_count=16 32 17 27 25 27 45 20 18 23
internal_value=-0.000171645 0.00229035 -0.00078051 -0.0112548 0.00549138 0.0127852 -0.0086779 -0.0122891 -0.0222125
internal_weight=17.5272 14.5674 12.0261 4.50408 7.522 4.96578 2.55622 2.95976 1.96066
internal_count=250 193 161 52 109 62 47 57 41
is_linear=0
shrinkage=0.05


Tree=370
num_leaves=6
num_cat=0
split_feature=16 27 0 22 15
split_gain=0.181449 0.285977 0.2447 0.368037 0.230573
threshold=0.0036382114729644872 -0.019696370333794063 0.005867125624434589 -0.0049192777623024977 0.0080578589415444112
decision_type=2 2 2 2 2
left_child=-1 -2 3 -3 -5
right_child=1 2 -4 4 -6
leaf_value=0.017907738676314032 -0.023456384900136493 -0.034395281720236502 0.01920606143813363 0.0087729079763605861 -0.0080316512060294772
leaf_weight=1.3001779988408095 1.3475614220369596 0.80693063244688801 1.5715231914073218 4.4088844058569538 3.8010761725017801
leaf_count=12 39 34 25 58 82
internal_value=0.000170164 -0.00176198 0.000999015 -0.00217423 0.000992675
internal_weight=13.2362 11.936 10.5884 9.01689 8.20996
internal_count=250 238 199 174 140
is_linear=0
shrinkage=0.05


Tree=371
num_leaves=11
num_cat=0
split_feature=5 25 29 33 27 23 6 13 0 21
split_gain=0.199167 0.371207 0.593551 0.448053 0.483092 0.342693 0.210537 0.194029 0.142016 0.000256023
threshold=0.0075379138543084628 0.011016035910764834 -0.0015804448436849692 0.29500000000000004 -0.0078430198887263752 -0.0023865193985180828 1.0519106726061349 50.189826379787291 -0.0060118237832301738 0.00020139240034111608
decision_type=2 2 2 2 2 2 2 2 2 2
left_child=1 2 8 4 -4 -3 -2 -5 -1 -10
right_child=6 5 3 7 -6 -7 -8 -9 9 -11
leaf_value=-0.005805955056042718 -0.022680962091338085 0.0005920739169861317 0.014703418347026579 0.0052221998735363356 -0.0136180042630664 0.029418966072196365 0.0007807705269998438 0.028167793147369082 -0.0352874860028718 -0.033962711616058065
leaf_weight=0.59863907098770175 1.8031314299441867 2.0059070959687233 2.2122193090617683 1.7947361152619126 4.7146100131794801 2.1212324630469075 2.0357561036944389 1.8931421209126709 0.80687713623047119 0.66549594607204199
leaf_count=6 20 18 21 18 52 23 20 22 13 37
internal_value=3.6614e-05 0.0023829 -0.00185474 0.00292252 -0.004573 0.0154083 -0.0102392 0.0170011 -0.02634 -0.0346887
internal_weight=20.6517 16.8129 12.6857 10.6147 6.92683 4.12714 3.83889 3.68788 2.07101 1.47237
internal_count=250 210 169 113 73 41 40 40 56 50
is_linear=0
shrinkage=0.05


Tree=372
num_leaves=7
num_cat=0
split_feature=13 10 23 21 15 23
split_gain=0.205256 0.407681 0.307085 0.471067 0.52471 0.408945
threshold=36.458074118359711 -0.0082683318133502815 -0.010390825446515149 0.0015291427556902717 0.0086917171330561788 0.0095652383557438565
decision_type=2 2 2 2 2 2
left_child=-1 -2 -3 5 -5 -4
right_child=1 2 3 4 -6 -7
leaf_value=-0.016528185248013815 0.02551658054658253 0.019480098692888359 -0.01787873838025909 0.021632432605965455 -0.00965204023978696 0.014622638117584484
leaf_weight=1.7266889773309255 1.603685729205609 1.6030701780691732 5.7594577218405867 2.9230086905881763 2.4753164043650031 1.1633241660892961
leaf_count=21 21 21 102 43 31 11
internal_value=-0.000174535 0.00164398 -0.00110549 -0.00378383 0.00728743 -0.0124171
internal_weight=17.2546 15.5279 13.9242 12.3211 5.39833 6.92278
internal_count=250 229 208 187 74 113
is_linear=0
shrinkage=0.05


Tree=373
num_leaves=6
num_cat=0
split_feature=16 27 0 22 15
split_gain=0.173563 0.265877 0.228713 0.354674 0.212684
threshold=0.0036382114729644872 -0.019696370333794063 0.005867125624434589 -0.0049192777623024977 0.0080578589415444112
decision_type=2 2 2 2 2
left_child=-1 -2 3 -3 -5
right_child=1 2 -4 4 -6
leaf_value=0.017650888172517483 -0.022880558159271813 -0.034354399129917799 0.018662811478609737 0.0084473427607406441 -0.0077572807926238945
leaf_weight=1.2839128784835345 1.3171221499796946 0.77921082882675818 1.5530455177649845 4.3796664706897008 3.7660452486015856
leaf_count=12 39 34 25 58 82
internal_value=0.000192894 -0.00170743 0.000954111 -0.00212742 0.000955383
internal_weight=13.079 11.7951 10.478 8.92492 8.14571
internal_count=250 238 199 174 140
is_linear=0
shrinkage=0.05


Tree=374
num_leaves=9
num_cat=0
split_feature=5 29 21 28 24 12 4 9
split_gain=0.193833 0.336832 0.388867 0.343987 0.357355 0.528247 0.185725 0.000102194
threshold=0.007841615147674957 -0.0015804448436849692 -0.00030387879530863188 0.020126715729540948 0.0054390614194738127 0.0091558639994626222 0.0046732441071595113 0.659007315337658
decision_type=2 2 2 2 2 2 2 2
left_child=1 2 -1 4 5 -3 -5 -4
right_child=-2 3 7 6 -6 -7 -8 -9
leaf_value=0.00024654900211488692 -0.011582740150509648 0.017551037087207639 -0.034799087688814428 0.0071418934549222117 -0.010752801305014166 -0.014004457034951996 0.030890735060008057 -0.033877295852375554
leaf_weight=2.3900731280446057 3.0562098370864978 4.5810768958181125 0.69496229034849111 1.5548514528200024 3.9035582933574915 1.8666696548461912 1.7495667496696112 0.5299720847979188
leaf_count=23 25 46 19 21 38 23 23 32
internal_value=2.40403e-05 0.00207796 -0.0114934 0.00567064 0.00118698 0.00841549 0.019716 -0.0344003
internal_weight=20.3269 17.2707 3.61501 13.6557 10.3513 6.44775 3.30442 1.22493
internal_count=250 225 74 151 107 69 44 51
is_linear=0
shrinkage=0.05


Tree=375
num_leaves=8
num_cat=0
split_feature=29 30 30 13 6 33 29
split_gain=0.204609 0.226424 0.287024 0.39684 0.381751 0.307993 0.22707
threshold=0.0079183424289078781 0.01096511336316275 -0.0034444174679946755 63.36713610200507 1.0491411533764168 0.28500000000000009 0.0012471092771182415
decision_type=2 2 2 2 2 2 2
left_child=1 2 4 5 -1 -4 -3
right_child=-2 6 3 -5 -6 -7 -8
leaf_value=0.018892514394468214 -0.014671777254389388 0.022286743349400683 -0.0078460690736685077 0.010110702878569853 -0.00933970771425373 -0.036681118367320228 -0.0011295932696104899
leaf_weight=2.8255090932361782 2.1370052616111925 2.2983000651001921 2.5769390817731637 1.786505054682493 2.077960055321455 1.4455341501161454 1.8839129707776008
leaf_count=39 37 26 39 29 26 20 34
internal_value=-0.000203532 0.00187229 -0.0019796 -0.00949906 0.00692845 -0.0182084 0.0117387
internal_weight=17.0317 14.8947 10.7124 5.80898 4.90347 4.02247 4.18221
internal_count=250 213 153 88 65 59 60
is_linear=0
shrinkage=0.05


Tree=376
num_leaves=10
num_cat=0
split_feature=13 30 16 24 26 12 28 13 17
split_gain=0.177416 0.22192 0.190667 0.411843 0.484137 0.412408 0.303899 0.211722 0.0016816
threshold=68.991708892961427 0.0033555050217708442 0.0047034325202266877 0.011836860373625082 0.011466940241185332 -0.010972430646713242 0.0063923203327502795 46.878219000298678 -0.00014256312237745795
decision_type=2 2 2 2 2 2 2 2 2
left_child=2 -2 7 4 8 -6 -5 -1 -4
right_child=1 -3 3 6 5 -7 -8 -9 -10
leaf_value=0.024324347951244399 0.0051505537548300548 -0.034503593532448328 -0.037716474673191502 0.021850850428946224 0.02859235654452873 -0.014391918329802529 -0.0087028243129386538 0.0011847835518528464 -0.034283503374551182
leaf_weight=1.7187251336872558 0.64794992026873 0.77462724654469639 0.5704611330293119 2.1342038381844763 0.84579969104379316 1.64002518891357 1.3154876088956369 2.3268665298819542 0.95202983042690881
leaf_count=14 12 28 8 27 9 50 35 27 40
internal_value=0.000215446 -0.0164421 0.00227538 -0.00246563 -0.0133658 0.000233443 0.0101997 0.0110154 -0.0355698
internal_weight=12.9262 1.42258 11.5036 7.45801 4.00832 2.48582 3.44969 4.04559 1.52249
internal_count=250 40 210 169 107 59 62 41 48
is_linear=0
shrinkage=0.05


Tree=377
num_leaves=9
num_cat=0
split_feature=28 27 17 5 12 15 21 8
split_gain=0.196251 0.44001 0.381967 0.309774 0.299851 0.299489 0.238266 0.185712
threshold=-0.033802441634774187 -0.014249805898495336 -3.2894388887149087e-05 0.0042004944984476052 0.0072674744453094528 0.0082468733940821316 -0.0006068239891997006 0.002004533344596653
decision_type=2 2 2 2 2 2 2 2
left_child=5 -2 4 7 -3 -1 -5 -4
right_child=1 2 3 6 -6 -7 -8 -9
leaf_value=-0.022804460914179363 0.021605399861328999 -0.0060310797767710762 -0.0089301903053679299 -0.001926765698808031 0.01842812440505728 0.0014418930747203055 -0.028152306008244816 0.015565678120820069
leaf_weight=2.1146421781741109 2.615157599095256 2.0307030491530895 1.6080647050403025 1.367671028710902 3.2719670925289392 3.2021419228985906 2.361445464193821 1.4912916845642028
leaf_count=22 39 27 22 15 37 29 41 18
internal_value=3.39732e-05 0.00300331 -0.00100681 -0.00882521 0.00906126 -0.0082016 -0.018534 0.00285628
internal_weight=20.0631 14.7463 12.1311 6.82847 5.30267 5.31678 3.72912 3.09936
internal_count=250 199 160 96 64 51 56 40
is_linear=0
shrinkage=0.05


Tree=378
num_leaves=8
num_cat=0
split_feature=0 24 24 23 17 23 16
split_gain=0.199465 0.406294 0.329893 0.304459 0.289429 0.387762 0.471497
threshold=-0.0024734993976700532 0.018923081407771773 0.010945829652386998 -0.0027669954116248392 -0.00015557588654296409 0.0066468461892038597 0.0047034325202266877
decision_type=2 2 2 2 2 2 2
left_child=2 4 3 -1 -2 6 -6
right_child=1 -3 -4 -5 5 -7 -8
leaf_value=-0.0032423727701090654 0.024711958027730865 -0.020483065808099353 0.011135515907766671 -0.033143427704839322 -0.030362510663305288 0.021897734956555694 0.0036383634514925533
leaf_weight=1.8227051482535896 1.8655323311686505 1.5611487049609412 1.4669107873924074 1.5974308568984299 1.2702084090560655 2.050382471177727 5.1684031146578491
leaf_count=24 19 28 28 23 20 28 80
internal_value=-0.000193958 0.00329485 -0.00870043 -0.0172082 0.00687984 0.00296107 -0.00306932
internal_weight=16.8027 11.9157 4.88705 3.42014 10.3545 8.48899 6.43861
internal_count=250 175 75 47 147 128 100
is_linear=0
shrinkage=0.05


Tree=379
num_leaves=8
num_cat=0
split_feature=5 17 0 15 11 24 0
split_gain=0.169378 0.430337 0.270428 0.275986 0.435051 0.317523 0.0705723
threshold=0.007841615147674957 0.00017193858391443046 0.0043548068451441111 0.0081442846750595117 0.65201710164546978 -0.015457737057011199 -0.0010468497590704893
decision_type=2 2 2 2 2 2 2
left_child=1 2 3 5 -5 -1 -3
right_child=-2 6 -4 4 -6 -7 -8
leaf_value=0.026387430174195897 0.01475154245620049 -0.012741911014109777 0.0192713085790122 0.0072230245445502154 -0.034757816909985632 -0.0026270126998469401 -0.03489126429144878
leaf_weight=1.2418267414905102 1.7179975737817592 0.5727897840552032 1.8046332758385686 1.1203945068409669 1.3738945920486001 3.9178526628529662 0.96635269105899968
leaf_count=14 25 14 32 20 49 64 32
internal_value=0.000151032 -0.00212977 0.00186001 -0.00224518 -0.0159007 0.00435616 -0.0266484
internal_weight=12.7157 10.9977 9.4586 7.65397 2.49429 5.15968 1.53914
internal_count=250 225 179 147 69 78 46
is_linear=0
shrinkage=0.05


Tree=380
num_leaves=11
num_cat=0
split_feature=5 25 29 21 2 23 14 6 0 22
split_gain=0.191619 0.334671 0.541302 0.412739 0.377514 0.322396 0.209963 0.190291 0.138862 0.00018456
threshold=0.0075379138543084628 0.011016035910764834 -0.0015804448436849692 0.00030882381942320963 -0.0019452877975351666 -0.0023865193985180828 0.76397480148779895 1.0519106726061349 -0.0060118237832301738 -0.0043162381674018415
decision_type=2 2 2 2 2 2 2 2 2 2
left_child=1 2 8 4 -4 -3 -5 -2 -1 -10
right_child=7 5 3 6 -6 -7 -8 -9 9 -11
leaf_value=-0.0052553529383267787 -0.02240489366248271 0.00047970772857984479 0.0007729661088556254 -0.017315138207419044 0.026590607993276224 0.029085969066956131 0.0050386558331746087 0.00035093497171691175 -0.035493743253564546 -0.034218357324344383
leaf_weight=0.57262009568512429 1.7132280836813145 1.9290669541805985 3.3523313812911537 2.6960430834442377 2.4512659953907123 2.0124321319162837 1.7210272662341592 1.9809673759154973 0.40235584415495385 0.96152015426196413
leaf_count=6 20 18 33 31 30 23 19 20 7 43
internal_value=6.76277e-05 0.0024243 -0.00168056 0.00291186 0.0116776 0.0150854 -0.00860541 -0.0102024 -0.025919 -0.0345946
internal_weight=19.7929 16.0987 12.1572 10.2207 5.8036 3.9415 4.41707 3.6942 1.9365 1.36388
internal_count=250 210 169 113 63 41 50 40 56 50
is_linear=0
shrinkage=0.05


Tree=381
num_leaves=10
num_cat=0
split_feature=21 3 10 16 5 3 5 26 16
split_gain=0.194196 0.230701 0.434372 0.579715 0.51234 0.307299 0.20639 0.181813 0.148252
threshold=-0.0022840014219216993 0.01331298085011501 0.0027087375836140062 0.0073589553704153524 0.0044147516381828561 0.01982785877324467 0.0040769507325254207 0.015077022753292703 0.0058934541725300946
decision_type=2 2 2 2 2 2 2 2 2
left_child=6 2 3 4 -2 -3 -1 -8 -7
right_child=1 5 -4 -5 -6 8 7 -9 -10
leaf_value=0.0068373048603782381 -0.033363433555262605 -0.024573618573013406 0.024219609057075268 0.023149416602488971 0.0026045861627220527 0.01394125255755569 -0.0054088597421621913 -0.036720594346671062 -0.0072170726911216362
leaf_weight=0.94519637757912578 1.5350848194211701 1.581138664856552 2.6083117080852389 1.8708055955357847 2.7886102572083473 1.4873393746092918 0.88250457122921921 0.97669911617413163 1.8672924940474329
leaf_count=16 28 18 33 34 34 19 19 22 27
internal_value=-0.000196047 0.00225151 0.00710316 -0.000104039 -0.0101655 -0.00640129 -0.0121865 -0.0218579 0.00216387
internal_weight=16.543 13.7386 8.80281 6.1945 4.3237 4.93577 2.8044 1.8592 3.35463
internal_count=250 193 129 96 62 64 57 41 46
is_linear=0
shrinkage=0.05


Tree=382
num_leaves=8
num_cat=0
split_feature=16 27 22 2 26 26 14
split_gain=0.164201 0.243084 0.212442 0.229346 0.264003 0.218969 0.168687
threshold=0.0036382114729644872 -0.019696370333794063 -0.0049192777623024977 -0.001752033008534881 1.0000000180025095e-35 0.011466940241185332 0.93313934304519441
decision_type=2 2 2 2 2 2 2
left_child=-1 -2 6 5 -5 -4 -3
right_child=1 2 3 4 -6 -7 -8
leaf_value=0.017474033139126953 -0.022426820695814143 -0.034411412898723272 -0.0012584693983617452 0.0035441229816492257 -0.024951831588825239 0.019412480060746709 0.0036976084520952733
leaf_weight=1.2310965396463878 1.2631656703306351 0.71196654171216944 2.2965869563631678 2.3990246092435012 1.2292813365347681 2.8975801961496472 0.49038700142409652
leaf_count=12 39 31 35 46 44 30 13
internal_value=0.00013464 -0.00175644 0.000848108 0.00353514 -0.0061104 0.0102729 -0.0188684
internal_weight=12.5191 11.288 10.0248 8.82247 3.62831 5.19417 1.20235
internal_count=250 238 199 155 90 65 44
is_linear=0
shrinkage=0.05


Tree=383
num_leaves=8
num_cat=0
split_feature=6 21 28 17 28 31 17
split_gain=0.184618 0.217011 0.266956 0.350116 0.284241 0.244869 0.120776
threshold=0.7968738363849478 0.0033023354171393131 0.020126715729540948 0.00017193858391443046 -0.041613491177663435 0.12412141619914646 5.9363987118545751e-05
decision_type=2 2 2 2 2 2 2
left_child=-1 2 3 4 -2 -3 -4
right_child=1 5 6 -5 -6 -7 -8
leaf_value=-0.014631270424891761 -0.014306052393800762 -0.035280998408378381 0.027347365760279931 0.018844992621210511 0.0026692601403926356 0.0032274050926433353 0.0063546435776018918
leaf_weight=1.9222324059810514 3.7402242040261635 0.80596985761076101 1.480369180440902 2.1747999629005781 7.2383154914714405 0.84630079660564661 1.275448005646467
leaf_count=30 33 21 21 24 83 19 19
internal_value=7.9946e-05 0.0016902 0.00348142 0.000516766 -0.00311397 -0.0155568 0.0176315
internal_weight=19.4837 17.5614 15.9092 13.1533 10.9785 1.65227 2.75582
internal_count=250 220 180 140 116 40 40
is_linear=0
shrinkage=0.05


Tree=384
num_leaves=10
num_cat=0
split_feature=29 21 1 30 16 19 3 28 21
split_gain=0.192918 0.391856 0.554756 0.283804 0.287626 0.381493 0.244804 0.000129831 2.09541e-05
threshold=0.00055872193595185593 0.0014189416767858012 0.010303518108427003 0.01096511336316275 0.0047034325202266877 -0.0051572431413661737 0.012532458179716823 -0.03250753575340614 -0.0013156020959724233
decision_type=2 2 2 2 2 2 2 2 2
left_child=3 2 7 4 -1 -6 -7 -2 -9
right_child=1 -3 -4 -5 5 6 -8 8 -10
leaf_value=-0.021228748000854204 -0.034903406059309527 0.0062195484152107877 0.0040437778686821437 0.021454407731258982 -0.018779040049088831 0.021957057823303164 -0.0012017916189604055 -0.033844108293415928 -0.034257590416027862
leaf_weight=1.3075765967369095 0.81816551368683699 3.2917997371405363 1.6860033236443994 1.9581135157495735 1.3430519131943572 2.5282512200064966 2.0798019906505942 0.49725088290870312 0.79834236484020671
leaf_count=15 18 35 20 23 15 41 26 31 26
internal_value=-0.000208454 -0.00640814 -0.0173477 0.00456169 4.68817e-06 0.0046701 0.0115045 -0.0344103 -0.0340989
internal_weight=16.3084 7.09156 3.79976 9.2168 7.25868 5.95111 4.60805 2.11376 1.29559
internal_count=250 130 95 120 97 82 67 75 57
is_linear=0
shrinkage=0.05


Tree=385
num_leaves=8
num_cat=0
split_feature=25 23 4 23 16 2 16
split_gain=0.163631 0.222395 0.419418 0.311775 0.363038 0.421986 7.1778e-05
threshold=-0.013357536330666551 0.0035613813464201454 0.0040958217321037235 0.00095428468312486203 0.0051239844252546117 -0.0089532726903748232 0.0052528199334752378
decision_type=2 2 2 2 2 2 2
left_child=-1 3 -3 4 -2 -6 -4
right_child=1 2 6 -5 5 -7 -8
leaf_value=0.017389747510938872 0.0065373629947166473 0.0040907165671475385 -0.034838753683240534 0.019669666113006336 0.0083378040457479825 -0.034294103521128966 -0.034098067257844804
leaf_weight=1.2389193677809096 3.8426718721166235 1.5179522667312988 0.5937966229394076 1.9819457581033928 0.93752174032851865 1.524054401088508 0.72821749676950276
leaf_count=27 38 29 13 21 18 69 35
internal_value=0.000153012 -0.00176633 -0.0138412 0.00237213 -0.00306591 -0.0180572 -0.0344308
internal_weight=12.3651 11.1262 2.83997 8.28619 6.30425 2.46158 1.32201
internal_count=250 223 77 146 125 87 48
is_linear=0
shrinkage=0.05


Tree=386
num_leaves=9
num_cat=0
split_feature=23 12 21 3 12 3 25 1
split_gain=0.181186 0.266484 0.480545 0.354483 0.235042 0.419342 0.224418 0.136194
threshold=-0.0025970891986756279 0.020023775962578493 0.00040767674802122405 -0.0091143224299356489 0.0099867943116021939 -0.00065469462849115912 0.0043825540775941372 -0.0033888793379731048
decision_type=2 2 2 2 2 2 2 2
left_child=4 2 3 -2 5 -1 7 -4
right_child=1 -3 6 -5 -6 -7 -8 -9
leaf_value=-0.011464168515016901 -0.0082849294927957572 0.017616109791257297 -0.0085189775669776962 0.018096045803640114 -0.017685767409364797 0.018625742332442696 0.0010334858251057932 -0.035220030420909279
leaf_weight=2.8677918510511518 1.9660872314125297 2.741120647173374 0.75428131874650772 3.6140970969572646 2.7291320990771055 1.9419697010889674 1.3133701444603501 1.3018431970849633
leaf_count=34 18 36 15 39 38 24 15 31
internal_value=7.83956e-05 0.00397582 -0.000201945 0.00880114 -0.00596547 0.000684811 -0.0151119 -0.0254249
internal_weight=19.2297 11.6908 8.94968 5.58018 7.53889 4.80976 3.36949 2.05612
internal_count=250 154 118 57 96 58 61 46
is_linear=0
shrinkage=0.05


Tree=387
num_leaves=10
num_cat=0
split_feature=29 21 1 30 30 0 4 28 21
split_gain=0.187233 0.369025 0.534558 0.272432 0.271341 0.320827 0.237001 0.000112317 1.86345e-05
threshold=0.00055872193595185593 0.0014189416767858012 0.010303518108427003 0.01096511336316275 -0.0020904213563263103 -0.00082549235279738553 0.0053040826315838285 -0.03250753575340614 -0.0013156020959724233
decision_type=2 2 2 2 2 2 2 2 2
left_child=3 2 7 4 6 -6 -1 -2 -9
right_child=1 -3 -4 -5 5 -7 -8 8 -10
leaf_value=0.021542799606069033 -0.034833042816303512 0.0058913322334019705 0.0037975738651987844 0.021161660718796788 -0.026915547115423412 0.0036021934976222256 -0.0039793469983943133 -0.033825301678608394 -0.034222612855290234
leaf_weight=1.933272806927562 0.78748512081802013 3.2592081110924482 1.6698883245699105 1.9343451317399738 1.5506562571972611 1.9369434807449595 1.7178724929690359 0.47801185911521438 0.77131824055686315
leaf_count=27 18 35 20 23 20 27 23 31 26
internal_value=-0.000216147 -0.00638155 -0.0171728 0.00451737 7.36566e-06 -0.0099666 0.00953457 -0.0343654 -0.0340706
internal_weight=16.039 6.96591 3.7067 9.07309 7.13875 3.4876 3.65115 2.03682 1.24933
internal_count=250 130 95 120 97 47 50 75 57
is_linear=0
shrinkage=0.05


Tree=388
num_leaves=8
num_cat=0
split_feature=6 6 2 16 8 6 6
split_gain=0.161239 0.32566 0.317728 0.418475 0.265327 0.241315 0.229866
threshold=1.1162648967290123 1.063012485177673 -0.001752033008534881 0.0043615358213468774 -0.0069733568923978067 0.79018769846169623 1.1647321158150972
decision_type=2 2 2 2 2 2 2
left_child=1 2 4 -4 -1 -5 -2
right_child=6 -3 3 5 -6 -7 -8
leaf_value=-0.009030461750467414 0.020518563987361838 -0.026028430053247554 0.01889630921085958 0.0014923150768557164 0.016767744974772677 -0.034573474053860007 -0.0069536324742532178
leaf_weight=1.4415980181656776 1.9442514248657983 1.3425380003172902 0.79667744599282686 0.67037016362883184 3.2290617491817093 1.5051726694218812 1.2515819150721652
leaf_count=24 24 36 9 18 39 69 31
internal_value=0.000113901 -0.00331679 0.000672705 -0.0121069 0.00880513 -0.0234602 0.00975965
internal_weight=12.1813 8.98542 7.64288 2.97222 4.67066 2.17554 3.19583
internal_count=250 195 159 96 63 87 55
is_linear=0
shrinkage=0.05


Tree=389
num_leaves=10
num_cat=0
split_feature=25 29 19 34 22 22 7 21 11
split_gain=0.1811 0.422087 0.282367 0.379161 0.458382 0.261419 0.240629 0.000494101 5.59299e-05
threshold=0.02673919386274826 -0.0033718182032360651 0.0078413239599637325 1.6537859729749493 0.0053829731033915315 -0.0013117943768909399 0.65139049291610729 -0.00090719209144074487 0.65581230223178866
decision_type=2 2 2 2 2 2 2 2 2
left_child=1 6 3 4 -3 -4 -1 -8 -9
right_child=-2 2 5 -5 -6 -7 7 8 -10
leaf_value=0.0035987378616740072 0.016222424662931816 0.0082529550330693591 0.029496484351410279 -0.021499045797403898 -0.015438615989345815 -0.00082597520032716551 -0.036119761342067944 -0.03459514298419477 -0.033776372038889529
leaf_weight=0.57905342336744503 1.5969614312052716 7.7339314352720958 1.5468162484467032 2.0520175993442527 2.7739164745435119 1.3151390086859471 0.51710649207234372 0.38785389158874739 0.45122682373039424
leaf_count=7 15 80 21 23 32 20 6 12 34
internal_value=0.000109704 -0.00137277 0.00138929 -0.00184031 0.00199873 0.0155626 -0.0233834 -0.0349041 -0.0341548
internal_weight=18.954 17.3571 15.4218 12.5599 10.5078 2.86196 1.93524 1.35619 0.839081
internal_count=250 235 176 135 112 41 59 52 46
is_linear=0
shrinkage=0.05


Tree=390
num_leaves=9
num_cat=0
split_feature=26 8 19 6 21 3 9 17
split_gain=0.187211 0.425893 0.397094 0.38189 0.370546 0.257068 0.30994 0.190728
threshold=0.026922991040097325 0.010688053338313516 0.051678693708908326 0.95897194664024477 -0.0007087950948867493 0.012532458179716823 0.65270773470401777 -1.0000000180025095e-35
decision_type=2 2 2 2 2 2 2 2
left_child=1 4 3 -2 7 6 -6 -1
right_child=2 -3 -4 -5 5 -7 -8 -9
leaf_value=-0.035212279824975073 0.0010939110524767815 0.027279823744004096 0.015026471062621402 -0.034390687516627681 -0.005101244290113648 -0.0070265585407555901 0.021758831071265791 -0.0064425422454053201
leaf_weight=0.94998823059722814 1.3590746708214294 1.5730039495974768 1.2184702148661015 1.7150514298118649 1.6852128095924852 2.8647831883281469 2.9611610239371657 1.463645582087336
leaf_count=23 21 16 13 36 23 38 51 29
internal_value=-0.000218501 0.00310804 -0.00912869 -0.0187029 -0.000723007 0.00475362 0.0120168 -0.0177661
internal_weight=15.7904 11.4978 4.2926 3.07413 9.92479 7.51116 4.64637 2.41363
internal_count=250 180 70 57 164 112 74 52
is_linear=0
shrinkage=0.05


Tree=391
num_leaves=7
num_cat=0
split_feature=5 17 30 29 30 0
split_gain=0.159368 0.40421 0.246966 0.224811 0.3252 0.0640105
threshold=0.007841615147674957 0.00017193858391443046 -0.011280597462065332 0.0083215583598562643 0.011426682116660649 -0.0010468497590704893
decision_type=2 2 2 2 2 2
left_child=1 2 -1 4 -4 -3
right_child=-2 5 3 -5 -6 -7
leaf_value=-0.01843922828552421 0.014614181572109572 -0.013102893119277044 0.0069200122200619319 0.024255270608310783 -0.021701163022888981 -0.034801053951199763
leaf_weight=1.2882920013507799 1.6372531163506217 0.54409358254633844 5.105627757962794 1.2900156592950223 1.2319362228736279 0.90566464280709513
leaf_count=25 25 14 94 18 42 32
internal_value=0.000117551 -0.00217219 0.00180926 0.00522921 0.00135645 -0.0266577
internal_weight=12.0029 10.3656 8.91587 7.62758 6.33756 1.44976
internal_count=250 225 179 154 136 46
is_linear=0
shrinkage=0.05


Tree=392
num_leaves=6
num_cat=0
split_feature=5 25 22 0 29
split_gain=0.179138 0.315776 0.520718 0.45856 0.428328
threshold=0.007841615147674957 0.02489918393512747 0.0082048974914769052 -0.0032410739960454511 -0.0015804448436849692
decision_type=2 2 2 2 2
left_child=1 2 3 -1 -5
right_child=-2 -3 -4 4 -6
leaf_value=0.022608267982451483 -0.011445098311076223 0.024725947560412617 -0.024992912147488916 -0.026792265493617014 0.0029623492429208462
leaf_weight=2.5320794228464356 2.8436535266228011 1.4148550052195776 1.8242880618199695 1.4061281699687214 8.6496273837983644
leaf_count=32 25 15 35 41 102
internal_value=0.000109223 0.0021852 -2.76492e-05 0.00359043 -0.00119833
internal_weight=18.6706 15.827 14.4121 12.5878 10.0558
internal_count=250 225 210 175 143
is_linear=0
shrinkage=0.05


Tree=393
num_leaves=7
num_cat=0
split_feature=32 13 29 25 6 33
split_gain=0.185418 0.246145 0.300225 0.268693 0.374032 0.297518
threshold=-0.4473969100972191 74.369182542813604 0.0079183424289078781 -0.0004555242770711842 1.12063004487218 0.35500000000000004
decision_type=2 2 2 2 2 2
left_child=-1 2 3 4 -2 -5
right_child=1 -3 -4 5 -6 -7
leaf_value=-0.022174900473154145 0.021006095877102095 0.022015614019801597 -0.020484951565432133 -0.011250496598379626 -0.012505955387853427 0.0096471395407140021
leaf_weight=0.90609818277880627 3.1051082583144272 1.2870247298851598 1.7036551660858084 4.7518493598327058 1.1376857822760937 2.6546676778234541
leaf_count=12 58 16 34 75 21 34
internal_value=-0.000225758 0.00113272 -0.000880078 0.00198704 0.01202 -0.0037603
internal_weight=15.5461 14.64 13.353 11.6493 4.24279 7.40652
internal_count=250 238 222 188 79 109
is_linear=0
shrinkage=0.05


Tree=394
num_leaves=7
num_cat=0
split_feature=16 27 0 0 7 9
split_gain=0.159931 0.222341 0.195872 0.297226 0.219068 0.0642775
threshold=0.0036382114729644872 -0.019696370333794063 0.005867125624434589 0.002008854421244322 0.65326584279537203 0.6595099776983262
decision_type=2 2 2 2 2 2
left_child=-1 -2 3 4 -3 -5
right_child=1 2 -4 5 -6 -7
leaf_value=0.017728598776880058 -0.022083501380246163 0.017629517652212736 0.01800825541888337 -0.034386997195327056 -0.0032505657372922658 -0.0097594558673448975
leaf_weight=1.1673927344381816 1.1955148363485921 1.6485255126608516 1.407847651047631 0.74703006166964747 5.2782796261599287 0.41055536130443215
leaf_count=12 39 24 25 30 102 18
internal_value=0.000156756 -0.00176257 0.000796785 -0.00220049 0.00171873 -0.0256525
internal_weight=11.8551 10.6878 9.49224 8.08439 6.92681 1.15759
internal_count=250 238 199 174 126 48
is_linear=0
shrinkage=0.05


Tree=395
num_leaves=8
num_cat=0
split_feature=23 3 23 16 25 12 3
split_gain=0.180431 0.261974 0.409795 0.31773 0.365053 0.217311 0.375352
threshold=-0.0025970891986756279 -0.014993880760275744 1.0000000180025095e-35 0.004985986628072276 0.0043825540775941372 0.0099867943116021939 -0.00065469462849115912
decision_type=2 2 2 2 2 2 2
left_child=5 -2 -3 -4 -5 6 -1
right_child=1 2 3 4 -6 -7 -8
leaf_value=-0.011226253415853376 -0.016377832680924253 0.024038968705594684 -0.017006393978002295 -0.0019157270798057461 0.025937123479217623 -0.017603792759670677 0.018041374018337459
leaf_weight=2.739149768371135 1.377511500380934 2.5762796793132985 1.858269417658448 3.6952102761715651 1.7258399557322261 2.6123300911858678 1.8255979875102664
leaf_count=34 16 24 24 69 21 38 24
internal_value=8.96944e-05 0.00404628 0.00690095 0.000835497 0.00695148 -0.0061029 0.000478867
internal_weight=18.4102 11.2331 9.8556 7.27932 5.42105 7.17708 4.56475
internal_count=250 154 138 114 90 96 58
is_linear=0
shrinkage=0.05


Tree=396
num_leaves=7
num_cat=0
split_feature=13 10 23 21 15 27
split_gain=0.187696 0.340817 0.287079 0.400925 0.460233 0.36119
threshold=36.458074118359711 -0.0082683318133502815 -0.010390825446515149 0.0015291427556902717 0.0086917171330561788 0.0052510406100106941
decision_type=2 2 2 2 2 2
left_child=-1 -2 -3 5 -5 -4
right_child=1 2 3 4 -6 -7
leaf_value=-0.016627894709483695 0.024711820776464374 0.020071444779131531 -0.0037909003347988053 0.021206836876111506 -0.0097494652959350045 -0.029713061543378251
leaf_weight=1.5580197717063136 1.4387908494099964 1.4296436225995393 4.1071426109410822 2.6165075185708702 2.2188302087597549 1.9972761375829575
leaf_count=21 21 21 73 43 31 40
internal_value=-0.000176748 0.00167948 -0.000999604 -0.00375324 0.00700167 -0.0122723
internal_weight=15.3662 13.8082 12.3694 10.9398 4.83534 6.10442
internal_count=250 229 208 187 74 113
is_linear=0
shrinkage=0.05


Tree=397
num_leaves=8
num_cat=0
split_feature=5 17 0 15 6 21 0
split_gain=0.150979 0.376306 0.234014 0.257502 0.376715 0.280484 0.0633806
threshold=0.007841615147674957 0.00017193858391443046 0.0043548068451441111 0.0081442846750595117 1.1162648967290123 -0.00019971507347621428 -0.0010468497590704893
decision_type=2 2 2 2 2 2 2
left_child=1 2 3 5 -5 -1 -3
right_child=-2 6 -4 4 -6 -7 -8
leaf_value=0.015783215600068661 0.014323565698766381 -0.012740447609847617 0.018523648690298544 -0.034570362548035888 0.0064335533531410111 -0.0084624931290041162 -0.034727518500981477
leaf_weight=2.5189230473479229 1.617593141738326 0.53090106067247689 1.6740335896611211 1.2478584365453573 1.0163908826652912 2.2657832714030528 0.85661694675218203
leaf_count=33 25 14 32 51 18 45 32
internal_value=0.000140639 -0.00212851 0.00171866 -0.00227231 -0.0161643 0.00430173 -0.0263147
internal_weight=11.7281 10.1105 8.72299 7.04896 2.26425 4.78471 1.38752
internal_count=250 225 179 147 69 78 46
is_linear=0
shrinkage=0.05


Tree=398
num_leaves=9
num_cat=0
split_feature=23 6 29 9 3 23 16 25
split_gain=0.171115 0.274933 0.269876 0.29771 0.244521 0.381293 0.30136 0.340631
threshold=-0.0025970891986756279 1.1054098550981635 0.0084557969606804412 0.65444700419902813 -0.014993880760275744 1.0000000180025095e-35 0.004985986628072276 0.0043825540775941372
decision_type=2 2 2 2 2 2 2 2
left_child=1 2 3 -1 -2 -6 -7 -8
right_child=4 -3 -4 -5 5 6 7 -9
leaf_value=0.010416548511581136 -0.015883419395032242 -0.024863835346788005 0.01850818180283564 -0.017194374325518107 0.023392984005057724 -0.016631111050932443 -0.0017442813000541721 0.025357539050236556
leaf_weight=1.5373296116013104 1.3648904436267919 1.5191121185198424 1.3588513899594543 2.6750607737340033 2.5344912409782374 1.8376155460719017 3.6633842205628753 1.6961941737681625
leaf_count=23 16 19 15 39 24 24 69 21
internal_value=5.86422e-05 -0.00600864 -0.000867394 -0.00711765 0.00393544 0.00671508 0.00084196 0.00683288
internal_weight=18.1869 7.09035 5.57124 4.21239 11.0966 9.73169 7.19719 5.35958
internal_count=250 96 77 62 154 138 114 90
is_linear=0
shrinkage=0.05


Tree=399
num_leaves=8
num_cat=0
split_feature=13 10 1 21 34 14 12
split_gain=0.176993 0.315665 0.265339 0.3231 0.213675 0.396431 0.105365
threshold=36.458074118359711 -0.0082683318133502815 0.00038571570399925653 0.0020484144885183357 0.1472314528086853 0.77399074584929994 0.0016430740461188989
decision_type=2 2 2 2 2 2 2
left_child=-1 -2 3 6 -4 -6 -3
right_child=1 2 4 -5 5 -7 -8
leaf_value=-0.016221599336405074 0.024047573875340664 -0.0099489176778240866 -0.016198126923756939 0.0037821491188236491 0.023724912100378515 -0.00098785174930985666 -0.034650036403518457
leaf_weight=1.5404468658380217 1.4112643939442922 0.65292138559743707 1.1525604873895625 1.6664504753425715 2.3886976023204625 5.0612171138636768 1.2743274804670361
leaf_count=21 21 16 21 25 37 71 38
internal_value=-0.000158242 0.00166023 -0.000930292 -0.0123407 0.00383641 0.00693591 -0.0262817
internal_weight=15.1479 13.6074 12.1962 3.5937 8.60248 7.44991 1.92725
internal_count=250 229 208 79 129 108 54
is_linear=0
shrinkage=0.05


Tree=400
num_leaves=9
num_cat=0
split_feature=1 17 5 17 0 1 1 30
split_gain=0.152017 0.30741 0.221167 0.384631 0.283579 0.360509 0.203085 0.0454232
threshold=0.010303518108427003 5.9363987118545751e-05 0.007841615147674957 0.00017193858391443046 -7.5322746376560432e-05 -0.004626547305939476 -0.00023346459761786062 0.0026718600951635145
decision_type=2 2 2 2 2 2 2 2
left_child=2 -2 3 4 5 -1 -6 -5
right_child=1 -3 -4 7 6 -7 -8 -9
leaf_value=-0.021228354883440426 -0.034661281826043486 0.0096133273518004374 0.02081005222747458 -0.01607259875057114 0.028846616315729767 0.0081145292644611983 0.0028535297409986982 -0.034808566475389088
leaf_weight=1.8287470135837764 0.85318635543808408 0.72538780048489571 1.3998108315281559 0.62754631903953828 1.4751987303607168 2.4479923244798556 1.5316757966065786 0.66767093678936362
leaf_count=33 29 21 17 21 24 48 38 19
internal_value=0.000101427 -0.0143162 0.00238222 -0.000624651 0.00383988 -0.00443258 0.015606 -0.0257308
internal_weight=11.5572 1.57857 9.97864 8.57883 7.28361 4.27674 3.00687 1.29522
internal_count=250 50 200 183 143 81 62 40
is_linear=0
shrinkage=0.05


Tree=401
num_leaves=11
num_cat=0
split_feature=5 15 22 29 24 25 31 24 0 6
split_gain=0.160955 0.294352 0.422035 0.320026 0.484444 0.358932 0.258536 0.238529 0.161938 0.161484
threshold=0.0075379138543084628 0.0083545041343846445 0.0066061922442051122 0.0020926648787336082 -0.0031624900907590288 -1.0000000180025095e-35 0.10367469768269731 -0.0046630972275966678 0.0012561629504324048 1.0519106726061349
decision_type=2 2 2 2 2 2 2 2 2 2
left_child=1 2 3 5 -5 -1 7 -3 -8 -2
right_child=9 6 -4 4 -6 -7 8 -9 -10 -11
leaf_value=-0.027879325208693129 -0.021881262020150435 0.019596793833147261 -0.027198408253025171 -0.0058225978401410068 0.031674487097851284 0.0025236459876760682 0.035690603488792674 -0.01087714826447328 0.010056988583385468 0.00020404425785041107
leaf_weight=1.4215612122789023 1.5175651367753737 1.0633985488675537 1.5041364140342919 1.7026531565934422 1.7433006335049865 3.0613990831188875 1.3067721924744549 1.6209307676181186 1.1657642922364173 1.820673733949661
leaf_count=25 20 14 24 22 23 34 19 28 21 20
internal_value=6.83179e-05 0.00233446 -0.00291657 0.00168977 0.0131471 -0.00711723 0.0119397 0.00119512 0.0236047 -0.00983595
internal_weight=17.9282 14.5899 9.43305 7.92891 3.44595 4.48296 5.15687 2.68433 2.47254 3.33824
internal_count=250 210 128 104 45 59 82 42 40 40
is_linear=0
shrinkage=0.05


Tree=402
num_leaves=9
num_cat=0
split_feature=0 17 24 26 14 29 13 20
split_gain=0.175146 0.357848 0.320243 0.353343 0.378786 0.373013 0.284464 0.106381
threshold=-0.0024734993976700532 -0.00015557588654296409 0.016983875540142471 0.028204673365416547 0.79074186835290627 -0.00044096668390419808 46.878219000298678 0.017435260543101298
decision_type=2 2 2 2 2 2 2 2
left_child=6 -2 3 4 -3 -5 -1 -8
right_child=1 2 -4 5 -6 -7 7 -9
leaf_value=-0.022065730032966264 0.023593110066889231 0.0002983027810550374 -0.022176522530844418 0.0096638513594869482 0.029046720516918208 -0.029657123320724545 -0.0075101828986872555 0.014107647633073941
leaf_weight=2.0660118930973121 1.8013770431280125 3.0234319521114212 1.4687801725231109 1.0888648116961124 1.8449887316673992 1.3520620749332009 1.1117601217702033 1.1658898391760883
leaf_count=35 22 58 29 13 23 30 18 22
internal_value=-0.000177231 0.00329361 -0.000872089 0.00340894 0.0111931 -0.0121166 -0.00863088 0.00355561
internal_weight=14.9232 10.5795 8.77813 7.30935 4.86842 2.44093 4.34366 2.27765
internal_count=250 175 153 124 81 43 75 40
is_linear=0
shrinkage=0.05


Tree=403
num_leaves=8
num_cat=0
split_feature=16 27 22 2 6 26 13
split_gain=0.14795 0.209543 0.193226 0.18911 0.246981 0.192148 0.139263
threshold=0.0036382114729644872 -0.019696370333794063 -0.0049192777623024977 -0.001752033008534881 1.0519106726061349 0.011466940241185332 72.27347400183983
decision_type=2 2 2 2 2 2 2
left_child=-1 -2 6 5 -5 -4 -3
right_child=1 2 3 4 -6 -7 -8
leaf_value=0.017535424475783764 -0.021907500828827038 -0.034198495620974434 -0.0013891199541196803 -0.01739660692524644 0.010312294861152198 0.018900613727124507 0.0022028580272925868
leaf_weight=1.1000876687467105 1.1462187955621619 0.63185641984454999 2.103530344087627 1.9107234375551381 1.388680031057447 2.6205524513497949 0.44978461426217109
leaf_count=12 39 33 35 63 27 30 11
internal_value=0.000110149 -0.00175978 0.000776556 0.00345091 -0.00573426 0.00986604 -0.0190615
internal_weight=11.3514 10.2513 9.10513 8.02349 3.2994 4.72408 1.08164
internal_count=250 238 199 155 90 65 44
is_linear=0
shrinkage=0.05


Tree=404
num_leaves=9
num_cat=0
split_feature=28 27 17 21 5 1 1 11
split_gain=0.156595 0.389488 0.337588 0.283187 0.29382 0.276774 0.277567 0.259225
threshold=-0.033802441634774187 -0.014249805898495336 -3.2894388887149087e-05 -0.0011061820532373698 0.0041853428381573845 -0.00089745529560752979 0.0057345062143979728 0.70280253767967238
decision_type=2 2 2 2 2 2 2 2
left_child=7 -2 5 -4 -5 -3 -7 -1
right_child=1 2 3 4 -6 6 -8 -9
leaf_value=-0.01958958582345886 0.021553374352192713 0.028986689766733992 0.0081349739561673105 -0.002149817491846086 -0.028351710590378665 -0.013559189167015312 0.015022442144484541 0.0040439982912190793
leaf_weight=2.3267008084803846 2.3015801906585702 1.2602851488627491 1.7284108456224201 2.0480849645100498 2.2402569164987653 1.6053372207097711 1.8040017532184718 2.3143896921537817
leaf_count=27 39 19 24 29 43 18 27 24
internal_value=7.91019e-05 0.00289608 -0.00112223 -0.00895126 -0.0158379 0.00896538 0.00156436 -0.00780414
internal_weight=17.629 12.988 10.6864 6.01675 4.28834 4.66962 3.40934 4.64109
internal_count=250 199 160 96 72 64 45 51
is_linear=0
shrinkage=0.05


Tree=405
num_leaves=10
num_cat=0
split_feature=29 31 30 16 19 21 3 17 28
split_gain=0.16782 0.335507 0.279095 0.266619 0.338071 0.22498 0.214206 0.178532 4.53413e-05
threshold=0.00066787763764009089 0.053925693476091635 0.01096511336316275 0.0047034325202266877 -0.0051572431413661737 0.0015291427556902717 0.012532458179716823 -4.6409999730241451e-05 -0.048363642012562928
decision_type=2 2 2 2 2 2 2 2 2
left_child=2 7 3 -1 -5 8 -6 -2 -3
right_child=1 5 -4 4 6 -7 -8 -9 -10
leaf_value=-0.021414042700868826 -0.011438971654549449 -0.034700994506378889 0.021595967068479226 -0.018591738504051103 0.021593960450616782 -0.0056974276539428275 -0.0012935221381565366 0.012172290988683894 -0.034098297307457857
leaf_weight=1.2270404659211616 1.2351672947406771 0.50534634105861098 1.8485970096662638 1.2294473852962244 2.2678418890573093 1.4273567926138637 1.8613545848056672 2.2755634416826078 0.81586781539954356
leaf_count=16 26 12 24 16 41 18 26 35 36
internal_value=-0.000174596 -0.00637742 0.00442868 -0.000390161 0.00442396 -0.0194603 0.0112768 0.00386523 -0.0343288
internal_weight=14.6936 6.2593 8.43428 6.58568 5.35864 2.74857 4.1292 3.51073 1.32121
internal_count=250 127 123 99 83 66 67 61 48
is_linear=0
shrinkage=0.05


Tree=406
num_leaves=10
num_cat=0
split_feature=19 16 32 9 5 11 23 30 22
split_gain=0.147525 0.444654 0.233762 0.230508 0.573534 0.130508 0.0948781 4.27218e-05 3.33742e-06
threshold=-0.0083345785689715162 0.0053910538870768276 -0.070554822231205586 0.70091668814420716 0.0038105433476594884 0.65513564348220832 -0.0086735165594201673 0.0020930687228998273 0.0025866700644602285
decision_type=2 2 2 2 2 2 2 2 2
left_child=3 2 -2 4 -1 -6 -3 -8 -9
right_child=1 6 -4 -5 5 -7 7 8 -10
leaf_value=0.017454274431438592 0.018823593535997302 -0.0028153941700787624 -0.0083826252833273784 0.016389656246992245 -0.0092013866503916127 -0.034862431302297353 -0.034385658438494268 -0.033689288578386455 -0.033934256083234297
leaf_weight=1.8179994113743307 1.4706892501562836 0.29799902299419034 1.7047466519288716 2.6400942523032427 1.0414294727379454 0.94516147091053415 0.72501630953047402 0.29740227968432009 0.26110797328874469
leaf_count=24 14 15 27 37 29 24 37 25 18
internal_value=0.000108319 -0.00657048 0.00421782 0.00503809 -0.00283903 -0.0214102 -0.0282316 -0.0341325 -0.0338038
internal_weight=11.2016 4.75696 3.17544 6.44468 3.80459 1.98659 1.58153 1.28353 0.55851
internal_count=250 136 41 114 77 53 95 80 43
is_linear=0
shrinkage=0.05


Tree=407
num_leaves=9
num_cat=0
split_feature=23 6 6 31 12 21 3 2
split_gain=0.158099 0.248696 0.283465 0.254965 0.233502 0.415972 0.302226 0.191714
threshold=-0.0025970891986756279 1.1054098550981635 1.063012485177673 0.080299513778814169 0.020023775962578493 0.00040767674802122405 -0.0091143224299356489 0.0032355719638503815
decision_type=2 2 2 2 2 2 2 2
left_child=1 2 3 -1 5 6 -2 -7
right_child=4 -3 -4 -5 -6 7 -8 -9
leaf_value=-0.02023049272740508 -0.0079354890179229517 -0.024227421615673889 0.019023632834264659 0.0051554742034319303 0.017344609447108039 -0.0013719442384949061 0.017537128465848508 -0.026493486458223626
leaf_weight=1.9885986233130126 1.8004041509702799 1.453424780629575 1.3373054452240465 1.9678485579788683 2.4708698466420165 1.4208394626621159 3.2966756224632245 1.631515785353258
leaf_count=29 18 19 16 32 36 28 39 33
internal_value=7.78518e-05 -0.00590728 -0.000877398 -0.00760408 0.00388026 -0.000202065 0.00853962 -0.0147997
internal_weight=17.3675 6.74718 5.29375 3.95645 10.6203 8.14944 5.09708 3.05236
internal_count=250 96 77 61 154 118 57 61
is_linear=0
shrinkage=0.05


Tree=408
num_leaves=11
num_cat=0
split_feature=29 31 30 30 17 21 4 21 6 28
split_gain=0.162795 0.314423 0.268697 0.250807 0.276568 0.221789 0.198124 0.174919 0.571337 3.86173e-05
threshold=0.00066787763764009089 0.053925693476091635 0.01096511336316275 -0.0020904213563263103 -4.6409999730241451e-05 0.0015291427556902717 0.0053040826315838285 0.0019773403340929145 1.1054098550981635 -0.048363642012562928
decision_type=2 2 2 2 2 2 2 2 2 2
left_child=2 7 3 6 -5 9 -1 8 -2 -3
right_child=1 5 -4 4 -6 -7 -8 -9 -10 -11
leaf_value=0.021116616068329888 -0.024159985610114957 -0.03463927089052931 0.021331052221619781 0.0093658800806388325 -0.021194756205254017 -0.0055289091778695327 -0.0035933989180715583 0.019558505080829791 0.026760358671328352 -0.034072568041892404
leaf_weight=1.7131247967481615 1.4119079564698056 0.48590530827641398 1.8280407479032872 1.1525758085772397 2.0697371819987875 1.4145250916481016 1.5408270573243497 1.1507565975189207 0.90330404276028264 0.78833344439044706
leaf_count=27 38 12 24 17 32 18 23 10 13 36
internal_value=-0.000164925 -0.00632758 0.00440253 -0.000375849 -0.0102636 -0.0191585 0.00941581 0.00362616 -0.00429288 -0.0342887
internal_weight=14.459 6.15473 8.30431 6.47626 3.22231 2.68876 3.25395 3.46597 2.31521 1.27424
internal_count=250 127 123 99 49 66 50 61 51 48
is_linear=0
shrinkage=0.05


Tree=409
num_leaves=8
num_cat=0
split_feature=13 30 24 16 28 1 32
split_gain=0.142555 0.184541 0.156104 0.308616 0.278359 0.309642 0.192764
threshold=68.991708892961427 0.0033555050217708442 0.016983875540142471 0.0047034325202266877 0.081321178263625185 -0.004347435500011764 0.19891315945655239
decision_type=2 2 2 2 2 2 2
left_child=2 -2 3 -1 5 -5 -4
right_child=1 -3 6 4 -6 -7 -8
leaf_value=0.010292162656641648 0.0049759092070881623 -0.034313169034592937 0.00062252278797520204 -0.035448835101998442 0.018341626256175157 -0.0046961231276756651 0.028225940248255723
leaf_weight=3.0732044205069524 0.55430937814526327 0.64857458643382415 1.4571851908694955 1.3185264542698849 0.69318320835009206 2.1585024981759502 1.1175132466014472
leaf_count=37 12 28 31 40 13 74 15
internal_value=3.81765e-05 -0.0162081 0.00202862 -0.00173023 -0.01059 -0.0163579 0.0126034
internal_weight=11.021 1.20288 9.81812 7.24342 4.17021 3.47703 2.5747
internal_count=250 40 210 164 127 114 46
is_linear=0
shrinkage=0.05


Tree=410
num_leaves=7
num_cat=0
split_feature=21 27 11 5 25 15
split_gain=0.153454 0.24079 0.218988 0.217862 0.469109 0.280202
threshold=-0.0024933130898751039 -0.0020918071227466468 0.65315850257873553 0.0075379138543084628 0.011016035910764834 0.0086627389222968167
decision_type=2 2 2 2 2 2
left_child=1 -1 -2 4 5 -4
right_child=2 -3 3 -5 -6 -7
leaf_value=-0.0014338162445623021 -0.015299289813413778 0.024488181471705797 -0.0070771430190496006 -0.013161771186483085 0.027756218765020654 0.016800200548337842
leaf_weight=2.2023062389343981 2.6340850826818487 1.5101826689206088 5.2276222300715727 2.2230216783937058 1.718919859267771 1.60619669733569
leaf_count=28 39 26 79 31 20 27
internal_value=0.000114698 0.00911085 -0.00237587 0.000783203 0.00440777 -0.0014651
internal_weight=17.1223 3.71249 13.4098 10.7758 8.55274 6.83382
internal_count=250 54 196 157 126 106
is_linear=0
shrinkage=0.05


Tree=411
num_leaves=9
num_cat=0
split_feature=0 17 24 26 29 14 24 23
split_gain=0.156016 0.334742 0.292286 0.312967 0.429576 0.352548 0.273186 0.230145
threshold=-0.0024734993976700532 -0.00015557588654296409 0.016983875540142471 0.028204673365416547 -0.00081754060861255462 0.71757300423782888 0.012809429891416093 -0.0027669954116248392
decision_type=2 2 2 2 2 2 2 2
left_child=6 -2 3 5 -5 -3 7 -1
right_child=1 2 -4 4 -6 -7 -8 -9
leaf_value=-0.0028688264999116677 0.023270175868846551 -0.0033435528696695443 -0.021824627616263016 0.013990282210204067 -0.029725047845121651 0.02425010083568005 0.011970004444885794 -0.030695976860213497
leaf_weight=1.5258920053020117 1.7195187611505378 2.2669852813705784 1.3971193386241791 0.95446509029716287 1.3665845396462826 2.3653030176647007 1.1850635181181131 1.4482447607442748
leaf_count=24 22 50 29 12 31 31 24 27
internal_value=-0.000183791 0.00318098 -0.00095577 0.00323737 -0.0117484 0.0107461 -0.00833035 -0.0164192
internal_weight=14.2292 10.07 8.35046 6.95334 2.32105 4.63229 4.1592 2.97414
internal_count=250 175 153 124 43 81 75 51
is_linear=0
shrinkage=0.05


Tree=412
num_leaves=7
num_cat=0
split_feature=16 27 22 7 9 14
split_gain=0.140347 0.198555 0.174925 0.180764 0.265327 0.138812
threshold=0.0036382114729644872 -0.019696370333794063 -0.0049192777623024977 0.65326584279537203 0.65830576717853562 0.93313934304519441
decision_type=2 2 2 2 2 2
left_child=-1 -2 5 -4 -5 -3
right_child=1 2 3 4 -6 -7
leaf_value=0.017271037578946154 -0.021948037597467367 -0.034250116439962085 0.017130770854210966 -0.019031099461195307 0.0052664221860776964 0.003205035259423106
leaf_weight=1.06733075529337 1.0892530395649362 0.59822188201360116 1.8021951301489032 1.5110981874167917 4.3810909457970411 0.42177353659644723
leaf_count=12 39 31 33 33 89 13
internal_value=5.31121e-05 -0.00182142 0.000694305 0.00327353 -0.000964868 -0.0187622
internal_weight=10.871 9.80363 8.71438 7.69438 5.89219 1.02
internal_count=250 238 199 155 122 44
is_linear=0
shrinkage=0.05


Tree=413
num_leaves=9
num_cat=0
split_feature=23 6 6 31 3 23 16 25
split_gain=0.157288 0.226138 0.27064 0.235106 0.216533 0.347961 0.264537 0.309841
threshold=-0.0025970891986756279 1.1054098550981635 1.063012485177673 0.080299513778814169 -0.014993880760275744 1.0000000180025095e-35 0.004985986628072276 0.0043825540775941372
decision_type=2 2 2 2 2 2 2 2
left_child=1 2 3 -1 -2 -6 -7 -8
right_child=4 -3 -4 -5 5 6 7 -9
leaf_value=-0.019994808835645819 -0.015507879200951272 -0.023693915223478208 0.018679189226505633 0.0046957279187340517 0.023106670733829909 -0.0161765970904112 -0.0018067422168880345 0.025039183189042649
leaf_weight=1.9401260595768719 1.2534608109854168 1.4075245121493933 1.2968147061765192 1.9165969821624456 2.374564304016527 1.704549752641469 3.4150821981020272 1.5683819092810152
leaf_count=29 16 19 16 32 24 24 69 21
internal_value=0.000120745 -0.00593181 -0.00108065 -0.00772486 0.0039702 0.00666425 0.000826406 0.00664213
internal_weight=16.8771 6.56106 5.15354 3.85672 10.316 9.06258 6.68801 4.98346
internal_count=250 96 77 61 154 138 114 90
is_linear=0
shrinkage=0.05


Tree=414
num_leaves=9
num_cat=0
split_feature=29 30 19 25 14 19 22 14
split_gain=0.160245 0.176195 0.236591 0.296104 0.371381 0.27147 0.19208 0.145998
threshold=0.0079183424289078781 0.01096511336316275 -0.0051572431413661737 -0.0025020179624143375 0.2258606062061807 -0.030315482237622923 -0.002301899024704845 0.53143551832293923
decision_type=2 2 2 2 2 2 2 2
left_child=1 2 5 7 -5 -1 -3 -4
right_child=-2 6 3 4 -6 -7 -8 -9
leaf_value=0.0021674647507485623 -0.014285332066648025 -0.00048286434509675754 0.0032555468891033498 0.02003199776207315 -0.013125823767718613 -0.026477986475406591 0.023104381999738546 0.034789361072395296
leaf_weight=1.6243379975203427 1.7477569808252162 1.7031270659063014 0.588874910492448 1.2260234821587821 2.7135584056377411 1.6851196181960384 1.7499637075234193 0.97444972954690456
leaf_count=33 37 30 13 12 42 26 30 27
internal_value=-0.000121037 0.00189729 -0.00185402 0.00449937 -0.00280689 -0.0124183 0.0114707 0.0229112
internal_weight=14.0132 12.2655 8.81236 5.50291 3.93958 3.30946 3.45309 1.56332
internal_count=250 213 153 94 54 59 60 40
is_linear=0
shrinkage=0.05


Tree=415
num_leaves=8
num_cat=0
split_feature=16 27 22 2 6 26 14
split_gain=0.133161 0.187559 0.165384 0.169565 0.224625 0.181552 0.134156
threshold=0.0036382114729644872 -0.019696370333794063 -0.0049192777623024977 -0.001752033008534881 1.0519106726061349 0.011466940241185332 0.93313934304519441
decision_type=2 2 2 2 2 2 2
left_child=-1 -2 6 5 -5 -4 -3
right_child=1 2 3 4 -6 -7 -8
leaf_value=0.016868886728798878 -0.021608243590904689 -0.034216041160445541 -0.001897795201135008 -0.017239454904740124 0.0098859376577005303 0.018340273187748484 0.0030821121524246967
leaf_weight=1.0534850731492049 1.0685012782923866 0.57635470759123286 1.9968943325802655 1.8140961768804156 1.3175021139904854 2.4899404523894191 0.41445501067209989
leaf_count=12 39 31 35 63 27 30 13
internal_value=-1.24207e-05 -0.00185006 0.000602147 0.00310132 -0.00582747 0.00933319 -0.0186142
internal_weight=10.7312 9.67774 8.60924 7.61843 3.1316 4.48683 0.99081
internal_count=250 238 199 155 90 65 44
is_linear=0
shrinkage=0.05


Tree=416
num_leaves=9
num_cat=0
split_feature=28 27 21 17 20 11 8 28
split_gain=0.145986 0.354164 0.342142 0.345254 0.294795 0.22614 0.185235 0.176885
threshold=-0.033802441634774187 -0.0078430198887263752 -0.0011061820532373698 -3.2894388887149087e-05 -0.031745994280737315 0.70280253767967238 -0.00096850264404964033 0.0034062747645059459
decision_type=2 2 2 2 2 2 2 2
left_child=5 6 -3 7 -5 -1 -2 -4
right_child=1 2 3 4 -6 -7 -8 -9
leaf_value=-0.019171640975663411 0.0043610794432557033 0.01322071222970337 0.018358324973747165 0.00042636016966359841 -0.030772109045677534 0.003605446040032146 0.027635896289138796 -0.0062932554883847582
leaf_weight=2.1732985577546087 1.6326264301314952 2.5148855256848037 1.2183350506238642 1.1718894178047778 2.139571822714057 2.1856698440387845 1.7944180858321495 1.8068956392817197
leaf_count=27 24 39 15 22 40 24 30 29
internal_value=0.000109956 0.00290055 -0.00238326 -0.00857611 -0.0197313 -0.00775078 0.0165479 0.00363454
internal_weight=16.6376 12.2786 8.85158 6.33669 3.31146 4.35897 3.42704 3.02523
internal_count=250 199 145 106 62 51 54 44
is_linear=0
shrinkage=0.05


Tree=417
num_leaves=9
num_cat=0
split_feature=32 21 29 25 7 33 26 32
split_gain=0.153199 0.197526 0.346364 0.514849 0.24565 0.237109 0.148931 0.0179162
threshold=-0.4473969100972191 0.0019773403340929145 0.0010558219587901709 0.010820773144827657 0.69276348650455477 0.26500000000000007 0.018962711994389151 -0.062394963217384615
decision_type=2 2 2 2 2 2 2 2
left_child=-1 2 4 7 6 -3 -2 -4
right_child=1 5 3 -5 -6 -7 -8 -9
leaf_value=-0.021447525745228145 0.0089630457513598747 0.02149572607956228 -0.02375734855397757 0.0060942548197054081 0.021387614609293244 -0.0019392932170279567 -0.011982858892724775 -0.034422038070611796
leaf_weight=0.79341088794171888 1.5844602249562725 2.1860383064486077 0.53391336300410186 1.6291717728599904 1.620324373245239 2.1319833220914006 1.8274372061714528 1.5007816101424416
leaf_count=12 21 39 21 31 19 35 25 47
internal_value=-0.00011718 0.00118323 -0.00315742 -0.014852 0.00535718 0.0099249 -0.00225573 -0.0316236
internal_weight=13.8075 13.0141 8.69609 3.66387 5.03222 4.31802 3.4119 2.03469
internal_count=250 238 164 99 65 74 46 68
is_linear=0
shrinkage=0.05


Tree=418
num_leaves=9
num_cat=0
split_feature=23 3 23 5 26 23 3 25
split_gain=0.130573 0.425448 0.211362 0.275063 0.358199 0.334473 0.190598 8.79709e-05
threshold=0.0035613813464201454 0.007094210179275696 0.0024291938876954693 0.007841615147674957 -0.0070349264332598685 -0.0025970891986756279 0.014914643890479586 0.0081513609403262039
decision_type=2 2 2 2 2 2 2 2
left_child=2 7 3 4 -1 -6 -3 -2
right_child=1 6 -4 -5 5 -7 -8 -9
leaf_value=-0.027591473389510308 -0.034015680181537243 0.023615132470593783 0.024682825078278188 0.021219175974902939 0.012817672895945757 -0.016583857664825615 -0.0095901322811211189 -0.034932053626282031
leaf_weight=1.3029013886116434 0.53930969594512157 0.80883326719049342 1.0067096673883495 1.2596325846388934 2.7285420206608242 1.4985556544852459 0.92797738825902343 0.50915394001640379
leaf_count=36 34 17 12 16 63 32 29 11
internal_value=-1.70049e-05 -0.0093095 0.00330277 0.00013272 -0.00467039 0.00239449 0.00587357 -0.0344607
internal_weight=10.5816 2.78527 7.79634 6.78963 5.53 4.2271 1.73681 1.04846
internal_count=250 91 159 147 131 95 46 45
is_linear=0
shrinkage=0.05


Tree=419
num_leaves=9
num_cat=0
split_feature=23 6 6 31 24 17 23 14
split_gain=0.150812 0.214329 0.249623 0.221478 0.21311 0.403785 0.248365 0.345933
threshold=-0.0025970891986756279 1.1054098550981635 1.063012485177673 0.080299513778814169 0.012809429891416093 -5.9283935079849788e-05 1.0000000180025095e-35 0.58722755334556498
decision_type=2 2 2 2 2 2 2 2
left_child=1 2 3 -1 6 -6 -2 -8
right_child=4 -3 -4 -5 5 -7 7 -9
leaf_value=-0.019681888600714778 0.021947222768236654 -0.023371671543541316 0.01813902271696061 0.0046120146120069445 0.017929610893025076 -0.018351287116577478 0.016497974194007194 -0.012324054124878719
leaf_weight=1.881031879223886 2.4190862914547306 1.3761282833293078 1.2622033758088944 1.8716310888994483 1.1552045592106881 2.2814583659637719 2.0421683948952705 2.1237400530371815
leaf_count=29 25 19 16 32 18 38 34 39
internal_value=0.000109543 -0.00589228 -0.00109577 -0.00756537 0.00393702 -0.00615578 0.00920438 0.00180478
internal_weight=16.4127 6.39099 5.01487 3.75266 10.0217 3.43666 6.58499 4.16591
internal_count=250 96 77 61 154 56 98 73
is_linear=0
shrinkage=0.05


Tree=420
num_leaves=8
num_cat=0
split_feature=29 8 16 16 16 6 31
split_gain=0.150445 0.273223 0.189548 0.255565 0.310431 0.326249 0.0226539
threshold=0.0058275285417502829 0.0047147739816823251 0.0046447564511311714 0.0058043367193667574 0.0063169781192704191 0.97856347582451775 0.048353315812645493
decision_type=2 2 2 2 2 2 2
left_child=2 6 -1 -4 -5 -6 -2
right_child=1 -3 3 4 5 -7 -8
leaf_value=-0.010944156290389672 -0.019657020027840429 0.0036117890118144997 0.019532364550217968 -0.021567354647889472 0.023515301520204923 -0.0030220152309968391 -0.034292867209041948
leaf_weight=2.1295456152874968 0.41085433261469118 1.4356321599334476 2.4180002324283105 1.2805410400032995 1.7472115061245856 3.4354205746203661 0.74166178377345204
leaf_count=36 17 13 32 22 39 63 28
internal_value=-9.67043e-05 -0.010944 0.00245303 0.00566543 0.000477541 0.00592446 -0.0290754
internal_weight=13.5989 2.58815 11.0107 8.88117 6.46317 5.18263 1.15252
internal_count=250 58 192 156 124 102 45
is_linear=0
shrinkage=0.05


Tree=421
num_leaves=8
num_cat=0
split_feature=13 26 0 16 24 26 20
split_gain=0.130198 0.162463 0.140542 0.197131 0.411972 0.250752 0.231917
threshold=68.991708892961427 0.018962711994389151 0.0043548068451441111 0.0047034325202266877 0.011836860373625082 0.017694819313036073 0.074819234681535743
decision_type=2 2 2 2 2 2 2
left_child=2 -2 3 -1 5 -5 -6
right_child=1 -3 -4 4 6 -7 -8
leaf_value=0.0099306947619470769 -0.034374330650113284 0.003593155813721334 0.016180085510792058 -0.035058399694647656 -0.00574640685348278 -0.0040588683233787745 0.025465057404370706
leaf_weight=2.7990615367889387 0.58306915569119222 0.54521621472667903 1.4636147068813441 1.3757404647767546 1.3214040384627881 1.2405990690458564 1.0829424408730117
leaf_count=35 24 16 30 53 34 41 17
internal_value=1.07236e-05 -0.0160275 0.00195998 -0.000701582 -0.00662914 -0.0203592 0.00831156
internal_weight=10.4116 1.12829 9.28336 7.81975 5.02069 2.61634 2.40435
internal_count=250 40 210 180 145 94 51
is_linear=0
shrinkage=0.05


Tree=422
num_leaves=7
num_cat=0
split_feature=21 11 11 5 25 15
split_gain=0.142046 0.223474 0.188419 0.198314 0.421086 0.257076
threshold=-0.0024933130898751039 0.6543561577796938 0.65315850257873553 0.0075379138543084628 0.011016035910764834 0.0086627389222968167
decision_type=2 2 2 2 2 2
left_child=1 -1 -2 4 5 -4
right_child=2 -3 3 -5 -6 -7
leaf_value=0.024853169708376782 -0.014784335185204093 -0.001053646003498078 -0.0070584677037949795 -0.013049739068314612 0.027092283804438167 0.016452693032824203
leaf_weight=1.358177114278081 2.4696998522849745 2.1503298683091998 4.9340767548419517 2.1059711568523189 1.6060063913464544 1.5210873465985058
leaf_count=21 39 33 79 31 20 27
internal_value=7.45365e-05 0.00897513 -0.00239664 0.00061246 0.00418169 -0.00151833
internal_weight=16.1453 3.50851 12.6368 10.1671 8.06117 6.45516
internal_count=250 54 196 157 126 106
is_linear=0
shrinkage=0.05


Tree=423
num_leaves=9
num_cat=0
split_feature=0 17 24 26 29 14 13 20
split_gain=0.147018 0.314443 0.268383 0.274829 0.387017 0.312454 0.244206 0.292389
threshold=-0.0024734993976700532 -0.00015557588654296409 0.016983875540142471 0.028204673365416547 -0.00081754060861255462 0.79074186835290627 43.953500644647285 0.039020292288146415
decision_type=2 2 2 2 2 2 2 2
left_child=6 -2 3 5 -5 -3 -1 -8
right_child=1 2 -4 4 -6 -7 7 -9
leaf_value=-0.027050398154526308 0.023282547546148211 0.00019258726183104955 -0.021459179692801512 0.013569676612728752 -0.029119871316134784 0.027824810789867906 -0.015203189065616544 0.017658119498512252
leaf_weight=1.2011354255955677 1.621936467476188 2.7507568998262277 1.320429128129035 0.91309240926057134 1.2684668875299392 1.6288312738761304 1.4616907807067039 1.2607771484181283
leaf_count=23 22 58 29 12 31 23 27 25
internal_value=-0.000127999 0.00323375 -0.000892064 0.00324706 -0.0112521 0.0104694 -0.00827061 1.49101e-05
internal_weight=13.4271 9.50351 7.88158 6.56115 2.18156 4.37959 3.9236 2.72247
internal_count=250 175 153 124 43 81 75 52
is_linear=0
shrinkage=0.05


Tree=424
num_leaves=11
num_cat=0
split_feature=16 22 2 27 27 22 8 30 23 2
split_gain=0.129042 0.182339 0.139007 0.232352 0.244398 0.299542 0.174688 0.220495 0.0158796 8.63793e-06
threshold=0.0089466435670463116 -0.0055832014234467589 -0.0019452877975351666 -0.0072446442111588896 -1.0000000180025095e-35 0.00050791732461208394 -0.0069733568923978067 0.0078152197171895716 0.0019654542162801385 -0.0060995835021247493
decision_type=2 2 2 2 2 2 2 2 2 2
left_child=2 -2 6 8 -5 -6 -1 -8 -4 -3
right_child=1 9 3 4 5 -7 7 -9 -10 -11
leaf_value=-0.0081118311058251749 0.014788465821841302 -0.03434540861797044 -0.021029959891716892 0.022388864648652768 -0.030175192761215958 0.0061884972849999172 0.024350569646856925 0.00022761945389891265 -0.034500296920967261 -0.03396104472927635
leaf_weight=1.3637863318435846 0.2809316708589904 0.26398080540820956 0.42736402119044115 0.95537755801342372 0.90776420023758086 1.5056183082051573 1.9702235730364912 1.8244885001331566 0.44828770612366498 0.32753631542436856
leaf_count=22 11 10 24 14 35 30 24 33 16 31
internal_value=1.50809e-05 -0.0183798 0.00172185 -0.00498023 0.000984153 -0.00748926 0.00723632 0.0127523 -0.0279261 -0.0341326
internal_weight=10.2754 0.872449 9.40291 4.24441 3.36876 2.41338 5.1585 3.79471 0.875652 0.591517
internal_count=250 52 198 119 79 65 79 57 40 41
is_linear=0
shrinkage=0.05


Tree=425
num_leaves=10
num_cat=0
split_feature=23 6 6 31 6 24 24 13 13
split_gain=0.145157 0.1983 0.232374 0.202201 0.19796 0.267581 0.343143 0.220537 0.201534
threshold=-0.0025970891986756279 1.1054098550981635 1.063012485177673 0.080299513778814169 1.1543812047352133 0.011836860373625082 0.02027163556528078 53.400317134698959 43.752057700860576
decision_type=2 2 2 2 2 2 2 2 2
left_child=1 2 3 -1 5 7 -7 8 -2
right_child=4 -3 -4 -5 -6 6 -8 -9 -10
leaf_value=-0.019384233288300613 0.0040187327830213965 -0.023006929951335409 0.017602060702090725 0.0041686388974052288 0.021757450725613373 -0.028501407870344404 0.0057638465236747073 -0.0034413417239066192 0.029968341009607505
leaf_weight=1.813547763042153 1.5293478432577088 1.3282752912491558 1.2275788048282263 1.8315318862441925 1.339334915857761 1.4434043116634714 1.4796335957944391 2.4822271619923413 1.4649080631788818
leaf_count=29 24 19 16 32 23 22 28 39 18
internal_value=9.81001e-05 -0.00588151 -0.00121316 -0.00754969 0.00390544 0.00105887 -0.0111564 0.00757872 0.0167143
internal_weight=15.9398 6.20093 4.87266 3.64508 9.73886 8.39952 2.92304 5.47648 2.99426
internal_count=250 96 77 61 154 131 50 81 42
is_linear=0
shrinkage=0.05


Tree=426
num_leaves=9
num_cat=0
split_feature=29 21 27 26 27 29 12 17
split_gain=0.14854 0.157632 0.301897 0.266391 0.298115 0.249825 0.18654 0.322823
threshold=0.0079183424289078781 0.0015291427556902717 0.0052510406100106941 0.0074195819369486946 0.0014385872062956386 -0.002407793637394295 0.014598345747854891 4.5485281666974008e-05
decision_type=2 2 2 2 2 2 2 2
left_child=1 2 6 4 -3 -4 7 -1
right_child=-2 3 5 -5 -6 -7 -8 -9
leaf_value=0.0098298724719575667 -0.014186920753019576 0.0013066358458923254 -0.0020784797556742097 -0.0047294081961588852 0.035347867716130292 -0.034551642077782052 0.01958097906880495 -0.023392890258835869
leaf_weight=2.0286185382865356 1.6443344457075006 1.1932271197438242 1.2624086420983078 1.9744493961334226 1.3951250552199779 1.1157517628744242 1.4349655238911507 1.1432788728270677
leaf_count=32 37 20 13 30 30 35 26 27
internal_value=-0.000126792 0.00187528 -0.00284615 0.00910314 0.0196549 -0.0173138 0.00462234 -0.00214494
internal_weight=13.1922 11.5478 6.98502 4.5628 2.58835 2.37816 4.60686 3.1719
internal_count=250 213 133 80 50 48 85 59
is_linear=0
shrinkage=0.05


Tree=427
num_leaves=8
num_cat=0
split_feature=16 27 16 21 21 2 13
split_gain=0.126912 0.177144 0.157189 0.240796 0.190019 0.160967 4.23029e-05
threshold=0.0036382114729644872 -0.019696370333794063 0.0080890505020266516 -0.0018007710176434764 -0.0014024552950721023 -0.001752033008534881 47.649215466615068
decision_type=2 2 2 2 2 2 2
left_child=-1 -2 4 -4 -3 -6 -5
right_child=1 2 3 6 5 -7 -8
leaf_value=0.016887956386847439 -0.021745027648056518 -0.014999054518996633 0.011301189246323593 -0.034744558906974192 0.014899905758854543 -0.0018843593316686951 -0.033978523635765222
leaf_weight=1.0010540001094348 0.99806312937289376 1.1578305838629575 0.48144422948826104 0.34314783941954352 3.1143753957003328 2.6388323747087306 0.3795855154749006
leaf_count=12 39 35 17 11 41 65 30
internal_value=-1.10249e-05 -0.0018673 0.00057739 -0.0160935 0.00348211 0.00720144 -0.0343422
internal_weight=10.1143 9.11328 8.11522 1.20418 6.91104 5.75321 0.722733
internal_count=250 238 199 58 141 106 41
is_linear=0
shrinkage=0.05


Tree=428
num_leaves=7
num_cat=0
split_feature=28 27 22 26 34 15
split_gain=0.139494 0.319925 0.296233 0.273232 0.462178 0.213214
threshold=-0.033802441634774187 -0.014249805898495336 0.0082048974914769052 0.037385105280618121 1.2754532947281139 0.0082468733940821316
decision_type=2 2 2 2 2 2
left_child=5 -2 3 4 -3 -1
right_child=1 2 -4 -5 -6 -7
leaf_value=-0.02177894944373272 0.020971125013042258 0.01919823675354872 -0.020166577888125998 -0.01490771917317601 -0.0085639174337772024 0.0014346259910735222
leaf_weight=1.6389169823378331 2.0270900304894885 3.6967074954882246 1.6501815301598979 1.657317674718797 2.5218296041712165 2.4950907342135906
leaf_count=22 39 60 32 26 42 29
internal_value=0.000113735 0.00293414 -0.000904029 0.00313194 0.00793973 -0.00776834
internal_weight=15.6871 11.5531 9.52604 7.87585 6.21854 4.13401
internal_count=250 199 160 128 102 51
is_linear=0
shrinkage=0.05


Tree=429
num_leaves=7
num_cat=0
split_feature=21 29 29 30 23 29
split_gain=0.142352 0.356447 0.170654 0.19169 0.220284 0.160046
threshold=-0.0046958093671182746 -0.0093031486362166165 0.0079183424289078781 0.01096511336316275 -0.0033190834437444856 0.0012471092771182415
decision_type=2 2 2 2 2 2
left_child=-1 -2 3 4 -3 -5
right_child=1 2 -4 5 -6 -7
leaf_value=-0.019878247377836063 0.035197062544663288 0.011349648573427974 -0.017478652215749711 0.022153522340980489 -0.0086568877386309761 -0.00072364429217096295
leaf_weight=0.85186111181974489 0.72761586820706625 1.8871158426627488 1.3659773571416725 1.679219567216933 5.0787336179055282 1.4034604262560604
leaf_count=21 21 34 30 23 88 33
internal_value=-0.000120203 0.00126597 -0.000896959 0.00135712 -0.00323692 0.0117382
internal_weight=12.994 12.1421 11.4145 10.0485 6.96585 3.08268
internal_count=250 229 208 178 122 56
is_linear=0
shrinkage=0.05


Tree=430
num_leaves=8
num_cat=0
split_feature=1 17 5 17 30 28 30
split_gain=0.119034 0.250435 0.177303 0.331115 0.242405 0.182846 0.0373211
threshold=0.010303518108427003 5.9363987118545751e-05 0.007841615147674957 0.00017193858391443046 -0.011280597462065332 -0.017113539039669608 0.0026718600951635145
decision_type=2 2 2 2 2 2 2
left_child=2 -2 3 4 -1 -6 -5
right_child=1 -3 -4 6 5 -7 -8
leaf_value=-0.018230974094214088 -0.034451527709755091 0.0090581036584480006 0.019893089768573423 -0.016322717154583253 0.018083417170072578 -0.00057861077777554765 -0.034682681089350097
leaf_weight=1.0511247566901127 0.70056737260893054 0.62646179983858019 1.2133811078965662 0.5296990684000773 2.4442706629633886 2.8347063485998678 0.57971559790894389
leaf_count=24 29 21 17 21 39 80 19
internal_value=3.22814e-05 -0.0139116 0.00217074 -0.000719761 0.00369624 0.00806228 -0.0259166
internal_weight=9.97993 1.32703 8.6529 7.43952 6.3301 5.27898 1.10941
internal_count=250 50 200 183 143 119 40
is_linear=0
shrinkage=0.05


Tree=431
num_leaves=10
num_cat=0
split_feature=23 12 21 3 6 29 25 2 1
split_gain=0.138769 0.194191 0.3748 0.259102 0.190167 0.226686 0.166023 0.124757 0.108723
threshold=-0.0025970891986756279 0.020023775962578493 0.00040767674802122405 -0.0091143224299356489 1.1054098550981635 0.0020926648787336082 0.0043825540775941372 -0.0010851348029549122 -0.0033888793379731048
decision_type=2 2 2 2 2 2 2 2 2
left_child=4 2 3 -2 5 -1 8 -7 -4
right_child=1 -3 6 -5 -6 7 -8 -9 -10
leaf_value=-0.014985950349170767 -0.0075292350341609679 0.016958726227350097 -0.0085319710811521451 0.017539168817418113 -0.022857556520573242 -0.0019201434836046566 0.0005650585059826848 0.018922202768965626 -0.034829872369692684
leaf_weight=1.830212913220749 1.5860603218898175 2.1776867702137679 0.64214634848758478 2.9440613612532598 1.2913365066051481 1.5904476549476383 1.0811242586933074 1.3088213754817846 1.013077577459627
leaf_count=33 18 36 15 39 19 20 15 24 31
internal_value=8.01645e-05 0.00386187 -6.31214e-05 0.00876236 -0.00585176 -0.0012085 -0.014674 0.00748875 -0.0246276
internal_weight=15.465 9.44416 7.26647 4.53012 6.02082 4.72948 2.73635 2.89927 1.65522
internal_count=250 154 118 57 96 77 61 44 46
is_linear=0
shrinkage=0.05


Tree=432
num_leaves=7
num_cat=0
split_feature=21 29 10 23 23 13
split_gain=0.137047 0.200486 0.165237 0.236871 0.293262 0.194452
threshold=-0.0046958093671182746 0.0079183424289078781 -0.0082683318133502815 0.0059421528627396922 -0.0025970891986756279 50.189826379787291
decision_type=2 2 2 2 2 2
left_child=-1 2 -2 4 -4 -5
right_child=1 -3 3 5 -6 -7
leaf_value=-0.019649023158645931 0.017539261931371921 -0.016920777501025535 0.0081566041028004483 -0.0089337957701042178 -0.014139695065189022 0.020705701902697514
leaf_weight=0.83825074508786279 1.7640894474461664 1.3456581276841451 2.5402143623214184 0.75616896478459272 3.5162379636894925 2.0632629652973264
leaf_count=21 26 30 56 17 60 40
internal_value=-0.000103925 0.00126302 0.00356276 0.000784918 -0.00478812 0.0127564
internal_weight=12.8239 11.9856 10.64 8.87588 6.05645 2.81943
internal_count=250 229 199 173 116 57
is_linear=0
shrinkage=0.05


Tree=433
num_leaves=7
num_cat=0
split_feature=16 27 0 0 15 23
split_gain=0.121092 0.170411 0.153507 0.239153 0.178037 0.0460162
threshold=0.0036382114729644872 -0.019696370333794063 0.005867125624434589 0.002008854421244322 0.0080578589415444112 -0.0057079269505725385
decision_type=2 2 2 2 2 2
left_child=-1 -2 3 4 -3 -5
right_child=1 2 -4 5 -6 -7
leaf_value=0.016774987710453854 -0.021592408016815973 0.009995123059396439 0.017155467327961679 -0.011011551494731644 -0.0075578605357277204 -0.034123683353228025
leaf_weight=0.97069524601101953 0.97105108294635911 2.9718857898842534 1.1898303166963158 0.33661372377537191 2.8109953090315685 0.59788449539337296
leaf_count=12 39 49 25 15 77 33
internal_value=7.99657e-06 -0.0018252 0.000602322 -0.00232969 0.00146281 -0.0257985
internal_weight=9.84896 8.87826 7.90721 6.71738 5.78288 0.934498
internal_count=250 238 199 174 126 48
is_linear=0
shrinkage=0.05


Tree=434
num_leaves=9
num_cat=0
split_feature=25 29 28 22 6 7 21 11
split_gain=0.133588 0.321592 0.23479 0.337462 0.311279 0.201196 0.000202225 3.62564e-05
threshold=0.02673919386274826 -0.0033718182032360651 0.054543989598410676 0.0066061922442051122 1.1054098550981635 0.65139049291610729 -0.00090719209144074487 0.65581230223178866
decision_type=2 2 2 2 2 2 2 2
left_child=1 5 3 4 -3 -1 -7 -8
right_child=-2 2 -4 -5 -6 6 7 -9
leaf_value=0.0036236334636051675 0.015797024268900142 0.0077538880363895238 0.019677443841484538 -0.022734579372496302 -0.013211568352478246 -0.035440580891506097 -0.034419600484828498 -0.033685983690651018
leaf_weight=0.50485767587087949 1.2422400694340474 6.9500853037461621 1.5395324174314726 1.5567121156491328 2.3755879164673388 0.41275563091039646 0.32184143073391158 0.35329250758513808
leaf_count=7 15 92 26 23 35 6 12 34
internal_value=8.21901e-05 -0.00131075 0.00140138 -0.00118414 0.00241322 -0.0224628 -0.0345687 -0.0340357
internal_weight=15.2569 14.0147 12.4219 10.8824 9.32567 1.59275 1.08789 0.675134
internal_count=250 235 176 150 127 59 52 46
is_linear=0
shrinkage=0.05


Tree=435
num_leaves=8
num_cat=0
split_feature=0 17 24 29 26 13 3
split_gain=0.135334 0.299541 0.248401 0.25358 0.563777 0.227483 0.129017
threshold=-0.0024734993976700532 -0.00015557588654296409 0.016983875540142471 -0.0050407266246748619 0.028204673365416547 46.878219000298678 0.016099936969065424
decision_type=2 2 2 2 2 2 2
left_child=5 -2 3 -3 -5 -1 -7
right_child=1 2 -4 4 -6 6 -8
leaf_value=-0.021330767383778947 0.02316287931708548 0.026574008337637896 -0.021347521527081137 0.0084401381976450165 -0.02908064786670473 0.015907998148226344 -0.0098961030902103096
leaf_weight=1.7350837418343883 1.5559143475256849 0.97267139889299681 1.2442592445295302 3.8859593882225463 1.3486090260557828 1.0141622549854217 0.92734829243272532
leaf_count=35 22 19 29 71 34 21 19
internal_value=-9.06273e-05 0.00320902 -0.000957453 0.00312979 -0.00122654 -0.00817455 0.00358286
internal_weight=12.684 9.00741 7.4515 6.20724 5.23457 3.67659 1.94151
internal_count=250 175 153 124 105 75 40
is_linear=0
shrinkage=0.05


Tree=436
num_leaves=8
num_cat=0
split_feature=5 17 30 16 20 9 16
split_gain=0.116011 0.293391 0.194581 0.175793 0.201983 0.0607161 1.6064e-05
threshold=0.007841615147674957 0.00017193858391443046 -0.011280597462065332 0.0036382114729644872 0.074819234681535743 0.6526535600423814 0.005698810377576218
decision_type=2 2 2 2 2 2 2
left_child=1 2 -1 -4 -5 -3 -7
right_child=-2 5 3 4 -6 6 -8
leaf_value=-0.018387162583017036 0.013586878395426466 -0.0092547075018012005 0.026628017062339061 -0.0030595502497518224 0.021595454585380199 -0.034427512887370636 -0.033964331948604147
leaf_weight=1.0533380846027274 1.3566566659137613 0.36196542810648658 0.80656718090176482 4.3890608991496265 1.0246258393162859 0.35408751666545868 0.39715675404295325
leaf_count=25 25 6 10 125 19 12 28
internal_value=2.1699e-05 -0.00217262 0.00148594 0.00485125 0.0016068 -0.0260772 -0.0341826
internal_weight=9.74346 8.3868 7.27359 6.22025 5.41369 1.11321 0.751244
internal_count=250 225 179 154 144 46 40
is_linear=0
shrinkage=0.05


Tree=437
num_leaves=10
num_cat=0
split_feature=28 21 27 17 20 17 17 28 28
split_gain=0.131337 0.30319 0.310734 0.288897 0.256181 0.204778 0.192682 0.150383 0.112197
threshold=-0.033802441634774187 -0.0012136963179997793 -0.0085680501305291906 -3.2894388887149087e-05 -0.031745994280737315 -9.1225868396147656e-05 0.00013822532274314854 0.0034062747645059459 0.013037091840812478
decision_type=2 2 2 2 2 2 2 2 2
left_child=5 6 -3 7 -5 -1 8 -4 -2
right_child=1 2 3 4 -6 -7 -8 -9 -10
leaf_value=-0.023666539250524182 0.012900445934454352 0.013795122189894111 0.017294124586318099 0.00026446499720958797 -0.030331921379358612 0.00032105744559787162 -0.002106202840370604 -0.0064816121798454834 0.035579414237073864
leaf_weight=1.3375223777256908 1.091882264241576 2.1513816781807682 1.1184958587400609 1.0690513779409223 1.9001462645828739 2.6574067096225926 1.0191618832759557 1.6406026915647087 1.0895166825503109
leaf_count=13 23 31 15 22 42 38 17 29 20
internal_value=6.22278e-05 0.00286451 -0.00240671 -0.00849165 -0.0193158 -0.00771011 0.0158421 0.0031567 0.0242276
internal_weight=15.0752 11.0802 7.87968 5.7283 2.9692 3.99493 3.20056 2.7591 2.1814
internal_count=250 199 139 108 64 51 60 44 43
is_linear=0
shrinkage=0.05


Tree=438
num_leaves=7
num_cat=0
split_feature=29 0 17 22 30 11
split_gain=0.133187 0.17662 0.285175 0.277174 0.263563 0.246149
threshold=-0.0093031486362166165 -0.0032410739960454511 -0.00015557588654296409 0.005961149877537931 0.011426682116660649 0.68021652400493637
decision_type=2 2 2 2 2 2
left_child=-1 5 -3 4 -4 -2
right_child=1 2 3 -5 -6 -7
leaf_value=0.01808497367737703 0.00053957148587004534 0.020431288079998097 -0.016076629746976327 0.020749439520985277 0.0043662645943919947 -0.031254560243379394
leaf_weight=0.93345024413429278 1.3887617937289172 1.6569562801159898 3.373149040620774 1.0924679511226711 2.9604116538539529 1.0838629382196812
leaf_count=24 29 24 77 21 50 25
internal_value=-8.21502e-05 -0.00154967 0.00167554 -0.00250939 -0.00652128 -0.0133972
internal_weight=12.4891 11.5556 9.08298 7.42603 6.33356 2.47262
internal_count=250 226 172 148 127 54
is_linear=0
shrinkage=0.05


Tree=439
num_leaves=9
num_cat=0
split_feature=16 22 0 0 1 29 19 2
split_gain=0.115537 0.177798 0.126411 0.211102 0.18352 0.195314 0.0619585 8.73698e-06
threshold=0.0089466435670463116 -0.0071443023183320733 0.0043548068451441111 0.002008854421244322 -0.010940001663405306 0.0074667606907073978 -0.054426371374941822 -0.0065880420407674048
decision_type=2 2 2 2 2 2 2 2
left_child=2 -2 3 4 -1 -6 -5 -3
right_child=1 7 -4 6 5 -7 -8 -9
leaf_value=-0.013799064033187395 0.016645810051069146 -0.034282742517165975 0.013910853225785669 -0.0075984305926547029 0.0015366465622108963 0.026386774934145058 -0.034047319408813843 -0.033879786214009604
leaf_weight=1.4068975562695403 0.25202657887712121 0.2330600917339325 1.7004528578836469 0.36726607126183808 3.768098317901603 1.0006957361474631 0.55760483327321697 0.31815462803933847
leaf_count=25 9 9 35 8 83 14 33 34
internal_value=9.04705e-06 -0.0181437 0.00166579 -0.00126667 0.00206965 0.00675126 -0.0235445 -0.0340502
internal_weight=9.60426 0.803241 8.80102 7.10056 6.17569 4.76879 0.924871 0.551215
internal_count=250 52 198 163 122 97 41 43
is_linear=0
shrinkage=0.05


Tree=440
num_leaves=10
num_cat=0
split_feature=23 12 21 3 6 29 9 25 1
split_gain=0.12993 0.182403 0.360431 0.236796 0.171853 0.207648 0.204326 0.154636 0.103469
threshold=-0.0025970891986756279 0.020023775962578493 0.00040767674802122405 -0.0091143224299356489 1.1054098550981635 0.0084557969606804412 0.65444700419902813 0.0043825540775941372 -0.0033888793379731048
decision_type=2 2 2 2 2 2 2 2 2
left_child=4 2 3 -2 5 6 -1 8 -4
right_child=1 -3 7 -5 -6 -7 -8 -9 -10
leaf_value=0.008781841103662846 -0.0070864272940380172 0.016747446516728062 -0.0085785962026150575 0.017305844144742826 -0.022319737616444065 0.017412926914411972 -0.016674904342380972 0.00025289399451451248 -0.034769490989577614
leaf_weight=1.2380148940719675 1.5351328598335383 2.0906926854513586 0.61820060084573836 2.8276786739006621 1.2375525501556692 1.1172323320060966 2.1696286462247372 1.0405731662176547 0.96686576865613572
leaf_count=23 18 36 15 39 19 15 39 15 31
internal_value=6.32743e-05 0.00379033 -8.59719e-05 0.00872299 -0.00580899 -0.0012933 -0.00742633 -0.0147231 -0.0245546
internal_weight=14.8416 9.07914 6.98845 4.36281 5.76243 4.52488 3.40764 2.62564 1.58507
internal_count=250 154 118 57 96 77 62 61 46
is_linear=0
shrinkage=0.05


Tree=441
num_leaves=10
num_cat=0
split_feature=21 3 10 16 5 3 5 26 26
split_gain=0.126197 0.190145 0.302726 0.409462 0.367922 0.216559 0.147046 0.126313 0.124567
threshold=-0.0022840014219216993 0.01331298085011501 0.0027087375836140062 0.0073589553704153524 0.0044147516381828561 0.01982785877324467 0.0040769507325254207 0.013580369033831642 -0.017482027324603407
decision_type=2 2 2 2 2 2 2 2 2
left_child=6 2 3 4 -2 -3 -1 -8 -7
right_child=1 5 -4 -5 -6 8 7 -9 -10
leaf_value=0.0073252169377185684 -0.032854752193114213 -0.024356771118419756 0.023644583139956332 0.022766846484875633 0.0027504327203441313 -0.013769255575923359 -0.0048573962425838548 -0.035560572689052661 0.0096204574790806543
leaf_weight=0.68801553570665541 1.1128317855764165 1.200500747188926 1.9741848288103936 1.4020414976403115 2.084853308275342 0.87378328014165219 0.63337616948410846 0.71103404718451202 1.633214006433263
leaf_count=16 28 18 33 34 34 15 18 23 31
internal_value=-9.01099e-05 0.00216039 0.0072668 0.000237514 -0.00964059 -0.00689398 -0.0114747 -0.0210957 0.00146826
internal_weight=12.3138 10.2814 6.57391 4.59973 3.19769 3.7075 2.03243 1.34441 2.507
internal_count=250 193 129 96 62 64 57 41 46
is_linear=0
shrinkage=0.05


Tree=442
num_leaves=9
num_cat=0
split_feature=1 32 5 17 0 1 8 30
split_gain=0.115814 0.224134 0.161218 0.301533 0.228082 0.282236 0.173773 0.0352611
threshold=0.010303518108427003 -0.32276428632710991 0.007841615147674957 0.00017193858391443046 -7.5322746376560432e-05 -0.004626547305939476 -0.0044214025696202889 0.0026718600951635145
decision_type=2 2 2 2 2 2 2 2
left_child=2 -2 3 4 5 -1 -6 -5
right_child=1 -3 -4 7 6 -7 -8 -9
leaf_value=-0.020971865701910529 0.014427132512806926 -0.029849652879855817 0.019390151856563027 -0.016105295615466017 0.036136877209138572 0.0075981562893320531 0.006871400474685878 -0.034602256374697479
leaf_weight=1.5085221469635128 0.44239155104150996 0.80759509152267195 1.1648217127658425 0.49852531484793849 0.7063713772222403 2.0245836590183899 1.7992868704022837 0.53325563785620034
leaf_count=33 11 39 17 21 8 48 54 19
internal_value=1.85423e-06 -0.0141793 0.00215432 -0.000685165 0.00358289 -0.00460032 0.0151216 -0.0256651
internal_weight=9.48535 1.24999 8.23537 7.07055 6.03876 3.53311 2.50566 1.03178
internal_count=250 50 200 183 143 81 62 40
is_linear=0
shrinkage=0.05


Tree=443
num_leaves=9
num_cat=0
split_feature=25 29 28 22 6 7 21 7
split_gain=0.127182 0.301611 0.219689 0.302738 0.277762 0.187096 0.000160359 3.242e-05
threshold=0.02673919386274826 -0.0033718182032360651 0.054543989598410676 0.0066061922442051122 1.1054098550981635 0.65139049291610729 -0.00090719209144074487 0.65384888052940382
decision_type=2 2 2 2 2 2 2 2
left_child=1 5 3 4 -3 -1 -7 -8
right_child=-2 2 -4 -5 -6 6 7 -9
leaf_value=0.0031405238444008839 0.015804369294696672 0.0073804437863066487 0.01946936302743766 -0.022068267188512125 -0.01284352153559438 -0.035297120194383115 -0.034517004995612936 -0.033756926864457311
leaf_weight=0.48744548950344224 1.1813828302547342 6.7247096588835102 1.4682039190083731 1.488562858197837 2.2711776783689857 0.38860129937529553 0.20928780222311605 0.42556464532390237
leaf_count=7 15 92 26 23 35 6 6 40
internal_value=7.45657e-05 -0.00130567 0.00135505 -0.00118161 0.00227453 -0.0223545 -0.0344972 -0.0340075
internal_weight=14.6449 13.4636 11.9527 10.4845 8.99589 1.5109 1.02345 0.634852
internal_count=250 235 176 150 127 59 52 46
is_linear=0
shrinkage=0.05


Tree=444
num_leaves=9
num_cat=0
split_feature=29 33 13 30 19 22 26 13
split_gain=0.12457 0.212967 0.276651 0.18033 0.226298 0.230886 0.312132 0.074696
threshold=0.0027171793287790185 0.13500000000000004 51.458952005198668 0.01096511336316275 -0.0051572431413661737 0.0015784977153769921 0.0097178857718102103 44.424343058630072
decision_type=2 2 2 2 2 2 2 2
left_child=3 -2 7 4 -1 -6 -7 -3
right_child=1 2 -4 -5 5 6 -8 -9
leaf_value=-0.015943623567472615 -0.030638965852915579 -0.034354515528284994 0.010260389941595057 0.016327541582389256 -0.0087268229009251179 0.027856811208729206 -0.0067423694702535703 -0.0083545981177854511
leaf_weight=1.7788643585517991 0.793340908829124 0.55047368817031406 1.8663028571754692 2.0225997564848512 1.8166225664317597 1.6601073290221395 1.0732732247561214 0.55451810359954834
leaf_count=30 23 24 34 35 35 34 19 16
internal_value=-7.29687e-05 -0.00762416 -0.00147917 0.00333092 -0.000822579 0.00508913 0.0142713 -0.021307
internal_weight=12.1161 3.76464 2.97129 8.35147 6.32887 4.55 2.73338 1.10499
internal_count=250 97 74 153 118 88 53 40
is_linear=0
shrinkage=0.05


Tree=445
num_leaves=7
num_cat=0
split_feature=16 27 22 0 13 14
split_gain=0.11386 0.162222 0.145502 0.14836 0.149955 0.111198
threshold=0.0036382114729644872 -0.019696370333794063 -0.0049192777623024977 0.0043548068451441111 33.532387014066103 0.93313934304519441
decision_type=2 2 2 2 2 2
left_child=-1 -2 5 4 -4 -3
right_child=1 2 3 -5 -6 -7
leaf_value=0.016626776273543434 -0.021746623975064435 -0.034093295213530272 0.019613430829192029 0.021570767777424962 -0.0033007115473024842 0.0023368112009591133
leaf_weight=0.92559181526303369 0.9131885226815929 0.4983594655059268 0.83664887771010388 0.93241958552971471 4.8702339170849882 0.36134415096603334
leaf_count=12 39 31 11 21 123 13
internal_value=-1.80084e-05 -0.00184943 0.000573543 0.00307974 5.85815e-05 -0.0187813
internal_weight=9.33779 8.41219 7.49901 6.6393 5.70688 0.859704
internal_count=250 238 199 155 134 44
is_linear=0
shrinkage=0.05


Tree=446
num_leaves=6
num_cat=0
split_feature=6 6 6 5 24
split_gain=0.126921 0.271306 0.211158 0.240861 0.261821
threshold=1.1832883841056845 1.1054098550981635 1.0817584131621889 0.0036039470898902872 0.012809429891416093
decision_type=2 2 2 2 2
left_child=1 2 3 -1 -5
right_child=-2 -3 -4 4 -6
leaf_value=0.01842030654078327 0.015244366429367502 -0.018001665359810019 0.019974540726002604 0.0010562570487452772 -0.019364526861134098
leaf_weight=1.3849454382434476 1.2582161081954844 2.0684933653101316 1.3865816872566927 6.2154314096551371 2.0999568053521216
leaf_count=24 25 36 18 102 45
internal_value=7.30043e-05 -0.00137802 0.00172346 -0.000885378 -0.00410078
internal_weight=14.4136 13.1554 11.0869 9.70033 8.31539
internal_count=250 225 189 171 147
is_linear=0
shrinkage=0.05


Tree=447
num_leaves=11
num_cat=0
split_feature=21 29 1 0 22 7 17 32 23 32
split_gain=0.125934 0.271365 0.395747 0.223053 0.264548 0.198905 0.184035 0.114746 5.90762e-05 8.07506e-06
threshold=0.0015291427556902717 0.00066787763764009089 0.010303518108427003 -0.0052647735115028396 0.0053829731033915315 0.69276348650455477 1.4146675953182419e-05 -0.062394963217384615 0.0050206361227920224 0.039552920332265463
decision_type=2 2 2 2 2 2 2 2 2 2
left_child=1 5 8 -2 6 7 -5 -1 9 -3
right_child=3 2 -4 4 -6 -7 -8 -9 -10 -11
leaf_value=-0.013798455050118105 -0.017489464560799022 -0.033726277975983231 0.0042154632976352776 -0.012905232940849547 0.028941946311405245 0.017696899789428497 0.014376006618995747 0.0057272544783765122 -0.034607576736397666 -0.034017739050512391
leaf_weight=1.5371699845418334 0.80911651533097018 0.3670705428812655 1.2362517402507363 1.1601944542489953 1.3790541996713725 1.5730310287326572 1.3232133816927669 1.4738659430295229 0.43716647149994958 0.67398025188595057
leaf_count=27 15 30 20 18 31 22 24 19 13 31
internal_value=-2.88432e-05 -0.00413188 -0.0166608 0.00638145 0.011382 0.00328713 0.0016308 -0.00424085 -0.0341198 -0.033915
internal_weight=11.9701 7.29854 2.71447 4.67158 3.86246 4.58407 2.48341 3.01104 1.47822 1.04105
internal_count=250 162 94 88 73 68 42 46 74 61
is_linear=0
shrinkage=0.05


Tree=448
num_leaves=11
num_cat=0
split_feature=16 32 30 23 23 20 25 13 16 23
split_gain=0.109552 0.241345 0.261592 0.191659 0.191633 0.281216 0.210291 0.187373 0.0303508 2.75564e-05
threshold=0.0047034325202266877 0.19891315945655239 -0.0034444174679946755 0.0018205661624105531 0.0013613179649126785 0.0044058295940392353 -0.0077114248005051836 46.878219000298678 0.0055213077702547441 -0.00099286337003323655
decision_type=2 2 2 2 2 2 2 2 2 2
left_child=7 2 8 -3 5 -4 -6 -1 -2 -10
right_child=1 3 4 -5 6 -7 -8 -9 9 -11
leaf_value=0.022599888598286495 -0.017847133564456219 -0.0071713448025769247 -0.010521783811558333 0.024589884229953111 0.011488151412053723 0.030832148620072664 -0.034156581575887551 -0.0021906822279675279 -0.034010343142411914 -0.034561649034503115
leaf_weight=1.2403688281774523 0.40322590665891744 0.85233225126285095 0.8899648482911291 1.0728452815674243 0.38714492786675692 0.76402002014219761 0.72465975588420384 1.977206978946924 0.41381469753105193 0.50116852973587811
leaf_count=14 7 23 39 25 14 13 38 34 22 21
internal_value=-7.95555e-05 -0.00406625 -0.010946 0.0105283 -0.00220984 0.00858071 -0.0182625 0.00736603 -0.0292758 -0.0343123
internal_weight=9.22675 6.00918 4.084 1.92518 2.76579 1.65398 1.1118 3.21758 1.31821 0.914983
internal_count=250 202 154 48 104 52 52 48 50 43
is_linear=0
shrinkage=0.05


Tree=449
num_leaves=9
num_cat=0
split_feature=28 21 27 17 20 11 30 28
split_gain=0.121586 0.282862 0.291497 0.268759 0.241042 0.197023 0.174146 0.140559
threshold=-0.033802441634774187 -0.0012136963179997793 -0.0085680501305291906 -3.2894388887149087e-05 -0.031745994280737315 0.70280253767967238 0.0031816290088312331 0.0034062747645059459
decision_type=2 2 2 2 2 2 2 2
left_child=5 6 -3 7 -5 -1 -2 -4
right_child=1 2 3 4 -6 -7 -8 -9
leaf_value=-0.019085933468306268 0.0055389221885351466 0.013699993944923029 0.017152766822670962 0.00025007734262929351 -0.030247698301787695 0.003739141304645169 0.029894879560794452 -0.0064662470386829601
leaf_weight=1.8803110974840831 1.7445204248651855 2.048406812362372 1.0578849208541208 1.0161384521052235 1.7877125513041408 1.9015466291457412 1.2668764065019784 1.557004988659173
leaf_count=27 29 31 15 22 42 24 31 29
internal_value=7.5685e-05 0.00284931 -0.0023676 -0.00844152 -0.0191951 -0.00760931 0.0157853 0.00308911
internal_weight=14.2604 10.4785 7.46715 5.41874 2.80385 3.78186 3.0114 2.61489
internal_count=250 199 139 108 64 51 60 44
is_linear=0
shrinkage=0.05


Tree=450
num_leaves=8
num_cat=0
split_feature=0 17 24 29 26 19 26
split_gain=0.124436 0.26156 0.233619 0.230662 0.501002 0.19903 0.337523
threshold=-0.0024734993976700532 -0.00015557588654296409 0.016983875540142471 -0.0050407266246748619 0.028204673365416547 -0.016555003938435228 0.0097178857718102103
decision_type=2 2 2 2 2 2 2
left_child=5 -2 3 -3 -5 -1 -7
right_child=1 2 -4 4 -6 6 -8
leaf_value=-0.028501396162162643 0.022520672659275816 0.026366605804129556 -0.021550432644786493 0.0082713448029837003 -0.028592506297048754 0.016206946321934135 -0.020530329168165634
leaf_weight=0.88611921109259162 1.4507621098309744 0.90900802332907726 1.1368046747520564 3.6373871574178347 1.2344782373402265 1.3394855768419813 1.1724786749109624
leaf_count=32 22 19 29 71 34 23 20
internal_value=-5.84555e-05 0.00321807 -0.000830036 0.00324462 -0.00106956 -0.00812753 -0.00094046
internal_weight=11.7665 8.36844 6.91768 5.78087 4.87187 3.39808 2.51196
internal_count=250 175 153 124 105 75 43
is_linear=0
shrinkage=0.05


Tree=451
num_leaves=7
num_cat=0
split_feature=16 27 22 7 0 31
split_gain=0.10708 0.150805 0.137245 0.143766 0.213201 0.106065
threshold=0.0036382114729644872 -0.019696370333794063 -0.0049192777623024977 0.65326584279537203 -0.0019173365512030747 0.012534581282681626
decision_type=2 2 2 2 2 2
left_child=-1 -2 5 -4 -5 -3
right_child=1 2 3 4 -6 -7
leaf_value=0.016283725585182342 -0.021369157911830503 -0.034127027434279034 0.016557646243715248 0.0080417508495097111 -0.012872636356664031 0.002092298898182791
leaf_weight=0.9058490954339512 0.88138901686761428 0.47327279986347903 1.4983776059234513 2.781873136758803 2.1683307461207746 0.3528148180921562
leaf_count=12 39 26 33 54 68 18
internal_value=-2.52197e-05 -0.00183657 0.000529977 0.00298804 -0.00111935 -0.0186581
internal_weight=9.06191 8.15606 7.27467 6.44858 4.9502 0.826088
internal_count=250 238 199 155 122 44
is_linear=0
shrinkage=0.05


Tree=452
num_leaves=9
num_cat=0
split_feature=23 6 24 4 6 16 27 1
split_gain=0.123765 0.180554 0.219116 0.369982 0.228268 0.181561 0.166693 0.30244
threshold=-0.0025970891986756279 1.1543812047352133 1.0000000180025095e-35 0.0041139786691892421 1.0231463121927986 0.0060959300155449545 0.002342432154555985 -0.00089745529560752979
decision_type=2 2 2 2 2 2 2 2
left_child=6 2 4 -4 -2 -5 7 -1
right_child=1 -3 3 5 -6 -7 -8 -9
leaf_value=0.0071807086151097757 -0.0031914185950370311 0.021982581681348132 0.0075125513036911817 -0.03637385298040393 0.022849066252534356 -0.0054818043082443101 0.0089346409670941467 -0.021382652334816815
leaf_weight=1.4523603296838699 1.6215659137815222 1.1779300323687492 2.1138471772428602 1.0798349538818 1.749545097351074 0.85004553280305106 1.4109182218089698 2.5607594624161729
leaf_count=29 24 23 39 18 22 28 28 39
internal_value=6.53757e-05 0.00379821 0.000909422 -0.00693844 0.0103231 -0.022767 -0.00584819 -0.0110455
internal_weight=14.0168 8.59277 7.41484 4.04373 3.37111 1.92988 5.42404 4.01312
internal_count=250 154 131 85 46 46 96 68
is_linear=0
shrinkage=0.05


Tree=453
num_leaves=7
num_cat=0
split_feature=29 0 17 22 30 11
split_gain=0.121279 0.155589 0.247326 0.238096 0.225237 0.224617
threshold=-0.0093031486362166165 -0.0032410739960454511 -0.00015557588654296409 0.005961149877537931 0.011426682116660649 0.65536732017993937
decision_type=2 2 2 2 2 2
left_child=-1 5 -3 4 -4 -2
right_child=1 2 3 -5 -6 -7
leaf_value=0.018052856207019147 0.0073125837966694328 0.019670807091953471 -0.015367820441626845 0.020211563764909551 0.0042237754964766687 -0.025196522638358067
leaf_weight=0.85741828731261271 0.84629731345921699 1.5517883929423968 3.1491696466691792 0.99408766254782666 2.7464741873554885 1.427721217041835
leaf_count=24 20 24 77 21 50 34
internal_value=-4.18673e-05 -0.00148974 0.00163734 -0.00242438 -0.00624111 -0.013098
internal_weight=11.573 10.7155 8.44152 6.88973 5.89564 2.27402
internal_count=250 226 172 148 127 54
is_linear=0
shrinkage=0.05


Tree=454
num_leaves=7
num_cat=0
split_feature=5 17 30 16 20 22
split_gain=0.105648 0.260067 0.177567 0.158746 0.176346 0.0552758
threshold=0.007841615147674957 0.00017193858391443046 -0.011280597462065332 0.0036382114729644872 0.074819234681535743 -0.002301899024704845
decision_type=2 2 2 2 2 2
left_child=1 2 -1 -4 -5 -3
right_child=-2 5 3 4 -6 -7
leaf_value=-0.018514459529988044 0.013322908008854453 -0.0096566952857602834 0.026368816203312512 -0.0030725356780394049 0.02101983937153995 -0.034307428700554463
leaf_weight=0.96347935602534462 1.2689059013500807 0.34549511643126607 0.73571857064962465 4.0202008871710859 0.93645658064633597 0.66538533486891516
leaf_count=25 25 14 10 125 19 32
internal_value=-4.08253e-05 -0.00225263 0.00133622 0.0046961 0.00147921 -0.0258824
internal_weight=8.93564 7.66674 6.65586 5.69238 4.95666 1.01088
internal_count=250 225 179 154 144 46
is_linear=0
shrinkage=0.05


Tree=455
num_leaves=9
num_cat=0
split_feature=23 6 24 24 13 13 27 1
split_gain=0.117703 0.171022 0.214182 0.288154 0.191974 0.206642 0.156045 0.286372
threshold=-0.0025970891986756279 1.1543812047352133 0.011836860373625082 0.02027163556528078 53.400317134698959 43.953500644647285 0.002342432154555985 -0.00089745529560752979
decision_type=2 2 2 2 2 2 2 2
left_child=6 2 4 -4 5 -2 7 -1
right_child=1 -3 3 -5 -6 -7 -8 -9
leaf_value=0.0070058567836756933 0.0028879674076211781 0.02160003453694823 -0.028210085727295969 0.0056908071310984767 -0.0038042849195275537 0.031085788389779948 0.0085929856114991855 -0.021001242279362342
leaf_weight=1.4329305100254717 1.369341052602975 1.1560395518317816 1.2302848423132675 1.2778989539947359 2.1947113294154406 1.2363369471859185 1.4005258316174147 2.5140617042779931
leaf_count=29 25 23 22 28 39 17 28 39
internal_value=6.14915e-05 0.00373013 0.000903548 -0.0109379 0.00709064 0.0162672 -0.00574562 -0.0108334
internal_weight=13.8121 8.46461 7.30857 2.50818 4.80039 2.60568 5.34752 3.94699
internal_count=250 154 131 50 81 42 96 68
is_linear=0
shrinkage=0.05


Tree=456
num_leaves=10
num_cat=0
split_feature=29 33 21 25 30 19 17 32 11
split_gain=0.121539 0.19254 0.246462 0.341365 0.158094 0.201386 0.207748 0.274483 2.34037e-05
threshold=0.0027171793287790185 0.13500000000000004 0.0019773403340929145 0.010820773144827657 0.01096511336316275 -0.0051572431413661737 0.00014147449324415003 -0.091794766428428529 0.70229138433933269
decision_type=2 2 2 2 2 2 2 2 2
left_child=4 -2 3 8 5 -1 7 -7 -3
right_child=1 2 -4 -5 -6 6 -8 -9 -10
leaf_value=-0.015275423308440509 -0.030522294301287674 -0.033908257964799356 0.019811601084893885 0.0084892862579904402 0.015879826072604037 -0.015031857648046749 0.025319601905856526 0.013677097019361571 -0.034417245340738041
leaf_weight=1.6839660857804117 0.73631316353566978 0.43627393967472039 0.89629497937858094 0.97371075651608407 1.9179985919035969 1.684930549934506 0.98233897332102049 1.6458026915788655 0.46823457232676446
leaf_count=30 23 26 12 21 35 30 23 35 15
internal_value=-4.9945e-05 -0.00779288 -0.00176084 -0.0120553 0.00338454 -0.000611751 0.00511343 -0.00084601 -0.0341717
internal_weight=11.4259 3.51083 2.77451 1.87822 7.91504 5.99704 4.31307 3.33073 0.904509
internal_count=250 97 74 62 153 118 88 65 41
is_linear=0
shrinkage=0.05


Tree=457
num_leaves=8
num_cat=0
split_feature=13 30 25 29 3 24 27
split_gain=0.103275 0.138311 0.112353 0.186794 0.179882 0.176213 0.296629
threshold=68.991708892961427 0.0033555050217708442 0.011479340990343758 0.0058275285417502829 0.014158997593252233 0.016983875540142471 0.0064307750651532167
decision_type=2 2 2 2 2 2 2
left_child=2 -2 4 -4 5 6 -1
right_child=1 -3 3 -5 -6 -7 -8
leaf_value=-0.018237239015005811 0.004759030131078399 -0.034042436303887494 -0.034229655205500129 0.0059085924816522657 0.017983873897018839 0.014438747956986096 0.011242620748850763
leaf_weight=2.1424809049349283 0.43200066511053581 0.49036120803793892 0.53561440866906174 0.63173535699024796 1.7691279330756513 1.4005557232885619 1.4181018584640694
leaf_count=70 12 28 26 16 35 30 33
internal_value=-3.74293e-05 -0.0158692 0.00181157 -0.012508 0.00429527 -0.000586052 -0.00649606
internal_weight=8.81998 0.922362 7.89762 1.16735 6.73027 4.96114 3.56058
internal_count=250 40 210 42 168 133 103
is_linear=0
shrinkage=0.05


Tree=458
num_leaves=10
num_cat=0
split_feature=21 12 12 3 28 29 22 19 29
split_gain=0.118635 0.385136 0.193899 0.313136 0.244118 0.178745 0.155459 0.114152 0.00047764
threshold=0.00030882381942320963 0.020023775962578493 0.016071106721505694 -0.0098099309554984231 -0.027330402965372699 0.0025370905464605635 -0.00055784268839487161 0.013389079509947279 0.00012071370189115084
decision_type=2 2 2 2 2 2 2 2 2
left_child=2 5 3 -1 -5 6 -2 -6 -8
right_child=1 -3 -4 4 7 -7 8 -9 -10
leaf_value=-0.0071404893603945465 -0.0043531047978140674 0.01490623932148798 -0.011510647779434904 -0.00028029464344069021 0.031893911941950674 -0.0032163944984340736 -0.034252798186636728 0.0108944488060383 -0.036180925870081912
leaf_weight=2.3685726951807728 0.60054618702270079 1.5614193610381333 1.6721011907793579 1.581831783056258 1.7870079753920438 1.7436558920890091 0.7155823193024855 1.0145701626315711 0.58278276212513447
leaf_count=30 15 31 29 20 36 29 36 17 7
internal_value=6.60982e-05 -0.00586934 0.00373272 0.00750768 0.0154228 -0.014775 -0.0253885 0.0242891 -0.0351183
internal_weight=13.6281 5.20399 8.42408 6.75198 4.38341 3.64257 1.89891 2.80158 1.29837
internal_count=250 118 132 103 73 87 58 53 43
is_linear=0
shrinkage=0.05


Tree=459
num_leaves=11
num_cat=0
split_feature=21 29 1 0 22 7 17 32 23 32
split_gain=0.118851 0.244955 0.358117 0.192079 0.235805 0.184567 0.164386 0.0978129 4.5412e-05 6.13388e-06
threshold=0.0015291427556902717 0.00066787763764009089 0.010303518108427003 -0.0052647735115028396 0.0053829731033915315 0.69276348650455477 1.4146675953182419e-05 -0.062394963217384615 0.0050206361227920224 0.039552920332265463
decision_type=2 2 2 2 2 2 2 2 2 2
left_child=1 5 8 -2 6 7 -5 -1 9 -3
right_child=3 2 -4 4 -6 -7 -8 -9 -10 -11
leaf_value=-0.013536825015776128 -0.016597119980442367 -0.033697125269531752 0.0037409178238960606 -0.012387927479456627 0.028512176754457302 0.017372890928327545 0.014091326693426613 0.0049998276302987759 -0.034504794574896226 -0.03396322537132411
leaf_weight=1.4434312656521797 0.75342330196872342 0.33265248092357091 1.1665752939879892 1.0949689880944795 1.2702671296428887 1.4794030222110448 1.2612871248275039 1.4037671145051718 0.40059601911343634 0.62056245841085911
leaf_count=27 15 30 20 18 31 22 24 19 13 31
internal_value=-5.71211e-05 -0.00417169 -0.0165626 0.00637502 0.0111476 0.00304642 0.00178623 -0.00439762 -0.0340581 -0.0338704
internal_weight=11.2269 6.84699 2.52039 4.37995 3.62652 4.3266 2.35626 2.8472 1.35381 0.953215
internal_count=250 162 94 88 73 68 42 46 74 61
is_linear=0
shrinkage=0.05


Tree=460
num_leaves=7
num_cat=0
split_feature=16 32 1 8 4 13
split_gain=0.104192 0.209847 0.294954 0.212986 0.276169 0.168058
threshold=0.0047034325202266877 0.40817922043524185 -0.010940001663405306 -0.0044214025696202889 0.0052152316721928143 46.878219000298678
decision_type=2 2 2 2 2 2
left_child=5 2 -2 -4 -5 -1
right_child=1 -3 3 4 -6 -7
leaf_value=0.022295808610256606 -0.035256167493621517 0.022098600061722831 0.017985763015783199 -6.290800384705538e-05 -0.034141900986410338 -0.0019053739835466486
leaf_weight=1.1707004494965079 0.80677971174009133 0.67646859766682599 0.99285948812030245 2.3895189444883731 0.79136792587814841 1.8523662742227314
leaf_count=14 25 20 18 92 47 34
internal_value=-2.70135e-05 -0.0040316 -0.00758068 -0.00223104 -0.00854137 0.00746668
internal_weight=8.68006 5.65699 4.98053 4.17375 3.18089 3.02307
internal_count=250 202 182 157 139 48
is_linear=0
shrinkage=0.05


Tree=461
num_leaves=9
num_cat=0
split_feature=25 29 28 22 6 7 21 11
split_gain=0.114929 0.275262 0.195163 0.259631 0.241826 0.166956 0.000120543 2.30896e-05
threshold=0.02673919386274826 -0.0033718182032360651 0.054543989598410676 0.0066061922442051122 1.1054098550981635 0.65139049291610729 -0.00090719209144074487 0.65581230223178866
decision_type=2 2 2 2 2 2 2 2
left_child=1 5 3 4 -3 -1 -7 -8
right_child=-2 2 -4 -5 -6 6 7 -9
leaf_value=0.0028137433200827885 0.015573484512626058 0.0071579511382798807 0.019150166797045051 -0.021375143054943348 -0.012596458578482659 -0.035109800978805665 -0.034272236739055058 -0.03363659079036093
leaf_weight=0.44540892937220522 1.0969489514827735 6.1523047080263478 1.3482159073464561 1.3633887083269645 2.0706356572918594 0.36084560304880142 0.27569456526543945 0.29652456846088171
leaf_count=7 15 92 26 23 35 6 12 34
internal_value=6.53076e-05 -0.00131629 0.00133807 -0.00116702 0.00218355 -0.0223716 -0.0343941 -0.0339428
internal_weight=13.41 12.313 10.9345 9.58633 8.22294 1.37847 0.933065 0.572219
internal_count=250 235 176 150 127 59 52 46
is_linear=0
shrinkage=0.05


Tree=462
num_leaves=10
num_cat=0
split_feature=21 27 29 6 9 29 15 32 20
split_gain=0.113101 0.23178 0.242124 0.440428 0.241656 0.200619 0.188077 0.207679 0.000276865
threshold=0.0015291427556902717 0.0052510406100106941 0.0020926648787336082 1.1162648967290123 0.65400725901126877 -0.002407793637394295 0.0086917171330561788 -0.040380138225051841 -0.13228409171497238
decision_type=2 2 2 2 2 2 2 2 2
left_child=1 2 4 8 -1 -3 7 -2 -4
right_child=6 5 3 -5 -6 -7 -8 -9 -10
leaf_value=-0.0074194565696435628 -0.0019337840474299589 -0.0031312201152696806 -0.035608296328560975 0.020486593463219772 0.021128342831835834 -0.034348132049423878 -0.0044622721384806035 0.029206103630688308 -0.033874693330858643
leaf_weight=1.2099731937050822 0.90802653878927264 1.0750343985855582 0.37132809963077285 0.57918910286389291 1.9137953189201651 0.98738423886243243 2.0997759941965342 1.3048287034034727 0.60643419984262437
leaf_count=19 21 13 9 12 33 39 39 28 37
internal_value=-6.68657e-05 -0.00411122 0.00204209 -0.0140656 0.0100705 -0.0180763 0.0062568 0.0164281 -0.0345331
internal_weight=11.0558 6.74314 4.68072 1.55695 3.12377 2.06242 4.31263 2.21286 0.977762
internal_count=250 162 110 58 52 52 88 49 46
is_linear=0
shrinkage=0.05


Tree=463
num_leaves=10
num_cat=0
split_feature=16 32 30 23 23 25 20 32 25
split_gain=0.100479 0.203498 0.243277 0.171601 0.170623 0.255746 0.247425 0.159724 0.0254708
threshold=0.0047034325202266877 0.19891315945655239 -0.0034444174679946755 0.0018205661624105531 0.0013613179649126785 -0.010222332696021018 0.0044058295940392353 -0.070554822231205586 -0.0007289725619990527
decision_type=2 2 2 2 2 2 2 2 2
left_child=7 2 8 -3 6 -6 -4 -1 -2
right_child=1 3 4 -5 5 -7 -8 -9 -10
leaf_value=0.019939125622560061 -0.01923345864873905 -0.0076299900798992197 -0.0098464884000588528 0.023550167367705668 0.020258396293201857 -0.034067705218734208 0.030462394285704991 -0.0032235946025532753 -0.034493749411676981
leaf_weight=1.3720124401152136 0.42079494707286358 0.78569404687732447 0.82788399467244767 1.0066093260538762 0.3104881405015476 0.71669601241592296 0.70479623484425247 1.6266971426084635 0.78082336089573823
leaf_count=18 19 23 39 25 10 42 13 30 31
internal_value=-1.30219e-06 -0.0039836 -0.0105902 0.00988169 -0.00187829 -0.0176465 0.00868937 0.00737414 -0.0291497
internal_weight=8.5525 5.55379 3.76148 1.7923 2.55986 1.02718 1.53268 2.99871 1.20162
internal_count=250 202 154 48 104 52 52 48 50
is_linear=0
shrinkage=0.05


Tree=464
num_leaves=9
num_cat=0
split_feature=23 6 24 24 7 22 27 1
split_gain=0.111912 0.161419 0.189088 0.272323 0.185959 0.168665 0.145339 0.255336
threshold=-0.0025970891986756279 1.1543812047352133 0.011836860373625082 0.02027163556528078 0.65139049291610729 0.0020375751514423173 0.002342432154555985 -0.00089745529560752979
decision_type=2 2 2 2 2 2 2 2
left_child=6 2 4 -4 -2 -6 7 -1
right_child=1 -3 3 -5 5 -7 -8 -9
leaf_value=0.0065059902801085229 0.027914862062843257 0.02145327808194018 -0.027762885446048737 0.0059448527871962045 -0.0076148331770006326 0.013714999114989569 0.0084722022824859564 -0.020514844177610254
leaf_weight=1.3705758573487403 0.85290121729485502 1.1071063349954782 1.1682450911030176 1.2301113302819429 2.0469416729174559 1.6936506628990171 1.332157641649246 2.4144871081225583
leaf_count=29 15 23 22 28 38 28 28 39
internal_value=5.67781e-05 0.00371405 0.000905182 -0.0104743 0.00684662 0.0020428 -0.00573154 -0.0107306
internal_weight=13.2162 8.09896 6.99185 2.39836 4.59349 3.74059 5.11722 3.78506
internal_count=250 154 131 50 81 66 96 68
is_linear=0
shrinkage=0.05


Tree=465
num_leaves=8
num_cat=0
split_feature=29 21 25 3 10 16 23
split_gain=0.109273 0.137321 0.235273 0.199097 0.271247 0.364029 0.239615
threshold=-0.0093031486362166165 -0.0022840014219216993 0.016607778053806758 0.01331298085011501 0.0027087375836140062 0.0073589553704153524 0.0062072404666733147
decision_type=2 2 2 2 2 2 2
left_child=-1 2 -2 4 5 -3 -5
right_child=1 3 -4 6 -6 -7 -8
leaf_value=0.017623669828725951 -0.034049481987864061 -0.010793799843782304 0.0081831633650391675 -0.0208877490239932 0.023211208673766408 0.022631518413487373 0.0072588723303421421
leaf_weight=0.80851226509548801 0.78456832119263598 2.7214870945317657 0.56889481493271887 1.8347506274003538 1.6892446614801881 1.1625137492083011 1.2862109858542679
leaf_count=24 38 59 13 34 29 29 24
internal_value=-6.01986e-05 -0.00148318 -0.016298 0.000823112 0.00648521 -0.000789324 -0.00928796
internal_weight=10.8562 10.0477 1.35346 8.69421 5.57325 3.884 3.12096
internal_count=250 226 51 175 117 88 58
is_linear=0
shrinkage=0.05


Tree=466
num_leaves=8
num_cat=0
split_feature=5 17 30 16 22 23 25
split_gain=0.100185 0.237376 0.170983 0.150692 0.260177 0.255776 0.0436571
threshold=0.007841615147674957 0.00017193858391443046 -0.011280597462065332 0.0051239844252546117 -0.0016743999685090436 -0.0023865193985180828 -0.0011540621058457876
decision_type=2 2 2 2 2 2 2
left_child=1 2 -1 5 -5 -4 -3
right_child=-2 6 3 4 -6 -7 -8
leaf_value=-0.018886008084612365 0.013436145441136622 -0.012127299103895003 0.027329912405421975 -0.033931219315119422 0.0046145810385178091 -0.0019656698585041989 -0.034405714316802345
leaf_weight=0.89886636985465873 1.1961223268881438 0.35832841566298157 1.4397975075989964 0.57670373941073183 1.8172956218477341 1.5441222866065798 0.56922489061253134
leaf_count=25 25 19 19 43 64 28 27
internal_value=3.5383e-05 -0.00218952 0.00129941 0.0046732 -0.00467093 0.01217 -0.0257992
internal_weight=8.40046 7.20434 6.27679 5.37792 2.394 2.98392 0.927553
internal_count=250 225 179 154 107 47 46
is_linear=0
shrinkage=0.05


Tree=467
num_leaves=6
num_cat=0
split_feature=6 6 6 23 23
split_gain=0.110759 0.137875 0.308074 0.181229 0.232424
threshold=0.81864901430014225 0.90541994088542732 0.97498929778716337 0.0066468461892038597 -0.0025970891986756279
decision_type=2 2 2 2 2
left_child=-1 -2 -3 4 -4
right_child=1 2 3 -5 -6
leaf_value=-0.013039427290759038 0.015182634849575835 -0.021041664716832078 -0.0035909832077922667 -0.012873437069620111 0.01482676491871727
leaf_weight=1.4416557734366513 1.6202437705360342 1.5478580771014083 3.0967457983642781 1.4442292994353918 3.8334159122314322
leaf_count=36 33 30 56 34 61
internal_value=2.74406e-05 0.00165949 -0.000548758 0.00323899 0.00659679
internal_weight=12.9841 11.5425 9.92225 8.37439 6.93016
internal_count=250 214 181 151 117
is_linear=0
shrinkage=0.05


Tree=468
num_leaves=12
num_cat=0
split_feature=29 33 21 25 30 25 19 13 30 32 11
split_gain=0.11165 0.179487 0.209519 0.308065 0.14356 0.157861 0.217847 0.159023 0.153515 0.155277 1.64298e-05
threshold=0.0027171793287790185 0.13500000000000004 0.0019773403340929145 0.010820773144827657 0.015012514807604351 -0.00039091095706095253 -0.007256721409300059 50.189826379787291 -0.010188679999080295 -0.10446346907769673 0.70229138433933269
decision_type=2 2 2 2 2 2 2 2 2 2 2
left_child=4 -2 3 10 5 6 -1 -8 -7 -10 -3
right_child=1 2 -4 -5 -6 8 7 -9 9 -11 -12
leaf_value=-0.010223594667717889 -0.030607756536478448 -0.033862216377917885 0.018852497300746368 0.0080739721660362494 0.018468483726446598 0.0081196095401820413 0.0042852363683941533 0.034487574020386914 -0.0005718599704358161 -0.026432678474653689 -0.034312141188148876
leaf_weight=0.93393419194035243 0.68068598210811648 0.3925902128685268 0.83489588648080815 0.92751005804166198 1.2934504393488166 1.1426556222140791 0.85393962496891618 0.89013761328533292 1.0970549043267968 1.2326301792636511 0.41994781221728772
leaf_count=17 23 26 12 21 21 15 20 31 20 29 15
internal_value=-5.06783e-05 -0.00777392 -0.00173779 -0.0116173 0.00332717 0.000142869 0.00926428 0.0196998 -0.00689194 -0.0142548 -0.0340948
internal_weight=10.6994 3.25563 2.57494 1.74005 7.4438 6.15035 2.67801 1.74408 3.47234 2.32969 0.812538
internal_count=250 97 74 62 153 132 68 51 64 49 41
is_linear=0
shrinkage=0.05


Tree=469
num_leaves=9
num_cat=0
split_feature=1 17 5 17 0 1 8 9
split_gain=0.0983369 0.194249 0.14058 0.24087 0.202171 0.24047 0.151044 0.0350908
threshold=0.010303518108427003 5.9363987118545751e-05 0.007841615147674957 0.00017193858391443046 -7.5322746376560432e-05 -0.004626547305939476 -0.0044214025696202889 0.65400725901126877
decision_type=2 2 2 2 2 2 2 2
left_child=2 -2 3 4 5 -1 -6 -5
right_child=1 -3 -4 7 6 -7 -8 -9
leaf_value=-0.021366107978516586 -0.034239544998499453 0.0080005720112559433 0.019071822025097298 -0.013719753942755425 0.035703729756090569 0.006927695923123903 0.0066056548584866384 -0.034022914464270401
leaf_weight=1.298617308726534 0.56738077051704727 0.52311925403773785 1.0469413802493361 0.37664984411094327 0.62237093481235239 1.7807055495213715 1.5735676330514254 0.48926142160780728
leaf_count=33 29 21 17 8 8 48 54 32
internal_value=1.41362e-05 -0.0139767 0.00213667 -0.000750418 0.00326149 -0.00500442 0.0148526 -0.0251915
internal_weight=8.27861 1.0905 7.18811 6.14117 5.27526 3.07932 2.19594 0.865911
internal_count=250 50 200 183 143 81 62 40
is_linear=0
shrinkage=0.05


Tree=470
num_leaves=10
num_cat=0
split_feature=25 29 28 17 7 17 21 21 11
split_gain=0.109102 0.261161 0.178769 0.252584 0.153688 0.150117 0.105615 0.000100849 1.82346e-05
threshold=0.02673919386274826 -0.0033718182032360651 0.020126715729540948 0.00017193858391443046 0.65139049291610729 -3.0263171990597757e-05 0.00040767674802122405 -0.00090719209144074487 0.65581230223178866
decision_type=2 2 2 2 2 2 2 2 2
left_child=1 4 3 5 -1 -3 -4 -6 -9
right_child=-2 2 6 -5 7 -7 -8 8 -10
leaf_value=0.0022062052820433706 0.015461155316732984 0.00190523874076543 0.024857532011599202 0.01924581087029844 -0.035004551044054817 -0.012779517508945654 0.0033730894377179154 -0.034211023159652507 -0.033629568935139367
leaf_weight=0.42733124503865727 1.0518226902931935 3.3202684568241203 1.0941232009790831 1.1772380727343259 0.3409372977912426 3.6574274008162337 1.1987629458308218 0.25738670653663576 0.28318947867956012
leaf_count=7 15 49 27 21 6 59 20 12 34
internal_value=3.31967e-05 -0.00134708 0.00129055 -0.0021775 -0.0224019 -0.00579192 0.0136251 -0.0343311 -0.0339064
internal_weight=12.8085 11.7567 10.4478 8.15493 1.30884 6.9777 2.29289 0.881513 0.540576
internal_count=250 235 176 129 59 108 47 52 46
is_linear=0
shrinkage=0.05


Tree=471
num_leaves=10
num_cat=0
split_feature=21 3 10 16 3 3 5 28 26
split_gain=0.105481 0.163736 0.232604 0.343985 0.225044 0.224828 0.136245 0.115804 0.103179
threshold=-0.0022840014219216993 0.01331298085011501 0.0027087375836140062 0.0073589553704153524 -0.0098099309554984231 0.018718374981753775 0.0040769507325254207 0.013037091840812478 0.013580369033831642
decision_type=2 2 2 2 2 2 2 2 2
left_child=6 2 3 4 -2 -3 -1 -7 -8
right_child=1 5 -4 -5 -6 7 8 -9 -10
leaf_value=0.0082302106196914266 0.00572661542202776 -0.027806163837075404 0.022960101753570897 0.023000773446124029 -0.022962239330801666 0.011889938073804708 -0.00521600580690344 -0.010770220966319492 -0.035421347700572557
leaf_weight=0.58466485724784512 1.3214455625275139 0.91632110439240966 1.665196299087256 1.1990505598951129 1.4160888241603968 1.2335825348272922 0.5254430668428538 1.0384484156966207 0.61204862385056913
leaf_count=16 25 16 33 34 37 25 18 23 23
internal_value=-7.05701e-05 0.00214633 0.00729465 0.000668074 -0.00911373 -0.00689901 -0.0113859 0.00153295 -0.0214686
internal_weight=10.5123 8.79013 5.60178 3.93658 2.73753 3.18835 1.72216 2.27203 1.13749
internal_count=250 193 129 96 62 64 57 48 41
is_linear=0
shrinkage=0.05


Tree=472
num_leaves=10
num_cat=0
split_feature=16 3 22 24 8 2 6 30 13
split_gain=0.0948573 0.142442 0.102937 0.198849 0.110887 0.188814 0.154995 0.12151 7.04586e-06
threshold=0.0089466435670463116 -0.013136908356180975 -0.0049192777623024977 -0.0046630972275966678 -0.0069733568923978067 -0.001752033008534881 1.1006359499141141 0.0057274413771092334 47.405892960745057
decision_type=2 2 2 2 2 2 2 2 2
left_child=2 -2 3 -1 -4 7 -7 -6 -3
right_child=1 8 4 -5 5 6 -8 -9 -10
leaf_value=-0.034346504397043356 0.015821825660166884 -0.034077516404935899 -0.0099911694378266667 0.0078997059917913746 0.028708974268084438 -0.01122156220557992 0.015793800036354996 0.0073524053155506865 -0.033679157683135168
leaf_weight=0.53482451278250664 0.21170506998896599 0.19388010475086037 1.1421423447318364 0.58127018110826589 1.141785788349807 1.7034229800337941 0.77134642843157042 1.5983760133385656 0.25966345670167357
leaf_count=28 6 11 21 20 16 66 16 31 35
internal_value=5.00548e-05 -0.0180423 0.00166061 -0.0123444 0.00411943 0.00720984 -0.0028013 0.0162514 -0.0338494
internal_weight=8.13842 0.665249 7.47317 1.11609 6.35707 5.21493 2.47477 2.74016 0.453544
internal_count=250 52 198 48 150 129 82 47 46
is_linear=0
shrinkage=0.05


Tree=473
num_leaves=8
num_cat=0
split_feature=22 28 7 27 21 34 8
split_gain=0.106321 0.196498 0.428714 0.246878 0.266934 0.252551 0.146809
threshold=-0.011707675309835517 -0.033802441634774187 0.70797255635261547 -0.0078430198887263752 -0.0011061820532373698 1.4121197696685359 -0.00096850264404964033
decision_type=2 2 2 2 2 2 2
left_child=-1 2 -2 6 -5 -6 -3
right_child=1 3 -4 4 5 -7 -8
leaf_value=0.0160196239499075 -0.029670981794398473 0.0028694449964784211 0.009244165303193809 0.015106269486161603 -0.0020890046010548363 -0.02872522500407515 0.026817167440539771
leaf_weight=0.96003701584413725 1.6166327537503087 1.2164775322889911 1.2588285924866793 1.5364599577151219 3.4690444470033999 1.1969586419872937 1.3504140072036515
leaf_count=15 27 23 18 34 76 28 29
internal_value=2.65363e-05 -0.00129199 -0.0126346 0.00242724 -0.00296972 -0.00892193 0.0154681
internal_weight=12.6049 11.6448 2.87546 8.76935 6.20246 4.666 2.56689
internal_count=250 235 45 190 138 104 52
is_linear=0
shrinkage=0.05


Tree=474
num_leaves=10
num_cat=0
split_feature=29 22 22 20 30 19 22 26 22
split_gain=0.1043 0.168961 0.351653 0.31169 0.137223 0.17677 0.195366 0.254482 0.0307836
threshold=0.0027171793287790185 -0.0055832014234467589 -0.0043162381674018415 0.044012384045793558 0.01096511336316275 -0.0051572431413661737 0.0015784977153769921 0.0097178857718102103 0.0053066394810199488
decision_type=2 2 2 2 2 2 2 2 2
left_child=4 -2 -3 8 5 -1 -7 -8 -4
right_child=1 2 3 -5 -6 6 7 -9 -10
leaf_value=-0.015040108528375722 -0.030794661821761334 0.03276685202506574 -0.034716389867952835 0.013124086421153622 0.015382926916062002 -0.0087072668155859408 0.027389280923349864 -0.0064127075031216833 -0.018236009009713779
leaf_weight=1.5390742206946013 0.63210864760912988 0.56686327047646123 0.70362212194595419 0.75194812845438708 1.7564453333616254 1.5635523530654611 1.4193778587505224 0.91626526555046428 0.4743900615721941
leaf_count=30 21 6 34 21 35 35 34 19 15
internal_value=-8.1721e-05 -0.00770257 -0.00185646 -0.0120259 0.00323253 -0.000691785 0.00497173 0.0141289 -0.0280797
internal_weight=10.3236 3.12893 2.49682 1.92996 7.19472 5.43827 3.8992 2.33564 1.17801
internal_count=250 97 76 70 153 118 88 53 49
is_linear=0
shrinkage=0.05


Tree=475
num_leaves=10
num_cat=0
split_feature=11 15 11 16 30 17 32 28 19
split_gain=0.0926611 0.256963 0.185559 0.174215 0.209924 0.25996 0.177341 0.165695 0.00575912
threshold=0.6543561577796938 0.0086917171330561788 0.65513564348220832 0.0036382114729644872 0.0068599290075537231 -3.0263171990597757e-05 -0.11885537270768549 -0.014267610938037743 -0.007256721409300059
decision_type=2 2 2 2 2 2 2 2 2
left_child=1 7 -2 -4 5 -5 -6 -1 -9
right_child=2 -3 3 4 6 -7 -8 8 -10
leaf_value=0.0029753650885712395 0.028818062951313669 0.015487911994474577 0.030135190114055979 -0.013200114663282329 0.0021137532747658424 0.015882446920023066 -0.034259455054065836 -0.026815099213003464 -0.034391698737630406
leaf_weight=0.52802461007377144 0.64207194047048677 0.76324849086813618 0.44529251009225834 1.2715212738839907 0.57815922523150221 1.9418905094498771 0.79714712628629036 0.41648087685462087 0.6305228736018762
leaf_count=19 12 18 6 39 21 52 39 19 25
internal_value=5.38674e-05 -0.0083226 0.00350457 0.000275919 -0.00262165 0.00437471 -0.0189687 -0.019861 -0.0313779
internal_weight=8.01436 2.33828 5.67608 5.03401 4.58872 3.21341 1.37531 1.57503 1.047
internal_count=250 81 169 157 151 91 60 63 44
is_linear=0
shrinkage=0.05


Tree=476
num_leaves=6
num_cat=0
split_feature=6 6 6 23 23
split_gain=0.105215 0.123121 0.280337 0.156543 0.212547
threshold=0.81864901430014225 0.90541994088542732 0.97498929778716337 0.0066468461892038597 -0.0025970891986756279
decision_type=2 2 2 2 2
left_child=-1 -2 -3 4 -4
right_child=1 2 3 -5 -6
leaf_value=-0.0129521995883067 0.014824922548408077 -0.020452320769244241 -0.003517679643812307 -0.011969973416350095 0.014531110607120871
leaf_weight=1.3854862301377586 1.5308109279721964 1.4793209519702921 2.9505602885037634 1.3958969479426739 3.6477877814322737
leaf_count=36 33 30 56 34 61
internal_value=3.32486e-05 0.00166816 -0.000457812 0.00324214 0.0064603
internal_weight=12.3899 11.0044 9.47357 7.99425 6.59835
internal_count=250 214 181 151 117
is_linear=0
shrinkage=0.05


Tree=477
num_leaves=10
num_cat=0
split_feature=29 21 15 16 15 31 23 3 21
split_gain=0.101109 0.210749 0.325499 0.132195 0.266273 0.166085 0.126653 0.108866 1.29132e-05
threshold=0.0020926648787336082 0.0019773403340929145 0.0094221180972827168 0.0045343367654926406 0.0084963726950724825 -0.0019500966490006741 -0.00099286337003323655 0.0064766948435525116 -0.0012136963179997793
decision_type=2 2 2 2 2 2 2 2 2
left_child=3 2 8 -1 5 -5 -6 -8 -2
right_child=1 -3 -4 4 6 -7 7 -9 -10
leaf_value=-0.011316411130648713 -0.033754210822388324 0.0099014221813639985 0.0043551398715383754 0.0049345671864580087 0.0092577141483913723 0.028513174900819289 0.0011193927903632847 -0.02541617443235103 -0.034095393412713504
leaf_weight=1.2364797688787801 0.43851238349452637 1.1884776074439285 1.0343369520269332 1.4753622845746577 0.94618452712893519 1.5125057112891227 0.68325942335650303 0.88999481778591871 0.75452390208374753
leaf_count=25 34 19 24 30 15 30 23 18 32
internal_value=-9.22227e-05 -0.00710076 -0.0161727 0.00345773 0.00677476 0.0168704 -0.00519795 -0.0138919 -0.03397
internal_weight=10.1596 3.41585 2.22737 6.74379 5.50731 2.98787 2.51944 1.57325 1.19304
internal_count=250 109 90 141 116 60 56 41 66
is_linear=0
shrinkage=0.05


Tree=478
num_leaves=10
num_cat=0
split_feature=16 24 0 26 28 34 0 30 16
split_gain=0.093184 0.19066 0.292195 0.198258 0.177946 0.214694 0.172653 0.138256 0.000336187
threshold=0.0047034325202266877 0.011836860373625082 0.0089254207968111361 0.017694819313036073 0.0063923203327502795 1.5152535591423466 -0.0039804361250185818 0.0078152197171895716 0.0052528199334752378
decision_type=2 2 2 2 2 2 2 2 2
left_child=7 2 3 8 -3 -6 -5 -1 -2
right_child=1 4 -4 6 5 -7 -8 -9 -10
leaf_value=0.018479133761197263 -0.035731307209465185 0.017778278777777021 0.024206594959910375 0.021568989186685612 -0.034029828205917566 0.015036908650669603 -0.018781352163709939 -0.0039406500869569585 -0.033899495876035794
leaf_weight=1.4005784597247841 0.3660947103053338 1.4108592071570458 0.45068538025952865 0.39541977597400546 0.46954995422856871 0.42447710409760475 0.80443336191819959 1.3508815448731182 0.79307006072485819
leaf_count=21 7 30 9 7 31 10 50 27 58
internal_value=5.202e-05 -0.0039395 -0.0126831 -0.0197308 0.0067191 -0.0107333 -0.00548362 0.00747172 -0.034478
internal_weight=7.86605 5.11459 2.8097 2.35902 2.30489 0.894027 1.19985 2.75146 1.15916
internal_count=250 202 131 122 71 41 57 48 65
is_linear=0
shrinkage=0.05


Tree=479
num_leaves=9
num_cat=0
split_feature=25 29 19 34 22 7 21 11
split_gain=0.108693 0.243724 0.172181 0.194006 0.255244 0.140252 8.64036e-05 1.44885e-05
threshold=0.02673919386274826 -0.0033718182032360651 0.0097883165505241471 1.6537859729749493 0.0053829731033915315 0.65139049291610729 -0.00090719209144074487 0.65581230223178866
decision_type=2 2 2 2 2 2 2 2
left_child=1 5 3 4 -3 -1 -7 -8
right_child=-2 2 -4 -5 -6 6 7 -9
leaf_value=0.0015849715810125422 0.015752054562326437 0.0075648859319000063 0.015798636485522006 -0.018542552429670331 -0.014229429310666479 -0.034914057282156546 -0.034145652226914118 -0.033606596778087902
leaf_weight=0.40807826025411376 1.010054646991194 5.0272236871533078 1.6827534083276976 1.4235019111074505 1.8333259774371979 0.32199519313871861 0.23835468175821006 0.26130515907425433
leaf_count=7 15 80 38 25 33 6 12 34
internal_value=4.32355e-05 -0.00137388 0.00121735 -0.00174458 0.00174085 -0.0223754 -0.0342753 -0.0338637
internal_weight=12.2066 11.1965 9.9668 8.28405 6.86055 1.22973 0.821655 0.49966
internal_count=250 235 176 138 113 59 52 46
is_linear=0
shrinkage=0.05


Tree=480
num_leaves=8
num_cat=0
split_feature=0 17 24 29 26 13 3
split_gain=0.100556 0.231229 0.194584 0.190994 0.417722 0.177937 0.117914
threshold=-0.0024734993976700532 -0.00015557588654296409 0.016983875540142471 -0.0050407266246748619 0.028204673365416547 46.878219000298678 0.015806928603371521
decision_type=2 2 2 2 2 2 2
left_child=5 -2 3 -3 -5 -1 -7
right_child=1 2 -4 4 -6 6 -8
leaf_value=-0.021272281761347267 0.022704226403313502 0.026117501079928607 -0.021734430353931234 0.0080948319210670042 -0.028091738281416145 0.017654635795373158 -0.010124303664557917
leaf_weight=1.3433765716617929 1.2403324227780101 0.75342185841873188 0.95294946990907181 3.0920361827593306 1.0746879052603615 0.75895716878585495 0.76914411690086126
leaf_count=35 22 19 29 71 34 20 20
internal_value=-9.99998e-05 0.00308798 -0.00105475 0.00295055 -0.00123846 -0.00799749 0.00367257
internal_weight=9.98491 7.11343 5.8731 4.92015 4.16672 2.87148 1.5281
internal_count=250 175 153 124 105 75 40
is_linear=0
shrinkage=0.05


Tree=481
num_leaves=7
num_cat=0
split_feature=5 17 30 16 20 33
split_gain=0.0895476 0.206051 0.148123 0.135863 0.151212 0.0404204
threshold=0.007841615147674957 0.00017193858391443046 -0.011280597462065332 0.0036382114729644872 0.074819234681535743 0.22500000000000003
decision_type=2 2 2 2 2 2
left_child=1 2 -1 -4 -5 -3
right_child=-2 5 3 4 -6 -7
leaf_value=-0.018230458498273233 0.013214493861902855 -0.011993518700901517 0.025894833768771455 -0.0032123750301168521 0.020710727799583342 -0.034358667956191871
leaf_weight=0.83704442367888887 1.1103662389796225 0.33961411006748665 0.64591558650136072 3.4975305536645465 0.81431557796895493 0.49863985821139067
leaf_count=25 25 19 10 125 19 27
internal_value=7.27094e-05 -0.00212721 0.00122452 0.00450921 0.00130563 -0.0252975
internal_weight=7.74343 6.63306 5.79481 4.95776 4.31185 0.838254
internal_count=250 225 179 154 144 46
is_linear=0
shrinkage=0.05


Tree=482
num_leaves=10
num_cat=0
split_feature=25 29 28 17 0 7 21 21 11
split_gain=0.101934 0.227408 0.162891 0.178654 0.148639 0.13874 0.0941758 7.42248e-05 1.24691e-05
threshold=0.02673919386274826 -0.0033718182032360651 0.020126715729540948 0.00016507400828575031 0.0037941254412842134 0.65139049291610729 0.00040767674802122405 -0.00090719209144074487 0.65581230223178866
decision_type=2 2 2 2 2 2 2 2 2
left_child=1 5 3 4 -3 -1 -4 -7 -9
right_child=-2 2 6 -5 -6 7 -8 8 -10
leaf_value=0.0018467320078662944 0.015370773592745921 -0.0011133497122774105 0.024350499294873328 0.015654634274983297 -0.018530118728588785 -0.034837185159853117 0.0033864864408918722 -0.034108148119971558 -0.033598161556520512
leaf_weight=0.40324489003978559 0.99402799922972995 4.8619289842899871 1.0182085868436845 1.1788559970445929 1.6376190204173324 0.30549046397209167 1.13050483725965 0.22832136665238068 0.25229754555039108
leaf_count=7 15 83 27 22 24 6 20 12 34
internal_value=3.62573e-05 -0.00134739 0.00115177 -0.00225356 -0.00550166 -0.0219969 0.0133207 -0.0342278 -0.0338404
internal_weight=12.0105 11.0165 9.82712 7.6784 6.49955 1.18935 2.14871 0.786109 0.480619
internal_count=250 235 176 129 107 59 47 52 46
is_linear=0
shrinkage=0.05


Tree=483
num_leaves=7
num_cat=0
split_feature=8 10 13 26 25 21
split_gain=0.10086 0.188462 0.156234 0.162755 0.247244 0.185347
threshold=0.0088850383918474534 0.012272163096311588 61.341944602793326 -0.012570187596177949 0.011016035910764834 0.00075599596308284511
decision_type=2 2 2 2 2 2
left_child=1 2 3 5 -5 -1
right_child=-2 -3 -4 4 -6 -7
leaf_value=-0.0065151921397144574 0.010458612362496258 -0.024807224030692729 0.01900017051245095 -0.0017962156054006197 -0.031031746987033572 0.029172874091814044
leaf_weight=0.70740029332227894 1.8335261670872576 0.84956503543071438 0.94859201624058176 3.8669860728550693 0.88953102915547777 0.74904496711678803
leaf_count=23 35 20 25 97 27 23
internal_value=-0.000120116 -0.0025413 0.000100078 -0.00278558 -0.00726364 0.0118391
internal_weight=9.84465 8.01112 7.16155 6.21296 4.75652 1.45645
internal_count=250 215 195 170 124 46
is_linear=0
shrinkage=0.05


Tree=484
num_leaves=10
num_cat=0
split_feature=11 15 11 16 30 17 32 28 19
split_gain=0.0898743 0.237489 0.17288 0.159634 0.190175 0.236057 0.170947 0.154453 0.0051922
threshold=0.6543561577796938 0.0086917171330561788 0.65513564348220832 0.0036382114729644872 0.0068599290075537231 -4.6409999730241451e-05 -0.11885537270768549 -0.014267610938037743 -0.007256721409300059
decision_type=2 2 2 2 2 2 2 2 2
left_child=1 7 -2 -4 5 -5 -6 -1 -9
right_child=2 -3 3 4 6 -7 -8 8 -10
leaf_value=0.00268952463302946 0.028493238137244477 0.015047051560184441 0.029627922917748118 -0.016232311325208037 0.0025161968996548862 0.0135978556189326 -0.034202790204057323 -0.026909699492884992 -0.034305522880306964
leaf_weight=0.50465962977614265 0.61656902777031053 0.72713793121511106 0.42503199353814114 0.9644182341871782 0.5527151363203302 2.1233944132691254 0.74315347045194335 0.3978191685746425 0.5881774325389415
leaf_count=19 12 18 6 34 21 57 39 19 25
internal_value=0.00010051 -0.00837966 0.00356711 0.000371099 -0.00246558 0.00428098 -0.0185414 -0.0198071 -0.0313215
internal_weight=7.64308 2.21779 5.42528 4.80871 4.38368 3.08781 1.29587 1.49066 0.985997
internal_count=250 81 169 157 151 91 60 63 44
is_linear=0
shrinkage=0.05


Tree=485
num_leaves=8
num_cat=0
split_feature=6 28 27 27 17 11 1
split_gain=0.101997 0.115616 0.245946 0.281385 0.274846 0.15859 0.0952087
threshold=0.81864901430014225 -0.041613491177663435 -0.0078430198887263752 -0.0020918071227466468 -3.2894388887149087e-05 0.70280253767967238 -0.0031355214324592091
decision_type=2 2 2 2 2 2 2
left_child=-1 5 6 -4 -5 -2 -3
right_child=1 2 3 4 -6 -7 -8
leaf_value=-0.013042313289937961 -0.019778445155440697 0.0068519480728530969 -0.028436558549491588 0.016953092061044745 -0.007352757053169472 0.0037367917488862119 0.028109774976533636
leaf_weight=1.3243767005624256 1.3011036328971379 0.9079255640972409 0.78512513521127303 2.1676188220735626 2.5097108106128894 1.597117426805198 1.2544956915080536
leaf_count=36 20 19 16 48 61 24 26
internal_value=3.49689e-05 0.0016808 0.00491194 -0.000738076 0.00391132 -0.00681995 0.0191844
internal_weight=11.8475 10.5231 7.62488 5.46245 4.67733 2.89822 2.16242
internal_count=250 214 170 125 109 44 45
is_linear=0
shrinkage=0.05


Tree=486
num_leaves=10
num_cat=0
split_feature=21 27 29 6 31 29 15 32 20
split_gain=0.0985007 0.204975 0.206318 0.375171 0.209308 0.170936 0.155714 0.179376 0.000199705
threshold=0.0015291427556902717 0.0052510406100106941 0.0020926648787336082 1.1162648967290123 0.012534581282681626 -0.002407793637394295 0.0086917171330561788 -0.040380138225051841 -0.13228409171497238
decision_type=2 2 2 2 2 2 2 2 2
left_child=1 2 4 8 -1 -3 7 -2 -4
right_child=6 5 3 -5 -6 -7 -8 -9 -10
leaf_value=-0.0040647300519841799 -0.0018723100249658465 -0.003477154224647748 -0.035389307312044004 0.020109664536018236 0.023533114288877 -0.034222032922162963 -0.0041438256321340954 0.028940162645228213 -0.033808110540673356
leaf_weight=1.3549141432158651 0.81002110755071033 0.94921137765049934 0.32637981930747584 0.50475020287558436 1.3937469278462229 0.86323796142823972 1.8603359633125363 1.1330094828736039 0.51444289216306083
leaf_count=27 21 13 9 12 25 39 39 28 37
internal_value=-8.02104e-05 -0.00412123 0.00207597 -0.0139661 0.00992914 -0.0181204 0.00619555 0.0160949 -0.0344219
internal_weight=9.71005 5.90668 4.09423 1.34557 2.74866 1.81245 3.80337 1.94303 0.840823
internal_count=250 162 110 58 52 52 88 49 46
is_linear=0
shrinkage=0.05


Tree=487
num_leaves=9
num_cat=0
split_feature=23 4 5 23 30 23 16 1
split_gain=0.0895032 0.323208 0.125267 0.150712 0.240226 0.178345 2.03608e-05 2.81695e-06
threshold=0.0042449080137474402 0.0040958217321037235 0.007841615147674957 0.0024291938876954693 -0.011280597462065332 -0.0023865193985180828 0.0048728757425848092 -0.0052979007446137807
decision_type=2 2 2 2 2 2 2 2
left_child=2 -2 3 4 -1 -6 -3 -8
right_child=1 6 -4 -5 5 -7 7 -9
leaf_value=-0.035049685224842864 0.0091924665427729028 -0.034294601340001056 0.01965666248021852 0.017190617750038995 0.0084481824825577406 -0.016717432015067608 -0.033882818813195707 -0.033640242639942718
leaf_weight=0.55727037193719287 0.98557811835780718 0.29511647438630462 0.95137935690581787 0.98877654806710769 2.2231838416191749 1.0302805380779325 0.25015370629262179 0.22946089057950303
leaf_count=21 29 10 16 18 76 34 16 30
internal_value=6.23933e-05 -0.00980285 0.00308208 -0.000203407 -0.00471666 0.000478941 -0.0339678 -0.0337668
internal_weight=7.5112 1.76031 5.75089 4.79951 3.81073 3.25346 0.774731 0.479615
internal_count=250 85 165 149 131 110 56 46
is_linear=0
shrinkage=0.05


Tree=488
num_leaves=10
num_cat=0
split_feature=21 12 12 3 28 29 22 27 29
split_gain=0.0976348 0.3303 0.161343 0.256845 0.195932 0.151377 0.120642 0.0910863 0.000274006
threshold=0.00030882381942320963 0.020023775962578493 0.016071106721505694 -0.0098099309554984231 -0.027330402965372699 0.0025370905464605635 0.00085918318370781243 0.002342432154555985 0.00012071370189115084
decision_type=2 2 2 2 2 2 2 2 2
left_child=2 5 3 -1 -5 6 -2 -6 -8
right_child=1 -3 -4 4 7 -7 8 -9 -10
leaf_value=-0.0068282238379232339 -0.0062369731411929634 0.014894648810036574 -0.011501750596118548 0.00015426589459639523 0.033310452271527978 -0.0031321840407451517 -0.034152230148432348 0.01360003651537873 -0.035745069346842129
leaf_weight=2.060380419716239 0.55499620083719525 1.3486388049786908 1.4150904265698043 1.370921337977052 1.2328081829473378 1.4802965242415664 0.57091806561220415 1.1174173671752212 0.51224311953410506
leaf_count=30 17 31 29 20 30 29 34 23 7
internal_value=2.65952e-05 -0.00577979 0.00363074 0.00733458 0.0151765 -0.0147209 -0.0251928 0.0239391 -0.0349055
internal_weight=11.6637 4.46709 7.19662 5.78153 3.72115 3.11845 1.63816 2.35023 1.08316
internal_count=250 118 132 103 73 87 58 53 41
is_linear=0
shrinkage=0.05


Tree=489
num_leaves=9
num_cat=0
split_feature=29 21 27 33 29 12 3 27
split_gain=0.0954092 0.108017 0.21644 0.181078 0.163375 0.132924 0.202484 0.0876592
threshold=0.0079183424289078781 0.0015291427556902717 0.0052510406100106941 0.28500000000000009 -0.002407793637394295 0.014598345747854891 -0.0091143224299356489 0.0052510406100106941
decision_type=2 2 2 2 2 2 2 2
left_child=1 2 5 7 -4 6 -1 -3
right_child=-2 3 4 -5 -6 -7 -8 -9
leaf_value=0.015887479257118853 -0.013604696504672298 0.00947065392455523 -0.0032616068829719501 -0.0012672225174744079 -0.034193932178420851 0.019167181238882156 -0.01453662101521536 0.03445021131925783
leaf_weight=0.91761214542202552 1.1505795517005033 0.67963198060169838 0.94513408467173576 1.9078692563343791 0.77848143805749692 1.0645420472137628 1.353620183188468 0.72679257346317172
leaf_count=18 37 20 13 39 35 26 41 21
internal_value=-0.000104209 0.00175082 -0.00284545 0.00876718 -0.0172324 0.00458837 -0.00224483 0.0223792
internal_weight=9.52426 8.37368 5.05939 3.31429 1.72362 3.33577 2.27123 1.40642
internal_count=250 213 133 80 48 85 59 41
is_linear=0
shrinkage=0.05


Tree=490
num_leaves=9
num_cat=0
split_feature=13 13 0 1 0 27 27 32
split_gain=0.0873799 0.108408 0.0991627 0.13934 0.345597 0.328215 0.287846 0.147145
threshold=68.991708892961427 74.821954873847886 0.0043548068451441111 -0.004626547305939476 1.0000000180025095e-35 0.0080970102247741611 -0.014721517926501447 -0.11885537270768549
decision_type=2 2 2 2 2 2 2 2
left_child=2 -2 3 5 7 -1 -6 -5
right_child=1 -3 -4 4 6 -7 -8 -9
leaf_value=-0.030328098910245477 -0.034030490824265562 0.0037074912193691915 0.016088989847768572 0.02930076127665536 0.019463849692966065 0.010063861744019123 -0.034223366796334136 0.0045431776897690672
leaf_weight=1.0625244469847528 0.3969154002261347 0.36558440607041121 1.0429526417283339 1.1164797885576265 0.36498009006027132 0.95493916003033508 0.79021489026490577 1.297794712183532
leaf_count=38 24 16 30 19 13 23 46 41
internal_value=9.25523e-05 -0.0159368 0.00193608 -0.000705941 0.00523045 -0.0112091 -0.0172611 0.0159923
internal_weight=7.39239 0.7625 6.62989 5.58693 3.56947 2.01746 1.15519 2.41427
internal_count=250 40 210 180 119 61 59 60
is_linear=0
shrinkage=0.05


Tree=491
num_leaves=6
num_cat=0
split_feature=6 6 6 23 23
split_gain=0.0962145 0.104335 0.251647 0.139202 0.194557
threshold=0.81864901430014225 0.90541994088542732 0.97498929778716337 0.0066468461892038597 -0.0025970891986756279
decision_type=2 2 2 2 2
left_child=-1 -2 -3 4 -4
right_child=1 2 3 -5 -6
leaf_value=-0.012899549234819306 0.014238319980159548 -0.020100726048542766 -0.0035255043393238304 -0.011600916508486164 0.014440413472917593
leaf_weight=1.2788841872243217 1.4170632273890067 1.3661366798914949 2.7214273195713732 1.2995933651109224 3.376632948638874
leaf_count=36 33 30 56 34 61
internal_value=2.69054e-05 0.00165068 -0.000384678 0.00325632 0.00642263
internal_weight=11.4597 10.1809 8.76379 7.39765 6.09806
internal_count=250 214 181 151 117
is_linear=0
shrinkage=0.05


Tree=492
num_leaves=7
num_cat=0
split_feature=13 10 23 23 25 16
split_gain=0.0952318 0.202591 0.164533 0.217367 0.238986 0.185786
threshold=36.458074118359711 -0.0082683318133502815 -0.010390825446515149 0.0062072404666733147 -0.00039091095706095253 0.0059676400861974439
decision_type=2 2 2 2 2 2
left_child=-1 -2 -3 4 -4 -5
right_child=1 2 3 5 -6 -7
leaf_value=-0.014964594067585152 0.023906412144415939 0.019756192069284775 0.0033873926715596771 0.024696307991590612 -0.019799463268503265 -0.0048652682994009648
leaf_weight=0.96757296868600029 0.9079877664335062 0.83999917423352499 1.9388960476499035 1.0313827134668829 2.6035187224624692 1.096584109123796
leaf_count=21 21 21 49 22 82 34
internal_value=-0.000108857 0.0015986 -0.00109836 -0.00372457 -0.00990233 0.00946263
internal_weight=9.38594 8.41837 7.51038 6.67038 4.54241 2.12797
internal_count=250 229 208 187 131 56
is_linear=0
shrinkage=0.05


Tree=493
num_leaves=10
num_cat=0
split_feature=16 24 0 26 28 34 22 30 17
split_gain=0.084972 0.173906 0.261375 0.176009 0.151111 0.196535 0.143588 0.124156 0.000209102
threshold=0.0047034325202266877 0.011836860373625082 0.0089254207968111361 0.017694819313036073 0.0063923203327502795 1.5152535591423466 0.0071281247551754365 0.0078152197171895716 -0.00014930708334410118
decision_type=2 2 2 2 2 2 2 2 2
left_child=7 2 3 8 -3 -6 -5 -1 -2
right_child=1 4 -4 6 5 -7 -8 -9 -10
leaf_value=0.018390182164076598 -0.035421621668313905 0.017125907579924812 0.023419875544501687 -0.018547588566259515 -0.033966275118662896 0.015014572781674 0.019389298269001699 -0.0037808332726239737 -0.0338711088217565
leaf_weight=1.2900160923600199 0.30848757829517159 1.3270619213581087 0.42241159640252579 0.74132072157226481 0.42167024413356546 0.39819501573219895 0.37589295813813806 1.2368803555145857 0.73677141504595089
leaf_count=21 10 30 9 48 31 10 9 27 55
internal_value=0.000134943 -0.00381834 -0.0125541 -0.0195812 0.00669948 -0.0101771 -0.00578351 0.00753778 -0.0343287
internal_weight=7.25871 4.73181 2.58488 2.16247 2.14693 0.819865 1.11721 2.5269 1.04526
internal_count=250 202 131 122 71 41 57 48 65
is_linear=0
shrinkage=0.05


Tree=494
num_leaves=10
num_cat=0
split_feature=25 29 28 26 12 7 21 21 7
split_gain=0.0986677 0.219072 0.152742 0.165367 0.1816 0.125351 0.0853929 6.89134e-05 1.18168e-05
threshold=0.02673919386274826 -0.0033718182032360651 0.020126715729540948 0.028204673365416547 0.014598345747854891 0.65139049291610729 0.00040767674802122405 -0.00090719209144074487 0.65384888052940382
decision_type=2 2 2 2 2 2 2 2 2
left_child=1 5 3 4 -3 -1 -4 -7 -9
right_child=-2 2 6 -5 -6 7 -8 8 -10
leaf_value=0.0011853426256685413 0.015530804667406421 -0.0010933468770780025 0.024210804937389026 0.011803247247082578 -0.021792465102539727 -0.034809213784545379 0.0036072426526495452 -0.034183183454880924 -0.033641347544052909
leaf_weight=0.37723407545126864 0.93816869612783271 4.1806045915000123 0.94848063634708557 1.6190519677475093 1.4193895272910593 0.28992897272109985 1.070470582693815 0.15093325707130134 0.3018912467523478
leaf_count=7 15 74 27 30 25 6 20 6 40
internal_value=3.73658e-06 -0.00140262 0.00112927 -0.00227077 -0.0063398 -0.0222864 0.0132866 -0.0342073 -0.0338219
internal_weight=11.2962 10.358 9.238 7.21905 5.59999 1.11999 2.01895 0.742753 0.452825
internal_count=250 235 176 129 99 59 47 52 46
is_linear=0
shrinkage=0.05


Tree=495
num_leaves=6
num_cat=0
split_feature=8 10 13 17 26
split_gain=0.0936326 0.169591 0.144048 0.1517 0.226427
threshold=0.0088850383918474534 0.012272163096311588 61.341944602793326 -0.00015557588654296409 -0.0055541117665411357
decision_type=2 2 2 2 2
left_child=1 2 3 -1 -5
right_child=-2 -3 -4 4 -6
leaf_value=0.014050016928169248 0.010378867699736722 -0.024404084029263366 0.018835995953764256 0.0084882201883748412 -0.014529536163000107
leaf_weight=1.0848413109779347 1.7199462591670451 0.79416856355965126 0.88414915592875321 1.6221889650914807 3.1297835734440032
leaf_count=25 35 20 25 51 94
internal_value=-0.000144969 -0.0025535 2.84278e-05 -0.00282051 -0.00667193
internal_weight=9.23508 7.51513 6.72096 5.83681 4.75197
internal_count=250 215 195 170 145
is_linear=0
shrinkage=0.05


Tree=496
num_leaves=7
num_cat=0
split_feature=16 27 22 7 9 21
split_gain=0.0850124 0.114645 0.11141 0.109209 0.173279 0.0798087
threshold=0.0036382114729644872 -0.019696370333794063 -0.0049192777623024977 0.65326584279537203 0.65830576717853562 -0.0040545534282730991
decision_type=2 2 2 2 2 2
left_child=-1 -2 5 -4 -5 -3
right_child=1 2 3 4 -6 -7
leaf_value=0.016685767943830854 -0.020723011051055045 0.0015831522895553862 0.016451222748033064 -0.019036796100723952 0.0052559268378355763 -0.033888376682552838
leaf_weight=0.70303164422512043 0.70039435586659227 0.27585608360823244 1.1899740276858208 0.98069823061814565 2.9189004257787019 0.37297488213516761
leaf_count=12 39 13 33 33 89 31
internal_value=0.000176741 -0.00162583 0.000705059 0.00319255 -0.000853376 -0.0188074
internal_weight=7.14183 6.4388 5.7384 5.08957 3.8996 0.648831
internal_count=250 238 199 155 122 44
is_linear=0
shrinkage=0.05


Tree=497
num_leaves=10
num_cat=0
split_feature=25 29 19 34 22 22 7 21 7
split_gain=0.0939587 0.208175 0.146415 0.19221 0.209296 0.15813 0.121669 5.84309e-05 1.05658e-05
threshold=0.02673919386274826 -0.0033718182032360651 0.0078413239599637325 1.6537859729749493 0.0053829731033915315 -0.0013117943768909399 0.65139049291610729 -0.00090719209144074487 0.65384888052940382
decision_type=2 2 2 2 2 2 2 2 2
left_child=1 6 3 4 -3 -4 -1 -8 -9
right_child=-2 2 5 -5 -6 -7 7 8 -10
leaf_value=0.0010800226513477458 0.015289357883416847 0.007074482479406851 0.028878359953938094 -0.020275728032928906 -0.013600229134799444 -0.002341527855630529 -0.034733042567127663 -0.0341521386325555 -0.03363042839649464
leaf_weight=0.37287320406176039 0.92243478260934431 4.6359318727627379 0.88963954034261405 1.1925618629902599 1.6633061398752031 0.74544873740524031 0.27649658359587193 0.14552546152845025 0.29132200893945992
leaf_count=7 15 80 21 23 32 20 6 6 40
internal_value=6.87401e-06 -0.00137342 0.00108923 -0.00186932 0.00161535 0.014645 -0.0220657 -0.0341642 -0.0338042
internal_weight=11.1355 10.2131 9.12689 7.4918 6.29924 1.63509 1.08622 0.713344 0.436847
internal_count=250 235 176 135 112 41 59 52 46
is_linear=0
shrinkage=0.05


Tree=498
num_leaves=8
num_cat=0
split_feature=0 17 24 23 0 13 20
split_gain=0.0939882 0.208652 0.178168 0.170367 0.232353 0.162448 0.109872
threshold=-0.0024734993976700532 -0.00015557588654296409 0.016983875540142471 0.0066468461892038597 0.00015791717509106021 46.878219000298678 0.033676593633715564
decision_type=2 2 2 2 2 2 2
left_child=5 -2 3 4 -3 -1 -7
right_child=1 2 -4 -5 -6 6 -8
leaf_value=-0.021376613646987289 0.022608664053955386 0.020897410483401255 -0.02181234426599114 0.020417056249889876 -0.0097122462234389695 -0.0095497126311297302 0.01854850940178952
leaf_weight=1.2297863789135592 1.1303238733671603 0.81243817624636028 0.86491117964033026 1.0669152254704384 2.617030601715669 0.74699229886755325 0.65122111001983285
leaf_count=35 22 23 29 25 76 20 20
internal_value=-0.000143624 0.00308602 -0.00102995 0.00296769 -0.00246085 -0.0081214 0.0035371
internal_weight=9.11962 6.49162 5.3613 4.49638 3.42947 2.628 1.39821
internal_count=250 175 153 124 99 75 40
is_linear=0
shrinkage=0.05


Tree=499
num_leaves=11
num_cat=0
split_feature=23 3 23 16 17 4 3 9 25 15
split_gain=0.0811467 0.295626 0.144975 0.173845 0.299423 0.153007 0.106609 0.0803045 3.4524e-05 1.10474e-05
threshold=0.0035613813464201454 0.007094210179275696 0.00095428468312486203 0.0060959300155449545 -0.00036651549969018445 0.0050816842281263932 0.014914643890479586 0.65497699379920971 0.0081513609403262039 0.01153293097911765
decision_type=2 2 2 2 2 2 2 2 2 2
left_child=2 8 3 5 -5 7 -3 -1 -2 -6
right_child=1 6 -4 4 9 -7 -8 -9 -10 -11
leaf_value=-0.017638327654405192 -0.033799112054230591 0.022846097559914194 0.018741792341639061 0.026669144387299476 -0.033659279167732654 0.018227228622718611 -0.0075054746162738287 0.0045969578717482123 -0.034496061951444994 -0.034048509629081895
leaf_weight=0.70473293575923912 0.35210151300998394 0.54694053309503921 1.1861689700162967 0.27503096312284403 0.52072914520977109 1.2689673118293283 0.61422344238962978 0.95813941583037376 0.35871180193498731 0.28049947030376643
leaf_count=21 34 17 24 4 56 18 29 22 11 14
internal_value=0.000170153 -0.00875515 0.00338677 -0.00115744 -0.0183442 0.00515171 0.00679096 -0.00482646 -0.0341508 -0.0337955
internal_weight=7.06625 1.87198 5.19427 4.0081 1.07626 2.93184 1.16116 1.66287 0.710813 0.801229
internal_count=250 91 159 135 74 61 46 43 45 70
is_linear=0
shrinkage=0.05


Tree=500
num_leaves=8
num_cat=0
split_feature=28 27 17 12 17 21 30
split_gain=0.0966829 0.213906 0.182025 0.170241 0.167698 0.16107 0.236948
threshold=-0.033802441634774187 -0.014249805898495336 -3.2894388887149087e-05 0.0072674744453094528 -9.1225868396147656e-05 0.0017184121188301706 -0.0014179606538373688
decision_type=2 2 2 2 2 2 2
left_child=4 -2 3 -3 -1 6 -4
right_child=1 2 5 -5 -6 -7 -8
leaf_value=-0.024375233628306743 0.020401231457372247 -0.006890878245603374 -0.02100656384667636 0.017949962608438039 0.00078539858193496536 -0.027041857350261989 0.0088287887598752831
leaf_weight=1.0002183150500061 1.42821664828807 1.1198589033447199 1.0723822675645345 1.7956632399000225 1.9599708446767188 0.87497545604128379 1.7538108231965464
leaf_count=13 39 27 18 37 38 39 39
internal_value=9.76416e-06 0.00285257 -0.00093532 0.00840854 -0.00771613 -0.00829576 -0.00249206
internal_weight=11.0051 8.04491 6.61669 2.91552 2.96019 3.70117 2.82619
internal_count=250 199 160 64 51 96 57
is_linear=0
shrinkage=0.05


Tree=501
num_leaves=9
num_cat=0
split_feature=29 30 19 25 10 19 13 22
split_gain=0.0904325 0.106872 0.136806 0.171869 0.200851 0.167221 0.154448 0.131138
threshold=0.0079183424289078781 0.01096511336316275 -0.0051572431413661737 -0.00039091095706095253 -0.0012174843209723583 -0.030315482237622923 50.189826379787291 -0.002301899024704845
decision_type=2 2 2 2 2 2 2 2
left_child=1 2 5 6 -5 -1 -4 -3
right_child=-2 7 3 4 -6 -7 -8 -9
leaf_value=0.0024310984085864616 -0.013580282255341972 -0.0011956214837822998 0.0010615539032587616 0.014252461795133715 -0.017492964566037709 -0.025438465285958924 0.034280843290886487 0.022977399602614992
leaf_weight=1.0524779642000797 1.0945371505804358 1.1134968339465561 0.69610392930917464 0.8259276254102591 1.255901124095544 1.1015674991067497 0.70353223197162151 1.1308683354873208
leaf_count=33 37 30 20 16 29 26 29 30
internal_value=-0.000113193 0.00175742 -0.00191727 0.0042105 -0.00489855 -0.0118212 0.0177594 0.0109844
internal_weight=8.97441 7.87988 5.63551 3.48146 2.08183 2.15405 1.39964 2.24437
internal_count=250 213 153 94 45 59 49 60
is_linear=0
shrinkage=0.05


Tree=502
num_leaves=7
num_cat=0
split_feature=16 27 0 16 0 28
split_gain=0.0824337 0.106177 0.108436 0.168517 0.126616 0.0682036
threshold=0.0036382114729644872 -0.019696370333794063 0.005867125624434589 0.0074990345562421208 -0.0012229887458360398 -0.025951307483199178
decision_type=2 2 2 2 2 2
left_child=-1 -2 3 4 -3 -5
right_child=1 2 -4 5 -6 -7
leaf_value=0.016591687839567732 -0.020432442247612221 0.0096016317039565521 0.017046741883607351 0.00075557428050772909 -0.0082728908086650375 -0.034021076151283518
leaf_weight=0.6858014129102229 0.6728322019916958 2.2222245084121819 0.84900776634458441 0.19278025871608406 1.7878048290149311 0.52473721670685325
leaf_count=12 39 48 25 10 67 49
internal_value=0.00013612 -0.0016697 0.000594098 -0.00236059 0.00163257 -0.0246774
internal_weight=6.93519 6.24939 5.57655 4.72755 4.01003 0.717517
internal_count=250 238 199 174 115 59
is_linear=0
shrinkage=0.05


Tree=503
num_leaves=9
num_cat=0
split_feature=6 28 27 17 21 11 7 1
split_gain=0.0911245 0.104207 0.212319 0.21602 0.223757 0.144992 0.137964 0.0847068
threshold=0.81864901430014225 -0.041613491177663435 -0.0078430198887263752 -3.2894388887149087e-05 -0.00090719209144074487 0.70280253767967238 0.65792649388313296 -0.0031355214324592091
decision_type=2 2 2 2 2 2 2 2
left_child=-1 5 7 6 -5 -2 -4 -3
right_child=1 2 3 4 -6 -7 -8 -9
leaf_value=-0.01290973446747519 -0.019587902291725998 0.0067390688591737928 -0.0041357814136673172 0.010529802458978957 -0.020290132475768583 0.0037791408140019594 0.020872378277195486 0.027733377196945637
leaf_weight=1.2125518250977627 1.2066043727099889 0.83718165173195291 0.93141652783378859 0.87329590762965281 1.8084847251884664 1.4758604278322307 1.3520608067046849 1.1275676256045688
leaf_count=36 20 19 20 20 51 24 34 26
internal_value=6.63509e-06 0.00163595 0.00487487 -0.000630415 -0.0102539 -0.00673163 0.0106717 0.0187877
internal_weight=10.825 9.61247 6.93001 4.96526 2.68178 2.68246 2.28348 1.96475
internal_count=250 214 170 125 71 44 54 45
is_linear=0
shrinkage=0.05


Tree=504
num_leaves=8
num_cat=0
split_feature=0 17 24 29 26 13 3
split_gain=0.0905673 0.195192 0.163935 0.168324 0.355526 0.152696 0.0966572
threshold=-0.0024734993976700532 -0.00015557588654296409 0.016983875540142471 -0.0050407266246748619 0.028204673365416547 46.878219000298678 0.015806928603371521
decision_type=2 2 2 2 2 2 2
left_child=5 -2 3 -3 -5 -1 -7
right_child=1 2 -4 4 -6 6 -8
leaf_value=-0.021037507608912945 0.022347187982137702 0.026330749594740716 -0.021348506597433023 0.0079181223885268891 -0.027496154539868603 0.016924457241818253 -0.0097840383153521455
leaf_weight=1.1973641756922009 1.0928569030947981 0.65487212943844442 0.82459196203853924 2.7644122568890461 0.95299984235316504 0.67235849751159527 0.6827078873757273
leaf_count=35 22 19 29 71 34 20 20
internal_value=-8.40322e-05 0.00313954 -0.000899658 0.0029569 -0.00116072 -0.0080276 0.00346822
internal_weight=8.84216 6.28973 5.19688 4.37228 3.71741 2.55243 1.35507
internal_count=250 175 153 124 105 75 40
is_linear=0
shrinkage=0.05


Tree=505
num_leaves=8
num_cat=0
split_feature=25 23 3 23 16 2 8
split_gain=0.0789977 0.116495 0.207753 0.170256 0.2058 0.212248 1.89474e-05
threshold=-0.013357536330666551 0.0035613813464201454 0.011557211518698486 0.00095428468312486203 0.0051239844252546117 -0.0089532726903748232 -0.0051038883061909684
decision_type=2 2 2 2 2 2 2
left_child=-1 3 6 4 -2 -6 -3
right_child=1 2 -4 -5 5 -7 -8
leaf_value=0.016031102422688546 0.0064027031325188961 -0.034380571126241384 0.0026991360732243576 0.019201671493656577 0.007743641906005236 -0.033839608750511625 -0.033853994522212723
leaf_weight=0.69803934969240788 2.1363345710560684 0.31951661454513669 0.86901034403126687 1.1237228651880284 0.48288890765979853 0.84182300482643779 0.36710375320399158
leaf_count=27 38 11 35 21 18 69 31
internal_value=9.22515e-05 -0.00171967 -0.0135427 0.00229194 -0.00319826 -0.0186815 -0.034099
internal_weight=6.83844 6.1404 1.55563 4.58477 3.46105 1.32471 0.68662
internal_count=250 223 77 146 125 87 42
is_linear=0
shrinkage=0.05


Tree=506
num_leaves=9
num_cat=0
split_feature=5 25 29 33 1 13 22 10
split_gain=0.089226 0.151876 0.248372 0.198552 0.204237 0.134543 0.122737 8.76761e-05
threshold=0.007841615147674957 0.02489918393512747 -0.002407793637394295 0.29500000000000004 -0.0052979007446137807 45.795624365880023 0.0010569714960984025 -0.0070849110505059772
decision_type=2 2 2 2 2 2 2 2
left_child=1 2 6 4 -4 -5 -1 -8
right_child=-2 -3 3 5 -6 -7 7 -9
leaf_value=-0.0035735144794604061 -0.010606026955937162 0.02298076926097254 0.014511355879254971 -0.0027322966509735484 -0.0097811018229488744 0.021872288022676451 -0.035041105034452305 -0.033898847623798356
leaf_weight=0.60424105520359972 1.6695937067270286 0.78570118639618236 1.2052890183404064 0.79333671275526318 3.0666640105191623 1.8541524505708364 0.28223845176398754 0.41502388950902969
leaf_count=21 25 15 22 14 68 42 7 36
internal_value=1.05064e-05 0.00197853 -2.87185e-05 0.00374047 -0.00292723 0.0144994 -0.0200676 -0.0343612
internal_weight=10.6762 9.00665 8.22095 6.91944 4.27195 2.64749 1.3015 0.697262
internal_count=250 225 210 146 90 56 64 43
is_linear=0
shrinkage=0.05


Tree=507
num_leaves=10
num_cat=0
split_feature=21 29 1 7 15 32 32 23 32
split_gain=0.0893028 0.180784 0.271732 0.140973 0.126236 0.156169 0.0765504 2.75506e-05 3.05957e-06
threshold=0.0015291427556902717 0.00066787763764009089 0.010303518108427003 0.69276348650455477 0.0086917171330561788 -0.040380138225051841 -0.062394963217384615 0.0050206361227920224 0.039552920332265463
decision_type=2 2 2 2 2 2 2 2 2
left_child=1 3 7 6 5 -2 -1 8 -3
right_child=4 2 -4 -5 -6 -7 -8 -9 -10
leaf_value=-0.014010113398681402 -0.0018880452367871555 -0.033589863029023732 0.0035414181247806751 0.016725517850539461 -0.0036366236246456601 0.028458385292458317 0.0047987317388526983 -0.03429042345355824 -0.033810728448434517
leaf_weight=1.096315461676568 0.73435899475589383 0.23688260035123654 0.91374842170625914 1.1848036372102795 1.6644461471587417 1.003003166173585 1.0678883669897916 0.32952078315429389 0.46380883606616408
leaf_count=27 21 30 20 22 39 28 19 13 31
internal_value=-0.000116871 -0.00417923 -0.0163079 0.00286099 0.00620387 0.0156314 -0.00472922 -0.0339134 -0.0337361
internal_weight=8.69478 5.29297 1.94396 3.34901 3.40181 1.73736 2.1642 1.03021 0.700691
internal_count=250 162 94 68 88 49 46 74 61
is_linear=0
shrinkage=0.05


Tree=508
num_leaves=7
num_cat=0
split_feature=16 27 0 16 14 28
split_gain=0.0792005 0.0988631 0.10518 0.156709 0.123189 0.0666094
threshold=0.0036382114729644872 -0.019696370333794063 0.005867125624434589 0.0074990345562421208 0.19927891406891793 -0.025951307483199178
decision_type=2 2 2 2 2 2
left_child=-1 -2 3 4 -3 -5
right_child=1 2 -4 5 -6 -7
leaf_value=0.016451189898459596 -0.020152332676087369 0.018802893894373913 0.01697172931213789 0.00093527774946556674 -0.0030879557048633889 -0.033979931115935086
leaf_weight=0.67013845220208157 0.64594964601565141 0.81141843833029303 0.82562632276676584 0.18804596201516688 3.0902341596665792 0.49928335496224452
leaf_count=12 39 14 25 10 101 49
internal_value=0.000140291 -0.00166327 0.000542436 -0.00241344 0.00146464 -0.0244275
internal_weight=6.7307 6.06056 5.41461 4.58898 3.90165 0.687329
internal_count=250 238 199 174 115 59
is_linear=0
shrinkage=0.05


Tree=509
num_leaves=9
num_cat=0
split_feature=23 25 24 28 27 16 27 1
split_gain=0.0879904 0.122408 0.147471 0.25628 0.255032 0.121127 0.116412 0.196224
threshold=-0.0025970891986756279 0.011016035910764834 0.0027810432579040705 0.024831379034897298 -0.0078430198887263752 0.0055692452985979099 0.002342432154555985 -0.00089745529560752979
decision_type=2 2 2 2 2 2 2 2
left_child=6 2 5 4 -4 -2 7 -1
right_child=1 -3 3 -5 -6 -7 -8 -9
leaf_value=0.0063875325022415153 -0.00083557303844342893 0.017551644385030259 0.0064116897269351006 0.017105066168915287 -0.030893149457913573 0.02140219296365822 0.008608825282642351 -0.020329699068220516
leaf_weight=1.0685619122814387 1.377939671976492 1.2678432092070577 0.72233860008418549 0.74865569348912675 1.2526428698329257 1.102135758846998 1.0418646554462609 1.9258236328605562
leaf_count=29 25 29 13 27 36 24 28 39
internal_value=6.84336e-06 0.00362025 0.000225971 -0.00780606 -0.0172491 0.0090468 -0.00578673 -0.0107955
internal_weight=10.5078 6.47156 5.20371 2.72364 1.97498 2.48008 4.03625 2.99439
internal_count=250 154 125 76 49 49 96 68
is_linear=0
shrinkage=0.05


Tree=510
num_leaves=9
num_cat=0
split_feature=29 21 27 12 29 16 12 17
split_gain=0.0883799 0.102339 0.189681 0.150488 0.143008 0.140541 0.11698 0.207808
threshold=0.0079183424289078781 0.0015291427556902717 0.0052510406100106941 0.019611677634895106 -0.002407793637394295 0.0074990345562421208 0.014598345747854891 4.5485281666974008e-05
decision_type=2 2 2 2 2 2 2 2
left_child=1 2 6 5 -4 -3 7 -1
right_child=-2 3 4 -5 -6 -7 -8 -9
leaf_value=0.0095202410393552817 -0.013687453965649117 0.0068746958598478562 -0.0033983122215092264 -0.0064379031943804276 -0.034088389353847635 0.034665396320941899 0.018929593067601738 -0.023670956829137925
leaf_weight=1.3223621638026095 1.0491253779036922 1.2285687755793335 0.84183837939053774 1.0327697368338702 0.69126920227427013 0.72244579030666489 0.94612493715248991 0.73297338176053006
leaf_count=32 37 29 13 25 35 26 26 27
internal_value=-9.28066e-05 0.00180422 -0.0029278 0.00899564 -0.0172363 0.0171654 0.0043808 -0.0023164
internal_weight=8.56748 7.51835 4.53457 2.98378 1.53311 1.95101 3.00146 2.05534
internal_count=250 213 133 80 48 55 85 59
is_linear=0
shrinkage=0.05


Tree=511
num_leaves=9
num_cat=0
split_feature=13 13 0 1 0 27 27 32
split_gain=0.0772125 0.0962071 0.0836373 0.125503 0.297401 0.277657 0.264611 0.128335
threshold=68.991708892961427 74.821954873847886 0.0043548068451441111 -0.004626547305939476 1.0000000180025095e-35 0.0080970102247741611 -0.014721517926501447 -0.11885537270768549
decision_type=2 2 2 2 2 2 2 2
left_child=2 -2 3 5 7 -1 -6 -5
right_child=1 -3 -4 4 6 -7 -8 -9
leaf_value=-0.03004453880148035 -0.033962506345264862 0.0034158185287306978 0.015490335437808362 0.029013062245580503 0.019933259442139979 0.0093849508308420371 -0.034142969565777954 0.004599830190065499
leaf_weight=0.9362750850850714 0.35273401660379011 0.33626086288131773 0.95828513242304314 0.99637030088342715 0.33357316732872277 0.85349369584582746 0.70293935650261097 1.1709388164454146
leaf_count=38 24 16 30 19 13 23 46 41
internal_value=0.000125844 -0.0157202 0.0019602 -0.00063628 0.00528826 -0.0112417 -0.01674 0.0158232
internal_weight=6.64087 0.688995 5.95188 4.99359 3.20382 1.78977 1.03651 2.16731
internal_count=250 40 210 180 119 61 59 60
is_linear=0
shrinkage=0.05


Tree=512
num_leaves=8
num_cat=0
split_feature=6 21 28 17 15 27 11
split_gain=0.0845349 0.0975442 0.125265 0.170247 0.202428 0.179448 0.143765
threshold=0.81864901430014225 0.0033023354171393131 -0.041613491177663435 -3.0263171990597757e-05 0.0079634065352470959 -0.0078430198887263752 0.70280253767967238
decision_type=2 2 2 2 2 2 2
left_child=-1 2 6 4 -4 -5 -2
right_child=1 -3 3 5 -6 -7 -8
leaf_value=-0.012759208811019541 -0.019176176975157385 -0.014431594927192494 0.00072226757814995192 0.016817943894321362 0.030380586175470788 -0.0075745379114714548 0.0047990692656120623
leaf_weight=1.1541229621507234 1.1420892328023886 0.86040378100005988 1.0063363201916198 1.1094781262800077 1.3433126732707021 2.3532401463016903 1.381747657433152
leaf_count=36 19 38 22 26 33 54 22
internal_value=-3.92171e-06 0.0015968 0.00325113 0.00728996 0.0176782 0.000240977 -0.00605023
internal_weight=10.3507 9.19661 8.3362 5.81237 2.34965 3.46272 2.52384
internal_count=250 214 176 135 55 80 41
is_linear=0
shrinkage=0.05


Tree=513
num_leaves=10
num_cat=0
split_feature=21 23 3 23 29 7 13 5 26
split_gain=0.0847202 0.122561 0.151246 0.246163 0.150189 0.182878 0.151739 0.102536 0.0801839
threshold=-0.0022840014219216993 -0.0063565487640722665 0.01331298085011501 0.0062072404666733147 0.0017180215788457078 0.65213517546653754 46.479279508882293 0.0040769507325254207 0.013580369033831642
decision_type=2 2 2 2 2 2 2 2 2
left_child=7 -2 4 -4 5 -3 -6 -1 -9
right_child=1 2 3 -5 6 -7 -8 8 -10
leaf_value=0.007773995792887305 0.016759042595152575 -0.0051331848690687795 -0.026506402078103754 0.0069770657384037472 -0.027343533616753665 0.022986547102047797 0.0085877238672960703 -0.0053651741677992366 -0.034994434691754832
leaf_weight=0.46301059972029157 1.1916066873818634 0.92531259544193822 1.1968292105011644 1.0139471059665082 0.58447376871481516 1.5413326487177981 0.59086829365696758 0.43020187853835523 0.48664034227840602
leaf_count=16 32 17 27 25 27 45 20 18 23
internal_value=-7.65284e-05 0.00214266 -0.000833198 -0.0111496 0.00542911 0.012438 -0.00928016 -0.0114058 -0.0210918
internal_weight=8.42422 7.04437 5.85276 2.21078 3.64199 2.46665 1.17534 1.37985 0.916842
internal_count=250 193 161 52 109 62 47 57 41
is_linear=0
shrinkage=0.05


Tree=514
num_leaves=9
num_cat=0
split_feature=1 17 5 17 0 1 1 22
split_gain=0.0740133 0.147517 0.106431 0.193916 0.152319 0.177537 0.115304 0.0281626
threshold=0.010303518108427003 5.9363987118545751e-05 0.007841615147674957 0.00017193858391443046 -7.5322746376560432e-05 -0.004626547305939476 -0.00023346459761786062 -0.0012032368139320291
decision_type=2 2 2 2 2 2 2 2
left_child=2 -2 3 4 5 -1 -6 -5
right_child=1 -3 -4 7 6 -7 -8 -9
leaf_value=-0.020725019326462795 -0.03402559691581971 0.0076889241205642112 0.018781962564384445 -0.01376060010045225 0.027854555859778377 0.0068285366018732974 0.0021286843251042877 -0.033972129884945183
leaf_weight=1.0038062432431614 0.43343101127538819 0.41473179031163454 0.82732678693719197 0.30992376722861081 0.85414884216152132 1.3999536902410907 0.88876392692327522 0.38827236322686065
leaf_count=33 29 21 17 13 24 48 38 27
internal_value=0.000147891 -0.0136282 0.00220782 -0.000622434 0.00348221 -0.00467778 0.0147362 -0.0250004
internal_weight=6.52036 0.848163 5.6722 4.84487 4.14667 2.40376 1.74291 0.698196
internal_count=250 50 200 183 143 81 62 40
is_linear=0
shrinkage=0.05


Tree=515
num_leaves=9
num_cat=0
split_feature=23 23 16 32 25 6 6 31
split_gain=0.0869142 0.119828 0.11852 0.212645 0.230923 0.110767 0.14848 0.130166
threshold=-0.0025970891986756279 1.0000000180025095e-35 0.004985986628072276 0.076970006649284939 0.0043825540775941372 1.1054098550981635 1.063012485177673 0.080299513778814169
decision_type=2 2 2 2 2 2 2 2
left_child=5 -2 -3 4 -4 6 7 -1
right_child=1 2 3 -5 -6 -7 -8 -9
leaf_value=-0.019862427145657321 0.014536342889599369 -0.01550986731816865 0.00043410859326133432 -0.012950767015283766 0.033857012540594415 -0.022067897435746095 0.017147536651024076 0.0040029991087259156
leaf_weight=1.1467104544863116 1.7938223737291989 1.0440207015490157 1.3712593655800454 1.2264764385763554 0.82936092093586911 0.83199589420109976 0.7922359351068734 1.1386976054636759
leaf_count=29 30 25 46 35 18 19 16 32
internal_value=-3.14126e-05 0.00361921 -0.000760766 0.00373236 0.0130304 -0.0058813 -0.00150549 -0.00797155
internal_weight=10.1746 6.26494 4.47112 3.4271 2.20062 3.90964 3.07764 2.28541
internal_count=250 154 124 99 64 96 77 61
is_linear=0
shrinkage=0.05


Tree=516
num_leaves=6
num_cat=0
split_feature=8 10 13 22 6
split_gain=0.08311 0.144492 0.124489 0.139219 0.186648
threshold=0.0088850383918474534 0.012272163096311588 61.341944602793326 0.01080109079869185 0.97498929778716337
decision_type=2 2 2 2 2
left_child=1 2 3 4 -1
right_child=-2 -3 -4 -5 -6
leaf_value=0.0074621098976482593 0.010432889426778138 -0.023990005486813522 0.018598901368353224 0.017923769855421396 -0.013587240286918864
leaf_weight=1.6548562126699833 1.5406600506976245 0.69730585650540877 0.78661775344517071 0.70641290198545892 2.8963690790114924
leaf_count=59 35 20 25 21 90
internal_value=-4.4429e-05 -0.00243883 4.74607e-05 -0.0027281 -0.00593355
internal_weight=8.28222 6.74156 6.04426 5.25764 4.55123
internal_count=250 215 195 170 149
is_linear=0
shrinkage=0.05


Tree=517
num_leaves=8
num_cat=0
split_feature=13 13 25 29 3 24 27
split_gain=0.0716675 0.0906898 0.0754507 0.135377 0.114514 0.121175 0.195219
threshold=68.991708892961427 74.821954873847886 0.011479340990343758 0.0058275285417502829 0.014158997593252233 0.016983875540142471 0.0064307750651532167
decision_type=2 2 2 2 2 2 2
left_child=2 -2 4 -4 5 6 -1
right_child=1 -3 3 -5 -6 -7 -8
leaf_value=-0.017446548571830211 -0.033916199989651945 0.0030769476249701234 -0.033969741354892537 0.0063639674930553256 0.017051136259120764 0.014312698619793205 0.010454467971318035
leaf_weight=1.5322378757991835 0.33196359971771006 0.33073665091069415 0.38093029556330282 0.45838108018506318 1.292914768331684 1.0198760188650338 1.0610914028948171
leaf_count=70 24 16 26 16 35 30 33
internal_value=0.000115394 -0.0154539 0.00191121 -0.0119419 0.00428113 -0.00028837 -0.00603052
internal_weight=6.40813 0.6627 5.74543 0.839311 4.90612 3.61321 2.59333
internal_count=250 40 210 42 168 133 103
is_linear=0
shrinkage=0.05


Tree=518
num_leaves=11
num_cat=0
split_feature=5 29 33 1 5 25 13 5 13 7
split_gain=0.0817462 0.132314 0.171685 0.210498 0.180496 0.163171 0.121512 0.0911371 0.0780442 7.63986e-05
threshold=0.007841615147674957 -0.002407793637394295 0.29500000000000004 -0.0052979007446137807 0.0036039470898902872 0.011479340990343758 45.795624365880023 0.0048477386987684085 40.094497893321083 0.65105445086956037
decision_type=2 2 2 2 2 2 2 2 2 2
left_child=1 5 3 -3 -5 8 -4 -8 -1 -10
right_child=-2 2 6 4 -6 -7 7 -9 9 -11
leaf_value=-0.0017937205428821632 -0.010509794907609386 0.016072993171990759 -0.0016267876958254693 0.011026543559897359 -0.01589943393447267 0.0084380816697718995 0.0096055047963733691 0.032121370593211698 -0.035054138645206394 -0.033833352652281344
leaf_weight=0.26120121451094636 1.5707147142384208 1.2474808935075983 0.76852629706263575 0.86778493318706829 2.2010004224721342 0.61719438247382641 0.81083923135884095 1.0082967518828807 0.17584122880361974 0.47260997531702742
leaf_count=9 25 25 15 19 53 10 19 26 5 44
internal_value=-3.71438e-05 0.00191399 0.00485969 -0.00124534 -0.00828536 -0.0114056 0.015043 0.0220854 -0.0248694 -0.0341644
internal_weight=10.0015 8.43078 6.90393 4.31627 3.06879 1.52685 2.58766 1.81914 0.909652 0.648451
internal_count=250 225 157 97 72 68 60 45 58 49
is_linear=0
shrinkage=0.05


Tree=519
num_leaves=9
num_cat=0
split_feature=29 21 27 26 27 29 28 12
split_gain=0.0832348 0.0954646 0.170045 0.142509 0.175687 0.141231 0.10757 0.152414
threshold=0.0079183424289078781 0.0015291427556902717 0.0052510406100106941 0.0074195819369486946 0.0014385872062956386 -0.002407793637394295 -0.033802441634774187 0.014598345747854891
decision_type=2 2 2 2 2 2 2 2
left_child=1 2 6 4 -3 -4 -1 -8
right_child=-2 3 5 -5 -6 -7 7 -9
leaf_value=0.017003301400969301 -0.013530796029606884 0.0015038302989181492 -0.0027552088554823272 -0.0038211958308006495 0.034560719154522287 -0.034036236612664257 -0.014222522844869419 0.015889481657693307
leaf_weight=1.0450503118336198 1.0065433278214184 0.77117948012892179 0.8065647566691041 1.2392644034698603 0.83945031091570854 0.65294091112446018 1.1427443241700532 0.66463977540843178
leaf_count=25 37 20 13 30 30 35 39 21
internal_value=-6.75288e-05 0.00182463 -0.00286844 0.00892533 0.0187329 -0.0167494 0.00423406 -0.00314926
internal_weight=8.16838 7.16183 4.31194 2.84989 1.61063 1.45951 2.85243 1.80738
internal_count=250 213 133 80 50 48 85 60
is_linear=0
shrinkage=0.05


Tree=520
num_leaves=10
num_cat=0
split_feature=11 15 28 11 16 30 17 32 33
split_gain=0.0709506 0.205593 0.139301 0.138026 0.131562 0.165351 0.184365 0.134098 0.00420182
threshold=0.6543561577796938 0.0086917171330561788 -0.017113539039669608 0.65513564348220832 0.0036382114729644872 0.0068599290075537231 -3.0263171990597757e-05 -0.11885537270768549 0.15500000000000003
decision_type=2 2 2 2 2 2 2 2 2
left_child=1 2 -1 -2 -5 6 -6 -7 -4
right_child=3 -3 8 4 5 7 -8 -9 -10
leaf_value=0.0049571368781336457 0.027675669803052774 0.015815378040758388 -0.026847114319479306 0.029299927464285055 -0.012257145150422172 0.0020672344715362474 0.015185706734571447 -0.03405096482710724 -0.034164388844790228
leaf_weight=0.38428874197415996 0.52245789463631798 0.59854184737196181 0.3144556353217921 0.35700496658682856 1.0108653427450922 0.43800536202616058 1.5511088517378084 0.62182409269735195 0.52165331796277314
leaf_count=16 12 18 20 6 39 21 52 39 27
internal_value=0.000145984 -0.00818777 -0.0199601 0.00351361 0.000340888 -0.00251363 0.00435772 -0.0191241 -0.0314124
internal_weight=6.32021 1.81894 1.2204 4.50127 3.97881 3.6218 2.56197 1.05983 0.836109
internal_count=250 81 63 169 157 151 91 60 47
is_linear=0
shrinkage=0.05


Tree=521
num_leaves=9
num_cat=0
split_feature=28 21 27 22 17 15 17 28
split_gain=0.0796486 0.17038 0.171528 0.163655 0.167617 0.140759 0.136264 0.0594761
threshold=-0.033802441634774187 -0.0012136963179997793 -0.0085680501305291906 -0.00361039904614413 1.5255290999500237e-05 0.0082468733940821316 0.00013822532274314854 0.013037091840812478
decision_type=2 2 2 2 2 2 2 2
left_child=5 6 -3 -4 -5 -1 7 -2
right_child=1 2 3 4 -6 -7 -8 -9
leaf_value=-0.021784325172572061 0.013758499627642615 0.01261988386554299 0.01097557083957231 -0.0036934059752164873 -0.028408251718292102 0.0017988518956681386 -0.0035980179899010134 0.034657736599521108
leaf_weight=1.0402571426238867 0.69220898300409339 1.4296574064064769 0.89117417065426741 1.7178679492790254 1.1421472834190352 1.6150535074993966 0.66331571154296387 0.66985946707427502
leaf_count=22 23 31 23 40 45 29 17 20
internal_value=-3.76255e-05 0.00269003 -0.00211702 -0.00773356 -0.0135633 -0.00744021 0.0149863 0.0240367
internal_weight=9.86154 7.20623 5.18085 3.75119 2.86002 2.65531 2.02538 1.36207
internal_count=250 199 139 108 85 51 60 43
is_linear=0
shrinkage=0.05


Tree=522
num_leaves=7
num_cat=0
split_feature=13 10 23 21 15 23
split_gain=0.0796031 0.168077 0.133232 0.198323 0.21158 0.156463
threshold=36.458074118359711 -0.0082683318133502815 -0.010390825446515149 0.0015291427556902717 0.0086917171330561788 0.0095652383557438565
decision_type=2 2 2 2 2 2
left_child=-1 -2 -3 5 -5 -4
right_child=1 2 3 4 -6 -7
leaf_value=-0.014713991767219083 0.023469147139773591 0.019153318109432074 -0.016950790495530929 0.020127993955055237 -0.0088889816283044525 0.012717943117830905
leaf_weight=0.8295541644329204 0.78579236473888148 0.72535189148038615 2.6312048055697237 1.3713969662785532 1.1592593251261858 0.53468048851937044
leaf_count=21 21 21 102 43 31 11
internal_value=-4.64601e-05 0.00164167 -0.00102917 -0.00359905 0.00683571 -0.0119401
internal_weight=8.03724 7.20769 6.42189 5.69654 2.53066 3.16589
internal_count=250 229 208 187 74 113
is_linear=0
shrinkage=0.05


Tree=523
num_leaves=7
num_cat=0
split_feature=16 27 0 16 14 28
split_gain=0.0674831 0.0893692 0.0953179 0.139942 0.113107 0.0578283
threshold=0.0036382114729644872 -0.019696370333794063 0.005867125624434589 0.0074990345562421208 0.19927891406891793 -0.025951307483199178
decision_type=2 2 2 2 2 2
left_child=-1 -2 3 4 -3 -5
right_child=1 2 -4 5 -6 -7
leaf_value=0.015986377956941796 -0.019856040912419971 0.018712982637982711 0.016828260149194682 -0.00012142491833935265 -0.0030851465992216874 -0.033900289333540425
leaf_weight=0.60783489793539036 0.59602546406676982 0.75172303849831257 0.76829724945127953 0.17741146113257855 2.8562561882135924 0.44330246516619798
leaf_count=12 39 14 25 10 101 49
internal_value=0.000163988 -0.00155555 0.000627276 -0.00231623 0.0014565 -0.0242457
internal_weight=6.20085 5.59302 4.99699 4.22869 3.60798 0.620714
internal_count=250 238 199 174 115 59
is_linear=0
shrinkage=0.05


Tree=524
num_leaves=9
num_cat=0
split_feature=23 23 16 32 25 6 29 15
split_gain=0.0817707 0.110818 0.108672 0.190678 0.217088 0.106409 0.126879 0.0816872
threshold=-0.0025970891986756279 1.0000000180025095e-35 0.004985986628072276 0.076970006649284939 0.0043825540775941372 1.1054098550981635 0.0020926648787336082 0.0080132803770684765
decision_type=2 2 2 2 2 2 2 2
left_child=5 -2 -3 4 -4 6 -1 -8
right_child=1 2 3 -5 -6 -7 7 -9
leaf_value=-0.014763891961552157 0.014333723100542588 -0.015246764561365651 0.00036508243959691033 -0.012425887656092311 0.033712026621286126 -0.022089804314856035 -0.0037572076595609205 0.017491978131469809
leaf_weight=1.1119398275623105 1.7047779047861693 0.99187667062506069 1.3189081368036575 1.1803340174956245 0.77473030798137177 0.79631476802751411 0.91934491880238034 0.89025193080306053
leaf_count=33 30 25 46 35 18 19 17 27
internal_value=-6.64143e-05 0.00355833 -0.000747886 0.00364467 0.0127048 -0.00588751 -0.0014713 0.00669657
internal_weight=9.68848 5.97063 4.26585 3.27397 2.09364 3.71785 2.92154 1.8096
internal_count=250 154 124 99 64 96 77 44
is_linear=0
shrinkage=0.05


Tree=525
num_leaves=9
num_cat=0
split_feature=29 33 13 30 19 22 26 16
split_gain=0.0801196 0.13012 0.159273 0.108685 0.135016 0.149215 0.191624 0.0542729
threshold=0.0027171793287790185 0.13500000000000004 51.458952005198668 0.01096511336316275 -0.0051572431413661737 0.0015784977153769921 0.0097178857718102103 0.0072911703335377274
decision_type=2 2 2 2 2 2 2 2
left_child=3 -2 7 4 -1 -6 -7 -3
right_child=1 2 -4 -5 5 6 -8 -9
leaf_value=-0.014923382695695554 -0.030084709283262553 -0.03410587664956416 0.0091921827529910221 0.015669234779384141 -0.0087191080782237466 0.027302313175008804 -0.0063406608777127746 -0.0061240653252119057
leaf_weight=1.1889397008344529 0.50843360449653152 0.36360829311888654 1.2268477893667293 1.3440838470705783 1.1857594368048014 1.0849957172758875 0.69396989722736169 0.33107222535181791
leaf_count=30 23 22 34 35 35 34 19 18
internal_value=-3.09915e-05 -0.00759162 -0.00163999 0.00331075 -0.000688332 0.00502033 0.0141783 -0.0207702
internal_weight=7.92771 2.42996 1.92153 5.49775 4.15366 2.96473 1.77897 0.694681
internal_count=250 97 74 153 118 88 53 40
is_linear=0
shrinkage=0.05


Tree=526
num_leaves=9
num_cat=0
split_feature=25 23 4 23 16 25 17 16
split_gain=0.0678833 0.100873 0.182265 0.150368 0.183212 0.166575 0.0454182 7.46297e-06
threshold=-0.013357536330666551 0.0035613813464201454 0.0040958217321037235 0.00095428468312486203 0.0060959300155449545 0.0061438142466270227 -0.00012024258132476122 0.004985986628072276
decision_type=2 2 2 2 2 2 2 2
left_child=-1 3 -3 4 5 -2 -6 -4
right_child=1 2 7 -5 6 -7 -8 -9
leaf_value=0.015711494275119933 -0.0086281690828228039 0.0027276133206155604 -0.034043346954026013 0.019183825379455701 -0.0062107778897187559 0.017817723968497134 -0.03369428288936497 -0.033687105698838496
leaf_weight=0.62731010047718871 1.3002234236337251 0.77642739634029545 0.24923383677378297 0.99674491866608139 0.21543349261628453 1.0984807871282098 0.49738166492898017 0.35846119796042331
leaf_count=27 35 29 11 21 14 23 53 37
internal_value=0.000129391 -0.00165031 -0.0133243 0.0022828 -0.00313128 0.00348266 -0.025388 -0.0338332
internal_weight=6.1197 5.49239 1.38412 4.10826 3.11152 2.3987 0.712815 0.607695
internal_count=250 223 77 146 125 58 67 48
is_linear=0
shrinkage=0.05


Tree=527
num_leaves=8
num_cat=0
split_feature=23 25 23 32 16 27 1
split_gain=0.0765159 0.107941 0.135293 0.122633 0.240581 0.103724 0.157675
threshold=-0.0025970891986756279 0.011016035910764834 0.0082086458205183916 0.035639113251841263 0.0051512779479354022 0.002342432154555985 -0.00089745529560752979
decision_type=2 2 2 2 2 2 2
left_child=5 2 3 4 -2 6 -1
right_child=1 -3 -4 -5 -6 -7 -8
leaf_value=0.005453546419146812 -0.011912624616784946 0.01718204199187499 -0.016524515675464785 -0.0075498163097303924 0.022045373655788739 0.0085595184143544955 -0.019647426660227233
leaf_weight=0.97364623786415982 0.76566209353040982 1.1544389361515639 0.96962301630992431 1.364714204915799 1.6360960928723214 0.94364914810284961 1.750365486834198
leaf_count=29 17 29 37 28 43 28 39
internal_value=-5.71384e-05 0.00347287 0.000131208 0.00441898 0.0112198 -0.00572658 -0.0106756
internal_weight=9.5582 5.89053 4.7361 3.76647 2.40176 3.66766 2.72401
internal_count=250 154 125 88 60 96 68
is_linear=0
shrinkage=0.05


Tree=528
num_leaves=9
num_cat=0
split_feature=29 21 27 29 33 25 30 16
split_gain=0.0802094 0.0878528 0.155351 0.13463 0.132573 0.103798 0.123381 0.0417667
threshold=0.0079183424289078781 0.0015291427556902717 0.0052510406100106941 -0.002407793637394295 0.28500000000000009 -0.00039091095706095253 0.0060549121341574317 0.0058277706361278834
decision_type=2 2 2 2 2 2 2 2
left_child=1 2 5 -4 7 -1 -7 -3
right_child=-2 4 3 -5 -6 6 -8 -9
leaf_value=0.019270454741914633 -0.013535801936809384 0.011802930059979989 -0.0025488824068876149 -0.034002278862134659 -0.000531874306837861 -0.015378447393556309 0.0098629059737403366 0.030973654107333371
leaf_weight=0.80355542106553901 0.96329282876104105 0.54188037756830476 0.77224087994545698 0.60811431653564774 1.5767813075799493 0.92009009257890317 1.0217559754382817 0.59727039793506265
leaf_count=28 37 15 13 35 39 33 24 26
internal_value=-2.75448e-05 0.00187438 -0.00272261 -0.0164056 0.00885765 0.00415706 -0.00209701 0.0218544
internal_weight=7.80498 6.84169 4.12576 1.38036 2.71593 2.7454 1.94185 1.13915
internal_count=250 213 133 48 80 85 57 41
is_linear=0
shrinkage=0.05


Tree=529
num_leaves=9
num_cat=0
split_feature=13 16 5 23 24 4 17 20
split_gain=0.0649096 0.146774 0.0852225 0.178547 0.132099 0.117933 0.0711733 3.73133e-06
threshold=63.36713610200507 0.0048728757425848092 0.0038105433476594884 0.0042449080137474402 0.014415285199557594 0.0050657071506979368 -6.1521358718061924e-05 0.020184681849068079
decision_type=2 2 2 2 2 2 2 2
left_child=2 -2 -1 4 5 -4 -5 -3
right_child=1 7 3 6 -6 -7 -8 -9
leaf_value=0.014313684908288849 0.0069828271089472406 -0.033595242188217987 -0.01538901018467945 -0.0012892246468268124 0.019535305061681163 0.007472449285454927 -0.034023641953704505 -0.033892571687375361
leaf_weight=1.1370490981498731 0.46462981775403012 0.21763221389846876 1.0106456833891582 0.24820854153949767 0.95212973363231856 1.276786819915287 0.50168411832419213 0.20482860394986346
leaf_count=36 12 32 41 14 22 38 38 17
internal_value=7.73468e-05 -0.0124104 0.00223823 -0.00120344 0.00388572 -0.00262832 -0.0231888 -0.0337394
internal_weight=6.01359 0.887091 5.1265 3.98945 3.23956 2.28743 0.749893 0.422461
internal_count=250 61 189 153 101 79 52 49
is_linear=0
shrinkage=0.05


Tree=530
num_leaves=10
num_cat=0
split_feature=5 15 22 28 25 31 26 6 31
split_gain=0.0765596 0.14359 0.170237 0.145276 0.210766 0.136924 0.10455 0.0974578 0.0415581
threshold=0.0075379138543084628 0.0083545041343846445 0.0066061922442051122 -0.033802441634774187 0.0097353269351553324 0.10367469768269731 0.016010884312195665 1.0519106726061349 0.20774294449128963
decision_type=2 2 2 2 2 2 2 2 2
left_child=1 2 3 -1 -5 6 -3 -2 -7
right_child=7 5 -4 4 -6 8 -8 -9 -10
leaf_value=-0.015979660483045673 -0.021950439999012802 -0.014575948680623951 -0.024391374976320698 -0.0018526407787645691 0.026902018735382734 0.031945084312205045 0.012787689234474453 0.0013630564146995239 0.014288207443695187
leaf_weight=0.9551049259025598 0.82482901168987133 0.63573788315989099 0.77999324290431093 2.2503584783989945 0.88903245795518149 0.64290963136590995 0.77414137031883001 0.9819172149291262 0.6918785028392449
leaf_count=22 20 27 24 57 25 21 15 20 19
internal_value=-2.65382e-05 0.0021678 -0.00298281 0.00109547 0.00629028 0.0113152 0.000448972 -0.00928019 0.0227928
internal_weight=9.4259 7.61916 4.87449 4.0945 3.13939 2.74467 1.40988 1.80675 1.33479
internal_count=250 210 128 104 82 82 42 40 40
is_linear=0
shrinkage=0.05


Tree=531
num_leaves=6
num_cat=0
split_feature=8 10 13 22 6
split_gain=0.0780038 0.128276 0.112114 0.124263 0.167
threshold=0.0088850383918474534 0.012272163096311588 61.341944602793326 0.01080109079869185 0.97498929778716337
decision_type=2 2 2 2 2
left_child=1 2 3 4 -1
right_child=-2 -3 -4 -5 -6
leaf_value=0.0072514793066191024 0.010505942570384048 -0.023721912401121658 0.018351523558051142 0.017621585520088121 -0.013370688748060761
leaf_weight=1.5439348105574024 1.4313413903582839 0.63568062207195897 0.72317472507711489 0.64967535820323963 2.6959682400920428
leaf_count=59 35 20 25 21 90
internal_value=-2.25843e-05 -0.00243438 -2.3424e-05 -0.0027411 -0.00586125
internal_weight=7.67978 6.24843 5.61275 4.88958 4.2399
internal_count=250 215 195 170 149
is_linear=0
shrinkage=0.05


Tree=532
num_leaves=11
num_cat=0
split_feature=16 24 26 33 28 34 30 2 16 22
split_gain=0.0632621 0.137063 0.213863 0.164872 0.121884 0.154026 0.108073 0.0728606 0.000120997 4.31666e-06
threshold=0.0047034325202266877 0.011836860373625082 0.011466940241185332 0.45000000000000007 0.0063923203327502795 1.5152535591423466 0.0078152197171895716 -0.0098016836078669827 0.0052528199334752378 0.0036277120853195348
decision_type=2 2 2 2 2 2 2 2 2 2
left_child=6 2 8 7 -3 -6 -1 -4 -2 -10
right_child=1 4 3 -5 5 -7 -8 -9 9 -11
leaf_value=0.018037811330283239 -0.035108847609925699 0.017002345815320143 0.0017153477400023828 0.015060792462357607 -0.033859599747793977 0.014337712172414608 -0.0046570689736772138 -0.033834332917802377 -0.033578933363107147 -0.033886060043926164
leaf_weight=1.0822543743997814 0.25651000812649805 1.0750196434091774 0.23572382424026761 0.74759369279490784 0.3384252237738109 0.32490396499633789 1.0179876238107679 0.370944996044272 0.19375534457503818 0.27936239278642461
leaf_count=21 6 30 11 32 31 10 27 34 27 21
internal_value=6.62932e-05 -0.0037643 -0.012412 -0.00065495 0.00660241 -0.0102522 0.0070376 -0.0200213 -0.0342344 -0.0337603
internal_weight=5.92248 3.82224 2.08389 1.35426 1.73835 0.663329 2.10024 0.606669 0.729628 0.473118
internal_count=250 202 131 77 71 41 48 45 54 48
is_linear=0
shrinkage=0.05


Tree=533
num_leaves=9
num_cat=0
split_feature=29 29 17 28 17 17 16 27
split_gain=0.0752073 0.13496 0.111497 0.195072 0.0960735 0.210244 0.139486 0.0532887
threshold=-0.0033718182032360651 -0.0063732011266223179 0.00017193858391443046 0.020126715729540948 -1.4682390700694664e-05 -0.0001534753525350457 0.0055213077702547441 0.0068201055940260167
decision_type=2 2 2 2 2 2 2 2
left_child=1 -1 3 4 5 -2 -6 -5
right_child=2 -3 -4 7 6 -7 -8 -9
leaf_value=0.00093418918926293734 -0.015767898792119327 -0.034071578175774282 0.015403866298047218 0.0042030099887680403 -0.025864251589721894 0.012150803804356037 -0.0018432258966705707 0.02258057624912891
leaf_weight=0.75982545106671751 1.1333854263648375 0.43181316411937654 1.2547518608625976 0.70608663931488969 1.1055943248793485 1.6649010092951355 1.3330070722149683 0.89375320123508573
leaf_count=33 21 30 33 21 22 35 33 22
internal_value=-2.36104e-05 -0.0117508 0.00170347 -0.000810983 -0.00547914 0.000842937 -0.0127337 0.0144697
internal_weight=9.28312 1.19164 8.09148 6.83673 5.23689 2.79829 2.4386 1.59984
internal_count=250 63 187 154 111 56 55 43
is_linear=0
shrinkage=0.05


Tree=534
num_leaves=10
num_cat=0
split_feature=29 21 15 16 15 31 23 12 21
split_gain=0.0754491 0.158634 0.239093 0.105467 0.164991 0.117165 0.0968429 0.0578866 6.08502e-06
threshold=0.0020926648787336082 0.0019773403340929145 0.0094221180972827168 0.0045343367654926406 0.0084963726950724825 -0.0019500966490006741 -0.00099286337003323655 0.021208211766105548 -0.0012136963179997793
decision_type=2 2 2 2 2 2 2 2 2
left_child=3 2 8 -1 5 -5 -6 -8 -2
right_child=1 -3 -4 4 6 -7 7 -9 -10
leaf_value=-0.011651727927112887 -0.03364495566492344 0.0099998059791275296 0.0038113137282688014 0.004745153768037089 0.010718494185808114 0.027825849289162565 -0.0015534338358084963 -0.023951583950118142 -0.033918000621195786
leaf_weight=0.92363212030613784 0.31744826724752795 0.90357371978461731 0.80391903826966882 1.0949813816696403 0.70347189065068949 1.1044426908483731 0.57356628822162725 0.58033576374873519 0.57120781060075398
leaf_count=25 34 19 24 30 15 30 26 15 32
internal_value=-5.2805e-06 -0.00691609 -0.0159466 0.00359712 0.0070689 0.0163351 -0.00390379 -0.0128182 -0.0338205
internal_weight=7.57658 2.59615 1.69258 4.98043 4.0568 2.19942 1.85737 1.1539 0.888656
internal_count=250 109 90 141 116 60 56 41 66
is_linear=0
shrinkage=0.05


Tree=535
num_leaves=7
num_cat=0
split_feature=1 32 5 30 17 28
split_gain=0.0629456 0.12284 0.0915045 0.151658 0.122596 0.0874918
threshold=0.0093218017698083484 -0.19107832462033106 0.007841615147674957 -0.011280597462065332 0.00017193858391443046 -0.017113539039669608
decision_type=2 2 2 2 2 2
left_child=2 -2 3 -1 5 -5
right_child=1 -3 -4 4 -6 -7
leaf_value=-0.02112582152193521 0.0091620168048403058 -0.029504102467701444 0.018251196501597348 0.016141157373444581 -0.020995753557845265 -0.00083063141549030543
leaf_weight=0.74761847150512029 0.36382818821584806 0.47174205488408905 0.75055523705668736 1.4505930847954007 0.4394034114666282 1.5935944479715547
leaf_count=32 19 37 17 39 30 76
internal_value=3.17167e-05 -0.0126679 0.00216177 -0.00069226 0.00369302 0.00725664
internal_weight=5.81733 0.83557 4.98176 4.23121 3.48359 3.04419
internal_count=250 56 194 177 145 115
is_linear=0
shrinkage=0.05


Tree=536
num_leaves=9
num_cat=0
split_feature=5 29 21 16 24 17 7 29
split_gain=0.0735613 0.125626 0.171486 0.112299 0.113005 0.19683 9.99501e-06 2.42161e-06
threshold=0.007841615147674957 -0.0012902808061239777 -0.00030387879530863188 0.0080890505020266516 0.0054390614194738127 -0.00012024258132476122 0.65384888052940382 -0.0033718182032360651
decision_type=2 2 2 2 2 2 2 2
left_child=1 2 -1 4 5 -3 -4 -8
right_child=-2 3 6 -5 -6 -7 7 -9
leaf_value=0.00085166657024979579 -0.010285769988081289 -0.01148942336379434 -0.034120844344296519 0.021384835629136959 -0.0073234645731886918 0.015788701589173178 -0.033541130225513215 -0.033812018101686658
leaf_weight=1.0980648291297255 1.4645840357989071 0.92381783016025965 0.19670490140561003 0.91559930494986463 1.8953675129450855 2.3272119895555088 0.17245115467812855 0.15817374223843228
leaf_count=25 25 18 10 35 38 57 33 9
internal_value=-1.57891e-05 0.00194082 -0.010403 0.00525055 0.00238009 0.00803731 -0.0338386 -0.0336707
internal_weight=9.15198 7.68739 1.62539 6.062 5.1464 3.25103 0.52733 0.330625
internal_count=250 225 77 148 113 75 52 42
is_linear=0
shrinkage=0.05


Tree=537
num_leaves=7
num_cat=0
split_feature=13 10 23 21 15 23
split_gain=0.0771138 0.158074 0.120002 0.185456 0.183852 0.141737
threshold=36.458074118359711 -0.0082683318133502815 -0.010390825446515149 0.0015291427556902717 0.0086917171330561788 0.0095652383557438565
decision_type=2 2 2 2 2 2
left_child=-1 -2 -3 5 -5 -4
right_child=1 2 3 4 -6 -7
leaf_value=-0.015024494838352657 0.023533846713810327 0.01877015200050542 -0.0169180494787152 0.019819076012538087 -0.0082680164986350738 0.012312983934366993
leaf_weight=0.76850921032018948 0.73753693280741561 0.67966902023181308 2.4323577457107608 1.2692690374096858 1.0770181389525531 0.49993828916922201
leaf_count=21 21 21 102 43 31 11
internal_value=-2.35751e-05 0.00169816 -0.00100476 -0.00355097 0.00692623 -0.0119343
internal_weight=7.4643 6.69579 5.95825 5.27858 2.34629 2.9323
internal_count=250 229 208 187 74 113
is_linear=0
shrinkage=0.05


Tree=538
num_leaves=7
num_cat=0
split_feature=16 27 0 16 14 28
split_gain=0.0612265 0.0861118 0.0845798 0.123183 0.103454 0.056145
threshold=0.0036382114729644872 -0.019696370333794063 0.005867125624434589 0.0074990345562421208 0.19927891406891793 -0.027330402965372699
decision_type=2 2 2 2 2 2
left_child=-1 -2 3 4 -3 -5
right_child=1 2 -4 5 -6 -7
leaf_value=0.015725277445654006 -0.020212315819025831 0.018584150347507863 0.016556713053904222 0.0014941773094190652 -0.0031094438687340833 -0.033853630640582583
leaf_weight=0.56329785846173752 0.55660852463915933 0.69174071261659342 0.70435974281281222 0.15575095487292856 2.6740602169884369 0.40302771516144265
leaf_count=12 39 14 25 9 101 50
internal_value=6.93863e-05 -0.00163129 0.000602994 -0.00226028 0.00134903 -0.024001
internal_weight=5.74885 5.18555 4.62894 3.92458 3.3658 0.558779
internal_count=250 238 199 174 115 59
is_linear=0
shrinkage=0.05


Tree=539
num_leaves=8
num_cat=0
split_feature=6 21 31 28 17 28 31
split_gain=0.0739917 0.0858863 0.125001 0.103434 0.151533 0.1209 0.0722363
threshold=0.7968738363849478 0.0033023354171393131 0.12412141619914646 0.020126715729540948 0.00017193858391443046 -0.041613491177663435 0.093292838980611359
decision_type=2 2 2 2 2 2 2
left_child=-1 3 -3 4 5 -2 -5
right_child=1 2 -4 6 -6 -7 -8
leaf_value=-0.013696733886873475 -0.013492908625127498 -0.034316213144617705 0.0057421623055611028 0.005846633673742805 0.018357312777053755 0.0026344617660720333 0.030421363604649022
leaf_weight=0.89169932564254928 1.7795531363226458 0.38993260636925686 0.38904696342069656 0.69291527685709275 0.99529984593391407 3.349180630757473 0.52605454018339515
leaf_count=30 33 21 19 22 24 83 18
internal_value=-2.47311e-05 0.0014763 -0.0143098 0.00315096 0.000503422 -0.00296137 0.016452
internal_weight=9.01368 8.12198 0.77898 7.343 6.12403 5.12873 1.21897
internal_count=250 220 40 180 140 116 40
is_linear=0
shrinkage=0.05


Tree=540
num_leaves=6
num_cat=0
split_feature=21 29 10 8 23
split_gain=0.0765155 0.112591 0.0864961 0.126649 0.146677
threshold=-0.0046958093671182746 0.0079183424289078781 -0.0082683318133502815 0.0088850383918474534 0.0059421528627396922
decision_type=2 2 2 2 2
left_child=-1 2 -2 4 -4
right_child=1 -3 3 -5 -6
leaf_value=-0.019603795316900437 0.016626568798340263 -0.016653363538563611 -0.0092883436805086313 0.017421726478207444 0.0109856584498823
leaf_weight=0.46788065589498717 1.049925764556974 0.7759574275696649 2.8336274253670126 0.94055117946118105 1.3020413769409058
leaf_count=21 26 30 103 25 45
internal_value=-3.63329e-05 0.00129011 0.00356289 0.000860897 -0.00290544
internal_weight=7.36998 6.9021 6.12615 5.07622 4.13567
internal_count=250 229 199 173 148
is_linear=0
shrinkage=0.05


Tree=541
num_leaves=8
num_cat=0
split_feature=13 22 25 10 20 34 3
split_gain=0.06133 0.0936855 0.0665894 0.136466 0.101848 0.130835 0.0950266
threshold=68.991708892961427 -0.0065167157848388104 0.011479340990343758 -0.004341993657318602 -0.1007623332812959 -1.0810252159495828 -0.012197931704376328
decision_type=2 2 2 2 2 2 2
left_child=2 -2 4 -4 -1 -6 -7
right_child=1 -3 3 -5 5 6 -8
leaf_value=-0.015856390233976593 0.0064658446068226409 -0.033807157072957998 0.0091096330158103068 -0.033906100011032364 -0.014624460828180266 0.030071416018793685 0.0071723294177199973
leaf_weight=0.55367143743205804 0.26708390531712212 0.31438732604146924 0.37460288940928876 0.36308756147627708 0.58655752730555821 0.54542279604356769 2.6751732340781023
leaf_count=29 14 26 14 28 16 11 112
internal_value=7.59746e-05 -0.0153088 0.00183056 -0.0120625 0.00418076 0.00709474 0.0110504
internal_weight=5.67999 0.581471 5.09852 0.73769 4.36082 3.80715 3.2206
internal_count=250 40 210 42 168 139 123
is_linear=0
shrinkage=0.05


Tree=542
num_leaves=9
num_cat=0
split_feature=23 23 16 32 25 6 6 25
split_gain=0.0700448 0.101966 0.0959069 0.164488 0.201606 0.0944217 0.123133 0.113179
threshold=-0.0025970891986756279 1.0000000180025095e-35 0.004985986628072276 0.076970006649284939 0.0043825540775941372 1.1054098550981635 1.063012485177673 0.0061438142466270227
decision_type=2 2 2 2 2 2 2 2
left_child=5 -2 -3 4 -4 6 7 -1
right_child=1 2 3 -5 -6 -7 -8 -9
leaf_value=0.0041487842222938196 0.014240292638345715 -0.014972609779478167 -6.2705013445478797e-05 -0.012233222848391253 0.033558116354022949 -0.02162746127214607 0.016790584333671466 -0.019625442799792656
leaf_weight=1.0114646418951463 1.5722119391430167 0.91819429548922959 1.2179044667573182 1.0675030526472253 0.70341889932751644 0.72647912264801551 0.69637354742735613 0.99115033959969867
leaf_count=32 30 25 46 35 18 19 16 29
internal_value=-1.83904e-05 0.0034879 -0.000838932 0.00350306 0.0122463 -0.00562691 -0.00132009 -0.00761775
internal_weight=8.9047 5.47923 3.90702 2.98883 1.92132 3.42547 2.69899 2.00261
internal_count=250 154 124 99 64 96 77 61
is_linear=0
shrinkage=0.05


Tree=543
num_leaves=8
num_cat=0
split_feature=0 17 24 29 26 13 20
split_gain=0.0762361 0.170404 0.137866 0.134333 0.286575 0.118324 0.0852489
threshold=-0.0024734993976700532 -0.00015557588654296409 0.016983875540142471 -0.0050407266246748619 0.028204673365416547 46.878219000298678 0.033676593633715564
decision_type=2 2 2 2 2 2 2
left_child=5 -2 3 -3 -5 -1 -7
right_child=1 2 -4 4 -6 6 -8
leaf_value=-0.020547199873392222 0.022967131881175527 0.02590676561954143 -0.021716183634333974 0.0078662589760640986 -0.027194097878066755 -0.0097397994344730413 0.018021940319767716
leaf_weight=0.99583033681847188 0.90442828647792328 0.54169157496653531 0.67182103486265976 2.2775127255590637 0.78328472474822763 0.59396388172171988 0.51741196645889431
leaf_count=35 22 19 29 71 34 20 20
internal_value=-1.24694e-05 0.00325002 -0.00092205 0.00295581 -0.00110599 -0.00803047 0.00318495
internal_weight=7.28594 5.17874 4.27431 3.60249 3.0608 2.10721 1.11138
internal_count=250 175 153 124 105 75 40
is_linear=0
shrinkage=0.05


Tree=544
num_leaves=10
num_cat=0
split_feature=11 15 28 11 34 21 28 16 19
split_gain=0.0591557 0.175307 0.120848 0.119893 0.0835276 0.205483 0.100069 0.0398773 0.00368451
threshold=0.6543561577796938 0.0086917171330561788 -0.017113539039669608 0.65513564348220832 -1.184115273499027 0.0018819967403077566 -0.060796377139908424 0.0051512779479354022 -0.010052360297814309
decision_type=2 2 2 2 2 2 2 2 2
left_child=1 2 -1 -2 -5 6 -6 -7 -4
right_child=3 -3 8 4 5 7 -8 -9 -10
leaf_value=0.0047812702133992278 0.02721245939791879 0.015579598629052017 -0.026761185223913686 -0.017010519051751712 -0.011735476957046147 -0.0050487129568158214 0.01468752467599484 -0.03383564366693869 -0.034021890562071236
leaf_weight=0.3440364267444237 0.46296631172299418 0.52554173159296613 0.28878660791087885 0.59044502722099457 0.43829437042586628 0.18049225490540255 1.9638639607583166 0.36075567541411147 0.44239514303626493
leaf_count=16 12 18 18 16 21 6 74 40 29
internal_value=3.41215e-05 -0.00808787 -0.019656 0.00328705 0.000152603 0.00359551 0.00986642 -0.0242359 -0.0311542
internal_weight=5.59758 1.60076 1.07522 3.99682 3.53385 2.94341 2.40216 0.541248 0.731182
internal_count=250 81 63 169 157 141 95 46 47
is_linear=0
shrinkage=0.05


Tree=545
num_leaves=8
num_cat=0
split_feature=23 29 27 23 22 0 23
split_gain=0.0696157 0.0946851 0.115006 0.0936056 0.0917292 0.105341 0.182624
threshold=-0.0025970891986756279 0.00055872193595185593 -0.0026260437356631079 1.0000000180025095e-35 0.0071281247551754365 0.0044759080881525701 0.0066468461892038597
decision_type=2 2 2 2 2 2 2
left_child=1 -1 -3 -2 5 6 -5
right_child=3 2 -4 4 -6 -7 -8
leaf_value=-0.019194234340201937 0.013872080591710724 -0.0085583851290449587 0.014042195820010026 0.020821450528076282 -0.017221643960396937 -0.014734465601901182 -0.0061935472063039962
leaf_weight=0.93284375220537219 1.5528573715128002 1.5740407397970562 0.87622852623462644 1.2809503814205538 0.68756238895002741 0.66689566266722966 1.2227487296331672
leaf_count=36 30 34 26 38 27 18 41
internal_value=-1.13878e-05 -0.0056375 -0.000476305 0.00350621 -0.000665917 0.00292429 0.00762795
internal_weight=8.79413 3.38311 2.45027 5.41101 3.85816 3.17059 2.5037
internal_count=250 96 60 154 124 97 79
is_linear=0
shrinkage=0.05


Tree=546
num_leaves=8
num_cat=0
split_feature=0 17 24 29 26 19 26
split_gain=0.0737225 0.161289 0.130937 0.127506 0.271526 0.11302 0.173625
threshold=-0.0024734993976700532 -0.00015557588654296409 0.016983875540142471 -0.0050407266246748619 0.028204673365416547 -0.016555003938435228 0.0097178857718102103
decision_type=2 2 2 2 2 2 2
left_child=5 -2 3 -3 -5 -1 -7
right_child=1 2 -4 4 -6 6 -8
leaf_value=-0.028045389860569245 0.022581334299360725 0.025602827739777276 -0.021372608389454192 0.0076726764481460825 -0.026787433294216564 0.014253559126106553 -0.019277942254980789
leaf_weight=0.52460069075459648 0.88622950902208675 0.52707666670903597 0.65809082298073907 2.2593162292614584 0.76525329565629352 0.83744738320820011 0.71622411836870015
leaf_count=32 22 19 29 71 34 23 20
internal_value=-4.26165e-05 0.00319421 -0.000887142 0.00290865 -0.00104616 -0.00797939 -0.00120406
internal_weight=7.17424 5.09597 4.20974 3.55165 3.02457 2.07827 1.55367
internal_count=250 175 153 124 105 75 43
is_linear=0
shrinkage=0.05


Tree=547
num_leaves=7
num_cat=0
split_feature=16 27 22 7 9 14
split_gain=0.0604277 0.0841605 0.084394 0.0814112 0.117736 0.0601685
threshold=0.0036382114729644872 -0.019696370333794063 -0.0049192777623024977 0.65326584279537203 0.65830576717853562 0.93313934304519441
decision_type=2 2 2 2 2 2
left_child=-1 -2 5 -4 -5 -3
right_child=1 2 3 4 -6 -7
leaf_value=0.016045843734600922 -0.020410277242463894 -0.033762951746049728 0.016015177032541243 -0.018166057991178389 0.0047583460685014078 0.0011335833231429779
leaf_weight=0.53384619392454613 0.53396203304873768 0.28570102379308071 0.92784545323229428 0.7449458857008725 2.2569940130924806 0.21760149282636121
leaf_count=12 39 31 33 33 89 13
internal_value=6.0844e-05 -0.00165718 0.000601612 0.00307051 -0.000930456 -0.0186755
internal_weight=5.5009 4.96705 4.43309 3.92979 3.00194 0.503303
internal_count=250 238 199 155 122 44
is_linear=0
shrinkage=0.05


Tree=548
num_leaves=10
num_cat=0
split_feature=21 12 12 3 28 29 29 25 19
split_gain=0.0701789 0.22962 0.131307 0.18415 0.136867 0.121887 0.0851649 0.077441 5.88584e-05
threshold=0.00030882381942320963 0.020023775962578493 0.016071106721505694 -0.0098099309554984231 -0.027330402965372699 0.0025370905464605635 -9.5624694734952595e-05 0.0018935690417275499 -0.010555299724805454
decision_type=2 2 2 2 2 2 2 2 2
left_child=2 5 3 -1 -5 7 -6 8 -2
right_child=1 -3 -4 4 6 -7 -8 -9 -10
leaf_value=-0.0066521075658564415 -0.034915928949849614 0.014120277412017507 -0.012648530158891608 0.00066244779808133966 0.0077865116308635882 -0.0025245417322859631 0.03123831214805874 -0.0073598188511770557 -0.034052325824771787
leaf_weight=1.5214411551132796 0.35167871974408649 1.0149493099888784 1.0133149344474075 1.0476184347644446 0.57746818615123574 1.1156022869981823 1.1744460705667741 0.39413621812127531 0.44943807489471554
leaf_count=30 7 31 29 20 13 29 40 16 35
internal_value=-3.34377e-06 -0.0057037 0.0035507 0.00734959 0.014959 -0.0144106 0.0235081 -0.0255045 -0.0344314
internal_weight=8.66009 3.3258 5.33429 4.32097 2.79953 2.31086 1.75191 1.19525 0.801117
internal_count=250 118 132 103 73 87 53 58 42
is_linear=0
shrinkage=0.05


Tree=549
num_leaves=8
num_cat=0
split_feature=13 10 21 1 15 12 30
split_gain=0.0721588 0.143131 0.112487 0.225431 0.174141 0.113236 0.080638
threshold=36.458074118359711 -0.0082683318133502815 0.0019773403340929145 0.0038032316921488012 0.0086917171330561788 0.01491135456419246 -0.0034444174679946755
decision_type=2 2 2 2 2 2 2
left_child=-1 -2 3 6 -4 -5 -3
right_child=1 2 4 5 -6 -7 -8
leaf_value=-0.014863741155557601 0.02321251963632846 -0.0083325984266653524 0.022077487236732064 -0.0074846294911227523 -0.0076117920022453298 0.014340222112539523 -0.034095748490424807
leaf_weight=0.7365001713624223 0.68738626386038948 0.51983798388391733 1.0873620903585104 1.2579506125766786 0.90495020919479419 1.1265731953317297 0.7305842948262582
leaf_count=21 21 23 39 36 28 35 47
internal_value=-5.31339e-05 0.00167428 -0.000956678 -0.0061903 0.00859199 0.00282657 -0.0233852
internal_weight=7.05114 6.31464 5.62726 3.63495 1.99231 2.38452 1.25042
internal_count=250 229 208 141 67 71 70
is_linear=0
shrinkage=0.05


Tree=550
num_leaves=7
num_cat=0
split_feature=16 27 22 0 0 22
split_gain=0.0583571 0.0789928 0.0802007 0.0780002 0.0857951 0.0605811
threshold=0.0036382114729644872 -0.019696370333794063 -0.0049192777623024977 0.0043548068451441111 -0.0010468497590704893 -0.011707675309835517
decision_type=2 2 2 2 2 2
left_child=-1 -2 5 4 -4 -3
right_child=1 2 3 -5 -6 -7
leaf_value=0.015873620048998269 -0.019974529217252079 0.001778639372985052 0.0059500530040041879 0.020581955339766797 -0.010910133709054064 -0.033733530794907249
leaf_weight=0.5288643967360257 0.52297700726194296 0.21059112003422342 2.1885526390979071 0.54226661438588042 1.151539899146883 0.27946638304274518
leaf_count=12 39 13 72 21 62 31
internal_value=9.50191e-05 -0.00160959 0.000587006 0.00299289 0.000137287 -0.018473
internal_weight=5.42426 4.89539 4.37242 3.88236 3.34009 0.490058
internal_count=250 238 199 155 134 44
is_linear=0
shrinkage=0.05


Tree=551
num_leaves=10
num_cat=0
split_feature=21 12 12 3 28 29 29 25 19
split_gain=0.0671835 0.214537 0.122773 0.175362 0.133342 0.118719 0.0823516 0.0750044 5.33409e-05
threshold=0.00030882381942320963 0.020023775962578493 0.016071106721505694 -0.0098099309554984231 -0.027330402965372699 0.0025370905464605635 -9.5624694734952595e-05 0.0018935690417275499 -0.010555299724805454
decision_type=2 2 2 2 2 2 2 2 2
left_child=2 5 3 -1 -5 7 -6 8 -2
right_child=1 -3 -4 4 6 -7 -8 -9 -10
leaf_value=-0.0065347882377677097 -0.034858093397503058 0.013649289036858673 -0.012217953682200237 0.00057407451948326797 0.0078158798677926619 -0.0024357533789480328 0.031062351011885914 -0.007476039414750545 -0.034019855017050689
leaf_weight=1.5032804263755677 0.33954437915235791 0.99895987403579045 1.007095804903656 1.038963373750448 0.57260129833593909 1.1046024253591893 1.1384072517976171 0.39002357434947044 0.4303006945701785
leaf_count=30 7 31 29 20 13 29 40 16 35
internal_value=-1.65131e-05 -0.00565231 0.00347984 0.0071968 0.0147032 -0.0141671 0.0232828 -0.0253395 -0.0343896
internal_weight=8.52378 3.26343 5.26035 4.25325 2.74997 2.26447 1.71101 1.15987 0.769845
internal_count=250 118 132 103 73 87 53 58 42
is_linear=0
shrinkage=0.05


Tree=552
num_leaves=8
num_cat=0
split_feature=13 10 21 1 15 12 4
split_gain=0.0693456 0.135198 0.106645 0.213318 0.163517 0.103068 0.0803049
threshold=36.458074118359711 -0.0082683318133502815 0.0019773403340929145 0.0038032316921488012 0.0086917171330561788 0.01491135456419246 0.0039062035649676794
decision_type=2 2 2 2 2 2 2
left_child=-1 -2 3 6 -4 -5 -3
right_child=1 2 4 5 -6 -7 -8
leaf_value=-0.014674664948503264 0.02274472764069721 -0.0056143199023914007 0.021662317328508665 -0.0072154624810623269 -0.0072957160460929609 0.01373670068990019 -0.032540540609814782
leaf_weight=0.72905468870885659 0.67540938989259292 0.42636668466730065 1.0650315458187831 1.2422489910386505 0.89896960812620808 1.1127049360657109 0.78992508084047586
leaf_count=21 21 21 39 36 28 35 49
internal_value=-8.66118e-05 0.00162585 -0.000951074 -0.00609783 0.00840754 0.00268434 -0.0231017
internal_weight=6.93971 6.21066 5.53525 3.57125 1.964 2.35495 1.21629
internal_count=250 229 208 141 67 71 70
is_linear=0
shrinkage=0.05


Tree=553
num_leaves=11
num_cat=0
split_feature=16 24 26 33 28 30 30 20 16 30
split_gain=0.0567163 0.125674 0.192228 0.143092 0.105401 0.143908 0.0958241 0.0682928 9.42741e-05 3.25786e-06
threshold=0.0047034325202266877 0.011836860373625082 0.011466940241185332 0.45000000000000007 0.0063923203327502795 0.0066436010354531403 0.0078152197171895716 -0.041333395816720735 0.0052528199334752378 -0.0043147934207384822
decision_type=2 2 2 2 2 2 2 2 2 2
left_child=6 2 8 7 -3 -6 -1 -4 -2 -10
right_child=1 4 3 -5 5 -7 -8 -9 9 -11
leaf_value=0.018035445751530117 -0.034968104042383534 0.016797978757450777 0.0026125298597355941 0.014580044267285614 -0.033893446508107862 0.015579838483783071 -0.0044318782458738762 -0.033842505953897234 -0.033858953458554074 -0.033581938163336822
leaf_weight=0.97059253603219964 0.23530598636716638 0.97944947134237714 0.20866555403335918 0.68100714514730498 0.30401395258377306 0.28458213224075735 0.92866516252979636 0.33426939061610039 0.21220768336206675 0.21233870735159144
leaf_count=21 6 30 15 32 29 12 27 30 16 32
internal_value=0.000110153 -0.00370814 -0.0124124 -0.000684881 0.00674881 -0.00997346 0.00704977 -0.0198318 -0.0341653 -0.0337204
internal_weight=5.3511 3.45184 1.88379 1.22394 1.56805 0.588596 1.89926 0.542935 0.659852 0.424546
internal_count=250 202 131 77 71 41 48 45 54 48
is_linear=0
shrinkage=0.05


Tree=554
num_leaves=11
num_cat=0
split_feature=23 6 24 24 5 19 6 29 9 29
split_gain=0.0676015 0.0943626 0.113311 0.161446 0.123175 0.152649 0.0900264 0.109832 0.114491 0.064002
threshold=-0.0025970891986756279 1.1543812047352133 0.011836860373625082 0.02027163556528078 0.0077113558231181323 1.0000000180025095e-35 1.1054098550981635 0.0084557969606804412 0.65400725901126877 0.0020926648787336082
decision_type=2 2 2 2 2 2 2 2 2 2
left_child=6 2 4 -4 5 -2 7 8 -1 -10
right_child=1 -3 3 -5 -6 -7 -8 -9 9 -11
leaf_value=0.01012067888576188 0.023947237337307175 0.020519610421027037 -0.026873928581322277 0.005757820789497309 -0.0098576720594335671 -0.0034053269056325964 -0.021801548977343183 0.016248965459482102 -0.026139322481745976 -0.0035830957842618951
leaf_weight=0.62160026154015291 1.2682303795591003 0.70708963135257352 0.74369660808588356 0.77303366258274764 0.82146725337952364 0.85325351037317876 0.68225369811989356 0.65770111512392748 0.70378454541787483 0.56853469740599394
leaf_count=20 35 23 22 28 15 31 19 15 25 17
internal_value=1.38346e-06 0.00354988 0.000859297 -0.0102425 0.00658089 0.0129461 -0.00566805 -0.00135427 -0.00746734 -0.0160601
internal_weight=8.40065 5.16677 4.45968 1.51673 2.94295 2.12148 3.23387 2.55162 1.89392 1.27232
internal_count=250 154 131 50 81 66 96 77 62 42
is_linear=0
shrinkage=0.05


Tree=555
num_leaves=8
num_cat=0
split_feature=0 17 24 23 0 13 2
split_gain=0.0675866 0.143827 0.118891 0.122457 0.165878 0.107717 0.129029
threshold=-0.0024734993976700532 -0.00015557588654296409 0.016983875540142471 0.0066468461892038597 0.00015791717509106021 46.878219000298678 0.0066716955320627056
decision_type=2 2 2 2 2 2 2
left_child=5 -2 3 4 -3 -1 -7
right_child=1 2 -4 -5 -6 6 -8
leaf_value=-0.020222011817557225 0.021773836378548583 0.020354266606505498 -0.021008674701484077 0.019761127785265481 -0.0096304566038586652 0.020314590882411634 -0.014983272895965792
leaf_weight=0.9367910791770554 0.84589236532337952 0.60335477069020393 0.62195731583051372 0.80760172754526127 1.95825230499031 0.53309826389886417 0.50335536850616336
leaf_count=35 22 23 29 25 76 22 18
internal_value=-0.000135547 0.00304584 -0.000923389 0.00278436 -0.00256793 -0.00793416 0.00317213
internal_weight=6.8103 4.83706 3.99117 3.36921 2.56161 1.97324 1.03645
internal_count=250 175 153 124 99 75 40
is_linear=0
shrinkage=0.05


Tree=556
num_leaves=7
num_cat=0
split_feature=16 27 22 7 0 32
split_gain=0.0572076 0.0738283 0.0766125 0.0774051 0.114864 0.0658195
threshold=0.0036382114729644872 -0.019696370333794063 -0.0049192777623024977 0.65326584279537203 -0.0019173365512030747 -0.23284126792166995
decision_type=2 2 2 2 2 2
left_child=-1 -2 5 -4 -5 -3
right_child=1 2 3 4 -6 -7
leaf_value=0.015893164156099579 -0.019692343516766207 0.0044493896197969124 0.015910832075966417 0.0076019026043855995 -0.012613459369966246 -0.033688185663741849
leaf_weight=0.52045859023928631 0.50241197837749485 0.1886497475206852 0.88322453739238005 1.6487241688300858 1.2246162362862376 0.28261774830752973
leaf_count=12 39 11 33 54 68 33
internal_value=0.000159253 -0.00157191 0.000581416 0.00296538 -0.00101387 -0.0184216
internal_weight=5.2507 4.73024 4.22783 3.75656 2.87334 0.471267
internal_count=250 238 199 155 122 44
is_linear=0
shrinkage=0.05


Tree=557
num_leaves=7
num_cat=0
split_feature=21 27 11 5 25 15
split_gain=0.06408 0.10072 0.0880868 0.0820697 0.20883 0.105221
threshold=-0.0024933130898751039 -0.0031445754787510212 0.65155508100986492 0.007841615147674957 0.011016035910764834 0.008763876045776893
decision_type=2 2 2 2 2 2
left_child=1 -1 -2 4 5 -4
right_child=2 -3 3 -5 -6 -7
leaf_value=-0.0017627603974339939 -0.020698726175599255 0.022412229353943443 -0.0076457578299521656 -0.014656543501926099 0.022537005890947384 0.011106516223146273
leaf_weight=1.0192050621844826 0.59049638124997716 0.7463449325878172 3.0504451924352907 0.86660305783152569 0.99372041597962368 0.99110224156174798
leaf_count=26 20 28 97 18 25 36
internal_value=1.05259e-05 0.00845665 -0.00228633 -0.000444129 0.00200192 -0.00304717
internal_weight=8.25792 1.76555 6.49237 5.90187 5.03527 4.04155
internal_count=250 54 196 176 158 133
is_linear=0
shrinkage=0.05


Tree=558
num_leaves=7
num_cat=0
split_feature=29 0 11 17 22 30
split_gain=0.0688401 0.0856365 0.168482 0.138664 0.13682 0.117393
threshold=-0.0093031486362166165 -0.0032410739960454511 0.6548116642236711 -0.00015557588654296409 0.0057319466409141437 0.011426682116660649
decision_type=2 2 2 2 2 2
left_child=-1 2 -2 -3 5 -5
right_child=1 3 -4 4 -6 -7
leaf_value=0.017621531658388881 0.013130423462347263 0.019237308207977147 -0.02507169303460113 -0.015404884489115638 0.01949716717908738 0.0032197628621530219
leaf_weight=0.50527859292924393 0.42455914593301691 0.89813849842175786 0.90136148908641189 1.7511293292627681 0.60005511646158982 1.6369887875625861
leaf_count=24 17 24 37 75 23 50
internal_value=-0.000126285 -0.00156982 -0.0128394 0.00148822 -0.00250888 -0.00640628
internal_weight=6.71751 6.21223 1.32592 4.88631 3.98817 3.38812
internal_count=250 226 54 172 148 125
is_linear=0
shrinkage=0.05


Tree=559
num_leaves=10
num_cat=0
split_feature=13 22 16 24 26 12 28 30 17
split_gain=0.055275 0.0797256 0.060223 0.141312 0.165251 0.109782 0.0921154 0.0801406 7.55068e-05
threshold=68.991708892961427 -0.0065167157848388104 0.0047034325202266877 0.011836860373625082 0.011466940241185332 -0.0099869635429188624 0.0063923203327502795 0.0078152197171895716 -0.00014256312237745795
decision_type=2 2 2 2 2 2 2 2 2
left_child=2 -2 7 4 8 -6 -5 -1 -4
right_child=1 -3 3 6 5 -7 -8 -9 -10
leaf_value=0.020187948290196212 0.0054631103858899729 -0.03374339736502429 -0.034851013223238511 0.018303234064008404 0.021793855053115534 -0.013251011417351972 -0.0080194316224702026 -0.001589646643417338 -0.033683396855732614
leaf_weight=0.85260857455432393 0.24462501078960486 0.2759141222340985 0.23162760445848107 0.92223730648402102 0.35509012476541069 0.60290078382240642 0.51963207119842991 0.83731955429539084 0.34423388013965472
leaf_count=18 14 26 8 27 10 49 35 23 40
internal_value=0.000135474 -0.0153185 0.00185965 -0.00242123 -0.0129854 -0.000261237 0.00881687 0.00939766 -0.034153
internal_weight=5.18619 0.520539 4.66565 2.97572 1.53385 0.957991 1.44187 1.68993 0.575861
internal_count=250 40 210 169 107 59 62 41 48
is_linear=0
shrinkage=0.05


Tree=560
num_leaves=8
num_cat=0
split_feature=23 23 16 32 25 6 15
split_gain=0.0650447 0.0902379 0.0901369 0.140275 0.177209 0.0833512 0.108116
threshold=-0.0025970891986756279 1.0000000180025095e-35 0.004985986628072276 0.076970006649284939 0.0043825540775941372 1.1054098550981635 0.0081442846750595117
decision_type=2 2 2 2 2 2 2
left_child=5 -2 -3 4 -4 6 -1
right_child=1 2 3 -5 -6 -7 -8
leaf_value=-0.01099117068359267 0.014070875903595813 -0.014892342511603552 0.00015444803059103579 -0.011384591474428923 0.033333991470515627 -0.02146824154092241 0.0099561109175516499
leaf_weight=1.3505882252939052 1.4492600904777644 0.8539066533558074 1.1019499504473063 0.98070801206631575 0.63393621053546656 0.65668137953616668 1.1325225101318208
leaf_count=38 30 25 46 35 18 19 39
internal_value=1.78596e-05 0.00354849 -0.000722535 0.00373146 0.0122714 -0.00562675 -0.00143732
internal_weight=8.15955 5.01976 3.5705 2.71659 1.73589 3.13979 2.48311
internal_count=250 154 124 99 64 96 77
is_linear=0
shrinkage=0.05


Tree=561
num_leaves=9
num_cat=0
split_feature=29 25 0 25 5 24 9 29
split_gain=0.0712476 0.0773799 0.148864 0.166484 0.100029 0.122274 0.123858 0.0154318
threshold=0.0079183424289078781 -0.0004555242770711842 -0.0029308424041274424 -0.011994860945266637 0.0075379138543084628 -0.0080746943692557287 0.65763399004936229 -0.00044096668390419808
decision_type=2 2 2 2 2 2 2 2
left_child=1 2 -1 -4 5 -3 -7 -5
right_child=-2 4 3 7 -6 6 -8 -9
leaf_value=-0.01498579100170363 -0.013851200657833147 -0.022367995194510368 -0.0047414589349288536 0.034146153809001066 0.015806690304629622 0.01108344522009665 -0.012768305884300259 0.022132920282467244
leaf_weight=0.48482731054537032 0.82376298343297083 0.85116420278791416 0.59335572982672613 0.54753020452335477 0.61606531892903138 1.1679312158375981 1.0192886789445763 0.52235658169956833
leaf_count=20 37 36 23 25 15 33 40 21
internal_value=-9.09172e-05 0.00186258 0.00939375 0.0165003 -0.00256421 -0.00628911 -3.19529e-05 0.0282809
internal_weight=6.62628 5.80252 2.14807 1.66324 3.65445 3.03838 2.18722 1.06989
internal_count=250 213 89 69 124 109 73 46
is_linear=0
shrinkage=0.05


Tree=562
num_leaves=8
num_cat=0
split_feature=5 17 30 16 20 9 31
split_gain=0.053335 0.129663 0.102258 0.0810754 0.0978159 0.0305941 2.79004e-06
threshold=0.007841615147674957 0.00017193858391443046 -0.011280597462065332 0.0036382114729644872 0.074819234681535743 0.6526535600423814 0.16996588778757935
decision_type=2 2 2 2 2 2 2
left_child=1 2 -1 -4 -5 -3 -7
right_child=-2 5 3 4 -6 6 -8
leaf_value=-0.01883616399817737 0.012390495836688796 -0.0093556169731244792 0.024881021075109547 -0.0030442727965807677 0.0205119772399724 -0.033615550712888603 -0.033899058773632855
leaf_weight=0.54414048662874881 0.74796222429722536 0.20386393775697786 0.42728468589484725 2.2784757887711753 0.54637126583838824 0.17206351994536817 0.17508311459096149
leaf_count=25 25 6 10 125 19 24 16
internal_value=5.76616e-05 -0.00206424 0.00122557 0.00458227 0.00151189 -0.0247299 -0.0337585
internal_weight=5.09525 4.34728 3.79627 3.25213 2.82485 0.551011 0.347147
internal_count=250 225 179 154 144 46 40
is_linear=0
shrinkage=0.05


Tree=563
num_leaves=9
num_cat=0
split_feature=28 27 17 19 29 34 11 17
split_gain=0.0632317 0.145098 0.13369 0.130498 0.187661 0.143081 0.11692 0.113358
threshold=-0.033802441634774187 -0.014249805898495336 -6.1521358718061924e-05 0.0097883165505241471 -0.0028343717650526341 1.1017551012529723 0.70280253767967238 -0.00015557588654296409
decision_type=2 2 2 2 2 2 2 2
left_child=6 -2 7 5 -5 -4 -1 -3
right_child=1 2 3 4 -6 -7 -8 -9
leaf_value=-0.019278926207709702 0.019875530742132518 -0.0035407924460874522 -0.0020664099495154441 -0.013884705882202562 0.029312542211986189 -0.02750770462994008 0.0040430861946984583 0.022843976883590314
leaf_weight=1.0462487787008288 1.0189503530273212 0.75090259755961597 1.2305752425454564 0.49189747238415293 0.51428309525363125 1.0031423108885063 1.1049482753733171 0.88908894953783579
leaf_count=27 39 24 33 31 15 31 24 26
internal_value=3.83405e-05 0.0027144 -0.000868951 -0.00675698 0.00819445 -0.0134919 -0.00729973 0.0107632
internal_weight=8.05004 5.89884 4.87989 3.2399 1.00618 2.23372 2.1512 1.63999
internal_count=250 199 160 110 46 64 51 50
is_linear=0
shrinkage=0.05


Tree=564
num_leaves=9
num_cat=0
split_feature=29 22 31 24 30 19 22 26
split_gain=0.0697481 0.102808 0.179079 0.0964954 0.0885548 0.105725 0.122294 0.105864
threshold=0.0027171793287790185 -0.0055832014234467589 0.064675727492185475 0.01560440255260165 0.01096511336316275 -0.0051572431413661737 0.0015784977153769921 0.0048555516772453853
decision_type=2 2 2 2 2 2 2 2
left_child=4 -2 -3 -4 5 -1 -7 -8
right_child=1 2 3 -5 -6 6 7 -9
leaf_value=-0.014651976155929973 -0.029966948015700563 0.015635862668993427 -0.033935280127961681 9.7685918182517709e-06 0.015638740038603143 -0.0088599812207889646 0.025784934694091679 -0.0013154324080185888
leaf_weight=0.96308154170401428 0.41572007955983314 0.75431396870408185 0.44391157379141077 0.39623382175341249 1.1099659533938391 0.96983641316182945 0.83033235254697479 0.63667796249501407
leaf_count=30 21 31 34 11 35 35 30 23
internal_value=-7.61737e-05 -0.00782214 -0.00204837 -0.0179259 0.00337641 -0.000626843 0.00491612 0.0140235
internal_weight=6.52007 2.01018 1.59446 0.840145 4.50989 3.39993 2.43685 1.46701
internal_count=250 97 76 45 153 118 88 53
is_linear=0
shrinkage=0.05


Tree=565
num_leaves=10
num_cat=0
split_feature=11 15 28 11 34 21 28 7 16
split_gain=0.0527301 0.145697 0.108902 0.105462 0.081206 0.178794 0.0831486 0.0366139 0.00314791
threshold=0.6543561577796938 0.0086917171330561788 -0.017113539039669608 0.65513564348220832 -1.184115273499027 0.0018819967403077566 -0.060796377139908424 0.66655157506465923 0.003974782724335736
decision_type=2 2 2 2 2 2 2 2 2
left_child=1 2 -1 -2 -5 6 -6 -7 -4
right_child=3 -3 8 4 5 7 -8 -9 -10
leaf_value=0.0050154259033995518 0.026746733877960328 0.014813596811546748 -0.026566525807157799 -0.017512313290414569 -0.010680113921841629 -0.0050004901125483385 0.014560496890783488 -0.033788074691783791 -0.03383506151779328
leaf_weight=0.30860551004298031 0.4218886265298355 0.46407019917387515 0.23621246498078086 0.5407135835848752 0.4002686875173832 0.17012626864016045 1.7652304788061879 0.31489402151782997 0.4032666512648575
leaf_count=16 12 18 9 16 21 9 74 37 38
internal_value=5.06993e-05 -0.00814185 -0.0193781 0.00325268 0.000146713 0.0037492 0.00989505 -0.0236905 -0.0311502
internal_weight=5.02528 1.41215 0.948085 3.61312 3.19123 2.65052 2.1655 0.48502 0.639479
internal_count=250 81 63 169 157 141 95 46 47
is_linear=0
shrinkage=0.05


Tree=566
num_leaves=6
num_cat=0
split_feature=6 6 6 23 23
split_gain=0.0615752 0.0761204 0.169562 0.0947505 0.134429
threshold=0.81864901430014225 0.90541994088542732 0.97498929778716337 0.0066468461892038597 -0.0025970891986756279
decision_type=2 2 2 2 2
left_child=-1 -2 -3 4 -4
right_child=1 2 3 -5 -6
leaf_value=-0.012474833682670702 0.014441114466928065 -0.020039765033749244 -0.0037133323197395124 -0.011791315444118614 0.01421747504281257
leaf_weight=0.87551766692195077 0.98962136404588807 0.93954229739028949 1.8930943515151732 0.88654082949506108 2.3340262590209027
leaf_count=36 33 30 56 34 61
internal_value=3.05468e-05 0.00158513 -0.000516655 0.00307036 0.00618725
internal_weight=7.91834 7.04283 6.0532 5.11366 4.22712
internal_count=250 214 181 151 117
is_linear=0
shrinkage=0.05


Tree=567
num_leaves=10
num_cat=0
split_feature=29 33 21 25 8 3 19 7 11
split_gain=0.0673984 0.101611 0.127384 0.175336 0.0837196 0.165164 0.110805 0.188144 4.38531e-06
threshold=0.0027171793287790185 0.13500000000000004 0.0019773403340929145 0.010820773144827657 0.0088850383918474534 0.015806928603371521 -0.0051572431413661737 0.65326584279537203 0.70229138433933269
decision_type=2 2 2 2 2 2 2 2 2
left_child=4 -2 3 8 5 6 -1 -8 -3
right_child=1 2 -4 -5 -6 -7 7 -9 -10
leaf_value=-0.0095564539662872598 -0.030184716886388015 -0.03366496339805107 0.018239550919857402 0.0071726021844296314 0.017874743025093082 -0.018224125479567806 -0.0065944052110533113 0.025255393221341977 -0.033963940501155733
leaf_weight=0.78763851610710878 0.40335912024602283 0.23441769555211045 0.51802854426205147 0.55560104048345238 0.80699370428919781 0.92141456995159376 0.76621352834627066 1.1743376693921161 0.25723745446885005
leaf_count=27 23 26 12 21 25 27 22 52 15
internal_value=-0.000102501 -0.00780742 -0.002041 -0.0120728 0.00330105 7.85376e-05 0.00626005 0.0126797 -0.0338214
internal_weight=6.42524 1.96864 1.56528 1.04726 4.4566 3.6496 2.72819 1.94055 0.491655
internal_count=250 97 74 62 153 128 101 74 41
is_linear=0
shrinkage=0.05


Tree=568
num_leaves=7
num_cat=0
split_feature=16 27 22 7 9 30
split_gain=0.0526635 0.0682647 0.0737973 0.0676748 0.101599 0.0599474
threshold=0.0036382114729644872 -0.019696370333794063 -0.0049192777623024977 0.65326584279537203 0.65830576717853562 0.0020930687228998273
decision_type=2 2 2 2 2 2
left_child=-1 -2 5 -4 -5 -3
right_child=1 2 3 4 -6 -7
leaf_value=0.015586909184535725 -0.019670138816988841 0.0036492656758952777 0.015379999683768922 -0.017823389381543885 0.0046279873701621484 -0.033691089548642493
leaf_weight=0.49222333356738079 0.46998283610446367 0.17987930250819806 0.83088706727721762 0.66991691390285302 2.0333248338429257 0.26707810304651503
leaf_count=12 39 11 33 33 89 33
internal_value=6.77569e-05 -0.00164844 0.000479098 0.00290002 -0.000935909 -0.0186634
internal_weight=4.94329 4.45107 3.98109 3.53413 2.70324 0.446957
internal_count=250 238 199 155 122 44
is_linear=0
shrinkage=0.05


Tree=569
num_leaves=8
num_cat=0
split_feature=28 27 17 7 21 15 17
split_gain=0.0620531 0.135122 0.123445 0.12932 0.136808 0.106227 0.106038
threshold=-0.033802441634774187 -0.014249805898495336 -6.1521358718061924e-05 0.65139049291610729 -0.0011061820532373698 0.0082468733940821316 -0.00015557588654296409
decision_type=2 2 2 2 2 2 2
left_child=5 -2 6 -4 -5 -1 -3
right_child=1 2 3 4 -6 -7 -8
leaf_value=-0.021220736409324311 0.019552345790679927 -0.0034128618380246723 0.015132372817953699 0.0055872178205162602 -0.019188573774596672 0.0017935995662479308 0.022470555477748025
leaf_weight=0.82986555795650963 0.98849207255989302 0.73312664811965078 0.56434669229202006 0.81735489121638272 1.7504053270677102 1.2667352324351666 0.85969618684612192
leaf_count=22 39 24 16 25 69 29 26
internal_value=4.14403e-05 0.00274126 -0.000775746 -0.00653909 -0.0113021 -0.00731581 0.0105572
internal_weight=7.81002 5.71342 4.72493 3.13211 2.56776 2.0966 1.59282
internal_count=250 199 160 110 94 51 50
is_linear=0
shrinkage=0.05


Tree=570
num_leaves=10
num_cat=0
split_feature=29 21 31 23 30 23 19 22 22
split_gain=0.0642348 0.13048 0.201373 0.109377 0.0818724 0.107522 0.0920009 0.142594 8.07928e-05
threshold=0.0020926648787336082 0.0019773403340929145 -0.37067846715559366 -0.010390825446515149 0.01096511336316275 -0.002937974055206793 -0.0051572431413661737 0.0015784977153769921 -0.010224915326078053
decision_type=2 2 2 2 2 2 2 2 2
left_child=4 2 -2 -4 5 -1 -7 -8 -5
right_child=1 -3 3 8 -6 6 7 -9 -10
leaf_value=0.012633368125061516 0.022913103266699823 0.0097023757436932728 0.0028140448823118442 -0.034834273901856984 0.01628584405303591 -0.024196707669092734 -0.017363482151326309 0.012884025129120503 -0.033733568856456071
leaf_weight=1.0691265333443882 0.26649694074876618 0.74959449190646399 0.26291375025175512 0.22576961293816566 0.96707002603216086 0.5600629681721333 0.70330131705850341 0.87365606753155589 0.63734077132539824
leaf_count=35 9 19 12 7 29 21 23 33 62
internal_value=-7.85931e-05 -0.00711695 -0.0161708 -0.0254208 0.0035342 -0.000312077 -0.00678853 -0.000605947 -0.0340215
internal_weight=6.31533 2.14212 1.39252 1.12602 4.17322 3.20615 2.13702 1.57696 0.86311
internal_count=250 109 90 81 141 112 77 56 69
is_linear=0
shrinkage=0.05


Tree=571
num_leaves=9
num_cat=0
split_feature=5 17 30 16 22 23 9 31
split_gain=0.0501067 0.121907 0.0950572 0.0751264 0.158889 0.138512 0.0290112 2.76128e-06
threshold=0.007841615147674957 0.00017193858391443046 -0.011280597462065332 0.0051239844252546117 -0.0016743999685090436 -0.0023865193985180828 0.6526535600423814 0.16996588778757935
decision_type=2 2 2 2 2 2 2 2
left_child=1 2 -1 5 -5 -4 -3 -8
right_child=-2 6 3 4 -6 -7 7 -9
leaf_value=-0.018631486124918408 0.01222506077770536 -0.0093746944337483925 0.026162990372102252 -0.033693299774632743 0.0055740985283905583 -0.0020605054666553439 -0.033591008635436452 -0.033881441277430299
leaf_weight=0.51910075297928449 0.71900131506845344 0.19480932701844711 0.82921710610389709 0.3439071607135703 1.0266763038816857 0.91374079836532496 0.15919438505079597 0.16842083283700049
leaf_count=25 25 6 19 43 64 28 24 16
internal_value=3.80702e-05 -0.00207079 0.00117706 0.00447961 -0.00427889 0.0113669 -0.0246545 -0.0337403
internal_weight=4.87407 4.15507 3.63264 3.11354 1.37058 1.74296 0.522425 0.327615
internal_count=250 225 179 154 107 47 46 40
is_linear=0
shrinkage=0.05


Tree=572
num_leaves=9
num_cat=0
split_feature=5 15 22 28 25 31 6 9
split_gain=0.0606739 0.101321 0.13556 0.114313 0.166631 0.0784692 0.118514 0.0521442
threshold=0.007841615147674957 0.0083545041343846445 0.0066061922442051122 -0.033802441634774187 0.0097353269351553324 0.14074486488141005 1.0953145734209397 0.65461528599262253
decision_type=2 2 2 2 2 2 2 2
left_child=1 2 3 -1 -5 6 7 -3
right_child=-2 5 -4 4 -6 -7 -8 -9
leaf_value=-0.0156797523845934 -0.010175657935470839 0.024580775529871 -0.02404029804747379 -0.0017758981152501856 0.026636134522497287 0.020969449945272247 -0.016886769200333551 0.001796527583094356
leaf_weight=0.78112340648658607 1.2224498104769734 0.48232769197784386 0.64081405662000168 1.84516851278022 0.71641462156549085 0.97270322090480466 0.50907590030692507 0.52385522361146286
leaf_count=22 25 17 24 58 25 33 23 23
internal_value=4.03935e-05 0.00197018 -0.00297413 0.00106437 0.00617028 0.00988661 0.00277211 0.0127185
internal_weight=7.69393 6.47148 3.98352 3.34271 2.56158 2.48796 1.51526 1.00618
internal_count=250 225 129 105 83 96 63 40
is_linear=0
shrinkage=0.05


Tree=573
num_leaves=7
num_cat=0
split_feature=29 0 17 13 22 20
split_gain=0.0626392 0.0785022 0.125412 0.120108 0.117063 0.105413
threshold=-0.0093031486362166165 -0.0032410739960454511 -0.00015557588654296409 46.878219000298678 0.005961149877537931 -0.058537407738036167
decision_type=2 2 2 2 2 2
left_child=-1 3 -3 -2 5 -4
right_child=1 2 4 -5 -6 -7
leaf_value=0.017514495837516068 -0.029234516016714802 0.01894893103850338 0.0039693558200015805 0.0021847248717128953 0.019662759233247545 -0.014371065099864104
leaf_weight=0.46966112067457277 0.57918382040224947 0.84339675516821389 1.4364028826239521 0.64060257712844759 0.5155059981625526 1.7235018722713
leaf_count=24 26 24 51 28 21 76
internal_value=-4.12301e-05 -0.00147804 0.00156032 -0.0127339 -0.00242985 -0.00603403
internal_weight=6.20826 5.73859 4.51881 1.21979 3.67541 3.1599
internal_count=250 226 172 54 148 127
is_linear=0
shrinkage=0.05


Tree=574
num_leaves=8
num_cat=0
split_feature=13 30 25 10 3 24 27
split_gain=0.0507563 0.0691543 0.0533919 0.114743 0.0837042 0.0941778 0.159039
threshold=68.991708892961427 0.0033555050217708442 0.011479340990343758 -0.004341993657318602 0.014158997593252233 0.026022165992401817 0.0064307750651532167
decision_type=2 2 2 2 2 2 2
left_child=2 -2 4 -4 5 6 -1
right_child=1 -3 3 -5 -6 -7 -8
leaf_value=-0.016184036216441034 0.00458612419265483 -0.033708614680429731 0.0091296704750795481 -0.033810590823073659 0.016549873226866206 0.020630581513836049 0.010468541763815968
leaf_weight=1.2885470980545517 0.2243307054741307 0.24846559041179717 0.31875679106451571 0.30389454703254148 0.97720108408248041 0.4412594063032883 0.98955179748008948
leaf_count=78 12 28 14 28 35 18 37
internal_value=1.45934e-05 -0.0155387 0.00171711 -0.011828 0.00399865 -0.000511625 -0.00460679
internal_weight=4.79201 0.472796 4.31921 0.622651 3.69656 2.71936 2.2781
internal_count=250 40 210 42 168 133 115
is_linear=0
shrinkage=0.05


Tree=575
num_leaves=10
num_cat=0
split_feature=21 12 29 28 7 11 16 1 29
split_gain=0.0579001 0.187299 0.108572 0.0909887 0.157945 0.155318 0.105773 0.0667097 4.69862e-05
threshold=0.00030882381942320963 0.020023775962578493 0.0025370905464605635 -0.022465270449632865 0.69276348650455477 0.70229138433933269 0.0058043367193667574 0.0077204577923032378 1.0000000180025095e-35
decision_type=2 2 2 2 2 2 2 2 2
left_child=3 2 7 5 6 -1 -5 8 -2
right_child=1 -3 -4 4 -6 -7 -8 -9 -10
leaf_value=-0.021287078728042346 -0.033867837771273335 0.0134924864000323 -0.0019830433757068943 0.0058507296371900167 -0.011065105965730772 0.0080536320347871278 0.02826841026491167 -0.0072251656135357461 -0.034694151480211134
leaf_weight=0.82653216319158651 0.36874979059211932 0.89280312275513996 0.96269097994081665 1.1722884729970253 0.72830656683072437 0.99285458261147141 0.9546898363623767 0.34087409125640988 0.32249117828905582
leaf_count=22 36 31 29 28 24 21 37 15 7
internal_value=2.46005e-05 -0.00554199 -0.0140611 0.00346316 0.0090315 -0.00527561 0.0159129 -0.0253268 -0.0342533
internal_weight=7.56228 2.88761 1.99481 4.67467 2.85528 1.81939 2.12698 1.03212 0.691241
internal_count=250 118 87 132 89 43 65 58 43
is_linear=0
shrinkage=0.05


Tree=576
num_leaves=11
num_cat=0
split_feature=29 13 14 21 30 25 19 23 23 25
split_gain=0.0614624 0.0952109 0.101114 0.105139 0.0777343 0.0921689 0.113154 0.101745 0.0862107 0.047611
threshold=0.0027171793287790185 44.424343058630072 0.76397480148779895 0.0015291427556902717 0.015012514807604351 -0.00039091095706095253 -0.007256721409300059 0.00095428468312486203 0.00081516680707138811 0.0086919345802622967
decision_type=2 2 2 2 2 2 2 2 2 2
left_child=4 -2 3 -3 5 6 -1 9 -8 -7
right_child=1 2 -4 -5 -6 7 8 -9 -10 -11
leaf_value=-0.0092282697205045318 -0.029713818631775669 -0.0077281086600469095 -0.016363935800916222 0.028203413523396361 0.017851058418072184 -0.0098517858039975856 0.00435413424251476 -0.023796855644476884 0.033983880896553915 0.0088502845058392541
leaf_weight=0.52495758031727713 0.38512870983686287 0.41294892836594932 0.65831217495724559 0.40156196057796478 0.75674584601074446 0.6055612135678532 0.47945667197927844 0.61432157643139351 0.50309781543910503 0.77689011371694505
leaf_count=17 32 32 24 9 21 22 19 23 32 19
internal_value=9.46194e-06 -0.00757938 -0.00179144 0.00998649 0.00331845 0.000180151 0.00951262 -0.00686562 0.0195255 0.000658135
internal_weight=6.11898 1.85795 1.47282 0.814511 4.26103 3.50428 1.50751 1.99677 0.982554 1.38245
internal_count=250 97 65 41 153 132 68 64 51 41
is_linear=0
shrinkage=0.05


Tree=577
num_leaves=7
num_cat=0
split_feature=16 27 22 0 0 21
split_gain=0.0490295 0.0629455 0.0660912 0.0686925 0.0664553 0.0625579
threshold=0.0036382114729644872 -0.019696370333794063 -0.0049192777623024977 0.0043548068451441111 -0.0010468497590704893 -0.0043938617286006223
decision_type=2 2 2 2 2 2
left_child=-1 -2 5 4 -4 -3
right_child=1 2 3 -5 -6 -7
leaf_value=0.015243461410630862 -0.019512943275455427 0.0059084041747737605 0.0052828408869517174 0.020455379832458136 -0.010628305480702149 -0.033672450546417362
leaf_weight=0.47193294949829567 0.44606798209133547 0.16291447493131272 1.908151897427161 0.46773523226147506 1.0002483901043886 0.25779462851642199
leaf_count=12 39 11 72 21 62 33
internal_value=-4.47524e-05 -0.00174524 0.000342181 0.00267087 -0.000189273 -0.0183452
internal_weight=4.71485 4.24291 3.79684 3.37614 2.9084 0.420709
internal_count=250 238 199 155 134 44
is_linear=0
shrinkage=0.05


Tree=578
num_leaves=9
num_cat=0
split_feature=23 23 27 17 12 25 23 29
split_gain=0.0601401 0.106257 0.145221 0.0980135 0.189947 0.0820427 0.102905 0.0865084
threshold=-0.01489490862162801 -0.0025970891986756279 0.002342432154555985 -0.00012024258132476122 0.0099867943116021939 0.011016035910764834 0.0082086458205183916 0.0036902644695857583
decision_type=2 2 2 2 2 2 2 2
left_child=-1 2 3 -2 -5 6 7 -3
right_child=1 5 -4 4 -6 -7 -8 -9
leaf_value=0.018781964932478096 -0.033093765291851603 -0.00023034418133283417 0.0094463637286448382 0.014759197904956443 -0.026763812150808787 0.016967276827937024 -0.016424928771793378 0.020436727636539899
leaf_weight=0.40397057868540276 0.62522074766457092 2.2809929368668245 0.72047232626937319 0.49453210353385657 0.62161928089335561 0.90125940879806865 0.74752260532113712 0.65080435283016402
leaf_count=15 14 63 26 21 20 29 37 25
internal_value=2.05605e-05 -0.00105564 -0.0094332 -0.0172444 -0.00836625 0.0034469 0.00013505 0.00435736
internal_weight=7.44639 7.04242 2.46184 1.74137 1.11615 4.58058 3.67932 2.9318
internal_count=250 235 81 55 41 154 125 88
is_linear=0
shrinkage=0.05


Tree=579
num_leaves=9
num_cat=0
split_feature=21 33 29 25 7 3 32 23
split_gain=0.0591893 0.13777 0.111455 0.201572 0.102969 0.0816276 0.00528778 6.01297e-06
threshold=0.0020484144885183357 0.26500000000000007 0.0010558219587901709 0.0086919345802622967 0.69276348650455477 0.011019146958802907 -0.062394963217384615 0.00081516680707138811
decision_type=2 2 2 2 2 2 2 2
left_child=2 -2 4 6 5 -1 -4 -8
right_child=1 -3 3 -5 -6 -7 7 -9
leaf_value=0.0050413238000660493 0.022567201717625454 -0.0045463699502579372 -0.024457868195544387 0.0039880519527644605 0.01729303174674723 -0.017601211724592915 -0.03368666137326988 -0.034005031533121566
leaf_weight=0.98856688151136063 0.83134811540367071 1.073480427614413 0.20103699102764905 0.80466432683169842 0.85503498162142921 0.66633613361045718 0.32358519808622099 0.27379655337426811
leaf_count=28 36 37 22 38 23 22 29 15
internal_value=5.67048e-07 0.00728714 -0.003374 -0.0136729 0.00320387 -0.00407555 -0.0314721 -0.0338326
internal_weight=6.01785 1.90483 4.11302 1.60308 2.50994 1.6549 0.798419 0.597382
internal_count=250 73 177 104 73 50 66 44
is_linear=0
shrinkage=0.05


Tree=580
num_leaves=9
num_cat=0
split_feature=13 30 1 0 26 32 32 4
split_gain=0.0484791 0.0644721 0.0528904 0.0852103 0.109266 0.164316 0.0988459 0.0209176
threshold=68.991708892961427 0.0033555050217708442 -0.010940001663405306 -0.0010468497590704893 -0.0027505105221876098 -0.062394963217384615 -0.10950200840869274 0.0042754420299293879
decision_type=2 2 2 2 2 2 2 2
left_child=2 -2 -1 6 7 -6 -4 -5
right_child=1 -3 3 4 5 -7 -8 -9
leaf_value=-0.0092229670507669986 0.0039229271308188884 -0.033691928950877519 0.026049837501413754 -0.012241555398264391 -0.019510083329674435 0.016671363744381256 0.00013650023376622183 -0.03407038088429476
leaf_weight=0.883137727389112 0.22044004453346122 0.23574631955125369 0.76013578270794824 0.19944213907001529 0.47790768728009392 0.91380266092892304 0.71336251078173518 0.24402754532638937
leaf_count=36 12 28 22 21 34 42 36 19
internal_value=-3.64923e-05 -0.0155155 0.00164806 0.00454971 -0.00264022 0.0042468 0.0135045 -0.0242533
internal_weight=4.648 0.456186 4.19182 3.30868 1.83518 1.39171 1.4735 0.44347
internal_count=250 40 210 174 116 76 58 40
is_linear=0
shrinkage=0.05


Tree=581
num_leaves=7
num_cat=0
split_feature=29 29 19 34 22 3
split_gain=0.0571606 0.109125 0.0943042 0.0882548 0.119386 0.128588
threshold=-0.0033718182032360651 -0.0063732011266223179 0.0097883165505241471 1.6537859729749493 0.0053829731033915315 0.00020955526098587199
decision_type=2 2 2 2 2 2
left_child=1 -1 3 4 5 -2
right_child=2 -3 -4 -5 -6 -7
leaf_value=0.0011021560351761187 -0.0029311861994834199 -0.03392005441723097 0.015845321734213377 -0.015627639522894081 -0.011932365017626538 0.016665810385582732
leaf_weight=0.63027380540734157 1.7040379196405413 0.34371785350958806 1.0000663051614536 0.85299229715019453 1.1573867078404871 1.6452586937230078
leaf_count=33 41 30 39 26 34 47
internal_value=2.2663e-05 -0.011257 0.00175015 -0.000879885 0.00191146 0.00669535
internal_weight=7.33373 0.973992 6.35974 5.35968 4.50668 3.3493
internal_count=250 63 187 148 122 88
is_linear=0
shrinkage=0.05


Tree=582
num_leaves=8
num_cat=0
split_feature=29 21 25 3 10 16 23
split_gain=0.0596508 0.0728173 0.117019 0.104516 0.143303 0.19052 0.110788
threshold=-0.0093031486362166165 -0.0022840014219216993 0.016607778053806758 0.01331298085011501 0.0027087375836140062 0.0073589553704153524 0.0062072404666733147
decision_type=2 2 2 2 2 2 2
left_child=-1 2 -2 4 5 -3 -5
right_child=1 3 -4 6 -6 -7 -8
leaf_value=0.01744227946989544 -0.033719678559786324 -0.010459547317980284 0.0067219338535245022 -0.019711044704915581 0.022887411636383286 0.022326084717028905 0.0061933536537248056
leaf_weight=0.45316814078250889 0.41190496389754105 1.4965792131260975 0.31616528914310038 1.0061041666194794 0.91783609532285471 0.6294970514718442 0.69986916752532113
leaf_count=24 38 59 13 34 29 29 24
internal_value=8.59087e-06 -0.00143362 -0.0161579 0.000823331 0.00637586 -0.000752248 -0.00908386
internal_weight=5.93112 5.47796 0.72807 4.74989 3.04391 2.12608 1.70597
internal_count=250 226 51 175 117 88 58
is_linear=0
shrinkage=0.05


Tree=583
num_leaves=11
num_cat=0
split_feature=16 24 19 17 11 30 7 1 22 13
split_gain=0.0468955 0.106237 0.132457 0.10597 0.0895504 0.0733375 0.0570079 0.0429213 4.96516e-06 1.7517e-06
threshold=0.0047034325202266877 -0.0053380768019015137 0.0061805013539215645 -5.7802158428188598e-05 0.65445597767829911 0.0078152197171895716 0.67119252979755417 -0.010073324261824111 0.0012587613250992782 70.316731870541489
decision_type=2 2 2 2 2 2 2 2 2 2
left_child=5 4 3 -3 -2 -1 -5 -4 -6 -9
right_child=1 2 7 6 8 -7 -8 9 -10 -11
leaf_value=0.017277622882116674 0.0014367095026525094 -0.010156697469143364 0.0015058680275873745 0.0042305335583944842 -0.033624279050713433 -0.0039655289081473822 0.02597190893053521 -0.033517369786567712 -0.033953978652370945 -0.033767756554563849
leaf_weight=0.82480039820075013 0.29729402663360849 0.56350974389351938 0.12270906823687255 0.5534973705653099 0.21588351257378235 0.8006884481292218 0.66227269551018253 0.18799248262075696 0.24242174765095115 0.11115208198316395
leaf_count=21 25 26 9 26 29 27 20 42 13 12
internal_value=-8.39268e-06 -0.00375884 0.00179412 0.00776644 -0.0199352 0.0068136 0.0160738 -0.0233958 -0.0337987 -0.0336104
internal_weight=4.58222 2.95673 2.20113 1.77928 0.755599 1.62549 1.21577 0.421854 0.458305 0.299145
internal_count=250 202 135 72 67 48 46 63 42 54
is_linear=0
shrinkage=0.05


Tree=584
num_leaves=9
num_cat=0
split_feature=25 29 17 28 16 7 21 21
split_gain=0.0575915 0.140177 0.0951199 0.141633 0.162404 0.0814804 1.81663e-05 3.6441e-06
threshold=0.02673919386274826 -0.0033718182032360651 0.00017193858391443046 -0.033802441634774187 0.0051512779479354022 0.65139049291610729 -0.0018808302338486624 0.00090965672952703091
decision_type=2 2 2 2 2 2 2 2
left_child=1 5 3 -3 -5 -1 -7 -8
right_child=-2 2 -4 4 -6 6 7 -9
leaf_value=0.0011738638168851459 0.015186862371790375 -0.014498018843480799 0.017388442497230323 -0.010724740177766239 0.011471809629014762 -0.034338860248557576 -0.033838822947945865 -0.033494893633621722
leaf_weight=0.25147959799505759 0.57451087492518116 1.4470331934280687 0.79050989705137897 1.2452241131104536 2.4365299083292484 0.16719532757997513 0.18348291842266917 0.13273358228616416
leaf_count=7 15 31 28 34 83 5 12 35
internal_value=-1.7287e-06 -0.00131308 0.00124395 -0.00124443 0.00396461 -0.0219091 -0.0339173 -0.0336945
internal_weight=7.2287 6.65419 5.9193 5.12879 3.68175 0.734891 0.483412 0.316217
internal_count=250 235 176 148 117 59 52 47
is_linear=0
shrinkage=0.05


Tree=585
num_leaves=9
num_cat=0
split_feature=29 25 0 25 5 24 9 29
split_gain=0.0579363 0.0662396 0.134781 0.139955 0.0813973 0.110739 0.114103 0.0129873
threshold=0.0079183424289078781 -0.0004555242770711842 -0.0029308424041274424 -0.011994860945266637 0.0075379138543084628 -0.0080746943692557287 0.65763399004936229 -0.00044096668390419808
decision_type=2 2 2 2 2 2 2 2
left_child=1 2 -1 -4 5 -3 -7 -5
right_child=-2 4 3 7 -6 6 -8 -9
leaf_value=-0.015249693434693344 -0.013267885192084654 -0.022240980147773547 -0.0039802419597490153 0.034043203002473842 0.015270111506553745 0.011615380953308243 -0.012773493822539651 0.022205341751003724
leaf_weight=0.43043692933861155 0.72011055448092509 0.75662462122272733 0.52677347377175454 0.47683063149452198 0.53848495474085201 1.0363403244409712 0.89264327069395211 0.45067759015364572
leaf_count=20 37 36 23 25 15 33 40 21
internal_value=9.46952e-06 0.00188097 0.00932743 0.0166017 -0.00247202 -0.00602946 0.000329352 0.0282912
internal_weight=5.82892 5.10881 1.88472 1.45428 3.22409 2.68561 1.92898 0.927508
internal_count=250 213 89 69 124 109 73 46
is_linear=0
shrinkage=0.05


Tree=586
num_leaves=10
num_cat=0
split_feature=11 15 28 11 34 21 28 15 31
split_gain=0.0468047 0.131067 0.0942649 0.0918322 0.0730217 0.154348 0.0712929 0.0348215 0.00294987
threshold=0.6543561577796938 0.0086917171330561788 -0.017113539039669608 0.65513564348220832 -1.184115273499027 0.0018819967403077566 -0.060796377139908424 0.0073938694905203908 -0.12397985648926522
decision_type=2 2 2 2 2 2 2 2 2
left_child=1 2 -1 -2 -5 6 -6 -7 -4
right_child=3 -3 8 4 5 7 -8 -9 -10
leaf_value=0.0042728454923009942 0.026530647700625937 0.014616224222388736 -0.026457099502360349 -0.017429643501072224 -0.010656391179179228 -0.0032416625796293356 0.014167248284099911 -0.033756844377534033 -0.033895117767948582
leaf_weight=0.28032710403203964 0.3713993955170739 0.42168000934179872 0.21210576477460563 0.49178932979702983 0.35318205028306748 0.13968488649697963 1.597548906167503 0.28267857839819044 0.35877445263031382
leaf_count=16 12 18 13 16 21 7 74 39 34
internal_value=-5.66423e-05 -0.00817923 -0.0194719 0.00313812 0.000105542 0.00373945 0.0096729 -0.0236648 -0.0311316
internal_weight=4.50917 1.27289 0.851207 3.23628 2.86488 2.37309 1.95073 0.422363 0.57088
internal_count=250 81 63 169 157 141 95 46 47
is_linear=0
shrinkage=0.05


Tree=587
num_leaves=9
num_cat=0
split_feature=5 15 22 25 31 6 16 9
split_gain=0.0552693 0.0932028 0.120869 0.121364 0.0705986 0.101628 0.0697883 0.0466663
threshold=0.007841615147674957 0.0083545041343846445 0.0066061922442051122 -0.004740509207992293 0.14074486488141005 1.0953145734209397 0.0051512779479354022 0.65461528599262253
decision_type=2 2 2 2 2 2 2 2
left_child=1 2 3 -1 5 7 -5 -3
right_child=-2 4 -4 6 -6 -7 -8 -9
leaf_value=-0.023116732142285431 -0.010089038170464228 0.024125899238046922 -0.023589005637585946 -0.0025206991787039921 0.020788120897762261 -0.016018687085353655 0.013752862958646611 0.0016324783187220762
leaf_weight=0.44647315004840527 1.1347773254383353 0.44526167446747444 0.5961955790844512 1.4134411594131968 0.89874484890606243 0.47320461052004248 1.2339508550940079 0.47826048056595027
leaf_count=22 25 17 24 37 33 23 46 23
internal_value=2.81185e-05 0.0019462 -0.00297479 0.000997618 0.00985688 0.00282301 0.00506442 0.0124773
internal_weight=7.12031 5.98553 3.69006 3.09387 2.29547 1.39673 2.64739 0.923522
internal_count=250 225 129 105 96 63 83 40
is_linear=0
shrinkage=0.05


Tree=588
num_leaves=7
num_cat=0
split_feature=29 8 3 23 13 29
split_gain=0.055282 0.0681032 0.115164 0.158663 0.103473 0.10624
threshold=-0.0093031486362166165 0.0088850383918474534 0.012532458179716823 0.0062072404666733147 57.607184309716409 0.0012471092771182415
decision_type=2 2 2 2 2 2
left_child=-1 2 4 -4 5 -2
right_child=1 -3 3 -5 -6 -7
leaf_value=0.017209500774776308 0.0052930864438226278 0.0097930771574338583 -0.030789131644422752 0.0049230736178090574 0.023735021001468855 -0.016062060649400949
leaf_weight=0.43223017174750555 1.5590119189582772 1.0841693672118706 0.78482256486313395 0.51517157489433885 0.43545500666368742 0.92971919692354266
leaf_count=24 53 34 38 16 16 69
internal_value=1.4346e-05 -0.00138576 -0.0042549 -0.0166368 0.00124969 -0.00268459
internal_weight=5.74058 5.30835 4.22418 1.29999 2.92419 2.48873
internal_count=250 226 192 54 138 122
is_linear=0
shrinkage=0.05


Tree=589
num_leaves=9
num_cat=0
split_feature=16 5 31 31 24 4 4 4
split_gain=0.0465125 0.0609868 0.0808277 0.108005 0.131921 0.0981329 0.089525 8.77074e-06
threshold=0.0036382114729644872 0.007841615147674957 0.10367469768269731 0.17650517567309421 0.0037497757149213 0.0036121348551307847 0.0042302248055600391 0.0039329432187681273
decision_type=2 2 2 2 2 2 2 2
left_child=-1 2 5 7 -5 -2 -7 -4
right_child=1 -3 3 4 -6 6 -8 -9
leaf_value=0.01521394106522537 -0.020376176895098519 0.012156300049193275 -0.034065868614384459 -0.020842363015740186 0.016350229192577198 0.023064485737265068 -0.0017669833199027677 -0.033623149908749275
leaf_weight=0.44738116860389698 0.38580645556794557 0.65512571693398047 0.20837799445143879 0.5315221335622482 0.43235654622549191 0.59207524618250296 0.93807003961410373 0.24155572053859942
leaf_count=12 31 25 13 25 22 28 65 29
internal_value=-7.26621e-05 -0.00178888 -0.00453257 -0.0136012 -0.00415929 0.00215929 0.00784132 -0.0338282
internal_weight=4.43227 3.98489 3.32976 1.41381 0.963879 1.91595 1.53015 0.449934
internal_count=250 238 213 89 47 124 93 42
is_linear=0
shrinkage=0.05


Tree=590
num_leaves=9
num_cat=0
split_feature=23 23 6 29 9 0 20 21
split_gain=0.0530047 0.0776926 0.0736322 0.089108 0.15753 0.071022 0.124751 0.140659
threshold=-0.0025970891986756279 1.0000000180025095e-35 1.1054098550981635 0.0079183424289078781 0.65444700419902813 0.0048738245008890244 0.085161376258323776 0.0014189416767858012
decision_type=2 2 2 2 2 2 2 2
left_child=2 -2 3 4 -1 6 7 -3
right_child=1 5 -4 -5 -6 -7 -8 -9
leaf_value=0.014147855784810846 0.013889318543773716 0.02062193131269521 -0.021508203649375647 0.01357099176734582 -0.020589401401165663 -0.017700900284451492 -0.019192262330193288 -0.005817216857057347
leaf_weight=0.50449147360632263 1.2637414857745168 1.0729364202125009 0.56587104452773918 0.68857709504663933 0.9243929780786857 0.5190578035544603 0.52209126501111303 0.94710268259223074
leaf_count=22 30 40 19 20 35 21 19 44
internal_value=3.4203e-05 0.00345928 -0.00548625 -0.00120453 -0.00832483 -0.000846529 0.00259483 0.00822584
internal_weight=7.00826 4.32493 2.68333 2.11746 1.42888 3.06119 2.54213 2.02004
internal_count=250 154 96 77 57 124 103 84
is_linear=0
shrinkage=0.05


Tree=591
num_leaves=9
num_cat=0
split_feature=29 25 0 25 5 5 28 29
split_gain=0.0545623 0.0617949 0.125504 0.132028 0.0730842 0.106734 0.157437 0.0133868
threshold=0.0079183424289078781 -0.0004555242770711842 -0.0029308424041274424 -0.011994860945266637 0.0075379138543084628 0.0048477386987684085 -0.02989430534989523 -0.00044096668390419808
decision_type=2 2 2 2 2 2 2 2
left_child=1 2 -1 -4 5 6 -3 -5
right_child=-2 4 3 7 -6 -7 -8 -9
leaf_value=-0.014864655232562286 -0.013046021174150097 0.024597791288330974 -0.0038021894721988561 0.034011447637738425 0.014639802838873268 -0.022438985394250592 -0.0081528949439067504 0.021736199255617185
leaf_weight=0.41752638295292843 0.69928361615166057 0.4953226880170406 0.51429707359056909 0.45555798313580442 0.52543704456184048 0.70396675483789284 1.4158558376366277 0.43341009324649349
leaf_count=20 37 15 23 25 15 27 67 21
internal_value=2.94454e-05 0.00187237 0.00920096 0.0163614 -0.00237647 -0.00579539 0.000335144 0.0280267
internal_weight=5.66066 4.96137 1.82079 1.40327 3.14058 2.61515 1.91118 0.888968
internal_count=250 213 89 69 124 109 82 46
is_linear=0
shrinkage=0.05


Tree=592
num_leaves=9
num_cat=0
split_feature=13 30 1 0 26 32 32 4
split_gain=0.045209 0.0593782 0.0486096 0.0750755 0.099821 0.153901 0.0887647 0.0187617
threshold=68.991708892961427 0.0033555050217708442 -0.010940001663405306 -0.0010468497590704893 -0.0027505105221876098 -0.062394963217384615 -0.10950200840869274 0.0042754420299293879
decision_type=2 2 2 2 2 2 2 2
left_child=2 -2 -1 6 7 -6 -4 -5
right_child=1 -3 3 4 5 -7 -8 -9
leaf_value=-0.0091289157246939555 0.0038987584996540217 -0.033669981239215538 0.025561668638264784 -0.012405243961702875 -0.019419539766302046 0.016556778869777338 0.0001772802514377886 -0.033997477635137663
leaf_weight=0.83404841052833978 0.20217881753342215 0.21921084617497399 0.70528961226227693 0.18457178349490311 0.45300206405227084 0.86470182871562329 0.67301433888496875 0.22114317800151184
leaf_count=36 12 28 22 21 34 42 36 19
internal_value=-7.96913e-05 -0.0156449 0.00158682 0.00446826 -0.0024883 0.00418879 0.0131667 -0.0241745
internal_weight=4.35716 0.42139 3.93577 3.10172 1.72342 1.3177 1.3783 0.405715
internal_count=250 40 210 174 116 76 58 40
is_linear=0
shrinkage=0.05


Tree=593
num_leaves=9
num_cat=0
split_feature=23 23 27 17 34 3 23 0
split_gain=0.0543628 0.0956578 0.131227 0.0898668 0.146693 0.0761282 0.136263 0.131248
threshold=-0.01489490862162801 -0.0025970891986756279 0.002342432154555985 -0.00012024258132476122 1.0109523277371186 -0.014993880760275744 1.0000000180025095e-35 -0.0060118237832301738
decision_type=2 2 2 2 2 2 2 2
left_child=-1 2 3 -2 -5 -3 -7 -8
right_child=1 5 -4 4 -6 6 7 -9
leaf_value=0.018487008633258081 -0.03290830886149082 -0.014240538702516119 0.0094080731630573795 0.010918549247948465 -0.026856348651649566 0.021706065955831012 0.025426792383515535 -0.0046465947726242697
leaf_weight=0.3769898700993507 0.57478960510343324 0.53610533155733708 0.66054391628131259 0.50719158508582041 0.52101675618905574 0.99905421119183335 0.43106534378603134 2.2908960411295993
leaf_count=15 14 16 26 23 18 24 12 102
internal_value=2.61751e-05 -0.00104113 -0.00934629 -0.0170744 -0.00822286 0.00337478 0.00591271 0.000115998
internal_weight=6.89765 6.52066 2.26354 1.603 1.02821 4.25712 3.72102 2.72196
internal_count=250 235 81 55 41 154 138 114
is_linear=0
shrinkage=0.05


Tree=594
num_leaves=10
num_cat=0
split_feature=29 21 31 23 16 5 23 0 28
split_gain=0.054085 0.107728 0.181472 0.085043 0.0726301 0.122434 0.111553 0.0880174 5.02083e-05
threshold=0.0020926648787336082 0.0019773403340929145 -0.37067846715559366 -0.0098002246374394569 0.0045343367654926406 0.0048477386987684085 -0.00099286337003323655 -0.0010468497590704893 -0.077500279381030865
decision_type=2 2 2 2 2 2 2 2 2
left_child=4 2 -2 -4 -1 7 -7 -6 -5
right_child=1 -3 3 8 5 6 -8 -9 -10
leaf_value=-0.0114147364238937 0.023414512766671263 0.0093236517115545033 -4.8247153367440242e-05 -0.034698519517490888 0.0025185185410048412 0.012423696646352317 -0.015918857824617414 0.026218058802037831 -0.033722527405076939
leaf_weight=0.66449897625716436 0.23779076256323595 0.66336902696639288 0.2482222442049532 0.17308235354721535 0.67456483654677879 0.6042502080090344 0.8160022940719498 0.93449658202007424 0.5520986486808398
leaf_count=25 9 19 14 6 28 16 34 38 61
internal_value=4.46529e-05 -0.00687257 -0.0157432 -0.025309 0.00355505 0.00683877 -0.00386044 0.0162825 -0.0339555
internal_weight=5.56838 1.87456 1.21119 0.973403 3.69381 3.02931 1.42025 1.60906 0.725181
internal_count=250 109 90 81 141 116 50 66 67
is_linear=0
shrinkage=0.05


Tree=595
num_leaves=8
num_cat=0
split_feature=16 27 22 2 13 26 21
split_gain=0.0447 0.0573545 0.0636683 0.0585968 0.0958258 0.0770192 0.052438
threshold=0.0036382114729644872 -0.019696370333794063 -0.0049192777623024977 -0.001752033008534881 56.509914956510592 0.0037789125592970767 -0.0043938617286006223
decision_type=2 2 2 2 2 2 2
left_child=-1 -2 6 5 -5 -4 -3
right_child=1 2 3 4 -6 -7 -8
leaf_value=0.015208943836143355 -0.019559465423602505 0.0044528964706698022 -0.0039477030024438709 -0.026089173415984959 0.0036361383338933111 0.017177162744552638 -0.033647366765574088
leaf_weight=0.4314281754195689 0.40509848552756045 0.14705842742114328 0.72807665169239122 0.39052538524265334 0.88677329261554405 1.0591260094661263 0.23402262643503524
leaf_count=12 39 11 30 39 51 35 33
internal_value=-5.29778e-05 -0.00176292 0.000329432 0.00272622 -0.00545217 0.00857124 -0.0189446
internal_weight=4.28211 3.85068 3.44558 3.0645 1.2773 1.7872 0.381081
internal_count=250 238 199 155 90 65 44
is_linear=0
shrinkage=0.05


Tree=596
num_leaves=8
num_cat=0
split_feature=21 11 11 24 17 25 12
split_gain=0.0533497 0.0782712 0.0751483 0.081201 0.0910502 0.073544 0.0454095
threshold=-0.0024933130898751039 0.6543561577796938 0.65315850257873553 -0.01445114893823962 -3.2894388887149087e-05 0.0026084582628899127 0.0084787856347269316
decision_type=2 2 2 2 2 2 2
left_child=1 -1 -2 -4 6 -6 -5
right_child=2 -3 3 4 5 -7 -8
leaf_value=0.023614604967051891 -0.014553104563930587 -0.00043461603713284907 -0.01083103263751389 0.0030704405150700927 -0.013344667034663957 0.0075373108694954463 0.020940212946145217
leaf_weight=0.53850544616579987 1.0155125248857073 0.91016023745760322 1.1474657085491338 0.59469584131147668 0.87137956876540645 0.81694306479766965 0.88389867777004838
leaf_count=21 39 33 31 20 44 32 30
internal_value=-3.2141e-06 0.00850508 -0.00231577 0.000564635 0.00469361 -0.00324033 0.0137529
internal_weight=6.77856 1.44867 5.3299 4.31438 3.16692 1.68832 1.47859
internal_count=250 54 196 157 126 76 50
is_linear=0
shrinkage=0.05


Tree=597
num_leaves=8
num_cat=0
split_feature=13 10 21 1 15 12 30
split_gain=0.0540538 0.118703 0.0875154 0.155699 0.134447 0.0812535 0.0652621
threshold=36.458074118359711 -0.0082683318133502815 0.0019773403340929145 0.0038032316921488012 0.0086917171330561788 0.01491135456419246 -0.0034444174679946755
decision_type=2 2 2 2 2 2 2
left_child=-1 -2 3 6 -4 -5 -3
right_child=1 2 4 5 -6 -7 -8
leaf_value=-0.01432367013799876 0.023611644708248631 -0.0073219811399225457 0.022029075619591054 -0.0077394484315026699 -0.0075929781248750125 0.013224303349340022 -0.033911115057199827
leaf_weight=0.58495509228669096 0.55140309710986901 0.39731217117514461 0.84131046134280019 0.98044925695285179 0.70325283613055944 0.87446594599168748 0.550577273970703
leaf_count=21 21 23 39 36 28 35 47
internal_value=4.20523e-05 0.00175744 -0.00101446 -0.00628076 0.0085419 0.00214353 -0.0227662
internal_weight=5.48373 4.89877 4.34737 2.8028 1.54456 1.85492 0.947889
internal_count=250 229 208 141 67 71 70
is_linear=0
shrinkage=0.05


Tree=598
num_leaves=8
num_cat=0
split_feature=5 17 30 16 20 9 31
split_gain=0.0443301 0.101599 0.0823475 0.0652631 0.0716567 0.0256457 1.81355e-06
threshold=0.007841615147674957 0.00017193858391443046 -0.011280597462065332 0.0036382114729644872 0.074819234681535743 0.6526535600423814 0.16996588778757935
decision_type=2 2 2 2 2 2 2
left_child=1 2 -1 -4 -5 -3 -7
right_child=-2 5 3 4 -6 6 -8
leaf_value=-0.018586294664316255 0.012184173046858159 -0.0093027151637365569 0.024233960539914858 -0.0029988460307503501 0.019187062321211187 -0.033547553380510443 -0.033802664181004423
leaf_weight=0.45773978959187012 0.6315009556710719 0.17582183796912421 0.35792900994420085 1.8775994570169134 0.45146121992729593 0.13343285224982537 0.1457708022207953
leaf_count=25 25 6 10 125 19 24 16
internal_value=-3.47786e-05 -0.00217834 0.00101692 0.00435641 0.00130163 -0.0242611 -0.0336807
internal_weight=4.23126 3.59975 3.14473 2.68699 2.32906 0.455025 0.279204
internal_count=250 225 179 154 144 46 40
is_linear=0
shrinkage=0.05


Tree=599
num_leaves=8
num_cat=0
split_feature=22 28 7 21 28 27 21
split_gain=0.0544996 0.0910352 0.20257 0.112937 0.11833 0.121232 0.0521497
threshold=-0.011707675309835517 -0.033802441634774187 0.70797255635261547 -0.0012136963179997793 -0.018112666604498281 -0.010635572130582414 -0.0035448987863623822
decision_type=2 2 2 2 2 2 2
left_child=-1 2 -2 6 -5 -6 -3
right_child=1 3 -4 4 5 -7 -8
leaf_value=0.015751212612091312 -0.028332635926494532 0.029180333052916729 0.0084678561331936273 0.020621469343988647 0.013024443495649971 -0.011380927450257454 0.0074378251672706161
leaf_weight=0.50669481989461918 0.84036827180534579 0.43867251020856202 0.67374885408207774 0.48152530699735496 0.64992363960482213 2.344218206941151 0.74272386869415574
leaf_count=15 27 20 18 16 22 99 33
internal_value=-1.24959e-05 -0.0013068 -0.0119572 0.00215589 -0.00238364 -0.00608337 0.0155112
internal_weight=6.67788 6.17118 1.51412 4.65706 3.47567 2.99414 1.1814
internal_count=250 235 45 190 137 121 53
is_linear=0
shrinkage=0.05


end of trees

feature_importances:
x_dxy_ret_1=369
x_spx_ret_1=366
range_pct=313
x_tnx_ret_1=248
x_oil_ret_5=209
body_pct=204
ret_1=198
x_gold_ret_1=193
x_oil_ret_1=174
x_dxy_ret_5=168
vol_ratio=158
x_spx_ret_5=158
x_vix_ret_1=142
x_tnx_ret_5=142
ret_5=137
x_gold_ret_5=134
vol_20=129
rsi_14=124
ret_20=110
ret_10=97
atr_pct=94
corr_dxy=80
corr_vix=76
dist_sma_50=71
x_vix_ret_5=71
sma_50=70
sma_10=68
dist_sma_10=68
sma_20=62
dist_sma_20=62
vol_percentile=57
bb_pctb=44
vol_10=42
trend_strength=37

parameters:
[boosting: gbdt]
[objective: multiclass]
[metric: multi_logloss]
[tree_learner: serial]
[device_type: cpu]
[data_sample_strategy: bagging]
[data: ]
[valid: ]
[num_iterations: 200]
[learning_rate: 0.05]
[num_leaves: 31]
[num_threads: 4]
[seed: 0]
[deterministic: 0]
[force_col_wise: 0]
[force_row_wise: 0]
[histogram_pool_size: -1]
[max_depth: 5]
[min_data_in_leaf: 20]
[min_sum_hessian_in_leaf: 0.001]
[bagging_fraction: 1]
[pos_bagging_fraction: 1]
[neg_bagging_fraction: 1]
[bagging_freq: 0]
[bagging_seed: 3]
[bagging_by_query: 0]
[feature_fraction: 1]
[feature_fraction_bynode: 1]
[feature_fraction_seed: 2]
[extra_trees: 0]
[extra_seed: 6]
[early_stopping_round: 0]
[early_stopping_min_delta: 0]
[first_metric_only: 0]
[max_delta_step: 0]
[lambda_l1: 0]
[lambda_l2: 0]
[linear_lambda: 0]
[min_gain_to_split: 0]
[drop_rate: 0.1]
[max_drop: 50]
[skip_drop: 0.5]
[xgboost_dart_mode: 0]
[uniform_drop: 0]
[drop_seed: 4]
[top_rate: 0.2]
[other_rate: 0.1]
[min_data_per_group: 100]
[max_cat_threshold: 32]
[cat_l2: 10]
[cat_smooth: 10]
[max_cat_to_onehot: 4]
[top_k: 20]
[monotone_constraints: ]
[monotone_constraints_method: basic]
[monotone_penalty: 0]
[feature_contri: ]
[forcedsplits_filename: ]
[refit_decay_rate: 0.9]
[cegb_tradeoff: 1]
[cegb_penalty_split: 0]
[cegb_penalty_feature_lazy: ]
[cegb_penalty_feature_coupled: ]
[path_smooth: 0]
[interaction_constraints: ]
[verbosity: -1]
[saved_feature_importance_type: 0]
[use_quantized_grad: 0]
[num_grad_quant_bins: 4]
[quant_train_renew_leaf: 0]
[stochastic_rounding: 1]
[linear_tree: 0]
[max_bin: 255]
[max_bin_by_feature: ]
[min_data_in_bin: 3]
[bin_construct_sample_cnt: 200000]
[data_random_seed: 1]
[is_enable_sparse: 1]
[enable_bundle: 1]
[use_missing: 1]
[zero_as_missing: 0]
[feature_pre_filter: 1]
[pre_partition: 0]
[two_round: 0]
[header: 0]
[label_column: ]
[weight_column: ]
[group_column: ]
[ignore_column: ]
[categorical_feature: ]
[forcedbins_filename: ]
[precise_float_parser: 0]
[parser_config_file: ]
[objective_seed: 5]
[num_class: 3]
[is_unbalance: 0]
[scale_pos_weight: 1]
[sigmoid: 1]
[boost_from_average: 1]
[reg_sqrt: 0]
[alpha: 0.9]
[fair_c: 1]
[poisson_max_delta_step: 0.7]
[tweedie_variance_power: 1.5]
[lambdarank_truncation_level: 30]
[lambdarank_norm: 1]
[label_gain: ]
[lambdarank_position_bias_regularization: 0]
[eval_at: ]
[multi_error_top_k: 1]
[auc_mu_weights: ]
[num_machines: 1]
[local_listen_port: 12400]
[time_out: 120]
[machine_list_filename: ]
[machines: ]
[gpu_platform_id: -1]
[gpu_device_id: -1]
[gpu_device_id_list: ]
[gpu_use_dp: 0]
[num_gpu: 1]

end of parameters

pandas_categorical:[]
