tree
version=v4
num_class=3
num_tree_per_iteration=3
label_index=0
max_feature_idx=34
objective=multiclass num_class:3
feature_names=ret_1 ret_5 ret_10 ret_20 vol_10 vol_20 vol_ratio sma_10 dist_sma_10 sma_20 dist_sma_20 sma_50 dist_sma_50 rsi_14 bb_pctb atr_pct range_pct body_pct vol_z x_vix_ret_1 x_vix_ret_5 x_dxy_ret_1 x_dxy_ret_5 x_tnx_ret_1 x_tnx_ret_5 x_gold_ret_1 x_gold_ret_5 x_oil_ret_1 x_oil_ret_5 x_spx_ret_1 x_spx_ret_5 corr_vix corr_dxy vol_percentile trend_strength
feature_infos=[-0.16414337128869971:0.12208368261757263] [-0.13421195174671341:0.356311639494584] [-0.13919983366469113:0.47284398729800237] [-0.1824437980413457:0.57081474928047982] [0.0084148846273068966:0.07213473982550303] [0.012190345282321829:0.062990854907946509] [0.35665585352784457:1.3924361631373523] [56.97599983215332:102.9770004272461] [-0.085276575116896625:0.2629095713556408] [57.289499855041505:98.712500000000006] [-0.072435387548139274:0.3579892680174131] [58.57:81.687599792480469] [-0.12697586842338365:0.47764121560151335] [17.22361727735651:96.502289802836572] [-0.18428246392566869:1.29215016098573] [0.020141932070074642:0.1311536567229937] [0.0097392229558726541:0.40403083541027779] [-0.1517847012584258:0.13003299776028174] [-3.014626732420159:3.5963806363686786] [-0.18386344627110762:0.3183201123002275] [-0.42442194180549409:0.54047468020857092] [-0.013395944759003298:0.014450913200693138] [-0.035057163196705932:0.028083565298270496] [-0.03211016950357426:0.02639967548160671] [-0.049773815210716665:0.059181234366852298] [-0.10779554287274529:0.060697222287814823] [-0.12104152623129605:0.10599732515288141] [-0.16414337128869971:0.12208368261757263] [-0.13421195174671341:0.356311639494584] [-0.027111673211413612:0.032558782749008364] [-0.038252079517042792:0.083058190857498992] [-0.88745800210711623:0.70587682074441283] [-0.48765051167500295:0.70325021262170206] [0.01:1] [-3.0002286681967707:4.3581492730613496]
tree_sizes=1180 867 1169 1204 787 1089 1199 788 1195 989 1207 1084 992 1208 1197 1200 1217 894 992 999 1193 994 793 877 1203 786 898 1093 1013 1195 1207 1214 896 1200 1214 1202 1204 1218 983 1088 1009 998 1204 1227 1098 992 1232 992 1200 1230 992 888 1104 983 981 1232 997 1090 1214 987 989 1106 1103 1193 1217 894 1082 1012 895 985 1237 894 1199 1110 894 989 1113 1104 1196 1223 1104 1000 1229 894 1189 1224 1090 1095 1229 1091 881 1225 1086 1194 1108 894 884 1231 884 881 1111 993 1209 1231 881 1093 1115 1102 1211 1123 895 1098 1109 1094 887 1225 1205 1309 1123 890 1307 1346 885 1096 1120 1203 1102 1007 1003 879 1118 1098 994 1116 885 1310 1228 1200 1098 1223 888 1305 1233 888 1099 1114 1098 1100 1227 1199 1204 1347 1103 890 1111 1205 996 1234 1102 1311 1117 995 891 1232 1095 1101 1224 1207 1310 1223 1210 1100 1234 992 1316 1232 995 994 1231 889 1098 1230 1000 1109 1345 1105 999 1233 995 993 1120 1100 1104 1231 887 996 1450 1095 1308 1235 889 1322 1445 786 1318 1235 1210 1204 1556 1098 1000 1343 995 1201 1236 885 1103 1559 892 895 1338 1100 998 1126 889 1106 1235 997 1107 1340 897 1001 1562 1206 894 1343 894 1104 1560 1211 900 1127 896 1108 1453 892 1003 1126 897 1107 1234 1212 999 1238 893 1104 1566 1116 1214 1128 898 1003 1351 1005 1215 1127 1207 1203 1570 1215 1106 1235 1006 1210 1350 893 1005 1128 1203 1107 1349 897 1206 1242 1001 1217 1570 991 1003 1454 1006 1207 1345 1317 995 1457 1001 1101 1347 1213 1114 1559 900 999 1014 1210 896 1454 1212 1210 1566 898 1002 1456 899 999 1246 787 1203 1244 1098 1003 1233 897 1105 1236 898 1206 1459 1207 1101 1237 895 902 1238 900 1216 1558 1219 1213 1241 999 1009 1565 1113 895 1240 904 1210 1239 1215 1204 1141 1216 1212 1347 900 1316 1132 1107 1213 1130 1002 1110 1133 1209 903 1361 1103 1214 1344 893 1209 1469 1005 1108 1345 899 1216 1570 1213 787 1246 786 1206 1349 1005 1102 1247 1215 1113 1353 890 785 1242 899 790 1133 1109 890 1151 1003 787 1250 1003 791 1470 790 788 1252 1209 1104 1253 1004 1214 1251 900 1107 1247 1109 1112 1354 903 1211 1136 1110 1215 1446 1110 1212 1250 1109 1215 1022 1329 1322 1247 1009 1215 1464 1108 1216 1248 902 1006 1481 1203 1105 1472 1210 901 1257 1209 1222 1476 1114 1112 1461 901 1112 1254 1008 1214 1473 898 902 1254 786 1206 1256 895 1209 1029 892 1216 1258 1008 895 1252 1001 1109 1470 791 1224 1250 902 1102 1146 1001 787 1367 788 894 1025 891 789 1144 788 786 1148 786 1112 1144 788 998 1144 1005 1108 1146 786 787 1153 789 1209 1032 1220 1113 1480 1005 1100 1479 1003 1003 1259 791 900 1261 998 901 1145 1110 1010 1478 787 1011 1487 794 1213 1491 1216 1210 1260 1007 1117 1148 1108 1213 1148 786 1109 1598 1107 1008 1369 902 1214 1587 1110 1210 1600 996 1222 1486 1223 999 1594 1002 1106 1267 1009 906 1264 1010 1007 1493 1002 792 1603 791 1113 1490 1108 1215 1153 790 1107 1258 1116 1015 1600 906 1213 1598 788 1115 1269 1005 792 1261 1002

Tree=0
num_leaves=10
num_cat=0
split_feature=13 3 34 1 14 26 22 23 3
split_gain=11.0816 7.15494 5.39097 5.1136 4.17656 3.63533 3.50123 4.72142 3.05776
threshold=40.842370646634869 -0.0079225391523003435 -0.58873335618808087 0.025376446867029005 0.93223046696931589 0.0050973756783841981 0.0014169176614252656 1.0000000180025095e-35 -0.048170924362604055
decision_type=2 2 2 2 2 2 2 2 2
left_child=8 2 5 6 -5 -2 7 -3 -1
right_child=1 3 -4 4 -6 -7 -8 -9 -10
leaf_value=-0.81841811036071399 -0.76225509462804142 -0.83224285269491038 -0.74027826238482164 -0.76574107491489685 -0.80943202784348645 -0.80843357423046114 -0.84986939917101079 -0.77990632814402416 -0.85773222137358496
leaf_weight=11.128319799900057 7.4188798666000428 9.6445438265800529 8.5317118465900403 10.757375806570055 11.128319799900053 10.015487819910048 7.4188798666000357 7.7898238599300376 8.9026558399200422
leaf_count=30 20 26 23 29 30 27 20 21 24
internal_value=-0.802962 -0.79389 -0.772846 -0.805581 -0.787957 -0.788783 -0.821101 -0.808858 -0.835891
internal_weight=92.736 72.705 25.9661 46.7389 21.8857 17.4344 24.8532 17.4344 20.031
internal_count=250 196 70 126 59 47 67 47 54
is_linear=0
shrinkage=1


Tree=1
num_leaves=7
num_cat=0
split_feature=16 21 24 4 0 0
split_gain=5.02875 3.44328 6.30703 2.89337 4.44089e-16 2.22045e-16
threshold=0.017575096528994995 0.00025591324514329111 -0.010642567255196854 0.014759395392747116 0.0099447874182597724 0.023806916904363099
decision_type=2 2 2 2 2 2
left_child=-1 4 -3 -4 -2 -5
right_child=1 2 3 5 -6 -7
leaf_value=-3.2215996194717906 -3.3588144858902105 -3.2110446297472968 -3.2627640793973165 -3.3588144858902105 -3.3588144858902105 -3.3588144858902105
leaf_weight=1.0931759923696525 4.5288719683885557 1.353455990552902 1.0411199927330015 2.1342959851026539 1.8219599872827528 1.0411199927330015
leaf_count=21 87 26 20 41 35 20
internal_value=-3.32424 -3.33365 -3.30495 -3.3351 -3.35881 -3.35881
internal_weight=13.014 11.9208 5.56999 4.21654 6.35083 3.17542
internal_count=250 229 107 81 122 61
is_linear=0
shrinkage=1


Tree=2
num_leaves=10
num_cat=0
split_feature=12 33 15 30 18 11 13 32 22
split_gain=7.83956 8.78303 5.85464 5.57891 5.16857 3.65243 3.51531 2.40246 1.64519
threshold=-0.0367714194080574 0.97500000000000009 0.027837910566511092 0.010760752540990961 0.1193689594489558 62.789599914550784 54.496771438312315 0.15628740429872476 0.0047125331936265233
decision_type=2 2 2 2 2 2 2 2 2
left_child=2 3 -1 5 -5 6 -2 -4 -7
right_child=1 -3 7 4 -6 8 -8 -9 -10
leaf_value=-0.60731595350258494 -0.70018494208002546 -0.63412403116564287 -0.63709003124751307 -0.67989248070484742 -0.62738312188866507 -0.72416331936527512 -0.65688041110413009 -0.67713103235276129 -0.69314743279486057
leaf_weight=9.7400159239769 8.2415519356727618 13.486175894737242 7.4923199415206891 10.863863915205004 8.2415519356727582 7.8669359385967281 10.863863915205 7.4923199415206909 9.3653999269008619
leaf_count=26 22 36 20 29 22 21 29 20 25
internal_value=-0.661649 -0.670312 -0.637494 -0.679115 -0.657241 -0.690616 -0.675561 -0.657111 -0.707307
internal_weight=93.654 68.9293 24.7247 55.4432 19.1054 36.3378 19.1054 14.9846 17.2323
internal_count=250 184 66 148 51 97 51 40 46
is_linear=0
shrinkage=1


Tree=3
num_leaves=10
num_cat=0
split_feature=13 3 1 34 14 26 22 23 3
split_gain=10.1337 6.48489 4.79905 4.76115 3.81539 3.34534 3.29742 4.29099 2.85617
threshold=40.842370646634869 -0.0079225391523003435 0.025376446867029005 -0.58873335618808087 0.93223046696931589 0.0050973756783841981 0.0014169176614252656 1.0000000180025095e-35 -0.048170924362604055
decision_type=2 2 2 2 2 2 2 2 2
left_child=8 3 6 5 -4 -2 7 -3 -1
right_child=1 2 4 -5 -6 -7 -8 -9 -10
leaf_value=-0.014718151826555038 0.039007555829416923 -0.028090121708533724 0.035719187558722928 0.059101093742572879 -0.0060174508503764001 -0.0052492690705198382 -0.045583212573949955 0.021813287556866345 -0.052835085819129268
leaf_weight=11.097029834985735 7.4491277039051118 9.5996050536632591 10.797409474849703 8.5951789319515211 11.110064953565596 10.004720091819761 7.3767047524452201 7.8139760196208945 8.8213633596897107
leaf_count=30 20 26 29 23 30 27 20 21 24
internal_value=-5.43043e-08 0.00865193 -0.00249774 0.0286398 0.014553 0.0136391 -0.0175657 -0.00569702 -0.0315992
internal_weight=92.6652 72.7468 46.6978 26.049 21.9075 17.4538 24.7903 17.4136 19.9184
internal_count=250 196 126 70 59 47 67 47 54
is_linear=0
shrinkage=0.05


Tree=4
num_leaves=6
num_cat=0
split_feature=18 13 15 23 24
split_gain=4.58111 2.73644 2.81601 0.87468 3.79439e-06
threshold=-1.4606658789462712 38.295595250096106 0.023843762681046505 -0.012261584076212249 -0.010642567255196854
decision_type=2 2 2 2 2
left_child=-1 -2 -3 -4 -5
right_child=1 2 3 4 -6
leaf_value=0.094880421621578004 0.046620001468783451 0.055492757978678392 0.014749334003366393 -0.034631896534930644 -0.034552107677772594
leaf_weight=1.157908700406552 1.8467888347804535 1.1099061332643021 1.0142965167760811 1.9924428425729237 5.9092222638428265
leaf_count=21 35 21 20 37 116
internal_value=-5.1114e-05 -0.00930953 -0.0196119 -0.0289613 -0.0345722
internal_weight=13.0306 11.8727 10.0259 8.91596 7.90167
internal_count=250 229 194 173 153
is_linear=0
shrinkage=0.05


Tree=5
num_leaves=9
num_cat=0
split_feature=12 4 15 30 18 2 16 32
split_gain=7.13079 8.0584 5.35399 4.94916 7.32797 3.83596 2.67126 2.29276
threshold=-0.0367714194080574 0.022304768504485092 0.027837910566511092 0.0064075205522092791 0.1193689594489558 0.053516475726069108 0.024747732771500119 0.15628740429872476
decision_type=2 2 2 2 2 2 2 2
left_child=2 3 -1 6 -5 -3 -2 -4
right_child=1 5 7 4 -6 -7 -8 -9
leaf_value=0.052006530447121724 -0.017851255770687732 0.034563052634537982 0.023900031384936883 -0.032938101874094593 0.027844229184610853 -0.0040809152710572314 -0.052043044793621276 -0.015224648256019947
leaf_weight=9.7011280953884143 10.118929147720339 11.970360308885576 7.4848277270793897 10.119095146656038 9.7236309051513654 13.853841692209242 13.117211163043974 7.493268758058548
leaf_count=26 27 32 20 27 26 37 35 20
internal_value=7.17133e-06 -0.00825299 0.0230691 -0.021492 -0.00315263 0.0138318 -0.0371531 0.00432667
internal_weight=93.5823 68.9031 24.6792 43.0789 19.8427 25.8242 23.2361 14.9781
internal_count=250 184 66 115 53 69 62 40
is_linear=0
shrinkage=0.05


Tree=6
num_leaves=10
num_cat=0
split_feature=13 3 1 34 14 22 23 26 3
split_gain=9.21038 5.93232 4.35474 4.25791 3.52701 3.14382 3.92995 3.04682 2.6746
threshold=40.842370646634869 -0.0079225391523003435 0.025376446867029005 -0.58873335618808087 0.93223046696931589 0.0014169176614252656 1.0000000180025095e-35 0.0050973756783841981 -0.048170924362604055
decision_type=2 2 2 2 2 2 2 2 2
left_child=8 3 5 7 -4 6 -3 -2 -1
right_child=1 2 4 -5 -6 -7 -8 -9 -10
leaf_value=-0.013939901506641796 0.037278320740088279 -0.026813306589971372 0.034056309828263208 0.056079004546102242 -0.0060421432191824168 -0.044330827418628461 0.020991388062847713 -0.0049415162530729662 -0.0509843438706023
leaf_weight=11.056081891059877 7.4700739085674348 9.540625870227819 10.83133912086487 8.6188200414180738 11.107854664325712 7.3245486021041861 7.8254956901073447 9.9851129949092847 8.7119238674640638
leaf_count=30 20 26 29 23 30 20 21 27 24
internal_value=-3.44073e-06 0.00822479 -0.00245531 0.0273247 0.0137544 -0.0168586 -0.00527163 0.0131268 -0.0302657
internal_weight=92.4719 72.7039 46.6299 26.074 21.9392 24.6907 17.3661 17.4552 19.768
internal_count=250 196 126 70 59 67 47 47 54
is_linear=0
shrinkage=0.05


Tree=7
num_leaves=6
num_cat=0
split_feature=16 25 24 6 18
split_gain=4.16936 3.38594 1.73966 0.867111 9.57911e-06
threshold=0.017575096528994995 -0.01211456262799415 -0.023117971899565434 0.73263404367838014 -0.84929958615347878
decision_type=2 2 2 2 2
left_child=-1 -2 -3 -4 -5
right_child=1 2 3 4 -6
leaf_value=0.087758981455389906 0.057956828229257511 0.028130146547952053 0.014600543784515842 -0.034700156097787448 -0.034542126625870501
leaf_weight=1.2244291380047805 1.6206715926527966 1.5936999358236761 1.0171496719121931 1.126366198062893 6.451056025922302
leaf_count=21 31 30 20 20 128
internal_value=-6.54233e-05 -0.00917164 -0.0198499 -0.0287469 -0.0345656
internal_weight=13.0334 11.8089 10.1883 8.59457 7.57742
internal_count=250 229 198 168 148
is_linear=0
shrinkage=0.05


Tree=8
num_leaves=10
num_cat=0
split_feature=12 33 30 15 11 13 34 19 32
split_gain=6.52174 7.62374 5.09273 4.92205 4.69829 3.34949 2.5103 2.43475 2.17553
threshold=-0.0367714194080574 0.9850000000000001 0.012121920221580431 0.027837910566511092 62.789599914550784 54.496771438312315 -0.19851700247965937 0.018374494918796617 0.15628740429872476
decision_type=2 2 2 2 2 2 2 2 2
left_child=3 2 4 -1 5 -2 -4 -6 -5
right_child=1 -3 6 8 7 -7 -8 -9 -10
leaf_value=0.049973886288454089 -0.032722699528863378 0.030630979823868972 -0.0095745539837195325 0.023248411748134669 -0.057506151692201614 0.0064858825406706941 0.030044330550235362 -0.021206047308833784 -0.014877932295128569
leaf_weight=9.6376438736915606 8.9843382537364977 10.823822706937788 8.5991345345973986 7.4730420112609846 11.229260146617891 13.834530174732206 7.4724916815757743 7.8475033640861502 7.4932948350906372
leaf_count=26 24 29 23 20 30 37 20 21 20
internal_value=1.25364e-05 -0.00788927 -0.0150819 0.0221055 -0.024261 -0.00895148 0.00884622 -0.0425736 0.00415944
internal_weight=93.3951 68.7911 57.9673 24.604 41.8956 22.8189 16.0716 19.0768 14.9663
internal_count=250 184 155 66 112 61 43 51 40
is_linear=0
shrinkage=0.05


Tree=9
num_leaves=8
num_cat=0
split_feature=13 3 16 30 15 26 22
split_gain=8.60035 5.28555 5.62768 4.19168 4.40068 2.18188 1.23749
threshold=39.78815856254743 -0.039881461104625364 0.018119918950388874 0.011873770381587103 0.033145075620863711 0.027699433520321119 -0.00703169292977912
decision_type=2 2 2 2 2 2 2
left_child=5 -2 -3 4 -4 -1 -5
right_child=1 2 3 6 -6 -7 -8
leaf_value=-0.046646534988521456 0.039106943803478254 0.040460433988958378 0.019642867050616138 -0.011718608792034721 -0.01352683799724325 -0.010822702067332709 -0.040376606257532227
leaf_weight=10.125456005334856 11.163286507129667 8.2006046772003156 21.893783688545227 7.347766786813736 18.405914753675461 7.3253145515918723 7.729698181152342
leaf_count=28 30 22 59 20 50 20 21
internal_value=-3.87043e-06 0.00737533 0.00180375 -0.00392078 0.0044934 -0.0316088 -0.0264106
internal_weight=92.1918 74.7411 63.5778 55.3772 40.2997 17.4508 15.0775
internal_count=250 202 172 150 109 48 41
is_linear=0
shrinkage=0.05


Tree=10
num_leaves=10
num_cat=0
split_feature=21 9 9 16 1 16 13 24 9
split_gain=3.88944 5.57224 13.2082 2.06518 0.83944 1.0117e-05 5.65522e-06 2.35312e-06 1.02095e-06
threshold=0.00025591324514329111 61.246000194549566 63.559999656677256 0.025556432732997937 0.050930571657357489 0.019693446076133037 51.457278168602024 -0.01875576505210402 63.594999694824232
decision_type=2 2 2 2 2 2 2 2 2
left_child=4 6 -3 -4 5 -1 -2 -7 -9
right_child=1 2 3 -5 -6 7 -8 8 -10
leaf_value=-0.034684325997528319 -0.034674879850275335 0.19314081223874294 0.052796447591014366 -0.034584275935062421 0.014935915752907978 -0.034570868990304308 -0.034517402176546551 -0.034471824058924343 -0.034532973208902806
leaf_weight=1.1573522537946699 1.2700269259512427 1.3160976022481916 1.1425479650497439 1.6566053517162798 1.0115614645183084 1.442053243517875 1.0344576872885225 1.9556933753192431 1.0485806651413438
leaf_count=21 23 22 20 32 21 28 21 41 21
internal_value=-7.94809e-05 0.0276456 0.0625046 0.00108246 -0.0269852 -0.0345526 -0.0346042 -0.0345184 -0.0344932
internal_weight=13.035 6.41974 4.11525 2.79915 6.61524 5.60368 2.30448 4.44633 3.00427
internal_count=250 118 74 52 132 111 44 90 62
is_linear=0
shrinkage=0.05


Tree=11
num_leaves=9
num_cat=0
split_feature=12 33 9 30 17 19 31 1
split_gain=5.94336 7.04525 4.71455 4.6269 3.52776 4.69196 2.1858 1.9589
threshold=-0.0367714194080574 0.97500000000000009 61.147749900817878 0.012121920221580431 -0.0075094123244592009 0.02430142124238233 -0.28383841222828338 0.020588253627280565
decision_type=2 2 2 2 2 2 2 2
left_child=2 3 -1 4 -2 -6 -4 -5
right_child=1 -3 6 7 5 -7 -8 -9
leaf_value=0.053397654638789149 -0.047746458809675991 0.024996071038017573 -0.011337829136709403 0.025264356048529498 -0.031183257878272815 0.010863636835911732 0.02480422216834953 -0.010096523575284162
leaf_weight=7.7509887218475368 11.576250255107874 13.39581462740898 8.6046169996261632 7.8284744024276716 17.161510705947883 10.816547602415083 8.141613364219662 7.8378316164016724
leaf_count=21 31 36 23 21 46 29 22 21
internal_value=1.49586e-05 -0.0075329 0.0211564 -0.015424 -0.0245326 -0.0149276 0.00623356 0.00757336
internal_weight=93.1136 68.6164 24.4972 55.2206 39.5543 27.9781 16.7462 15.6663
internal_count=250 184 66 148 106 75 45 42
is_linear=0
shrinkage=0.05


Tree=12
num_leaves=8
num_cat=0
split_feature=13 3 16 30 33 26 22
split_gain=7.89351 4.85736 5.09343 3.80248 3.94737 2.05141 1.16195
threshold=39.78815856254743 -0.039881461104625364 0.018119918950388874 0.011873770381587103 0.88500000000000012 0.027699433520321119 -0.00703169292977912
decision_type=2 2 2 2 2 2 2
left_child=5 -2 -3 4 -4 -1 -5
right_child=1 2 3 6 -6 -7 -8
leaf_value=-0.045163195424978632 0.037457828590039356 0.038429627274540142 0.017525485992258723 -0.011013750400877497 -0.014207902735811654 -0.010287860959815598 -0.038861002855175249
leaf_weight=9.9924381971359271 11.167334914207457 8.2163828015327436 23.408067345619202 7.323036402463913 16.856845289468765 7.2947106063365927 7.6688098609447461
leaf_count=28 30 22 63 20 46 20 21
internal_value=-2.34055e-06 0.00704875 0.00169864 -0.00376306 0.00424035 -0.0304467 -0.0252585
internal_weight=91.9276 74.6405 63.4731 55.2568 40.2649 17.2871 14.9918
internal_count=250 202 172 150 109 48 41
is_linear=0
shrinkage=0.05


Tree=13
num_leaves=10
num_cat=0
split_feature=21 13 6 7 9 8 16 24 0
split_gain=3.60641 5.2689 2.91485 4.6175 0.863097 1.7114e-05 1.13429e-05 2.83712e-06 8.93996e-07
threshold=0.00025591324514329111 38.295595250096106 1.0033728103368469 63.08849925994874 59.602250289917002 0.014225262064131208 0.019693446076133037 -0.023117971899565434 0.0050299029958736927
decision_type=2 2 2 2 2 2 2 2 2
left_child=4 -2 3 -3 -1 -4 -6 -8 -9
right_child=1 2 5 -5 6 -7 7 8 -10
leaf_value=0.016357129407065404 0.11433785520029201 -0.034695778722635205 -0.034755544103432338 0.097574284841047826 -0.034663101718035598 -0.034497494570921265 -0.034555830352674045 -0.034480295267947832 -0.034426784567073578
leaf_weight=0.98396161198616017 1.3404527641832826 1.1715306118130686 1.373522471636534 1.5106018036603925 1.0889025442302225 1.2072572037577627 1.0179343484342092 2.1114138849079618 1.2383117116987703
leaf_count=21 22 21 24 26 20 25 20 44 27
internal_value=-0.000124996 0.0258396 0.00329929 0.0397999 -0.0267461 -0.0346348 -0.0345187 -0.0344827 -0.0344605
internal_weight=13.0439 6.60336 5.26291 2.68213 6.44052 2.58078 5.45656 4.36766 3.34973
internal_count=250 118 96 47 132 49 111 91 71
is_linear=0
shrinkage=0.05


Tree=14
num_leaves=10
num_cat=0
split_feature=12 33 9 30 11 13 34 19 31
split_gain=5.37682 6.41636 4.35192 4.27904 4.31413 2.99421 2.26641 2.19635 2.00266
threshold=-0.0367714194080574 0.9850000000000001 61.147749900817878 0.012121920221580431 62.789599914550784 54.496771438312315 -0.19851700247965937 0.018374494918796617 -0.28383841222828338
decision_type=2 2 2 2 2 2 2 2 2
left_child=2 3 -1 4 5 -2 -5 -6 -4
right_child=1 -3 8 6 7 -7 -8 -9 -10
leaf_value=0.051371997640031308 -0.030073151326692967 0.028308490949458528 -0.010930189088403113 -0.0093165819825263146 -0.054043820892322292 0.0070640087289941412 0.028413528786139387 -0.019459751750803275 0.023706015276560105
leaf_weight=7.6676837205886867 8.9378619790077227 10.749120414257048 8.6020545959472692 8.5648395419120806 11.157785415649416 13.819546580314634 7.4355399012565604 7.8001279532909384 8.1061022579669917
leaf_count=21 24 29 23 23 30 37 20 21 22
internal_value=1.98794e-05 -0.00715988 0.0201858 -0.0137656 -0.0221973 -0.00752143 0.00821699 -0.0398144 0.00587386
internal_weight=92.8407 68.4648 24.3758 57.7157 41.7153 22.7574 16.0004 18.9579 16.7082
internal_count=250 184 66 155 112 61 43 51 45
is_linear=0
shrinkage=0.05


Tree=15
num_leaves=10
num_cat=0
split_feature=13 3 1 34 14 22 0 26 3
split_gain=7.29264 4.60068 4.12612 3.64055 3.05606 2.9531 3.80214 2.64871 2.53997
threshold=40.842370646634869 -0.0079225391523003435 0.025376446867029005 -0.58873335618808087 0.93223046696931589 0.0014169176614252656 0.00076366770152147556 0.0050973756783841981 -0.048170924362604055
decision_type=2 2 2 2 2 2 2 2 2
left_child=8 3 5 7 -4 6 -3 -2 -1
right_child=1 2 4 -5 -6 -7 -8 -9 -10
leaf_value=-0.011347702447745425 0.033496574497551466 -0.029172745344769213 0.032521015661104727 0.050815346130580342 -0.0048896096306614281 -0.043083620575287432 0.01780789485302315 -0.0059092054283284689 -0.047939245434584096
leaf_weight=10.859799057245256 7.4686106443405214 8.3748601078987175 10.813662588596346 8.5645723640918714 11.024331897497175 7.2305122315883628 8.8653356134891492 9.9395755231380445 8.4191920161247236
leaf_count=30 20 23 29 23 30 20 24 27 24
internal_value=-4.24445e-06 0.0072834 -0.00216363 0.0241272 0.0136353 -0.0162628 -0.00501414 0.010997 -0.0273273
internal_weight=91.5605 72.2815 46.3087 25.9728 21.838 24.4707 17.2402 17.4082 19.279
internal_count=250 196 126 70 59 67 47 47 54
is_linear=0
shrinkage=0.05


Tree=16
num_leaves=10
num_cat=0
split_feature=21 9 9 21 33 13 13 24 32
split_gain=3.35371 4.54028 9.36058 1.92378 0.886809 1.32806e-05 9.00219e-06 1.64583e-06 1.27544e-06
threshold=0.00025591324514329111 61.246000194549566 63.559999656677256 0.0027557726860134584 0.15500000000000003 51.457278168602024 39.78815856254743 -0.01875576505210402 0.029209048085689613
decision_type=2 2 2 2 2 2 2 2 2
left_child=4 5 -3 -4 -1 -2 -6 -8 -9
right_child=1 2 3 -5 6 -7 7 8 -10
leaf_value=0.017916661574695725 -0.034669618983006918 0.14880297998335842 0.047492438344875487 -0.034704643068833411 -0.034591304961319076 -0.034422250504597129 -0.034487613635700853 -0.034451422807573372 -0.034387632902920802
leaf_weight=0.95291011780500401 1.2552147060632708 1.6300001218914983 1.2155299223959448 1.7178478240966795 1.0907894521951673 0.95569996163249005 0.96320132911205236 1.3087003715336329 1.9529762566089628
leaf_count=19 23 22 21 31 21 21 20 28 44
internal_value=-0.000143933 0.0242453 0.0527373 -0.000643905 -0.0265008 -0.0345627 -0.0344632 -0.0344302 -0.0344132
internal_weight=13.0429 6.77429 4.56338 2.93338 6.26858 2.21091 5.31567 4.22488 3.26168
internal_count=250 118 74 52 132 44 113 92 72
is_linear=0
shrinkage=0.05


Tree=17
num_leaves=7
num_cat=0
split_feature=0 19 19 29 19 13
split_gain=5.03284 2.53528 3.9062 3.50987 2.89636 2.93071
threshold=-0.01715404086135058 -0.048867405145294966 -0.018419264408128074 0.0083427208081533494 -0.0051572431413661737 44.463305378812983
decision_type=2 2 2 2 2 2
left_child=-1 3 -3 -2 -4 -6
right_child=1 2 4 -5 5 -7
leaf_value=0.02726819107121364 -0.040972472317995161 0.026166484597383216 -0.030782134910676856 0.0044083034334573374 0.027492137095661617 -0.0069327498865295045
leaf_weight=14.325813472270964 10.066017389297487 11.449148923158644 9.6732926964759809 7.3879499435424796 7.6687997579574576 31.901175886392593
leaf_count=39 27 31 26 20 21 86
internal_value=2.45038e-05 -0.00496982 -0.000140245 -0.0217636 -0.00625661 -0.000261086
internal_weight=92.4722 78.1464 60.6924 17.454 49.2433 39.57
internal_count=250 211 164 47 133 107
is_linear=0
shrinkage=0.05


Tree=18
num_leaves=8
num_cat=0
split_feature=13 3 16 30 15 26 11
split_gain=6.74105 4.25538 4.43768 3.45052 3.44876 1.91303 1.12173
threshold=39.78815856254743 -0.039881461104625364 0.018119918950388874 0.011873770381587103 0.033145075620863711 0.027699433520321119 63.747500000000009
decision_type=2 2 2 2 2 2 2
left_child=5 -2 -3 4 -4 -1 -5
right_child=1 2 3 6 -6 -7 -8
leaf_value=-0.042922987969093787 0.035004527485743488 0.035755189027225048 0.017351908340885749 -0.037670183345860433 -0.012103801970072867 -0.0089488093257733253 -0.010194483028663347
leaf_weight=9.7319225668907183 11.123723059892653 8.2095677554607374 21.879483342170715 7.5942176878452283 18.205913305282593 7.2156020402908316 7.2718357741832733
leaf_count=28 30 22 59 21 50 20 20
internal_value=-3.25635e-06 0.00648851 0.00146636 -0.00365628 0.00397377 -0.0284581 -0.0242302
internal_weight=91.2323 74.2847 63.161 54.9515 40.0854 16.9475 14.8661
internal_count=250 202 172 150 109 48 41
is_linear=0
shrinkage=0.05


Tree=19
num_leaves=8
num_cat=0
split_feature=16 25 6 24 21 9 13
split_gain=3.44994 2.87933 5.00275 1.95916 5.6942e-05 3.37386e-05 3.61202e-06
threshold=0.017575096528994995 -0.0075082184389771425 1.0156631564647531 -0.023117971899565434 0.00050603814963323679 61.147749900817878 41.757060359030639
decision_type=2 2 2 2 2 2 2
left_child=-1 2 -2 -3 6 -6 -5
right_child=1 3 -4 4 5 -7 -8
leaf_value=0.075137275712951063 0.097115746367330058 0.02603657555477433 -0.034560951629879502 -0.03447863643128516 -0.034475114485676223 -0.034818454311442343 -0.034371275820855453
leaf_weight=1.361399624496699 1.512426853179931 1.6426295936107616 1.3790291026234625 1.0491719283163545 1.1741420254111292 1.8318081386387346 3.0930569507181644
leaf_count=21 23 29 28 22 25 31 71
internal_value=-0.000189021 -0.00896722 0.0343149 -0.0232035 -0.0345187 -0.0346843 -0.0343985
internal_weight=13.0437 11.6823 2.89146 8.79081 7.14818 3.00595 4.14223
internal_count=250 229 51 178 149 56 93
is_linear=0
shrinkage=0.05


Tree=20
num_leaves=10
num_cat=0
split_feature=12 33 15 30 11 13 34 19 32
split_gain=4.61686 5.58346 3.9792 3.82825 4.05583 2.77546 2.07549 2.07538 1.95046
threshold=-0.0367714194080574 0.9850000000000001 0.027837910566511092 0.012121920221580431 62.789599914550784 54.496771438312315 -0.19851700247965937 0.018374494918796617 0.15628740429872476
decision_type=2 2 2 2 2 2 2 2 2
left_child=2 3 -1 4 5 -2 -5 -6 -4
right_child=1 -3 8 6 7 -7 -8 -9 -10
leaf_value=0.044500263003868168 -0.028376919218158009 0.026585844950782939 0.021025902528227398 -0.008786569685796811 -0.05188762424606972 0.0074681442920106964 0.027416996551276863 -0.018132910663184412 -0.015235953164179392
leaf_weight=9.2835135161876696 8.8760684728622454 10.666883409023283 7.3620958328247053 8.5180243253707868 11.053044587373735 13.790628135204313 7.3960456252098075 7.7443658113479605 7.4719944000244141
leaf_count=26 24 29 20 23 30 37 20 21 20
internal_value=2.99753e-05 -0.00663249 0.0188273 -0.0128079 -0.0208091 -0.00656845 0.008039 -0.037981 0.00276065
internal_weight=92.1627 68.0451 24.1176 57.3782 41.4641 22.6667 15.9141 18.7974 14.8341
internal_count=250 184 66 155 112 61 43 51 40
is_linear=0
shrinkage=0.05


Tree=21
num_leaves=8
num_cat=0
split_feature=13 3 16 30 15 26 22
split_gain=6.28168 3.92396 4.06411 3.10378 3.09932 1.78968 1.1139
threshold=39.78815856254743 -0.039881461104625364 0.018119918950388874 0.011873770381587103 0.033145075620863711 0.027699433520321119 -0.00703169292977912
decision_type=2 2 2 2 2 2 2
left_child=5 -2 -3 4 -4 -1 -5
right_child=1 2 3 6 -6 -7 -8
leaf_value=-0.041807818061650008 0.03368815998573909 0.034269119869512796 0.016419089200561326 -0.0090679949023674874 -0.011541709437775539 -0.0087975917991544739 -0.036551299077025638
leaf_weight=9.5683089494705218 11.084248125553129 8.1926827728748304 21.857940465211868 7.2255204319953918 18.132237434387207 7.1924777328968039 7.5278462469577772
leaf_count=28 30 22 59 20 50 20 21
internal_value=-2.26626e-06 0.00625639 0.00142514 -0.00349015 0.00374118 -0.0276423 -0.0230912
internal_weight=90.7813 74.0205 62.9362 54.7435 39.9902 16.7608 14.7534
internal_count=250 202 172 150 109 48 41
is_linear=0
shrinkage=0.05


Tree=22
num_leaves=6
num_cat=0
split_feature=18 15 24 31 21
split_gain=3.81228 2.09243 1.87601 0.923267 5.48191e-05
threshold=-1.5386805247346464 0.024678450661651551 -0.025097494637346836 0.58054538681379519 0.00025591324514329111
decision_type=2 2 2 2 2
left_child=-1 -2 -3 4 -4
right_child=1 2 3 -5 -6
leaf_value=0.081656302258226843 0.035795109315955163 0.032923510268148062 -0.034383598572832318 0.017930900038843928 -0.034659601950762467
leaf_weight=1.2828196324408061 2.1239351816475383 1.4715161584317673 3.4966284893453103 0.94939222186803807 3.7056359499692917
leaf_count=18 39 24 80 18 71
internal_value=-0.000185327 -0.00912268 -0.0190365 -0.0284162 -0.0345256
internal_weight=13.0299 11.7471 9.62317 8.15166 7.20226
internal_count=250 232 193 169 151
is_linear=0
shrinkage=0.05


Tree=23
num_leaves=7
num_cat=0
split_feature=0 6 4 31 16 7
split_gain=4.4002 2.33799 2.96473 2.54149 2.25243 2.968
threshold=-0.01715404086135058 1.2176400108816907 0.014295340763912619 0.024316079556606678 0.018119918950388874 60.170499992370615
decision_type=2 2 2 2 2 2
left_child=-1 2 3 -2 -4 -6
right_child=1 -3 4 -5 5 -7
leaf_value=0.025672752295680386 0.033346217554372302 0.020703207569418004 -0.037583084671598946 -0.0074506101674874968 0.013268655457790213 -0.016142884358418503
leaf_weight=14.146734297275541 7.22639176249504 8.1388376355171186 8.016694098711012 8.0924576818943006 11.397451162338255 34.670443654060364
leaf_count=39 20 22 22 22 31 94
internal_value=2.85807e-05 -0.00464992 -0.00762304 0.0117946 -0.0131229 -0.00886631
internal_weight=91.689 77.5423 69.4034 15.3188 54.0846 46.0679
internal_count=250 211 189 42 147 125
is_linear=0
shrinkage=0.05


Tree=24
num_leaves=10
num_cat=0
split_feature=13 3 1 34 1 1 14 10 3
split_gain=5.80412 3.80008 3.79356 3.28666 2.72604 4.87316 2.72421 2.55788 2.44084
threshold=40.842370646634869 -0.0079225391523003435 0.025376446867029005 -0.58873335618808087 0.0084322621694238337 -0.011980311302192346 0.93223046696931589 -0.014523961812142433 -0.048170924362604055
decision_type=2 2 2 2 2 2 2 2 2
left_child=8 3 4 7 5 -3 -4 -2 -1
right_child=1 2 6 -5 -6 -7 -8 -9 -10
leaf_value=-0.0090360831652423063 0.029001153665828186 -0.028767850107335041 0.030877941851189805 0.047446078268664309 -0.039679079856712644 0.026274985744952413 -0.0045222792821286656 -0.0094459249222865905 -0.045479476033115883
leaf_weight=10.626679152250292 8.4774967730045336 8.9342087805271184 10.773508340120317 8.4336330592632276 7.9807467162609091 7.3122591972351083 10.966621488332747 8.8341068923473376 8.0940829217433912
leaf_count=30 23 25 29 23 22 20 30 24 24
internal_value=-7.96572e-07 0.0064712 -0.00214255 0.0218508 -0.0157491 -0.003994 0.0130206 0.00938162 -0.0247927
internal_weight=90.4333 71.7126 45.9673 25.7452 24.2272 16.2465 21.7401 17.3116 18.7208
internal_count=250 196 126 70 67 45 59 47 54
is_linear=0
shrinkage=0.05


Tree=25
num_leaves=6
num_cat=0
split_feature=18 13 15 19 24
split_gain=3.31743 1.99649 2.11285 0.988994 8.02524e-05
threshold=-1.5386805247346464 38.295595250096106 0.023909561003401043 0.096324443863372258 -0.023117971899565434
decision_type=2 2 2 2 2
left_child=-1 -2 -3 4 -4
right_child=1 2 3 -5 -6
leaf_value=0.073044641502053517 0.034534046144929074 0.039105733210149519 -0.03490838209634866 0.021111791927653931 -0.034464617809089229
leaf_weight=1.3826553896069533 2.1573832295835009 1.3523773998022068 1.2272070944309206 0.89745687693357457 5.9995567612349996
leaf_count=18 36 24 21 19 132
internal_value=-0.000175228 -0.00887714 -0.0187599 -0.0283923 -0.03454
internal_weight=13.0166 11.634 9.4766 8.12422 7.22676
internal_count=250 232 196 172 153
is_linear=0
shrinkage=0.05


Tree=26
num_leaves=7
num_cat=0
split_feature=0 19 19 29 19 2
split_gain=4.05097 2.28476 3.58144 3.11693 2.58734 2.58595
threshold=-0.01715404086135058 -0.048867405145294966 -0.018419264408128074 0.0083427208081533494 -0.0051572431413661737 0.054329580941907436
decision_type=2 2 2 2 2 2
left_child=-1 3 -3 -2 -4 -6
right_child=1 2 4 -5 5 -7
leaf_value=0.024710248261209176 -0.038660634067712078 0.025522895486389072 -0.029024705208586396 0.0043429087096773233 0.0076818637961706326 -0.021442435810858113
leaf_weight=14.061926722526549 9.9733641147613543 11.28810605406761 9.5792842507362348 7.2962274849414817 28.771604269742966 10.368218690156935
leaf_count=39 27 31 26 20 79 28
internal_value=2.57602e-05 -0.00446603 0.000146131 -0.0204921 -0.00573361 -3.32224e-05
internal_weight=91.3387 77.2768 60.0072 17.2696 48.7191 39.1398
internal_count=250 211 164 47 133 107
is_linear=0
shrinkage=0.05


Tree=27
num_leaves=9
num_cat=0
split_feature=13 3 15 2 25 30 16 26
split_gain=5.41386 3.53072 3.63673 4.76138 3.23707 2.65901 2.24334 1.6754
threshold=39.78815856254743 -0.039881461104625364 0.025877277642526439 0.04122812163754664 0.0024512262357069274 0.0053982839556513404 0.035458280476016117 0.027699433520321119
decision_type=2 2 2 2 2 2 2 2
left_child=7 -2 5 6 -5 -3 -4 -1
right_child=1 2 3 4 -6 -7 -8 -9
leaf_value=-0.039950134120721986 0.031895967105967232 0.040504556610062775 -0.010657271610738792 -0.0081340629650303396 0.030032349572084963 0.00166292992647367 -0.043378449509407668 -0.0077273170937749479
leaf_weight=9.2939770817756671 11.010637968778608 8.526571065187456 14.528114795684816 11.641914159059526 10.626672208309172 9.1181215941905958 8.1916388571262342 7.1276687979698172
leaf_count=28 30 23 40 32 29 25 23 20
internal_value=-4.14643e-06 0.00578461 0.00119434 -0.00635104 0.0100791 0.0204326 -0.0224549 -0.0259641
internal_weight=90.0653 73.6437 62.633 44.9883 22.2686 17.6447 22.7198 16.4216
internal_count=250 202 172 124 61 48 63 48
is_linear=0
shrinkage=0.05


Tree=28
num_leaves=8
num_cat=0
split_feature=18 16 29 30 21 24 21
split_gain=2.91244 2.03259 2.32641 4.93056 0.000126178 7.87647e-06 5.38636e-06
threshold=-1.5386805247346464 0.017575096528994995 -0.00067689160808631621 -1.0000000180025095e-35 0.0017184121188301706 -0.022447405607407763 0.0020307765680508409
decision_type=2 2 2 2 2 2 2
left_child=-1 -2 3 6 5 -4 -3
right_child=1 2 4 -5 -6 -7 -8
leaf_value=0.065913982093917814 0.056196410966636114 -0.034406831147681546 -0.034539416085847083 0.075554938476699293 -0.034887597164008334 -0.034377300012936367 -0.034559347823991893
leaf_weight=1.4773872680962092 1.0937680713832367 1.2404744550585749 0.9812822453677631 1.8106668833643169 2.1498051546514034 3.1684124395251305 1.0854448974132536
leaf_count=18 16 28 20 34 38 74 22
internal_value=-0.000181271 -0.00865044 -0.0154468 0.0136856 -0.0345767 -0.0344156 -0.034478
internal_weight=13.0072 11.5299 10.4361 4.13659 6.2995 4.14969 2.32592
internal_count=250 232 216 84 132 94 50
is_linear=0
shrinkage=0.05


Tree=29
num_leaves=10
num_cat=0
split_feature=12 33 3 30 11 25 13 19 34
split_gain=3.79866 4.71742 3.7744 3.29658 3.75546 2.69998 2.33207 1.92084 1.83497
threshold=-0.0367714194080574 0.9850000000000001 -0.034046905912905927 0.012121920221580431 62.789599914550784 -0.0025020179624143375 37.763303446254092 0.018374494918796617 -0.19851700247965937
decision_type=2 2 2 2 2 2 2 2 2
left_child=2 3 6 4 5 -2 -1 -6 -5
right_child=1 -3 -4 8 7 -7 -8 -9 -10
leaf_value=0.020851044841814589 0.016777135038942178 0.024689287706732062 0.04792715554466314 -0.0082107768003252205 -0.049430221196416498 -0.01894904596678916 -0.016848381259475825 -0.016734829215237688 0.026014979170568053
leaf_weight=9.3250524401664787 8.4881126284599286 10.539857238531111 7.0445648133754721 8.4143484234809858 10.84028670191765 14.029173552989961 7.32406923174858 7.6710274219512931 7.3257050514221183
leaf_count=26 23 29 20 23 30 38 20 21 20
internal_value=3.00133e-05 -0.00603093 0.0172478 -0.0117346 -0.0191974 -0.00548171 0.00426679 -0.0358814 0.00771851
internal_weight=91.0022 67.3085 23.6937 56.7687 41.0286 22.5173 16.6491 18.5113 15.7401
internal_count=250 184 66 155 112 61 46 51 43
is_linear=0
shrinkage=0.05


Tree=30
num_leaves=10
num_cat=0
split_feature=13 3 1 34 22 0 14 3 26
split_gain=4.99994 3.36218 3.41985 2.99979 2.63472 3.35205 2.53747 2.36862 2.34446
threshold=40.842370646634869 -0.0079225391523003435 0.025376446867029005 -0.58873335618808087 0.0014169176614252656 0.00076366770152147556 0.93223046696931589 -0.048170924362604055 0.0050973756783841981
decision_type=2 2 2 2 2 2 2 2 2
left_child=7 3 4 8 5 -3 -4 -1 -2
right_child=1 2 6 -5 -6 -7 -8 -9 -10
leaf_value=-0.0077371730571222791 0.029908508046368489 -0.027597135401381284 0.029536689621148943 0.045214020680000501 -0.040840230280319037 0.016894465112066402 -0.0046787870305006023 -0.044054884230501544 -0.0073535468939456925
leaf_weight=10.485417157411577 7.3914337754249635 8.1401224136352592 10.734245359897615 8.301379054784773 7.0424389839172354 8.8210155963897687 10.942554801702498 7.8510924875736228 9.8425083160400373
leaf_count=30 20 23 29 23 20 24 30 24 27
internal_value=-3.96063e-06 0.00599098 -0.00213169 0.0205217 -0.0151324 -0.00445829 0.0122645 -0.0232872 0.00862771
internal_weight=89.5522 71.2157 45.6804 25.5353 24.0036 16.9611 21.6768 18.3365 17.2339
internal_count=250 196 126 70 67 47 59 54 47
is_linear=0
shrinkage=0.05


Tree=31
num_leaves=10
num_cat=0
split_feature=21 9 9 16 1 16 13 13 15
split_gain=2.80547 3.64613 6.14435 1.90279 0.947294 4.31618e-05 3.24418e-05 6.03226e-06 7.72091e-06
threshold=0.00025591324514329111 61.246000194549566 63.559999656677256 0.025384424842073487 0.050930571657357489 0.019204626680947034 51.457278168602024 40.842370646634869 0.025587397664336615
decision_type=2 2 2 2 2 2 2 2 2
left_child=4 6 -3 -4 5 -1 -2 -7 -9
right_child=1 2 3 -5 -6 7 -8 8 -10
leaf_value=-0.034734196983085365 -0.034720857169511461 0.11073723616479131 0.046236646275051509 -0.034690539438671252 0.021440474212500504 -0.034479879004299795 -0.034320081961813312 -0.034455106848173142 -0.034280979033398766
leaf_weight=1.0256820805370805 1.2538332007825377 2.0436265468597412 1.2279982380568983 1.7780105657875536 0.89548244699835766 0.94613543897867236 0.84540765732526768 0.92252141982317004 2.054061921313405
leaf_count=19 23 22 18 34 21 20 21 20 52
internal_value=-0.00018432 0.0208222 0.0438455 -0.00163061 -0.0258818 -0.0344454 -0.0345595 -0.0343699 -0.0343349
internal_weight=12.9928 7.14888 5.04964 3.00601 5.84388 4.9484 2.09924 3.92272 2.97658
internal_count=250 118 74 52 132 111 44 92 72
is_linear=0
shrinkage=0.05


Tree=32
num_leaves=7
num_cat=0
split_feature=0 19 19 29 19 2
split_gain=3.59618 2.1022 3.36443 2.87356 2.42862 2.38882
threshold=-0.01715404086135058 -0.048867405145294966 -0.018419264408128074 0.0083427208081533494 -0.0051572431413661737 0.054329580941907436
decision_type=2 2 2 2 2 2
left_child=-1 3 -3 -2 -4 -6
right_child=1 2 4 -5 5 -7
leaf_value=0.023478308085920566 -0.037155502606810914 0.024958700183558891 -0.028159444508551391 0.0043106801007000324 0.0075253139071460202 -0.020535521334756841
leaf_weight=13.849053382873533 9.8934423923492449 11.176100969314573 9.4882913231849653 7.2322489023208609 28.501721680164337 10.33444708585739
leaf_count=39 27 31 26 20 79 28
internal_value=3.03897e-05 -0.00420747 0.000235579 -0.0196442 -0.00548219 5.82226e-05
internal_weight=90.4753 76.6263 59.5006 17.1257 48.3245 38.8362
internal_count=250 211 164 47 133 107
is_linear=0
shrinkage=0.05


Tree=33
num_leaves=10
num_cat=0
split_feature=13 3 34 10 1 1 1 15 26
split_gain=4.68515 3.10437 3.0291 2.98274 2.92306 2.55491 4.3152 2.33263 1.61687
threshold=39.78815856254743 -0.0079225391523003435 -0.58873335618808087 -0.014523961812142433 0.025376446867029005 0.0084322621694238337 -0.011980311302192346 0.038322488500930639 0.027699433520321119
decision_type=2 2 2 2 2 2 2 2 2
left_child=8 2 3 -2 5 6 -3 -6 -1
right_child=1 4 -4 -5 7 -7 -8 -9 -10
leaf_value=-0.038471639678513463 0.027509470992155456 -0.026882067452606562 0.044103799719499875 -0.012177982144122483 0.024762435681232077 -0.038033694846279199 0.025245732882369532 -0.0080975128509146212 -0.0065039444656271378
leaf_weight=9.0177022218704241 9.5167144834995288 8.7461942732334172 8.2265846729278547 9.4206661880016345 12.517139881849291 7.8545199334621421 7.2702357172966012 9.4994055330753309 7.046004354953765
leaf_count=28 26 25 23 26 34 22 20 26 20
internal_value=-1.46271e-06 0.0053746 0.0187711 0.00776639 -0.00255574 -0.0146751 -0.00322003 0.0105845 -0.0244497
internal_weight=89.1152 73.0515 27.164 18.9374 45.8875 23.8709 16.0164 22.0165 16.0637
internal_count=250 202 75 52 127 67 45 60 48
is_linear=0
shrinkage=0.05


Tree=34
num_leaves=10
num_cat=0
split_feature=21 9 9 21 1 16 13 13 15
split_gain=2.6233 3.28396 4.97259 2.04656 0.920217 4.29525e-05 2.78178e-05 5.87681e-06 6.95593e-06
threshold=0.00025591324514329111 61.246000194549566 63.559999656677256 0.0025336981609509483 0.050930571657357489 0.019204626680947034 51.457278168602024 40.842370646634869 0.025587397664336615
decision_type=2 2 2 2 2 2 2 2 2
left_child=4 6 -3 -4 5 -1 -2 -7 -9
right_child=1 2 3 -5 -6 7 -8 8 -10
leaf_value=-0.034702301429980889 -0.034662625269423375 0.09657970323027365 0.049798148178826988 -0.034748884824699289 0.020380308588501376 -0.03444402612452107 -0.034284635027352205 -0.034414868510254569 -0.034246460936177218
leaf_weight=1.0001717321574686 1.2042520232498648 2.2557196468114853 1.1762818656861784 1.8282178528606889 0.91244257614016522 0.91746006533503566 0.81694407574832428 0.88841291144490275 1.9790185969322918
leaf_count=19 23 22 18 34 21 20 21 20 52
internal_value=-0.000224111 0.0196601 0.0404745 -0.00164815 -0.0256362 -0.0344109 -0.0345098 -0.0343339 -0.0342986
internal_weight=12.9789 7.28142 5.26022 3.0045 5.69751 4.78506 2.0212 3.78489 2.86743
internal_count=250 118 74 52 132 111 44 92 72
is_linear=0
shrinkage=0.05


Tree=35
num_leaves=10
num_cat=0
split_feature=12 33 3 30 11 32 30 23 25
split_gain=3.28311 4.23612 3.47875 2.62155 2.6757 2.62084 2.24514 2.16869 1.83075
threshold=-0.0367714194080574 0.99500000000000011 -0.034046905912905927 0.012121920221580431 62.789599914550784 -0.041844902035135724 0.018512968075981798 -0.0038989786443754944 0.0005742204483144554
decision_type=2 2 2 2 2 2 2 2 2
left_child=2 3 7 4 5 -2 -5 -1 -6
right_child=1 -3 -4 6 8 -7 -8 -9 -10
leaf_value=0.022615324817676058 -0.017913485176366362 0.029782817174988714 0.046049447427822437 0.02780219958586946 -0.048000891174589985 0.016994912844517034 -0.0095149194157584278 -0.013690452700530457 -0.017153406255125746
leaf_weight=7.8973430097103163 14.593335002660751 7.501258671283721 6.8732949793338767 7.2066505253314999 8.2971335649490374 8.5134612619876862 9.1455972492694837 8.584295779466629 11.443698793649672
leaf_count=22 40 21 20 20 23 23 25 24 32
internal_value=3.37464e-05 -0.00561535 0.0161674 -0.0101007 -0.0166007 -0.00505185 0.00693123 0.00370583 -0.0301187
internal_weight=90.0561 66.7011 23.3549 59.1999 42.8476 23.1068 16.3522 16.4816 19.7408
internal_count=250 184 66 163 118 63 45 46 55
is_linear=0
shrinkage=0.05


Tree=36
num_leaves=10
num_cat=0
split_feature=13 3 1 34 1 1 14 3 17
split_gain=4.39262 3.02722 2.95479 2.55904 2.43048 3.97431 2.37104 2.25652 2.1654
threshold=40.842370646634869 -0.0079225391523003435 0.025376446867029005 -0.58873335618808087 0.0084322621694238337 -0.011980311302192346 0.93223046696931589 -0.048170924362604055 -0.0047346483871018395
decision_type=2 2 2 2 2 2 2 2 2
left_child=7 3 4 8 5 -3 -4 -1 -2
right_child=1 2 6 -5 -6 -7 -8 -9 -10
leaf_value=-0.0068845637048516907 0.026630940838714562 -0.025974308596080867 0.028017637963786785 0.04261651313724827 -0.037173955526479521 0.024161932707139358 -0.0051012224712363892 -0.042736197506670515 -0.0089208927233795973
leaf_weight=10.367359966039659 8.4165647327899951 8.6630094945430756 10.683476954698564 8.1191690862178785 7.7921174466609946 7.2697870135307321 10.936151862144468 7.6110212802886954 8.7211095988750476
leaf_count=30 23 25 29 23 22 20 30 24 24
internal_value=2.49958e-06 0.00562117 -0.00210586 0.0194938 -0.0142899 -0.00309824 0.0112647 -0.0220621 0.00853914
internal_weight=88.5798 70.6014 45.3445 25.2568 23.7249 15.9328 21.6196 17.9784 17.1377
internal_count=250 196 126 70 67 45 59 54 47
is_linear=0
shrinkage=0.05


Tree=37
num_leaves=10
num_cat=0
split_feature=21 13 7 11 23 16 17 13 10
split_gain=2.44078 3.01875 4.48564 0.931656 0.499512 4.19673e-05 1.71536e-05 6.97979e-06 6.65707e-06
threshold=0.00025591324514329111 57.067711127759758 62.792499732971201 59.995899963378911 0.0021750184705252589 0.019070293034245307 0.0089775516897227948 40.842370646634869 -0.0021832744509565562
decision_type=2 2 2 2 2 2 2 2 2
left_child=3 2 4 -1 -2 -5 -3 -7 -9
right_child=1 6 -4 5 -6 7 -8 8 -10
leaf_value=0.021249116725137233 -0.03515856369420859 -0.034728904245951292 0.077441074199899929 -0.034699122109284393 0.010936885125375074 -0.034429090193213704 -0.034432211311701301 -0.03417029457855713 -0.034327526003109142
leaf_weight=0.89835171774029721 1.2849316075444224 1.0774153508245943 3.0811255387961864 0.83563528582453717 1.0831388495862482 0.90457395091652903 0.88926996663212765 1.0613882448524239 1.8406759668141601
leaf_count=21 20 21 36 16 20 20 21 30 45
internal_value=-0.000252042 0.018506 0.0376708 -0.0253589 -0.0140748 -0.0343783 -0.0345947 -0.0343078 -0.03427
internal_weight=12.9565 7.41588 5.4492 5.54063 2.36807 4.64227 1.96669 3.80664 2.90206
internal_count=250 118 76 132 40 111 42 95 75
is_linear=0
shrinkage=0.05


Tree=38
num_leaves=8
num_cat=0
split_feature=0 6 4 31 30 7 30
split_gain=3.10445 2.02454 2.3087 2.16088 1.93385 3.3517 3.05818
threshold=-0.01715404086135058 1.2176400108816907 0.014295340763912619 0.024316079556606678 0.011873770381587103 60.170499992370615 0.018512968075981798
decision_type=2 2 2 2 2 2 2
left_child=-1 2 3 -2 5 -4 -6
right_child=1 -3 4 -5 6 -7 -8
leaf_value=0.022030006326210608 0.030962993913793299 0.019783925970764539 0.012585452613196938 -0.0071851686944766598 0.027101327001556721 -0.025496038677480706 -0.016458960881075856
leaf_weight=13.603369772434233 6.973624110221861 8.0597358644008619 7.1921537816524497 7.937172144651413 7.1848284304142025 29.386011451482773 9.1739548742771131
leaf_count=39 20 22 20 22 20 82 25
internal_value=3.40087e-05 -0.00390789 -0.00672228 0.0106563 -0.0116173 -0.0180083 0.00267285
internal_weight=89.5109 75.9075 67.8477 14.9108 52.9369 36.5782 16.3588
internal_count=250 211 189 42 147 102 45
is_linear=0
shrinkage=0.05


Tree=39
num_leaves=9
num_cat=0
split_feature=13 3 15 2 2 30 16 26
split_gain=4.05594 2.78677 3.23244 4.11764 2.86247 2.24187 1.86888 1.53143
threshold=39.78815856254743 -0.039881461104625364 0.025877277642526439 0.04122812163754664 0.124560321631094 0.0053982839556513404 0.035458280476016117 0.027699433520321119
decision_type=2 2 2 2 2 2 2 2
left_child=7 -2 5 6 -5 -3 -4 -1
right_child=1 2 3 4 -6 -7 -8 -9
leaf_value=-0.03698560612568106 0.028471883781724661 0.037747114531270436 -0.010668113149921679 0.022636501246556903 -0.014887638747485284 0.0018248606260164409 -0.04094529569861087 -0.0055582702862701922
leaf_weight=8.7305520772933942 10.765798687934874 8.3934417665004748 14.27962237596512 14.032140880823137 7.9683349728584281 9.0011047124862653 7.9255234301090232 6.9717638790607444
leaf_count=28 30 23 40 39 22 25 23 20
internal_value=3.18144e-06 0.00500147 0.000899564 -0.00628519 0.00904566 0.0191585 -0.0214747 -0.023032
internal_weight=88.0683 72.366 61.6002 44.2056 22.0005 17.3945 22.2051 15.7023
internal_count=250 202 172 124 61 48 63 48
is_linear=0
shrinkage=0.05


Tree=40
num_leaves=8
num_cat=0
split_feature=16 19 22 23 21 18 23
split_gain=2.36475 5.72989 2.46313 0.99281 0.000325723 0.000308477 9.35833e-06
threshold=0.023359307942314032 -0.0051572431413661737 0.0098790279768644646 -0.012261584076212249 0.00090909552572626684 -0.36732556852340664 0.0033813377423780326
decision_type=2 2 2 2 2 2 2
left_child=1 -1 3 -2 6 -6 -5
right_child=2 -3 -4 4 5 -7 -8
leaf_value=0.076054574782540865 0.02212865030648092 -0.034831702562426313 0.051362093840801648 -0.034248651463588964 -0.035727020452204231 -0.034680844888216371 -0.034430533895863147
leaf_weight=2.6791071016341448 0.8785629291087379 2.0614240374416122 1.1486337482929228 1.935739861801266 1.0758619084954264 2.0419840328395367 1.1143530327826736
leaf_count=39 19 39 20 51 15 41 26
internal_value=-0.000272598 0.0278356 -0.016532 -0.0275992 -0.0346825 -0.0350418 -0.0343151
internal_weight=12.9357 4.74053 8.19514 7.0465 6.16794 3.11785 3.05009
internal_count=250 78 172 152 133 56 77
is_linear=0
shrinkage=0.05


Tree=41
num_leaves=8
num_cat=0
split_feature=0 19 19 29 19 0 17
split_gain=2.87156 1.9888 3.20639 2.65584 2.36519 4.81633 2.91472
threshold=-0.01715404086135058 -0.048867405145294966 -0.018419264408128074 0.0083427208081533494 0.048532599561474606 0.015137609396044362 0.0095273197673751749
decision_type=2 2 2 2 2 2 2
left_child=-1 3 -3 -2 5 -4 -6
right_child=1 2 4 -5 6 -7 -8
leaf_value=0.021292293429311378 -0.035811157775951057 0.024948725979806595 -0.00063151009053611252 0.0043114902451141003 -0.011637053908319978 -0.043528327829942502 0.032266012651085148
leaf_weight=13.482516974210737 9.7660640478134173 10.986267209053038 23.404033988714218 7.1396323442459098 7.237077981233595 9.0828803777694684 7.9151806533336639
leaf_count=39 27 31 66 20 20 25 22
internal_value=3.64668e-05 -0.00375776 0.000599125 -0.0188665 -0.00501624 -0.0126249 0.0112969
internal_weight=89.0137 75.5311 58.6254 16.9057 47.6392 32.4869 15.1523
internal_count=250 211 164 47 133 91 42
is_linear=0
shrinkage=0.05


Tree=42
num_leaves=10
num_cat=0
split_feature=13 3 1 34 22 0 14 3 26
split_gain=3.77808 2.64361 2.61427 2.39947 2.35237 3.00222 2.19117 2.16593 2.11153
threshold=40.842370646634869 -0.0079225391523003435 0.025376446867029005 -0.58873335618808087 0.0014169176614252656 0.00076366770152147556 0.93223046696931589 -0.048170924362604055 0.0050973756783841981
decision_type=2 2 2 2 2 2 2 2 2
left_child=7 3 4 8 5 -3 -4 -1 -2
right_child=1 2 6 -5 -6 -7 -8 -9 -10
leaf_value=-0.0058197999715869642 0.027986899728975723 -0.025781495667944965 0.026718286053598567 0.040896624762026573 -0.038306782440553327 0.016716847588821998 -0.0051911198885770315 -0.041394497549492003 -0.0075606902572729548
leaf_weight=10.214570403099062 7.3045664429664674 7.9082712233066621 10.617962658405306 7.9631806612014762 6.8211125135421744 8.7575922012329084 10.905743807554243 7.3625846803188315 9.7582979500293714
leaf_count=30 20 23 29 23 20 24 30 24 27
internal_value=4.57465e-06 0.0052061 -0.00203734 0.0182338 -0.0135727 -0.00344943 0.0105503 -0.0207211 0.00765714
internal_weight=87.6139 70.0367 45.0107 25.026 23.487 16.6659 21.5237 17.5772 17.0629
internal_count=250 196 126 70 67 47 59 54 47
is_linear=0
shrinkage=0.05


Tree=43
num_leaves=10
num_cat=0
split_feature=21 20 30 24 33 0 13 10 24
split_gain=2.25377 2.72331 6.46097 1.68545 0.947312 4.95621e-05 2.96867e-05 8.82883e-06 3.74806e-06
threshold=0.00025591324514329111 -0.047054593386037839 0.0041410092022451392 -0.0041380773778612592 0.14500000000000005 0.004165866948583786 39.200575360955945 0.022910011288157315 -0.012962337938134392
decision_type=2 2 2 2 2 2 2 2 2
left_child=4 -2 3 -3 -1 -5 -6 8 -8
right_child=1 2 -4 5 6 -7 7 -9 -10
leaf_value=0.022577143711881856 -0.03489899410956817 0.036193366034611936 0.10308153750618608 -0.034867176930521486 -0.034562546195203533 -0.034386275415377539 -0.034269387000730213 -0.034342616575699633 -0.034132051887046426
leaf_weight=0.87429404258728016 1.8743423316627739 1.3779237866401675 2.1436650101095438 1.1377047672867777 0.92892944067716587 1.0126443486660717 0.77686017192900214 1.4061924200505016 1.3780921101570132
leaf_count=18 32 16 25 21 19 24 20 34 41
internal_value=-0.000261595 0.0173518 0.0346186 -0.00697733 -0.0250391 -0.0346407 -0.0343108 -0.0342452 -0.0341816
internal_weight=12.9106 7.54628 5.67194 3.52827 5.36437 2.15035 4.49007 3.56114 2.15495
internal_count=250 118 86 61 132 45 114 95 61
is_linear=0
shrinkage=0.05


Tree=44
num_leaves=9
num_cat=0
split_feature=12 33 3 0 1 3 23 14
split_gain=2.71591 3.59951 3.26558 2.55608 2.82559 2.16955 2.07131 2.04172
threshold=-0.0367714194080574 0.99500000000000011 -0.034046905912905927 -0.014526509144979769 0.025376446867029005 -0.0049818568432305468 -0.0038989786443754944 0.93223046696931589
decision_type=2 2 2 2 2 2 2 2
left_child=2 3 6 -2 5 -5 -1 -6
right_child=1 -3 -4 4 7 -7 -8 -9
leaf_value=0.021399117076355278 -0.034632717460133862 0.027906506046577607 0.044366816218545047 -0.010526814300303881 -0.035115533317701016 0.015929601957954308 -0.014386378565082271 -0.0016279793420793114
leaf_weight=7.7660834789276167 8.4932862818241102 7.325276404619216 6.6551307141780844 13.94415697455406 10.401882946491243 17.441785424947742 8.4361259341239929 8.0929672718048078
leaf_count=22 24 21 20 40 29 48 24 22
internal_value=3.36121e-05 -0.00513114 0.0148788 -0.00927698 -0.00495962 0.00417554 0.00276641 -0.0204621
internal_weight=88.5567 65.6994 22.8573 58.3741 49.8808 31.3859 16.2022 18.4949
internal_count=250 184 66 163 139 88 46 51
is_linear=0
shrinkage=0.05


Tree=45
num_leaves=8
num_cat=0
split_feature=13 3 30 15 25 30 26
split_gain=3.5389 2.42961 3.01265 3.68296 3.1304 3.12535 1.48314
threshold=39.78815856254743 -0.039881461104625364 0.011873770381587103 0.025877277642526439 -1.0000000180025095e-35 0.019717058138473468 0.027699433520321119
decision_type=2 2 2 2 2 2 2
left_child=6 -2 3 -3 -5 -4 -1
right_child=1 2 5 4 -6 -7 -8
leaf_value=-0.035783703343589462 0.02676005738611241 0.029529615961215151 -0.041168045851772528 -0.019260232519737429 0.012770736423574729 0.0021814798604342387 -0.0045501302809534717
leaf_weight=8.4700020700693113 10.610324740409849 13.437012910842894 7.5102432966232326 14.033861786127085 16.710434585809715 9.3147332072257978 6.894813358783721
leaf_count=28 30 37 22 40 47 26 20
internal_value=5.85604e-06 0.00467726 0.000836583 0.00769327 -0.00185045 -0.0171687 -0.0217679
internal_weight=86.9814 71.6166 61.0063 44.1813 30.7443 16.825 15.3648
internal_count=250 202 172 124 87 48 48
is_linear=0
shrinkage=0.05


Tree=46
num_leaves=10
num_cat=0
split_feature=29 19 16 32 21 21 10 4 8
split_gain=2.21903 4.97687 6.6154 2.93455 0.000469785 0.000127627 0.000136279 4.8771e-05 8.82711e-06
threshold=0.0053127443568387065 -0.0051572431413661737 0.023410521951111509 -0.19025471356266691 0.0026840217540907711 0.00096570780090388119 -0.00040577867088051973 0.019533269572490804 0.0017398862930203265
decision_type=2 2 2 2 2 2 2 2 2
left_child=1 2 -1 -3 7 8 -7 -2 -5
right_child=4 3 -4 5 -6 6 -8 -9 -10
leaf_value=0.12361331583285101 -0.034780584771204014 0.057018005406118948 -0.0089852287418666441 -0.034213892355927741 -0.035778727112806788 -0.035194136259413665 -0.034410751807156935 -0.034317980411057818 -0.034405881724326064
leaf_weight=1.8667688630521291 0.96781176142394709 1.0783782154321659 1.8959770835936067 1.1938855592161419 1.0533457510173319 1.2124187424778941 1.0240883361548183 1.3852250184863804 1.2009068410843609
leaf_count=22 18 19 38 33 15 18 24 35 28
internal_value=-0.000291431 0.0121546 0.0567994 -0.0172669 -0.0349011 -0.0345638 -0.0348354 -0.0345083 -0.0343102
internal_weight=12.8788 9.47242 3.76275 5.70968 3.40638 4.6313 2.23651 2.35304 2.39479
internal_count=250 182 60 122 68 103 42 53 61
is_linear=0
shrinkage=0.05


Tree=47
num_leaves=8
num_cat=0
split_feature=0 19 19 29 19 0 17
split_gain=2.58703 1.83134 3.01236 2.46785 2.22028 4.33864 2.6128
threshold=-0.01715404086135058 -0.048867405145294966 -0.018419264408128074 0.0083427208081533494 0.048532599561474606 0.015137609396044362 0.0095273197673751749
decision_type=2 2 2 2 2 2 2
left_child=-1 3 -3 -2 5 -4 -6
right_child=1 2 4 -5 6 -7 -8
leaf_value=0.020419127529856241 -0.034592498884116377 0.024374271017957552 -0.00081002422294252491 0.0042909305109513777 -0.010765204004584474 -0.041750515495153198 0.03102519199811643
leaf_weight=13.22658050060272 9.6500423550605792 10.858287811279295 23.160506010055542 7.0705307424068442 7.1639119088649732 8.9804549515247327 7.8260890245437622
leaf_count=39 27 31 66 20 20 25 22
internal_value=3.68892e-05 -0.00357157 0.000631989 -0.0181501 -0.00483789 -0.0122491 0.011053
internal_weight=87.9364 74.7098 57.9892 16.7206 47.131 32.141 14.99
internal_count=250 211 164 47 133 91 42
is_linear=0
shrinkage=0.05


Tree=48
num_leaves=10
num_cat=0
split_feature=13 3 1 1 1 34 17 3 14
split_gain=3.28722 2.27787 2.27884 2.34208 3.5502 2.20629 2.0957 2.06281 1.95318
threshold=40.842370646634869 -0.0079225391523003435 0.025376446867029005 0.0084322621694238337 -0.011980311302192346 -0.58873335618808087 -0.0047346483871018395 -0.048170924362604055 1.0086778831428462
decision_type=2 2 2 2 2 2 2 2 2
left_child=7 5 3 4 -3 6 -2 -1 -4
right_child=1 2 8 -5 -6 -7 -8 -9 -10
leaf_value=-0.0050166746734361068 0.024830722074569475 -0.023734864302050813 0.020718868181177345 -0.035435868313579727 0.02412369438733122 0.039093980091961258 -0.010384531307619771 -0.040170596635269583 -0.01120971224212973
leaf_weight=10.092336356639864 8.3035335242748296 8.3859050869941711 14.133668273687364 7.6246918439865103 7.2037929594516763 7.7762323319911948 8.6009482741355896 7.1149600297212592 7.2452782392501822
leaf_count=30 23 25 39 22 20 23 24 24 20
internal_value=6.93746e-06 0.00486534 -0.00187983 -0.0127268 -0.00162006 0.0170526 0.00691331 -0.0195523 0.00989834
internal_weight=86.4813 69.2741 44.5933 23.2144 15.5897 24.6807 16.9045 17.2073 21.3789
internal_count=250 196 126 67 45 70 47 54 59
is_linear=0
shrinkage=0.05


Tree=49
num_leaves=10
num_cat=0
split_feature=29 19 23 32 21 21 14 4 8
split_gain=2.11866 4.45962 6.08237 2.9642 0.000409272 0.000109946 0.000116794 4.50943e-05 7.19063e-06
threshold=0.0053127443568387065 -0.0051572431413661737 -1.0000000180025095e-35 -0.19408308523841908 0.0026840217540907711 0.00096570780090388119 0.49277542873531371 0.019533269572490804 0.0017398862930203265
decision_type=2 2 2 2 2 2 2 2 2
left_child=1 2 -1 -3 7 8 -7 -2 -5
right_child=4 3 -4 5 -6 6 -8 -9 -10
leaf_value=-0.035000685915809841 -0.034737355930864619 0.058325548277247542 0.096682774874087593 -0.034185806340335738 -0.035678159505641037 -0.035113454739392459 -0.03438384048845735 -0.034285573352009713 -0.034360758466800687
leaf_weight=1.3199927080422642 0.93955655582249331 1.0601608529686917 2.6123284958302966 1.1546097360551359 1.0165039822459219 1.1540150381624701 1.0453333929181097 1.3401871509850023 1.1953405663371084
leaf_count=26 18 17 34 33 15 18 25 35 29
internal_value=-0.000285161 0.0116533 0.0524796 -0.0169666 -0.0348438 -0.0345126 -0.0347667 -0.0344718 -0.0342748
internal_weight=12.838 9.54178 3.93232 5.60946 3.29625 4.5493 2.19935 2.27974 2.34995
internal_count=250 182 60 122 68 105 43 53 62
is_linear=0
shrinkage=0.05


Tree=50
num_leaves=8
num_cat=0
split_feature=0 11 21 20 19 21 21
split_gain=2.42005 1.76474 3.9641 3.48426 3.15229 2.69262 2.43788
threshold=-0.01715404086135058 62.789599914550784 0.00090909552572626684 -0.08255881786476614 0.032795632589682773 -0.0017309435371875568 0.00025591324514329111
decision_type=2 2 2 2 2 2 2
left_child=-1 2 5 -3 6 -2 -5
right_child=1 3 -4 4 -6 -7 -8
leaf_value=0.019838651000450614 0.01233183717177528 0.012015060028342493 0.028867198542113892 -0.012147279533966588 0.0036438121827096224 -0.023798012144618443 -0.047370353628644279
leaf_weight=13.113122552633284 9.3092056512832624 12.400062054395674 11.509942799806593 9.1492711007595116 9.7844787538051587 11.561131894588472 10.608211159706114
leaf_count=39 26 35 32 27 28 33 30
internal_value=3.5008e-05 -0.00345907 0.00530963 -0.0102287 -0.0195654 -0.00768231 -0.0310593
internal_weight=87.4354 74.3223 32.3803 41.942 29.542 20.8703 19.7575
internal_count=250 211 91 120 85 59 57
is_linear=0
shrinkage=0.05


Tree=51
num_leaves=7
num_cat=0
split_feature=13 3 16 20 25 26
split_gain=3.09324 2.17998 2.80352 3.73094 2.47132 1.41379
threshold=39.78815856254743 -0.039881461104625364 0.019693446076133037 -0.086567704814785415 -0.0020926799625824439 0.027699433520321119
decision_type=2 2 2 2 2 2
left_child=5 -2 -3 -4 -5 -1
right_child=1 2 3 4 -6 -7
leaf_value=-0.034561994686532142 0.02545272087147853 0.023435885255283905 -0.031521919367455513 -0.013552134339121941 0.0123406608520438 -0.0037680000609813602
leaf_weight=8.210234731435774 10.466294527053831 11.103004813194273 10.071117371320716 14.780128240585318 24.475931078195586 6.8263292014598838
leaf_count=28 30 31 29 43 69 20
internal_value=1.63692e-05 0.00438513 0.000736299 -0.00437313 0.00259188 -0.0205821
internal_weight=85.933 70.8965 60.4302 49.3272 39.2561 15.0366
internal_count=250 202 172 141 112 48
is_linear=0
shrinkage=0.05


Tree=52
num_leaves=9
num_cat=0
split_feature=13 8 23 13 14 21 24 5
split_gain=2.06346 4.74991 2.39373 4.67014 0.895456 0.000616666 3.65514e-05 2.02794e-05
threshold=57.067711127759758 0.022858581872044741 0.0053002131135493355 44.700681223806676 0.52574701362161613 0.00096570780090388119 -0.0031152819580795295 0.018848809443115344
decision_type=2 2 2 2 2 2 2 2
left_child=1 2 4 -4 5 -1 -2 -8
right_child=6 -3 3 -5 -6 -7 7 -9
leaf_value=-0.034298412931124317 -0.034618431658138403 0.091232674988374521 0.091801613000405 -0.035197634037029739 0.019979749213791292 -0.035520619397343481 -0.034462448603739058 -0.034144128723496758
leaf_weight=2.1472311560064536 1.2327654436230662 1.5604139342904089 1.536398019641638 1.3687988854944704 0.90678507648408402 1.987164733931422 0.84740891121327999 1.2216559704393146
leaf_count=57 26 23 18 24 18 28 20 36
internal_value=-0.000349851 0.0114772 -0.0041842 0.0319652 -0.0250169 -0.0348859 -0.0344029 -0.0342745
internal_weight=12.8086 9.50679 7.94638 2.9052 5.04118 4.1344 3.30183 2.06906
internal_count=250 168 145 42 103 85 82 56
is_linear=0
shrinkage=0.05


Tree=53
num_leaves=8
num_cat=0
split_feature=12 9 33 0 4 16 21
split_gain=2.29833 3.09004 3.09 3.15984 1.80642 2.29139 1.70484
threshold=-0.0367714194080574 61.147749900817878 0.97500000000000009 -0.014526509144979769 0.014295340763912619 0.035458280476016117 -0.0014770261133393301
decision_type=2 2 2 2 2 2 2
left_child=1 -1 3 -2 -5 -6 -3
right_child=2 6 -4 4 5 -7 -8
leaf_value=0.042361896021956717 -0.040686889479330128 0.019182620860353144 0.017555409490819029 0.014563954671769949 -0.018261642563583383 0.009925559873393823 -0.013819821212925649
leaf_weight=6.6679723560810116 7.2729727029800406 7.4023675322532663 12.511065095663069 9.2227936387062055 25.439602136611938 10.061601638793944 8.3019170463085139
leaf_count=21 21 21 36 26 73 28 24
internal_value=3.53871e-05 0.0138445 -0.00475382 -0.0101217 -0.00515118 -0.0102729 0.0017362
internal_weight=86.8803 22.3723 64.508 51.997 44.724 35.5012 15.7043
internal_count=250 66 184 148 127 101 45
is_linear=0
shrinkage=0.05


Tree=54
num_leaves=8
num_cat=0
split_feature=13 3 30 15 30 2 26
split_gain=2.80705 2.012 2.69106 3.20181 2.95865 2.86846 1.36676
threshold=39.78815856254743 -0.039881461104625364 0.011873770381587103 0.025877277642526439 0.019717058138473468 0.04122812163754664 0.027699433520321119
decision_type=2 2 2 2 2 2 2
left_child=6 -2 3 -3 -4 -5 -1
right_child=1 2 4 5 -6 -7 -8
leaf_value=-0.033715494054659748 0.02450126145025068 0.027671458678474162 -0.040119266439161604 -0.01949515838674927 0.0023927542395641346 0.011561692098138045 -0.0032442073900508916
leaf_weight=8.0351748913526517 10.38200059533119 13.269988268613814 7.3600715398788479 13.029241025447847 9.2191855907440168 17.315747112035751 6.789618343114852
leaf_count=28 30 37 22 38 26 49 20
internal_value=1.88056e-05 0.0041734 0.000667352 0.00718543 -0.0164797 -0.0017732 -0.0197599
internal_weight=85.401 70.5762 60.1942 43.615 16.5793 30.345 14.8248
internal_count=250 202 172 124 48 87 48
is_linear=0
shrinkage=0.05


Tree=55
num_leaves=10
num_cat=0
split_feature=29 19 16 24 21 21 0 4 11
split_gain=2.00593 3.78512 4.55576 2.82282 0.000335131 7.98648e-05 9.57209e-05 4.00986e-05 1.03466e-05
threshold=0.0053127443568387065 -0.0051572431413661737 0.023410521951111509 -0.020930970499596854 0.0026840217540907711 0.00090909552572626684 0.00076366770152147556 0.019698733706288749 63.960700111389166
decision_type=2 2 2 2 2 2 2 2 2
left_child=1 2 -1 -3 7 8 -7 -2 -5
right_child=4 3 -4 5 -6 6 -8 -9 -10
leaf_value=0.095505978674448641 -0.034681670208079766 0.055580797287173536 -0.0095245542864188914 -0.034150739610452056 -0.035548012079492916 -0.035039997623261113 -0.034389899583130525 -0.034250341220805995 -0.034377729507275037
leaf_weight=2.2350650317966929 0.94670521467924285 1.0883124526590098 1.918814470991492 1.1638266239315274 0.98003240860998619 1.0176786947995426 1.2764004077762363 1.2506637498736379 0.88283907249569882
leaf_count=22 19 18 38 34 15 17 31 34 22
internal_value=-0.000351242 0.011064 0.0469889 -0.0164229 -0.0347791 -0.0344757 -0.0346783 -0.0344362 -0.0342487
internal_weight=12.7603 9.58294 4.15388 5.42906 3.1774 4.34074 2.29408 2.19737 2.04667
internal_count=250 182 60 122 68 104 48 53 56
is_linear=0
shrinkage=0.05


Tree=56
num_leaves=8
num_cat=0
split_feature=0 19 19 29 19 0 0
split_gain=2.21702 1.67515 2.80468 2.24769 1.95701 4.04377 2.35232
threshold=-0.01715404086135058 -0.048867405145294966 -0.018419264408128074 0.0083427208081533494 0.048532599561474606 0.015137609396044362 0.0088135326162109857
decision_type=2 2 2 2 2 2 2
left_child=-1 3 -3 -2 5 -4 -6
right_child=1 2 4 -5 6 -7 -8
leaf_value=0.019186232924736146 -0.033231919565888772 0.023907056898753595 -0.0004431382510932066 0.0041953695734883436 -0.010646706079176053 -0.040261939519981332 0.02930329417349092
leaf_weight=12.858672171831129 9.4744413793087023 10.624688386917112 22.775546669960026 6.9570170342922202 6.9790311455726606 8.8549797832965833 7.8060556948184967
leaf_count=39 27 31 66 20 20 25 22
internal_value=3.33135e-05 -0.00331874 0.000733396 -0.0173853 -0.00457113 -0.0115904 0.0104456
internal_weight=86.3304 73.4718 57.0403 16.4315 46.4156 31.6305 14.7851
internal_count=250 211 164 47 133 91 42
is_linear=0
shrinkage=0.05


Tree=57
num_leaves=9
num_cat=0
split_feature=13 3 4 11 13 13 25 16
split_gain=2.60396 2.00381 1.91967 2.17466 3.19092 3.06677 2.41371 2.03518
threshold=40.842370646634869 -0.048170924362604055 0.047338373287008399 63.096099967956555 51.857140410261813 47.267564282957743 -0.0016703033581055291 0.028790513582024297
decision_type=2 2 2 2 2 2 2 2
left_child=1 -1 3 4 -2 -5 -6 -7
right_child=2 -3 -4 5 6 7 -8 -9
leaf_value=-0.0033228340377319588 0.020783010026194645 -0.038635760521072038 -0.019868365214050821 -0.0081140116308642297 -0.036134882862340144 0.012262842252842276 -0.000805495276082706 0.044030831203093486
leaf_weight=9.8545861244201678 10.659979134798048 6.7818992584943762 7.310246378183364 8.3820657134056109 7.2626230120658866 10.262785315513613 14.460284471511843 9.9095321893691999
leaf_count=30 30 24 22 24 21 30 41 28
internal_value=1.90469e-05 -0.0177182 0.00434281 0.00724726 -0.00162232 0.0173061 -0.0126172 0.0278687
internal_weight=84.884 16.6365 68.2475 60.9373 32.3829 28.5544 21.7229 20.1723
internal_count=250 54 196 174 92 82 62 58
is_linear=0
shrinkage=0.05


Tree=58
num_leaves=10
num_cat=0
split_feature=29 29 21 7 9 21 16 4 15
split_gain=1.9193 3.99695 2.31337 2.52964 2.87891 0.000294275 4.32314e-05 3.70566e-05 2.8715e-06
threshold=0.0053127443568387065 0.0044184144934866785 0.00025591324514329111 62.792499732971201 63.559999656677256 0.0026840217540907711 0.023053990077004812 0.019698733706288749 0.027359306536247092
decision_type=2 2 2 2 2 2 2 2 2
left_child=1 2 6 -4 -5 7 -1 -2 -8
right_child=5 -3 3 4 -6 -7 8 -9 -10
leaf_value=-0.034559185436370585 -0.034643440112831318 0.10193555383085279 -0.034553954627877859 0.095998560154572893 0.0067314652649754173 -0.035463805319424002 -0.034083825819675277 -0.034222443221057712 -0.034209890313848468
leaf_weight=1.0847232714295372 0.91960916481912303 1.0659838244318951 1.5456266831606624 1.473857179284096 2.3327516466379166 0.94612617790698994 0.65162114053964648 1.2110282089561222 1.4724161885678766
leaf_count=24 19 12 35 10 39 15 21 34 41
internal_value=-0.00035257 0.0106344 -0.000734097 0.0193907 0.0412942 -0.03473 -0.0343024 -0.0344042 -0.0341712
internal_weight=12.7037 9.62698 8.561 5.35224 3.80661 3.07676 3.20876 2.13064 2.12404
internal_count=250 182 170 84 49 68 86 53 62
is_linear=0
shrinkage=0.05


Tree=59
num_leaves=8
num_cat=0
split_feature=0 11 21 20 19 21 18
split_gain=2.08506 1.67049 3.50796 3.08381 2.81135 2.3993 2.32284
threshold=-0.01715404086135058 62.789599914550784 0.00090909552572626684 -0.08255881786476614 0.032795632589682773 -0.0017309435371875568 0.24623511654329996
decision_type=2 2 2 2 2 2 2
left_child=-1 2 5 -3 6 -2 -5
right_child=1 3 -4 4 -6 -7 -8
leaf_value=0.018690222106496204 0.011984425589621619 0.011222551705323457 0.027674848867779253 -0.01629060967648013 0.0033416979713468257 -0.022410690191014014 -0.052036116468921728
leaf_weight=12.750454753637312 9.1997004449367541 12.20135787129402 11.352589428424833 12.10819579660893 9.6321604549884778 11.295722514390947 7.2757981121540061
leaf_count=39 26 35 32 36 28 33 21
internal_value=3.33526e-05 -0.0032224 0.00537834 -0.00986804 -0.0187367 -0.00697189 -0.0297077
internal_weight=85.816 73.0655 31.848 41.2175 29.0162 20.4954 19.384
internal_count=250 211 91 120 85 59 57
is_linear=0
shrinkage=0.05


Tree=60
num_leaves=8
num_cat=0
split_feature=13 3 30 15 30 2 26
split_gain=2.45545 1.83349 2.54306 2.80511 2.74333 2.73499 1.30714
threshold=39.78815856254743 -0.039881461104625364 0.011873770381587103 0.025877277642526439 0.019717058138473468 0.04122812163754664 0.027699433520321119
decision_type=2 2 2 2 2 2 2
left_child=6 -2 3 -3 -4 -5 -1
right_child=1 2 4 5 -6 -7 -8
leaf_value=-0.032636656895911609 0.023452821623746043 0.026192525890669408 -0.039198798868118223 -0.018930203343813939 0.0019538404127958362 0.011552353373229502 -0.0025330172456450996
leaf_weight=7.7887195199727994 10.240912705659865 13.13768434524536 7.2439530789852169 12.872603058815004 9.1839208602905256 17.178702831268311 6.714731365442276
leaf_count=28 30 37 22 38 26 49 20
internal_value=2.18613e-05 0.00390866 0.000551392 0.00692034 -0.0161926 -0.00150498 -0.0186994
internal_weight=84.3612 69.8578 59.6169 43.189 16.4279 30.0513 14.5035
internal_count=250 202 172 124 48 87 48
is_linear=0
shrinkage=0.05


Tree=61
num_leaves=9
num_cat=0
split_feature=13 8 23 14 14 21 24 5
split_gain=1.87018 3.85608 2.01362 3.85946 1.04159 0.000573644 4.56986e-05 1.80472e-05
threshold=57.067711127759758 0.022858581872044741 0.0053002131135493355 0.27468574542963425 0.53967877260205921 0.00096570780090388119 -0.0031152819580795295 0.018848809443115344
decision_type=2 2 2 2 2 2 2 2
left_child=1 2 4 -4 5 -1 -2 -8
right_child=6 -3 3 -5 -6 -7 7 -9
leaf_value=-0.034249102177195893 -0.034594364742109938 0.078323817548374461 0.078008964864940411 -0.035040446667609006 0.028219248704177354 -0.035444773155864619 -0.03438177355674156 -0.034068155218282464
leaf_weight=2.078180365264414 1.178860539570451 1.7190408315509556 1.6861844565719368 1.3670533299446104 0.78278423659503449 1.9391682986170051 0.78177041746676046 1.1100748237222431
leaf_count=59 26 23 16 26 15 29 20 36
internal_value=-0.00039715 0.0104945 -0.00435281 0.0273923 -0.0245451 -0.0348263 -0.03435 -0.0341978
internal_weight=12.6431 9.57241 7.85337 3.05324 4.80013 4.01735 3.07071 1.89185
internal_count=250 168 145 42 103 88 82 56
is_linear=0
shrinkage=0.05


Tree=62
num_leaves=9
num_cat=0
split_feature=12 3 33 0 1 22 23 24
split_gain=1.95266 2.96279 2.71611 2.30066 2.5379 1.9348 1.91898 1.82221
threshold=-0.0367714194080574 -0.034046905912905927 0.99500000000000011 -0.014526509144979769 0.025376446867029005 -0.0022904163912597082 -0.0038989786443754944 -1.0000000180025095e-35
decision_type=2 2 2 2 2 2 2 2
left_child=1 6 3 -2 5 -5 -1 -6
right_child=2 -3 -4 4 7 -7 -8 -9
leaf_value=0.019495611079039594 -0.032676440151125308 0.042020256135885184 0.02502347226738328 -0.0094842088183627084 -0.00049751699933761736 0.015967174373113503 -0.015594917340091254 -0.032660419946408038
leaf_weight=7.5045385062694558 8.1146870851516706 6.2486691027879706 6.9789357185363761 13.210656464099882 7.7360771000385311 17.175100386142734 8.1028209030628204 10.223718255758284
leaf_count=22 24 20 21 38 22 50 24 29
internal_value=3.72468e-05 0.0129261 -0.00440322 -0.00804059 -0.00390552 0.00490181 0.00127778 -0.0188064
internal_weight=85.2952 21.856 63.4392 56.4602 48.3456 30.3858 15.6074 17.9598
internal_count=250 66 184 163 139 88 46 51
is_linear=0
shrinkage=0.05


Tree=63
num_leaves=10
num_cat=0
split_feature=13 26 26 9 2 4 21 23 15
split_gain=2.26509 1.74792 2.79156 3.43066 2.54604 2.08793 1.80481 1.693 1.28754
threshold=39.78815856254743 0.0059314848699386644 0.02611721104091325 59.670250225067143 0.01534543052844395 0.021363819528223933 0.001025673809258443 0.00047408904169343741 0.027907058819812858
decision_type=2 2 2 2 2 2 2 2 2
left_child=8 5 4 -4 -3 6 -2 -7 -1
right_child=1 2 3 -5 -6 7 -8 -9 -10
leaf_value=-0.036088451535590614 0.039951968762670771 -0.0027486232294534185 -0.019047665506116498 0.024007079538754323 -0.041499031819201976 -0.020026275370284053 0.0073219842829922027 0.014580701553738052 -0.005604839605836155
leaf_weight=5.8632590025663367 8.875524073839193 10.855757385492327 7.0563097000122097 13.437740772962568 6.954403042793273 6.6406748294830305 8.1100541651248914 7.5542059540748596 8.4647644311189634
leaf_count=22 26 32 20 39 20 20 23 22 26
internal_value=2.20696e-05 0.00375463 -0.00340027 0.00918289 -0.0178796 0.0125442 0.0243722 -0.0016092 -0.0180792
internal_weight=83.8127 69.4847 38.3042 20.4941 17.8102 31.1805 16.9856 14.1949 14.328
internal_count=250 202 111 59 52 91 49 42 48
is_linear=0
shrinkage=0.05


Tree=64
num_leaves=10
num_cat=0
split_feature=29 29 21 7 9 21 16 4 15
split_gain=1.8241 3.23962 2.15223 2.20522 2.29817 0.000240634 4.4792e-05 3.19206e-05 2.96519e-06
threshold=0.0053127443568387065 0.0044184144934866785 0.00025591324514329111 62.792499732971201 63.559999656677256 0.0026840217540907711 0.023053990077004812 0.019784265338233509 0.027359306536247092
decision_type=2 2 2 2 2 2 2 2 2
left_child=1 2 6 -4 -5 7 -1 -2 -8
right_child=5 -3 3 4 -6 -7 8 -9 -10
leaf_value=-0.034527809494396509 -0.034597661993596339 0.088112117271345852 -0.034476939033138233 0.08379093635615098 0.0061322105600004348 -0.035354303531730573 -0.034031374766307028 -0.034201177511652039 -0.034163935365970254
leaf_weight=1.0447060298174604 0.91780417226255107 1.1709753870964039 1.4472866896539924 1.6040485799312594 2.3459711298346519 0.91213465109467495 0.60510700196027745 1.1359365470707414 1.3929826579988001
leaf_count=24 20 12 35 10 39 15 21 33 41
internal_value=-0.000400424 0.0101774 -0.000635193 0.0183226 0.0376683 -0.0346785 -0.0342625 -0.0343784 -0.0341238
internal_weight=12.577 9.61108 8.4401 5.39731 3.95002 2.96588 3.0428 2.05374 1.99809
internal_count=250 182 170 84 49 68 86 53 62
is_linear=0
shrinkage=0.05


Tree=65
num_leaves=7
num_cat=0
split_feature=17 17 22 19 1 22
split_gain=1.9882 2.73234 3.18445 3.90432 2.99582 2.63662
threshold=-0.0150113672960121 -0.0075094123244592009 -0.00703169292977912 0.048532599561474606 0.025376446867029005 0.0022136887449302205
decision_type=2 2 2 2 2 2
left_child=5 -2 -3 4 -4 -1
right_child=1 2 3 -5 -6 -7
leaf_value=0.032431520394508938 -0.026561076480337949 -0.022593459914139951 0.0094614956841978688 0.035515724478067799 -0.021117269467151978 -0.0076157816813739211
leaf_weight=9.6791699677705783 11.020498245954512 11.713090360164641 23.812337651848793 9.3087255954742414 12.069468587636946 7.1431297957897177
leaf_count=30 33 33 71 27 35 21
internal_value=3.75991e-05 -0.00377367 0.000639555 0.0066614 -0.000824203 0.0154265
internal_weight=84.7464 67.9241 56.9036 45.1905 35.8818 16.8223
internal_count=250 199 166 133 106 51
is_linear=0
shrinkage=0.05


Tree=66
num_leaves=9
num_cat=0
split_feature=13 3 4 11 13 30 13 1
split_gain=2.1161 1.87195 1.65284 1.93076 2.80123 2.94298 2.76899 2.17591
threshold=40.842370646634869 -0.048170924362604055 0.047338373287008399 63.096099967956555 51.457278168602024 0.011873770381587103 51.857140410261813 0.027411814453044085
decision_type=2 2 2 2 2 2 2 2
left_child=1 -1 3 6 5 -5 -2 -8
right_child=2 -3 -4 4 -6 -7 7 -9
leaf_value=-0.0023586459458928605 0.019218705330487744 -0.037153430021855074 -0.018773994285438682 0.022684469921105829 0.032749150743687026 -0.022003606497056714 -0.027346748164774112 0.0045548773085523457
leaf_weight=9.6797636300325411 10.523100942373278 6.435405805706977 7.1683659851551047 7.6477696001529711 13.377090126276014 7.108741819858551 11.185196876525881 10.237094759941099
leaf_count=30 30 24 22 22 39 21 33 29
internal_value=1.966e-05 -0.0162535 0.00391937 0.00662705 0.0161784 0.00115662 -0.0017846 -0.0121019
internal_weight=83.3625 16.1152 67.2474 60.079 28.1336 14.7565 31.9454 21.4223
internal_count=250 54 196 174 82 43 92 62
is_linear=0
shrinkage=0.05


Tree=67
num_leaves=8
num_cat=0
split_feature=4 33 26 21 21 21 0
split_gain=1.77613 2.66246 3.23825 2.31448 0.000573229 9.2249e-05 7.52383e-05
threshold=0.024108197542607037 0.91500000000000015 0.039865672502344414 0.0029543841542430953 0.0018276261205159019 -0.00061647896028110816 0.015137609396044362
decision_type=2 2 2 2 2 2 2
left_child=1 2 3 4 -1 -2 -7
right_child=5 -3 -4 -5 -6 6 -8
leaf_value=-0.034371799323571893 -0.034080598856634135 0.076926850602857075 0.069230505083978849 0.027069619916324891 -0.035751313916148428 -0.034975752360603102 -0.034351592050269428
leaf_weight=3.6871070247143489 0.99828350730240378 1.2867331560701121 1.390254398807883 2.2594001907855272 0.94630432315170754 0.99372766911983557 0.93910310231149197
leaf_count=97 32 15 20 30 15 17 24
internal_value=-0.000416677 0.0100137 -0.000380898 -0.0144213 -0.0346535 -0.0344709 -0.0346725
internal_weight=12.5009 9.5698 8.28307 6.89281 4.63341 2.93111 1.93283
internal_count=250 177 162 142 112 73 41
is_linear=0
shrinkage=0.05


Tree=68
num_leaves=7
num_cat=0
split_feature=17 17 22 19 29 22
split_gain=1.84596 2.53283 3.04996 3.56978 3.26086 2.48443
threshold=-0.0150113672960121 -0.0074146889380271074 -0.00703169292977912 0.048532599561474606 -0.0010443496238161096 0.0022136887449302205
decision_type=2 2 2 2 2 2
left_child=5 -2 -3 4 -4 -1
right_child=1 2 3 -5 -6 -7
leaf_value=0.031578184906529159 -0.024490669929763873 -0.021842910428120189 -0.027449977894511247 0.034522085643902814 0.0082440285893428337 -0.007415772041800309
leaf_weight=9.5681293755769747 11.977905601263044 11.689272940158842 8.4609153717756183 9.2347822487354261 26.250103250145919 7.1278043687343589
leaf_count=30 36 33 25 27 78 21
internal_value=4.23433e-05 -0.00363416 0.00085613 0.00689391 -0.000456493 0.0149309
internal_weight=84.3089 67.613 55.6351 43.9458 34.711 16.6959
internal_count=250 199 163 130 103 51
is_linear=0
shrinkage=0.05


Tree=69
num_leaves=8
num_cat=0
split_feature=13 3 20 15 2 26 31
split_gain=1.967 1.66862 2.48093 2.1398 2.99057 1.28527 1.13103
threshold=39.78815856254743 -0.039881461104625364 -0.086567704814785415 0.025877277642526439 0.04122812163754664 0.027699433520321119 0.26799529653780385
decision_type=2 2 2 2 2 2 2
left_child=5 -2 -3 6 -5 -1 -4
right_child=1 2 3 4 -6 -7 -8
leaf_value=-0.03125531078197856 0.022305190307191615 -0.01965074545868805 0.035500785748509178 -0.017917649172497743 0.012608322846311299 -0.00091094380594545262 0.0072336323111063614
leaf_weight=7.4568137824535352 10.065653115510939 12.343152910470961 7.2843727469444257 14.957037091255186 17.30759060382843 6.5591130703687668 6.8819974064826965
leaf_count=28 30 36 21 45 50 20 20
internal_value=1.84861e-05 0.00349466 0.000273171 0.00556972 -0.00154272 -0.0170549 0.0217687
internal_weight=82.8557 68.8398 58.7742 46.431 32.2646 14.0159 14.1664
internal_count=250 202 172 136 95 48 41
is_linear=0
shrinkage=0.05


Tree=70
num_leaves=10
num_cat=0
split_feature=29 19 32 16 22 21 14 21 32
split_gain=1.73594 2.90375 3.35632 3.07653 0.000232682 0.000153023 0.000159024 3.4978e-05 7.97866e-06
threshold=0.0053127443568387065 -0.0051572431413661737 -0.23276836200620579 0.023410521951111509 0.0071281247551754365 0.00090909552572626684 0.49277542873531371 0.00050603814963323679 0.37703421150911948
decision_type=2 2 2 2 2 2 2 2 2
left_child=1 3 -3 -1 7 8 -7 -2 -4
right_child=4 2 5 -5 -6 6 -8 -9 -10
leaf_value=0.074893567681671422 -0.034159528360048291 0.071740912982259472 -0.034078234359500602 -0.0093841992228445217 -0.035329222455426898 -0.035134576943240917 -0.03426458927791224 -0.034582523462593717 -0.034282260819031365
leaf_weight=2.5708143338561049 1.0774418339133274 0.90257116034626861 1.3697124607861044 1.8709377143532036 0.87985131703317154 1.1900448296219113 0.94028660468757141 0.89444140531122673 0.73701460100710381
leaf_count=22 34 11 45 38 15 20 26 19 20
internal_value=-0.000407307 0.00978537 -0.0158033 0.0393944 -0.0346531 -0.0344518 -0.0347506 -0.0343514 -0.0341496
internal_weight=12.4331 9.58138 5.13963 4.44175 2.85173 4.23706 2.13033 1.97188 2.10673
internal_count=250 182 122 60 68 111 46 53 65
is_linear=0
shrinkage=0.05


Tree=71
num_leaves=7
num_cat=0
split_feature=17 17 22 19 29 22
split_gain=1.73542 2.37426 2.84743 3.33334 2.99459 2.30355
threshold=-0.0150113672960121 -0.0074146889380271074 -0.00703169292977912 0.048532599561474606 -0.0010443496238161096 0.0022136887449302205
decision_type=2 2 2 2 2 2
left_child=5 -2 -3 4 -4 -1
right_child=1 2 3 -5 -6 -7
leaf_value=0.030730619533315653 -0.023762682678607316 -0.021106944083912848 -0.026384972664292169 0.033528798459798177 0.0079323784830832213 -0.0069874598668960858
leaf_weight=9.4413452148437518 11.923008114099501 11.669027417898176 8.3994855582713992 9.1498323082923871 26.14172516763211 7.086201697587966
leaf_count=30 36 33 25 27 78 21
internal_value=4.21476e-05 -0.00352379 0.000835101 0.00669539 -0.00041267 0.014559
internal_weight=83.8106 67.2831 55.3601 43.691 34.5412 16.5275
internal_count=250 199 163 130 103 51
is_linear=0
shrinkage=0.05


Tree=72
num_leaves=10
num_cat=0
split_feature=13 3 23 26 22 26 29 3 11
split_gain=1.836 1.73099 1.53158 1.9912 3.19433 2.42332 2.13193 2.05606 2.51622
threshold=40.842370646634869 -0.048170924362604055 -0.011779449662485062 0.008259156823366311 -0.0026725611452455551 0.02611721104091325 0.0010278688378831948 1.0000000180025095e-35 63.5865000152588
decision_type=2 2 2 2 2 2 2 2 2
left_child=1 -1 -2 7 6 -6 -5 -4 -9
right_child=2 -3 3 4 5 -7 -8 8 -10
leaf_value=-0.0020337544016439126 -0.01606571655431711 -0.035978989483991676 0.034426927422361475 0.035530300927680405 -0.038637700613316256 -0.00071085772115580073 -0.0032725065152201596 -0.013387536419700048 0.025840043600777247
leaf_weight=9.5916000753641111 8.5811484456062299 6.1723604500293723 10.096552580595018 6.9333899915218336 7.1365603506565156 10.276388198137282 7.2323938459157944 8.3861250877380389 7.9759709239006034
leaf_count=30 26 24 30 20 21 30 21 25 23
internal_value=1.9551e-05 -0.015325 0.00365053 0.00656569 -0.00191166 -0.0162549 0.0157194 0.0166835 0.00573459
internal_weight=82.3825 15.764 66.6185 58.0374 31.5787 17.4129 14.1658 26.4586 16.3621
internal_count=250 54 196 170 92 51 41 78 48
is_linear=0
shrinkage=0.05


Tree=73
num_leaves=9
num_cat=0
split_feature=13 8 23 26 23 21 24 5
split_gain=1.70726 3.0462 1.66132 1.43359 1.01665 0.000473364 5.88947e-05 1.42301e-05
threshold=57.067711127759758 0.022858581872044741 0.0053002131135493355 0.020842713133192862 -0.011779449662485062 0.0026840217540907711 -0.0031152819580795295 0.018848809443115344
decision_type=2 2 2 2 2 2 2 2
left_child=1 2 4 -4 -1 -6 -2 -8
right_child=6 -3 3 -5 5 -7 7 -9
leaf_value=0.02813845975925601 -0.034595186193859769 0.066894525349461373 -0.0076682596513554246 0.059988376879288069 -0.03441653363592103 -0.035663469812015139 -0.034301814281226868 -0.034010070340982905
leaf_weight=0.77707146853208442 1.1318485904484989 1.8740971032530067 1.6966556925326588 1.4539282359182832 2.6234135720878835 1.072167173027992 0.71347336657345373 1.0091484505683181
leaf_count=17 26 23 28 14 70 16 20 36
internal_value=-0.00040774 0.00978325 -0.00425699 0.0235539 -0.0238472 -0.0347783 -0.034315 -0.0341309
internal_weight=12.3518 9.49733 7.62324 3.15058 4.47265 3.69558 2.85447 1.72262
internal_count=250 168 145 42 103 86 82 56
is_linear=0
shrinkage=0.05


Tree=74
num_leaves=7
num_cat=0
split_feature=0 19 19 29 19 2
split_gain=1.6533 1.51531 2.59229 1.91929 1.63255 2.05539
threshold=-0.01715404086135058 -0.048867405145294966 -0.018419264408128074 0.0083427208081533494 -0.0051572431413661737 0.054329580941907436
decision_type=2 2 2 2 2 2
left_child=-1 3 -3 -2 -4 -6
right_child=1 2 4 -5 5 -7
leaf_value=0.017083444771878415 -0.031323492112376221 0.023737614711674099 -0.023357651985324444 0.0038020543951967386 0.0079383065009863262 -0.018765983574796079
leaf_weight=12.155210867524145 9.1873592138290388 10.252566337585447 8.858498126268378 6.7434585094451895 26.199133217334754 9.9392895102500898
leaf_count=39 27 31 26 20 79 28
internal_value=4.11068e-05 -0.00286915 0.00104823 -0.016455 -0.00412156 0.000593723
internal_weight=83.3355 71.1803 55.2495 15.9308 44.9969 36.1384
internal_count=250 211 164 47 133 107
is_linear=0
shrinkage=0.05


Tree=75
num_leaves=8
num_cat=0
split_feature=13 3 20 15 2 26 31
split_gain=1.70889 1.54747 2.38381 2.05387 2.73574 1.23711 1.01838
threshold=39.78815856254743 -0.039881461104625364 -0.086567704814785415 0.025877277642526439 0.04122812163754664 0.027699433520321119 0.26799529653780385
decision_type=2 2 2 2 2 2 2
left_child=5 -2 -3 6 -5 -1 -4
right_child=1 2 3 4 -6 -7 -8
leaf_value=-0.030315198181825515 0.021513073855668051 -0.019432614271271506 0.034469534246583076 -0.01738545701973741 0.011936460914427101 -0.00022494424972084462 0.0075216987419391562
leaf_weight=7.225107476115225 9.9220934212207776 12.267211526632307 7.1856234669685346 14.79655100405216 17.203800469636917 6.4788387566804886 6.8463165462017059
leaf_count=28 30 36 21 45 50 20 20
internal_value=2.28441e-05 0.00325937 0.000152741 0.00537207 -0.00162162 -0.0160894 0.0213214
internal_weight=81.9255 68.2216 58.2995 46.0323 32.0004 13.7039 14.0319
internal_count=250 202 172 136 95 48 41
is_linear=0
shrinkage=0.05


Tree=76
num_leaves=9
num_cat=0
split_feature=4 33 23 14 9 21 16 21
split_gain=1.65602 2.05877 2.7513 1.99123 1.25583 0.000461181 9.47777e-05 1.87113e-05
threshold=0.024108197542607037 0.91500000000000015 0.0053002131135493355 0.27140979840211782 58.675249958038336 0.00096570780090388119 0.032428042535463102 -0.00050283341367729484
decision_type=2 2 2 2 2 2 2 2
left_child=1 2 4 -4 -1 -6 -2 -8
right_child=6 -3 3 -5 5 -7 7 -9
leaf_value=0.039080603652383562 -0.034868352884569513 0.065358107591139455 0.072568508096740383 -0.0051190866786095602 -0.034209069762153807 -0.035272366912255555 -0.034037696724976016 -0.034359657490074767
leaf_weight=0.67075794748961737 0.86152465827763203 1.4047858268022526 1.7019314859062435 1.6004653535783289 2.2930637132376432 1.8364963755011556 0.7300366219133142 1.1818042565137141
leaf_count=16 17 15 13 32 70 31 25 31
internal_value=-0.000437654 0.00947887 -0.000209043 0.0349182 -0.024375 -0.0346819 -0.0344329 -0.0342367
internal_weight=12.2809 9.5075 8.10271 3.3024 4.80032 4.12956 2.77337 1.91184
internal_count=250 177 162 45 117 101 73 56
is_linear=0
shrinkage=0.05


Tree=77
num_leaves=9
num_cat=0
split_feature=12 3 33 0 1 23 21 24
split_gain=1.50643 2.68965 2.26717 2.18528 2.18984 1.88188 1.81615 1.57745
threshold=-0.0367714194080574 -0.034046905912905927 0.99500000000000011 -0.014526509144979769 0.025376446867029005 -0.0038989786443754944 -0.00061647896028110816 -1.0000000180025095e-35
decision_type=2 2 2 2 2 2 2 2
left_child=1 5 3 -2 6 -1 -5 -6
right_child=2 -3 -4 4 7 -7 -8 -9
leaf_value=0.018708231020843524 -0.031673812172088138 0.040316411253901223 0.023519738135999932 0.020800299675171233 -1.965424908237558e-05 -0.016545924470661194 -0.0046365517864894864 -0.030255252078460644
leaf_weight=7.3167287856340417 7.844150483608245 5.8763794451951972 6.7242827117443076 11.368643432855608 7.605796247720721 7.8431268632411966 18.333373099565506 9.9665276706218702
leaf_count=22 24 20 21 34 22 24 54 29
internal_value=4.22698e-05 0.0116003 -0.00388926 -0.00723307 -0.00317766 0.000469085 0.00509957 -0.0171684
internal_weight=82.879 21.0362 61.8428 55.1185 47.2743 15.1599 29.702 17.5723
internal_count=250 66 184 163 139 46 88 51
is_linear=0
shrinkage=0.05


Tree=78
num_leaves=10
num_cat=0
split_feature=13 3 3 34 9 15 25 17 31
split_gain=1.589 1.64114 1.40014 1.80141 1.76737 2.04612 2.39136 1.74455 1.74412
threshold=40.842370646634869 -0.048170924362604055 -0.0079225391523003435 -0.58873335618808087 59.670250225067143 0.036564308656898574 -0.0020926799625824439 -0.0047346483871018395 0.43519985106531428
decision_type=2 2 2 2 2 2 2 2 2
left_child=1 -1 3 7 -4 6 -6 -2 -7
right_child=2 -3 4 -5 5 8 -8 -9 -10
leaf_value=-0.001526607431848884 0.02096406278320698 -0.035046688867090524 -0.024954627565805278 0.034326667814828009 -0.0090349019016812849 -0.0289670282676395 0.027961628664808322 -0.011940321157206953 0.0034235382411796906
leaf_weight=9.493914917111395 7.843699693679814 5.9337662607431403 6.9906080067157736 7.0761052370071402 7.0087878704071036 7.0676231682300594 11.591503918170931 8.2811348438262939 10.088390201330183
leaf_count=30 23 24 20 23 21 21 33 24 31
internal_value=2.65279e-05 -0.014419 0.00340589 0.013295 -0.00196142 0.00253392 0.0140209 0.00406556 -0.00992014
internal_weight=81.3755 15.4277 65.9479 23.2009 42.7469 35.7563 18.6003 16.1248 17.156
internal_count=250 54 196 70 126 106 54 47 52
is_linear=0
shrinkage=0.05


Tree=79
num_leaves=10
num_cat=0
split_feature=29 19 32 13 22 21 13 13 11
split_gain=1.63975 2.45527 2.9163 2.33638 0.000210048 0.000119472 0.000128209 2.79696e-05 6.00666e-06
threshold=0.0053127443568387065 -0.0051572431413661737 -0.23276836200620579 48.159068861124233 0.0071281247551754365 0.00090909552572626684 52.815125752110163 48.800677121019625 63.960700111389166
decision_type=2 2 2 2 2 2 2 2 2
left_child=1 3 -3 -1 7 8 -7 -2 -4
right_child=4 2 5 -5 -6 6 -8 -9 -10
leaf_value=0.064618671364782221 -0.034497916490348446 0.062329828767057095 -0.034015347237820591 -0.0085801867556691766 -0.0352771097936002 -0.034967290057084592 -0.034135498560055134 -0.034109038040480058 -0.034190290217692425
leaf_weight=2.7647264748811713 1.0645546577870857 0.97242340259253879 1.0115894898772242 1.7997582815587518 0.84715182334184636 1.2201215419918297 0.74682643637061108 0.81741449423134316 0.9528056364506482
leaf_count=25 26 11 36 35 15 22 24 27 29
internal_value=-0.000476614 0.0093658 -0.0151991 0.0357567 -0.0346233 -0.034376 -0.0346515 -0.034329 -0.0341002
internal_weight=12.1974 9.46825 4.90377 4.56448 2.72912 3.93134 1.96695 1.88197 1.9644
internal_count=250 182 122 60 68 111 46 53 65
is_linear=0
shrinkage=0.05


Tree=80
num_leaves=9
num_cat=0
split_feature=17 17 2 25 29 22 25 17
split_gain=1.52767 2.22421 2.61519 3.13966 2.44498 2.10268 2.02694 1.64066
threshold=-0.0150113672960121 -0.0075094123244592009 0.049045121093606044 1.0000000180025095e-35 0.00063911916876946428 0.0022136887449302205 -0.0019206377730711097 0.0053140886031543128
decision_type=2 2 2 2 2 2 2 2
left_child=5 -2 3 4 -3 -1 -4 -5
right_child=1 2 6 7 -6 -7 -8 -9
leaf_value=0.029630271584727259 -0.024274815076122017 0.0079877050330304841 0.0040373625362250176 0.035598610069626675 -0.031819089703448898 -0.0067944134853607802 -0.031698843241179053 0.0086391299033297623
leaf_weight=9.1398289948701876 10.628276914358137 8.63923531770706 6.9917979240417507 9.206196993589403 6.9692770689725867 6.9938806891441336 9.174613952636717 14.581868723034857
leaf_count=30 33 27 20 28 21 21 26 44
internal_value=4.43936e-05 -0.00331829 0.000690349 0.00763909 -0.00978622 0.0138404 -0.0162433 0.0190727
internal_weight=82.325 66.1913 55.563 39.3966 15.6085 16.1337 16.1664 23.7881
internal_count=250 199 166 120 48 51 46 72
is_linear=0
shrinkage=0.05


Tree=81
num_leaves=8
num_cat=0
split_feature=0 18 3 34 18 23 10
split_gain=1.47423 1.57955 3.70272 3.32856 3.81991 2.48197 1.59223
threshold=-0.01715404086135058 -0.66502570756642032 -0.042100890341903001 -0.60820297521808142 -1.0000000180025095e-35 0.00081516680707138811 -0.013702045998790402
decision_type=2 2 2 2 2 2 2
left_child=-1 5 -3 6 -5 -2 -4
right_child=1 2 3 4 -6 -7 -8
leaf_value=-0.016713800294489663 -0.030827354799670637 0.034689086362862019 -0.00078726605171376869 0.03383157941154883 -0.0031724294776206831 0.0085550905038031099 -0.036339613842410134
leaf_weight=11.316597193479536 7.9610119760036495 9.7747363448142988 5.5958251059055328 10.615316390991209 20.332824811339385 8.0420360863208753 7.2030716389417595
leaf_count=39 24 30 20 31 60 24 22
internal_value=2.2055e-05 0.00274616 0.00686717 0.000650701 0.00952007 -0.0110364 -0.0207957
internal_weight=80.8414 69.5248 53.5218 43.747 30.9481 16.003 12.7989
internal_count=250 211 163 133 91 48 42
is_linear=0
shrinkage=0.05


Tree=82
num_leaves=10
num_cat=0
split_feature=29 19 32 23 22 21 13 13 11
split_gain=1.57342 2.23689 3.01787 2.25015 0.000194546 0.000104803 0.000116414 2.66668e-05 4.73628e-06
threshold=0.0053127443568387065 -0.0051572431413661737 -0.24707352895324192 0.0042449080137474402 0.0071281247551754365 0.00090909552572626684 52.815125752110163 48.800677121019625 63.960700111389166
decision_type=2 2 2 2 2 2 2 2 2
left_child=1 3 -3 -1 7 8 -7 -2 -4
right_child=4 2 5 -5 -6 6 -8 -9 -10
leaf_value=-0.0087135269670842799 -0.034465737660394506 0.06589098163779343 -0.034002078006623082 0.062202118279339996 -0.035224351134188904 -0.034908175974088018 -0.034114926265888509 -0.034079259875773489 -0.034158853289717517
leaf_weight=1.8684596009552468 1.0325393732637178 0.93179251253604789 1.0152047015726569 2.7871591411530972 0.82510844245553006 1.1781322583556173 0.76144681684672821 0.78617461025714863 0.91680726036429394
leaf_count=37 26 9 37 23 15 22 25 27 29
internal_value=-0.00048746 0.00904363 -0.0148942 0.0337412 -0.0345876 -0.0343371 -0.0345968 -0.0342987 -0.0340765
internal_weight=12.1028 9.459 4.80338 4.65562 2.64382 3.87159 1.93958 1.81871 1.93201
internal_count=250 182 122 60 68 113 47 53 66
is_linear=0
shrinkage=0.05


Tree=83
num_leaves=7
num_cat=0
split_feature=17 17 22 19 29 22
split_gain=1.45685 2.0327 2.59086 3.03195 2.73586 1.94964
threshold=-0.0150113672960121 -0.0074146889380271074 -0.00703169292977912 0.048532599561474606 -8.1454106746259289e-05 0.0022136887449302205
decision_type=2 2 2 2 2 2
left_child=5 -2 -3 4 -4 -1
right_child=1 2 3 -5 -6 -7
leaf_value=0.028923963452155345 -0.02226967661711823 -0.020239193911807424 -0.020557389301830563 0.03233457995380136 0.0096601684939543186 -0.0062770145600591493
leaf_weight=9.026043698191641 11.566007018089293 11.508589908480642 11.214214816689482 8.9662334620952588 22.55880448222161 6.9719015955924979
leaf_count=30 36 33 34 27 69 21
internal_value=5.03189e-05 -0.00323928 0.000818128 0.00648833 -0.000373468 0.0135834
internal_weight=81.8118 65.8138 54.2478 42.7393 33.773 15.9979
internal_count=250 199 163 130 103 51
is_linear=0
shrinkage=0.05


Tree=84
num_leaves=10
num_cat=0
split_feature=13 26 26 9 2 4 21 23 26
split_gain=1.45127 1.38072 2.388 2.7728 2.32266 1.6632 1.705 1.41636 1.20552
threshold=39.78815856254743 0.0059314848699386644 0.02611721104091325 59.670250225067143 0.01534543052844395 0.021363819528223933 0.001025673809258443 0.00047408904169343741 0.027699433520321119
decision_type=2 2 2 2 2 2 2 2 2
left_child=8 5 4 -4 -3 6 -2 -7 -1
right_child=1 2 3 -5 -6 7 -8 -9 -10
leaf_value=-0.029396528929866484 0.037580500002865419 -0.0023469567812095587 -0.017266819831324633 0.021934093204992549 -0.040059614149300204 -0.019038057807309904 0.0052296079654639048 0.013134373459628566 0.00072044493313177214
leaf_weight=6.9755163341760618 8.3412717580795341 10.41509746015072 6.9076008796691921 13.001194715499876 6.71503922343254 6.3944190740585309 7.9588825404644004 7.35670205950737 6.3451191484928131
leaf_count=28 26 32 20 39 20 20 23 22 20
internal_value=2.42025e-05 0.00301729 -0.00344363 0.00833286 -0.0171304 0.0109805 0.0217845 -0.00182615 -0.0150507
internal_weight=80.4108 67.0902 37.0389 19.9088 17.1301 30.0513 16.3002 13.7511 13.3206
internal_count=250 202 111 59 52 91 49 42 48
is_linear=0
shrinkage=0.05


Tree=85
num_leaves=10
num_cat=0
split_feature=4 29 19 15 17 16 21 17 16
split_gain=1.55189 1.72006 2.26222 3.70786 1.46111 0.000125227 0.000119588 0.00011167 1.87972e-05
threshold=0.024108197542607037 0.0053127443568387065 -0.0051572431413661737 0.036058900600807929 -1.0000000180025095e-35 0.032428042535463102 0.00345933293059475 0.002745846640772156 0.052633563649924789
decision_type=2 2 2 2 2 2 2 2 2
left_child=1 2 4 6 -1 -2 -4 -3 -7
right_child=5 7 3 -5 -6 8 -8 -9 -10
leaf_value=0.013963031969587633 -0.034918128902844549 -0.034329565821819466 -0.034162992604801691 0.091054877293937589 0.075084264106483806 -0.0343522334895855 -0.034885850984825162 -0.035115777137885461 -0.034026515432588521
leaf_weight=1.8709459044039252 0.85085090808570507 0.95078742131590821 2.1126659261062741 0.73984169773757447 2.0481742992997161 0.840042535215616 0.78467838838696469 0.8603208027780056 0.93702848441898823
leaf_count=26 17 26 69 7 16 22 16 17 34
internal_value=-0.000464802 0.00906075 0.0195501 -0.00884832 0.0459056 -0.0344193 -0.0343588 -0.034703 -0.0341805
internal_weight=11.9953 9.36741 7.55631 3.63719 3.91912 2.62792 2.89734 1.81111 1.77707
internal_count=250 177 134 92 42 73 85 43 56
is_linear=0
shrinkage=0.05


Tree=86
num_leaves=9
num_cat=0
split_feature=16 6 20 11 25 7 31 15
split_gain=1.42172 1.74813 3.15888 2.50363 2.07778 1.8313 1.78871 0.99865
threshold=0.018119918950388874 0.7854778147170719 -0.022088928274260785 62.789599914550784 -0.0020926799625824439 63.535499954223638 0.29161976259053596 0.030568339832177566
decision_type=2 2 2 2 2 2 2 2
left_child=-1 -2 5 4 -4 7 -5 -3
right_child=1 2 3 6 -6 -7 -8 -9
leaf_value=-0.018387492014239674 -0.015786239566262916 0.018487260827998394 0.029952130020116558 -0.037332801404527209 -0.0057825828372993875 0.0026720451949967024 -0.0040788340658496113 0.043503923283188514
leaf_weight=9.2696550488471967 11.151164874434469 9.6186269968748146 6.9206257462501517 7.1370054185390499 9.8679942190647143 11.238112047314642 9.3305268436670286 6.8163105994462958
leaf_count=30 35 31 21 22 29 33 28 21
internal_value=4.46135e-05 0.00241501 0.00574618 -0.00463905 0.00894802 0.0182267 -0.0184911 0.0288628
internal_weight=81.35 72.0804 60.9292 33.2562 16.7886 27.673 16.4675 16.4349
internal_count=250 220 185 100 50 85 50 52
is_linear=0
shrinkage=0.05


Tree=87
num_leaves=9
num_cat=0
split_feature=2 2 4 13 17 17 2 1
split_gain=1.38874 2.88746 2.46868 2.02679 2.39394 2.40465 1.59304 1.14846
threshold=0.049045121093606044 0.124560321631094 0.023270562746623803 40.842370646634869 -0.0074146889380271074 0.0053140886031543128 -0.0092465694002823434 -0.027538973449199085
decision_type=2 2 2 2 2 2 2 2
left_child=2 -2 3 7 -5 -6 -4 -1
right_child=1 -3 6 4 5 -7 -8 -9
leaf_value=-0.0015910239271685141 0.026523043896672656 -0.012766021936439473 -0.004352749714675949 0.02508366315459111 -0.022020108120773051 0.010837060625449868 -0.039121180903820441 -0.033862137372941012
leaf_weight=5.7368991822004318 12.238545268774034 7.5682932436466208 6.1996896713972092 12.474897176027293 9.1591540277004295 14.203767478466032 7.0307430922985059 5.3076057881116849
leaf_count=19 36 22 20 38 28 42 23 22
internal_value=2.81912e-05 0.0115105 -0.00375517 0.00162755 0.00739882 -0.0020442 -0.0228289 -0.0170994
internal_weight=79.9196 19.8068 60.1128 46.8823 35.8378 23.3629 13.2304 11.0445
internal_count=250 58 192 149 108 70 43 41
is_linear=0
shrinkage=0.05


Tree=88
num_leaves=10
num_cat=0
split_feature=13 8 21 22 23 24 16 30 26
split_gain=1.49446 2.34817 1.40761 1.38795 1.44284 5.7818e-05 4.03029e-05 1.09828e-05 8.47173e-06
threshold=57.067711127759758 0.022858581872044741 0.00040025342888527776 -0.005303444800590972 0.0077039173898337818 -0.0019325138288022734 0.023359307942314032 -0.0041316099889173166 0.026841080934217557
decision_type=2 2 2 2 2 2 2 2 2
left_child=1 2 6 -4 -5 -2 -1 -7 -8
right_child=5 -3 3 4 -6 7 8 -9 -10
leaf_value=-0.034465584326096005 -0.034519586307281788 0.056771827501473582 0.049356909398684347 -0.035297917904359349 0.034004317501097489 -0.033895700181701655 -0.033963786455759405 -0.034171479139738316 -0.034203798825188106
leaf_weight=1.0344404010102137 1.1217281557619574 2.0034666620194912 1.6193176005035637 1.8830103501677515 1.249342545866966 0.68317790981382132 0.90549770276993491 0.76558595150709219 0.61898492649197578
leaf_count=27 28 23 14 33 16 29 36 25 19
internal_value=-0.000499495 0.00881499 -0.00432758 0.011773 -0.00765664 -0.0342501 -0.0342247 -0.0340414 -0.0340612
internal_weight=11.8846 9.31406 7.31059 4.75167 3.13235 2.57049 2.55892 1.44876 1.52448
internal_count=250 168 145 63 49 82 82 54 55
is_linear=0
shrinkage=0.05


Tree=89
num_leaves=9
num_cat=0
split_feature=16 6 20 11 25 7 31 15
split_gain=1.34305 1.58597 2.9574 2.34497 1.94777 1.72386 1.65915 0.945821
threshold=0.018119918950388874 0.7854778147170719 -0.022088928274260785 62.789599914550784 -0.0020926799625824439 63.535499954223638 0.29161976259053596 0.030568339832177566
decision_type=2 2 2 2 2 2 2 2
left_child=-1 -2 5 4 -4 7 -5 -3
right_child=1 2 3 6 -6 -7 -8 -9
leaf_value=-0.017944805908514588 -0.015033430311088178 0.017924786953175384 0.029100100599690006 -0.036241292268547491 -0.0056106794946708264 0.0025675809420850956 -0.0041118869071378383 0.042395182006030423
leaf_weight=9.1944585591554624 11.086097776889799 9.5501657575368935 6.8593248426914206 7.069198057055476 9.838381230831148 11.213876470923422 9.3097179085016233 6.732633262872695
leaf_count=30 35 31 21 22 29 33 28 21
internal_value=4.55543e-05 0.00235386 0.00553607 -0.00453705 0.00864832 0.0176533 -0.0179791 0.0280428
internal_weight=80.8539 71.6594 60.5733 33.0766 16.6977 27.4967 16.3789 16.2828
internal_count=250 220 185 100 50 85 50 52
is_linear=0
shrinkage=0.05


Tree=90
num_leaves=7
num_cat=0
split_feature=2 2 16 11 14 32
split_gain=1.31344 2.70961 2.38123 2.02482 2.239 1.86071
threshold=0.049045121093606044 0.124560321631094 0.042556911579239673 59.434099960327153 0.60564762654289084 -0.072332413730192516
decision_type=2 2 2 2 2 2
left_child=2 -2 3 -1 5 -5
right_child=1 -3 -4 4 -6 -7
leaf_value=-0.024264000540711657 0.025795693426355615 -0.012340075113554224 -0.03040877795270824 0.022326731770315522 0.025326903664505768 -0.0072515150638201662
leaf_weight=7.3525875806808463 12.185582354664804 7.539825201034545 7.3039414584636679 6.5185744911432222 9.6912209689617139 28.84783856570721
leaf_count=24 36 22 26 20 29 93
internal_value=3.25148e-05 0.0112187 -0.00366262 6.47461e-05 0.00403476 -0.00179979
internal_weight=79.4396 19.7254 59.7142 52.4102 45.0576 35.3664
internal_count=250 58 192 166 142 113
is_linear=0
shrinkage=0.05


Tree=91
num_leaves=10
num_cat=0
split_feature=4 29 8 8 23 19 16 17 16
split_gain=1.46054 1.58848 2.04812 1.9975 1.58345 0.000210913 0.000115737 0.000106536 1.7987e-05
threshold=0.024108197542607037 0.0053127443568387065 0.022858581872044741 -0.0066703889199838671 0.0053002131135493355 0.0012819304549801516 0.032428042535463102 0.002745846640772156 0.052633563649924789
decision_type=2 2 2 2 2 2 2 2 2
left_child=1 2 3 4 -1 -5 -2 -3 -8
right_child=6 7 -4 5 -6 -7 8 -9 -10
leaf_value=-0.007635146840252763 -0.034868048976552893 -0.034280516937246056 0.064454061840603691 -0.035094124711782679 0.058716611727500756 -0.034093841617578578 -0.034314742619007986 -0.035067267818675328 -0.033987573292681914
leaf_weight=1.7486866023391474 0.81899250857532147 0.89753007888793923 1.8375734277069566 1.1615928057581184 1.8508692644536493 0.96459542959928501 0.8022333178669212 0.8265570355579257 0.88194030709564686
leaf_count=41 17 26 22 23 15 33 22 17 34
internal_value=-0.000483478 0.00865254 0.0185253 0.00378526 0.0264825 -0.0346403 -0.0343805 -0.0346577 -0.0341434
internal_weight=11.7906 9.2874 7.56332 5.72574 3.59956 2.12619 2.50317 1.72409 1.68417
internal_count=250 177 134 112 56 56 73 43 56
is_linear=0
shrinkage=0.05


Tree=92
num_leaves=9
num_cat=0
split_feature=16 6 20 11 32 7 31 1
split_gain=1.27161 1.48529 2.73725 2.20513 1.86764 1.63753 1.53451 0.901868
threshold=0.018119918950388874 0.7854778147170719 -0.022088928274260785 62.789599914550784 -0.041844902035135724 63.535499954223638 0.29161976259053596 0.02475859039672779
decision_type=2 2 2 2 2 2 2 2
left_child=-1 -2 5 4 -4 7 -5 -3
right_child=1 2 3 6 -6 -7 -8 -9
leaf_value=-0.017537653295218079 -0.01458582382292972 0.037072167439735806 -0.0053248258255822918 -0.035110829338200991 0.028851620229233561 0.0023643035382316835 -0.0040931503182627697 0.013032376724052034
leaf_weight=9.1220843195915204 11.021039292216299 9.5546994358301216 9.8983438313007337 6.9925376921892193 6.705377638339999 11.182497382164 9.2782307863235456 6.5938197970390311
leaf_count=30 35 32 30 22 20 33 28 20
internal_value=3.88003e-05 0.00228984 0.00537905 -0.00434188 0.00847726 0.0170716 -0.0174233 0.0272562
internal_weight=80.3486 71.2265 60.2055 32.8745 16.6037 27.331 16.2708 16.1485
internal_count=250 220 185 100 50 85 50 52
is_linear=0
shrinkage=0.05


Tree=93
num_leaves=10
num_cat=0
split_feature=13 26 26 9 2 23 15 11 26
split_gain=1.25365 1.37204 2.19388 2.36952 2.08584 1.59174 2.26997 1.41755 1.13527
threshold=39.78815856254743 0.0059314848699386644 0.02611721104091325 59.670250225067143 0.01534543052844395 1.0000000180025095e-35 0.031482911212184661 63.379700164794933 0.027699433520321119
decision_type=2 2 2 2 2 2 2 2 2
left_child=8 5 4 -4 -3 6 -2 -7 -1
right_child=1 2 3 -5 -6 7 -8 -9 -10
leaf_value=-0.028427636102919224 0.019154938685404622 -0.0027877353063174605 -0.016078034717191585 0.020461482761738523 -0.038788181073981964 0.0032297007984850357 -0.022097781839382314 0.033343474311144421 0.0012064195480657083
leaf_weight=6.7254442125558835 6.507842883467676 10.290363997220995 6.8076603114604977 12.740219607949255 6.6067555397748938 6.5098057538270977 6.8391404151916504 9.7776135206222516 6.2217660844326019
leaf_count=28 20 32 20 39 20 20 22 29 20
internal_value=4.00947e-05 0.00282767 -0.00366911 0.00773639 -0.0168639 0.0108176 -0.00198341 0.0213075 -0.014187
internal_weight=79.0266 66.0794 36.445 19.5479 16.8971 29.6344 13.347 16.2874 12.9472
internal_count=250 202 111 59 52 91 42 49 48
is_linear=0
shrinkage=0.05


Tree=94
num_leaves=9
num_cat=0
split_feature=4 29 29 33 19 16 17 16
split_gain=1.4002 1.49903 2.25796 2.99277 1.82557 0.000103471 9.85354e-05 1.67377e-05
threshold=0.024108197542607037 0.0053127443568387065 0.0044184144934866785 0.91500000000000015 -0.010105145627009536 0.032428042535463102 0.002745846640772156 0.052633563649924789
decision_type=2 2 2 2 2 2 2 2
left_child=1 2 3 4 -1 -2 -3 -7
right_child=5 6 -4 -5 -6 7 -8 -9
leaf_value=0.025260427205720956 -0.034814917219208867 -0.034251126116179219 0.082453058725192346 0.078326668223961407 -0.034484711472901351 -0.034286318101124362 -0.035021160402802856 -0.033965414545054771
leaf_weight=2.1781044676899892 0.79275230225175741 0.86565235070884206 1.14573473110795 1.178311690688133 3.096035405062139 0.77661409787833668 0.7988069262355566 0.85224709939211607
leaf_count=29 17 26 7 8 90 22 17 34
internal_value=-0.00049485 0.00835526 0.0177696 0.006284 -0.00981128 -0.0343464 -0.0346207 -0.0341184
internal_weight=11.6843 9.26265 7.59819 6.45245 5.27414 2.42161 1.66446 1.62886
internal_count=250 177 134 127 119 73 43 56
is_linear=0
shrinkage=0.05


Tree=95
num_leaves=7
num_cat=0
split_feature=17 22 17 22 19 25
split_gain=1.19077 1.72028 1.60596 2.28394 2.85461 2.44174
threshold=-0.0150113672960121 0.0022136887449302205 -0.0075094123244592009 -0.00703169292977912 0.048532599561474606 0.0005742204483144554
decision_type=2 2 2 2 2 2
left_child=1 -1 -2 -4 5 -5
right_child=2 -3 3 4 -6 -7
leaf_value=0.027321114242509464 -0.021172593030136484 -0.0062970719483904708 -0.019528370508290319 -0.015446340704656746 0.031189689923649972 0.011386459034557731
leaf_weight=8.6345947086811048 10.185405656695364 6.8038103282451621 11.308518677949904 15.529139295220373 8.7621329724788648 18.672996580600739
leaf_count=30 33 21 33 48 27 58
internal_value=3.271e-05 0.0125054 -0.00295462 0.000464362 0.0057266 -0.000796707
internal_weight=79.8966 15.4384 64.4582 54.2728 42.9643 34.2021
internal_count=250 51 199 166 133 106
is_linear=0
shrinkage=0.05


Tree=96
num_leaves=7
num_cat=0
split_feature=2 2 16 11 14 32
split_gain=1.25602 2.44612 2.21658 1.82109 2.10769 1.7456
threshold=0.049045121093606044 0.124560321631094 0.042556911579239673 59.434099960327153 0.60564762654289084 -0.072332413730192516
decision_type=2 2 2 2 2 2
left_child=2 -2 3 -1 5 -5
right_child=1 -3 -4 4 -6 -7
leaf_value=-0.023236299712942932 0.024946125044140049 -0.011469046078389987 -0.029741286484825442 0.021525475264924293 0.024583221319934012 -0.0072133246004702613
leaf_weight=7.2549971342086783 12.069832906126978 7.4631057083606711 7.1269213259220114 6.4821801632642702 9.5612106621265394 28.58136331290007
leaf_count=24 36 22 26 20 29 93
internal_value=4.28889e-05 0.0110327 -0.00359506 -3.24929e-06 0.00377393 -0.0019004
internal_weight=78.5396 19.5329 59.0067 51.8798 44.6248 35.0635
internal_count=250 58 192 166 142 113
is_linear=0
shrinkage=0.05


Tree=97
num_leaves=10
num_cat=0
split_feature=13 8 8 21 21 16 32 19 19
split_gain=1.36708 1.94751 1.29758 1.6514 0.000282399 5.43595e-05 5.031e-05 2.11906e-05 1.06151e-05
threshold=57.067711127759758 0.022858581872044741 -0.0066703889199838671 0.00040025342888527776 0.0018276261205159019 0.023410521951111509 -0.19408308523841908 0.0072025035381595446 -0.0066954261023005604
decision_type=2 2 2 2 2 2 2 2 2
left_child=1 2 3 5 7 -1 -2 -4 -8
right_child=6 -3 4 -5 -6 -7 8 -9 -10
leaf_value=-0.034591414308452834 -0.034536851787531866 0.050777584296850919 -0.034372894312187131 0.030119204978117511 -0.035308466133392655 -0.033968623353122583 -0.034169368076086053 -0.033953308303568588 -0.033916264767748873
leaf_weight=0.6220332346856583 0.73100196197629008 2.0825163405388594 0.75760789960622721 3.3199206963181496 1.0808954425156114 0.80226520076394081 0.80403315834701072 0.49918416701257229 0.85452301241457518
leaf_count=16 18 23 20 36 19 34 27 20 37
internal_value=-0.000509544 0.00827273 -0.00422632 0.0107972 -0.0347159 -0.0342406 -0.0341913 -0.0342062 -0.034039
internal_weight=11.554 9.16442 7.08191 4.74422 2.33769 1.4243 2.38956 1.25679 1.65856
internal_count=250 168 145 86 59 50 82 40 64
is_linear=0
shrinkage=0.05


Tree=98
num_leaves=7
num_cat=0
split_feature=16 6 30 12 7 0
split_gain=1.15504 1.35599 2.69341 1.65992 2.24892 1.46921
threshold=0.018119918950388874 0.7854778147170719 0.011058302106996433 0.19410906523534832 63.825499725341807 1.0000000180025095e-35
decision_type=2 2 2 2 2 2
left_child=-1 -2 3 4 -3 -4
right_child=1 2 5 -5 -6 -7
leaf_value=-0.016834885515370615 -0.014041764275441501 0.0016390618467717151 0.039520375289216467 0.020366256785314559 -0.026732834848114659 0.010382794325921497
leaf_weight=8.9997402280569059 10.880431890487669 23.954213291406631 6.7249185293912914 6.8448775112628928 9.8593051284551603 12.129464581608771
leaf_count=30 35 75 23 21 30 36
internal_value=3.17255e-05 0.00218811 0.00515534 -0.00208813 -0.00663358 0.0207755
internal_weight=79.393 70.3932 59.5128 40.6584 33.8135 18.8544
internal_count=250 220 185 126 105 59
is_linear=0
shrinkage=0.05


Tree=99
num_leaves=7
num_cat=0
split_feature=2 2 16 11 14 32
split_gain=1.19761 2.27424 2.09189 1.69999 1.96236 1.63726
threshold=0.049045121093606044 0.124560321631094 0.042556911579239673 59.434099960327153 0.60564762654289084 -0.072332413730192516
decision_type=2 2 2 2 2 2
left_child=2 -2 3 -1 5 -5
right_child=1 -3 -4 4 -6 -7
leaf_value=-0.0225491109761938 0.024226115934671118 -0.010964861761593333 -0.029125783522266847 0.020868021996601843 0.02378614016943946 -0.0070121644484790711
leaf_weight=7.2129251211881629 12.032815560698511 7.4234411418437949 7.0196548104286185 6.4607353061437562 9.4880158156156522 28.471264407038692
leaf_count=24 36 22 26 20 29 93
internal_value=4.96005e-05 0.0107992 -0.00351625 -3.45554e-05 0.00362136 -0.00185567
internal_weight=78.1089 19.4563 58.6526 51.6329 44.42 34.932
internal_count=250 58 192 166 142 113
is_linear=0
shrinkage=0.05


Tree=100
num_leaves=9
num_cat=0
split_feature=4 29 29 33 19 17 16 16
split_gain=1.31208 1.40123 1.94768 2.58543 1.70156 9.139e-05 8.99446e-05 1.76742e-05
threshold=0.024108197542607037 0.0053127443568387065 0.0044184144934866785 0.91500000000000015 -0.010105145627009536 0.002745846640772156 0.032428042535463102 0.052633563649924789
decision_type=2 2 2 2 2 2 2 2
left_child=1 2 3 4 -1 -3 -2 -8
right_child=6 5 -4 -5 -6 -7 7 -9
leaf_value=0.02363098007914409 -0.034753783024133837 -0.034219747682631585 0.075570143082043975 0.071261792837620394 -0.034448319518315292 -0.034976158367237359 -0.034263610688964267 -0.033924620409758348
leaf_weight=2.20583110116422 0.7594440318644059 0.82911436166614272 1.192608432844281 1.2243257910013197 2.9444274744018912 0.77033403236418962 0.74580888450145699 0.79370946157723665
leaf_count=29 17 26 7 8 90 17 22 34
internal_value=-0.000533836 0.00793674 0.0169242 0.00595223 -0.00957323 -0.0345841 -0.0343085 -0.0340888
internal_weight=11.4656 9.16664 7.56719 6.37458 5.15026 1.59945 2.29896 1.53952
internal_count=250 177 134 127 119 43 73 56
is_linear=0
shrinkage=0.05


Tree=101
num_leaves=8
num_cat=0
split_feature=25 26 26 13 20 32 32
split_gain=1.07735 1.47177 3.36927 2.13948 2.04697 1.2261 1.14608
threshold=0.021009147766579476 0.031230376109483541 0.014575206597835068 44.325072162890514 0.070564998542820626 0.063699971917969278 0.086718860163945297
decision_type=2 2 2 2 2 2 2
left_child=1 2 3 -1 -5 -3 -4
right_child=-2 5 6 4 -6 -7 -8
leaf_value=0.015516312447867376 0.017172735788603764 -0.00011870375341780103 0.0064279456815246536 -0.021036583631944022 0.0075655049435363097 -0.028286118992866732 0.03297782727102809
leaf_weight=8.7945797145366651 8.2102173119783384 7.0634166449308387 7.4676423370838192 21.042117223143581 8.9016941934823972 8.5278539508581144 8.9199442565441114
leaf_count=30 26 22 24 66 27 26 29
internal_value=2.84632e-05 -0.00196197 0.00187413 -0.00616569 -0.0125338 -0.0155252 0.0208793
internal_weight=78.9275 70.7172 55.126 38.7384 29.9438 15.5913 16.3876
internal_count=250 224 176 123 93 48 53
is_linear=0
shrinkage=0.05


Tree=102
num_leaves=10
num_cat=0
split_feature=26 30 26 13 23 22 26 21 30
split_gain=1.11491 2.39437 2.16527 2.10932 1.60777 2.20304 1.99128 1.55281 1.05907
threshold=0.0032318553269292676 0.011670916512362186 0.02611721104091325 53.499073643165815 -1.0000000180025095e-35 0.0036388216961005253 -0.016868635283571628 -0.0026336282391610784 0.017605931196604366
decision_type=2 2 2 2 2 2 2 2 2
left_child=4 2 3 -2 6 -6 -1 -4 -3
right_child=1 8 7 -5 5 -7 -8 -9 -10
leaf_value=-0.025183357976359257 0.0091996420016483178 -0.036702980810313479 -0.0047891662760969058 -0.028754214974940198 0.039148270713444747 0.0021316750217943272 0.012849047116086235 0.024429515675078173 -0.008513820742219208
leaf_weight=6.483506977558136 6.5352714806795111 6.7069855481386167 7.3319630771875373 8.3227766603231412 7.0908760428428677 9.2796522080898267 7.3355515599250811 11.971663907170297 6.6214007288217545
leaf_count=22 24 22 23 26 21 30 24 37 21
internal_value=5.11143e-05 -0.00472487 0.0022878 -0.0120603 0.00756404 0.0181654 -0.00499467 0.0133316 -0.0226989
internal_weight=77.6796 47.4901 34.1617 14.858 30.1896 16.3705 13.8191 19.3036 13.3284
internal_count=250 153 110 50 97 51 46 60 43
is_linear=0
shrinkage=0.05


Tree=103
num_leaves=10
num_cat=0
split_feature=13 8 8 21 18 16 24 21 5
split_gain=1.2707 1.74774 1.21583 1.47242 0.000254954 5.26711e-05 4.2207e-05 3.45236e-05 5.59163e-06
threshold=57.067711127759758 0.022858581872044741 -0.0066703889199838671 0.00040025342888527776 -0.89228002599946665 0.023359307942314032 0.00047758897183736165 0.00070309462270634626 0.020693402000645227
decision_type=2 2 2 2 2 2 2 2 2
left_child=1 2 3 5 -4 -1 -2 -6 -8
right_child=6 -3 4 -5 7 -7 8 -9 -10
leaf_value=-0.034584672552663114 -0.034350077260209978 0.047474095618039426 -0.035342227443152199 0.027736015503468842 -0.034030344747163488 -0.033944287798567417 -0.034036469837142078 -0.034538661029546051 -0.033806788443872769
leaf_weight=0.53204331640154012 1.1885607400909077 2.1276959218084812 0.87182744592428241 3.3689705934375525 0.78136156685650238 0.80983663070946932 0.50669858790934064 0.58346169255673885 0.55549682304263115
leaf_count=14 35 23 15 36 29 36 19 15 28
internal_value=-0.00051606 0.00782441 -0.00431844 0.0100941 -0.0346743 -0.0341982 -0.0341454 -0.0342476 -0.0339164
internal_weight=11.326 9.0752 6.9475 4.71085 2.23665 1.34188 2.25076 1.36482 1.0622
internal_count=250 168 145 86 59 50 82 44 47
is_linear=0
shrinkage=0.05


Tree=104
num_leaves=7
num_cat=0
split_feature=16 6 30 12 7 0
split_gain=1.03886 1.25805 2.62821 1.48589 2.05253 1.38833
threshold=0.018119918950388874 0.7854778147170719 0.011058302106996433 0.19410906523534832 63.825499725341807 1.0000000180025095e-35
decision_type=2 2 2 2 2 2
left_child=-1 -2 3 4 -3 -4
right_child=1 2 5 -5 -6 -7
leaf_value=-0.01609631872396651 -0.013635133194103439 0.0013918895611746982 0.038997390431697476 0.019207805239454402 -0.025853378938444985 0.010410240154929744
leaf_weight=8.8650707155466062 10.768136873841284 23.742335811257362 6.5620038360357311 6.7285981923341742 9.7520348876714689 12.038919419050215
leaf_count=30 35 75 23 21 30 36
internal_value=2.389e-05 0.00207738 0.00495367 -0.00223342 -0.00654069 0.0204952
internal_weight=78.4571 69.592 58.8239 40.223 33.4944 18.6009
internal_count=250 220 185 126 105 59
is_linear=0
shrinkage=0.05


Tree=105
num_leaves=9
num_cat=0
split_feature=2 2 4 13 17 17 2 1
split_gain=1.10057 2.02732 1.98675 1.64641 2.07626 2.37816 1.43474 1.22517
threshold=0.049045121093606044 0.124560321631094 0.023270562746623803 40.842370646634869 -0.0074146889380271074 0.0053140886031543128 -0.0092465694002823434 -0.02989430534989523
decision_type=2 2 2 2 2 2 2 2
left_child=2 -2 3 7 -5 -6 -4 -1
right_child=1 -3 6 4 5 -7 -8 -9
leaf_value=0.0010501680959754335 0.023113200104864236 -0.01025795217098719 -0.0032028871469171622 0.023541920576689634 -0.022113514609376744 0.010898491965291494 -0.037030180952931945 -0.033043857460818324
leaf_weight=5.3219605684280396 11.945342630147936 7.3523703515529624 5.9655948877334595 12.019137755036349 9.0135492086410576 13.820550411939619 6.6052495688199979 5.2190292179584485
leaf_count=18 36 22 20 38 28 42 23 23
internal_value=5.64529e-05 0.0103989 -0.00338675 0.0014845 0.0067212 -0.00213269 -0.0209772 -0.0158304
internal_weight=77.2628 19.2977 57.9651 45.3942 34.8532 22.8341 12.5708 10.541
internal_count=250 58 192 149 108 70 43 41
is_linear=0
shrinkage=0.05


Tree=106
num_leaves=9
num_cat=0
split_feature=4 29 29 33 19 17 16 16
split_gain=1.22821 1.30077 1.62999 2.26082 1.58911 8.13766e-05 7.49368e-05 1.76673e-05
threshold=0.024108197542607037 0.0053127443568387065 0.0044184144934866785 0.91500000000000015 -0.010105145627009536 0.002745846640772156 0.032428042535463102 0.052633563649924789
decision_type=2 2 2 2 2 2 2 2
left_child=1 2 3 4 -1 -3 -2 -8
right_child=6 5 -4 -5 -6 -7 7 -9
leaf_value=0.022232157470248246 -0.034686438492287634 -0.034188781191324069 0.068433518957366268 0.06557159218126174 -0.034405490992510744 -0.034918696498198461 -0.034241660967289325 -0.033893917861249893
leaf_weight=2.2223693225532752 0.72343865130096796 0.79031055420637109 1.239967370405793 1.2603976204991338 2.797343160957098 0.73882824461907148 0.71587857604026772 0.74574221856892109
leaf_count=29 17 26 7 8 90 17 22 34
internal_value=-0.000626251 0.00749756 0.0160458 0.00570219 -0.00933039 -0.0345415 -0.0342702 -0.0340642
internal_weight=11.2343 9.04922 7.52008 6.28011 5.01971 1.52914 2.18506 1.46162
internal_count=250 177 134 127 119 43 73 56
is_linear=0
shrinkage=0.05


Tree=107
num_leaves=9
num_cat=0
split_feature=12 3 15 4 23 16 30 22
split_gain=0.988968 2.36545 1.70614 1.92153 1.68128 1.37717 1.62753 1.4119
threshold=-0.0367714194080574 -0.034046905912905927 0.025790610387866012 0.01511797157442381 -0.0038989786443754944 0.019984316803336791 0.0092889424595810084 -0.0024115571994817171
decision_type=2 2 2 2 2 2 2 2
left_child=1 4 3 -2 -1 -4 7 -7
right_child=2 -3 5 -5 -6 6 -8 -9
leaf_value=0.016674381764343788 0.001191724697598643 0.038060625519564246 -0.018585056020571891 -0.032774762057126719 -0.017756077823196954 -0.021150684702743328 0.021731179912926567 0.0061945604104559349
leaf_weight=6.9377885162830362 7.8934186398983028 5.3620876818895331 6.7034551352262488 8.8121762871742231 7.2516687065362939 6.5012916028499594 11.339536428451536 17.232340127229694
leaf_count=22 25 20 21 28 24 20 35 55
internal_value=3.42643e-05 0.00976938 -0.00322034 -0.0167255 -0.00092166 0.0021801 0.0061489 -0.00129605
internal_weight=78.0338 19.5515 58.4822 16.7056 14.1895 41.7766 35.0732 23.7336
internal_count=250 66 184 53 46 131 110 75
is_linear=0
shrinkage=0.05


Tree=108
num_leaves=10
num_cat=0
split_feature=26 26 2 30 2 21 30 10 21
split_gain=1.08478 2.37807 1.83972 1.79869 1.4747 1.45956 2.14738 1.51335 1.42885
threshold=0.0059314848699386644 0.02611721104091325 0.020559094742495513 0.011670916512362186 -0.014853180958269705 0.0032469187252929248 -0.0041316099889173166 -0.011531580057184264 -0.0026336282391610784
decision_type=2 2 2 2 2 2 2 2 2
left_child=5 2 4 8 -2 6 -1 -8 -3
right_child=1 3 -4 -5 -6 -7 7 -9 -10
leaf_value=-0.020322380884322984 -0.024178705848390519 -0.0049748670463987572 -0.040600817270326023 -0.018035492455273184 0.010699471922767044 0.025598581277617299 -0.0072900727312555126 0.023416589242313032 0.023195778498448057
leaf_weight=8.0078702867031115 6.2786531969904908 7.251628234982495 6.3254216164350501 6.4430569410324088 5.8584856539964685 7.9490385651588431 6.6773587465286282 10.054093539714811 11.867996260523796
leaf_count=27 24 23 20 21 19 25 22 32 37
internal_value=5.94783e-05 -0.00506383 -0.0187376 0.00481201 -0.00734333 0.00695964 0.000970728 0.0111619 0.0125113
internal_weight=76.7136 44.0252 18.4626 25.5627 12.1371 32.6884 24.7393 16.7315 19.1196
internal_count=250 144 63 81 43 106 81 54 60
is_linear=0
shrinkage=0.05


Tree=109
num_leaves=9
num_cat=0
split_feature=13 8 8 21 21 16 24 5
split_gain=1.18517 1.54624 1.14101 1.31072 0.000215115 4.50141e-05 4.11675e-05 4.62425e-06
threshold=57.067711127759758 0.022858581872044741 -0.0066703889199838671 0.00040025342888527776 0.00040767674802122405 0.023359307942314032 0.00047758897183736165 0.020693402000645227
decision_type=2 2 2 2 2 2 2 2
left_child=1 2 3 5 -4 -1 -2 -8
right_child=6 -3 4 -5 -6 -7 7 -9
leaf_value=-0.034517195300060512 -0.034321168252537185 0.044085545250804464 -0.034033108160888274 0.025644343794484395 -0.035052918587621905 -0.033905808502833194 -0.033993817086805038 -0.033777871682504595
leaf_weight=0.50103310681879409 1.1389915226027381 2.1710465513169765 0.87711487710475866 3.3953810725361109 1.259807553142309 0.75432174187153578 0.47370806988328684 0.52009505033493042
leaf_count=14 35 23 33 36 26 36 19 28
internal_value=-0.000618429 0.00735632 -0.0043916 0.00950434 -0.0346343 -0.0341498 -0.034116 -0.0338808
internal_weight=11.0915 8.9587 6.78766 4.65074 2.13692 1.25535 2.13279 0.993803
internal_count=250 168 145 86 59 50 82 47
is_linear=0
shrinkage=0.05


Tree=110
num_leaves=7
num_cat=0
split_feature=17 22 17 22 19 25
split_gain=0.964727 1.57725 1.33163 2.0588 2.60924 2.08451
threshold=-0.0150113672960121 0.0022136887449302205 -0.0075094123244592009 -0.00703169292977912 0.048532599561474606 0.0005742204483144554
decision_type=2 2 2 2 2 2
left_child=1 -1 -2 -4 5 -5
right_child=2 -3 3 4 -6 -7
leaf_value=0.02621955300760706 -0.019574893506253965 -0.0066059447981907798 -0.018731174877283555 -0.014493264516636732 0.030326657355817195 0.010631410994541656
leaf_weight=8.167618125677107 9.8348751962184888 6.6300241351127616 11.048604696989058 15.103195458650587 8.4654452949762327 18.208188250660896
leaf_count=30 33 21 33 48 27 58
internal_value=2.96487e-05 0.0115122 -0.00268204 0.000463024 0.00553926 -0.000759977
internal_weight=77.458 14.7976 62.6603 52.8254 41.7768 33.3114
internal_count=250 51 199 166 133 106
is_linear=0
shrinkage=0.05


Tree=111
num_leaves=9
num_cat=0
split_feature=19 19 23 13 8 31 22 1
split_gain=1.0387 3.47781 2.53656 1.7371 2.34479 1.83973 1.83863 1.69574
threshold=-0.034260511791974528 -0.011298954547856009 0.0036573242474281513 40.842370646634869 0.0017398862930203265 0.054888948572355871 -0.0022904163912597082 0.010908732969928893
decision_type=2 2 2 2 2 2 2 2
left_child=2 -2 7 -3 5 -5 -6 -1
right_child=1 3 -4 4 6 -7 -8 -9
leaf_value=0.0047818828768218099 -0.028917833059848783 -0.019327792755124858 -0.015379228576310942 0.041660324584200006 0.019239344753609309 0.0044571307081257951 -0.012181769490712417 0.038070155161412482
leaf_weight=8.0717408731579798 10.914223253726957 7.4013255536556235 7.2198919653892508 6.951924726366995 6.6718245595693579 6.365982711315155 15.407393455505373 7.2728605866432181
leaf_count=28 36 29 24 22 20 21 47 23
internal_value=5.82007e-05 -0.00372354 0.00906028 0.00270137 0.00730753 0.0238771 -0.00268704 0.0205595
internal_weight=76.2772 53.7127 22.5645 42.7985 35.3971 13.3179 22.0792 15.3446
internal_count=250 175 75 139 110 43 67 51
is_linear=0
shrinkage=0.05


Tree=112
num_leaves=9
num_cat=0
split_feature=4 29 29 33 6 17 16 16
split_gain=1.16668 1.22389 1.41651 2.0155 1.52265 7.30545e-05 7.18827e-05 1.75058e-05
threshold=0.024108197542607037 0.0053127443568387065 0.0044184144934866785 0.91500000000000015 1.1513523059289394 0.002745846640772156 0.032428042535463102 0.052633563649924789
decision_type=2 2 2 2 2 2 2 2
left_child=1 2 3 4 -1 -3 -2 -8
right_child=6 5 -4 -5 -6 -7 7 -9
leaf_value=-0.02321539353709683 -0.034661461547291196 -0.03416327789788972 0.063634326952350648 0.061351673850019953 0.046010584642509719 -0.034869957964034047 -0.034219325307041713 -0.033864196443844773
leaf_weight=3.8829998970031721 0.70067286398261908 0.7562879119068382 1.2679749783128498 1.2838325910270212 0.99861442018300284 0.70814958214759827 0.68808646500110604 0.70008459407836199
leaf_count=107 17 26 7 8 12 17 22 34
internal_value=-0.000620473 0.007274 0.0155048 0.00560653 -0.00905408 -0.034505 -0.0342486 -0.0340402
internal_weight=10.9867 8.89786 7.43342 6.16545 4.88161 1.46444 2.08884 1.38817
internal_count=250 177 134 127 119 43 73 56
is_linear=0
shrinkage=0.05


Tree=113
num_leaves=9
num_cat=0
split_feature=16 6 20 11 25 18 7 31
split_gain=0.903786 1.15085 2.41425 2.11466 1.71944 1.51113 2.12982 1.22808
threshold=0.018119918950388874 0.7854778147170719 -0.022088928274260785 62.789599914550784 -0.0020926799625824439 -0.66502570756642032 63.535499954223638 0.29161976259053596
decision_type=2 2 2 2 2 2 2 2
left_child=-1 -2 5 4 -4 -3 -7 -5
right_child=1 2 3 7 -6 6 -8 -9
leaf_value=-0.015170025945951814 -0.013168297302287075 0.03762103276933762 0.027951675659651301 -0.034051864508656937 -0.0053709472701873873 0.022786219034209489 -0.010429112126954345 -0.0055866358602809814
leaf_weight=8.6766430735588056 10.616592600941656 6.1616578400135067 6.5111541152000436 6.6195437908172599 9.5480376034975123 11.889633268117903 8.1238008439540845 8.8616185486316663
leaf_count=30 35 19 21 22 29 41 25 28
internal_value=3.08739e-05 0.00196105 0.00474405 -0.00457188 0.00813962 0.0159695 0.00930354 -0.017758
internal_weight=77.0087 68.332 57.7154 31.5404 16.0592 26.1751 20.0134 15.4812
internal_count=250 220 185 100 50 85 66 50
is_linear=0
shrinkage=0.05


Tree=114
num_leaves=7
num_cat=0
split_feature=2 16 2 11 14 16
split_gain=1.05147 1.84144 1.72688 1.51876 1.77285 1.58896
threshold=0.049045121093606044 0.042556911579239673 0.124560321631094 59.434099960327153 0.60564762654289084 0.033351993129051467
decision_type=2 2 2 2 2 2
left_child=1 3 -2 -1 5 -5
right_child=2 -3 -4 4 -6 -7
leaf_value=-0.021673075476292467 0.022034769927588471 -0.028042865261064916 -0.0090114469698775249 -0.0070546753614262664 0.022911044842424826 0.020611488760202013
leaf_weight=6.9959375709295264 11.788035318255426 6.6626094430685034 7.2238681614398947 27.521590709686279 9.198713153600691 6.3959415778517714
leaf_count=24 36 26 22 92 29 21
internal_value=6.08698e-05 -0.00334719 0.0102383 -6.38041e-05 0.00344246 -0.00183758
internal_weight=75.7867 56.7748 19.0119 50.1122 43.1162 33.9175
internal_count=250 192 58 166 142 113
is_linear=0
shrinkage=0.05


Tree=115
num_leaves=10
num_cat=0
split_feature=4 29 19 32 17 21 16 17 16
split_gain=1.11092 1.14999 1.3483 3.10684 0.840703 0.000137331 6.74119e-05 6.53352e-05 1.53567e-05
threshold=0.024108197542607037 0.0053127443568387065 -0.0051572431413661737 -0.2556041009366265 -1.0000000180025095e-35 0.00345933293059475 0.032428042535463102 0.002745846640772156 0.052633563649924789
decision_type=2 2 2 2 2 2 2 2 2
left_child=1 2 4 -4 -1 -5 -2 -3 -8
right_child=6 7 3 5 -6 -7 8 -9 -10
leaf_value=0.0092479542127435321 -0.034624963549904034 -0.034134579320329698 0.083807561852143816 -0.034106259884602863 0.054570638401983874 -0.03492120733817379 -0.034183736037341934 -0.034815626325503925 -0.033844883617250958
leaf_weight=1.8842098247259853 0.6765037849545491 0.72853356599807717 0.70836484432220403 1.883821032010019 2.2390376366674891 0.71246530022472132 0.66165242716670014 0.68164238054305315 0.67594840936362743
leaf_count=26 17 26 2 74 16 16 22 17 34
internal_value=-0.00070697 0.00692989 0.0147884 -0.00900667 0.0338594 -0.0343299 -0.0342182 -0.0344638 -0.0340125
internal_weight=10.8522 8.83807 7.4279 3.30465 4.12325 2.59629 2.0141 1.41018 1.3376
internal_count=250 177 134 92 42 90 73 43 56
is_linear=0
shrinkage=0.05


Tree=116
num_leaves=10
num_cat=0
split_feature=0 19 20 0 25 1 22 1 12
split_gain=0.925277 4.18348 2.5268 2.2065 1.54471 1.45296 2.30657 2.23706 1.79292
threshold=0.0088135326162109857 0.055656248383201386 -0.08003399116442754 0.0050299029958736927 0.004539819047931438 -0.0166753827351892 0.0051204262257879005 -0.033448733870370333 -0.02511249447760816
decision_type=2 2 2 2 2 2 2 2 2
left_child=3 2 -2 5 -4 7 8 -1 -7
right_child=1 -3 4 -5 -6 6 -8 -9 -10
leaf_value=-0.0039941146323171353 0.0069368276431245384 0.027626589052945905 -0.044374580043885087 0.030943376396902172 -0.011078982891099627 0.023780296056704356 -0.029136544864344128 0.033268302808763757 -0.0094396450916645388
leaf_weight=9.6866282969713229 6.7921221107244554 6.5432743132114402 8.1424062103033048 6.6481860876083365 6.0881008654832831 6.4517899230122593 8.3194573521614057 6.8949031531810752 10.963762462139131
leaf_count=32 21 21 25 21 20 24 28 24 34
internal_value=3.99717e-05 -0.00728732 -0.0181542 0.00416505 -0.03013 -4.19829e-05 -0.00747887 0.0115003 0.00286706
internal_weight=76.5306 27.5659 21.0226 48.9647 14.2305 42.3165 25.735 16.5815 17.4156
internal_count=250 87 66 163 45 142 86 56 58
is_linear=0
shrinkage=0.05


Tree=117
num_leaves=11
num_cat=0
split_feature=26 26 18 3 3 2 2 21 30 12
split_gain=1.01778 2.21998 2.39397 2.39899 2.06428 1.72181 1.35166 1.29175 1.9164 1.33792
threshold=0.0059314848699386644 0.02611721104091325 -0.57170394871247698 -0.01601194309055581 0.038440212311082307 0.020559094742495513 -0.014853180958269705 0.0032469187252929248 -0.0041316099889173166 -0.021435836133943703
decision_type=2 2 2 2 2 2 2 2 2 2
left_child=7 5 -3 -4 -5 6 -2 8 -1 -10
right_child=1 2 3 4 -6 -7 -8 -9 9 -11
leaf_value=-0.019204685857368273 -0.023536065410328686 -0.024884668362311541 0.035492661155107831 -0.022843103999168359 0.018112434536295029 -0.039738341204480478 0.010237229598927367 0.02448813705118847 -0.0085167363445140202 0.021316141516309273
leaf_weight=7.8589526265859631 6.1217626482248315 5.3847752660512951 7.2924096286296907 5.6779384464025444 6.7156849056482315 6.181291624903678 5.7405352294445047 7.8043727129697791 5.8028927445411709 10.665827661752699
leaf_count=27 24 18 22 20 21 20 19 25 19 35
internal_value=5.22743e-05 -0.00496783 0.00465738 0.0127381 -0.000650684 -0.0183417 -0.00719212 0.00678819 0.00111001 0.0108043
internal_weight=75.2464 43.1144 25.0708 19.686 12.3936 18.0436 11.8623 32.132 24.3277 16.4687
internal_count=250 144 81 63 41 63 43 106 81 54
is_linear=0
shrinkage=0.05


Tree=118
num_leaves=9
num_cat=0
split_feature=13 8 26 21 21 24 19 5
split_gain=1.07349 1.34515 1.06195 1.46912 0.000366927 3.33405e-05 2.54817e-05 3.7024e-06
threshold=57.067711127759758 0.022858581872044741 0.0050973756783841981 0.00040025342888527776 0.0018276261205159019 0.00047758897183736165 -0.0080194077406610647 0.020693402000645227
decision_type=2 2 2 2 2 2 2 2
left_child=1 2 4 6 -1 -2 -4 -7
right_child=5 -3 3 -5 -6 7 -8 -9
leaf_value=-0.03405917515156226 -0.0342540886244855 0.04090748882821766 -0.034327416550831151 0.027629415525412489 -0.035427534825399058 -0.033946019233440809 -0.033893981868054521 -0.033744282562460377
leaf_weight=0.86139745637774279 1.0493614152073867 2.1791568044573069 0.78468728903680884 3.1728824824094772 1.1360129211097953 0.43571668490767468 0.59714424144476785 0.47577502019703388
leaf_count=37 35 23 25 35 20 19 28 28
internal_value=-0.000630579 0.00687737 -0.00444064 0.00888947 -0.0348374 -0.0340619 -0.0341401 -0.0338407
internal_weight=10.6921 8.73128 6.55212 4.55471 1.99741 1.96085 1.38183 0.911492
internal_count=250 168 145 88 57 82 53 47
is_linear=0
shrinkage=0.05


Tree=119
num_leaves=7
num_cat=0
split_feature=17 13 17 22 19 1
split_gain=0.884395 1.4095 1.18123 1.91813 2.32687 1.99795
threshold=-0.0150113672960121 51.274843406964472 -0.0075094123244592009 -0.00703169292977912 0.048532599561474606 0.025376446867029005
decision_type=2 2 2 2 2 2
left_child=1 -1 -2 -4 5 -5
right_child=2 -3 3 4 -6 -7
leaf_value=0.027803699020479244 -0.018639835016699285 -0.0035491465858546361 -0.018255942060170352 0.0081400329355248956 0.02907945863141493 -0.018011964711984615
leaf_weight=6.7678004428744298 9.6453111469745618 7.62157142162323 10.876457944512365 21.817730262875557 8.2592136114835721 10.977955311536787
leaf_count=26 33 25 33 71 27 35
internal_value=3.69741e-05 0.0111971 -0.00257096 0.000413545 0.00535955 -0.000614029
internal_weight=75.966 14.3894 61.5767 51.9314 41.0549 32.7957
internal_count=250 51 199 166 133 106
is_linear=0
shrinkage=0.05


Tree=120
num_leaves=11
num_cat=0
split_feature=26 26 18 3 31 2 22 21 32 6
split_gain=0.954661 2.05591 2.57983 2.15712 2.00605 1.64621 1.33912 1.21678 1.83448 2.88665
threshold=0.0059314848699386644 0.02611721104091325 -0.63983421580918287 -0.01601194309055581 -0.032878136533775047 0.020559094742495513 -0.0022904163912597082 0.0032469187252929248 0.37703421150911948 1.0433216105525929
decision_type=2 2 2 2 2 2 2 2 2 2
left_child=7 5 -3 -4 -5 6 -2 8 9 -1
right_child=1 2 3 4 -6 -7 -8 -9 -10 -11
leaf_value=-0.0066584001905893439 0.0081563197486802016 -0.027287786357653887 0.034289532224442414 -0.022033943569066114 0.018098807236700029 -0.038891922912839681 -0.025775456301466933 0.02377656579460399 -0.017845476234852824 0.036822628074737955
leaf_weight=9.3536985665559822 6.566382348537446 5.0966489315032986 7.2631920874118867 5.6535501182079351 6.9311420917510898 6.0859024822711936 5.2184707820415506 7.7886724174022666 8.3875959962606412 6.4487447738647452
leaf_count=30 22 17 22 20 22 20 21 25 30 21
internal_value=5.20562e-05 -0.00482988 0.00444388 0.0125921 6.95607e-05 -0.0177745 -0.00686907 0.00658833 0.00105409 0.0110856
internal_weight=74.794 42.8153 24.9445 19.8479 12.5847 17.8708 11.7849 31.9787 24.19 15.8024
internal_count=250 144 81 64 42 63 43 106 81 51
is_linear=0
shrinkage=0.05


Tree=121
num_leaves=11
num_cat=0
split_feature=29 13 8 8 23 19 16 24 21 33
split_gain=1.05447 1.26847 1.56245 1.22526 1.04305 0.000191087 9.42951e-05 3.38241e-05 3.37416e-05 3.94998e-06
threshold=0.0053127443568387065 57.067711127759758 0.022858581872044741 -0.0066703889199838671 0.0053002131135493355 -1.0000000180025095e-35 0.019984316803336791 0.00047758897183736165 0.0020652006836550112 0.72500000000000009
decision_type=2 2 2 2 2 2 2 2 2 2
left_child=1 2 3 4 -1 -5 -2 -3 9 -8
right_child=6 7 -4 5 -6 -7 8 -9 -10 -11
leaf_value=-0.0099953532114389829 -0.034851128106866407 -0.034294824574977671 0.056159917968306161 -0.035028999063075161 0.042941827874910771 -0.033904684228069637 -0.034004563046258318 -0.033824547263215494 -0.034411523483494147 -0.033790726924270126
leaf_weight=1.7716798102483138 0.55429091118276197 0.88341144379228331 1.7885111365467308 0.97359946370124817 1.9598778029903767 0.61767435446381547 0.40399865712970473 0.6741058137267828 0.48330301605165005 0.46398722380399704
leaf_count=43 11 28 12 20 15 28 18 36 14 25
internal_value=-0.000625503 0.00677722 0.0157282 0.00214283 0.0178082 -0.0345926 -0.034302 -0.0340913 -0.0340767 -0.0338903
internal_weight=10.5744 8.66886 7.11134 5.32283 3.73156 1.59127 1.90558 1.55752 1.35129 0.867986
internal_count=250 182 118 106 58 48 68 64 57 43
is_linear=0
shrinkage=0.05


Tree=122
num_leaves=7
num_cat=0
split_feature=16 6 30 14 1 0
split_gain=0.850843 1.07647 2.29374 1.28694 1.47859 1.22545
threshold=0.018119918950388874 0.7854778147170719 0.011058302106996433 0.26255445437201036 0.027411814453044085 1.0000000180025095e-35
decision_type=2 2 2 2 2 2
left_child=-1 -2 3 -3 -5 -4
right_child=1 2 5 4 -6 -7
leaf_value=-0.014844553183389614 -0.012853877782096516 -0.020215360978620121 0.037599095633996077 0.011727404201587374 -0.010471268594253645 0.010011317935287579
leaf_weight=8.5217574983835203 10.401240870356558 7.8879114091396323 6.1228773966431644 17.889111265540127 12.917971119284628 11.750287130475042
leaf_count=30 35 26 23 60 40 36
internal_value=3.60422e-05 0.00192958 0.00464782 -0.0021949 0.0024191 0.0194622
internal_weight=75.4912 66.9694 56.5682 38.695 30.8071 17.8732
internal_count=250 220 185 126 100 59
is_linear=0
shrinkage=0.05


Tree=123
num_leaves=9
num_cat=0
split_feature=19 19 23 13 8 31 2 1
split_gain=0.948974 3.17236 2.23116 1.52895 2.0391 1.67517 1.6352 1.48653
threshold=-0.034260511791974528 -0.011298954547856009 0.0036573242474281513 40.842370646634869 0.0017398862930203265 0.054888948572355871 0.053516475726069108 -0.013345747581097465
decision_type=2 2 2 2 2 2 2 2
left_child=2 -2 7 -3 5 -5 -6 -1
right_child=1 3 -4 4 6 -7 -8 -9
leaf_value=-0.00042896774690441732 -0.0280373583385463 -0.018498146674950731 -0.014493260615034543 0.039944951827315639 -0.014696279938441002 0.0039754895556298854 0.012991423841273825 0.031989530383666427
leaf_weight=5.7092586010694513 10.601013928651808 7.1246334612369528 7.0260809957981101 6.7190578132867795 12.068608045578005 6.2458698898553848 9.5541085600852949 9.2901242449879646
leaf_count=20 36 29 24 22 38 21 29 31
internal_value=5.2066e-05 -0.00361354 0.00875835 0.00259368 0.00693833 0.0226166 -0.00246233 0.01965
internal_weight=74.3388 52.3133 22.0255 41.7123 34.5876 12.9649 21.6227 14.9994
internal_count=250 175 75 139 110 43 67 51
is_linear=0
shrinkage=0.05


Tree=124
num_leaves=9
num_cat=0
split_feature=4 29 19 32 17 21 17 21
split_gain=1.02682 1.04216 1.17749 2.74627 0.671557 0.000117526 5.742e-05 5.52599e-05
threshold=0.024108197542607037 0.0053127443568387065 -0.0051572431413661737 -0.2556041009366265 -1.0000000180025095e-35 0.00070309462270634626 0.002745846640772156 -0.00040043489132685067
decision_type=2 2 2 2 2 2 2 2
left_child=1 2 4 -4 -1 -5 -3 -2
right_child=7 6 3 5 -6 -7 -8 -9
leaf_value=0.0093690360373675022 -0.033805100416862452 -0.034073972327663953 0.076929490277360332 -0.033918083490966609 0.050056991398543631 -0.034615014200820908 -0.034736912328216206 -0.034373854927054623
leaf_weight=1.8418350555002687 0.65855879615992319 0.66840113978832938 0.71936056017875571 1.1359826670959599 2.2566475663334122 1.2939598709344862 0.63878539577126503 1.214973203837872
leaf_count=26 35 26 2 55 16 35 17 38
internal_value=-0.00064765 0.00669458 0.0141059 -0.00888474 0.0317721 -0.0342892 -0.0343979 -0.0341739
internal_weight=10.4285 8.55497 7.24779 3.1493 4.09848 2.42994 1.30719 1.87353
internal_count=250 177 134 92 42 90 43 73
is_linear=0
shrinkage=0.05


Tree=125
num_leaves=10
num_cat=0
split_feature=0 19 20 0 25 1 22 10 12
split_gain=0.815271 3.63559 2.32936 2.15533 1.45203 1.357 2.06724 2.03155 1.60813
threshold=0.0088135326162109857 0.055656248383201386 -0.08003399116442754 0.0050299029958736927 0.004539819047931438 -0.0166753827351892 0.0051204262257879005 -0.023177898889857673 -0.02511249447760816
decision_type=2 2 2 2 2 2 2 2 2
left_child=3 2 -2 5 -4 7 8 -1 -7
right_child=1 -3 4 -5 -6 6 -8 -9 -10
leaf_value=-0.0030589678959609609 0.0070603875351128156 0.02609611872126677 -0.042852082188495767 0.03066231337389393 -0.010199638553164603 0.022525489648559709 -0.028255440150145857 0.033158987031304508 -0.0093089356696589905
leaf_weight=9.9836869537830371 6.7122514545917555 6.3696081042289725 7.9179616719484329 6.5230908691883078 5.9732391387224197 6.262729741632941 8.1408733874559385 6.3246877938508979 10.822312027215959
leaf_count=34 21 21 25 21 20 24 28 22 34
internal_value=3.84314e-05 -0.00691849 -0.017125 0.00394313 -0.0288115 -0.000253204 -0.00751993 0.010987 0.00236036
internal_weight=75.0304 26.9731 20.6035 48.0574 13.8912 41.5343 25.2259 16.3084 17.085
internal_count=250 87 66 163 45 142 86 56 58
is_linear=0
shrinkage=0.05


Tree=126
num_leaves=9
num_cat=0
split_feature=0 19 19 8 2 14 23 15
split_gain=0.896147 1.16221 2.28804 1.87767 1.84692 1.5745 1.54202 0.993602
threshold=-0.01715404086135058 -0.048867405145294966 -0.011298954547856009 -0.0012252348849246266 0.053516475726069108 0.54459291122011277 0.0011060457034802742 0.027837910566511092
decision_type=2 2 2 2 2 2 2 2
left_child=-1 6 5 7 -5 -3 -2 -4
right_child=1 2 3 4 -6 -7 -8 -9
leaf_value=-0.014044513129271574 0.028828758757099088 -0.037365410889824043 0.0063791191661770261 -0.014476123267352398 0.014153830732425356 -0.0026917938731326448 -0.0041479483350215559 0.034359953386927676
leaf_weight=9.7823688313364965 8.2566975057125074 6.2986151725053769 6.2718027234077365 14.432778105139741 9.2391174733638746 6.8181188255548477 6.2121932953596106 6.4208039492368698
leaf_count=39 26 23 24 47 28 22 21 20
internal_value=4.93119e-05 0.00220523 -0.0014397 0.00501768 -0.00330188 -0.019342 0.0146703 0.0205338
internal_weight=73.7325 63.9501 49.4812 36.3645 23.6719 13.1167 14.4689 12.6926
internal_count=250 211 164 119 75 45 47 44
is_linear=0
shrinkage=0.05


Tree=127
num_leaves=8
num_cat=0
split_feature=4 29 29 4 31 17 21
split_gain=0.980596 0.985123 1.14569 1.60822 1.56832 5.34916e-05 5.05108e-05
threshold=0.024108197542607037 0.0053127443568387065 0.0044184144934866785 0.020478284861607476 0.51561443195735401 0.002745846640772156 -0.00040043489132685067
decision_type=2 2 2 2 2 2 2
left_child=1 2 3 4 -1 -3 -2
right_child=6 5 -4 -5 -6 -7 -8
leaf_value=-0.025503426853328529 -0.033786299475985389 -0.034043370900966929 0.056272550823018491 0.050766027854471311 0.047176694128176169 -0.034695077354868646 -0.034340387702859292
leaf_weight=3.5630153240635973 0.63306706398725521 0.641868185251951 1.2890644669532774 1.4139913618564603 0.9375476837158202 0.61803473997861147 1.1741779558360581
leaf_count=103 35 26 7 16 8 17 38
internal_value=-0.000712884 0.00642627 0.0135603 0.00425121 -0.0103629 -0.0343631 -0.0341463
internal_weight=10.2708 8.46352 7.20362 5.91455 4.50056 1.2599 1.80725
internal_count=250 177 134 127 111 43 73
is_linear=0
shrinkage=0.05


Tree=128
num_leaves=8
num_cat=0
split_feature=0 19 19 18 24 22 29
split_gain=0.812186 1.19679 1.80554 1.39224 2.36237 2.24261 1.29438
threshold=-0.01715404086135058 -0.048867405145294966 -0.018419264408128074 -0.11962109982592696 -0.0019325138288022734 0.0054258861086167185 0.0077778823066305689
decision_type=2 2 2 2 2 2 2
left_child=-1 6 -3 4 -4 -5 -2
right_child=1 2 3 5 -6 -7 -8
leaf_value=0.013123795431818365 -0.031462572594723057 0.021733021635907006 0.0074286002355736132 -0.0054180195163543131 -0.028043585668697687 0.028988311712729642 -0.0013351243803408968
leaf_weight=10.243736505508421 6.4106566160917273 9.1300205141305906 8.2755238711833972 14.45444269478322 10.844235137104979 7.0440779924392691 8.0319782197475416
leaf_count=39 21 31 26 47 37 23 26
internal_value=4.95199e-05 -0.0020369 0.00164164 -0.00287443 -0.0126903 0.00585536 -0.0147078
internal_weight=74.4347 64.1909 49.7483 40.6183 19.1198 21.4985 14.4426
internal_count=250 211 164 133 63 70 47
is_linear=0
shrinkage=0.05


Tree=129
num_leaves=7
num_cat=0
split_feature=8 1 1 16 7 6
split_gain=0.897278 1.91842 2.21392 1.73251 3.2728 1.31719
threshold=-0.039929819727766776 -0.034838615539592714 -0.0166753827351892 0.042556911579239673 63.71000003814698 1.0498320392136591
decision_type=2 2 2 2 2 2
left_child=-1 -2 -3 4 -4 -5
right_child=1 2 3 5 -6 -7
leaf_value=-0.019144860484117555 0.02957622136157409 -0.022981700234742136 -0.00039835677921733968 -0.031695163375585554 0.031913050105596218 0.0014029581305735443
leaf_weight=5.6190207600593558 5.636977106332778 9.5875537097454053 29.665806323289871 5.436457231640814 10.650563657283781 6.7236391007900238
leaf_count=21 18 34 100 20 36 21
internal_value=5.4621e-05 0.00164813 -0.000888442 0.00314804 0.0081375 -0.0133943
internal_weight=73.32 67.701 62.064 52.4765 40.3164 12.1601
internal_count=250 229 211 177 136 41
is_linear=0
shrinkage=0.05


Tree=130
num_leaves=9
num_cat=0
split_feature=4 29 19 32 16 21 17 21
split_gain=0.934301 0.929339 1.03848 2.4767 0.370667 0.000107962 4.68338e-05 4.67329e-05
threshold=0.024108197542607037 0.0053127443568387065 -0.0051572431413661737 -0.2556041009366265 0.020275780327791971 0.00345933293059475 0.002745846640772156 -0.00040043489132685067
decision_type=2 2 2 2 2 2 2 2
left_child=1 2 4 -4 -1 -5 -3 -2
right_child=7 6 3 5 -6 -7 -8 -9
leaf_value=0.04627446330307497 -0.033767499754195164 -0.034018415733063405 0.071607987022939232 -0.034048518727655776 0.016045928621971135 -0.034809699549751834 -0.034639287670034873 -0.034310726827557834
leaf_weight=1.8114414624869812 0.60774434637278307 0.61922637093812205 0.72432830929756065 1.6841633748263127 2.3039862662553787 0.64395789802074421 0.59615400014445186 1.1358744045719511
leaf_count=10 35 26 2 74 32 16 17 38
internal_value=-0.000820451 0.00610575 0.0129608 -0.00913743 0.0293513 -0.0342591 -0.034323 -0.0341214
internal_weight=10.1269 8.38326 7.16788 3.05245 4.11543 2.32812 1.21538 1.74362
internal_count=250 177 134 92 42 90 43 73
is_linear=0
shrinkage=0.05


Tree=131
num_leaves=9
num_cat=0
split_feature=25 13 26 26 2 22 15 3
split_gain=0.780105 1.38622 1.26749 3.58529 1.37426 2.64 1.75008 0.645294
threshold=0.010034604235751645 51.274843406964472 0.026841080934217557 0.016477600502263882 1.0000000180025095e-35 0.0027437233214849814 0.027907058819812858 -0.013563182374807135
decision_type=2 2 2 2 2 2 2 2
left_child=2 -2 3 4 6 -6 -1 -4
right_child=1 -3 7 -5 5 -7 -8 -9
leaf_value=0.02424611486785383 0.024212379565212612 -0.002512140379498917 -0.028029117777408664 0.030096980593155694 -0.039026055855798165 -0.000594367440848214 -0.01117540771663582 -0.0052611171196476035
leaf_weight=6.6149172931909543 8.2442728355526942 11.793872788548468 6.4549920558929443 8.4955574572086316 7.1682479530572918 11.864770695567129 7.3746938407421112 6.0091878026723844
leaf_count=24 29 39 21 30 23 39 25 20
internal_value=5.81435e-05 0.0084831 -0.00306918 0.00112869 -0.00632383 -0.0150686 0.00557348 -0.0170523
internal_weight=74.0205 20.0381 53.9824 41.5182 33.0226 19.033 13.9896 12.4642
internal_count=250 68 182 141 111 62 49 41
is_linear=0
shrinkage=0.05


Tree=132
num_leaves=8
num_cat=0
split_feature=19 19 23 23 13 8 1
split_gain=0.831172 2.67222 2.00306 1.46225 1.44976 2.14201 1.30929
threshold=-0.034260511791974528 -0.011298954547856009 0.0036573242474281513 -0.011779449662485062 40.842370646634869 0.0017398862930203265 0.010908732969928893
decision_type=2 2 2 2 2 2 2
left_child=2 -2 6 -3 -5 -6 -1
right_child=1 3 -4 4 5 -7 -8
leaf_value=0.0046574232447888549 -0.026147724282091053 -0.021398217783181201 -0.01392597696255957 -0.015630068782645345 0.029207369333177541 0.00078054434204200191 0.034556985853944379
leaf_weight=7.7854739651083964 10.320844963192938 5.608031950891017 6.9074348807334891 6.313302055001258 10.238227069377901 18.786777779459953 6.9120238125324249
leaf_count=28 36 19 24 26 35 59 23
internal_value=5.59326e-05 -0.00341057 0.00828173 0.00232051 0.00608457 0.0108078 0.0187188
internal_weight=72.8721 51.2672 21.6049 40.9463 35.3383 29.025 14.6975
internal_count=250 175 75 139 120 94 51
is_linear=0
shrinkage=0.05


Tree=133
num_leaves=9
num_cat=0
split_feature=4 29 29 7 11 16 21 17
split_gain=0.901561 0.880804 0.968756 1.46054 1.02588 5.81953e-05 4.23704e-05 4.12128e-05
threshold=0.024108197542607037 0.0053127443568387065 0.0044184144934866785 62.792499732971201 64.582899703979507 0.022708667673989654 -0.00040043489132685067 0.002745846640772156
decision_type=2 2 2 2 2 2 2 2
left_child=1 2 3 5 -5 -1 -2 -3
right_child=6 7 -4 4 -6 -7 -8 -9
leaf_value=-0.034544407371739257 -0.033753574971834871 -0.033987305870121491 0.051625059997589318 0.041335652111143428 -0.0097874452996032334 -0.033957356056028919 -0.03427918649547361 -0.034581880778799312
leaf_weight=0.70461052656173517 0.58883626759052266 0.59431543201208092 1.2997594401240347 2.3931694123893976 1.6633421843871472 1.0531280832365153 1.0990815535187728 0.57190075563266873
leaf_count=20 35 26 7 19 39 49 38 17
internal_value=-0.000791103 0.00599804 0.0126007 0.00387695 0.020373 -0.0341927 -0.0340958 -0.0342789
internal_weight=9.96814 8.28023 7.11401 5.81425 4.05651 1.75774 1.68792 1.16622
internal_count=250 177 134 127 58 69 73 43
is_linear=0
shrinkage=0.05


Tree=134
num_leaves=7
num_cat=0
split_feature=16 6 30 12 1 32
split_gain=0.780223 1.00351 2.08462 1.22266 1.65531 1.15124
threshold=0.018119918950388874 0.7854778147170719 0.011058302106996433 0.19410906523534832 0.027411814453044085 0.13052160781141364
decision_type=2 2 2 2 2 2
left_child=-1 -2 3 4 -3 -4
right_child=1 2 5 -5 -6 -7
leaf_value=-0.014366330117787049 -0.012547491763905553 0.00084576874647607008 0.035095438752348357 0.018091769541258219 -0.02511144926177878 0.0086631817891431231
leaf_weight=8.3212160021066648 10.158930167555807 23.034333840012554 6.7183779925107983 6.279852256178855 8.375049561262129 10.648996308445929
leaf_count=30 35 78 23 21 27 36
internal_value=5.18096e-05 0.0018915 0.00455575 -0.00204871 -0.00607551 0.0188882
internal_weight=73.5368 65.2155 55.0566 37.6892 31.4094 17.3674
internal_count=250 220 185 126 105 59
is_linear=0
shrinkage=0.05


Tree=135
num_leaves=11
num_cat=0
split_feature=26 26 18 3 3 2 2 23 22 26
split_gain=0.837821 1.73585 2.11739 1.8959 1.79839 1.54438 1.24338 1.10569 1.75359 1.33905
threshold=0.0059314848699386644 0.02611721104091325 -0.63983421580918287 -0.01601194309055581 0.042933868458423181 0.020559094742495513 -0.014853180958269705 1.0000000180025095e-35 0.00085918318370781243 -0.016868635283571628
decision_type=2 2 2 2 2 2 2 2 2 2
left_child=7 5 -3 -4 -5 6 -2 9 -9 -1
right_child=1 2 3 4 -6 -7 -8 8 -10 -11
leaf_value=-0.020689024591504304 -0.022150817507133019 -0.025396760697438309 0.032110844732365085 -0.019670562266867433 0.018745361759592415 -0.037610759470425387 0.01084690185519954 0.035415856330438533 0.0022955181634687705 0.010270919637030987
leaf_weight=6.5213193744421005 5.8350793048739442 4.8677551150321987 7.070032671093947 6.0848311260342545 6.1012120693922043 5.8423365354537955 5.5893834084272394 6.4385152906179455 10.536887332797049 7.5197136998176592
leaf_count=24 24 17 22 22 20 20 19 20 36 26
internal_value=5.86362e-05 -0.00459723 0.00406556 0.0115134 -0.00043678 -0.0167002 -0.00600678 0.00627176 0.0148576 -0.00410834
internal_weight=72.4071 41.3906 24.1238 19.2561 12.186 17.2668 11.4245 31.0164 16.9754 14.041
internal_count=250 144 81 64 42 63 43 106 56 50
is_linear=0
shrinkage=0.05


Tree=136
num_leaves=10
num_cat=0
split_feature=13 8 8 20 20 18 19 24 5
split_gain=0.871056 0.987529 0.928728 1.01695 0.831076 0.00021975 2.46492e-05 1.95764e-05 3.16732e-06
threshold=57.067711127759758 0.022858581872044741 -0.0066703889199838671 -0.047054593386037839 -0.0071474625918118142 -0.89228002599946665 -0.009126572595774261 0.00047758897183736165 0.023982006377964434
decision_type=2 2 2 2 2 2 2 2 2
left_child=1 2 3 -1 -5 -4 -7 -2 -9
right_child=7 -3 5 4 -6 6 -8 8 -10
leaf_value=-0.03436942090800095 -0.034120201566376761 0.03486277938057683 -0.035235087135628555 0.053178348715927373 0.0010472831529214736 -0.034319891892516059 -0.033831798736011047 -0.033854697678043826 -0.033644804020308186
leaf_weight=1.0490237232297643 0.89091169461608 2.1546631474047899 0.74468474369496096 1.2969701839610921 1.8622424136847275 0.6153436517342924 0.44625020679086347 0.47488650865852833 0.2891863789409399
leaf_count=36 35 23 15 15 35 20 24 25 22
internal_value=-0.00088309 0.00581812 -0.00458696 0.00828535 0.022449 -0.0345766 -0.0341147 -0.0339609 -0.0337753
internal_weight=9.82416 8.16918 6.01451 4.20824 3.15921 1.80628 1.06159 1.65498 0.764073
internal_count=250 168 145 86 50 59 44 82 47
is_linear=0
shrinkage=0.05


Tree=137
num_leaves=10
num_cat=0
split_feature=0 19 20 0 25 13 1 10 14
split_gain=0.76528 3.3058 2.01014 1.99155 1.31225 1.17249 1.2644 2.50877 1.14148
threshold=0.0088135326162109857 0.055656248383201386 -0.08003399116442754 0.0050299029958736927 0.004539819047931438 37.763303446254092 -0.0166753827351892 -0.023177898889857673 0.69291174826326152
decision_type=2 2 2 2 2 2 2 2 2
left_child=3 2 -2 5 -4 -1 7 -7 -8
right_child=1 -3 4 -5 -6 6 8 -9 -10
leaf_value=0.018279260045185639 0.0060304261028492579 0.025075879361680539 -0.04127954051415867 0.029889663830991647 -0.0098154603820671607 -0.013650547958506277 -0.02064102737466926 0.031460542530013312 0.0034225007938056638
leaf_weight=7.0814883708953849 6.5799213051796004 6.2240413576364508 7.6630844920873642 6.3665956407785407 5.8386316746473312 6.2526172697544098 13.096790164709093 6.077924579381941 7.9014260768890372
leaf_count=28 21 21 25 21 20 21 47 21 25
internal_value=6.06155e-05 -0.00676221 -0.01663 0.00389753 -0.0276733 -0.000197501 -0.00412333 0.00858544 -0.0115862
internal_weight=73.0825 26.3057 20.0816 46.7768 13.5017 40.4102 33.3288 12.3305 20.9982
internal_count=250 87 66 163 45 142 114 42 72
is_linear=0
shrinkage=0.05


Tree=138
num_leaves=9
num_cat=0
split_feature=19 19 23 13 8 22 31 1
split_gain=0.783245 2.48089 1.86614 1.3135 1.60846 1.67345 1.59414 1.17856
threshold=-0.034260511791974528 -0.011298954547856009 0.0036573242474281513 40.842370646634869 0.0017398862930203265 -0.0024115571994817171 0.054888948572355871 0.010908732969928893
decision_type=2 2 2 2 2 2 2 2
left_child=2 -2 7 -3 6 -6 -5 -1
right_child=1 3 -4 4 5 -7 -8 -9
leaf_value=0.004868082606667077 -0.025416453113469673 -0.017727794952250978 -0.013478424671082151 0.038057886010822169 0.019653823861333335 -0.011223649254186396 0.0022193654736965118 0.033444244559866859
leaf_weight=7.7084921076893824 10.16154897212982 6.8482154533267012 6.8170381486415854 6.3619240373373014 6.2271677851676932 14.857367545366289 6.0570876002311707 6.7831151187419891
leaf_count=28 36 29 24 22 19 48 21 23
internal_value=5.60073e-05 -0.00333528 0.00809525 0.00222529 0.00630375 -0.00210421 0.0205785 0.0182438
internal_weight=71.822 50.5133 21.3086 40.3518 33.5035 21.0845 12.419 14.4916
internal_count=250 175 75 139 110 67 43 51
is_linear=0
shrinkage=0.05


Tree=139
num_leaves=10
num_cat=0
split_feature=4 29 19 32 0 21 16 17 6
split_gain=0.838728 0.81809 0.915053 2.14957 0.327996 9.92557e-05 3.69011e-05 3.62244e-05 3.92565e-06
threshold=0.024108197542607037 0.0053127443568387065 -0.0051572431413661737 -0.2556041009366265 0.0050299029958736927 0.00345933293059475 0.043055391093871638 0.002745846640772156 1.0857909517767583
decision_type=2 2 2 2 2 2 2 2 2
left_child=1 2 4 -4 -1 -5 -2 -3 -8
right_child=6 7 3 5 -6 -7 8 -9 -10
leaf_value=0.014030247952523068 -0.034266106549348203 -0.033960320638265304 0.065121492647132836 -0.034012821911997573 0.04246225813767824 -0.034765366330220704 -0.033892736582201183 -0.034531796991435555 -0.033651413799577645
leaf_weight=2.1798230232670894 0.91560405865311689 0.56599704548716523 0.72542384266853233 1.5767126297578222 1.897223552688956 0.60677802842110384 0.35797875374555588 0.54363959934562445 0.31841981364414096
leaf_count=27 32 26 2 74 15 16 17 17 24
internal_value=-0.000883129 0.00564096 0.0119756 -0.00944772 0.0272609 -0.0342219 -0.0340592 -0.0342403 -0.0337791
internal_weight=9.6876 8.0956 6.98596 2.90891 4.07705 2.18349 1.592 1.10964 0.676399
internal_count=250 177 134 92 42 90 73 43 41
is_linear=0
shrinkage=0.05


Tree=140
num_leaves=7
num_cat=0
split_feature=11 32 26 11 25 19
split_gain=1.35722 1.16741 1.64657 1.71821 1.74329 1.30917
threshold=58.799200019836434 0.029209048085689613 0.031230376109483541 62.789599914550784 0.0005742204483144554 -0.011298954547856009
decision_type=2 2 2 2 2 2
left_child=-1 5 3 -3 -5 -2
right_child=1 2 -4 4 -6 -7
leaf_value=0.025833806014391454 0.0029604939672094495 0.026519865705380525 -0.014583746258728398 -0.010301724369552052 0.013813368843488447 -0.024649998272869133
leaf_weight=4.7724297046661368 7.495002135634425 8.7610976099967939 11.391065411269663 15.508155710995199 14.502838328480719 10.050188116729258
leaf_count=15 25 30 39 56 50 35
internal_value=6.25386e-05 -0.00175395 0.00212887 0.00703897 0.00135191 -0.0128553
internal_weight=72.4808 67.7083 50.1632 38.7721 30.011 17.5452
internal_count=250 235 175 136 106 60
is_linear=0
shrinkage=0.05


Tree=141
num_leaves=11
num_cat=0
split_feature=26 26 18 20 18 2 1 3 14 22
split_gain=0.795356 1.58789 1.92794 1.8882 1.68122 1.43318 1.28216 1.04654 1.35068 1.72743
threshold=0.0059314848699386644 0.02611721104091325 -0.63983421580918287 0.054500769792728117 0.3063307622333305 0.020559094742495513 -0.0166753827351892 -0.039881461104625364 0.46753529648750597 0.0027437233214849814
decision_type=2 2 2 2 2 2 2 2 2 2
left_child=7 5 -3 4 -4 6 -2 -1 -9 -10
right_child=1 2 3 -5 -6 -7 -8 8 9 -11
leaf_value=0.02299854687859797 -0.02666390649647532 -0.024536549819794862 0.016979255006774351 0.034544646761143126 -0.018864080903065475 -0.036634479202839847 0.0078219012491063354 -0.019459052649980178 0.025679807566932656 -0.0059108250755074958
leaf_weight=7.0893350392580059 4.4678862690925607 4.7892062664032009 7.090142175555231 5.8675908148288718 6.0742405354976654 5.6972521394491187 6.7934533581137666 5.9705471545457867 7.7647386789321926 9.7751188874244672
leaf_count=26 17 17 23 20 21 20 26 21 26 33
internal_value=6.66209e-05 -0.00450532 0.00381944 0.0109549 0.000440611 -0.0161988 -0.00586019 0.00615957 0.00108194 0.00807407
internal_weight=71.3795 40.7798 23.8212 19.032 13.1644 16.9586 11.2613 30.5997 23.5104 17.5399
internal_count=250 144 81 64 44 63 43 106 80 59
is_linear=0
shrinkage=0.05


Tree=142
num_leaves=10
num_cat=0
split_feature=13 29 8 8 23 21 20 24 33
split_gain=0.802808 0.91278 1.06513 1.00876 0.817373 0.000187897 3.69819e-05 1.54907e-05 3.12495e-06
threshold=57.067711127759758 0.0053127443568387065 0.022858581872044741 -0.0066703889199838671 0.0053002131135493355 0.00040767674802122405 -0.047054593386037839 0.00047758897183736165 0.69500000000000006
decision_type=2 2 2 2 2 2 2 2 2
left_child=1 2 3 4 -1 -5 -3 -2 -9
right_child=7 6 -4 5 -6 -7 -8 8 -10
leaf_value=-0.01058351080136013 -0.034073945239112557 -0.033911094625019587 0.045570053684942706 -0.033930745101558184 0.037682899916883478 -0.035090967763826766 -0.034458540400152997 -0.033872326920686729 -0.033662924861250935
leaf_weight=1.65136054996401 0.83327350905165054 0.62457280978560448 1.7963783945888279 0.59350218717008896 1.8708951929584143 0.84693513158708811 0.60958452569320776 0.32424955721944571 0.39545219764113426
leaf_count=43 35 32 12 28 15 20 18 18 29
internal_value=-0.00103146 0.00535973 0.0125797 0.000637924 0.0150539 -0.0346129 -0.0341815 -0.0339272 -0.0337573
internal_weight=9.5462 7.99323 6.75907 4.96269 3.52226 1.44044 1.23416 1.55298 0.719702
internal_count=250 168 118 106 58 48 50 82 47
is_linear=0
shrinkage=0.05


Tree=143
num_leaves=7
num_cat=0
split_feature=11 32 11 20 2 19
split_gain=1.29062 1.08447 1.52157 2.04815 1.39149 1.2144
threshold=58.799200019836434 0.029209048085689613 62.789599914550784 -0.08255881786476614 0.046406223499879114 -0.011298954547856009
decision_type=2 2 2 2 2 2
left_child=-1 5 -3 -4 -5 -2
right_child=1 2 3 4 -6 -7
leaf_value=0.025280555587516088 0.0027935764960066965 0.018644530475899725 0.015384726913432034 -0.0037708982179635048 -0.030445173951146067 -0.023892354321109623
leaf_weight=4.7426601946353903 7.4625766873359707 10.811198763549326 11.311987176537508 21.435729719698436 6.3338306844234458 9.9441104084253293
leaf_count=15 25 38 38 78 21 35
internal_value=7.06695e-05 -0.0017059 0.00204308 -0.00254941 -0.00985491 -0.0124516
internal_weight=72.0421 67.2994 49.8927 39.0815 27.7696 17.4067
internal_count=250 235 175 137 99 60
is_linear=0
shrinkage=0.05


Tree=144
num_leaves=9
num_cat=0
split_feature=11 32 11 25 25 18 24 18
split_gain=1.03505 1.12876 1.82883 1.88639 2.80987 2.25058 1.62697 0.604578
threshold=58.799200019836434 0.029209048085689613 62.789599914550784 0.0005742204483144554 -0.0075082184389771425 -0.40415515832556009 -0.0079996616767286626 0.10863842991460611
decision_type=2 2 2 2 2 2 2 2
left_child=-1 6 -3 4 -4 -5 -2 -8
right_child=1 2 3 5 -6 -7 7 -9
leaf_value=-0.022895160476428925 -0.0097467196705021946 -0.020625301422267799 -0.0058630421320879445 -0.03244122596814375 0.034275834307950191 0.0033480236737494979 0.034332976003019766 0.011564492461077507
leaf_weight=4.5895242094993582 5.4910010397434261 10.568355374038218 8.3857234269380587 6.2282492220401755 9.0824645608663541 14.904727905988695 5.993542328476904 5.6773177683353424
leaf_count=15 20 38 31 22 32 52 20 20
internal_value=6.84048e-05 0.00165727 -0.00219614 0.00284946 0.0150069 -0.00719968 0.0126975 0.0232572
internal_weight=70.9209 66.3314 49.1695 38.6012 17.4682 21.133 17.1619 11.6709
internal_count=250 235 175 137 63 74 60 40
is_linear=0
shrinkage=0.05


Tree=145
num_leaves=9
num_cat=0
split_feature=4 29 29 4 31 16 17 6
split_gain=0.785727 0.733054 0.854352 1.2693 1.26098 3.77621e-05 2.90752e-05 3.39708e-06
threshold=0.024108197542607037 0.0053127443568387065 0.0044184144934866785 0.020478284861607476 0.51561443195735401 0.043055391093871638 0.002745846640772156 1.0857909517767583
decision_type=2 2 2 2 2 2 2 2
left_child=1 2 3 4 -1 -2 -3 -7
right_child=5 6 -4 -5 -6 7 -8 -9
leaf_value=-0.025638667944159633 -0.034261544990582031 -0.033914208707478577 0.047997807601244162 0.044113472328331356 0.040454576689469834 -0.033864875858178829 -0.034446600454180042 -0.03363352978670358
leaf_weight=3.2661746190860868 0.88040376547723986 0.52318234788253881 1.2788046635687349 1.3890249188989399 0.92633730638772238 0.33762086182832718 0.5030083917081356 0.29939259216189384
leaf_count=103 32 26 7 16 8 17 17 24
internal_value=-0.00110045 0.00523912 0.0111348 0.00268903 -0.0110353 -0.0340494 -0.0341752 -0.0337561
internal_weight=9.40395 7.88653 6.86034 5.58154 4.19251 1.51742 1.02619 0.637013
internal_count=250 177 134 127 111 73 43 41
is_linear=0
shrinkage=0.05


Tree=146
num_leaves=9
num_cat=0
split_feature=16 12 11 21 21 31 18 6
split_gain=0.736791 2.46734 1.2102 2.27458 1.50049 1.69191 1.62922 1.79383
threshold=0.019693446076133037 -0.019811331895996157 66.371999626159678 -1.0000000180025095e-35 0.0012642804154334721 0.27668920697840588 0.78495647288247616 1.0918570143777555
decision_type=2 2 2 2 2 2 2 2
left_child=1 -1 4 -4 6 -6 7 -2
right_child=2 -3 3 -5 5 -7 -8 -9
leaf_value=0.010186006386115436 -0.016481943071988376 -0.032883878209653827 0.0092407110040978509 -0.033525794466222718 0.030046758702784327 -0.004006839470938558 0.018906533189213925 0.015704726188764138
leaf_weight=6.9125391244888306 15.629099674522882 6.4075334668159467 6.4675218909978867 5.9873498082160932 10.723297044634821 5.5276865214109412 7.9484766125679007 5.9870412871241561
leaf_count=26 54 22 22 22 38 19 27 20
internal_value=7.67877e-05 -0.0105325 0.00250196 -0.0113182 0.00625893 0.0184636 -0.000449691 -0.00756717
internal_weight=71.5905 13.3201 58.2705 12.4549 45.8156 16.251 29.5646 21.6161
internal_count=250 48 202 44 158 57 101 74
is_linear=0
shrinkage=0.05


Tree=147
num_leaves=9
num_cat=0
split_feature=0 19 19 8 8 2 23 15
split_gain=0.779301 1.01019 1.7453 1.44162 1.36322 1.65812 1.19989 0.872045
threshold=-0.01715404086135058 -0.048867405145294966 -0.011298954547856009 0.001980832283621049 -0.0012252348849246266 0.053516475726069108 0.0011060457034802742 0.027837910566511092
decision_type=2 2 2 2 2 2 2 2
left_child=-1 6 3 -3 7 -6 -2 -4
right_child=1 2 4 -5 5 -7 -8 -9
leaf_value=-0.013461217141671282 0.026683998609356743 -0.038676420335863854 0.0045443494579444996 -0.0038196025955363117 -0.01366649831322511 0.014035503742080345 -0.0030955341991566465 0.03131737080580474
leaf_weight=9.2442024126648885 7.9417525231838209 4.8628606200218183 6.1028631329536349 7.6056667268276215 13.841377794742593 8.8591135889291746 5.8921485245227814 6.0631650686264038
leaf_count=39 26 19 24 26 47 28 21 20
internal_value=6.96798e-05 0.00211455 -0.00135912 -0.0174141 0.00438228 -0.00285549 0.0140003 0.0178872
internal_weight=70.4132 61.1689 47.335 12.4685 34.8665 22.7005 13.8339 12.166
internal_count=250 211 164 45 119 75 47 44
is_linear=0
shrinkage=0.05


Tree=148
num_leaves=10
num_cat=0
split_feature=4 29 19 32 23 21 16 17 6
split_gain=0.757502 0.697939 0.792824 1.91164 0.531777 8.47012e-05 3.43077e-05 2.60443e-05 3.24071e-06
threshold=0.024108197542607037 0.0053127443568387065 -0.0051572431413661737 -0.2556041009366265 0.0053002131135493355 0.00345933293059475 0.043055391093871638 0.002745846640772156 1.0857909517767583
decision_type=2 2 2 2 2 2 2 2 2
left_child=1 2 4 -4 -1 -5 -2 -3 -8
right_child=6 7 3 5 -6 -7 8 -9 -10
leaf_value=0.0048088308034783802 -0.03423452418917626 -0.033892421193353381 0.060800991183320496 -0.033990430256329529 0.041369901905247988 -0.034707020691453226 -0.033852100648959937 -0.034406058226154709 -0.033622502962306094
leaf_weight=1.7994813267141569 0.85046957619488217 0.50394583679735649 0.71322318911552418 1.4872234072536246 2.22344377823174 0.57057802285999049 0.32907848246395588 0.48366061830893159 0.28836497757583857
leaf_count=28 32 26 2 74 14 16 17 17 24
internal_value=-0.00108379 0.00513091 0.0108401 -0.00973999 0.0250159 -0.0341891 -0.0340286 -0.034144 -0.0337449
internal_weight=9.24947 7.78156 6.79395 2.77102 4.02293 2.0578 1.46791 0.987606 0.617443
internal_count=250 177 134 92 42 90 73 43 41
is_linear=0
shrinkage=0.05


Tree=149
num_leaves=10
num_cat=0
split_feature=12 15 15 4 16 2 31 31 8
split_gain=0.733508 1.92248 1.38554 1.47275 1.13736 1.20038 2.20053 1.39576 0.566187
threshold=-0.0367714194080574 0.027837910566511092 0.025790610387866012 0.01511797157442381 0.019984316803336791 0.053516475726069108 0.070014050732705321 0.27668920697840588 -0.020172587704336376
decision_type=2 2 2 2 2 2 2 2 2
left_child=1 -1 3 -2 -4 6 -6 -7 -3
right_child=2 8 4 -5 5 7 -8 -9 -10
leaf_value=0.031841821612644233 0.00070395767227031045 -0.014076205224962455 -0.01722878148431092 -0.030296936011436505 -0.0023866888705069865 0.013862737550986449 0.033601070860035678 -0.017175774078947798 0.0080928451471762568
leaf_weight=6.0209847465157535 7.3213806897401801 5.775569587945939 6.254879191517829 8.0361926704645139 8.7070456296205574 6.2010018378496161 8.2939432412385923 8.708804324269293 5.7448688149452183
leaf_count=26 25 20 21 28 31 20 31 28 20
internal_value=7.20204e-05 0.0089453 -0.00283606 -0.015518 0.00226703 0.00608843 0.01517 -0.00426683 -0.00302122
internal_weight=71.0647 17.5414 53.5232 15.3576 38.1657 31.9108 17.001 14.9098 11.5204
internal_count=250 66 184 53 131 110 62 48 40
is_linear=0
shrinkage=0.05


Tree=150
num_leaves=10
num_cat=0
split_feature=13 23 26 22 3 17 23 29 1
split_gain=0.762853 1.12193 1.15455 2.34295 2.21938 1.34218 1.2607 1.0627 0.894004
threshold=39.78815856254743 -0.011779449662485062 0.008259156823366311 -0.0026725611452455551 -0.034046905912905927 0.0053140886031543128 0.0036573242474281513 0.0037036957472470493 0.025376446867029005
decision_type=2 2 2 2 2 2 2 2 2
left_child=7 -2 4 5 -3 -4 -5 -1 -6
right_child=1 2 3 6 8 -7 -8 -9 -10
leaf_value=-0.024073686230836902 -0.015782899895456542 0.042134344301869631 -0.003920240525419969 -0.0040425777821245018 -0.0045125905114911206 0.028193708840277377 -0.0340398499978583 0.0078114995159100495 0.017886268317971753
leaf_weight=6.8782083317637426 7.4600123018026343 5.1541286408901241 5.9948377311229688 9.1697283387184161 10.51435472071171 7.1152619123458862 5.6673393100500098 4.2143365740776062 7.7298235446214667
leaf_count=30 26 19 22 32 36 22 20 18 25
internal_value=6.71275e-05 0.00233576 0.00496823 -0.00189215 0.0131623 0.013509 -0.0155007 -0.0119597 0.00497752
internal_weight=69.898 58.8055 51.3455 27.9472 23.3983 13.1101 14.8371 11.0925 18.2442
internal_count=250 202 176 96 80 44 52 48 61
is_linear=0
shrinkage=0.05


Tree=151
num_leaves=11
num_cat=0
split_feature=13 29 8 8 23 21 16 16 12 21
split_gain=0.724226 0.782512 0.926953 0.918007 0.696157 0.000164961 2.77028e-05 1.27712e-05 1.11808e-05 1.02036e-05
threshold=57.067711127759758 0.0053127443568387065 0.022858581872044741 -0.0066703889199838671 0.0053002131135493355 0.00040767674802122405 0.019984316803336791 0.041908694801459999 0.054422404787665545 0.001428650189670311
decision_type=2 2 2 2 2 2 2 2 2 2
left_child=1 2 3 4 -1 -5 -3 8 -2 -8
right_child=7 6 -4 5 -6 -7 9 -9 -10 -11
leaf_value=-0.010436878755059041 -0.033841182899290514 -0.034436506723317661 0.042368350368703664 -0.033912414551202259 0.034826100722313048 -0.035028339976487147 -0.033727323789143122 -0.033683336009240415 -0.034188049825955087 -0.034104821592300133
leaf_weight=1.5805486068129533 0.51174238650128223 0.38377112708985783 1.7714616749435661 0.56167157273739643 1.8366203838959334 0.80697869975119829 0.36968749389052391 0.48851176491007209 0.42547749169170856 0.34704637248069048
leaf_count=43 32 10 12 28 15 20 27 36 14 13
internal_value=-0.00117066 0.00492116 0.011469 3.16704e-05 0.0138905 -0.0345704 -0.0340937 -0.0338906 -0.0339987 -0.0339101
internal_weight=9.08352 7.65779 6.55728 4.78582 3.41717 1.36865 1.1005 1.42573 0.93722 0.716734
internal_count=250 168 118 106 58 48 50 82 46 40
is_linear=0
shrinkage=0.05


Tree=152
num_leaves=9
num_cat=0
split_feature=12 15 15 10 16 30 32 21
split_gain=0.703153 1.78935 1.34041 1.43225 1.07765 1.14636 1.10219 0.538527
threshold=-0.0367714194080574 0.027837910566511092 0.025790610387866012 0.0026738204748459706 0.019984316803336791 0.0097483980286147149 0.28461961924684026 -0.0014770261133393301
decision_type=2 2 2 2 2 2 2 2
left_child=1 -1 3 -2 -4 6 -6 -3
right_child=2 7 4 -5 5 -7 -8 -9
leaf_value=0.031181485620041478 -0.0032383630294797053 0.0087203298301410589 -0.016762451313730498 -0.034756004779981108 -0.0099019669383661121 0.020263593488028545 0.012791917916495749 -0.012994722515168103
leaf_weight=5.904289215803149 9.4382144659757596 5.4265919029712686 6.2179201096296302 5.8317514657974234 12.694085627794271 9.7556270509958249 9.2483390867710096 6.025205492973325
leaf_count=26 33 18 21 20 43 33 34 22
internal_value=8.4228e-05 0.00882286 -0.00276744 -0.0152753 0.00226986 0.00600326 -0.000336901 -0.00270475
internal_weight=70.542 17.3561 53.1859 15.27 37.916 31.6981 21.9424 11.4518
internal_count=250 66 184 53 131 110 77 40
is_linear=0
shrinkage=0.05


Tree=153
num_leaves=7
num_cat=0
split_feature=11 32 11 20 25 24
split_gain=0.884553 1.05123 1.69421 1.70486 2.95483 1.23865
threshold=58.799200019836434 0.029209048085689613 62.789599914550784 0.083074559037394594 0.0005742204483144554 -0.006737257248345673
decision_type=2 2 2 2 2 2
left_child=-1 5 -3 4 -4 -2
right_child=1 2 3 -5 -6 -7
leaf_value=-0.021507569871370771 -0.0067564790361921345 -0.020124073121392166 0.014632664448041871 0.024467371923150152 -0.016647652306855481 0.021977119469681783
leaf_weight=4.4438685029745093 5.6505484431982067 10.356813326478003 13.796687193214895 7.2669007778167716 16.673836201429367 11.155124545097349
leaf_count=15 21 38 51 27 59 39
internal_value=7.33396e-05 0.00155104 -0.0022106 0.00270564 -0.0024843 0.0123161
internal_weight=69.3438 64.8999 48.0942 37.7374 30.4705 16.8057
internal_count=250 235 175 137 110 60
is_linear=0
shrinkage=0.05


Tree=154
num_leaves=9
num_cat=0
split_feature=4 29 29 33 23 16 17 6
split_gain=0.705032 0.630222 0.72953 1.13376 1.03712 3.47165e-05 2.10078e-05 2.73518e-06
threshold=0.024108197542607037 0.0053127443568387065 0.0044184144934866785 0.91500000000000015 0.0053002131135493355 0.043055391093871638 0.002745846640772156 1.0857909517767583
decision_type=2 2 2 2 2 2 2 2
left_child=1 2 3 4 -1 -2 -3 -7
right_child=5 6 -4 -5 -6 7 -8 -9
leaf_value=-0.034523741154225865 -0.034227869756101557 -0.033854832932600901 0.044355440702095739 0.045097204507185192 0.01528713834588187 -0.033822042623681374 -0.034333675176233862 -0.033603603744588741
leaf_weight=2.1361628524027765 0.81046248646453001 0.46677969442680467 1.2618451956659553 1.193346010521054 2.0458398694172502 0.3070902694016695 0.44974719546735287 0.26869599195197225
leaf_count=83 32 26 7 8 36 17 17 24
internal_value=-0.00124019 0.00477496 0.0101418 0.00211024 -0.0101562 -0.034017 -0.0340898 -0.0337201
internal_weight=8.93997 7.55372 6.63719 5.37535 4.182 1.38625 0.916527 0.575786
internal_count=250 177 134 127 119 73 43 41
is_linear=0
shrinkage=0.05


Tree=155
num_leaves=10
num_cat=0
split_feature=12 3 23 15 4 16 2 31 31
split_gain=0.656004 1.71895 1.47159 1.26303 1.40037 1.01171 1.08605 2.02873 1.31105
threshold=-0.0367714194080574 -0.039881461104625364 -0.0038989786443754944 0.025790610387866012 0.01511797157442381 0.019984316803336791 0.053516475726069108 0.070014050732705321 0.27668920697840588
decision_type=2 2 2 2 2 2 2 2 2
left_child=1 2 -1 4 -2 -5 7 -7 -8
right_child=3 -3 -4 5 -6 6 8 -9 -10
leaf_value=0.016158293946083323 0.00099103018250367727 0.031325123447604089 -0.019585729135807008 -0.016286562605858115 -0.029442913876391565 -0.0023072704573867159 0.013622289066542073 0.032535113404005299 -0.016572304648779301
leaf_weight=5.5332383960485467 7.254380062222479 5.5969310551881781 6.0040195137262353 6.1701000928878775 7.8915364444255829 8.6188538670539909 6.15506787598133 8.1080037504434568 8.6434703767299634
leaf_count=20 25 24 22 21 28 31 20 31 28
internal_value=8.57669e-05 0.00858746 -0.00244299 -0.00267096 -0.0148661 0.00222899 0.00585283 0.0145819 -0.00401365
internal_weight=69.9756 17.1342 11.5373 52.8414 15.1459 37.6955 31.5254 16.7269 14.7985
internal_count=250 66 42 184 53 131 110 62 48
is_linear=0
shrinkage=0.05


Tree=156
num_leaves=8
num_cat=0
split_feature=19 19 23 23 13 8 1
split_gain=0.696014 2.1708 1.60875 1.20441 1.22389 1.73829 0.964873
threshold=-0.034260511791974528 -0.011298954547856009 0.0036573242474281513 -0.011779449662485062 40.842370646634869 0.0017398862930203265 0.010908732969928893
decision_type=2 2 2 2 2 2 2
left_child=2 -2 6 -3 -5 -6 -1
right_child=1 3 -4 4 5 -7 -8
leaf_value=0.0050712297067013684 -0.024274267021887737 -0.019973457765090775 -0.01263526081559819 -0.014781960471156078 0.027420512272502685 0.00093702073152588923 0.031449663878007877
leaf_weight=7.4074117466807383 9.7512359917163831 5.3168974518775931 6.5476532801985732 6.0070440992712966 9.4985826909542102 17.820493593811989 6.5162912160158157
leaf_count=28 36 19 24 26 35 59 23
internal_value=7.58855e-05 -0.00319341 0.00780449 0.00212617 0.00565197 0.0101451 0.0174163
internal_weight=68.8656 48.3943 20.4714 38.643 33.3261 27.3191 13.9237
internal_count=250 175 75 139 120 94 51
is_linear=0
shrinkage=0.05


Tree=157
num_leaves=10
num_cat=0
split_feature=13 29 8 8 23 18 20 16 31
split_gain=0.680317 0.710475 0.837852 0.859387 0.607072 0.000152382 2.39794e-05 1.18323e-05 9.71947e-06
threshold=57.067711127759758 0.0053127443568387065 0.022858581872044741 -0.0066703889199838671 0.0053002131135493355 -0.89228002599946665 -0.047054593386037839 0.041908694801459999 0.18327140212422663
decision_type=2 2 2 2 2 2 2 2 2
left_child=1 2 3 4 -1 -5 -3 8 -2
right_child=7 6 -4 5 -6 -7 -8 -9 -10
leaf_value=-0.0099805695720732099 -0.033792146945223672 -0.033804224369480475 0.040355812213036316 -0.035163716913346063 0.032798911173816732 -0.034072426706230896 -0.034288983614680683 -0.033661224791772797 -0.034123378099817997
leaf_weight=1.527939795982092 0.40351267997175433 0.5106170536018908 1.7510837689042089 0.55435908120125532 1.8136708317324517 0.75629355106502838 0.50982074020430423 0.4570362102240324 0.49091949546709657
leaf_count=43 27 32 12 13 15 35 18 36 19
internal_value=-0.00123905 0.00470094 0.0108757 -0.000220401 0.0132381 -0.034534 -0.0340464 -0.0338682 -0.0339739
internal_weight=8.77525 7.42378 6.40335 4.65226 3.34161 1.31065 1.02044 1.35147 0.894432
internal_count=250 168 118 106 58 48 50 82 46
is_linear=0
shrinkage=0.05


Tree=158
num_leaves=9
num_cat=0
split_feature=0 19 0 20 22 1 29 16
split_gain=0.632396 2.84638 1.7308 1.6908 1.20339 1.07091 1.01553 1.42167
threshold=0.0088135326162109857 0.055656248383201386 0.0050299029958736927 -0.08003399116442754 1.0000000180025095e-35 0.042903524122921984 -0.0026240083881970962 0.022708667673989654
decision_type=2 2 2 2 2 2 2 2
left_child=2 3 5 -2 -5 6 -1 -8
right_child=1 -3 -4 4 -6 -7 7 -9
leaf_value=0.017913464436239347 0.0054680063864392808 0.024085650315112759 0.028726636366921299 -0.044132240116821819 -0.013029864311812238 -0.020394129268052345 -0.019920762887765918 0.0061632859293729823
leaf_weight=8.6645797044038755 6.3229775726795241 5.8927899599075309 5.9614063501358023 5.38069187104702 7.3694963008165359 5.6207512766122809 7.6158503293991116 16.631865993142128
leaf_count=32 21 21 21 18 27 19 28 63
internal_value=8.12995e-05 -0.00628775 0.00365499 -0.0156718 -0.0261553 -0.000223815 0.00322086 -0.00202933
internal_weight=69.4604 24.966 44.4945 19.0732 12.7502 38.533 32.9123 24.2477
internal_count=250 87 163 66 45 142 123 91
is_linear=0
shrinkage=0.05


Tree=159
num_leaves=11
num_cat=0
split_feature=26 26 18 20 18 2 1 23 30 30
split_gain=0.689518 1.62327 1.68901 1.67027 1.44687 1.24821 1.13054 0.970568 1.19711 0.829557
threshold=0.0059314848699386644 0.02611721104091325 -0.63983421580918287 0.054500769792728117 0.3063307622333305 0.020559094742495513 -0.0166753827351892 0.0067664066851379498 -0.0041316099889173166 0.0092889424595810084
decision_type=2 2 2 2 2 2 2 2 2 2
left_child=7 5 -3 4 -4 6 -2 8 -1 -10
right_child=1 2 3 -5 -6 -7 -8 -9 9 -11
leaf_value=-0.015227462141222378 -0.026497556311038614 -0.023008565490405176 0.016576466971299365 0.033705289072862167 -0.017436733455202563 -0.035902379866268007 0.0065514655766572786 0.020046728710199982 0.025085417631023413 -0.0008709249177167969
leaf_weight=7.9410924762487456 4.2830528467893609 4.5247486233711269 6.8208148106932658 5.650110036134719 5.7728395164012909 5.43359550833702 6.5371660590171823 8.549575522541998 5.1161621659994125 7.7277047708630562
leaf_count=29 17 17 23 20 21 20 26 30 19 28
internal_value=7.42265e-05 -0.00427974 0.00433652 0.0111185 0.000985063 -0.0163495 -0.00653059 0.00586609 3.31071e-05 0.0094684
internal_weight=68.3569 39.0223 22.7685 18.2438 12.5937 16.2538 10.8202 29.3345 20.785 12.8439
internal_count=250 144 81 64 44 63 43 106 76 47
is_linear=0
shrinkage=0.05


Tree=160
num_leaves=9
num_cat=0
split_feature=4 29 26 33 19 2 17 16
split_gain=0.660795 0.577369 0.659289 1.32274 1.0659 3.42818e-05 1.7815e-05 1.7959e-06
threshold=0.024108197542607037 0.0053127443568387065 0.039865672502344414 0.91500000000000015 -0.015553345739007572 0.029914187926185391 0.002745846640772156 0.059062251891046573
decision_type=2 2 2 2 2 2 2 2
left_child=1 2 3 4 -1 -2 -3 -7
right_child=5 6 -4 -5 -6 7 -8 -9
leaf_value=0.017091359003898937 -0.034234706900275191 -0.03381814254230122 0.040829571307064522 0.050649959037189496 -0.034559336919053295 -0.033798457494014923 -0.034274569082459599 -0.033622894935960539
leaf_weight=1.7963967202231277 0.71903231227770426 0.43289118818938721 1.3446730892173944 1.0802009515464304 2.2498663910664627 0.32782258372753859 0.42239262675866485 0.26215114444494247
leaf_count=24 30 26 17 5 88 20 17 23
internal_value=-0.00128117 0.00456521 0.00966809 0.00149442 -0.0116283 -0.0340029 -0.0340436 -0.0337204
internal_weight=8.63543 7.32642 6.47114 5.12646 4.04626 1.30901 0.855284 0.589974
internal_count=250 177 134 117 112 73 43 43
is_linear=0
shrinkage=0.05


Tree=161
num_leaves=8
num_cat=0
split_feature=4 1 14 11 0 0 1
split_gain=0.621656 1.13113 1.38517 1.04799 1.22689 2.22878 1.03447
threshold=0.047338373287008399 0.042903524122921984 0.98598526839198231 59.434099960327153 0.0088135326162109857 0.0047220670894556624 0.0084322621694238337
decision_type=2 2 2 2 2 2 2
left_child=1 3 -3 -1 5 -5 -6
right_child=-2 2 -4 4 6 -7 -8
leaf_value=0.018625339007450201 0.015733262207760702 -0.032196539462061739 0.0016454400236663861 -0.001929297579348081 -0.030264860862826745 0.03407942686770972 -8.2688119225340136e-05
leaf_weight=7.9170211926102629 5.8132182955741873 5.9856789410114271 6.1101696938276291 26.657338440418247 5.7149052619934064 5.1231169402599326 5.6413684338331223
leaf_count=30 22 22 20 98 19 18 21
internal_value=8.68515e-05 -0.00135347 -0.0151014 0.00190374 -0.00116523 0.00387543 -0.0152715
internal_weight=68.9628 63.1496 12.0958 51.0538 43.1367 31.7805 11.3563
internal_count=250 228 42 186 156 116 40
is_linear=0
shrinkage=0.05


Tree=162
num_leaves=7
num_cat=0
split_feature=13 3 16 16 15 26
split_gain=0.688498 0.95089 1.41792 1.83473 1.57547 0.921332
threshold=39.78815856254743 -0.039881461104625364 0.019693446076133037 0.023942777136019552 0.025877277642526439 0.027699433520321119
decision_type=2 2 2 2 2 2
left_child=5 -2 -3 -4 -5 -1
right_child=1 2 3 4 -6 -7
leaf_value=-0.025605138235722854 0.01785622886087147 0.017370709559160504 -0.02815398342775138 0.021207977362068808 -0.0053588038400000535 0.0037387656125062556
leaf_weight=5.5850272849202138 8.3446726649999601 9.11987257003784 6.7910241037607184 7.1218788623809806 25.784484684467316 5.1338774710893631
leaf_count=28 30 31 23 25 93 20
internal_value=7.78464e-05 0.00225841 -0.000407829 -0.00449218 0.000391008 -0.0115507
internal_weight=67.8808 57.1619 48.8173 39.6974 32.9064 10.7189
internal_count=250 202 172 141 118 48
is_linear=0
shrinkage=0.05


Tree=163
num_leaves=10
num_cat=0
split_feature=13 29 8 8 23 18 20 16 31
split_gain=0.637238 0.64804 0.747028 0.804435 0.546329 0.000146068 1.93839e-05 1.13259e-05 9.28768e-06
threshold=57.067711127759758 0.0053127443568387065 0.022858581872044741 -0.0066703889199838671 0.0053002131135493355 -0.89228002599946665 -0.047054593386037839 0.041908694801459999 0.18327140212422663
decision_type=2 2 2 2 2 2 2 2 2
left_child=1 2 3 4 -1 -5 -3 8 -2
right_child=7 6 -4 5 -6 -7 -8 -9 -10
leaf_value=-0.0096444039122724184 -0.033770396705012189 -0.033771985231480776 0.038251021834798185 -0.035126801305403577 0.03138600266642691 -0.034034208032707305 -0.03422348474924844 -0.033638335436742703 -0.034102166603052299
leaf_weight=1.4927077693864697 0.38046435220167019 0.47523869154974818 1.7298258319497106 0.53407483641058207 1.7772664455696938 0.71600007265806265 0.47564348950982083 0.42448619194328785 0.47344887303188443
leaf_count=43 27 32 12 13 15 35 18 36 19
internal_value=-0.0013182 0.00445729 0.010308 -0.000385797 0.0126561 -0.034501 -0.0339978 -0.0338494 -0.0339543
internal_weight=8.47916 7.20076 6.24987 4.52005 3.26997 1.25007 0.950882 1.2784 0.853913
internal_count=250 168 118 106 58 48 50 82 46
is_linear=0
shrinkage=0.05


Tree=164
num_leaves=9
num_cat=0
split_feature=12 3 23 15 4 16 16 22
split_gain=0.611939 1.59881 1.25738 1.10639 1.31152 0.944919 1.04822 1.125
threshold=-0.0367714194080574 -0.039881461104625364 -0.0038989786443754944 0.025790610387866012 0.01511797157442381 0.019984316803336791 0.02590326816917193 -0.005303444800590972
decision_type=2 2 2 2 2 2 2 2
left_child=1 2 -1 4 -2 -5 -7 -8
right_child=3 -3 -4 5 -6 6 7 -9
leaf_value=0.015036977121704841 0.0012617432652935413 0.030607221935591102 -0.018417525232440789 -0.015991004214474056 -0.0284562009672665 0.024510195386997651 -0.016160132312691824 0.0076441699791219841
leaf_weight=5.3987204432487497 7.1753551512956601 5.4594111740589133 5.8542744070291528 6.0691146701574317 7.6930952519178391 5.9170294255018261 6.846299514174464 18.047735154628754
leaf_count=20 25 24 22 21 28 21 24 65
internal_value=8.60774e-05 0.00840433 -0.00236744 -0.00260033 -0.0141146 0.00204172 0.00559378 0.00109757
internal_weight=68.461 16.7124 11.253 51.7486 14.8685 36.8802 30.8111 24.894
internal_count=250 66 42 184 53 131 110 89
is_linear=0
shrinkage=0.05


Tree=165
num_leaves=9
num_cat=0
split_feature=2 4 2 21 13 17 17 3
split_gain=0.674268 1.36285 1.27151 1.24484 1.00706 1.48015 1.65638 0.988988
threshold=0.049045121093606044 0.023270562746623803 0.124560321631094 -0.00061647896028110816 40.842370646634869 -0.0074146889380271074 0.0053140886031543128 -0.056220773166863573
decision_type=2 2 2 2 2 2 2 2
left_child=1 4 -2 -3 7 -6 -7 -1
right_child=2 3 -4 -5 5 6 -8 -9
leaf_value=0.0026344787895591607 0.019392146990511994 -0.03720028228005972 -0.0084961599477260119 -0.0030345289638254161 0.021133002054980497 -0.019649423811865782 0.0096165789189500677 -0.030686679260178082
leaf_weight=4.6498006954789162 10.570840239524843 4.9075001329183578 6.6634893268346778 5.8372320905327779 10.357123196125029 8.0765129327774101 12.045282885432242 4.2734687551856023
leaf_count=18 36 19 22 24 38 28 42 23
internal_value=7.7581e-05 -0.00285461 0.0086094 -0.0186392 0.00144977 0.0057749 -0.00213025 -0.0133235
internal_weight=67.3813 50.1469 17.2343 10.7447 39.4022 30.4789 20.1218 8.92327
internal_count=250 192 58 43 149 108 70 41
is_linear=0
shrinkage=0.05


Tree=166
num_leaves=10
num_cat=0
split_feature=4 29 29 7 11 16 2 17 16
split_gain=0.626051 0.53236 0.620511 1.01215 0.6763 5.48598e-05 3.54411e-05 1.4963e-05 5.15863e-06
threshold=0.024108197542607037 0.0053127443568387065 0.0044184144934866785 62.792499732971201 64.582899703979507 0.02119129952569844 -0.0017466089540491001 0.002745846640772156 0.043055391093871638
decision_type=2 2 2 2 2 2 2 2 2
left_child=1 2 3 5 -5 -1 -2 -3 -8
right_child=6 7 -4 4 -6 -7 8 -9 -10
leaf_value=-0.034505662258555926 -0.03431347818864211 -0.033784631853160864 0.04143618966416325 0.033266647525390353 -0.010541450758284181 -0.033861658050058537 -0.033925744581478665 -0.034217819406284301 -0.033657526198302527
leaf_weight=0.52265275968238689 0.50517118442803621 0.40241769421845663 1.2167038973420856 2.1840101690031593 1.4766371455043552 0.90033925138413906 0.30819695256650426 0.39503493811935186 0.42851697048172355
leaf_count=17 20 26 7 19 39 52 17 17 36
internal_value=-0.00124018 0.00449015 0.00936186 0.00168528 0.0155953 -0.0340982 -0.0339909 -0.0339992 -0.0337697
internal_weight=8.33968 7.0978 6.30034 5.08364 3.66065 1.42299 1.24189 0.797453 0.736714
internal_count=250 177 134 127 58 69 73 43 53
is_linear=0
shrinkage=0.05


Tree=167
num_leaves=10
num_cat=0
split_feature=1 4 8 0 17 17 22 18 31
split_gain=0.594179 1.48204 1.17242 1.94856 1.62235 1.51203 1.46892 1.2645 0.89824
threshold=0.025376446867029005 0.020478284861607476 0.0017398862930203265 0.0080367959609779511 -0.0075094123244592009 -0.014680013561489041 -0.0022904163912597082 -0.30319452060374524 0.26799529653780385
decision_type=2 2 2 2 2 2 2 2 2
left_child=2 -2 3 4 5 -1 -4 -8 -3
right_child=1 8 6 -5 -6 -7 7 -9 -10
leaf_value=0.0046882715241362057 -0.025542815396724455 0.018137178601487818 -0.0081907717292341326 -0.030508507003412941 0.018292742789885776 -0.028077294708799213 0.0066284493378376847 0.039652831274483241 -0.0082008041947440238
leaf_weight=9.5329773649573344 7.0824832618236568 5.545921787619589 5.2599927037954357 5.2210883796215048 10.33340148627758 5.5830763727426538 5.6199129372835168 5.9860358685255024 7.7761852890253067
leaf_count=39 26 20 18 20 38 22 20 21 26
internal_value=7.52883e-05 -0.00706165 0.00313875 -0.0026842 0.0030241 -0.00741361 0.0137277 0.0236615 0.00276356
internal_weight=67.9411 20.4046 47.5365 30.6705 25.4495 15.1161 16.8659 11.6059 13.3221
internal_count=250 72 178 119 99 61 59 41 46
is_linear=0
shrinkage=0.05


Tree=168
num_leaves=11
num_cat=0
split_feature=26 26 18 20 18 2 1 23 30 30
split_gain=0.667213 1.57943 1.58488 1.56586 1.38299 1.13329 1.03378 0.855428 1.10336 0.74025
threshold=0.0059314848699386644 0.02611721104091325 -0.63983421580918287 0.054500769792728117 0.3063307622333305 0.020559094742495513 -0.0166753827351892 0.0067664066851379498 -0.0041316099889173166 0.0092889424595810084
decision_type=2 2 2 2 2 2 2 2 2 2
left_child=7 5 -3 4 -4 6 -2 8 -1 -10
right_child=1 2 3 -5 -6 -7 -8 -9 9 -11
leaf_value=-0.014528384559463077 -0.026117587395021694 -0.022463301772410012 0.016438704929497169 0.033139374039415401 -0.017180088792596152 -0.035167267171389564 0.0058167420991958735 0.019281892227949699 0.024383818852033085 -0.00043173638241174425
leaf_weight=7.7602556645870253 4.2003165185451499 4.4204800352454212 6.6944554746150988 5.5096961110830298 5.6333150193095207 5.3025218248367301 6.3891352191567412 8.3742296695709211 4.997427299618721 7.5382943004369736
leaf_count=29 17 17 23 20 21 20 26 30 19 28
internal_value=7.29132e-05 -0.00425838 0.00433807 0.01098 0.00107621 -0.0162984 -0.00685004 0.00583633 0.00028862 0.00946111
internal_weight=66.8201 38.1499 22.2579 17.8375 12.3278 15.892 10.5895 28.6702 20.296 12.5357
internal_count=250 144 81 64 44 63 43 106 76 47
is_linear=0
shrinkage=0.05


Tree=169
num_leaves=10
num_cat=0
split_feature=4 29 29 7 11 16 2 17 16
split_gain=0.603736 0.511216 0.57865 0.967023 0.640108 5.03316e-05 3.1786e-05 1.32778e-05 4.48733e-06
threshold=0.024108197542607037 0.0053127443568387065 0.0044184144934866785 62.792499732971201 64.582899703979507 0.02119129952569844 -0.0017466089540491001 0.002745846640772156 0.043055391093871638
decision_type=2 2 2 2 2 2 2 2 2
left_child=1 2 3 5 -5 -1 -2 -3 -8
right_child=6 7 -4 4 -6 -7 8 -9 -10
leaf_value=-0.03446975094728761 -0.034276905406878513 -0.033770347697643394 0.040142833930030875 0.032341149881226071 -0.010438754672543172 -0.033842002120426727 -0.033901573967358663 -0.034185477987313466 -0.033646598686025507
leaf_weight=0.50542088225483872 0.48827435867860913 0.38879642216488708 1.2156787719577549 2.1793745062313978 1.460311140399426 0.86713057244196534 0.2957657524384556 0.38174335146322846 0.41422576084733009
leaf_count=17 20 26 7 19 39 52 17 17 36
internal_value=-0.0011721 0.00444289 0.00919622 0.00169036 0.015177 -0.0340732 -0.0339664 -0.033976 -0.0337528
internal_weight=8.19672 6.99846 6.22792 5.01224 3.63969 1.37255 1.19827 0.77054 0.709992
internal_count=250 177 134 127 58 69 73 43 53
is_linear=0
shrinkage=0.05


Tree=170
num_leaves=10
num_cat=0
split_feature=1 4 8 0 17 17 22 18 31
split_gain=0.557724 1.34211 1.11847 1.81458 1.44091 1.43691 1.36491 1.22261 0.847128
threshold=0.025376446867029005 0.020478284861607476 0.0017398862930203265 0.0080367959609779511 -0.0075094123244592009 -0.014680013561489041 -0.0022904163912597082 -0.30319452060374524 0.26799529653780385
decision_type=2 2 2 2 2 2 2 2 2
left_child=2 -2 3 4 5 -1 -4 -8 -3
right_child=1 8 6 -5 -6 -7 7 -9 -10
leaf_value=0.0047612547379018797 -0.024574427106586652 0.017505700779770202 -0.0077230363056124754 -0.029640918672725076 0.017296886204011423 -0.027401399601089144 0.0063524299407565479 0.038979792475692172 -0.0081591424610827131
leaf_weight=9.4713850468397158 7.0023426711559322 5.4956199228763563 5.2361579537391689 5.1721673756837836 10.26373952627182 5.4830523878335962 5.6015443801879892 5.8905102387070629 7.7485343664884567
leaf_count=39 26 20 18 20 38 22 20 21 26
internal_value=7.02928e-05 -0.00687009 0.00305252 -0.00266284 0.00287027 -0.0070312 0.0134357 0.0230763 0.0024904
internal_weight=67.3651 20.2465 47.1186 30.3903 25.2182 14.9544 16.7282 11.4921 13.2442
internal_count=250 72 178 119 99 61 59 41 46
is_linear=0
shrinkage=0.05


Tree=171
num_leaves=9
num_cat=0
split_feature=19 19 23 13 8 31 5 1
split_gain=0.626405 1.9579 1.47391 1.09503 1.28872 1.30914 1.25305 0.859968
threshold=-0.034260511791974528 -0.011298954547856009 0.0036573242474281513 40.842370646634869 0.0017398862930203265 0.054888948572355871 0.021121992209319033 -0.013345747581097465
decision_type=2 2 2 2 2 2 2 2
left_child=2 -2 7 -3 5 -5 -6 -1
right_child=1 3 -4 4 6 -7 -8 -9
leaf_value=0.00092539241918975597 -0.023552953454533194 -0.016787595221233128 -0.012378840020846963 0.036300418494152074 -0.013314528638405765 0.0022215433425645742 0.01213748976281393 0.026923747991167812
leaf_weight=5.1759532541036615 9.3483060300350171 6.3926299959421149 6.3208857104182234 5.6869821250438708 10.706550374627115 5.5863286256790161 8.8189559280872327 8.2515582889318466
leaf_count=20 36 29 24 22 36 21 31 31
internal_value=6.86057e-05 -0.00309756 0.0075301 0.00204403 0.00595274 0.0194131 -0.00181878 0.0169021
internal_weight=66.2882 46.5398 19.7484 37.1914 30.7988 11.2733 19.5255 13.4275
internal_count=250 175 75 139 110 43 67 51
is_linear=0
shrinkage=0.05


Tree=172
num_leaves=10
num_cat=0
split_feature=13 13 23 26 22 3 16 10 31
split_gain=0.582273 0.627392 0.862504 0.760958 0.721279 4.71621e-05 8.59523e-06 8.03468e-06 7.96017e-06
threshold=57.067711127759758 55.10131549076609 -0.00099286337003323655 0.039865672502344414 0.00085918318370781243 -0.018478686608167701 0.041908694801459999 -0.036009409266770716 0.18327140212422663
decision_type=2 2 2 2 2 2 2 2 2
left_child=1 2 5 4 -4 7 8 -1 -2
right_child=6 -3 3 -5 -6 -7 -8 -9 -10
leaf_value=-0.034023966289633813 -0.033724320714048302 0.043081076585433475 -0.03465586090526359 0.043255664699830748 0.014493400418605125 -0.034406804827099992 -0.033616640293408051 -0.033697469033087228 -0.03404635348914898
leaf_weight=0.35059231333434582 0.34266383852809645 0.90922936517745245 1.1620091507211339 1.2180868186987934 2.0873802322894335 0.75500033749267348 0.38811877788975835 0.40738101676106453 0.43613050645217299
leaf_count=15 27 9 36 13 36 28 36 31 19
internal_value=-0.00114724 0.0043847 -0.00149845 0.00955169 -0.00308279 -0.0341271 -0.0338089 -0.0338485 -0.0339047
internal_weight=8.05659 6.88968 5.98045 4.46748 3.24939 1.51297 1.16691 0.757973 0.778794
internal_count=250 168 159 85 72 74 82 46 46
is_linear=0
shrinkage=0.05


Tree=173
num_leaves=8
num_cat=0
split_feature=4 1 14 7 1 17 12
split_gain=0.541973 0.995707 1.30253 0.973738 1.35204 1.04113 1.32131
threshold=0.047338373287008399 0.042903524122921984 0.98598526839198231 63.71000003814698 -0.0166753827351892 0.012814376183235733 -0.0080601795742946368
decision_type=2 2 2 2 2 2 2
left_child=1 3 -3 5 -5 6 -1
right_child=-2 2 -4 4 -6 -7 -8
leaf_value=0.0053338897393598837 0.014918904695393032 -0.031293712554490427 0.0020119717107059901 0.0094614923860658808 -0.022125335691245127 -0.010167346693917235 0.032790563042488875
leaf_weight=22.346848711371418 5.6277622133493415 5.7812619656324369 5.9637800008058548 5.6971992552280417 8.3576354235410673 7.5984641239047042 5.4505115002393785
leaf_count=89 22 22 20 20 31 27 19
internal_value=7.02616e-05 -0.00129527 -0.0143821 0.00181298 -0.00932145 0.0062342 0.0107176
internal_weight=66.8235 61.1957 11.745 49.4507 14.0548 35.3958 27.7974
internal_count=250 228 42 186 51 135 108
is_linear=0
shrinkage=0.05


Tree=174
num_leaves=11
num_cat=0
split_feature=26 26 18 20 18 24 31 23 22 26
split_gain=0.622043 1.46097 1.4699 1.49609 1.27422 0.822814 0.890844 0.818913 1.25266 1.14607
threshold=0.0059314848699386644 0.02611721104091325 -0.63983421580918287 0.054500769792728117 0.3063307622333305 0.013207649438565007 -0.016093437407268874 1.0000000180025095e-35 0.00085918318370781243 -0.016868635283571628
decision_type=2 2 2 2 2 2 2 2 2 2
left_child=7 5 -3 4 -4 6 -2 9 -9 -1
right_child=1 2 3 -5 -6 -7 -8 8 -10 -11
leaf_value=-0.020079345392126535 -0.025194934176159575 -0.021910883862580312 0.015681318584195181 0.032518001046375776 -0.016880003501433399 -0.032433024352917526 0.0042128609472084624 0.031441150717755349 0.0022449921632381065 0.010063799109356553
leaf_weight=5.8221400827169418 4.380738988518714 4.3213056698441532 6.6141299754381198 5.4070935547351828 5.5054698958992958 5.0420559197664252 6.2483581751584998 5.9289716482162467 9.6589154601097089 6.8793093562126177
leaf_count=24 18 17 23 20 21 21 24 20 36 26
internal_value=7.25924e-05 -0.00414849 0.00420772 0.0106474 0.000889957 -0.0157983 -0.00790744 0.00567087 0.01335 -0.00375333
internal_weight=65.8085 37.5192 21.848 17.5267 12.1196 15.6712 10.6291 28.2893 15.5879 12.7014
internal_count=250 144 81 64 44 63 42 106 56 50
is_linear=0
shrinkage=0.05


Tree=175
num_leaves=10
num_cat=0
split_feature=4 29 19 32 26 21 2 17 16
split_gain=0.565663 0.479213 0.536456 1.50149 0.395243 6.73155e-05 2.92026e-05 1.2433e-05 3.47382e-06
threshold=0.024108197542607037 0.0053127443568387065 -0.0051572431413661737 -0.2556041009366265 0.01344173506750468 0.0025336981609509483 -0.0017466089540491001 0.002745846640772156 0.043055391093871638
decision_type=2 2 2 2 2 2 2 2 2
left_child=1 2 4 -4 -1 -5 -2 -3 -8
right_child=6 7 3 5 -6 -7 8 -9 -10
leaf_value=0.0011344116428457418 -0.034242445316064914 -0.033746438249674111 0.054259778918912899 -0.033886417269756795 0.034555443197340031 -0.034545651703111711 -0.033862592380328994 -0.03415806159505768 -0.033630827516722944
leaf_weight=1.4976301845163105 0.4684065580368042 0.36794494371861208 0.66559630632400502 1.1451993095688529 2.1612895410507917 0.58507022121921171 0.27665300760418154 0.36585795553401113 0.38903241977095604
leaf_count=22 20 26 2 69 20 21 17 17 36
internal_value=-0.00125272 0.00420797 0.00883269 -0.00955948 0.0208759 -0.0341093 -0.03394 -0.0339517 -0.0337271
internal_weight=7.92268 6.78859 6.05479 2.39587 3.65892 1.73027 1.13409 0.733803 0.665685
internal_count=250 177 134 92 42 90 73 43 53
is_linear=0
shrinkage=0.05


Tree=176
num_leaves=8
num_cat=0
split_feature=25 13 26 26 13 20 3
split_gain=0.566776 1.11711 1.01015 2.55412 1.16164 1.22763 0.758011
threshold=0.010034604235751645 53.093915465774664 0.026841080934217557 0.016477600502263882 44.325072162890514 0.070564998542820626 -0.014465392934409514
decision_type=2 2 2 2 2 2 2
left_child=2 -2 3 4 -1 -6 -4
right_child=1 -3 6 -5 5 -7 -8
leaf_value=0.012685084239383419 0.021635106046365003 -0.0034614016516653027 -0.029542680354088521 0.027421966737796944 -0.018775507458999613 0.0060096006068731823 -0.0035277341799875642
leaf_weight=6.8767619878053692 7.9630776196718243 10.005737736821173 5.3317637145519257 7.4444272071123114 15.44243933260441 7.3854488879442206 5.896985322237013
leaf_count=28 31 37 19 30 57 26 22
internal_value=7.75875e-05 0.00766039 -0.00273887 0.00123333 -0.00532993 -0.0107568 -0.0158805
internal_weight=66.3466 17.9688 48.3778 37.1491 29.7047 22.8279 11.2287
internal_count=250 68 182 141 111 83 41
is_linear=0
shrinkage=0.05


Tree=177
num_leaves=8
num_cat=0
split_feature=13 23 23 26 22 11 26
split_gain=0.593995 0.915725 1.05271 1.39162 1.84316 0.899413 0.856413
threshold=39.78815856254743 -0.011779449662485062 -0.0079032621528606888 0.008259156823366311 -0.0061618486561614829 63.5865000152588 0.027699433520321119
decision_type=2 2 2 2 2 2 2
left_child=6 -2 -3 5 -5 -4 -1
right_child=1 2 3 4 -6 -7 -8
leaf_value=-0.024899015896390916 -0.014784313884603323 0.025381608618669227 0.0016451259458163392 0.012150045308455783 -0.017894018999174956 0.022528788985759322 0.0040427690714748459
leaf_weight=5.3173775747418386 6.9889625310897818 5.4015167206525794 11.230096921324732 8.082075282931326 13.857971116900446 9.5315680056810361 4.9221546351909637
leaf_count=28 26 18 42 30 52 34 20
internal_value=7.20358e-05 0.00212743 0.00458455 0.00195384 -0.00682666 0.0112327 -0.0109867
internal_weight=65.3317 55.0922 48.1032 42.7017 21.94 20.7617 10.2395
internal_count=250 202 176 158 82 76 48
is_linear=0
shrinkage=0.05


Tree=178
num_leaves=10
num_cat=0
split_feature=4 8 8 4 23 18 2 30 16
split_gain=0.542019 0.467007 0.747501 0.552684 1.03733 0.000143728 2.67829e-05 1.85382e-05 2.96356e-06
threshold=0.024108197542607037 0.022858581872044741 -0.0066703889199838671 0.020478284861607476 0.0077039173898337818 -0.84929958615347878 -0.0017466089540491001 0.0026166790787178766 0.043055391093871638
decision_type=2 2 2 2 2 2 2 2 2
left_child=1 2 3 4 -1 -4 -2 -7 -8
right_child=6 -3 5 -5 -6 7 8 -9 -10
leaf_value=-0.034615252308083523 -0.034213636879606178 0.0245710634245789 -0.034993075899500826 0.042497304897992361 0.031468848106030498 -0.034229696627652205 -0.033839094284912975 -0.033771995011194371 -0.033620846038718968
leaf_weight=1.2712590736337008 0.45292223617434502 1.9593715984374283 0.541588363237679 0.88612636877223838 1.1143800588324664 0.38110674591735028 0.26570187369361498 0.5273507391102612 0.3751706201583147
leaf_count=53 20 32 14 12 13 18 17 35 36
internal_value=-0.00129162 0.00404995 -0.00446553 0.00877853 -0.00374604 -0.0343484 -0.0339193 -0.033964 -0.0337113
internal_weight=7.77498 6.68118 4.72181 3.27177 2.38564 1.45005 1.09379 0.908457 0.640872
internal_count=250 177 145 78 66 67 73 53 53
is_linear=0
shrinkage=0.05


Tree=179
num_leaves=7
num_cat=0
split_feature=25 13 1 1 15 18
split_gain=0.528672 1.0316 0.968534 1.98728 0.86916 1.06551
threshold=0.010034604235751645 51.274843406964472 -0.034838615539592714 -0.0166753827351892 0.024678450661651551 -0.10434142558342233
decision_type=2 2 2 2 2 2
left_child=2 -2 -1 -4 -5 -6
right_child=1 -3 3 4 5 -7
leaf_value=-0.02028129832515458 0.021816033007496766 -0.0026065011447832373 0.02367572798344578 -0.021840076844495803 -0.012004758608560212 0.0077207107773165085
leaf_weight=6.7030149996280661 7.3369672670960453 10.528661504387854 7.4041710644960395 6.2000251561403266 12.41609951853752 15.260718390345575
leaf_count=26 29 39 28 23 47 58
internal_value=8.10351e-05 0.00742322 -0.00265264 0.000209816 -0.00491893 -0.00112833
internal_weight=65.8497 17.8656 47.984 41.281 33.8768 27.6768
internal_count=250 68 182 156 128 105
is_linear=0
shrinkage=0.05


Tree=180
num_leaves=9
num_cat=0
split_feature=19 19 23 13 8 31 1 1
split_gain=0.597248 1.78775 1.39236 0.994435 1.16813 1.2825 1.19297 0.807269
threshold=-0.034260511791974528 -0.011298954547856009 0.0036573242474281513 40.842370646634869 0.0017398862930203265 0.054888948572355871 0.020588253627280565 0.010908732969928893
decision_type=2 2 2 2 2 2 2 2
left_child=2 -2 7 -3 5 -5 -6 -1
right_child=1 3 -4 4 6 -7 -8 -9
leaf_value=0.0051156170511111243 -0.022853372271573826 -0.016315640293592469 -0.012112202669609893 0.035621131504782307 -0.016555059012090974 0.0015515063620709394 0.0087123754560059549 0.029926496817337264
leaf_weight=7.0727287605404872 9.1183766797184926 6.2172599360346785 6.2013501152396193 5.5269783884286898 8.003622233867647 5.521982729434967 11.220096990466116 6.1113361418247223
leaf_count=28 36 29 24 22 28 21 39 23
internal_value=7.43746e-05 -0.00305046 0.00742621 0.00189804 0.00563868 0.018594 -0.00180749 0.0166164
internal_weight=64.9937 45.6083 19.3854 36.4899 30.2727 11.049 19.2237 13.1841
internal_count=250 175 75 139 110 43 67 51
is_linear=0
shrinkage=0.05


Tree=181
num_leaves=10
num_cat=0
split_feature=13 29 34 19 25 21 22 16 31
split_gain=0.526296 0.528511 0.613864 1.01204 0.522316 7.18284e-05 1.30428e-05 7.02576e-06 5.76321e-06
threshold=57.067711127759758 0.0053127443568387065 0.9084267073535528 -0.0051572431413661737 0.0055682211413676805 0.0025336981609509483 0.0054258861086167185 0.041908694801459999 0.18327140212422663
decision_type=2 2 2 2 2 2 2 2 2
left_child=1 2 3 4 -1 -5 -3 8 -2
right_child=7 6 -4 5 -6 -7 -8 -9 -10
leaf_value=-0.0031618205866806464 -0.033705945099045696 -0.03374909400772607 0.04435892498883439 -0.033865624819533834 0.036330414052929499 -0.034613146196090926 -0.034162932756747241 -0.033591365337384986 -0.033990580509225647
leaf_weight=1.672603841871023 0.32028920995071508 0.49808193370699871 1.0268979715183375 0.88659167429432295 1.676361260935664 0.50406305305659771 0.30820182687602937 0.35176146728917956 0.39985762629657984
leaf_count=27 27 37 7 55 15 14 13 36 19
internal_value=-0.00128818 0.00400977 0.0093114 0.00171791 0.0166065 -0.0341366 -0.0339073 -0.0337745 -0.033864
internal_weight=7.64471 6.5728 5.76652 4.73962 3.34897 1.39065 0.806284 1.07191 0.720147
internal_count=250 168 118 111 42 69 50 82 46
is_linear=0
shrinkage=0.05


Tree=182
num_leaves=8
num_cat=0
split_feature=4 1 18 11 0 0 1
split_gain=0.541959 0.915503 1.20551 0.894271 0.971469 2.03327 0.880724
threshold=0.047338373287008399 0.042903524122921984 0.42259741731999767 59.434099960327153 0.0088135326162109857 0.0047220670894556624 0.0084322621694238337
decision_type=2 2 2 2 2 2 2
left_child=1 3 -3 -1 5 -5 -6
right_child=-2 2 -4 4 6 -7 -8
leaf_value=0.017613559248179887 0.015058464001920928 -0.032021214253561123 0.00052822788436456935 -0.0022643749124490096 -0.028277858495609754 0.033084999039460626 0.0002679753807971965
leaf_weight=7.4735157117247573 5.5269048362970343 5.1313727498054487 6.3831334412097931 25.320890568196777 5.4233638793230039 4.8465184271335593 5.3850000873208046
leaf_count=30 22 20 22 98 19 18 21
internal_value=7.65585e-05 -0.00130433 -0.0139772 0.00170752 -0.00119356 0.00341465 -0.0140556
internal_weight=65.4907 59.9638 11.5145 48.4493 40.9758 30.1674 10.8084
internal_count=250 228 42 186 156 116 40
is_linear=0
shrinkage=0.05


Tree=183
num_leaves=9
num_cat=0
split_feature=31 12 2 22 0 0 30 22
split_gain=0.586364 1.55402 1.87253 0.888497 1.94328 1.60491 1.34254 1.23548
threshold=-0.65169832812483863 -0.0367714194080574 -0.034363688477525071 -0.0026725611452455551 -0.00055803520281222363 0.0012001147166267325 0.0064075205522092791 0.0051204262257879005
decision_type=2 2 2 2 2 2 2 2
left_child=-1 2 -2 4 -3 7 -7 -5
right_child=1 3 -4 5 -6 6 -8 -9
leaf_value=0.016931695427738487 -0.00028824388576625465 -0.0093511172887261861 -0.042906842897464742 -0.0048706898293081023 0.025186517996545588 -0.0018617654589093936 -0.03049187787969744 0.02404639416876031
leaf_weight=4.7801659181714049 5.9556377530097961 6.6928988099098232 4.5436185300350171 7.3437114506959897 10.403618037700651 10.77655975520611 6.6039713323116294 7.4318325221538544
leaf_count=18 26 27 22 28 35 42 23 29
internal_value=8.09065e-05 -0.00126716 -0.0187317 0.00245578 0.0116658 -0.00244094 -0.0127402 0.00967408
internal_weight=64.532 59.7518 10.4993 49.2526 17.0965 32.1561 17.3805 14.7755
internal_count=250 232 48 184 62 122 65 57
is_linear=0
shrinkage=0.05


Tree=184
num_leaves=11
num_cat=0
split_feature=4 23 25 8 14 0 3 2 12 18
split_gain=0.508686 0.425733 0.851398 0.51716 0.976222 0.000336959 3.19905e-05 2.51538e-05 3.64796e-06 2.3847e-06
threshold=0.024108197542607037 -0.00099286337003323655 -0.025064776352012427 0.022858581872044741 0.27140979840211782 -0.0070363230232534093 -0.018478686608167701 -0.0017466089540491001 -0.05684879468494082 -0.10434142558342233
decision_type=2 2 2 2 2 2 2 2 2 2
left_child=1 2 -1 4 -3 -6 8 -2 -4 -9
right_child=7 3 6 -5 5 -7 -8 9 -10 -11
leaf_value=0.047666569250140983 -0.034190903746975372 0.023392019862075814 -0.033899443280760978 0.034985583980083494 -0.035694538981884676 -0.034005271942218758 -0.034231098690355392 -0.033773455988470244 -0.033654438511861159 -0.033570423443551663
leaf_weight=0.40754225011914957 0.43506330670788884 1.7782827229239049 0.26413416303694237 1.5982477236539123 0.50176408793777161 0.71708790771663233 0.84444690262898792 0.3597603477537632 0.35764548531733453 0.24184832815080859
leaf_count=3 20 24 14 18 14 35 36 26 33 27
internal_value=-0.00138517 0.00382549 -0.0162616 0.012016 -0.000232683 -0.0347007 -0.0340307 -0.0339013 -0.0337585 -0.0336918
internal_weight=7.50582 6.46915 1.87377 4.59538 2.99713 1.21885 1.46623 1.03667 0.62178 0.601609
internal_count=250 177 86 91 73 49 83 73 47 53
is_linear=0
shrinkage=0.05


Tree=185
num_leaves=9
num_cat=0
split_feature=12 3 15 10 16 16 16 23
split_gain=0.513123 1.63744 0.992347 1.19447 0.870206 1.33299 0.899529 0.825573
threshold=-0.0367714194080574 -0.034046905912905927 0.025790610387866012 0.0026738204748459706 0.019984316803336791 0.024303730953912441 0.030318589710012854 -0.0038989786443754944
decision_type=2 2 2 2 2 2 2 2
left_child=1 7 3 -2 -4 -6 -7 -1
right_child=2 -3 4 -5 5 6 -8 -9
leaf_value=0.0116014728854619 -0.0023900911657411448 0.034217323190869092 -0.01557267939939944 -0.032466759844222565 0.029371494852376528 -0.018952132808276654 0.0054512318243686896 -0.015307413532927167
leaf_weight=5.6511054188013068 8.8289279341697675 4.3063471913337699 5.836609184741973 5.2723582535982123 4.8992439061403301 4.6655069589614895 19.810963183641434 5.7513331398367873
leaf_count=22 33 20 21 20 18 18 74 24
internal_value=7.95998e-05 0.00794936 -0.0024273 -0.0136355 0.00206119 0.00556483 0.00079966 -0.00197124
internal_weight=65.0224 15.7088 49.3136 14.1013 35.2123 29.3757 24.4765 11.4024
internal_count=250 66 184 53 131 110 92 46
is_linear=0
shrinkage=0.05


Tree=186
num_leaves=8
num_cat=0
split_feature=19 19 25 25 23 2 8
split_gain=0.563311 1.67013 1.34209 1.47252 0.977477 1.0556 1.86551
threshold=-0.034260511791974528 -0.011298954547856009 -0.0061218489327488071 0.0089422337438602745 -0.011779449662485062 0.054329580941907436 0.0017398862930203265
decision_type=2 2 2 2 2 2 2
left_child=2 -2 -1 -4 -3 6 -6
right_child=1 4 3 -5 5 -7 -8
leaf_value=-0.016123662662453891 -0.022320961803504992 -0.018756537968722869 0.029109654184785828 -0.0029927922101343142 0.013387552360901592 0.022272806923962912 -0.01450957444367618
leaf_weight=4.6394927501678493 8.9381443634629232 4.9698291197419158 8.0048681125044805 6.4507018625736228 12.641778349876409 6.962526097893714 11.393569655716417
leaf_count=20 36 19 30 25 53 24 43
internal_value=8.10078e-05 -0.00297786 0.00727454 0.0147842 0.001829 0.00512944 0.000163369
internal_weight=64.0009 44.9058 19.0951 14.4556 35.9677 30.9979 24.0353
internal_count=250 175 75 55 139 120 96
is_linear=0
shrinkage=0.05


Tree=187
num_leaves=10
num_cat=0
split_feature=13 13 23 26 22 3 16 10 31
split_gain=0.488436 0.494702 0.724076 0.598319 0.627576 3.33325e-05 6.37172e-06 5.67658e-06 5.42969e-06
threshold=57.067711127759758 55.10131549076609 -0.00099286337003323655 0.039865672502344414 0.00085918318370781243 -0.018478686608167701 0.041908694801459999 -0.038606530747822561 0.18327140212422663
decision_type=2 2 2 2 2 2 2 2 2
left_child=1 2 5 4 -4 7 8 -1 -2
right_child=6 -3 3 -5 -6 -7 -8 -9 -10
leaf_value=-0.03395090763841984 -0.033683282345817453 0.038713960508738529 -0.034562161153070987 0.038912786287494228 0.013413931390877832 -0.03428926428805041 -0.033573835534683134 -0.033655208919437296 -0.033967486216233682
leaf_weight=0.2941410019993782 0.30020915507338919 0.87048169225454319 1.0494461404159676 1.1587495333515105 1.9449137849733231 0.66909992462023982 0.3266997248865664 0.36211366439238191 0.38177145225927234
leaf_count=14 27 9 36 13 36 28 36 32 19
internal_value=-0.00143483 0.00370006 -0.00186335 0.00840527 -0.00340046 -0.0340409 -0.0337554 -0.0337877 -0.0338424
internal_weight=7.35763 6.34895 5.47846 4.15311 2.99436 1.32535 1.00868 0.656255 0.681981
internal_count=250 168 159 85 72 74 82 46 46
is_linear=0
shrinkage=0.05


Tree=188
num_leaves=8
num_cat=0
split_feature=4 1 14 11 19 29 23
split_gain=0.491466 0.847868 1.15172 0.843229 0.885456 1.03609 0.992128
threshold=0.047338373287008399 0.042903524122921984 0.98598526839198231 59.434099960327153 -0.034260511791974528 0.0077778823066305689 0.0011060457034802742
decision_type=2 2 2 2 2 2 2
left_child=1 3 -3 -1 5 -5 -6
right_child=-2 2 -4 4 6 -7 -8
leaf_value=0.01724069314769135 0.014439497542007268 -0.030113019101449728 0.001817184005836902 -0.029963345749634347 0.011239449484760631 0.0014593733004694574 -0.0071481899253798917
leaf_weight=7.3579227402806273 5.4569571614265433 5.4447089880704862 5.8676380664110184 5.0516884252428955 16.843796044588096 5.457180954515934 12.996096059679983
leaf_count=30 22 22 20 21 64 20 51
internal_value=8.33236e-05 -0.00124406 -0.013551 0.0016742 -0.00116447 -0.0136458 0.00323113
internal_weight=64.476 59.019 11.3123 47.7067 40.3488 10.5089 29.8399
internal_count=250 228 42 186 156 41 115
is_linear=0
shrinkage=0.05


Tree=189
num_leaves=8
num_cat=0
split_feature=30 30 33 12 17 31 7
split_gain=0.569432 2.24599 0.860034 1.0508 1.17537 1.38213 0.764304
threshold=0.012121920221580431 0.019717058138473468 0.9850000000000001 -0.0367714194080574 -0.0075094123244592009 -0.032878136533775047 62.602500152587901
decision_type=2 2 2 2 2 2 2
left_child=2 -2 3 -1 -5 -6 -3
right_child=1 6 -4 4 5 -7 -8
leaf_value=-0.0094281963219978136 -0.029183650440758019 -0.0059507312681931351 -0.012409493235269716 0.026622881237020619 -0.010523435237396839 0.01529028893635056 0.020382166846426304
leaf_weight=8.431045249104498 7.1658504456281689 5.7058178186416608 7.4839666038751593 8.2366714477539045 8.9856697022914904 12.261142715811731 5.3292454034090042
leaf_count=37 30 22 30 34 33 45 19
internal_value=8.46006e-05 -0.00738743 0.00308024 0.00613777 0.010589 0.00437319 0.00676641
internal_weight=63.5994 18.2009 45.3985 37.9145 29.4835 21.2468 11.0351
internal_count=250 71 179 149 112 78 41
is_linear=0
shrinkage=0.05


Tree=190
num_leaves=9
num_cat=0
split_feature=4 29 29 33 23 2 17 18
split_gain=0.474186 0.415803 0.444159 0.778355 0.734575 2.30969e-05 9.1117e-06 2.03775e-06
threshold=0.024108197542607037 0.0053127443568387065 0.0044184144934866785 0.91500000000000015 0.0053002131135493355 -0.0017466089540491001 0.002745846640772156 -0.10434142558342233
decision_type=2 2 2 2 2 2 2 2
left_child=1 2 3 4 -1 -2 -3 -7
right_child=5 6 -4 -5 -6 7 -8 -9
leaf_value=-0.034390725652392269 -0.034161979077317155 -0.033716191508443287 0.036235969848194403 0.03887345963057165 0.011915232073699999 -0.03374863159543328 -0.034086787605511169 -0.033554623848031921
leaf_weight=1.6637598995584997 0.41659839265048504 0.33119284105487157 1.1125734243541954 1.0375034492462871 1.7650357764214275 0.338688422460109 0.33224300504662097 0.22543926234357048
leaf_count=83 20 26 7 8 36 26 17 27
internal_value=-0.00155874 0.00351917 0.00796925 0.000927893 -0.0105539 -0.0338796 -0.0339018 -0.0336711
internal_weight=7.22303 6.24231 5.57887 4.4663 3.4288 0.980726 0.663436 0.564128
internal_count=250 177 134 127 119 73 43 53
is_linear=0
shrinkage=0.05


Tree=191
num_leaves=9
num_cat=0
split_feature=30 18 25 33 12 20 6 21
split_gain=0.497633 1.96566 1.08071 1.01114 1.23607 1.55383 2.36974 0.818846
threshold=0.012121920221580431 0.50549543900741212 0.0005742204483144554 0.9850000000000001 -0.044868181526559324 0.011527915337545715 0.87538247380704115 -0.00051231168376147929
decision_type=2 2 2 2 2 2 2 2
left_child=3 2 -2 4 -1 7 -7 -6
right_child=1 -3 -4 -5 5 6 -8 -9
leaf_value=0.014311781037087032 -0.021617088595230424 0.032583573774948589 0.007979426338705459 0.013997200903077878 -0.0371503069222461 0.028242218222083556 -0.011678047555292663 -0.012107381701856277
leaf_weight=6.2544004544615737 5.0208489820361155 5.3421084880828849 7.9971200302243233 7.565652221441268 5.8103033900260925 5.1296380013227489 13.504338398575781 7.4488471150398272
leaf_count=27 20 21 30 30 22 19 52 29
internal_value=9.17435e-05 0.0070447 -0.00343554 -0.00270082 -0.00601247 -0.00999816 -0.000688632 -0.0230815
internal_weight=64.0733 18.3601 13.018 45.7132 38.1475 31.8931 18.634 13.2592
internal_count=250 71 50 179 149 122 71 51
is_linear=0
shrinkage=0.05


Tree=192
num_leaves=9
num_cat=0
split_feature=0 3 25 34 5 18 18 30
split_gain=0.553451 0.803292 1.50121 0.927995 1.31121 1.15192 1.44623 1.2477
threshold=-0.01715404086135058 -0.042100890341903001 0.0024512262357069274 -0.60820297521808142 0.015606268688846922 0.34925019647290362 -0.66502570756642032 0.0041410092022451392
decision_type=2 2 2 2 2 2 2 2
left_child=-1 2 -2 4 -3 6 -5 -7
right_child=1 3 -4 5 -6 7 -8 -9
leaf_value=-0.012199915384925486 0.034151318779043399 0.0067232003908020942 -0.0029031308687362521 -0.0063519059380077753 -0.027731083131593309 0.0064926231050217581 0.020649361713467443 -0.026094497888607401
leaf_weight=8.0031571760773641 5.0117317736148816 4.7168557271361333 6.0127278417348862 8.0993291139602608 6.6607362031936646 6.0289306193590146 12.791109271347528 5.7282440960407257
leaf_count=39 22 18 21 30 29 21 49 21
internal_value=8.59057e-05 0.00187203 0.0139419 -0.00115041 -0.0134472 0.00313499 0.0101808 -0.00938423
internal_weight=63.0528 55.0497 11.0245 44.0252 11.3776 32.6476 20.8904 11.7572
internal_count=250 211 43 168 47 121 79 42
is_linear=0
shrinkage=0.05


Tree=193
num_leaves=10
num_cat=0
split_feature=13 13 23 26 22 3 16 31 10
split_gain=0.455636 0.454467 0.661479 0.537328 0.582593 2.86091e-05 5.85105e-06 5.12668e-06 4.22312e-06
threshold=57.067711127759758 55.10131549076609 -0.00099286337003323655 0.039865672502344414 0.00085918318370781243 -0.018478686608167701 0.041908694801459999 0.18327140212422663 -0.038606530747822561
decision_type=2 2 2 2 2 2 2 2 2
left_child=1 2 5 4 -4 8 7 -2 -1
right_child=6 -3 3 -5 -6 -7 -8 -9 -10
leaf_value=-0.033899844748227 -0.033663659854973188 0.03712540021314064 -0.034512334883562978 0.037069682585118523 0.012669106857530929 -0.034233375778226653 -0.033557857499403689 -0.033947307908470663 -0.033634753476228095
leaf_weight=0.27092329226434231 0.28204531013034273 0.86099742632359255 0.99940296821296248 1.1271192375570533 1.8946437314152715 0.63117860932834424 0.30354232434183359 0.36604221444576979 0.33727008756250143
leaf_count=14 27 9 36 13 36 28 36 19 32
internal_value=-0.00155293 0.00345059 -0.002061 0.00778224 -0.00362409 -0.0339976 -0.033739 -0.0338239 -0.0337528
internal_weight=7.07317 6.12154 5.26054 4.02117 2.89405 1.23937 0.95163 0.648088 0.608193
internal_count=250 168 159 85 72 74 82 46 46
is_linear=0
shrinkage=0.05


Tree=194
num_leaves=7
num_cat=0
split_feature=31 31 17 4 2 18
split_gain=0.487954 1.29658 0.94636 1.43779 1.15707 1.05101
threshold=0.58054538681379519 0.42679666164620067 0.012814376183235733 0.022304768504485092 -0.015861080784847711 0.50549543900741212
decision_type=2 2 2 2 2 2
left_child=1 2 3 4 -1 -4
right_child=-2 -3 5 -5 -6 -7
leaf_value=0.011162518141694595 0.013782488756881879 -0.021606320491404696 -0.025058214793038616 0.023812046858038217 -0.0085166212211211581 0.004298032685160609
leaf_weight=13.479691505432124 5.9000748544931403 6.9260408505797377 6.2232054769992811 8.2459774911403638 16.752361208200462 5.9774156361818314
leaf_count=56 23 27 25 30 68 21
internal_value=8.76714e-05 -0.001315 0.00145813 0.00530556 0.000257799 -0.0106758
internal_weight=63.5048 57.6047 50.6787 38.478 30.2321 12.2006
internal_count=250 227 200 154 124 46
is_linear=0
shrinkage=0.05


Tree=195
num_leaves=8
num_cat=0
split_feature=0 3 25 34 5 16 30
split_gain=0.504816 0.76433 1.41808 0.868481 2.05637 1.15298 1.06997
threshold=-0.01715404086135058 -0.042100890341903001 0.0024512262357069274 -0.60820297521808142 0.015503651484853885 0.019693446076133037 0.0036756479101743848
decision_type=2 2 2 2 2 2 2
left_child=-1 2 -2 4 -3 -5 -7
right_child=1 3 -4 5 -6 6 -8
leaf_value=-0.011719716345870336 0.033455088802054916 0.015355531708788329 -0.0027143457020103214 0.022776891734109829 -0.029148067166797166 0.0080149496457589276 -0.012123303336691418
leaf_weight=7.9181490167975417 4.9380403533577901 4.0553385689854604 6.0058645159006119 5.9972722977399817 7.2115364298224449 13.95438799262047 12.50800511986017
leaf_count=39 22 16 21 22 31 53 46
internal_value=7.95074e-05 0.00178844 0.0136058 -0.00116922 -0.0131297 0.0029823 -0.00150382
internal_weight=62.5886 54.6704 10.9439 43.7265 11.2669 32.4597 26.4624
internal_count=250 211 43 168 47 121 99
is_linear=0
shrinkage=0.05


Tree=196
num_leaves=12
num_cat=0
split_feature=4 20 20 26 19 23 32 16 21 2 18
split_gain=0.444422 0.361433 0.46465 0.55612 0.46063 0.512013 0.223331 3.47635e-05 3.02473e-05 1.92113e-05 1.71841e-06
threshold=0.024108197542607037 0.054500769792728117 -0.047054593386037839 0.039040464255659331 -0.010105145627009536 -0.013774842656483653 -0.2556041009366265 0.022708667673989654 0.00025591324514329111 -0.0017466089540491001 -0.57170394871247698
decision_type=2 2 2 2 2 2 2 2 2 2 2
left_child=1 2 3 8 -4 -6 -3 -8 -1 -2 -11
right_child=9 6 4 -5 5 -7 7 -9 -10 10 -12
leaf_value=-0.033779377311044537 -0.034112315658148741 0.0092439882233140772 0.034211290343794387 0.032049542296900262 0.035423408824260254 -0.033964967583149035 -0.034484156087218047 -0.033855437381156775 -0.034328136986046788 -0.033768770440451949 -0.033582095834636651
leaf_weight=0.4624103982932859 0.39230868499726057 0.44548663124442101 2.1191832162439823 0.46360840369015921 0.44903976470231977 0.65169767197221617 0.46523150103166677 0.4168690056540072 0.54952326184138656 0.19503264222294092 0.33509593806229521
leaf_count=32 20 3 22 9 5 40 16 31 19 14 39
internal_value=-0.0015282 0.00342147 0.00993427 -0.0133006 0.0205818 -0.00565836 -0.0196133 -0.034187 -0.0340774 -0.0338471 -0.0336508
internal_weight=6.94549 6.02305 4.69546 1.47554 3.21992 1.10074 1.32759 0.882101 1.01193 0.922437 0.530129
internal_count=250 177 127 60 67 45 50 47 51 73 53
is_linear=0
shrinkage=0.05


Tree=197
num_leaves=9
num_cat=0
split_feature=4 1 14 11 13 30 15 32
split_gain=0.466834 0.776937 1.73608 0.775723 1.36934 1.58951 1.36504 0.903565
threshold=0.047338373287008399 0.042903524122921984 1.0086778831428462 62.789599914550784 51.457278168602024 0.012721816906958396 0.025267678478300141 -0.098078924360248468
decision_type=2 2 2 2 2 2 2 2
left_child=1 3 -3 6 5 -5 -1 -8
right_child=-2 2 -4 4 -6 -7 7 -9
leaf_value=-0.012746513724688706 0.014238206198070797 -0.031648576548107987 0.0080474681231207431 -0.0084657111821917937 -0.021906285899857148 0.021966034164870436 0.0072234713004053624 0.032377459472133621
leaf_weight=5.4481808096170452 5.3364408388733855 5.9038140028715116 5.1630449593067169 11.091831095516687 7.667662449181079 6.9981858134269705 9.8229037225246429 5.6085952520370457
leaf_count=23 22 24 18 47 29 28 37 22
internal_value=8.94318e-05 -0.00121904 -0.0131291 0.00160717 -0.00419866 0.00330692 0.0087694 0.0163657
internal_weight=63.0407 57.7042 11.0669 46.6374 25.7577 18.09 20.8797 15.4315
internal_count=250 228 42 186 104 75 82 59
is_linear=0
shrinkage=0.05


Tree=198
num_leaves=11
num_cat=0
split_feature=13 26 3 1 1 25 34 10 32 31
split_gain=0.501817 0.806973 0.791572 0.98898 1.31952 1.52778 0.913066 1.22442 0.89162 1.40144
threshold=39.78815856254743 0.027699433520321119 -0.0079225391523003435 0.025376446867029005 0.0084322621694238337 -0.0020926799625824439 -0.58873335618808087 -0.014523961812142433 0.047512508715038225 0.40169700997193775
decision_type=2 2 2 2 2 2 2 2 2 2
left_child=1 -1 6 4 5 -4 7 -2 -5 -10
right_child=2 -3 3 8 -6 -7 -8 -9 9 -11
leaf_value=-0.024301358502980624 0.017902706677445337 0.0045949386147988444 -0.022154658272051035 0.023910804625078722 -0.0302641877375011 0.014608337701781904 0.027688847180010381 -0.012238405969074474 -0.019583361959977563 0.015822379881133143
leaf_weight=5.0149229690432531 6.9457535296678552 4.6623185873031616 4.9309510737657538 4.9788774400949505 5.8298366516828528 6.6202958524227169 5.3519229963421813 6.5437634140253076 5.4799288809299451 5.7041930705308914
leaf_count=28 26 20 21 19 22 24 23 26 20 21
internal_value=8.0965e-05 -0.0103796 0.00201337 -0.002593 -0.010872 -0.00108491 0.0102142 0.00328126 0.00630993 -0.00152551
internal_weight=62.0628 9.67724 52.3855 33.5441 17.3811 11.5512 18.8414 13.4895 16.163 11.1841
internal_count=250 48 202 127 67 45 75 52 60 41
is_linear=0
shrinkage=0.05


Tree=199
num_leaves=10
num_cat=0
split_feature=13 29 34 19 25 21 22 16 31
split_gain=0.428491 0.44677 0.506678 0.812831 0.398455 4.61852e-05 1.04833e-05 4.89936e-06 4.46521e-06
threshold=57.067711127759758 0.0053127443568387065 0.9084267073535528 -0.0051572431413661737 0.0055682211413676805 0.0025336981609509483 0.0053055677020257272 0.041908694801459999 0.18327140212422663
decision_type=2 2 2 2 2 2 2 2 2
left_child=1 2 3 4 -1 -5 -3 8 -2
right_child=7 6 -4 5 -6 -7 -8 -9 -10
leaf_value=-0.0035545867840064711 -0.033644989773917201 -0.033697902357773001 0.041406651979368242 -0.033789760558872318 0.032593480356818354 -0.034435357297479645 -0.034088748364207465 -0.033547489966116242 -0.033917290964266253
leaf_weight=1.5078257494606075 0.2669158843345939 0.41765920887701202 0.952784870751202 0.74828137550503038 1.5419215029105542 0.43987423554062843 0.29116793326102197 0.28458574041724205 0.34532945672981441
leaf_count=27 27 36 7 55 15 14 14 36 19
internal_value=-0.00151889 0.00337608 0.00846074 0.00105369 0.0147215 -0.0340288 -0.0338585 -0.0337189 -0.0337986
internal_weight=6.79635 5.89951 5.19069 4.2379 3.04975 1.18816 0.708827 0.896831 0.612245
internal_count=250 168 118 111 42 69 50 82 46
is_linear=0
shrinkage=0.05


Tree=200
num_leaves=7
num_cat=0
split_feature=31 31 17 4 2 18
split_gain=0.459885 1.16526 0.865663 1.32615 1.04498 0.936217
threshold=0.58054538681379519 0.42679666164620067 0.012814376183235733 0.022304768504485092 -0.015861080784847711 0.50549543900741212
decision_type=2 2 2 2 2 2
left_child=1 2 3 4 -1 -4
right_child=-2 -3 5 -5 -6 -7
leaf_value=0.010627954369292449 0.01346957810974047 -0.020651696166175876 -0.024062856652134569 0.02302981079008809 -0.0082336956772149847 0.0038197141872696166
leaf_weight=13.278205454349512 5.8198766410350791 6.8337357044219962 6.1028225123882276 8.0913650095462781 16.429071843624122 5.9416719079017639
leaf_count=56 23 27 25 30 68 21
internal_value=8.47722e-05 -0.00128965 0.00136498 0.0050846 0.00019686 -0.0103081
internal_weight=62.4967 56.6769 49.8431 37.7986 29.7073 12.0445
internal_count=250 227 200 154 124 46
is_linear=0
shrinkage=0.05


Tree=201
num_leaves=11
num_cat=0
split_feature=26 26 24 18 3 3 25 23 30 30
split_gain=0.497716 1.25092 1.54947 1.39558 1.3897 1.23483 0.908693 0.776332 0.903429 0.596596
threshold=0.0059314848699386644 0.02611721104091325 0.013714463482687901 -0.63983421580918287 -0.01601194309055581 0.042933868458423181 -0.00033551514938506827 0.0067664066851379498 -0.0041316099889173166 0.0092889424595810084
decision_type=2 2 2 2 2 2 2 2 2 2
left_child=7 2 6 -3 -5 -6 -2 8 -1 -10
right_child=1 3 -4 4 5 -7 -8 -9 9 -11
leaf_value=-0.014040874261882406 -0.022470383786065737 -0.022282381482241858 -0.040990522172248578 0.029459686227113948 -0.018138721246749465 0.01654098962565765 0.0075568905085383331 0.018618971784903574 0.02235640579173577 -0.0007897420313788706
leaf_weight=7.2732566967606607 4.2766384705901137 4.015129208564761 4.1250388398766509 6.1239319741725948 5.0854948684573156 5.1827039122581482 6.132494628429412 7.6945639178156844 4.6272490769624692 6.9886325672268867
leaf_count=29 19 17 19 22 22 20 25 30 19 28
internal_value=7.56433e-05 -0.00384694 -0.0150571 0.00413702 0.0106082 -0.000634709 -0.00477995 0.00523145 -0.000222003 0.00843065
internal_weight=61.5251 34.9414 14.5342 20.4073 16.3921 10.2682 10.4091 26.5837 18.8891 11.6159
internal_count=250 144 63 81 64 42 44 106 76 47
is_linear=0
shrinkage=0.05


Tree=202
num_leaves=12
num_cat=0
split_feature=4 20 20 7 19 29 32 16 2 2 18
split_gain=0.415678 0.339931 0.428404 0.521756 0.408818 0.547 0.20975 3.02012e-05 2.11919e-05 1.68114e-05 1.48984e-06
threshold=0.024108197542607037 0.054500769792728117 -0.047054593386037839 58.15399990081788 -0.010105145627009536 -0.0083043107405671428 -0.2556041009366265 0.022708667673989654 -0.029518223823077502 -0.0017466089540491001 -0.57170394871247698
decision_type=2 2 2 2 2 2 2 2 2 2 2
left_child=1 2 3 -1 -4 -6 -3 -8 -5 -2 -11
right_child=9 6 4 8 5 -7 7 -9 -10 10 -12
leaf_value=0.031260441706972397 -0.034077246717155812 0.0084725543475409459 0.033022439655479706 -0.034290158333049152 0.039916563376298481 -0.033984078514529552 -0.034446011564370708 -0.033844368409446712 -0.033803517888621286 -0.033745244022314283 -0.033565575284018802
leaf_weight=0.45033462857827478 0.37038281140848994 0.44025464355945587 2.0639639815781265 0.35556022054515779 0.40965859871357646 0.6440881653688858 0.44134134100750066 0.39551395503804088 0.60331105533987284 0.18293544463813305 0.31245152442716051
leaf_count=6 20 3 22 15 5 40 16 31 39 14 39
internal_value=-0.00150361 0.00331729 0.00974437 -0.0131341 0.0200854 -0.00525418 -0.0194645 -0.0341617 -0.033984 -0.0338224 -0.0336319
internal_weight=6.6698 5.80403 4.52692 1.40921 3.11771 1.05375 1.27711 0.836855 0.958871 0.86577 0.495387
internal_count=250 177 127 60 67 45 50 47 54 73 53
is_linear=0
shrinkage=0.05


Tree=203
num_leaves=6
num_cat=0
split_feature=4 1 26 26 6
split_gain=0.445927 0.696805 0.708462 1.10123 1.03915
threshold=0.047338373287008399 0.050930571657357489 -0.025403182559568912 -0.0077146780393106398 0.87538247380704115
decision_type=2 2 2 2 2
left_child=1 2 -1 -4 -5
right_child=-2 -3 3 4 -6
leaf_value=0.018418514938674198 0.01400128464445234 -0.014220257485669605 -0.01977123457980744 0.015973327053794572 -0.0028707847803854047
leaf_weight=5.2878760099411002 5.2683978006243697 8.7061433345079404 6.594797007739543 10.192905597388743 25.919076032936573
leaf_count=20 22 33 25 44 106
internal_value=8.67335e-05 -0.00120615 0.00115459 -0.000983 0.00244812
internal_weight=61.9692 56.7008 47.9947 42.7068 36.112
internal_count=250 228 195 175 150
is_linear=0
shrinkage=0.05


Tree=204
num_leaves=11
num_cat=0
split_feature=26 26 18 3 3 23 22 26 2 22
split_gain=0.468765 1.16212 1.3088 1.30997 1.1405 0.755684 1.05624 1.05613 0.703919 1.08844
threshold=0.0059314848699386644 0.02611721104091325 -0.63983421580918287 -0.01601194309055581 0.042933868458423181 1.0000000180025095e-35 0.00085918318370781243 -0.016868635283571628 0.01534543052844395 -0.0022904163912597082
decision_type=2 2 2 2 2 2 2 2 2 2
left_child=5 8 -3 -4 -5 7 -7 -1 9 -2
right_child=1 2 3 4 -6 6 -8 -9 -10 -11
leaf_value=-0.020495666853231013 0.0081638626157375313 -0.021760330798397856 0.028600503614373336 -0.017536024314943204 0.01586252610558463 0.029798710037479716 0.0021431257398863627 0.0095152313539129812 -0.029771345656279105 -0.026190790631999045
leaf_weight=5.4414141997694969 5.3817961961030951 3.9753391444683102 6.0862523317337063 5.0699047297239286 5.1552696228027344 5.5770128667354575 9.0633618235588056 6.3556696176528948 4.9971771240234366 4.0334493368864051
leaf_count=24 22 17 22 22 20 20 36 26 21 20
internal_value=7.39509e-05 -0.00374766 0.00396489 0.0102345 -0.000697335 0.00508982 0.0126781 -0.00432732 -0.0146038 -0.00655352
internal_weight=61.1366 34.6992 20.2868 16.3114 10.2252 26.4375 14.6404 11.7971 14.4124 9.41525
internal_count=250 144 81 64 42 106 56 50 63 42
is_linear=0
shrinkage=0.05


Tree=205
num_leaves=10
num_cat=0
split_feature=13 29 34 19 25 21 22 16 12
split_gain=0.400392 0.419244 0.468525 0.744886 0.377204 3.81329e-05 1.28148e-05 4.09598e-06 3.82585e-06
threshold=57.067711127759758 0.0053127443568387065 0.9084267073535528 -0.0051572431413661737 0.0055682211413676805 0.0025336981609509483 0.0055846042454041908 0.041908694801459999 0.054422404787665545
decision_type=2 2 2 2 2 2 2 2 2
left_child=1 2 3 4 -1 -5 -3 8 -2
right_child=7 6 -4 5 -6 -7 -8 -9 -10
leaf_value=-0.0039530450243199025 -0.033649592955169769 -0.033673532520973909 0.04036889252358123 -0.033759531925820672 0.031621514822334149 -0.034366171190513044 -0.034122905986775164 -0.03353355466060351 -0.033907585138652142
leaf_weight=1.4780597137287257 0.30524659529328335 0.41470164153724898 0.92440570797771204 0.69988118344917916 1.5027021579444406 0.41127147991210222 0.25694656185805798 0.26495064725168049 0.27152312779799104
leaf_count=27 32 39 7 55 15 14 11 36 14
internal_value=-0.00151071 0.0032522 0.0082193 0.000956373 0.0139813 -0.0339841 -0.0338454 -0.0336963 -0.033771
internal_weight=6.52969 5.68797 5.01632 4.09191 2.98076 1.11115 0.671648 0.84172 0.57677
internal_count=250 168 118 111 42 69 50 82 46
is_linear=0
shrinkage=0.05


Tree=206
num_leaves=10
num_cat=0
split_feature=16 12 16 18 30 19 31 29 6
split_gain=0.44661 1.76867 0.955911 0.971876 1.56684 1.46405 1.71404 1.23281 0.707135
threshold=0.019693446076133037 -0.019811331895996157 0.023410521951111509 0.34925019647290362 0.0092889424595810084 -0.009126572595774261 -0.13701535458403083 -0.0061767512851969011 1.0918570143777555
decision_type=2 2 2 2 2 2 2 2 2
left_child=1 -1 -2 5 8 6 -4 -7 -5
right_child=2 -3 3 4 -6 7 -8 -9 -10
leaf_value=0.010233898418785449 0.017503514600037268 -0.029271621382392379 -0.018722580504718932 0.011295218010247573 0.029549343756007259 -0.0015700093163082155 0.019758341628124905 -0.033683788930867341 -0.013346249653236639
leaf_weight=5.8577596470713615 8.3993074148893339 5.4870019406080228 4.7317899763584137 5.24244073033333 5.6945118606090537 5.2895132899284327 7.4499219879508001 6.8698965907096916 6.5479056015610695
leaf_count=26 33 22 19 21 23 22 30 29 25
internal_value=8.67848e-05 -0.00887332 0.00211067 -0.000980451 0.00801228 -0.00744016 0.00481105 -0.0197138 -0.00238971
internal_weight=61.57 11.3448 50.2253 41.826 17.4849 24.3411 12.1817 12.1594 11.7903
internal_count=250 48 202 169 69 100 49 51 46
is_linear=0
shrinkage=0.05


Tree=207
num_leaves=10
num_cat=0
split_feature=13 26 3 1 1 25 12 1 15
split_gain=0.474299 0.746497 0.71042 0.911191 1.23079 1.40069 0.87 1.57984 0.849649
threshold=39.78815856254743 0.027699433520321119 -0.0079225391523003435 0.025376446867029005 0.0084322621694238337 -0.0020926799625824439 -0.02511249447760816 -0.011980311302192346 0.038322488500930639
decision_type=2 2 2 2 2 2 2 2 2
left_child=1 -1 6 4 5 -4 7 -2 -5
right_child=2 -3 3 8 -6 -7 -8 -9 -10
leaf_value=-0.023903276472082138 0.016365868097878735 0.0042988496731490838 -0.021513466653524313 0.016674882684295091 -0.029502091573556811 0.014114113859660932 0.024533987116803543 -0.020911894520359662 -0.0066527417537412181
leaf_weight=4.850749731063841 7.272965833544732 4.5448562428355217 4.7821031138300869 8.6863251477479917 5.673092544078826 6.5200236737728163 6.497716322541236 4.6653711348772058 7.0888807326555243
leaf_count=28 28 20 21 34 22 24 28 19 26
internal_value=6.48704e-05 -0.0102613 0.00196031 -0.00245922 -0.010499 -0.000960462 0.00981129 0.00179813 0.00619218
internal_weight=60.5821 9.39561 51.1865 32.7504 16.9752 11.3021 18.4361 11.9383 15.7752
internal_count=250 48 202 127 67 45 75 47 60
is_linear=0
shrinkage=0.05


Tree=208
num_leaves=13
num_cat=0
split_feature=4 20 20 5 23 32 32 16 2 2 18 16
split_gain=0.393613 0.321261 0.412127 0.483672 0.33405 0.540715 0.18883 2.40777e-05 2.07694e-05 1.48726e-05 1.77541e-06 3.50047e-07
threshold=0.024108197542607037 0.054500769792728117 -0.047054593386037839 0.013430418829887714 0.0042449080137474402 -0.21408175768480789 -0.2556041009366265 0.022708667673989654 -0.029518223823077502 -0.0017466089540491001 -0.63983421580918287 0.053773974745742671
decision_type=2 2 2 2 2 2 2 2 2 2 2 2
left_child=1 2 3 -1 5 -4 -3 -8 -5 -2 -11 -12
right_child=9 6 4 8 -6 -7 7 -9 -10 10 11 -13
leaf_value=0.030178289204156508 -0.034048224338217435 0.0073476882780948429 0.042417092306554494 -0.034259199232993018 0.031287947163683924 -0.033954144024156453 -0.034370026653218345 -0.033814334790845245 -0.033766370035491725 -0.033756068970280995 -0.033597619442434848 -0.033490890655199571
leaf_weight=0.43296459876000815 0.35390155436471105 0.42355498299002647 0.37929130531847455 0.33973371190950274 2.054379197768867 0.59587145829573374 0.41066968883387722 0.3710704711265862 0.57663886295631528 0.15518090687692165 0.16813602368347336 0.14146226574666798
leaf_count=4 20 3 4 15 22 41 16 31 41 12 18 23
internal_value=-0.00142674 0.00332 0.00961195 -0.0133724 0.019849 -0.00424941 -0.0195388 -0.0341063 -0.0339491 -0.033804 -0.033618 -0.0335489
internal_weight=6.40286 5.58417 4.37888 1.34934 3.02954 0.975163 1.2053 0.78174 0.916373 0.818681 0.464779 0.309598
internal_count=250 177 127 60 67 45 50 47 56 73 53 41
is_linear=0
shrinkage=0.05


Tree=209
num_leaves=9
num_cat=0
split_feature=32 21 18 8 1 30 30 9
split_gain=0.436852 1.30713 2.23446 0.893392 1.18619 1.29504 1.29414 0.664894
threshold=0.38323301436954565 0.0032469187252929248 -0.53078121626184582 -0.026176387269737363 0.042903524122921984 0.011873770381587103 0.0045613534137450848 66.857249450683597
decision_type=2 2 2 2 2 2 2 2
left_child=3 2 -2 -1 5 6 -5 -4
right_child=1 -3 7 4 -6 -7 -8 -9
leaf_value=-0.021947693689747697 0.04205537729218653 -0.016309214751355237 0.012750208945298805 0.0086843276346981243 -0.016546598226585729 0.02352397018412682 -0.016450822121541774 -0.013835770464992328
leaf_weight=5.2971231341361991 4.7303517162799844 4.7444974929094306 4.8794823586940765 12.991608060896402 8.3585312962532026 7.0160168930888167 8.4530707597732526 4.5396815985441208
leaf_count=22 19 20 20 54 32 28 34 21
internal_value=8.5317e-05 0.00640214 0.0140175 -0.0027485 1.3654e-05 0.00487718 -0.00122345 -6.32299e-05
internal_weight=61.0104 18.894 14.1495 42.1164 36.8192 28.4607 21.4447 9.41916
internal_count=250 80 60 170 148 116 88 41
is_linear=0
shrinkage=0.05


Tree=210
num_leaves=8
num_cat=0
split_feature=19 19 23 13 15 11 29
split_gain=0.472047 1.43354 1.14961 0.957652 0.933001 1.5419 0.695735
threshold=-0.034260511791974528 -0.018419264408128074 0.0036573242474281513 40.842370646634869 0.023843762681046505 63.096099967956555 0.0089398781337763928
decision_type=2 2 2 2 2 2 2
left_child=2 -2 6 -3 -5 -6 -1
right_child=1 3 -4 4 5 -7 -8
leaf_value=0.024678677783553826 -0.02894728985985633 -0.017311346900332512 -0.011558870242334571 -0.01742243261262038 -0.0041987034749676857 0.019764322417578837 -0.00027504823113610018
leaf_weight=7.7043708227574843 4.669020637869834 6.3253721520304671 5.7305281460285178 4.3630727678537395 13.74358304589987 13.122604042291639 4.3819867298007011
leaf_count=32 21 32 24 15 53 54 19
internal_value=6.11686e-05 -0.00281874 0.00688616 0.000429723 0.00402311 0.00750587 0.0156315
internal_weight=60.0405 42.2237 17.8169 37.5546 31.2293 26.8662 12.0864
internal_count=250 175 75 154 122 107 51
is_linear=0
shrinkage=0.05


Tree=211
num_leaves=11
num_cat=0
split_feature=4 26 3 5 21 13 2 21 18 16
split_gain=0.380725 0.309322 0.663802 0.462126 0.758223 8.71906e-05 1.44506e-05 1.24257e-05 1.55672e-06 3.10587e-07
threshold=0.024108197542607037 0.039865672502344414 -0.013563182374807135 0.023982006377964434 0.0029543841542430953 29.141708835049076 -0.0017466089540491001 0.0027557726860134584 -0.63983421580918287 0.053773974745742671
decision_type=2 2 2 2 2 2 2 2 2 2
left_child=1 2 5 4 -4 -1 -2 -7 -8 -10
right_child=6 -3 3 -5 -6 7 8 -9 9 -11
leaf_value=-0.034853995925386135 -0.034037743592242632 0.025348746286488671 -0.034555714785593064 0.03990732284186671 0.025145014357420472 -0.033683728514968758 -0.033738942696834896 -0.034058977991168186 -0.033588175463096268 -0.033486026773778682
leaf_weight=0.25245096627622776 0.34383846493437886 1.2310063792392609 1.0087603330612194 0.88429609406739462 1.1249055718071757 0.64534441963769495 0.14921788312494755 0.3351891606580466 0.16211109980940808 0.13755842624232173
leaf_count=6 20 26 48 5 15 60 12 17 18 23
internal_value=-0.00140569 0.00327784 -0.00311354 0.00951544 -0.00308046 -0.0340254 -0.0337938 -0.033812 -0.033607 -0.0335413
internal_weight=6.27468 5.48195 4.25095 3.01796 2.13367 1.23298 0.792726 0.980534 0.448887 0.29967
internal_count=250 177 151 68 63 83 73 77 53 41
is_linear=0
shrinkage=0.05


Tree=212
num_leaves=8
num_cat=0
split_feature=25 13 1 1 21 18 3
split_gain=0.437469 0.832806 0.813313 1.62021 0.725792 1.26366 1.25197
threshold=0.010034604235751645 51.274843406964472 -0.034838615539592714 -0.0166753827351892 0.00096570780090388119 -0.26596801450385227 0.057178818761517321
decision_type=2 2 2 2 2 2 2
left_child=2 -2 -1 -4 6 -6 -5
right_child=1 -3 3 4 5 -7 -8
leaf_value=-0.019334597929278982 0.020483779529410773 -0.0023448954648495023 0.022413296900236288 -0.023103703066024696 -0.015986494077131739 0.013451731286344762 0.0068879790490985306
leaf_weight=6.1813033372163764 6.7760979607701328 9.734047479927538 6.7583325654268256 9.7677442431449908 5.6875252500176421 10.15287174284458 5.405120611190795
leaf_count=26 29 39 28 43 24 42 19
internal_value=8.51376e-05 0.00702445 -0.0025215 0.000229959 -0.00460418 0.00288188 -0.0124196
internal_weight=60.463 16.5101 43.9529 37.7716 31.0133 15.8404 15.1729
internal_count=250 68 182 156 128 66 62
is_linear=0
shrinkage=0.05


Tree=213
num_leaves=10
num_cat=0
split_feature=30 30 33 11 25 7 2 2 7
split_gain=0.45524 1.83134 0.730193 0.883173 1.51374 1.1392 1.12992 0.700645 0.654346
threshold=0.012121920221580431 0.019717058138473468 0.9850000000000001 62.789599914550784 -0.0020926799625824439 66.833998870849612 -0.029518223823077502 0.0068486316165935488 62.602500152587901
decision_type=2 2 2 2 2 2 2 2 2
left_child=2 -2 3 4 -1 6 -5 -6 -3
right_child=1 8 -4 5 7 -7 -8 -9 -10
leaf_value=-0.021624163032830979 -0.027507732731592585 -0.0060474804930617382 -0.011956344768853502 0.026154746805353946 -0.0050236896953427517 0.034417540002910085 -0.0052589838063011023 0.019351176036833194 0.019086078749848343
leaf_weight=6.3752109482884434 6.5794701650738743 5.305431164801119 6.9989286139607421 4.425532914698123 5.2948865666985494 4.8300872445106497 8.1050614938139933 6.6519890055060387 5.058990865945816
leaf_count=28 30 22 30 18 21 21 36 25 19
internal_value=5.75804e-05 -0.00687649 0.00281029 0.00570666 -0.00195036 0.0137877 0.00583566 0.00854817 0.00622049
internal_weight=59.6256 16.9439 42.6817 35.6828 18.3221 17.3607 12.5306 11.9469 10.3644
internal_count=250 71 179 149 74 75 54 46 41
is_linear=0
shrinkage=0.05


Tree=214
num_leaves=10
num_cat=0
split_feature=13 29 34 19 25 21 22 16 31
split_gain=0.369574 0.382195 0.406443 0.677334 0.337321 3.11122e-05 1.17292e-05 3.63584e-06 3.60175e-06
threshold=57.067711127759758 0.0053127443568387065 0.9084267073535528 -0.0051572431413661737 0.0055682211413676805 0.0025336981609509483 0.0055846042454041908 0.041908694801459999 0.18327140212422663
decision_type=2 2 2 2 2 2 2 2 2
left_child=1 2 3 4 -1 -5 -3 8 -2
right_child=7 6 -4 5 -6 -7 -8 -9 -10
leaf_value=-0.003721745125662047 -0.033601336828824373 -0.033649679254813762 0.038910525689041527 -0.033715632506692128 0.030588734323890622 -0.034287213399445272 -0.03409762044776176 -0.033515622442132131 -0.033863186365683001
leaf_weight=1.4215934532694521 0.23174488614313293 0.37655845936387766 0.87150795198976982 0.6367308432236316 1.4440138656646011 0.38025439623743296 0.23882660921663046 0.24042053893208504 0.30307126534171402
leaf_count=27 27 39 7 55 15 14 11 36 19
internal_value=-0.00140564 0.00325365 0.00805303 0.00112659 0.0135677 -0.0339293 -0.0338235 -0.0336771 -0.0337497
internal_weight=6.14472 5.36949 4.7541 3.88259 2.86561 1.01699 0.615385 0.775237 0.534816
internal_count=250 168 118 111 42 69 50 82 46
is_linear=0
shrinkage=0.05


Tree=215
num_leaves=7
num_cat=0
split_feature=11 32 11 20 19 25
split_gain=0.661259 0.680775 1.05937 1.24714 0.96583 0.958472
threshold=58.799200019836434 0.029209048085689613 62.789599914550784 -0.08255881786476614 -0.011298954547856009 0.003342924397658154
decision_type=2 2 2 2 2 2
left_child=-1 4 -3 -4 -2 -5
right_child=1 2 3 5 -6 -7
leaf_value=0.020016839036232754 0.0042295500327180517 0.017057136129226321 0.01302930667647751 -0.018621448579824854 -0.02173566716702089 0.0017964763163396903
leaf_weight=3.89211581647396 6.280732996761798 9.0899603068828565 9.456726677715773 11.642291054129606 8.3332878127694112 11.352284744381903
leaf_count=15 25 38 38 51 35 48
internal_value=8.66653e-05 -0.00129469 0.0019706 -0.00225531 -0.0105765 -0.00854124
internal_weight=60.0474 56.1553 41.5413 32.4513 14.614 22.9946
internal_count=250 235 175 137 60 99
is_linear=0
shrinkage=0.05


Tree=216
num_leaves=9
num_cat=0
split_feature=19 19 23 13 8 31 1 29
split_gain=0.472127 1.37062 1.04863 0.814353 0.94514 1.13422 0.88031 0.657699
threshold=-0.034260511791974528 -0.011298954547856009 0.0036573242474281513 40.842370646634869 0.0017398862930203265 0.1206223260781621 0.019235426896459743 0.0089398781337763928
decision_type=2 2 2 2 2 2 2 2
left_child=2 -2 7 -3 5 -5 -6 -1
right_child=1 3 -4 4 6 -7 -8 -9
leaf_value=0.024151442958451307 -0.021243148003202216 -0.015445197645006495 -0.010848613001642913 0.033336834066726634 -0.016289283937580157 -0.00052818224336505302 0.0068059155252599111 -0.00022256287029506663
leaf_weight=7.6213602498173731 8.141229681670664 5.7732553742825976 5.6414882764220229 5.3022122383117694 6.5412309765815762 4.6328215301036835 11.174764692783354 4.3458308577537537
leaf_count=32 36 29 24 24 25 19 42 19
internal_value=6.07937e-05 -0.00284611 0.00692257 0.0016349 0.00520106 0.0175452 -0.00172146 0.0153001
internal_weight=59.1742 41.5655 17.6087 33.4243 27.651 9.93503 17.716 11.9672
internal_count=250 175 75 139 110 43 67 51
is_linear=0
shrinkage=0.05


Tree=217
num_leaves=13
num_cat=0
split_feature=4 20 20 5 23 32 18 24 2 2 18 16
split_gain=0.35804 0.297708 0.365857 0.462702 0.304064 0.501045 0.170162 0.000181449 1.81598e-05 1.27213e-05 1.41528e-06 2.71548e-07
threshold=0.024108197542607037 0.054500769792728117 -0.047054593386037839 0.013342075155358376 0.0042449080137474402 -0.23276836200620579 -1.3185104804323797 -0.017600508243531873 -0.029518223823077502 -0.0017466089540491001 -0.63983421580918287 0.053773974745742671
decision_type=2 2 2 2 2 2 2 2 2 2 2 2
left_child=1 2 3 -1 5 -4 -3 -8 -5 -2 -11 -12
right_child=9 6 4 8 -6 -7 7 -9 -10 10 11 -13
leaf_value=0.031176879416274401 -0.034009370183963723 0.0056281265335580491 0.042209676570129258 -0.03420820589637999 0.03017174812037067 -0.033918668969977035 -0.035503808175723607 -0.033885088697669187 -0.03373014930606854 -0.033723690500722575 -0.033574444924771234 -0.03347565483879799
leaf_weight=0.40077517367899351 0.3288718715775758 0.41875666566193104 0.35068767890334085 0.31273305253125727 1.9743798756971953 0.56331274076365057 0.30056138103827834 0.40829925122670807 0.54456905229017138 0.14098077500239015 0.15289145149290551 0.1276244951877743
leaf_count=3 20 8 3 15 22 42 10 32 42 12 18 23
internal_value=-0.00146065 0.00313705 0.00933196 -0.0131721 0.0191339 -0.00470941 -0.0196428 -0.0345714 -0.0339045 -0.0337763 -0.0335945 -0.0335295
internal_weight=6.02444 5.27407 4.14646 1.25808 2.88838 0.914 1.12762 0.708861 0.857302 0.750369 0.421497 0.280516
internal_count=250 177 127 60 67 45 50 42 57 73 53 41
is_linear=0
shrinkage=0.05


Tree=218
num_leaves=7
num_cat=0
split_feature=11 32 11 20 19 19
split_gain=0.614581 0.651039 0.951318 1.1594 0.937145 0.90214
threshold=58.799200019836434 0.029209048085689613 62.789599914550784 -0.08255881786476614 -0.029660475453974152 -0.011298954547856009
decision_type=2 2 2 2 2 2
left_child=-1 5 -3 -4 -5 -2
right_child=1 2 3 4 -6 -7
leaf_value=0.019413248248384186 0.0039603512455549635 0.016317259420966172 0.012731751550655446 -0.026622084002222421 -0.0025857228724982242 -0.021189682132348259
leaf_weight=3.8481288850307456 6.2690650895237914 9.016559571027754 9.387958079576487 5.2751581668853715 17.534374713897716 8.2684644907712919
leaf_count=15 25 38 38 25 74 35
internal_value=8.72857e-05 -0.00124665 0.00196234 -0.0020576 -0.00814461 -0.0103442
internal_weight=59.5997 55.7516 41.2141 32.1975 22.8095 14.5375
internal_count=250 235 175 137 99 60
is_linear=0
shrinkage=0.05


Tree=219
num_leaves=7
num_cat=0
split_feature=0 14 4 21 29 21
split_gain=0.467294 0.726073 0.903736 0.935653 1.91714 1.35487
threshold=-0.01715404086135058 0.10649494720239873 0.014295340763912619 -0.0017309435371875568 0.0014032743461628307 0.0020652006836550112
decision_type=2 2 2 2 2 2
left_child=-1 -2 -3 4 -4 -5
right_child=1 2 3 5 -6 -7
leaf_value=-0.011688700006512176 0.022140704546060305 -0.015269880069669797 0.011837025043313604 0.019943755448197348 -0.026536925165691269 -0.0027557545330900305
leaf_weight=7.3922598659992209 4.0261661037802687 8.0232902839779836 6.355698540806765 13.122172556817537 6.6709975749254227 13.172380492091177
leaf_count=39 16 36 26 53 24 56
internal_value=6.52098e-05 0.0017566 2.31425e-05 0.0031436 -0.00781435 0.00857233
internal_weight=58.763 51.3707 47.3445 39.3212 13.0267 26.2946
internal_count=250 211 195 159 50 109
is_linear=0
shrinkage=0.05


Tree=220
num_leaves=11
num_cat=0
split_feature=4 26 3 33 21 13 2 21 18 16
split_gain=0.344604 0.286824 0.59736 0.308635 0.769699 7.86941e-05 1.16282e-05 8.82575e-06 1.28054e-06 2.57598e-07
threshold=0.024108197542607037 0.039865672502344414 -0.013563182374807135 0.91500000000000015 0.0029543841542430953 29.141708835049076 -0.0017466089540491001 0.0027557726860134584 -0.63983421580918287 0.053773974745742671
decision_type=2 2 2 2 2 2 2 2 2 2
left_child=1 2 5 4 -4 -1 -2 -7 -8 -10
right_child=6 -3 3 -5 -6 7 8 -9 9 -11
leaf_value=-0.03479004517435362 -0.03399083237346516 0.024592313943600577 -0.034493793877787164 0.03332518613211146 0.028203075609013584 -0.033661764680351182 -0.033712891791736137 -0.033992978809664315 -0.033569367584852801 -0.033471674403919266
leaf_weight=0.24178562266752102 0.31811543833464384 1.1868523370940236 0.95129002211615521 0.88634829781949509 1.008451303001493 0.59437586180865765 0.13596704974770546 0.3039968830998987 0.14854867733083654 0.1236377980094403
leaf_count=6 20 26 49 6 13 60 12 17 18 23
internal_value=-0.00151239 0.00301555 -0.00340864 0.00884215 -0.002231 -0.0339893 -0.0337642 -0.0337738 -0.0335876 -0.033525
internal_weight=5.89937 5.1731 3.98625 2.84609 1.95974 1.14016 0.726269 0.898373 0.408154 0.272186
internal_count=250 177 151 68 62 83 73 77 53 41
is_linear=0
shrinkage=0.05


Tree=221
num_leaves=9
num_cat=0
split_feature=11 32 21 18 8 18 0 14
split_gain=0.588182 0.619208 1.22222 2.0511 0.888215 1.08799 1.25218 0.628491
threshold=58.799200019836434 0.38323301436954565 0.0032469187252929248 -0.53078121626184582 -0.026176387269737363 -0.89228002599946665 0.0099447874182597724 0.48594652110805331
decision_type=2 2 2 2 2 2 2 2
left_child=-1 4 3 -3 -2 -6 -7 -5
right_child=1 2 -4 7 5 6 -8 -9
leaf_value=0.019040302975868242 -0.024735785440488749 0.041115253863610098 -0.016002004314709575 0.012546555417514239 -0.023967725454761252 0.010683082640333547 -0.011133614540503796 -0.013732159140157763
leaf_weight=3.8281761556863776 4.9154900759458533 4.5738251358270654 4.599163591861724 4.800240159034729 4.7633471414446822 16.382209278643135 10.98862139135599 4.3254930600523949
leaf_count=15 21 19 20 23 20 70 44 18
internal_value=8.60174e-05 -0.00122496 0.00630024 0.0137875 -0.00494163 -0.00191376 0.00192429 9.07456e-05
internal_weight=59.1766 55.3484 18.2987 13.6996 37.0497 32.1342 27.3708 9.12573
internal_count=250 235 80 60 155 134 114 41
is_linear=0
shrinkage=0.05


Tree=222
num_leaves=8
num_cat=0
split_feature=19 19 25 25 23 13 8
split_gain=0.451457 1.25 0.9828 1.18045 0.802872 0.848915 1.06299
threshold=-0.034260511791974528 -0.011298954547856009 -0.0061218489327488071 0.010651203163546953 -0.011779449662485062 40.842370646634869 0.0017398862930203265
decision_type=2 2 2 2 2 2 2
left_child=2 -2 -1 -4 -3 -6 -7
right_child=1 4 3 -5 5 6 -8
leaf_value=-0.014482291711592071 -0.020479140052674347 -0.018023785642898048 0.025463043982646899 -0.0051036739410480966 -0.013469355752062371 0.023792509397713775 0.0011179990793966912
leaf_weight=4.1291532367467907 8.0393462404608709 4.5359628349542609 8.0411043837666494 5.2018569856882086 5.2762964889407185 7.7941983267664936 15.345292076468466
leaf_count=20 36 19 33 22 26 35 59
internal_value=6.06536e-05 -0.00280214 0.00681568 0.0134564 0.00151057 0.00462881 0.00875558
internal_weight=58.3632 40.9911 17.3721 13.243 32.9517 28.4158 23.1395
internal_count=250 175 75 55 139 120 94
is_linear=0
shrinkage=0.05


Tree=223
num_leaves=9
num_cat=0
split_feature=13 26 25 23 6 3 16 31
split_gain=0.338064 0.321779 0.366397 0.454259 0.284835 1.57548e-05 3.34111e-06 3.57112e-06
threshold=57.067711127759758 -0.019858456272093424 -0.01211456262799415 -0.00099286337003323655 1.1049818788879133 -0.018478686608167701 0.041908694801459999 0.21210712498341697
decision_type=2 2 2 2 2 2 2 2
left_child=1 -1 -3 5 -5 -4 7 -2
right_child=6 2 3 4 -6 -7 -8 -9
leaf_value=-0.034563941619238085 -0.033597666498179933 0.034034767979356499 -0.033654386551079218 -0.0033089402295419686 0.02968219146164628 -0.034106221768779164 -0.033498831952664003 -0.033865515840077486
leaf_weight=0.51079948619008053 0.24459155835211266 0.99940610816702236 0.34718339773826301 1.7182844774797565 1.0565156890079377 0.43422021879814554 0.21695228992030025 0.25332563533447683
leaf_count=29 29 13 35 50 18 23 36 17
internal_value=-0.00147457 0.00306715 0.00728655 -0.000230542 0.00925256 -0.0339055 -0.0336626 -0.0337339
internal_weight=5.78128 5.06641 4.55561 3.5562 2.7748 0.781404 0.714869 0.497917
internal_count=250 168 139 126 68 58 82 46
is_linear=0
shrinkage=0.05


Tree=224
num_leaves=7
num_cat=0
split_feature=11 32 26 11 13 19
split_gain=0.555048 0.581138 0.90836 0.962357 1.13945 0.814651
threshold=58.799200019836434 0.029209048085689613 0.031230376109483541 62.789599914550784 43.802957839915372 -0.011298954547856009
decision_type=2 2 2 2 2 2
left_child=-1 5 3 -3 -5 -2
right_child=1 2 -4 4 -6 -7
leaf_value=0.018596644786136911 0.003798521488283402 0.021745261113752953 -0.012171509299919054 0.020592749956329745 -0.0049270982992815869 -0.020258016557006708
leaf_weight=3.7882084250450125 6.2045847177505484 7.3161100372672108 8.982186906039713 5.716160140931609 18.628600582480431 8.1311869621276838
leaf_count=15 25 30 39 28 78 35
internal_value=8.48257e-05 -0.00119069 0.00186232 0.00584372 0.00106497 -0.00984624
internal_weight=58.767 54.9788 40.6431 31.6609 24.3448 14.3358
internal_count=250 235 175 136 106 60
is_linear=0
shrinkage=0.05


Tree=225
num_leaves=9
num_cat=0
split_feature=19 19 25 25 24 22 16 20
split_gain=0.4435 1.16943 0.919355 1.10326 0.773117 1.78802 0.837704 0.775066
threshold=-0.034260511791974528 -0.011298954547856009 -0.0061218489327488071 0.010651203163546953 -1.0000000180025095e-35 -0.001409224330561065 0.033010182584390292 -0.0071474625918118142
decision_type=2 2 2 2 2 2 2 2
left_child=2 -2 -1 -4 7 -6 -7 -3
right_child=1 4 3 -5 5 6 -8 -9
leaf_value=-0.013908677852161148 -0.019946833603014389 -0.0177482719094567 0.024878978904060073 -0.0047460371202323742 0.03044145552417854 -0.017125868923363225 0.010144350794909841 0.0047311807931855222
leaf_weight=4.0965133607387569 7.98138853162527 7.8566691316664219 7.9813621863722783 5.1838667616248131 6.095481175929307 5.5040788203477877 5.7665720731019974 7.4900372549891454
leaf_count=20 36 34 33 22 26 24 23 32
internal_value=6.16078e-05 -0.00278707 0.00677731 0.013214 0.00139963 0.00862549 -0.0031732 -0.00677706
internal_weight=57.956 40.6942 17.2617 13.1652 32.7128 17.3661 11.2707 15.3467
internal_count=250 175 75 55 139 73 47 66
is_linear=0
shrinkage=0.05


Tree=226
num_leaves=10
num_cat=0
split_feature=13 8 8 23 29 18 30 16 12
split_gain=0.324464 0.308716 0.478629 0.294373 0.562189 7.23251e-05 8.84466e-06 3.04851e-06 3.29259e-06
threshold=57.067711127759758 0.022858581872044741 -0.0066703889199838671 0.0053002131135493355 -0.012763905690121978 -0.89228002599946665 0.0070081563086216167 0.041908694801459999 0.054422404787665545
decision_type=2 2 2 2 2 2 2 2 2
left_child=1 2 3 4 -1 -4 -7 8 -2
right_child=7 -3 5 -5 -6 6 -8 -9 -10
leaf_value=0.044244016611353826 -0.033594891189287837 0.022411134517406159 -0.034700183740593436 0.021869217868779479 -0.034176958771025605 -0.034012465551475884 -0.033604446955770022 -0.033494781342300821 -0.033856536924112321
leaf_weight=0.31660923291929055 0.24551423080265511 1.4410429657436905 0.45351091353222728 1.4011721685528753 0.82157351751811836 0.32945638173259817 0.22253287327475846 0.21018954832106829 0.23564911633729935
leaf_count=3 32 23 15 21 62 21 23 36 14
internal_value=-0.00155358 0.00289747 -0.00503516 0.00652596 -0.0123625 -0.0342323 -0.033848 -0.0336536 -0.033723
internal_weight=5.67725 4.9859 3.54486 2.53935 1.13818 1.0055 0.551989 0.691353 0.481163
internal_count=250 168 145 86 65 59 44 82 46
is_linear=0
shrinkage=0.05


Tree=227
num_leaves=8
num_cat=0
split_feature=11 32 21 18 8 18 0
split_gain=0.527566 0.570705 1.1756 1.56598 0.815934 0.990264 1.1472
threshold=58.799200019836434 0.38323301436954565 0.0032469187252929248 -0.4317941543411275 -0.026176387269737363 -0.89228002599946665 0.0099447874182597724
decision_type=2 2 2 2 2 2 2
left_child=-1 4 3 -3 -2 -6 -7
right_child=1 2 -4 -5 5 6 -8
leaf_value=0.018172436375819865 -0.023844745680238165 0.035896998298496123 -0.015799789398286978 0.00055217167074124223 -0.023109090183999002 0.010290340039165152 -0.01072319246841175
leaf_weight=3.7728973329067221 4.8532489389181128 4.9549510776996621 4.5708904787898055 8.5265765339136124 4.6623981446027782 16.157178476452831 10.861012667417524
leaf_count=15 21 21 20 39 20 70 44
internal_value=8.99516e-05 -0.00115988 0.00611314 0.0135427 -0.00475368 -0.00182906 0.00184313
internal_weight=58.3592 54.5863 18.0524 13.4815 36.5338 31.6806 27.0182
internal_count=250 235 80 60 155 134 114
is_linear=0
shrinkage=0.05


Tree=228
num_leaves=9
num_cat=0
split_feature=0 19 19 8 2 31 14 17
split_gain=0.451574 0.632437 0.938703 0.907031 0.953491 0.764636 0.733648 0.685805
threshold=-0.01715404086135058 -0.048867405145294966 -0.011298954547856009 -0.0012252348849246266 0.053516475726069108 -0.032878136533775047 0.54459291122011277 -0.0013207908933895412
decision_type=2 2 2 2 2 2 2 2
left_child=-1 5 6 7 -5 -2 -3 -4
right_child=1 2 3 4 -6 -7 -8 -9
leaf_value=-0.011623463095308826 0.00035294244230222834 -0.029555622157699364 0.02798160868597907 -0.01231722854858016 0.010436840693840847 0.026374697998984255 -0.002320732854795355 0.0015056452964429497
leaf_weight=7.2324694246053687 6.2563840672373772 4.472665540873999 5.2362058609724045 11.34306015074254 7.7494637370109549 5.1443649753928167 5.5300198867917061 4.5898696333169919
leaf_count=39 27 23 23 47 28 20 22 21
internal_value=5.88972e-05 0.00173793 -0.00129577 0.00327101 -0.00308158 0.0120948 -0.0144987 0.0156144
internal_weight=57.5545 50.322 38.9213 28.9186 19.0925 11.4007 10.0027 9.82608
internal_count=250 211 164 119 75 47 45 44
is_linear=0
shrinkage=0.05


Tree=229
num_leaves=11
num_cat=0
split_feature=4 26 3 5 21 13 2 21 18 16
split_gain=0.319629 0.268843 0.549725 0.367118 0.606562 6.80609e-05 1.17259e-05 8.39033e-06 9.26746e-07 2.04187e-07
threshold=0.024108197542607037 0.039865672502344414 -0.013563182374807135 0.023982006377964434 0.0029543841542430953 29.141708835049076 -0.0017466089540491001 0.0027557726860134584 -0.63983421580918287 0.053773974745742671
decision_type=2 2 2 2 2 2 2 2 2 2
left_child=1 2 5 4 -4 -1 -2 -7 -8 -10
right_child=6 -3 3 -5 -6 7 8 -9 9 -11
leaf_value=-0.034730914408789053 -0.033985729782518806 0.024057003795894729 -0.034388771075233027 0.037172513066799438 0.022429374925270279 -0.033639905785706824 -0.033679310804988656 -0.033972304710352931 -0.033552852896167072 -0.033462282307783309
leaf_weight=0.22706423234194495 0.30209147557616234 1.1498411139473317 0.86239635339006859 0.7878572130575775 1.031608910532668 0.54799247579649091 0.12329416396096349 0.29047779296524823 0.13776577659882594 0.11349505302496254
leaf_count=6 20 26 48 5 15 60 12 17 18 23
internal_value=-0.00154261 0.00290801 -0.0035813 0.00848971 -0.0034416 -0.033963 -0.033754 -0.0337551 -0.033567 -0.0335119
internal_weight=5.57388 4.89724 3.7474 2.68186 1.89401 1.06553 0.676646 0.83847 0.374555 0.251261
internal_count=250 177 151 68 63 83 73 77 53 41
is_linear=0
shrinkage=0.05


Tree=230
num_leaves=7
num_cat=0
split_feature=11 16 8 16 23 1
split_gain=0.500958 0.588641 1.14887 0.881351 1.00769 0.740259
threshold=58.799200019836434 0.041908694801459999 0.020452021723413642 0.033351993129051467 -0.0031390389992162477 -0.0035289104290280866
decision_type=2 2 2 2 2 2
left_child=-1 2 3 4 -2 -3
right_child=1 5 -4 -5 -6 -7
leaf_value=0.01777980662593507 0.014921821574007352 -0.0091564041162254233 -0.02060041648984233 -0.019126321172665377 -0.0045081529401407678 0.016000345695879256
leaf_weight=3.7435920387506476 11.535819523036476 4.3015804886817941 8.3990609869360906 5.0108700692653647 15.830156370997432 9.1328137442469561
leaf_count=15 50 22 36 21 69 37
internal_value=8.98735e-05 -0.00113174 -0.00412236 0.000152305 0.00368233 0.00794537
internal_weight=57.9539 54.2103 40.7759 32.3768 27.366 13.4344
internal_count=250 235 176 140 119 59
is_linear=0
shrinkage=0.05


Tree=231
num_leaves=8
num_cat=0
split_feature=13 23 22 8 17 26 19
split_gain=0.4321 0.697912 0.834256 1.66643 1.34342 1.27423 0.607793
threshold=39.78815856254743 -0.011779449662485062 -0.0026725611452455551 -0.0035177361836316074 0.0098434142616025851 0.008259156823366311 -0.0020142956723152024
decision_type=2 2 2 2 2 2 2
left_child=6 -2 4 -4 -3 -5 -1
right_child=1 2 3 5 -6 -7 -8
leaf_value=0.0023882458329659204 -0.013747564412237116 0.0022569480999795246 0.020329542886944631 0.0029040029933500634 0.033600380049552618 -0.022146965207723461 -0.023973916527868566
leaf_weight=4.5974748432636261 6.201646849513053 9.2449852600693649 6.9152416735887519 11.629152975976476 5.424679920077323 9.0084908828139287 4.1691412366926652
leaf_count=25 26 39 31 47 20 39 23
internal_value=6.56144e-05 0.00191481 0.0042153 -0.000913006 0.0138474 -0.00803094 -0.0101488
internal_weight=57.1908 48.4242 42.2226 27.5529 14.6697 20.6376 8.76662
internal_count=250 202 176 117 59 86 48
is_linear=0
shrinkage=0.05


Tree=232
num_leaves=13
num_cat=0
split_feature=4 20 20 26 23 29 32 29 21 20 2 24
split_gain=0.305459 0.263057 0.291089 0.439531 0.257847 0.478005 0.14867 2.94141e-05 1.46726e-05 1.10588e-05 2.52635e-06 9.14269e-08
threshold=0.024108197542607037 0.054500769792728117 -0.047054593386037839 0.039865672502344414 0.0042449080137474402 -0.010524650768621411 -0.2556041009366265 0.0033149998586834433 0.00025591324514329111 -0.19267785318032912 0.029914187926185391 0.0056236936472782171
decision_type=2 2 2 2 2 2 2 2 2 2 2 2
left_child=1 2 3 8 5 -4 -3 -8 -1 -2 -11 -12
right_child=9 6 4 -5 -6 -7 7 -9 -10 10 11 -13
leaf_value=-0.033654656337322703 -0.034089353523433417 0.0056141639856934428 0.045607616782715403 0.032901172878569133 0.028369714022136189 -0.03386114290281747 -0.03374854806951369 -0.034424538361832721 -0.034094974461433954 -0.033732780684163431 -0.033533549399942658 -0.033471275147797262
leaf_weight=0.33946586004458346 0.17039557406678796 0.36939125880599022 0.2950471043586731 0.36270539602264762 1.8208365603350101 0.52759093325585205 0.37388556532096096 0.28251860593445599 0.427405612077564 0.24680141475982953 0.12454323470592499 0.11188705172389746
leaf_count=33 11 3 1 7 22 44 35 12 20 22 18 22
internal_value=-0.00167641 0.00269122 0.00879517 -0.0124503 0.0178735 -0.0053589 -0.0197601 -0.0340395 -0.0339001 -0.033743 -0.0336209 -0.0335041
internal_weight=5.45247 4.79885 3.77305 1.12958 2.64347 0.822638 1.0258 0.656404 0.766871 0.653627 0.483232 0.23643
internal_count=250 177 127 60 67 45 50 47 53 73 62 40
is_linear=0
shrinkage=0.05


Tree=233
num_leaves=10
num_cat=0
split_feature=16 12 6 20 22 0 24 18 7
split_gain=0.413287 1.47099 0.759715 1.52895 1.23242 1.14375 0.808531 0.778344 1.07258
threshold=0.019693446076133037 -0.019811331895996157 0.7854778147170719 -0.022088928274260785 0.0033177758749288748 -0.0018051504428117091 -1.0000000180025095e-35 -0.57170394871247698 63.535499954223638
decision_type=2 2 2 2 2 2 2 2 2
left_child=1 -1 -2 7 6 -6 -5 -4 -9
right_child=2 -3 3 4 5 -7 -8 8 -10
leaf_value=0.0091970953872726 -0.01321187170266357 -0.028211703822034914 0.034794877279301133 -0.0028296264956679598 -0.014132849451542809 0.018489984425635406 -0.030550072278997715 0.022217257217071448 -0.0060141906891897877
leaf_weight=5.4429908022284508 6.9134423732757559 5.0808976963162404 4.0959728211164501 5.3668997511267662 4.127053298056123 7.6986079439520845 5.1591502055525833 7.7438188120722717 5.9489371925592422
leaf_count=26 31 22 17 23 19 30 22 36 24
internal_value=9.35785e-05 -0.00886375 0.00209694 0.0047336 -0.00397189 0.0071049 -0.0164163 0.0156721 0.00995186
internal_weight=57.5778 10.5239 47.0539 40.1404 22.3517 11.8257 10.526 17.7887 13.6928
internal_count=250 48 202 171 94 49 45 77 60
is_linear=0
shrinkage=0.05


Tree=234
num_leaves=7
num_cat=0
split_feature=31 12 2 24 23 23
split_gain=0.436227 1.17359 1.4752 0.798903 0.982343 2.15902
threshold=-0.65169832812483863 -0.0367714194080574 -0.034363688477525071 0.025147474485102021 0.0067664066851379498 0.0036573242474281513
decision_type=2 2 2 2 2 2
left_child=-1 2 -2 4 5 -3
right_child=1 3 -4 -5 -6 -7
leaf_value=0.015669312533110141 -0.00033114377774936572 0.0073249289023708218 -0.041018218383630033 -0.015053168702261997 0.021147779716939479 -0.026960273891870473
leaf_weight=4.1487702131271353 5.2933826148509979 24.48093014955521 3.8467838503420335 5.7767210230231276 7.4712534546852103 5.6519154235720626
leaf_count=18 26 103 22 25 32 24
internal_value=6.09432e-05 -0.001172 -0.0174549 0.00225875 0.0049182 0.00089417
internal_weight=56.6698 52.521 9.14017 43.3808 37.6041 30.1328
internal_count=250 232 48 184 159 127
is_linear=0
shrinkage=0.05


Tree=235
num_leaves=11
num_cat=0
split_feature=13 29 34 19 26 21 22 24 16 5
split_gain=0.296968 0.318728 0.312737 0.562824 0.26971 2.3758e-05 1.14728e-05 2.92797e-06 6.87194e-07 5.78536e-07
threshold=57.067711127759758 0.0053127443568387065 0.9084267073535528 -0.0051572431413661737 0.031230376109483541 0.0025336981609509483 0.0071281247551754365 0.00047758897183736165 0.023770866159376128 0.018848809443115344
decision_type=2 2 2 2 2 2 2 2 2 2
left_child=1 2 3 4 -1 -5 8 -2 -3 -9
right_child=7 6 -4 5 -6 -7 -8 9 -10 -11
leaf_value=-0.0029404639793285522 -0.033735147103129769 -0.033691659229917827 0.036466280000860836 -0.033657192983649553 0.029620555745386207 -0.034195081422838731 -0.034086100364968626 -0.033592215247889939 -0.033544564793191914 -0.033445296939349486
leaf_weight=1.31823455542326 0.36947589879855502 0.14286914211697865 0.75583072891458858 0.5338423389475796 1.2288070097565649 0.33355804439634085 0.20848507434129715 0.13278456241823733 0.17873536807019264 0.13526520086452365
leaf_count=31 35 13 7 55 11 14 10 15 27 32
internal_value=-0.00162124 0.0027221 0.00736412 0.00092198 0.0127684 -0.033864 -0.0337972 -0.0336439 -0.0336099 -0.0335181
internal_weight=5.33789 4.70036 4.17027 3.41444 2.54704 0.8674 0.53009 0.637526 0.321605 0.26805
internal_count=250 168 118 111 42 69 50 82 40 47
is_linear=0
shrinkage=0.05


Tree=236
num_leaves=7
num_cat=0
split_feature=11 16 8 16 0 6
split_gain=0.472861 0.558095 1.10058 0.811467 0.971424 0.71898
threshold=58.799200019836434 0.041908694801459999 0.020452021723413642 0.033351993129051467 0.0088135326162109857 1.1167670833652272
decision_type=2 2 2 2 2 2
left_child=-1 2 3 4 -2 -3
right_child=1 5 -4 -5 -6 -7
leaf_value=0.017444919243139508 0.0088754633580777134 0.018770191675833291 -0.020288723534309074 -0.018497049246442448 -0.013440691654362923 -0.0046001834807953782
leaf_weight=3.6726867258548728 20.575273461639888 7.0172491222619993 8.2709071859717351 4.9186157658696166 6.3913235589861861 6.1975177824497223
leaf_count=15 92 34 36 21 27 25
internal_value=9.11648e-05 -0.00110302 -0.00403612 0.000179751 0.00358634 0.00780985
internal_weight=57.0436 53.3709 40.1561 31.8852 26.9666 13.2148
internal_count=250 235 176 140 119 59
is_linear=0
shrinkage=0.05


Tree=237
num_leaves=9
num_cat=0
split_feature=0 3 23 34 5 18 18 30
split_gain=0.418388 0.586651 1.10064 0.676047 1.64092 0.92664 1.1683 0.918103
threshold=-0.01715404086135058 -0.042100890341903001 -0.0038989786443754944 -0.60820297521808142 0.015503651484853885 0.34925019647290362 -0.66502570756642032 0.0041410092022451392
decision_type=2 2 2 2 2 2 2 2
left_child=-1 2 -2 4 -3 6 -5 -7
right_child=1 3 -4 5 -6 7 -8 -9
leaf_value=-0.011322519274911395 -0.0061994031316076337 0.014377925938490424 0.027549159752450127 -0.0063509495978581387 -0.027611235847108145 0.0049800477951110868 0.019398170301367718 -0.024271978471855922
leaf_weight=7.0631664469838134 4.3275348544120789 3.6701978892087883 5.4689677730202657 7.1396589279174796 6.3566709458827972 5.6563859581947309 11.502190247178087 5.1017114669084549
leaf_count=39 19 16 24 30 31 21 49 21
internal_value=5.75104e-05 0.00169046 0.012641 -0.00103045 -0.0122417 0.00279314 0.00953649 -0.00889187
internal_weight=56.2865 49.2233 9.7965 39.4268 10.0269 29.3999 18.6418 10.7581
internal_count=250 211 43 168 47 121 79 42
is_linear=0
shrinkage=0.05


Tree=238
num_leaves=13
num_cat=0
split_feature=4 20 20 26 23 25 18 24 21 20 2 16
split_gain=0.289369 0.2479 0.279167 0.405985 0.235928 0.446618 0.141397 0.000126072 1.30627e-05 9.90556e-06 2.18814e-06 8.72028e-08
threshold=0.024108197542607037 0.054500769792728117 -0.047054593386037839 0.039865672502344414 0.0042449080137474402 -0.01946229049202269 -1.3185104804323797 -0.017600508243531873 0.00025591324514329111 -0.19267785318032912 0.029914187926185391 0.059062251891046573
decision_type=2 2 2 2 2 2 2 2 2 2 2 2
left_child=1 2 3 8 5 -4 -3 -8 -1 -2 -11 -12
right_child=9 6 4 -5 -6 -7 7 -9 -10 10 11 -13
leaf_value=-0.033642462821138655 -0.034061201614452523 0.0045949510691403765 0.04473279052321312 0.0317219464705824 0.027825177240380312 -0.03383484687988083 -0.035266447229571202 -0.03381427951055524 -0.034069312436687864 -0.033713532967549968 -0.033523695650803369 -0.033460786877740428
leaf_weight=0.32053980557248019 0.16285717813298106 0.37500511202961206 0.28484076261520397 0.34903505304828286 1.7754997024312613 0.4955854101572188 0.26520211226306856 0.34245896362699557 0.40658587077632546 0.23317330621648569 0.1165407698135823 0.10446638078428805
leaf_count=33 11 8 1 7 22 44 10 32 20 22 18 22
internal_value=-0.00156863 0.00273121 0.00875901 -0.0126039 0.0177537 -0.00515915 -0.0195485 -0.0344481 -0.0338811 -0.0337266 -0.0336067 -0.033494
internal_weight=5.23179 4.61475 3.63209 1.07616 2.55593 0.780426 0.982666 0.607661 0.727126 0.617038 0.45418 0.221007
internal_count=250 177 127 60 67 45 50 42 53 73 62 40
is_linear=0
shrinkage=0.05


Tree=239
num_leaves=10
num_cat=0
split_feature=16 12 6 20 22 0 24 18 7
split_gain=0.396074 1.35236 0.706129 1.44024 1.13564 1.03226 0.759335 0.748734 1.01081
threshold=0.019693446076133037 -0.019811331895996157 0.7854778147170719 -0.022088928274260785 0.0033177758749288748 -0.00055803520281222363 -1.0000000180025095e-35 -0.57170394871247698 63.535499954223638
decision_type=2 2 2 2 2 2 2 2 2
left_child=1 -1 -2 7 6 -6 -5 -4 -9
right_child=2 -3 3 4 5 -7 -8 8 -10
leaf_value=0.0086955165026644382 -0.012793500037399869 -0.027483780285704008 0.03437844995714192 -0.0027294737310796483 -0.011344930725994705 0.019029941247791969 -0.029829415379751086 0.021767251549846833 -0.0057969226903767388
leaf_weight=5.354232519865036 6.819496512413024 4.9902830645441991 3.984989836812022 5.3010861575603485 4.6759584918618176 6.9608950987458238 5.0447031110525185 7.6077838316559738 5.9094577133655548
leaf_count=26 31 22 17 23 21 28 22 36 24
internal_value=8.77276e-05 -0.00875769 0.00206382 0.00462985 -0.00389092 0.00682461 -0.0159437 0.0153319 0.00971677
internal_weight=56.6489 10.3445 46.3044 39.4849 21.9826 11.6369 10.3458 17.5022 13.5172
internal_count=250 48 202 171 94 49 45 77 60
is_linear=0
shrinkage=0.05


Tree=240
num_leaves=7
num_cat=0
split_feature=31 12 2 24 23 23
split_gain=0.406223 1.08104 1.39776 0.754029 0.902306 2.00562
threshold=-0.65169832812483863 -0.0367714194080574 -0.034363688477525071 0.025147474485102021 0.0067664066851379498 0.0042449080137474402
decision_type=2 2 2 2 2 2
left_child=-1 2 -2 4 5 -3
right_child=1 3 -4 -5 -6 -7
leaf_value=0.015238342930831334 -0.00039180370364894855 0.0065899210454058443 -0.040592490705797797 -0.014762830957634683 0.020494722927097045 -0.028715975543497575
leaf_weight=4.0816963389515868 5.2409979589283466 24.926669031381611 3.6808466315269452 5.7052813321351996 7.3155057057738295 4.7965009212493888
leaf_count=18 26 106 22 25 32 21
internal_value=5.31297e-05 -0.00114653 -0.0169772 0.00215777 0.00476415 0.000892522
internal_weight=55.7475 51.6658 8.92184 42.744 37.0387 29.7232
internal_count=250 232 48 184 159 127
is_linear=0
shrinkage=0.05


Tree=241
num_leaves=9
num_cat=0
split_feature=13 26 25 23 6 3 16 12
split_gain=0.279271 0.276802 0.296826 0.370495 0.222272 1.03899e-05 2.62228e-06 3.11413e-06
threshold=57.067711127759758 -0.019858456272093424 -0.01211456262799415 -0.00099286337003323655 1.1049818788879133 -0.018478686608167701 0.041908694801459999 0.054422404787665545
decision_type=2 2 2 2 2 2 2 2
left_child=1 -1 -3 5 -5 -4 7 -2
right_child=6 2 3 4 -6 -7 -8 -9
leaf_value=-0.034489786243411549 -0.033561653932146114 0.032099418110194879 -0.03360034970813041 -0.0032970740907658385 0.02737538498279217 -0.034001509783062184 -0.033467437942545294 -0.033832514175942206
leaf_weight=0.45018059434369195 0.21107430546544481 0.90384302753955115 0.28594413702376187 1.5531072053126997 0.95311866281554092 0.37059010472148646 0.17418818618170917 0.21340716816484928
leaf_count=29 32 13 35 50 18 23 36 14
internal_value=-0.00154135 0.00271189 0.00683019 -0.000391166 0.00836767 -0.0338268 -0.0336308 -0.0336978
internal_weight=5.11545 4.51678 4.0666 3.16276 2.50623 0.656534 0.59867 0.424481
internal_count=250 168 139 126 68 58 82 46
is_linear=0
shrinkage=0.05


Tree=242
num_leaves=7
num_cat=0
split_feature=11 16 8 16 25 6
split_gain=0.437696 0.521619 1.02197 0.754924 0.900871 0.689419
threshold=58.799200019836434 0.041908694801459999 0.020452021723413642 0.033351993129051467 -0.00094726529960864603 1.1167670833652272
decision_type=2 2 2 2 2 2
left_child=-1 2 3 4 -2 -3
right_child=1 5 -4 -5 -6 -7
leaf_value=0.016937153900745482 -0.0086078642238566674 0.018464012262465492 -0.019783454568966227 -0.018024760476065636 0.010492723455798285 -0.0045677657241072729
leaf_weight=3.6065160930156699 9.7700924798846227 6.8885421566665155 8.086993992328642 4.8329431377351275 16.767874926328666 6.1498605459928513
leaf_count=15 46 34 36 21 73 25
internal_value=8.77469e-05 -0.00106981 -0.00393483 0.000150726 0.00346074 0.00760055
internal_weight=56.1028 52.4963 39.4579 31.3709 26.538 13.0384
internal_count=250 235 176 140 119 59
is_linear=0
shrinkage=0.05


Tree=243
num_leaves=9
num_cat=0
split_feature=0 19 19 8 2 25 31 17
split_gain=0.395906 0.571148 0.891881 0.854672 0.884112 0.71892 0.652276 0.597225
threshold=-0.01715404086135058 -0.048867405145294966 -0.011298954547856009 -0.0012252348849246266 0.053516475726069108 0.0011382053501360902 -0.032878136533775047 -0.0013207908933895412
decision_type=2 2 2 2 2 2 2 2
left_child=-1 6 5 7 -5 -3 -2 -4
right_child=1 2 3 4 -6 -7 -8 -9
leaf_value=-0.011105572194967587 0.00050880817465006961 -0.0023909876290799403 0.02721024962213954 -0.01213546882293625 0.010170208821573129 -0.029941110961930778 0.024955683023567665 0.0019571555868745719
leaf_weight=6.9557291753590098 5.977031946182251 5.429291412234301 5.049484595656395 10.874696396291265 7.5104604810476294 4.1995784193277359 5.0202342048287374 4.3652660176157934
leaf_count=39 27 26 23 47 28 19 20 21
internal_value=4.89407e-05 0.00165113 -0.00129223 0.00325018 -0.00302345 -0.0144068 0.0116688 0.0155013
internal_weight=55.3818 48.426 37.4288 27.7999 18.3852 9.62887 10.9973 9.41475
internal_count=250 211 164 119 75 45 47 44
is_linear=0
shrinkage=0.05


Tree=244
num_leaves=12
num_cat=0
split_feature=4 20 20 26 23 25 32 29 21 2 2
split_gain=0.272672 0.224311 0.264603 0.377362 0.210749 0.418695 0.140361 2.31932e-05 1.14914e-05 8.12817e-06 5.46131e-07
threshold=0.024108197542607037 0.054500769792728117 -0.047054593386037839 0.039865672502344414 0.0042449080137474402 -0.01946229049202269 -0.2556041009366265 0.0033149998586834433 0.00025591324514329111 -0.0017466089540491001 0.044430882109651855
decision_type=2 2 2 2 2 2 2 2 2 2 2
left_child=1 2 3 8 5 -4 -3 -8 -1 -2 -11
right_child=9 6 4 -5 -6 -7 7 -9 -10 10 -12
leaf_value=-0.033629343565283132 -0.033910983608464444 0.0057726968278735327 0.043980185907834667 0.030584343347206541 0.026947674398670868 -0.033809140408269843 -0.033695853460522528 -0.034329677981106289 -0.034039705175551292 -0.033614682634274008 -0.03348109244327574
leaf_weight=0.30346394691150658 0.26373314810916781 0.35757485777139664 0.27521821856498729 0.33789893705397844 1.7336964788846669 0.46565643884241603 0.32964218442793924 0.25674813217483461 0.38965465873479843 0.12881130480673153 0.18840165087021887
leaf_count=33 20 3 1 7 22 44 35 12 20 16 37
internal_value=-0.00148963 0.00271661 0.00854213 -0.0127395 0.017409 -0.00491216 -0.0189175 -0.0339734 -0.03386 -0.0337059 -0.0335353
internal_weight=5.0305 4.44955 3.50559 1.03102 2.47457 0.740875 0.943965 0.58639 0.693119 0.580946 0.317213
internal_count=250 177 127 60 67 45 50 47 53 73 53
is_linear=0
shrinkage=0.05


Tree=245
num_leaves=7
num_cat=0
split_feature=11 33 12 10 0 1
split_gain=0.413328 0.52801 0.636831 1.42885 1.25483 1.23551
threshold=58.799200019836434 0.99500000000000011 -0.0367714194080574 -0.028076349707607969 -0.014526509144979769 0.025376446867029005
decision_type=2 2 2 2 2 2
left_child=-1 2 3 -2 -4 -6
right_child=1 -3 4 -5 5 -7
leaf_value=0.016520534283268228 -0.0057389574177522749 0.01412147674386771 -0.030527578948973306 0.030825448406828399 0.0048878104876110698 -0.016124939659924672
leaf_weight=3.5799371749162665 7.3982543647289276 5.1713479012250891 4.5584518909454301 4.1822139695286733 20.109215721488006 10.727374903857706
leaf_count=15 35 26 22 23 83 46
internal_value=8.58323e-05 -0.00104243 -0.00271176 0.00746605 -0.00604171 -0.00242207
internal_weight=55.7268 52.1469 46.9755 11.5805 35.395 30.8366
internal_count=250 235 209 58 151 129
is_linear=0
shrinkage=0.05


Tree=246
num_leaves=8
num_cat=0
split_feature=13 23 22 8 17 26 26
split_gain=0.403175 0.664585 0.745013 1.44203 1.22753 1.11088 0.594876
threshold=39.78815856254743 -0.011779449662485062 -0.0026725611452455551 -0.0035177361836316074 0.0098434142616025851 0.008259156823366311 0.027699433520321119
decision_type=2 2 2 2 2 2 2
left_child=6 -2 4 -4 -3 -5 -1
right_child=1 2 3 5 -6 -7 -8
leaf_value=-0.022956905851519195 -0.013618835842726143 0.0021779036685253047 0.019357995510902948 0.0028107408188533249 0.032803263250895519 -0.021063170709652721 0.0036769664417330562
leaf_weight=4.3217531330883485 6.0309575498104087 8.8683089613914436 6.6661321595311156 11.260444298386583 5.1849871277809134 8.5893088281154615 4.0717516466975212
leaf_count=28 26 39 31 47 20 39 20
internal_value=5.08583e-05 0.00186779 0.00417001 -0.000762748 0.0134772 -0.00751989 -0.0100366
internal_weight=54.9936 46.6001 40.5692 26.5159 14.0533 19.8498 8.3935
internal_count=250 202 176 117 59 86 48
is_linear=0
shrinkage=0.05


Tree=247
num_leaves=9
num_cat=0
split_feature=26 25 23 13 30 8 16 33
split_gain=0.262993 0.318351 0.348629 0.283809 0.243842 0.000103539 6.81735e-06 4.24263e-06
threshold=-0.019858456272093424 -0.01211456262799415 -0.00099286337003323655 47.267564282957743 -0.011140836099140459 -0.010749959378223766 0.018317698241243869 0.21500000000000002
decision_type=2 2 2 2 2 2 2 2
left_child=5 -2 6 -4 -5 -1 -3 -8
right_child=1 2 3 4 -6 -7 7 -9
leaf_value=-0.035161751640650683 0.029029679297616108 -0.033994462163725453 0.015875195042566709 0.024203587820053631 -0.034009751719713613 -0.033758410368726892 -0.033828952623682622 -0.033550660882494719
leaf_weight=0.22114064055494964 0.89845426473766554 0.19862487376667592 1.7709334371611478 0.24580470775254093 0.67081167025025901 0.324024969479069 0.2195204742019996 0.36412001808639616
leaf_count=11 18 10 39 7 56 34 19 56
internal_value=-0.00158302 0.00250356 -0.00436497 0.00418565 -0.018399 -0.0343277 -0.0337414 -0.0336553
internal_weight=4.91344 4.36827 3.46982 2.68755 0.916616 0.545166 0.782265 0.58364
internal_count=250 205 187 102 63 45 85 75
is_linear=0
shrinkage=0.05


Tree=248
num_leaves=7
num_cat=0
split_feature=31 31 17 4 2 18
split_gain=0.370427 0.798634 0.702214 1.10781 0.933779 0.749044
threshold=0.58054538681379519 0.42679666164620067 0.012814376183235733 0.022304768504485092 -0.0092465694002823434 0.50549543900741212
decision_type=2 2 2 2 2 2
left_child=1 2 3 4 -1 -4
right_child=-2 -3 5 -5 -6 -7
leaf_value=0.0093256486394247412 0.012946707855233242 -0.018152392498988108 -0.023167400332117703 0.022291799617926582 -0.0095310399862780226 0.0031732021253895164
leaf_weight=13.266999915242193 5.0873903036117545 6.1109455898404113 5.3781890198588354 7.0699521005153647 12.996893711388113 5.417787179350853
leaf_count=65 23 27 25 30 59 21
internal_value=9.00296e-05 -0.00121184 0.00113403 0.00472347 -5.73159e-06 -0.00994879
internal_weight=55.3282 50.2408 44.1298 33.3338 26.2639 10.796
internal_count=250 227 200 154 124 46
is_linear=0
shrinkage=0.05


Tree=249
num_leaves=9
num_cat=0
split_feature=19 19 23 13 8 31 22 1
split_gain=0.390011 0.994595 0.849208 0.7081 0.80341 1.05995 0.84718 0.564191
threshold=-0.034260511791974528 -0.011298954547856009 0.0036573242474281513 40.842370646634869 0.0017398862930203265 0.16576313656038411 -0.0024115571994817171 -0.013345747581097465
decision_type=2 2 2 2 2 2 2 2
left_child=2 -2 7 -3 5 -5 -6 -1
right_child=1 3 -4 4 6 -7 -8 -9
leaf_value=0.00062761481877830197 -0.018998707638879148 -0.015194926495281581 -0.010225159207515497 0.032367676883908604 0.015958149151072271 -0.0021801408342223142 -0.0090395831106680081 0.02362575791541198
leaf_weight=4.4719849154353151 7.5274804607033721 5.3862083368003395 5.1542234793305388 4.9278795197606104 4.7721715122461381 4.0405663102865219 11.696603529155249 6.6061063148081312
leaf_count=20 36 29 24 25 19 18 48 31
internal_value=4.47092e-05 -0.00270496 0.00654116 0.00127418 0.00476143 0.0168028 -0.00179597 0.0143419
internal_weight=54.5832 38.3509 16.2323 30.8234 25.4372 8.96845 16.4688 11.0781
internal_count=250 175 75 139 110 43 67 51
is_linear=0
shrinkage=0.05


Tree=250
num_leaves=10
num_cat=0
split_feature=4 8 3 5 33 13 2 3 2
split_gain=0.255513 0.214846 0.532517 0.250433 0.556189 4.05854e-05 6.97301e-06 4.90749e-06 4.99572e-07
threshold=0.024108197542607037 -0.036792567917678952 -0.013563182374807135 0.023982006377964434 0.22500000000000003 29.141708835049076 -0.0017466089540491001 -0.020923664484855883 0.03981368430257571
decision_type=2 2 2 2 2 2 2 2 2
left_child=1 -1 5 4 -4 -3 -2 -7 -8
right_child=6 2 3 -5 -6 7 8 -9 -10
leaf_value=0.031714962807533373 -0.033882350868959958 -0.034514427254258288 0.019887321986871542 0.035349489090790893 -0.034163124793899956 -0.033641785137112211 -0.033604056033676152 -0.033921957978680924 -0.033471702623342349
leaf_weight=0.55137363355606783 0.24964685365557671 0.20814205333590541 1.3393733401317156 0.69516818318516005 0.73831694072578091 0.52578139840625238 0.11806997633539129 0.22241034801118065 0.17997251590713859
leaf_count=11 20 7 24 5 52 63 15 15 38
internal_value=-0.00153119 0.00258313 -0.00172411 0.00937198 0.000680243 -0.0338969 -0.0336874 -0.0337251 -0.0335241
internal_weight=4.82826 4.28057 3.72919 2.77286 2.07769 0.956334 0.547689 0.748192 0.298042
internal_count=250 177 166 81 76 85 73 78 53
is_linear=0
shrinkage=0.05


Tree=251
num_leaves=10
num_cat=0
split_feature=16 12 6 20 22 0 23 19 25
split_gain=0.375242 1.23586 0.666201 1.305 1.04906 0.925357 0.844742 0.602498 0.515172
threshold=0.019693446076133037 -0.019811331895996157 0.7854778147170719 -0.022088928274260785 0.0033177758749288748 -0.00055803520281222363 -0.0031390389992162477 -0.028194513083561908 0.0005742204483144554
decision_type=2 2 2 2 2 2 2 2 2
left_child=1 -1 -2 7 6 -6 -5 -4 -9
right_child=2 -3 3 4 5 -7 -8 8 -10
leaf_value=0.0083625995174227818 -0.01260244591224375 -0.02675684538387087 0.0049712489347904319 0.00095446643362745486 -0.010714009216656292 0.018506520562866568 -0.028254472194066477 0.009566096205147534 0.033941589749118699
leaf_weight=5.1701411381363869 6.6192559152841559 4.8595950677990896 7.9996148645877865 4.4201918914914131 4.5176388993859264 6.7690668702125558 5.6257959827780777 3.6962479278445191 5.2413995824754238
leaf_count=26 31 22 36 20 21 28 25 18 23
internal_value=9.01806e-05 -0.00865343 0.00204379 0.00457704 -0.00365004 0.00681065 -0.0154027 0.0149391 0.0238609
internal_weight=54.9189 10.0297 44.8892 38.27 21.3327 11.2867 10.046 16.9373 8.93765
internal_count=250 48 202 171 94 49 45 77 41
is_linear=0
shrinkage=0.05


Tree=252
num_leaves=8
num_cat=0
split_feature=31 12 2 24 30 30 16
split_gain=0.380232 0.884338 1.02107 0.833239 0.816797 1.2232 1.03534
threshold=-0.59098621846241872 -0.0367714194080574 -0.035509243970682385 0.025147474485102021 0.012121920221580431 0.019717058138473468 0.044119282046368218
decision_type=2 2 2 2 2 2 2
left_child=-1 2 -2 4 6 -6 -3
right_child=1 3 -4 -5 5 -7 -8
leaf_value=0.011974142513978638 0.002063092394863924 0.015018621018964598 -0.034602590183306463 -0.017989622780615316 -0.02741193603834674 0.0084077457350304752 -0.0070216165707727811
leaf_weight=5.9440921172499648 3.638823926448822 18.657179489731792 3.9708013311028472 4.8270642831921569 4.4784543290734273 5.0947962626814842 7.4583784863352767
leaf_count=27 19 84 24 22 21 21 32
internal_value=4.35262e-05 -0.00143005 -0.0170695 0.00150733 0.00414438 -0.00834903 0.00872412
internal_weight=54.0696 48.1255 7.60963 40.5159 35.6888 9.57325 26.1156
internal_count=250 223 43 180 158 42 116
is_linear=0
shrinkage=0.05


Tree=253
num_leaves=10
num_cat=0
split_feature=29 13 34 19 26 21 22 16 13
split_gain=0.248824 0.264874 0.269943 0.471093 0.225142 1.65153e-05 7.19905e-06 1.96518e-06 7.4018e-07
threshold=0.0053127443568387065 57.067711127759758 0.9084267073535528 -0.0051572431413661737 0.031230376109483541 0.0025336981609509483 0.0071281247551754365 0.040284899874065618 48.800677121019625
decision_type=2 2 2 2 2 2 2 2 2
left_child=1 2 3 4 -1 -5 8 -3 -2
right_child=6 7 -4 5 -6 -7 -8 -9 -10
leaf_value=-0.0031099198244449976 -0.033617354535308591 -0.033698501560349259 0.035464296033696371 -0.033617421646943625 0.028152902147311767 -0.034099094149398282 -0.033937316710708744 -0.033473495729756247 -0.033464734250906944
leaf_weight=1.2088385182432837 0.20378319453448046 0.31021456222515542 0.67796458210796107 0.46138793800491873 1.0998666649684308 0.28969875443726778 0.19974821771029383 0.14121574151795357 0.13019917393103242
leaf_count=31 26 34 7 55 11 14 15 30 27
internal_value=-0.00154734 0.00254911 0.00691844 0.000593475 0.0117837 -0.0338032 -0.0336999 -0.0336281 -0.0335579
internal_weight=4.72292 4.18919 3.73776 3.05979 2.30871 0.751087 0.533731 0.45143 0.333982
internal_count=250 182 118 111 42 69 68 64 53
is_linear=0
shrinkage=0.05


Tree=254
num_leaves=7
num_cat=0
split_feature=11 33 12 10 30 22
split_gain=0.388246 0.49321 0.554095 1.35101 0.829283 0.887047
threshold=58.799200019836434 0.99500000000000011 -0.0367714194080574 -0.028076349707607969 -0.011140836099140459 0.0074190912077685143
decision_type=2 2 2 2 2 2
left_child=-1 2 3 -2 -4 -6
right_child=1 -3 4 -5 5 -7
leaf_value=0.01620226137349828 -0.0059107388983796515 0.013894321970569981 -0.026036078529928737 0.030195794316178366 -0.0068771129386718298 0.015280444129449171
leaf_weight=3.4988130927085868 7.2567453905940056 5.0010643750429145 4.4083606451749757 4.0292743220925313 24.676599279046066 5.5289761424064627
leaf_count=15 35 26 19 23 108 24
internal_value=9.1076e-05 -0.00101637 -0.00264097 0.00697982 -0.00577787 -0.00282129
internal_weight=54.3998 50.901 45.9 11.286 34.6139 30.2056
internal_count=250 235 209 58 151 132
is_linear=0
shrinkage=0.05


Tree=255
num_leaves=9
num_cat=0
split_feature=11 25 25 9 14 25 21 21
split_gain=0.394159 1.03087 0.949246 1.42253 1.44986 1.20902 0.863561 0.846092
threshold=62.789599914550784 -0.0020926799625824439 0.0005742204483144554 63.020499706268318 0.46753529648750597 -0.0075082184389771425 -0.001836180035384327 0.00050603814963323679
decision_type=2 2 2 2 2 2 2 2
left_child=1 -1 5 -4 -5 -2 -3 -8
right_child=2 6 3 4 -6 -7 7 -9
leaf_value=-0.020008001364435063 -0.0010278761616143712 -0.013638863162252197 0.021504033979603068 -0.029369424943490086 0.0039593080950167314 0.029159089031737397 0.024889224148706653 -0.0039782527554372126
leaf_weight=7.5740161910653141 6.7402250394225121 5.4225449264049539 4.1592494696378735 6.2860061675310117 6.7854265049099922 6.530703119933607 5.3012146614491904 4.8701760172843933
leaf_count=38 33 22 18 34 28 32 25 20
internal_value=4.21308e-05 -0.0048744 0.00377656 -0.00396445 -0.0120684 0.0138273 0.00247603 0.0110672
internal_weight=53.6696 23.168 30.5016 17.2307 13.0714 13.2709 15.5939 10.1714
internal_count=250 105 145 80 62 65 67 45
is_linear=0
shrinkage=0.05


Tree=256
num_leaves=13
num_cat=0
split_feature=4 20 20 26 23 25 18 24 21 22 2 16
split_gain=0.241443 0.205357 0.240874 0.330629 0.181699 0.368761 0.124715 9.97648e-05 9.2725e-06 7.46382e-06 1.6563e-06 5.75167e-08
threshold=0.024108197542607037 0.054500769792728117 -0.047054593386037839 0.039865672502344414 0.0042449080137474402 -0.01946229049202269 -1.3185104804323797 -0.017600508243531873 0.00025591324514329111 -0.011544639918516507 0.029914187926185391 0.057994058280780948
decision_type=2 2 2 2 2 2 2 2 2 2 2 2
left_child=1 2 3 8 5 -4 -3 -8 -1 -2 -11 -12
right_child=9 6 4 -5 -6 -7 7 -9 -10 10 11 -13
leaf_value=-0.033608624614207966 -0.034009546642902365 0.0044140769531620288 0.042564885979279987 0.029234030353958385 0.026080724297365 -0.033780881760560356 -0.035119917797241586 -0.033737287602491249 -0.033995138549561994 -0.033672914890835806 -0.033494970240897246 -0.033440280849650804
leaf_weight=0.27709716255776617 0.12922749924473464 0.34220353467389941 0.25476616621017478 0.31028765765950084 1.6246888712048528 0.41713889793027203 0.24028789019212127 0.28546783782076079 0.35264439089223742 0.19714876438956697 0.09310068073682487 0.09940976370126009
leaf_count=33 10 8 1 7 22 44 10 32 20 21 17 25
internal_value=-0.00154425 0.00251827 0.00830982 -0.0130103 0.0170365 -0.00483287 -0.0190784 -0.0343692 -0.0338251 -0.0336803 -0.033571 -0.0334667
internal_weight=4.62347 4.10458 3.23662 0.940029 2.29659 0.671905 0.867959 0.525756 0.629742 0.518887 0.389659 0.19251
internal_count=250 177 127 60 67 45 50 42 53 73 63 42
is_linear=0
shrinkage=0.05


Tree=257
num_leaves=9
num_cat=0
split_feature=26 26 20 24 31 23 26 31
split_gain=0.351211 0.782856 0.748265 0.734948 1.0452 0.716772 0.870762 0.804666
threshold=0.034107337487687135 0.0059314848699386644 -1.0000000180025095e-35 0.013714463482687901 -0.044045168569248845 1.0000000180025095e-35 -0.016868635283571628 0.35090619145922247
decision_type=2 2 2 2 2 2 2 2
left_child=1 5 -2 4 -3 6 -1 -7
right_child=2 3 -4 -5 -6 7 -8 -9
leaf_value=0.021028544952370689 0.0051354738996487901 0.020335556937773766 -0.020205765024495271 0.027176417491905931 -0.0069995730425960415 -0.0017867956566900514 -0.0077283392555070858 -0.027517005906605753
leaf_weight=4.9308807700872421 5.7978250682353973 5.9230969920754442 5.8544317334890348 4.5819327086210242 8.5376990213990211 7.7016481906175596 5.6473416835069674 5.0185627043247223
leaf_count=24 28 28 26 23 39 34 26 22
internal_value=9.03561e-05 0.00220583 -0.0075967 0.00972601 0.00419681 -0.00394071 0.00567625 -0.0119383
internal_weight=53.9934 42.3412 11.6523 19.0427 14.4608 23.2984 10.5782 12.7202
internal_count=250 196 54 90 67 106 50 56
is_linear=0
shrinkage=0.05


Tree=258
num_leaves=10
num_cat=0
split_feature=11 21 21 25 9 14 25 24 32
split_gain=0.371861 0.998812 1.24124 0.874231 1.33889 1.36923 1.15192 0.837376 0.449175
threshold=62.789599914550784 0.00090909552572626684 -0.0026336282391610784 0.0005742204483144554 63.020499706268318 0.46753529648750597 -0.0075082184389771425 -0.0046641730588430344 -0.059569611555459201
decision_type=2 2 2 2 2 2 2 2 2
left_child=1 2 -1 6 -5 -6 -2 -4 -3
right_child=3 8 7 4 5 -7 -8 -9 -10
leaf_value=-0.019401091407118452 -0.0011414657421322202 -0.0062446015112570426 -0.003514391653906432 0.021037372423932159 -0.028668885659168433 0.0038979912388044284 0.028465206529012049 0.025859189243577094 -0.028611596768837979
leaf_weight=4.1408901810646048 6.7005819790065289 4.3577654883265495 4.263276904821395 4.1204526796937015 6.1909251287579519 6.7425203248858452 6.4457570761442202 5.6310509964823749 4.6288414970040304
leaf_count=19 33 20 20 18 34 28 32 26 20
internal_value=3.66939e-05 -0.00475016 0.0035834 0.00368574 -0.00378337 -0.011691 0.0133749 0.0132027 -0.0177654
internal_weight=53.2221 23.0218 14.0352 30.2002 17.0539 12.9334 13.1463 9.89433 8.98661
internal_count=250 105 65 145 80 62 65 46 40
is_linear=0
shrinkage=0.05


Tree=259
num_leaves=9
num_cat=0
split_feature=26 25 23 13 30 24 16 33
split_gain=0.233772 0.288011 0.306199 0.240765 0.21917 7.78665e-05 5.58724e-06 3.14061e-06
threshold=-0.019858456272093424 -0.01211456262799415 -0.00099286337003323655 47.267564282957743 -0.011140836099140459 -0.0019325138288022734 0.018317698241243869 0.21500000000000002
decision_type=2 2 2 2 2 2 2 2
left_child=5 -2 6 -4 -5 -1 -3 -8
right_child=1 2 3 4 -6 -7 7 -9
leaf_value=-0.034906817851146833 0.028271207925254366 -0.03394518338113308 0.014830017036757466 0.023571046940534465 -0.033988590969207443 -0.033641381935646052 -0.033779514175445648 -0.033526033052683063
leaf_weight=0.23913194588385522 0.85071176104247559 0.18202007119543884 1.6468308817129584 0.22794934781268261 0.60251763183623519 0.24726604984607536 0.19801075279247016 0.31916011776775122
leaf_count=11 18 10 39 7 56 34 19 56
internal_value=-0.00152114 0.00243342 -0.00448633 0.00376088 -0.0181894 -0.0342635 -0.0337069 -0.0336231
internal_weight=4.5136 4.0272 3.17649 2.4773 0.830467 0.486398 0.699191 0.517171
internal_count=250 205 187 102 63 45 85 75
is_linear=0
shrinkage=0.05


Tree=260
num_leaves=7
num_cat=0
split_feature=31 31 17 4 2 16
split_gain=0.347783 0.744204 0.660395 1.01613 0.844949 0.674905
threshold=0.58054538681379519 0.42679666164620067 0.012814376183235733 0.022304768504485092 -0.0092465694002823434 0.039312587646810455
decision_type=2 2 2 2 2 2
left_child=1 2 3 4 -1 -4
right_child=-2 -3 5 -5 -6 -7
leaf_value=0.0090575639264962298 0.012775471972000877 -0.017826692941981501 -0.021777672165406287 0.021817476730693834 -0.0091435827208434101 0.0037073537882628747
leaf_weight=12.904654983431099 4.9090730845928183 5.9048043116927138 5.5401558279991132 6.7991969138383856 12.604326225817205 4.8915349394083023
leaf_count=65 23 27 26 30 59 20
internal_value=9.17378e-05 -0.00118827 0.00111045 0.00464209 6.41358e-05 -0.00982746
internal_weight=53.5537 48.6447 42.7399 32.3082 25.509 10.4317
internal_count=250 227 200 154 124 46
is_linear=0
shrinkage=0.05


Tree=261
num_leaves=8
num_cat=0
split_feature=31 12 2 24 30 30 15
split_gain=0.369082 0.764269 0.896732 0.749347 0.753429 1.13663 0.992149
threshold=-0.59098621846241872 -0.0367714194080574 -0.035509243970682385 0.025147474485102021 0.012121920221580431 0.019717058138473468 0.036564308656898574
decision_type=2 2 2 2 2 2 2
left_child=-1 2 -2 4 6 -6 -3
right_child=1 3 -4 -5 5 -7 -8
leaf_value=0.011899057697996663 0.0016157052661806986 0.014298711098371176 -0.033271970789889825 -0.017428067049668396 -0.027087533953716887 0.007904347828378247 -0.0078539236864679039
leaf_weight=5.8270516693592063 3.6018640510737896 18.600779872387651 3.7694194316864005 4.7013340517878524 4.3273424655199033 5.0047818347811699 6.9402166903018943
leaf_count=27 19 85 24 22 21 21 31
internal_value=3.04426e-05 -0.00144273 -0.0162246 0.00131061 0.00383682 -0.00832152 0.00827921
internal_weight=52.7728 46.9457 7.37128 39.5745 34.8731 9.33212 25.541
internal_count=250 223 43 180 158 42 116
is_linear=0
shrinkage=0.05


Tree=262
num_leaves=11
num_cat=0
split_feature=4 8 8 23 29 18 30 22 2 24
split_gain=0.226365 0.199927 0.41383 0.209831 0.381116 5.55569e-05 8.23557e-06 5.79062e-06 1.48788e-06 3.97061e-08
threshold=0.024108197542607037 0.022858581872044741 -0.0066703889199838671 0.0053002131135493355 -0.012763905690121978 -0.84929958615347878 0.00080419832430522764 -0.010705774561417856 0.029914187926185391 0.0034558009544499728
decision_type=2 2 2 2 2 2 2 2 2 2
left_child=1 2 3 4 -1 -4 -7 -2 -9 -10
right_child=7 -3 5 -5 -6 6 -8 8 9 -11
leaf_value=0.039833250230858264 -0.033953591918206523 0.019717964918236783 -0.034574446230661457 0.022244625687863187 -0.034083613137764229 -0.033990197693973934 -0.033574314094804422 -0.0336599888368894 -0.033481504193393644 -0.033434447494061006
leaf_weight=0.25245215860195469 0.12519747926853597 1.1805582460947333 0.35480212699621916 1.0980780791724098 0.56392903008963935 0.20759797631762955 0.2790495625231415 0.18136437109205861 0.085988247999921441 0.093652642914094031
leaf_count=3 11 32 14 20 55 17 36 20 17 25
internal_value=-0.00147385 0.00250161 -0.00487342 0.00797175 -0.0112261 -0.0340986 -0.0337517 -0.0336606 -0.033559 -0.033457
internal_weight=4.42267 3.93647 2.75591 1.91446 0.816381 0.84145 0.486648 0.486203 0.361005 0.179641
internal_count=250 177 145 78 58 67 53 73 62 42
is_linear=0
shrinkage=0.05


Tree=263
num_leaves=8
num_cat=0
split_feature=31 12 10 15 4 25 25
split_gain=0.356027 0.762155 0.789452 0.764384 0.888667 0.744234 0.841492
threshold=-0.59098621846241872 -0.0367714194080574 -0.028076349707607969 0.025790610387866012 0.01511797157442381 0.016626709921845898 0.0067255043191286621
decision_type=2 2 2 2 2 2 2
left_child=-1 2 -2 4 -3 6 -5
right_child=1 3 -4 5 -6 -7 -8
leaf_value=-0.011525033198515746 0.00092041921846386539 0.0023776551999829618 0.033172702590875264 0.0047241591610673222 -0.025480341928300981 0.022102442637679864 -0.017890244346994648
leaf_weight=5.8663770332932463 4.0536773800849915 5.4971553832292539 3.5667883716523638 18.478686802089221 5.9735139906406403 4.3876812905073157 5.2915415167808524
leaf_count=27 21 25 22 83 28 22 22
internal_value=9.24745e-05 0.00153489 0.0160162 -0.00124983 -0.0121298 0.00318233 -0.000310082
internal_weight=53.1154 47.249 7.62047 39.6286 11.4707 28.1579 23.7702
internal_count=250 223 43 180 53 127 105
is_linear=0
shrinkage=0.05


Tree=264
num_leaves=10
num_cat=0
split_feature=11 21 21 25 9 10 25 24 32
split_gain=0.373427 0.958589 1.1351 0.83393 1.26206 1.22303 1.05755 0.774046 0.435823
threshold=62.789599914550784 0.00090909552572626684 -0.0026336282391610784 0.0005742204483144554 63.020499706268318 -0.011531580057184264 -0.0075082184389771425 -0.0046641730588430344 -0.059569611555459201
decision_type=2 2 2 2 2 2 2 2 2
left_child=1 2 -1 6 -5 -6 -2 -4 -3
right_child=3 8 7 4 5 -7 -8 -9 -10
leaf_value=-0.018721278731829865 -0.00073659802537872753 -0.0061909157642072669 -0.0033997380952089404 0.02065491242630807 -0.029023043611049956 0.0022655100708206806 0.027876092447695636 0.025042290407523163 -0.028379140796495908
leaf_weight=4.0774109065532675 6.6021401658654213 4.2886095345020294 4.225736115127801 4.0504036992788341 5.5449709296226528 7.151262059807773 6.3216079548001307 5.5129338689148453 4.5730084553360921
leaf_count=19 33 20 20 18 31 31 32 26 20
internal_value=2.51382e-05 -0.00480528 0.00342758 0.00371713 -0.0036467 -0.0113995 0.0132592 0.0127009 -0.0176411
internal_weight=52.3481 22.6777 13.8161 29.6704 16.7466 12.6962 12.9237 9.73867 8.86162
internal_count=250 105 65 145 80 62 65 46 40
is_linear=0
shrinkage=0.05


Tree=265
num_leaves=9
num_cat=0
split_feature=26 25 23 13 23 8 16 33
split_gain=0.222421 0.267058 0.288148 0.215904 0.215881 6.75468e-05 4.70267e-06 2.52415e-06
threshold=-0.019858456272093424 -0.01211456262799415 -0.00099286337003323655 47.267564282957743 1.0000000180025095e-35 -0.010749959378223766 0.018317698241243869 0.21500000000000002
decision_type=2 2 2 2 2 2 2 2
left_child=5 -2 6 -4 -5 -1 -3 -8
right_child=1 2 3 4 -6 -7 7 -9
leaf_value=-0.034937792468829172 0.027656566995763066 -0.033909381077143662 0.014267772931627046 0.024922590088051807 -0.033928823334271295 -0.03370946892578431 -0.03374980115996757 -0.033515189099138067
leaf_weight=0.19020484643988311 0.82808550866320763 0.17119801882654462 1.5961486096493902 0.21471177018247534 0.56817947747185826 0.27194456360302854 0.18529611360281706 0.30067858344409615
leaf_count=11 18 10 39 7 56 34 19 56
internal_value=-0.00143297 0.00248759 -0.00437691 0.00371873 -0.0177885 -0.034215 -0.033684 -0.0336046
internal_weight=4.32645 3.8643 3.03621 2.37904 0.782891 0.462149 0.657173 0.485975
internal_count=250 205 187 102 63 45 85 75
is_linear=0
shrinkage=0.05


Tree=266
num_leaves=10
num_cat=0
split_feature=4 11 13 30 21 15 2 29 4
split_gain=0.328532 0.567047 1.31629 1.19271 1.08085 0.967998 1.56124 0.965159 0.493685
threshold=0.047338373287008399 62.789599914550784 51.457278168602024 0.012721816906958396 0.0012642804154334721 0.029749205308112842 0.0013421123741933496 0.0033149998586834433 0.017912761302785813
decision_type=2 2 2 2 2 2 2 2 2
left_child=1 4 3 7 5 6 -1 -3 -4
right_child=-2 2 8 -5 -6 -7 -8 -9 -10
leaf_value=0.0046753957780455617 0.01306041711437466 0.0032465030659121655 -0.0096763781737112236 0.020109461408336873 0.019971063805982455 0.01099854301751468 -0.038422215303851211 -0.029281172739496528 -0.032757543033334446
leaf_weight=4.7749825194478053 4.469797044992446 6.5257327631115931 4.6113092973828298 5.9671215415000907 7.6195618510246268 6.8017408251762381 3.7529949024319649 3.5055971965193748 4.655809260904789
leaf_count=25 22 32 21 30 34 28 18 20 20
internal_value=9.26975e-05 -0.00110949 -0.00627733 0.00240857 0.00457995 -0.00307013 -0.014291 -0.00812078 -0.0212724
internal_weight=52.6846 48.2149 25.2656 15.9985 22.9493 15.3297 8.52798 10.0313 9.26712
internal_count=250 228 123 82 105 71 43 52 41
is_linear=0
shrinkage=0.05


Tree=267
num_leaves=10
num_cat=0
split_feature=18 18 26 20 13 30 5 20 20
split_gain=0.355293 1.33936 0.946976 0.997894 0.921684 1.33446 0.982975 0.709346 0.529868
threshold=-0.66502570756642032 -1.0148394064274078 0.034107337487687135 0.011527915337545715 46.67650215314395 0.011058302106996433 0.018848809443115344 0.083074559037394594 0.015645756093453759
decision_type=2 2 2 2 2 2 2 2 2
left_child=1 -1 3 4 5 -2 -6 -5 -4
right_child=2 -3 8 7 6 -7 -8 -9 -10
leaf_value=0.0054770981362903988 0.013513461811637548 -0.03008979517712819 0.0040312058258552292 -0.025039593924609506 6.0613846539601361e-05 -0.027930211518208459 0.030136590275489202 -0.0016929632205737574 0.028685589434579075
leaf_weight=7.0856155604124069 3.8290481865406099 4.2254130244255048 4.2079254612326604 5.9929900877177698 5.4542016610503179 3.9420504458248615 5.412792794406414 7.1174207553267479 4.5205120369791985
leaf_count=33 21 21 20 28 24 22 26 35 20
internal_value=2.48496e-05 -0.00780948 0.0022141 -0.00179588 0.00563873 -0.0075097 0.0150413 -0.0123651 0.0167999
internal_weight=51.788 11.311 40.4769 31.7485 18.6381 7.7711 10.867 13.1104 8.72844
internal_count=250 54 196 156 93 43 50 63 40
is_linear=0
shrinkage=0.05


Tree=268
num_leaves=13
num_cat=0
split_feature=29 20 20 7 18 30 29 18 22 30 23 4
split_gain=0.2164 0.197883 0.225156 0.296587 0.208253 0.152891 8.17136e-05 1.1189e-05 4.42747e-06 2.50675e-06 6.05761e-07 1.59363e-07
threshold=0.0053127443568387065 0.054500769792728117 -0.047054593386037839 58.15399990081788 -1.9053943626325152 0.0041410092022451392 0.0010278688378831948 -0.53078121626184582 0.0071281247551754365 0.00080419832430522764 0.0057034515764757829 0.01739672725461312
decision_type=2 2 2 2 2 2 2 2 2 2 2 2
left_child=1 2 3 -1 -3 -4 9 -5 10 -6 11 -2
right_child=8 4 5 7 6 -7 -8 -9 -10 -11 -12 -13
leaf_value=0.028845484999245975 -0.033531096909721551 0.022585917734148912 -0.0038335053094742649 -0.034107067853584284 -0.033503791797308939 0.026046447822101384 -0.03478071854762755 -0.033643174304657408 -0.033857098030017491 -0.033799895244791711 -0.033634145237164299 -0.033439124959719922
leaf_weight=0.28253745846450362 0.091382206766866036 0.22001452837139368 0.60103663639165539 0.20056632254272699 0.18278402055148024 1.4880537524586541 0.30597225017845631 0.36937597137875855 0.17148441111203283 0.11737592774443328 0.10368969675619155 0.097195725655183196
leaf_count=4 15 5 27 13 39 37 11 37 15 9 11 27
internal_value=-0.00142623 0.00254072 0.00861331 -0.0130417 -0.0190813 0.0174499 -0.0342057 -0.0338064 -0.0336554 -0.0336196 -0.0335371 -0.0334837
internal_weight=4.23147 3.76772 2.94157 0.85248 0.826147 2.08909 0.606132 0.569942 0.463752 0.30016 0.292268 0.188578
internal_count=250 182 118 54 64 64 59 50 68 48 53 42
is_linear=0
shrinkage=0.05


Tree=269
num_leaves=10
num_cat=0
split_feature=26 26 20 24 6 6 23 26 31
split_gain=0.33449 0.726946 0.698128 0.697407 0.805314 1.20235 0.681559 0.823215 0.765894
threshold=0.034107337487687135 0.0059314848699386644 -1.0000000180025095e-35 -0.017600508243531873 1.0401943290307527 0.87538247380704115 1.0000000180025095e-35 -0.016868635283571628 0.35090619145922247
decision_type=2 2 2 2 2 2 2 2 2
left_child=1 6 -2 -3 5 -5 7 -1 -8
right_child=2 3 -4 4 -6 -7 8 -9 -10
leaf_value=0.020892098975717758 0.0050328811662854961 -0.0077964827886078938 -0.019930260303163208 0.022502110058965519 0.028887697678140725 -0.016352138301850002 -0.0016977926072887378 -0.0075263389244706273 -0.027258294825456206
leaf_weight=4.7605554834008217 5.5504754669964314 4.4048455804586437 5.6535334661602956 4.3340775892138463 5.9876600280404082 3.6831785961985588 7.421275317668913 5.4837494045496005 4.8433491364121437
leaf_count=24 28 20 26 21 29 20 34 26 22
internal_value=9.10958e-05 0.00218701 -0.0075635 0.0095561 0.0150139 0.00465222 -0.00384007 0.00567978 -0.0117917
internal_weight=52.1227 40.9187 11.204 18.4098 14.0049 8.01726 22.5089 10.2443 12.2646
internal_count=250 196 54 90 70 41 106 50 56
is_linear=0
shrinkage=0.05


Tree=270
num_leaves=9
num_cat=0
split_feature=0 19 19 8 1 29 14 3
split_gain=0.362374 0.502036 0.791288 0.809446 0.811147 0.58193 0.564801 0.497294
threshold=-0.01715404086135058 -0.048867405145294966 -0.011298954547856009 -0.0012252348849246266 0.019235426896459743 0.0089398781337763928 0.54459291122011277 -0.034046905912905927
decision_type=2 2 2 2 2 2 2 2
left_child=-1 5 6 7 -5 -2 -3 -4
right_child=1 2 3 4 -6 -7 -8 -9
leaf_value=-0.011174365604701411 0.020778269113000562 -0.028173457039846167 0.02952403184696278 -0.015987041302320794 0.0060565958884445763 -0.0038197418702195745 -0.0028863300722593572 0.0053442709101678924
leaf_weight=6.3329545594751826 6.2849668413400632 3.9586719311773724 3.6916293203830719 7.1486461311578848 10.026517882943152 3.8942303955554962 4.9937718287110329 5.0152739658951742
leaf_count=39 29 23 17 32 43 18 22 27
internal_value=2.4179e-05 0.0015997 -0.00125472 0.00317732 -0.00311841 0.0113679 -0.014068 0.0155962
internal_weight=51.3467 45.0137 34.8345 25.8821 17.1752 10.1792 8.95244 8.7069
internal_count=250 211 164 119 75 47 45 44
is_linear=0
shrinkage=0.05


Tree=271
num_leaves=10
num_cat=0
split_feature=13 8 8 23 29 31 18 24 5
split_gain=0.209024 0.212424 0.343929 0.177527 0.358167 4.16533e-05 8.20453e-06 1.41503e-06 2.45015e-07
threshold=57.067711127759758 0.022858581872044741 -0.0066703889199838671 0.0053002131135493355 -0.012763905690121978 0.37560264132363702 -0.89228002599946665 0.00047758897183736165 0.018848809443115344
decision_type=2 2 2 2 2 2 2 2 2
left_child=1 2 3 4 -1 6 -4 -2 -9
right_child=7 -3 5 -5 -6 -7 -8 8 -10
leaf_value=0.039177207263350604 -0.033648006456871549 0.021170220055834073 -0.034085919221228285 0.019253816955156888 -0.033960463402565248 -0.034618766218003728 -0.033664539620480632 -0.03352301325073645 -0.033408403400511204
leaf_weight=0.23999546817503881 0.26365578128024925 1.0790387596935032 0.18441970832645893 1.0900541762821374 0.55336246255319588 0.24564861692488194 0.30918513820506666 0.097416512202471495 0.08945307123940438
leaf_count=3 35 23 11 21 62 10 38 15 32
internal_value=-0.00141691 0.00249678 -0.005186 0.00615777 -0.0118359 -0.0340867 -0.033822 -0.0335734 -0.0334682
internal_weight=4.15223 3.7017 2.62267 1.88341 0.793358 0.739253 0.493605 0.450525 0.18687
internal_count=250 168 145 86 65 59 49 82 47
is_linear=0
shrinkage=0.05


Tree=272
num_leaves=8
num_cat=0
split_feature=0 19 19 29 18 22 24
split_gain=0.337303 0.538145 0.750332 0.657124 0.620504 1.27163 1.07469
threshold=-0.01715404086135058 -0.048867405145294966 -0.018419264408128074 0.0089398781337763928 -0.11962109982592696 0.0054258861086167185 -0.0019325138288022734
decision_type=2 2 2 2 2 2 2
left_child=-1 3 -3 -2 6 -6 -4
right_child=1 2 4 -5 5 -7 -8
leaf_value=0.01068483196222563 -0.021625292109370697 0.017492828779097244 0.0056482927298781042 0.0045301668102859073 -0.0051317097728733885 0.025334200227682669 -0.022711899766792984
leaf_weight=6.5585829205811015 6.2551146075129491 6.0575375109910921 6.1679896786808968 3.8977761045098305 10.323847971856599 5.1255584433674803 7.2869053557515127
leaf_count=39 29 31 26 18 47 23 37
internal_value=8.98297e-05 -0.00145043 0.00149236 -0.011584 -0.0018609 0.00497579 -0.00971103
internal_weight=51.6733 45.1147 34.9618 10.1529 28.9043 15.4494 13.4549
internal_count=250 211 164 47 133 70 63
is_linear=0
shrinkage=0.05


Tree=273
num_leaves=10
num_cat=0
split_feature=13 19 3 1 1 1 14 12 14
split_gain=0.365551 0.854722 0.622709 0.868304 1.11183 1.14475 0.746307 0.573553 0.758625
threshold=40.842370646634869 -0.0020142956723152024 -0.0049818568432305468 0.025376446867029005 0.0084322621694238337 -0.011980311302192346 1.0086778831428462 -0.02511249447760816 0.29580474548711361
decision_type=2 2 2 2 2 2 2 2 2
left_child=1 -1 7 4 5 -4 -5 8 -2
right_child=2 -3 3 6 -6 -7 -8 -9 -10
leaf_value=0.0055166843021066071 0.017081226877714715 -0.025420598773580133 -0.017389031483213253 0.016027015501708271 -0.031124785246217673 0.016996912588136223 -0.0086643582084521605 0.022631999070199457 -0.012236937323066284
leaf_weight=4.7101408168673515 4.385856129229067 4.2442798539996129 5.1893786042928651 8.2350290939211828 4.6273795664310446 4.5360984578728738 4.8701955825090399 5.7437868788838378 4.4402725696563721
leaf_count=28 21 26 25 38 21 20 20 30 21
internal_value=2.52459e-05 -0.00914719 0.00197951 -0.00245389 -0.0109501 -0.00135095 0.00685115 0.0103346 0.00233177
internal_weight=50.9824 8.95442 42.028 27.4581 14.3529 9.72548 13.1052 14.5699 8.82613
internal_count=250 54 196 124 66 45 58 72 42
is_linear=0
shrinkage=0.05


Tree=274
num_leaves=11
num_cat=0
split_feature=29 29 7 11 8 31 22 16 23 16
split_gain=0.203903 0.182983 0.359945 0.195868 0.364035 9.88783e-06 3.56199e-06 2.65984e-06 5.92949e-07 1.34836e-07
threshold=0.0053127443568387065 0.0044184144934866785 62.792499732971201 64.582899703979507 -0.036792567917678952 -0.65169832812483863 0.0071281247551754365 0.018317698241243869 0.0057034515764757829 0.025384424842073487
decision_type=2 2 2 2 2 2 2 2 2 2
left_child=1 2 5 -4 -5 -1 8 -7 9 -2
right_child=6 -3 3 4 -6 7 -8 -9 -10 -11
leaf_value=-0.034116159077563372 -0.033523984758306577 0.024229722082407808 0.018896784858152448 0.038990381853176388 -0.033988181859476073 -0.033851548345699201 -0.033826119890091204 -0.033599247734681988 -0.033627448005393058 -0.033435949794734486
leaf_weight=0.14893465326167643 0.078623429406434187 0.76290794380474825 1.321542314020917 0.24339169729501076 0.5735795282525934 0.13700475217774588 0.16157950588967651 0.43978629447519779 0.10063628247007728 0.097347237053327262
leaf_count=10 14 12 35 2 52 9 15 62 11 28
internal_value=-0.00142248 0.00246959 -0.00332636 0.00699921 -0.0122464 -0.033753 -0.0336396 -0.0336592 -0.0335306 -0.0334753
internal_weight=4.06533 3.62715 2.86424 2.13851 0.816971 0.725726 0.438186 0.576791 0.276607 0.175971
internal_count=250 182 170 89 54 81 68 71 53 42
is_linear=0
shrinkage=0.05


Tree=275
num_leaves=7
num_cat=0
split_feature=11 16 1 0 29 6
split_gain=0.332321 0.47344 0.830386 0.876777 0.924323 0.617425
threshold=58.799200019836434 0.041908694801459999 0.042903524122921984 0.012944509153066221 -0.0027888480469836492 1.1167670833652272
decision_type=2 2 2 2 2 2
left_child=-1 2 3 4 -2 -3
right_child=1 5 -4 -5 -6 -7
leaf_value=0.01550774860466499 0.020171498342056685 0.01838596429843008 -0.02426353778330036 -0.019113363921713918 -0.0022814561476723078 -0.004304291094018693
leaf_weight=3.2711996436119071 5.9306447654962566 6.3230785280466062 4.3692987337708464 5.5206829234957686 20.182272125035528 5.7014371752738953
leaf_count=15 28 34 23 28 97 25
internal_value=8.76388e-05 -0.000962642 -0.00383159 -0.00100949 0.00281795 0.00762736
internal_weight=51.2986 48.0274 36.0029 31.6336 26.1129 12.0245
internal_count=250 235 176 153 125 59
is_linear=0
shrinkage=0.05


Tree=276
num_leaves=8
num_cat=0
split_feature=31 13 1 16 30 30 19
split_gain=0.348629 0.766195 0.484417 1.01621 0.807691 0.731332 0.365633
threshold=-0.65169832812483863 40.842370646634869 -0.0166753827351892 0.044119282046368218 0.011873770381587103 0.0060549121341574317 -0.0020142956723152024
decision_type=2 2 2 2 2 2 2
left_child=-1 6 5 4 -4 -3 -2
right_child=1 2 3 -5 -6 -7 -8
leaf_value=0.014774894062092779 -0.0051076256281929015 -0.023752055735637365 0.016174168618661132 -0.010780154358563726 -0.004030931660429754 0.0041360026800743846 -0.029182386840617816
leaf_weight=3.7118553146719924 3.1012539677321911 4.3007764443755132 15.667768649756914 8.1321208477020246 7.2278294861316672 5.1848819330334663 3.2090165242552748
leaf_count=18 20 21 77 35 35 23 21
internal_value=2.49447e-05 -0.00114433 0.00137992 0.00440293 0.00979569 -0.00850838 -0.0173506
internal_weight=50.5355 46.8236 40.5134 31.0277 22.8956 9.48566 6.31027
internal_count=250 232 191 147 112 44 41
is_linear=0
shrinkage=0.05


Tree=277
num_leaves=9
num_cat=0
split_feature=26 25 23 13 23 8 16 33
split_gain=0.201659 0.237941 0.256478 0.175935 0.224394 5.42066e-05 3.46549e-06 1.69135e-06
threshold=-0.019858456272093424 -0.01211456262799415 -0.00099286337003323655 47.267564282957743 -1.0000000180025095e-35 -0.011417035187760856 0.018317698241243869 0.21500000000000002
decision_type=2 2 2 2 2 2 2 2
left_child=5 -2 6 -4 -5 -1 -3 -8
right_child=1 2 3 4 -6 -7 7 -9
leaf_value=-0.034833439182427962 0.027010970322310375 -0.033851321039514826 0.013289350926905912 0.02984767578913692 -0.033864786390173061 -0.033676680899159948 -0.033702540511952948 -0.033498664919939934
leaf_weight=0.1711420682258904 0.77542731654830355 0.15484790061600584 1.4906029417179518 0.18808771297335736 0.52101830125320581 0.2480834481539208 0.16350548272021115 0.26924678089562804
leaf_count=10 18 10 39 4 59 35 19 56
internal_value=-0.00134704 0.00251274 -0.00430265 0.00353636 -0.0169653 -0.0341489 -0.0336483 -0.0335757
internal_weight=3.98196 3.56274 2.78731 2.19971 0.709106 0.419226 0.5876 0.432752
internal_count=250 205 187 102 63 45 85 75
is_linear=0
shrinkage=0.05


Tree=278
num_leaves=10
num_cat=0
split_feature=4 11 13 30 21 21 29 13 4
split_gain=0.324602 0.515019 1.2308 1.05804 0.892621 0.887997 0.872255 0.75641 0.448948
threshold=0.047338373287008399 62.789599914550784 51.457278168602024 0.012721816906958396 0.0012642804154334721 -0.0026336282391610784 0.0033149998586834433 59.375220975919525 0.017912761302785813
decision_type=2 2 2 2 2 2 2 2 2
left_child=1 4 3 6 5 -1 -3 -7 -4
right_child=-2 2 8 -5 -6 7 -8 -9 -10
leaf_value=0.017531653636287007 0.013182364206154673 0.00320316018051367 -0.0096606456597056346 0.019425473280800219 0.01857981196416187 -0.020976888518219858 -0.028422007307660341 0.0059791615276599038 -0.032050480545955072
leaf_weight=3.9648093879222879 4.3253679350018492 6.3325138762593287 4.4618977233767492 5.7362580746412268 7.379366695880889 6.4664106294512749 3.3251790180802345 4.3552880138158798 4.4938022941350937
leaf_count=19 22 32 21 30 34 35 20 17 20
internal_value=8.0708e-05 -0.00113758 -0.0061573 0.00241688 0.00437667 -0.00271156 -0.0076855 -0.0101282 -0.0208954
internal_weight=50.8409 46.5155 24.3497 15.394 22.1659 14.7865 9.65769 10.8217 8.9557
internal_count=250 228 123 82 105 71 52 52 41
is_linear=0
shrinkage=0.05


Tree=279
num_leaves=9
num_cat=0
split_feature=18 18 3 0 18 7 22 23
split_gain=0.326655 1.24098 0.840432 0.832514 1.24237 0.726845 0.763617 0.244008
threshold=-0.66502570756642032 -1.0148394064274078 -0.042100890341903001 0.0099447874182597724 0.50549543900741212 63.993500137329107 -0.0026725611452455551 -0.0028308116163004988
decision_type=2 2 2 2 2 2 2 2
left_child=1 -1 7 5 -5 6 -4 -2
right_child=2 -3 3 4 -6 -7 -8 -9
leaf_value=0.0053282480858784301 0.0080867067753402477 -0.029468958491858044 -0.001577267887016302 0.022602029012829927 -0.0075082870255568871 0.0039355196716524899 -0.02861436427589692 0.025647690164598377
leaf_weight=6.8979158699512482 4.0252769291400909 4.0763688124716264 4.5982228219509125 6.9236412309110147 6.7810256257653236 6.8635264411568633 6.0444271229207569 3.8894289284944525
leaf_count=33 19 21 26 33 30 35 31 22
internal_value=2.61377e-05 -0.00759708 0.00216437 -0.00152588 0.00770354 -0.00875111 -0.0169328 0.0167165
internal_weight=50.0998 10.9743 39.1255 31.2108 13.7047 17.5062 10.6426 7.91471
internal_count=250 54 196 155 63 92 57 41
is_linear=0
shrinkage=0.05


Tree=280
num_leaves=11
num_cat=0
split_feature=4 8 8 4 23 31 13 22 2 18
split_gain=0.196755 0.170551 0.351067 0.169314 0.397273 4.08335e-05 7.61672e-06 4.65248e-06 1.19535e-06 2.46997e-08
threshold=0.024108197542607037 0.022858581872044741 -0.0066703889199838671 0.020478284861607476 0.0077039173898337818 0.37560264132363702 44.325072162890514 -0.010705774561417856 0.029914187926185391 -0.10434142558342233
decision_type=2 2 2 2 2 2 2 2 2 2
left_child=1 2 3 4 -1 6 -4 -2 -9 -10
right_child=7 -3 5 -5 -6 -7 -8 8 9 -11
leaf_value=-0.034046449932172422 -0.033915161051420735 0.019244066565595505 -0.034052130595142449 0.031572174226572901 0.024081133817041158 -0.034578220085470478 -0.033630891965587016 -0.03363310572538325 -0.033455279313554014 -0.033414460180407668
leaf_weight=0.54634133918443761 0.11133853741921484 1.066582085448317 0.15669871889986131 0.51517488772515196 0.6362740610493347 0.22279149712994695 0.34049749141559005 0.15978007460944343 0.079216738347895443 0.069639184046536684
leaf_count=53 11 32 11 12 13 11 45 20 19 23
internal_value=-0.00130784 0.00258897 -0.00475829 0.00764901 -0.00277248 -0.0340157 -0.0337637 -0.0336381 -0.0335381 -0.0334362
internal_weight=3.90433 3.48436 2.41778 1.69779 1.18262 0.719988 0.497196 0.419975 0.308636 0.148856
internal_count=250 177 145 78 66 67 56 73 62 42
is_linear=0
shrinkage=0.05


Tree=281
num_leaves=7
num_cat=0
split_feature=25 25 13 8 1 20
split_gain=0.304116 0.683902 0.538989 0.484036 1.04013 0.597112
threshold=0.010034604235751645 0.0067255043191286621 53.093915465774664 -0.026176387269737363 -0.0166753827351892 -0.08003399116442754
decision_type=2 2 2 2 2 2
left_child=1 3 -2 -1 -5 -6
right_child=2 -3 -4 4 5 -7
leaf_value=-0.014146340504895941 0.017611600467409245 -0.021131757594558709 -0.0023180874771120442 0.023459597554506197 0.011308325496771143 -0.0068976585404455218
leaf_weight=4.9908446148037866 6.0333844646811468 4.263386793434619 7.7505003809928894 4.9770065397024146 6.2490319907665279 16.124904289841659
leaf_count=26 31 21 37 24 31 80
internal_value=7.53487e-05 -0.00230827 0.00640539 0.000173101 0.00278603 -0.00181273
internal_weight=50.3891 36.6052 13.7839 32.3418 27.3509 22.3739
internal_count=250 182 68 161 135 111
is_linear=0
shrinkage=0.05


Tree=282
num_leaves=10
num_cat=0
split_feature=13 19 3 1 1 25 14 31 14
split_gain=0.33732 0.756797 0.584701 0.800779 1.03148 1.04753 0.659173 0.536317 0.401006
threshold=40.842370646634869 -0.0020142956723152024 -0.0049818568432305468 0.025376446867029005 0.0084322621694238337 -0.0020926799625824439 1.0086778831428462 0.105600757118702 0.39608781974062274
decision_type=2 2 2 2 2 2 2 2 2
left_child=1 -1 7 4 5 -4 -5 8 -2
right_child=2 -3 3 6 -6 -7 -8 -9 -10
leaf_value=0.0049236329916646435 0.027623067780492262 -0.02459489193757497 -0.020748411622012741 0.015320448599858006 -0.030437807777545574 0.012886177663724669 -0.008063155304490463 -0.0061736739194446525 0.0077429481201666114
leaf_weight=4.6358539238572121 4.3114329203963262 4.0844190455973131 4.0141831599175886 8.0650437921285612 4.4920665249228469 5.468543738126761 4.8120026141405097 3.7202042788267127 6.1619525328278542
leaf_count=28 22 26 21 38 21 24 20 19 31
internal_value=2.8553e-05 -0.00890231 0.00192595 -0.00241279 -0.0107013 -0.00135186 0.00658227 0.0101341 0.0159267
internal_weight=49.7657 8.72027 41.0454 26.8518 13.9748 9.48273 12.877 14.1936 10.4734
internal_count=250 54 196 124 66 45 58 72 53
is_linear=0
shrinkage=0.05


Tree=283
num_leaves=10
num_cat=0
split_feature=26 21 5 24 19 8 19 13 24
split_gain=0.190777 0.224072 0.357222 0.164496 0.398199 4.02744e-05 2.12901e-05 1.36973e-05 2.40656e-06
threshold=-0.019858456272093424 0.00025591324514329111 0.013342075155358376 -0.020930970499596854 -0.015553345739007572 -0.011417035187760856 -1.0000000180025095e-35 33.097408736312182 -0.010642567255196854
decision_type=2 2 2 2 2 2 2 2 2
left_child=5 2 -2 -3 -5 -1 -6 -4 -9
right_child=1 3 7 4 6 -7 -8 8 -10
leaf_value=-0.034700990157172519 0.038618713036893286 0.031507484196440623 -0.034166291432071082 0.018098660594475461 -0.034317543387346466 -0.033675426543170503 -0.033668738705460916 -0.033691031097311898 -0.033497245673821952
leaf_weight=0.16009953035973012 0.21974041266366873 0.67997894855216179 0.1191021844279021 1.2296081152744591 0.21258048200979829 0.23809393506962839 0.31204361107666012 0.28736502293031729 0.36207735247444295
leaf_count=10 2 10 8 34 9 35 36 36 70
internal_value=-0.00133212 0.00247887 -0.0175996 0.0106307 0.00253838 -0.0340878 -0.0339316 -0.0336734 -0.033583
internal_weight=3.82069 3.4225 0.988285 2.43421 1.75423 0.398193 0.524624 0.768545 0.649442
internal_count=250 205 116 89 79 45 45 114 106
is_linear=0
shrinkage=0.05


Tree=284
num_leaves=8
num_cat=0
split_feature=11 32 11 20 24 19 4
split_gain=0.312691 0.433141 0.789024 0.768944 0.714149 0.646054 0.516204
threshold=58.799200019836434 0.029209048085689613 62.789599914550784 -0.08255881786476614 -0.0079996616767286626 -0.029660475453974152 0.01739672725461312
decision_type=2 2 2 2 2 2 2
left_child=-1 4 -3 -4 -2 -5 -6
right_child=1 2 3 5 6 -7 -8
leaf_value=0.015144211917804754 0.0083604484490194513 0.016049781040913095 0.010943901923318212 -0.024714012449925798 -0.0045868820843765019 -0.0026136915312231662 -0.029461685690430197
leaf_weight=3.2202398255467406 4.0048062279820433 7.6752801388502112 7.9182678908109656 4.2754367217421558 4.0731569454073888 14.596300311386587 4.2743015587329865
leaf_count=15 20 38 38 25 19 74 21
internal_value=7.33174e-05 -0.0009633 0.00191584 -0.00213351 -0.00899667 -0.00762057 -0.017324
internal_weight=50.0378 46.8175 34.4653 26.79 12.3523 18.8717 8.34746
internal_count=250 235 175 137 60 99 40
is_linear=0
shrinkage=0.05


Tree=285
num_leaves=10
num_cat=0
split_feature=13 19 3 1 1 25 15 12 10
split_gain=0.321425 0.712712 0.549581 0.742564 0.990787 0.978779 0.65661 0.535066 0.864284
threshold=40.842370646634869 -0.0020142956723152024 -0.0049818568432305468 0.025376446867029005 0.0084322621694238337 -0.0020926799625824439 0.038322488500930639 -0.02511249447760816 -0.014523961812142433
decision_type=2 2 2 2 2 2 2 2 2
left_child=1 -1 7 4 5 -4 -5 8 -2
right_child=2 -3 3 6 -6 -7 -8 -9 -10
leaf_value=0.0046756068023829705 0.015727561221903781 -0.024118961161863729 -0.020065978340924134 0.016693328580430353 -0.029911941954335705 0.012570301453755463 -0.0060808746277953652 0.021990668388083116 -0.016348285972599439
leaf_weight=4.6134983710944653 4.9236869663000098 4.0228304602205736 3.9762025922536806 6.9669967740774137 4.4169242084026328 5.4409415721893373 5.7994150966405869 5.5279946327209464 3.662098951637744
leaf_count=28 23 26 21 33 21 24 25 30 19
internal_value=2.43808e-05 -0.008737 0.00188285 -0.00234861 -0.0103737 -0.00120972 0.00634766 0.00985794 0.00204624
internal_weight=49.3506 8.63633 40.7143 26.6005 13.8341 9.41714 12.7664 14.1138 8.58579
internal_count=250 54 196 124 66 45 58 72 42
is_linear=0
shrinkage=0.05


Tree=286
num_leaves=13
num_cat=0
split_feature=29 11 30 22 18 22 29 18 22 18 23 4
split_gain=0.188841 0.16616 0.364205 0.335318 0.162994 0.0898104 4.56148e-05 3.3775e-05 2.66219e-06 2.20391e-06 5.46971e-07 1.29539e-07
threshold=0.0053127443568387065 64.792499809265152 0.0041410092022451392 -0.01597115998736592 -1.0148394064274078 -0.0022232471265162253 0.0010278688378831948 -0.80715967085085072 0.0071281247551754365 0.50549543900741212 0.0057034515764757829 0.01739672725461312
decision_type=2 2 2 2 2 2 2 2 2 2 2 2
left_child=1 2 4 -3 -1 -4 -6 -5 10 -9 11 -2
right_child=8 3 5 7 6 -7 -8 9 -10 -11 -12 -13
leaf_value=0.016189722777865855 -0.033512657593300299 0.035750914189234761 0.0081051564749765482 -0.034417420458297959 -0.03366032198844391 0.031803844881507552 -0.034587765074829253 -0.033583983127040855 -0.033790453565636196 -0.033821472098208016 -0.033618245430097581 -0.03342262263998956
leaf_weight=0.23002902604639608 0.078679640777408966 0.23318077623844147 0.65954954782500852 0.26473699987400323 0.30795236577978402 1.0150138529716057 0.23280318011529744 0.22265679039992381 0.1472624740563333 0.17405513906851411 0.095372373121790588 0.081159367342479527
leaf_count=11 15 3 34 14 42 22 10 34 15 12 11 27
internal_value=-0.00126601 0.00263284 0.00937833 -0.015805 -0.0190634 0.0224698 -0.0340596 -0.03398 -0.0336212 -0.0336882 -0.0335235 -0.0334669
internal_weight=3.74245 3.33998 2.44535 0.89463 0.770785 1.67456 0.540756 0.661449 0.402474 0.396712 0.255211 0.159839
internal_count=250 182 119 63 63 56 52 60 68 46 53 42
is_linear=0
shrinkage=0.05


Tree=287
num_leaves=8
num_cat=0
split_feature=4 1 29 9 15 9 14
split_gain=0.30168 0.493932 0.447973 1.08725 1.09878 0.989701 0.83884
threshold=0.047338373287008399 0.050930571657357489 -0.0029282887429766809 61.246000194549566 0.025499557304838237 61.246000194549566 0.48594652110805331
decision_type=2 2 2 2 2 2 2
left_child=1 2 5 4 -4 -1 -5
right_child=-2 -3 3 6 -6 -7 -8
leaf_value=-0.0074186088863977279 0.01278878892858203 -0.013083822795749739 -0.011257209930027783 -0.0025781884654223043 0.021013194355844776 0.024314460976494003 -0.026704422755344816
leaf_weight=4.4088969528675062 4.2625978738069525 7.2524743154644957 4.0649247057735938 11.277197241783144 7.5133860185742378 5.5502342581748962 5.2941586077213278
leaf_count=23 22 33 20 60 39 27 26
internal_value=7.12316e-05 -0.00112384 0.00115226 -0.0020722 0.00968367 0.0102663 -0.010286
internal_weight=49.6239 45.3613 38.1088 28.1497 11.5783 9.95913 16.5714
internal_count=250 228 195 145 59 50 86
is_linear=0
shrinkage=0.05


Tree=288
num_leaves=8
num_cat=0
split_feature=0 1 22 0 17 20 7
split_gain=0.302164 0.467744 0.726118 1.67002 0.864849 0.999508 0.562459
threshold=-0.01715404086135058 -0.033448733870370333 -0.0026725611452455551 -0.00055803520281222363 -0.0056981503912453173 0.039020292288146415 62.05099983215333
decision_type=2 2 2 2 2 2 2
left_child=-1 -2 3 -3 -4 -6 -5
right_child=1 2 4 6 5 -7 -8
leaf_value=-0.010495540856700932 0.01544426211051881 -0.016805858820688406 0.011646520018473263 0.0093116321040803435 -0.00094420324406339115 -0.024384932487472703 0.034255397455444585
leaf_weight=5.9895300157368174 5.2699724063277236 4.2898243665695199 5.5850368887186042 4.7999989166855777 10.838815219700342 7.8348828181624404 4.2708374634385109
leaf_count=39 25 22 29 23 56 38 18
internal_value=2.4294e-05 0.0014934 -0.000460933 0.00889933 -0.00561616 -0.0107792 0.0210559
internal_weight=48.8789 42.8894 37.6194 13.3607 24.2587 18.6737 9.07084
internal_count=250 211 186 63 123 94 41
is_linear=0
shrinkage=0.05


Tree=289
num_leaves=12
num_cat=0
split_feature=29 30 11 22 30 32 30 18 22 23 4
split_gain=0.182571 0.157849 0.184484 0.245095 0.196211 0.124787 0.0893904 3.01731e-05 2.51236e-06 5.04461e-07 1.19719e-07
threshold=0.0053127443568387065 -0.011851822434149449 64.792499809265152 -0.01351728180114775 0.0041410092022451392 -0.20569554425353367 0.0060549121341574317 -0.80715967085085072 0.0071281247551754365 0.0057034515764757829 0.01739672725461312
decision_type=2 2 2 2 2 2 2 2 2 2 2
left_child=1 -1 4 -4 5 -3 -6 -5 9 10 -2
right_child=8 2 3 7 6 -7 -8 -9 -10 -11 -12
leaf_value=-0.034217303978606541 -0.033507135961773453 0.01478902651152863 0.024178913380188443 -0.03446157587509148 0.037661398852349093 -0.033771371279182345 0.013354101101805431 -0.03370191033167045 -0.033781602050433839 -0.033610252337729615 -0.033418940181386463
leaf_weight=0.26708806201350022 0.076022866996936389 0.23320576222613454 0.27239281311631203 0.2230453462107107 0.58649201132357109 0.30573546956293363 1.0651534730568526 0.31575541698839504 0.14267076086252928 0.092469055089168251 0.077910059248097241
leaf_count=34 15 9 5 11 7 33 49 34 15 11 27
internal_value=-0.0012366 0.00261715 0.00589456 -0.0144748 0.0134375 -0.0127588 0.0219855 -0.0340164 -0.0336146 -0.0335179 -0.0334625
internal_weight=3.65794 3.26887 3.00178 0.811194 2.19059 0.538941 1.65165 0.538801 0.389073 0.246402 0.153933
internal_count=250 182 148 50 98 42 56 45 68 53 42
is_linear=0
shrinkage=0.05


Tree=290
num_leaves=8
num_cat=0
split_feature=31 12 10 15 17 25 25
split_gain=0.285357 0.63187 0.70539 0.657224 0.867206 0.66377 0.71931
threshold=-0.59098621846241872 -0.0367714194080574 -0.028076349707607969 0.025790610387866012 -0.0041414690000250399 0.016626709921845898 0.0067255043191286621
decision_type=2 2 2 2 2 2 2
left_child=-1 2 -2 4 -3 6 -5
right_child=1 3 -4 5 -6 -7 -8
leaf_value=-0.010767692656738605 0.00051105301575275579 -0.032107723082586685 0.032210921149035614 0.0044329690319108274 -0.0016282949123476395 0.021616521412291541 -0.017218506831722817
leaf_weight=5.4075469598174086 3.8130612373352051 3.5029162466526031 3.2512507848441592 17.190690413117416 6.9918181747198087 4.0506496578454962 4.9378877803683272
leaf_count=27 21 19 22 83 34 22 22
internal_value=6.78786e-05 0.00140753 0.0151005 -0.00123007 -0.0118017 0.00300787 -0.000398456
internal_weight=49.1458 43.7383 7.06431 36.674 10.4947 26.1792 22.1286
internal_count=250 223 43 180 53 127 105
is_linear=0
shrinkage=0.05


Tree=291
num_leaves=10
num_cat=0
split_feature=13 19 3 1 1 17 32 31 14
split_gain=0.316564 0.661622 0.522218 0.701669 0.93904 0.925963 0.628607 0.515848 0.365092
threshold=40.842370646634869 -0.0020142956723152024 -0.0049818568432305468 0.025376446867029005 0.0084322621694238337 0.0031108194712731289 0.047512508715038225 0.105600757118702 0.39608781974062274
decision_type=2 2 2 2 2 2 2 2 2
left_child=1 -1 7 4 5 -4 -5 8 -2
right_child=2 -3 3 6 -6 -7 -8 -9 -10
leaf_value=0.0042368453476876707 0.026844836131015622 -0.023749959378372796 -0.016688843589062322 0.022893426168243892 -0.029485307569674109 0.014950700700237152 -0.0012580097661167911 -0.0064026509339066189 0.007615333661549234
leaf_weight=4.5514816120266914 4.1843010038137418 3.939620975404976 4.7248740419745463 3.9010812640190116 4.2983844429254523 4.5290848761796951 8.7088784426450712 3.6493162214756003 6.0189995989203453
leaf_count=28 22 26 26 19 21 19 39 19 31
internal_value=2.0425e-05 -0.00874821 0.00188111 -0.00227524 -0.0101738 -0.00120378 0.0062136 0.00973089 0.0155012
internal_weight=48.506 8.4911 40.0149 26.1623 13.5523 9.25396 12.61 13.8526 10.2033
internal_count=250 54 196 124 66 45 58 72 53
is_linear=0
shrinkage=0.05


Tree=292
num_leaves=11
num_cat=0
split_feature=4 8 3 5 33 13 22 18 2 18
split_gain=0.178651 0.14126 0.376061 0.175123 0.371619 1.99013e-05 4.51221e-06 1.21117e-06 7.69942e-07 1.89501e-08
threshold=0.024108197542607037 -0.036792567917678952 -0.013563182374807135 0.023982006377964434 0.22500000000000003 29.141708835049076 -0.011544639918516507 -0.082875745040626406 0.029914187926185391 -0.10434142558342233
decision_type=2 2 2 2 2 2 2 2 2 2
left_child=1 -1 5 4 -4 -3 -2 -7 -8 -10
right_child=6 2 3 -5 -6 7 8 -9 9 -11
leaf_value=0.029308465103562775 -0.033902557887149347 -0.034251977860500875 0.017938541033517909 0.033464703480551784 -0.033902179714029902 -0.033510072543430296 -0.033593222868054197 -0.033668107768739242 -0.03344420664332249 -0.033406271813661445
leaf_weight=0.43071477382909584 0.1020602083299309 0.1572162371594471 1.0255245848093175 0.5431286934763192 0.52148598060011853 0.19089123699814181 0.14510642562527198 0.33226032980019127 0.070172673207707703 0.062015207833610475
leaf_count=11 10 7 24 5 52 35 21 43 19 23
internal_value=-0.00117452 0.00267017 -0.00147113 0.00903889 0.000463412 -0.0337587 -0.0336183 -0.0336104 -0.0335137 -0.0334264
internal_weight=3.58058 3.20122 2.77051 2.09014 1.54701 0.680368 0.379355 0.523152 0.277294 0.132188
internal_count=250 177 166 81 76 85 73 78 63 42
is_linear=0
shrinkage=0.05


Tree=293
num_leaves=11
num_cat=0
split_feature=4 15 2 2 2 2 24 23 17 9
split_gain=0.287625 0.749781 1.57956 0.80877 1.42561 1.01677 0.718144 0.590185 0.579297 0.235779
threshold=0.014295340763912619 0.030351599752239205 -0.0092465694002823434 0.049045121093606044 -0.017413101825302698 0.10187195876941325 0.0069038225887682056 -0.0024304760216820038 -0.0016911079017929305 62.365249824523936
decision_type=2 2 2 2 2 2 2 2 2 2
left_child=6 2 7 4 -3 -5 -1 -2 -4 -6
right_child=1 3 8 5 9 -7 -8 -9 -10 -11
leaf_value=0.02520895775794665 0.019412242452370325 -0.0077331250516219545 -0.037087142272632066 -0.023567561629549021 0.036977556641189513 0.0079835387432806212 -0.0040133366647119272 -0.0087287961368130492 -0.012601987575785199 0.018836049917086286
leaf_weight=3.6458086594939214 4.4736676923930645 4.869864270091055 4.0383897200226793 4.5558388158678991 3.3563042581081426 5.8098305910825729 4.9664594307541847 3.1929024122655418 6.0116954222321484 3.8402963727712631
leaf_count=19 23 25 22 22 18 24 26 20 29 22
internal_value=6.59279e-05 -0.00171264 -0.00940121 0.00435971 0.0131592 -0.00588356 0.00835726 0.00769232 -0.0224408 0.0272968
internal_weight=48.7611 40.1488 17.7167 22.4321 12.0665 10.3657 8.61227 7.66657 10.0501 7.1966
internal_count=250 205 94 111 65 46 45 43 51 40
is_linear=0
shrinkage=0.05


Tree=294
num_leaves=8
num_cat=0
split_feature=11 32 25 9 10 25 18
split_gain=0.301048 0.831262 0.760718 1.13859 1.06855 0.907415 0.74912
threshold=62.789599914550784 0.047512508715038225 0.0005742204483144554 63.020499706268318 -0.011531580057184264 -0.0075082184389771425 0.1193689594489558
decision_type=2 2 2 2 2 2 2
left_child=1 6 5 -4 -5 -2 -1
right_child=2 -3 3 4 -6 -7 -8
leaf_value=0.01574871704012892 -0.00044697844905471101 -0.017690903393639469 0.020392822610953206 -0.028748358575489182 0.0017794053008406835 0.027203714278447623 -0.0081548996475744075
leaf_weight=6.1874455772340315 6.1111775003373623 7.5916072130203238 3.6739268228411666 5.081638026982545 6.5756196156144133 5.7672321721911448 6.969708614051342
leaf_count=32 33 39 18 31 31 32 34
internal_value=2.07871e-05 -0.00451571 0.00348011 -0.00387878 -0.0115283 0.012978 0.00308631
internal_weight=47.9584 20.7488 27.2096 15.3312 11.6573 11.8784 13.1572
internal_count=250 105 145 80 62 65 66
is_linear=0
shrinkage=0.05


Tree=295
num_leaves=12
num_cat=0
split_feature=29 11 14 30 18 22 29 18 22 18 33
split_gain=0.172556 0.150973 0.315039 0.313473 0.164141 0.0847441 3.35399e-05 3.28127e-05 2.11878e-06 1.812e-06 4.65465e-07
threshold=0.0053127443568387065 64.792499809265152 0.086471006402752223 0.0041410092022451392 -1.1302763830819065 -0.0022232471265162253 0.0010278688378831948 -0.89228002599946665 0.0071281247551754365 0.50549543900741212 0.57000000000000017
decision_type=2 2 2 2 2 2 2 2 2 2 2
left_child=1 3 -3 4 -1 -5 -6 -4 10 -9 -2
right_child=8 2 7 5 6 -7 -8 9 -10 -11 -12
leaf_value=0.018861787002335623 -0.033571894246962691 0.036057263383503103 -0.034400162826273749 0.0074192959328771291 -0.033623895332772089 0.030969890471230554 -0.034454417856804732 -0.03356120575376851 -0.033761213706700925 -0.033787690866757092 -0.033428768715755584
leaf_weight=0.20827461592853147 0.13472668157191936 0.21767583582550276 0.25058529968373477 0.63630015763919801 0.29105826112208932 0.95573007583152481 0.20874650368932635 0.21062616992276162 0.13378081028349698 0.15207399358041584 0.09821822599042207
leaf_count=9 23 3 14 34 44 22 10 35 15 11 30
internal_value=-0.00115272 0.00264796 -0.0156186 0.00924714 -0.0184306 0.0215572 -0.0339708 -0.0339602 -0.0336026 -0.0336562 -0.0335115
internal_weight=3.4978 3.13107 0.830961 2.30011 0.708079 1.59203 0.499805 0.613285 0.366726 0.3627 0.232945
internal_count=250 182 63 119 63 56 54 60 68 46 53
is_linear=0
shrinkage=0.05


Tree=296
num_leaves=8
num_cat=0
split_feature=25 25 1 1 33 34 26
split_gain=0.274587 0.62495 0.537708 1.1525 0.510658 1.07918 0.45195
threshold=0.010034604235751645 0.0067255043191286621 -0.034838615539592714 -0.0166753827351892 0.93500000000000016 -0.56061278205183307 0.016477600502263882
decision_type=2 2 2 2 2 2 2
left_child=1 2 -1 -4 5 -2 -5
right_child=4 -3 3 6 -6 -7 -8
leaf_value=-0.016296437144997327 0.016479871070212745 -0.020708174372441795 0.02456968493505805 -0.0074744574116202434 0.020405918137644804 -0.018346927207989385 0.0076234610833931932
leaf_weight=4.2755005285143843 4.5327539443969718 4.0557222366332999 4.9525433555245426 14.076885171234613 4.2802592515945426 4.3677517771720877 7.6506915390491477
leaf_count=23 24 21 25 72 22 22 41
internal_value=6.29785e-05 -0.00225275 0.000165226 0.00280321 0.00621413 -0.000610709 -0.00215819
internal_weight=48.1921 35.0113 30.9556 26.6801 13.1808 8.90051 21.7276
internal_count=250 182 161 138 68 46 113
is_linear=0
shrinkage=0.05


Tree=297
num_leaves=9
num_cat=0
split_feature=30 30 7 15 1 29 9 2
split_gain=0.293515 1.21969 0.550671 0.528759 0.784353 0.769479 0.865443 0.574381
threshold=0.012121920221580431 0.019717058138473468 62.602500152587901 0.036564308656898574 0.025376446867029005 -0.0027888480469836492 59.670250225067143 0.049045121093606044
decision_type=2 2 2 2 2 2 2 2
left_child=3 -2 -3 4 5 -1 -7 -5
right_child=1 2 -4 7 -6 6 -8 -9
leaf_value=-0.012219160776400225 -0.025693053852739844 -0.0073081482870281742 0.018418243954493523 -0.022005263315611569 0.024282318492537605 -0.0097040172549189199 0.017706094050649216 0.0027377514984860121
leaf_weight=6.4602734930813339 5.0341922827064982 4.1823274828493577 4.1381158754229546 3.9768822863697988 4.8971682116389266 4.2544997036457088 8.9122337494045478 5.7176903262734413
leaf_count=36 30 22 19 24 24 21 48 26
internal_value=1.97557e-05 -0.00626689 0.0054867 0.00247326 0.00638107 0.0019145 0.0088492 -0.00741226
internal_weight=47.5734 13.3546 8.32044 34.2187 24.5242 19.627 13.1667 9.69457
internal_count=250 71 41 179 129 105 69 50
is_linear=0
shrinkage=0.05


Tree=298
num_leaves=11
num_cat=0
split_feature=4 26 3 5 21 13 20 21 2 24
split_gain=0.166542 0.133575 0.303144 0.198108 0.331681 1.746e-05 4.188e-06 1.08759e-06 5.64623e-07 1.63508e-08
threshold=0.024108197542607037 0.039865672502344414 -0.013563182374807135 0.023982006377964434 0.0029543841542430953 29.141708835049076 -0.20631851553767924 0.0012642804154334721 0.029914187926185391 0.0056236936472782171
decision_type=2 2 2 2 2 2 2 2 2 2
left_child=1 2 5 4 -4 -1 -2 -7 -8 -10
right_child=6 -3 3 -5 -6 7 8 -9 9 -11
leaf_value=-0.034211340307067843 -0.033890609618716871 0.021234594551593551 -0.034018007532946454 0.033046106080785044 0.019165649704524969 -0.033494100497196679 -0.033567215568954249 -0.033647337834110017 -0.03343645898799659 -0.033399047570912423
leaf_weight=0.14021286554634671 0.093444147030822933 0.73102406610269088 0.51612916326848768 0.52475196309387695 0.67860553634818643 0.22012264095246792 0.14339205384021614 0.24430356698576361 0.064392880303785205 0.053447399521246552
leaf_count=6 9 26 48 5 15 50 23 27 19 22
internal_value=-0.00117188 0.00259313 -0.00327031 0.00743782 -0.00380986 -0.0337223 -0.0336033 -0.0335747 -0.0335006 -0.0334195
internal_weight=3.40983 3.05515 2.32413 1.71949 1.19473 0.604639 0.354676 0.464426 0.261232 0.11784
internal_count=250 177 151 68 63 83 73 77 64 41
is_linear=0
shrinkage=0.05


Tree=299
num_leaves=10
num_cat=0
split_feature=26 20 26 24 6 6 23 26 31
split_gain=0.277172 0.653253 0.643815 0.740252 0.778016 1.01858 0.612503 0.744157 0.68633
threshold=0.034107337487687135 -1.0000000180025095e-35 0.0059314848699386644 -0.01875576505210402 1.0401943290307527 0.87538247380704115 1.0000000180025095e-35 -0.016868635283571628 0.28250195989039922
decision_type=2 2 2 2 2 2 2 2 2
left_child=2 -2 6 -4 5 -5 7 -1 -8
right_child=1 -3 3 4 -6 -7 8 -9 -10
leaf_value=0.020670638469378947 0.0055350478587545089 -0.019767635649518788 -0.010031984949137778 0.021541142837047694 0.028794440992421684 -0.015570811482004961 -0.0010631448435763694 -0.0075591304658948399 -0.026031893695401237
leaf_weight=4.3551750928163528 5.0506104715168476 5.1539133340120298 3.8471425846219089 3.9667588397860509 5.7046638876199722 3.462931290268898 6.4218143895268422 5.0314591526985186 4.8163263499736786
leaf_count=24 28 26 19 21 30 20 32 26 24
internal_value=6.39201e-05 -0.00724437 0.00204704 0.0092569 0.0149067 0.0042435 -0.00388924 0.00553881 -0.011764
internal_weight=47.8108 10.2045 37.6063 16.9815 13.1344 7.42969 20.6248 9.38663 11.2381
internal_count=250 54 196 90 71 41 106 50 56
is_linear=0
shrinkage=0.05


Tree=300
num_leaves=9
num_cat=0
split_feature=13 19 3 15 12 17 15 23
split_gain=0.291866 0.614353 0.511205 0.671677 1.06414 0.686786 0.496235 0.557949
threshold=40.842370646634869 -0.0020142956723152024 -0.0049818568432305468 0.025877277642526439 0.02731210472057197 -0.0066554012513875072 0.023909561003401043 -0.0070216414386057293
decision_type=2 2 2 2 2 2 2 2
left_child=1 -1 6 -4 -5 -6 -2 -8
right_child=2 -3 3 4 5 -7 7 -9
leaf_value=0.0041703793426383241 -0.0063165162936380448 -0.023209066182327334 0.014172609065258491 -0.026290744835363523 -0.015996038972657216 0.0070550422861586793 0.00012114539555832308 0.024616824643352755
leaf_weight=4.4170107506215572 3.559484437108039 3.8214184716343862 4.9557853341102627 5.0394697859883335 4.6067161671817312 10.822813965380188 3.7161636650562277 6.2081055566668502
leaf_count=28 17 26 24 26 24 50 17 38
internal_value=1.97414e-05 -0.00852965 0.00182998 -0.00234373 -0.00634253 0.000172798 0.00969986 0.0154444
internal_weight=47.147 8.23843 38.9085 25.4248 20.469 15.4295 13.4838 9.92427
internal_count=250 54 196 124 100 74 72 55
is_linear=0
shrinkage=0.05


Tree=301
num_leaves=13
num_cat=0
split_feature=29 11 14 30 18 30 29 18 29 22 18 33
split_gain=0.163377 0.138326 0.293553 0.281406 0.19062 0.0812533 0.203991 2.58079e-05 2.32589e-05 2.20063e-06 1.48879e-06 3.89982e-07
threshold=0.0053127443568387065 64.792499809265152 0.086471006402752223 0.0041410092022451392 -1.5386805247346464 0.0060549121341574317 0.0044184144934866785 -0.89228002599946665 0.0010278688378831948 0.0071281247551754365 0.48365446128169448 0.57000000000000017
decision_type=2 2 2 2 2 2 2 2 2 2 2 2
left_child=1 3 -3 4 -1 -5 -7 -4 -6 11 -9 -2
right_child=9 2 7 5 8 6 -8 10 -10 -11 -12 -13
leaf_value=0.026355087696528442 -0.033557774551549006 0.035334462177589385 -0.034322196848092547 0.03670999636688 -0.033599272579490171 -0.012527147186422489 0.032899936234994223 -0.033546281763847406 -0.034293269183166934 -0.033761464071044724 -0.033757075095212426 -0.033422441623183058
leaf_weight=0.17876377142965871 0.12664800317725156 0.20875875465571869 0.233470901963301 0.5309145259670911 0.28464811353478625 0.4485054729739204 0.55039713275618851 0.18971964519005269 0.20965057273861021 0.12879191513638943 0.14998579560779035 0.091830710822250694
leaf_count=4 23 3 14 7 47 43 6 34 12 15 12 30
internal_value=-0.0011388 0.00263763 -0.0154288 0.0090505 -0.0178917 0.0209041 0.0125033 -0.0339175 -0.0338936 -0.0335975 -0.0336394 -0.0335009
internal_weight=3.33209 2.98481 0.781935 2.20288 0.673062 1.52982 0.998903 0.573176 0.494299 0.347271 0.339705 0.218479
internal_count=250 182 63 119 63 56 49 60 59 68 46 53
is_linear=0
shrinkage=0.05


Tree=302
num_leaves=7
num_cat=0
split_feature=31 31 25 9 17 3
split_gain=0.281991 0.569744 0.544259 0.755491 0.828016 0.718586
threshold=0.58054538681379519 0.42679666164620067 -0.0020926799625824439 64.239249897003177 0.012814376183235733 -0.0079225391523003435
decision_type=2 2 2 2 2 2
left_child=1 2 5 4 -4 -1
right_child=-2 -3 3 -5 -6 -7
leaf_value=-0.0029101004632712856 0.012207392385962149 -0.016522884510944514 -0.0011748664528031967 0.012594194924260449 -0.023529532507888942 0.021927264103214252
leaf_weight=5.6163956895470619 4.3402648307383052 5.2955251783132544 14.275797568261629 5.9699184522032729 5.835574083030223 6.0480108261108381
leaf_count=34 23 27 75 32 26 33
internal_value=6.04424e-05 -0.00116445 0.000990256 -0.00302493 -0.00766136 0.00996811
internal_weight=47.3815 43.0412 37.7457 26.0813 20.1114 11.6644
internal_count=250 227 200 133 101 67
is_linear=0
shrinkage=0.05


Tree=303
num_leaves=8
num_cat=0
split_feature=11 32 18 25 9 10 25
split_gain=0.290186 0.762919 0.71467 0.693605 0.974605 1.13887 0.856058
threshold=62.789599914550784 0.047512508715038225 0.1193689594489558 0.0005742204483144554 63.388749694824227 -0.011531580057184264 -0.0075082184389771425
decision_type=2 2 2 2 2 2 2
left_child=1 2 -1 6 -5 -6 -2
right_child=3 -3 -4 4 5 -7 -8
leaf_value=0.015351595122688484 -0.00054315460878365902 -0.017282993354855929 -0.0082559928394450501 0.016755428180198966 -0.031652119413666302 0.0016229520124945839 0.026626776866212294
leaf_weight=6.0615017563104647 5.9837867021560669 7.4001716189086428 6.8048245720565319 4.1939481049776068 4.2831847518682471 6.4343818500637999 5.6238539367914218
leaf_count=32 33 39 34 22 27 31 32
internal_value=1.3107e-05 -0.00449135 0.00286586 0.00345551 -0.00367889 -0.0116751 0.0126206
internal_weight=46.7857 20.2665 12.8663 26.5192 14.9115 10.7176 11.6076
internal_count=250 105 66 145 80 58 65
is_linear=0
shrinkage=0.05


Tree=304
num_leaves=8
num_cat=0
split_feature=13 14 20 26 34 24 5
split_gain=0.159775 0.153753 0.218404 0.203963 0.273972 6.05438e-07 1.29819e-07
threshold=57.067711127759758 0.87120264910897049 0.054500769792728117 0.031230376109483541 0.9084267073535528 0.00047758897183736165 0.018848809443115344
decision_type=2 2 2 2 2 2 2
left_child=1 2 3 4 -1 -2 -7
right_child=5 -3 -4 -5 -6 6 -8
leaf_value=-0.021560324208369046 -0.033575103458405912 0.033362597649917496 -0.034014557557359472 0.02450344554032776 0.029735408696842103 -0.033482395252958728 -0.033385046974319543
leaf_weight=0.93628267548047162 0.19934935850324098 0.36051310319453467 0.4299857080914079 0.8248225834686308 0.36054521182086319 0.076923483051359653 0.061728980974294245
leaf_count=93 35 4 37 28 6 15 32
internal_value=-0.000979126 0.00279769 -0.00152074 0.00506464 -0.00729904 -0.0335193 -0.0334391
internal_weight=3.25015 2.91215 2.55164 2.12165 1.29683 0.338002 0.138652
internal_count=250 168 164 127 99 82 47
is_linear=0
shrinkage=0.05


Tree=305
num_leaves=10
num_cat=0
split_feature=4 4 15 2 2 2 2 17 23
split_gain=0.304765 1.158 0.683834 1.40209 0.70058 1.31694 0.92422 0.572855 0.543182
threshold=0.012451293939117333 0.014295340763912619 0.030351599752239205 -0.0092465694002823434 0.049045121093606044 -0.017413101825302698 0.10187195876941325 -0.0016911079017929305 -0.0024304760216820038
decision_type=2 2 2 2 2 2 2 2 2
left_child=-1 -2 3 8 5 -4 -6 -5 -3
right_child=1 2 4 7 6 -7 -8 -9 -10
leaf_value=-0.013936331753129604 0.02458932253138113 0.018672349681261195 -0.0077333200006748067 -0.036591171558380139 -0.022645272501867264 0.026622443362629419 0.0079232800902772106 -0.011742655397881474 -0.0088088697598635596
leaf_weight=3.5947465598583213 4.7217052951455107 4.3291041851043701 4.6986484304070455 3.8575178086757669 4.3783133924007398 6.8645998165011441 5.6810765266418457 5.817199453711507 3.0755219943821457
leaf_count=18 27 23 25 22 22 40 24 29 20
internal_value=5.46401e-05 0.00121286 -0.00163911 -0.00911732 0.00426779 0.0126622 -0.00538157 -0.0216503 0.00725799
internal_weight=47.0184 43.4237 38.702 17.0793 21.6226 11.5632 10.0594 9.67472 7.40463
internal_count=250 232 205 94 111 65 46 51 43
is_linear=0
shrinkage=0.05


Tree=306
num_leaves=7
num_cat=0
split_feature=31 13 16 30 22 4
split_gain=0.298389 0.616899 0.432951 0.566716 1.16369 0.278223
threshold=-0.65169832812483863 40.842370646634869 0.019693446076133037 -0.011851822434149449 0.0061741923939917518 0.013991160497593151
decision_type=2 2 2 2 2 2
left_child=-1 5 -3 -4 -5 -2
right_child=1 2 3 4 -6 -7
leaf_value=0.014240156699962619 -0.0045881523110243268 0.012829944939439952 0.013614439759713154 0.0015090858557541866 -0.023912684356850331 -0.026676616020072253
leaf_weight=3.4124618209898463 2.6675132699310771 6.615221492946147 5.2817405983805648 19.380392037332065 5.863533277064561 3.0621136780828238
leaf_count=18 17 33 27 102 29 24
internal_value=1.04342e-05 -0.00112224 0.00123354 -0.00127952 -0.00439576 -0.016393
internal_weight=46.283 42.8705 37.1409 30.5257 25.2439 5.72963
internal_count=250 232 191 158 131 41
is_linear=0
shrinkage=0.05


Tree=307
num_leaves=12
num_cat=0
split_feature=29 11 1 30 18 22 18 29 22 18 33
split_gain=0.156574 0.131443 0.277074 0.253826 0.18314 0.0764216 2.03301e-05 1.70961e-05 2.01377e-06 1.47906e-06 3.15044e-07
threshold=0.0053127443568387065 64.792499809265152 -0.068588206371994961 0.0041410092022451392 -1.5386805247346464 -0.0022232471265162253 -0.89228002599946665 0.0010278688378831948 0.0071281247551754365 0.5553091697532041 0.57000000000000017
decision_type=2 2 2 2 2 2 2 2 2 2 2
left_child=1 3 -3 4 -1 -5 -4 -6 10 -8 -2
right_child=8 2 6 5 7 -7 9 -9 -10 -11 -12
leaf_value=0.026260695433646078 -0.03354400192263151 0.035259868337782128 -0.03424719692736964 0.0067399855402215381 -0.033581352375899917 0.02997706156450294 -0.033529038865239259 -0.034199420756536529 -0.033746785041600245 -0.033745698107943034 -0.033419103153865669
leaf_weight=0.17510842997580844 0.11902358738007013 0.19808033108711243 0.21866303100250661 0.59302519308403134 0.26564688532380432 0.8772275566589085 0.18314490583725263 0.19329269498120993 0.12261172430589795 0.13822156400419772 0.087683099030982703
leaf_count=4 23 3 14 34 47 22 35 12 15 11 30
internal_value=-0.000948713 0.00283263 -0.0153221 0.00920062 -0.0172429 0.0206044 -0.0338753 -0.0338417 -0.0335862 -0.0336222 -0.033491
internal_weight=3.17173 2.84241 0.73811 2.1043 0.634048 1.47025 0.54003 0.45894 0.329318 0.321366 0.206707
internal_count=250 182 63 119 63 56 60 59 68 46 53
is_linear=0
shrinkage=0.05


Tree=308
num_leaves=10
num_cat=0
split_feature=4 4 15 2 2 2 2 17 23
split_gain=0.281315 1.09144 0.647723 1.31113 0.662973 1.24478 0.867237 0.568301 0.504025
threshold=0.012451293939117333 0.014295340763912619 0.030351599752239205 -0.0092465694002823434 0.049045121093606044 -0.033113185480193978 0.10187195876941325 -0.0016911079017929305 -0.0024304760216820038
decision_type=2 2 2 2 2 2 2 2 2
left_child=-1 -2 3 8 5 -4 -6 -5 -3
right_child=1 2 4 7 6 -7 -8 -9 -10
leaf_value=-0.013413815886850519 0.024007257827341144 0.018026970649376226 -0.010185667159526878 -0.036286889525538414 -0.022097608677454226 0.024468413795407328 0.0076597841771472389 -0.011310338338229741 -0.0085493023717362181
leaf_weight=3.5788389071822158 4.6660468503832808 4.2822907492518425 3.9762162342667562 3.7594976648688325 4.3243506103754026 7.4402190372347867 5.6441044062376022 5.7773558497428867 3.058042790740731
leaf_count=18 27 23 22 22 22 43 24 29 20
internal_value=5.43173e-05 0.00117713 -0.001607 -0.00892991 0.00417233 0.0123988 -0.00524908 -0.0211563 0.00695508
internal_weight=46.507 42.9281 38.2621 16.8772 21.3849 11.4164 9.96846 9.53685 7.34033
internal_count=250 232 205 94 111 65 46 51 43
is_linear=0
shrinkage=0.05


Tree=309
num_leaves=10
num_cat=0
split_feature=18 18 26 20 13 30 5 21 20
split_gain=0.297728 1.10515 0.741557 0.751284 0.735573 1.06334 0.836475 0.558814 0.534251
threshold=-0.66502570756642032 -1.0148394064274078 0.034107337487687135 0.011527915337545715 46.67650215314395 0.011058302106996433 0.018848809443115344 -0.001836180035384327 0.083074559037394594
decision_type=2 2 2 2 2 2 2 2 2
left_child=1 -1 3 4 5 -2 -6 -4 -5
right_child=2 -3 7 8 6 -7 -8 -9 -10
leaf_value=0.0051037747189625711 0.01234151068609785 -0.029263797152836987 0.0015906637727844241 -0.023171163716349325 -0.00035458833232480616 -0.026824270158134291 0.029152910676661314 0.028540762771151681 -0.0015839218670140446
leaf_weight=6.3270417414605618 3.4714378044009271 3.7112775929272157 3.6315549165010452 5.2614103406667692 4.8831442892551404 3.4605865962803364 4.7264192365109921 4.0895003210753194 6.2955005764961243
leaf_count=33 21 21 19 28 24 22 26 21 35
internal_value=8.01672e-06 -0.0076023 0.00214078 -0.00163041 0.0052034 -0.00721073 0.0141585 0.0158649 -0.0114118
internal_weight=45.8579 10.0383 35.8196 28.0985 16.5416 6.93202 9.60956 7.72106 11.5569
internal_count=250 54 196 156 93 43 50 40 63
is_linear=0
shrinkage=0.05


Tree=310
num_leaves=13
num_cat=0
split_feature=29 11 1 30 18 30 29 18 29 22 18 33
split_gain=0.150728 0.127629 0.264021 0.238606 0.175796 0.0756102 0.190927 1.79529e-05 1.45163e-05 1.79794e-06 1.40502e-06 2.88574e-07
threshold=0.0053127443568387065 64.792499809265152 -0.068588206371994961 0.0041410092022451392 -1.5386805247346464 0.0060549121341574317 0.0044184144934866785 -0.89228002599946665 0.0010278688378831948 0.0071281247551754365 0.5553091697532041 0.57000000000000017
decision_type=2 2 2 2 2 2 2 2 2 2 2 2
left_child=1 3 -3 4 -1 -5 -7 -4 -6 11 -9 -2
right_child=9 2 7 5 8 6 -8 10 -10 -11 -12 -13
leaf_value=0.025767600245159141 -0.033537748607970791 0.034752346467005577 -0.034212440977152474 0.036036695183486435 -0.033571914150086903 -0.012705133377979528 0.032222172842827961 -0.033522632302415971 -0.034153550743863698 -0.033732009529789164 -0.033737083001465315 -0.033415935366743463
leaf_weight=0.17217580974102098 0.11480545991798852 0.19166002003476024 0.21112141257617623 0.49361758213490226 0.25576320546679243 0.43117816501762718 0.52368676965124905 0.17701287462841708 0.18477114278357476 0.11869198858039454 0.13434577058069408 0.084333912702277303
leaf_count=4 23 3 14 7 47 43 6 35 12 15 11 30
internal_value=-0.000962395 0.00277274 -0.0154434 0.00908406 -0.0170725 0.0201483 0.0119348 -0.0338565 -0.0338159 -0.033578 -0.0336152 -0.0334862
internal_weight=3.09316 2.77533 0.71414 2.06119 0.61271 1.44848 0.954865 0.52248 0.440534 0.317831 0.311359 0.199139
internal_count=250 182 63 119 63 56 49 60 59 68 46 53
is_linear=0
shrinkage=0.05


Tree=311
num_leaves=7
num_cat=0
split_feature=0 14 4 21 29 29
split_gain=0.2627 0.618329 0.549102 0.606734 1.13771 0.796795
threshold=-0.01715404086135058 0.10649494720239873 0.014295340763912619 -0.0017309435371875568 0.003175188418431341 0.0028629981519718854
decision_type=2 2 2 2 2 2
left_child=-1 -2 -3 4 -4 -5
right_child=1 2 3 5 -6 -7
leaf_value=0.01012642201804571 -0.022281769484149998 0.013849564939954302 -0.0076215964943114559 -0.00011633163796124021 0.025624703399740739 -0.020882744318890856
leaf_weight=5.6785957831889382 3.2472901344299308 6.356458503752946 5.6362762674689275 13.366784565150743 4.7351086139678955 7.0583063848316661
leaf_count=39 16 36 29 71 21 38
internal_value=5.6625e-05 -0.00135877 0.000469969 -0.00229161 0.00755717 -0.00729259
internal_weight=46.0788 40.4002 37.1529 30.7965 10.3714 20.4251
internal_count=250 211 195 159 50 109
is_linear=0
shrinkage=0.05


Tree=312
num_leaves=8
num_cat=0
split_feature=18 23 18 24 0 0 17
split_gain=0.283666 1.07553 0.694168 1.0624 0.570148 0.853673 0.778997
threshold=-0.66502570756642032 0.00081516680707138811 -0.30319452060374524 0.023151751923785605 0.0099447874182597724 -0.0026195875893345595 0.019054819800517302
decision_type=2 2 2 2 2 2 2
left_child=1 -1 -2 4 5 -4 -6
right_child=2 -3 3 -5 6 -7 -8
leaf_value=-0.024257991838859818 0.017204485406178169 0.008584153430144582 0.004275781334415172 -0.022138660600115979 0.026210527973839777 -0.022905237589977562 -0.0027104492065097808
leaf_weight=4.8687379509210569 6.2642765529453746 5.1084867678582668 10.946831081062554 4.9930619224905959 5.0406135171651822 3.9242174699902597 4.3271557167172432
leaf_count=26 33 28 66 26 28 23 20
internal_value=6.37534e-06 -0.00744233 0.00210005 -0.00113677 0.0031895 -0.00289683 0.0128514
internal_weight=45.4734 9.97722 35.4962 29.2319 24.2388 14.871 9.36777
internal_count=250 54 196 163 137 89 48
is_linear=0
shrinkage=0.05


Tree=313
num_leaves=12
num_cat=0
split_feature=4 21 5 7 14 20 13 21 6 2 24
split_gain=0.146645 0.118573 0.259269 0.126969 0.145349 4.09859e-06 3.78916e-06 1.42596e-06 9.01543e-07 3.01306e-07 1.80393e-08
threshold=0.024108197542607037 0.00025591324514329111 0.013342075155358376 62.792499732971201 0.10649494720239873 -0.20631851553767924 36.865423281794925 0.001428650189670311 1.1049818788879133 0.029914187926185391 0.0034558009544499728
decision_type=2 2 2 2 2 2 2 2 2 2 2
left_child=1 2 -1 4 -3 -2 -4 -6 -8 -7 -11
right_child=5 3 6 -5 7 9 8 -9 -10 10 -12
leaf_value=0.036755185666985012 -0.033880020058655869 0.023532894961661773 -0.033847711716079261 0.015875615091966735 -0.033750220602541167 -0.03352622274631268 -0.033459922380470818 -0.033537053027667081 -0.033616860456565471 -0.033429981351880009 -0.033387401631650701
leaf_weight=0.17706762626767236 0.086171681177802384 0.17196943052113089 0.11296367610339075 1.5407395035726947 0.15014817705377936 0.12302012369036663 0.24362398113589734 0.16429827443789691 0.14656205958453938 0.051021772203966975 0.048538323491811752
leaf_count=2 9 4 13 38 14 23 59 27 20 17 24
internal_value=-0.000939821 0.00278333 -0.0152804 0.00884467 -0.0134261 -0.0335872 -0.0335927 -0.0336388 -0.0335189 -0.0334739 -0.0334092
internal_weight=3.01612 2.70737 0.680217 2.02716 0.486416 0.308752 0.50315 0.314446 0.390186 0.22258 0.0995601
internal_count=250 177 94 83 45 73 92 41 79 64 41
is_linear=0
shrinkage=0.05


Tree=314
num_leaves=7
num_cat=0
split_feature=11 16 16 34 25 2
split_gain=0.287135 0.373537 0.687978 0.796098 1.00189 0.500363
threshold=58.799200019836434 0.041908694801459999 0.033351993129051467 0.40832859306358604 0.0024512262357069274 0.053516475726069108
decision_type=2 2 2 2 2 2
left_child=-1 2 3 4 -2 -3
right_child=1 5 -4 -5 -6 -7
leaf_value=0.015139116924332525 -0.0071583265185926927 0.021281574861936613 -0.019206796086007796 -0.019667948488557227 0.014356613525593816 -0.0010563202335653282
leaf_weight=2.9513798952102652 10.718903563916692 3.9275486301630718 5.8506274633109561 4.3814987801015368 10.927120938897131 6.9307932928204536
leaf_count=15 61 28 30 25 60 31
internal_value=5.56977e-05 -0.000985962 -0.00371414 -0.000231603 0.00370262 0.00702347
internal_weight=45.6879 42.7365 31.8782 26.0275 21.646 10.8583
internal_count=250 235 176 146 121 59
is_linear=0
shrinkage=0.05


Tree=315
num_leaves=8
num_cat=0
split_feature=11 32 18 25 9 10 25
split_gain=0.273432 0.708002 0.646812 0.570095 0.981864 0.869732 0.80435
threshold=62.789599914550784 0.047512508715038225 0.1193689594489558 0.0005742204483144554 63.020499706268318 -0.011531580057184264 -0.0075082184389771425
decision_type=2 2 2 2 2 2 2
left_child=1 2 -1 6 -5 -6 -2
right_child=3 -3 -4 4 5 -7 -8
leaf_value=0.014804792662705714 -0.0010822111669053047 -0.017017333599419465 -0.0080431378865516677 0.019915952624878108 -0.026875883069851388 0.001680388688803062 0.025736423856787989
leaf_weight=5.8732265979051608 5.7914358489215374 7.1226149052381507 6.5544897802174091 3.4841634035110465 4.6728155948221675 6.2097844853997222 5.4052264243364352
leaf_count=32 33 39 34 18 31 31 32
internal_value=2.39847e-06 -0.00444876 0.00275459 0.00340654 -0.00318518 -0.0105812 0.0118646
internal_weight=45.1138 19.5503 12.4277 25.5634 14.3668 10.8826 11.1967
internal_count=250 105 66 145 80 62 65
is_linear=0
shrinkage=0.05


Tree=316
num_leaves=10
num_cat=0
split_feature=26 21 5 24 19 8 19 13 24
split_gain=0.144868 0.167122 0.258286 0.122553 0.291179 1.27043e-05 1.07393e-05 3.89057e-06 1.04582e-06
threshold=-0.019858456272093424 0.00025591324514329111 0.013342075155358376 -0.020930970499596854 -0.015553345739007572 -0.011417035187760856 -1.0000000180025095e-35 34.037761140776027 -0.010240258568484538
decision_type=2 2 2 2 2 2 2 2 2
left_child=5 2 -2 -3 -5 -1 -6 -4 -9
right_child=1 3 7 4 6 -7 -8 8 -10
leaf_value=-0.034276277621192321 0.036420230014818408 0.030455056802991001 -0.033863087197108281 0.017195048604883405 -0.034098125549961528 -0.033609322392855405 -0.033567161950545821 -0.03359714233108152 -0.033447534207598099
leaf_weight=0.11852650658693165 0.17162424232810769 0.55513151851482678 0.098748707445338368 0.97898636263562355 0.16277053393423546 0.17957593145547468 0.22951794636901468 0.22021089174086272 0.24877798650413707
leaf_count=10 2 10 10 34 9 35 36 37 67
internal_value=-0.0008182 0.00287836 -0.0173296 0.0106342 0.00261019 -0.0338745 -0.0337875 -0.0335778 -0.0335178
internal_weight=2.96387 2.66577 0.739362 1.92641 1.37127 0.298102 0.392288 0.567738 0.468989
internal_count=250 205 116 89 79 45 45 114 104
is_linear=0
shrinkage=0.05


Tree=317
num_leaves=6
num_cat=0
split_feature=4 1 8 0 29
split_gain=0.261296 0.426602 0.448068 0.449377 0.932293
threshold=0.047338373287008399 0.050930571657357489 0.02642280019819802 0.012944509153066221 -0.0027888480469836492
decision_type=2 2 2 2 2
left_child=1 2 3 4 -1
right_child=-2 -3 -4 -5 -6
leaf_value=0.01904930410663 0.012406180302462488 -0.012608035329674369 0.018469347997211717 -0.013535688010558922 -0.0032792827603232095
leaf_weight=6.1464663594961193 3.9102431982755652 6.7571994364261618 3.3624888658523551 5.6264462992548934 19.525733236223463
leaf_count=35 22 33 18 33 109
internal_value=5.1112e-05 -0.00111531 0.0011252 -0.000738125 0.00206665
internal_weight=45.3286 41.4183 34.6611 31.2986 25.6722
internal_count=250 228 195 177 144
is_linear=0
shrinkage=0.05


Tree=318
num_leaves=10
num_cat=0
split_feature=30 30 7 33 11 25 7 2 4
split_gain=0.270896 1.08457 0.516232 0.507893 0.58445 0.960387 0.617326 1.00509 0.402715
threshold=0.012121920221580431 0.019717058138473468 62.602500152587901 0.9850000000000001 62.789599914550784 -0.0020926799625824439 66.833998870849612 -0.033113185480193978 0.01882366724787821
decision_type=2 2 2 2 2 2 2 2 2
left_child=3 -2 -3 4 5 -1 7 -6 -7
right_child=1 2 -4 -5 6 8 -8 -9 -10
leaf_value=-0.019714981052866468 -0.025310305170823749 -0.0075564346194705728 0.018110203925760886 -0.011616476160693357 0.028759954407546071 -0.0026683877079347481 0.030755312109715112 -0.0059472237235265422 0.018097243439482942
leaf_weight=4.8826676234602937 4.6736136414110643 3.9660062082111835 3.8713631331920624 5.3735376670956603 3.2047505527734721 4.6990073230117559 3.5368332378566256 5.9751301296055335 4.6405097469687462
leaf_count=28 30 22 19 30 16 24 21 38 22
internal_value=4.36496e-07 -0.00624637 0.00512191 0.00241913 0.00521883 -0.00174516 0.0130072 0.00616926 0.0076494
internal_weight=44.8234 12.511 7.83737 32.3124 26.9389 14.2222 12.7167 9.17988 9.33952
internal_count=250 71 41 179 149 74 75 54 46
is_linear=0
shrinkage=0.05


Tree=319
num_leaves=10
num_cat=0
split_feature=26 21 5 24 19 8 19 13 24
split_gain=0.139585 0.160749 0.246297 0.117825 0.276438 1.1547e-05 9.80165e-06 3.41675e-06 9.14065e-07
threshold=-0.019858456272093424 0.00025591324514329111 0.013342075155358376 -0.020930970499596854 -0.015553345739007572 -0.011417035187760856 -1.0000000180025095e-35 34.037761140776027 -0.010240258568484538
decision_type=2 2 2 2 2 2 2 2 2
left_child=5 2 -2 -3 -5 -1 -6 -4 -9
right_child=1 3 7 4 6 -7 -8 8 -10
leaf_value=-0.034247047887634767 0.03606094829384137 0.030013632068778801 -0.033840599834506158 0.016664804677044977 -0.034072783008933259 -0.033599938229189052 -0.033556367505954698 -0.0335862395623788 -0.033443788370360689
leaf_weight=0.11448665068019181 0.16540366876870427 0.54752500378526736 0.094814479467459023 0.96737013763049606 0.15781253203749646 0.17327204742468927 0.21994268684647977 0.21175485511776104 0.24052301549818322
leaf_count=10 2 10 10 34 9 35 36 37 67
internal_value=-0.00081099 0.00283924 -0.0174036 0.0104598 0.00250047 -0.0338574 -0.0337721 -0.0335677 -0.0335105
internal_weight=2.89291 2.60515 0.712496 1.89265 1.34513 0.287759 0.377755 0.547092 0.452278
internal_count=250 205 116 89 79 45 45 114 104
is_linear=0
shrinkage=0.05


Tree=320
num_leaves=9
num_cat=0
split_feature=16 12 16 34 12 6 30 15
split_gain=0.248477 1.00821 0.526981 0.535165 1.16561 1.10755 0.993514 0.887025
threshold=0.019693446076133037 -0.019811331895996157 0.023410521951111509 -0.16634485464957244 -0.0367714194080574 0.90686981806064504 0.0092889424595810084 0.036564308656898574
decision_type=2 2 2 2 2 2 2 2
left_child=1 -1 -2 4 5 -4 7 -5
right_child=2 -3 3 6 -6 -7 -8 -9
leaf_value=0.0095249704025899967 0.015345323498771546 -0.025746528703267147 -0.017631856832491404 -0.015888071981655576 -0.024770417443761173 0.020524927056299297 0.026432667307749555 0.010315505739082393
leaf_weight=4.1067053005099297 6.0053607933223239 3.99879591912031 3.2712990492582321 5.9738304503262096 5.9860779568552953 4.5426509790122509 4.128172703087329 7.030620165169239
leaf_count=26 33 22 19 32 34 27 21 36
internal_value=5.16514e-05 -0.00787599 0.00179126 -0.000840173 -0.00816804 0.00455064 0.00506229 -0.00172158
internal_weight=45.0435 8.1055 36.938 30.9327 13.8 7.81395 17.1326 13.0045
internal_count=250 48 202 169 80 46 89 68
is_linear=0
shrinkage=0.05


Tree=321
num_leaves=8
num_cat=0
split_feature=0 1 22 0 17 20 7
split_gain=0.273846 0.406172 0.608923 1.45195 0.738547 0.861977 0.45307
threshold=-0.01715404086135058 -0.033448733870370333 -0.0026725611452455551 -0.00055803520281222363 -0.0056981503912453173 0.039020292288146415 62.05099983215333
decision_type=2 2 2 2 2 2 2
left_child=-1 -2 3 -3 -4 -6 -5
right_child=1 2 4 6 5 -7 -8
leaf_value=-0.010643941691541569 0.015079974667433299 -0.016476962229696062 0.011331803745358851 0.0094605829171645686 -0.00083205439854360593 -0.023632559915155584 0.03304964884268511
leaf_weight=5.3218478988856068 4.7922408208250991 3.9145984277129164 5.0814323611557475 4.3272556811571103 9.8892834223806911 7.1366102173924437 3.8436058238148689
leaf_count=39 25 22 29 23 56 38 18
internal_value=-4.83156e-06 0.00144751 -0.000463124 0.00856132 -0.00539654 -0.0103892 0.020557
internal_weight=44.3069 38.985 34.1928 12.0855 22.1073 17.0259 8.17086
internal_count=250 211 186 63 123 94 41
is_linear=0
shrinkage=0.05


Tree=322
num_leaves=10
num_cat=0
split_feature=29 26 21 7 19 32 31 22 33
split_gain=0.137405 0.145565 0.136188 0.220121 0.108458 0.331928 1.681e-06 1.48473e-06 2.13201e-07
threshold=0.0053127443568387065 -0.019858456272093424 0.00025591324514329111 57.805499839782719 -0.010105145627009536 -0.24707352895324192 -0.34523116718997926 0.0071281247551754365 0.57000000000000017
decision_type=2 2 2 2 2 2 2 2 2
left_child=1 -1 3 -3 -4 -6 -5 8 -2
right_child=7 2 4 6 5 -7 -8 -9 -10
leaf_value=-0.033897936908747504 -0.03351868383465758 0.035914134456021457 0.024012803323073501 -0.033755923989995433 0.036093187493029928 -0.033766909799380067 -0.033504013649924377 -0.033706405836741463 -0.033407909525336621
leaf_weight=0.24289960984606374 0.10370185173815105 0.1575448703952137 1.0376057031098751 0.082849838188850167 0.31489876750856627 0.36959157849196345 0.33000793115934279 0.10913454927504063 0.074742391763720661
leaf_count=31 23 2 21 12 3 43 70 15 30
internal_value=-0.000807263 0.00290786 0.00680759 -0.0143674 0.0138213 -0.00162788 -0.0335546 -0.0335611 -0.0334723
internal_weight=2.82298 2.5354 2.2925 0.570403 1.7221 0.68449 0.412858 0.287579 0.178444
internal_count=250 182 151 84 67 46 82 68 53
is_linear=0
shrinkage=0.05


Tree=323
num_leaves=7
num_cat=0
split_feature=0 14 4 21 29 21
split_gain=0.253573 0.578616 0.513285 0.546295 1.05584 0.718625
threshold=-0.01715404086135058 0.10649494720239873 0.014295340763912619 -0.0017309435371875568 0.003175188418431341 0.0020652006836550112
decision_type=2 2 2 2 2 2
left_child=-1 -2 -3 4 -4 -5
right_child=1 2 3 5 -6 -7
leaf_value=0.010111342909313262 -0.022020845085229782 0.013605097441135828 -0.0075532029026347293 -0.016696768572874141 0.024985989898259751 0.0023906161331054467
leaf_weight=5.4959341902285805 3.1179610490798941 6.1336363740265361 5.497059151530264 9.8224775381386333 4.5619185492396355 9.9025032408535463
leaf_count=39 16 36 29 53 21 56
internal_value=5.59819e-05 -0.00135974 0.000433821 -0.00227864 0.00720388 -0.00711436
internal_weight=44.5315 39.0356 35.9176 29.784 10.059 19.725
internal_count=250 211 195 159 50 109
is_linear=0
shrinkage=0.05


Tree=324
num_leaves=9
num_cat=0
split_feature=18 23 26 20 13 11 21 20
split_gain=0.279454 0.992864 0.67147 0.656709 0.69798 0.731283 0.481681 0.48025
threshold=-0.66502570756642032 0.00081516680707138811 0.034107337487687135 0.011527915337545715 44.325072162890514 63.258500099182136 -0.001836180035384327 0.083074559037394594
decision_type=2 2 2 2 2 2 2 2
left_child=1 -1 3 4 -2 -6 -4 -5
right_child=2 -3 6 7 5 -7 -8 -9
leaf_value=-0.024037901233509934 -0.010679529592290902 0.0080863770307287239 0.0019643970119318185 -0.022276300720081625 -0.0027222185189264207 0.02336490508965948 0.027548976713281173 -0.0014153593626258128
leaf_weight=4.6822650469839555 4.9065263681113747 4.946019034832716 3.4863114207983017 5.0406838804483396 4.7537331953644735 6.1773216426372528 3.8950600791722527 6.0947965011000633
leaf_count=26 31 28 19 28 26 36 21 35
internal_value=-7.38263e-06 -0.00753576 0.00210255 -0.00155421 0.00498766 0.0120201 0.0154651 -0.0108585
internal_weight=43.9827 9.62828 34.3544 26.9731 15.8376 10.9311 7.38137 11.1355
internal_count=250 54 196 156 93 62 40 63
is_linear=0
shrinkage=0.05


Tree=325
num_leaves=10
num_cat=0
split_feature=29 26 21 7 19 32 31 22 33
split_gain=0.132576 0.140438 0.129303 0.213856 0.100627 0.31882 1.47142e-06 1.34776e-06 1.85599e-07
threshold=0.0053127443568387065 -0.019858456272093424 0.00025591324514329111 57.805499839782719 -0.010105145627009536 -0.24707352895324192 -0.34523116718997926 0.0071281247551754365 0.57000000000000017
decision_type=2 2 2 2 2 2 2 2 2
left_child=1 -1 3 -3 -4 -6 -5 8 -2
right_child=7 2 4 6 5 -7 -8 -9 -10
leaf_value=-0.033876263870324705 -0.033510540156972066 0.035721316345577854 0.02347266846486749 -0.033739038733516739 0.035869386171766271 -0.033747932139104285 -0.033498924217679492 -0.033693596346466771 -0.033405037021884527
leaf_weight=0.23442337027518156 0.099455168412532546 0.15467063337564502 1.026513166958466 0.079767847084441068 0.30609116703271855 0.35541320126503706 0.31878245883854028 0.10537282779114321 0.071765102446079254
leaf_count=31 23 2 21 12 3 43 70 15 30
internal_value=-0.000722014 0.00294601 0.00679746 -0.0141808 0.0136728 -0.00153462 -0.033547 -0.0335529 -0.0334663
internal_weight=2.75225 2.47566 2.24124 0.553221 1.68802 0.661504 0.39855 0.276593 0.17122
internal_count=250 182 151 84 67 46 82 68 53
is_linear=0
shrinkage=0.05


Tree=326
num_leaves=7
num_cat=0
split_feature=16 29 16 1 8 16
split_gain=0.235356 0.961506 0.498851 0.532967 0.875089 0.830545
threshold=0.019693446076133037 0.00031498031954080302 0.023410521951111509 -0.02509669066389297 -0.0012252348849246266 0.030318589710012854
decision_type=2 2 2 2 2 2
left_child=1 -1 -2 -4 -5 -6
right_child=2 -3 3 4 5 -7
leaf_value=0.013234011192118384 0.015080485435511565 -0.02217046328986055 0.011044577911430103 -0.0217018635318958 -0.01725675816054062 0.0074691986210691126
leaf_weight=3.2365839853882781 5.8873176947236052 4.7059650383889675 7.2143156901001957 5.6135850492864874 4.6049720421433475 12.938706468790768
leaf_count=19 33 29 39 37 26 67
internal_value=5.2303e-05 -0.00774316 0.00175991 -0.000822193 -0.00451912 0.000978978
internal_weight=44.2014 7.94255 36.2589 30.3716 23.1573 17.5437
internal_count=250 48 202 169 130 93
is_linear=0
shrinkage=0.05


Tree=327
num_leaves=10
num_cat=0
split_feature=30 30 7 33 11 25 14 2 4
split_gain=0.261178 1.00183 0.470775 0.451307 0.553494 0.858874 0.602941 0.768058 0.372184
threshold=0.012121920221580431 0.019717058138473468 62.602500152587901 0.9850000000000001 62.789599914550784 -0.0020926799625824439 0.54459291122011277 -0.029518223823077502 0.01882366724787821
decision_type=2 2 2 2 2 2 2 2 2
left_child=3 -2 -3 4 5 -1 7 -6 -7
right_child=1 2 -4 -5 6 8 -8 -9 -10
leaf_value=-0.019089072132094084 -0.024835383632864139 -0.0074193422443772881 0.017441047037501361 -0.010979229556085247 0.023054593135580441 -0.0028012749620351784 0.028898287934319419 -0.0075533603133229911 0.017393317837244699
leaf_weight=4.7247020751237878 4.5344025976955873 3.8592139333486557 3.7593415006995201 5.2499198615550986 3.5166266858577728 4.6193046774715221 3.9453188255429259 4.913024637848137 4.5082037299871445
leaf_count=28 30 22 19 30 19 24 24 32 22
internal_value=-1.36763e-06 -0.00622726 0.0048479 0.00240238 0.00508099 -0.00178437 0.0127659 0.00521547 0.00717312
internal_weight=43.6301 12.153 7.61856 31.4771 26.2272 13.8522 12.375 8.42965 9.12751
internal_count=250 71 41 179 149 74 75 51 46
is_linear=0
shrinkage=0.05


Tree=328
num_leaves=12
num_cat=0
split_feature=13 11 14 30 30 26 18 18 26 32 16
split_gain=0.127102 0.120587 0.226686 0.157624 0.0749903 0.14252 2.19709e-05 5.17183e-07 3.45042e-07 9.68378e-08 3.92529e-08
threshold=57.067711127759758 64.792499809265152 0.056842206754940942 0.0041410092022451392 0.0057274413771092334 0.031230376109483541 -0.89228002599946665 0.5553091697532041 -0.023910047806975917 -0.21408175768480789 0.041908694801459999
decision_type=2 2 2 2 2 2 2 2 2 2 2
left_child=1 3 -3 -1 -5 -6 -4 -8 -2 -10 -11
right_child=8 2 6 4 5 -7 7 -9 9 10 -12
leaf_value=-0.015441766992926403 -0.033594707386597956 0.032716619590503218 -0.034255879045066787 0.035280677040426887 -0.010108597300190484 0.030680990580715464 -0.033497957709873259 -0.033634857557435519 -0.033503309542943026 -0.03344876628083765 -0.03339482431155362
leaf_weight=0.46328633237863037 0.053145718818996102 0.17603688407689322 0.17752728215418756 0.44114074137178227 0.43638737936271355 0.42050321015994996 0.17992126842727885 0.11189286501030438 0.065136086428537965 0.098387281643226632 0.051315672171767801
leaf_count=39 14 4 9 9 41 12 41 13 13 30 25
internal_value=-0.000816861 0.00282024 -0.0156691 0.00959508 0.0185311 0.00990814 -0.0338173 -0.0335505 -0.0334806 -0.0334524 -0.0334303
internal_weight=2.67468 2.4067 0.645378 1.76132 1.29803 0.856891 0.469341 0.291814 0.267985 0.214839 0.149703
internal_count=250 168 67 101 62 53 63 54 82 68 55
is_linear=0
shrinkage=0.05


Tree=329
num_leaves=10
num_cat=0
split_feature=30 18 25 33 11 25 14 2 4
split_gain=0.240427 0.9783 0.49613 0.482862 0.568268 0.716044 0.614147 0.784069 0.377428
threshold=0.012121920221580431 0.50549543900741212 0.0005742204483144554 0.9850000000000001 62.789599914550784 -0.0020926799625824439 0.54459291122011277 -0.029518223823077502 0.01882366724787821
decision_type=2 2 2 2 2 2 2 2 2
left_child=3 2 -2 4 5 -1 7 -6 -7
right_child=1 -3 -4 -5 6 8 -8 -9 -10
leaf_value=0.017384082936614396 -0.017654334707052643 0.027729625647253349 0.006778031601189824 0.011571605920839566 -0.02336028767611327 0.0036269766799080679 -0.029284627689611653 0.0075519063645766056 -0.016703462926869205
leaf_weight=4.8604853935539731 3.5108408331871015 3.6397020295262328 5.090478353202343 5.2635800540447226 3.5057672299444675 4.6423244904726779 3.8881944753229609 4.9444844983518106 4.4916381016373634
leaf_count=28 20 21 30 30 19 24 24 32 22
internal_value=5.12007e-05 0.00600027 -0.00319464 -0.00225357 -0.00501703 0.0018798 -0.0128395 -0.00527268 -0.00637054
internal_weight=43.8375 12.241 8.60132 31.5965 26.3329 13.9944 12.3384 8.45025 9.13396
internal_count=250 71 50 179 149 74 75 51 46
is_linear=0
shrinkage=0.05


Tree=330
num_leaves=9
num_cat=0
split_feature=18 18 3 31 2 34 16 13
split_gain=0.267754 0.927576 0.635457 0.579767 0.985639 0.6826 0.645279 0.212819
threshold=-0.66502570756642032 -1.0148394064274078 -0.042100890341903001 -0.032878136533775047 0.049045121093606044 -0.60820297521808142 0.03129711799067466 41.757060359030639
decision_type=2 2 2 2 2 2 2 2
left_child=1 -1 7 5 6 -4 -5 -2
right_child=2 -3 3 4 -6 -7 -8 -9
leaf_value=0.0044354101755767041 0.0071065801543375622 -0.02815992521152158 -0.027164173685359411 0.0054237974860735288 0.018483973687874241 -4.9469490357189339e-05 -0.019639882514779883 0.024871649731470998
leaf_weight=5.9814729988574982 3.4438089057803145 3.4366454854607564 3.951364828273654 5.776690345257526 7.0642424970865241 5.6258638016879541 4.6232920587062836 3.3025231659412384
leaf_count=33 21 21 27 35 34 31 28 20
internal_value=-3.24958e-06 -0.00745854 0.00207486 -0.00135007 0.00407152 -0.0112364 -0.00571821 0.0158031
internal_weight=43.2059 9.41812 33.7878 27.0415 17.4642 9.57723 10.4 6.74633
internal_count=250 54 196 155 97 58 63 41
is_linear=0
shrinkage=0.05


Tree=331
num_leaves=10
num_cat=0
split_feature=29 26 21 7 19 32 31 22 33
split_gain=0.124845 0.130286 0.122289 0.195309 0.0901988 0.299381 1.36773e-06 1.22978e-06 1.50156e-07
threshold=0.0053127443568387065 -0.019858456272093424 0.00025591324514329111 57.805499839782719 -0.010105145627009536 -0.24707352895324192 -0.53213978164160503 0.0071281247551754365 0.57000000000000017
decision_type=2 2 2 2 2 2 2 2 2
left_child=1 -1 3 -3 -4 -6 -5 8 -2
right_child=7 2 4 6 5 -7 -8 -9 -10
leaf_value=-0.033841819418562097 -0.033499790043400375 0.035087360201513117 0.022860807158447245 -0.033731408025324407 0.035517821675109071 -0.033725042644153796 -0.033486603509803391 -0.033681656079957698 -0.033402091241284911
leaf_weight=0.21926650917157609 0.09365594113478426 0.14346457598730955 0.9850186612457037 0.070247991068755122 0.29280671197921038 0.33436354540754087 0.30383146845269871 0.10034566005924717 0.067797804833389819
leaf_count=31 23 2 21 11 3 43 71 15 30
internal_value=-0.000793064 0.0028571 0.00663543 -0.0145109 0.0134238 -0.00139766 -0.0335326 -0.0335442 -0.0334588
internal_weight=2.6108 2.349 2.12973 0.517544 1.61219 0.62717 0.374079 0.261799 0.161454
internal_count=250 182 151 84 67 46 82 68 53
is_linear=0
shrinkage=0.05


Tree=332
num_leaves=7
num_cat=0
split_feature=25 25 1 1 13 26
split_gain=0.243274 0.509414 0.447102 0.995378 0.40622 0.37217
threshold=0.010034604235751645 0.0067255043191286621 -0.034838615539592714 -0.0166753827351892 51.274843406964472 0.016477600502263882
decision_type=2 2 2 2 2 2
left_child=1 2 -1 -4 -2 -5
right_child=4 -3 3 5 -6 -7
leaf_value=-0.015714256272164034 0.017511635840174636 -0.019919631869171332 0.023981059577232261 -0.0073136427216498566 -0.0013811455025334975 0.0071177261808029278
leaf_weight=3.8784837797284153 4.7325663398951274 3.6100891083478919 4.4319611564278665 12.743219073861839 7.1341840922832489 6.879256770014762
leaf_count=23 29 21 25 72 39 41
internal_value=5.09318e-05 -0.00224489 3.94141e-05 0.0025795 0.00615346 -0.00225429
internal_weight=43.4098 31.543 27.9329 24.0544 11.8668 19.6225
internal_count=250 182 161 138 68 113
is_linear=0
shrinkage=0.05


Tree=333
num_leaves=7
num_cat=0
split_feature=0 14 4 21 29 21
split_gain=0.259376 0.438716 0.528372 0.567947 1.03476 0.706253
threshold=-0.01715404086135058 0.10649494720239873 0.014295340763912619 -0.0017309435371875568 0.003175188418431341 0.0020652006836550112
decision_type=2 2 2 2 2 2
left_child=-1 -2 -3 4 -4 -5
right_child=1 2 3 5 -6 -7
leaf_value=-0.010515441477070784 0.019829133379666193 -0.013779009031619932 0.0075733853907400594 0.017202449906916963 -0.025212408255552404 -0.0020231497549909063
leaf_weight=5.1616955604404202 2.9851405695080748 5.8996533639729014 5.3428734093904477 9.6138524450361782 4.3791356682777405 9.4942417740821821
leaf_count=39 16 36 29 53 21 56
internal_value=-3.44031e-06 0.00143524 -0.000145776 0.00264406 -0.00719449 0.00764982
internal_weight=42.8766 37.7149 34.7298 28.8301 9.72201 19.1081
internal_count=250 211 195 159 50 109
is_linear=0
shrinkage=0.05


Tree=334
num_leaves=10
num_cat=0
split_feature=29 26 21 5 19 32 31 22 33
split_gain=0.119639 0.124454 0.117214 0.185432 0.0847279 0.287868 1.63776e-06 1.09914e-06 1.33333e-07
threshold=0.0053127443568387065 -0.019858456272093424 0.00025591324514329111 0.013342075155358376 -0.010105145627009536 -0.24707352895324192 -0.58160182815194794 0.0071281247551754365 0.57000000000000017
decision_type=2 2 2 2 2 2 2 2 2
left_child=1 -1 3 -3 -4 -6 -5 8 -2
right_child=7 2 4 6 5 -7 -8 -9 -10
leaf_value=-0.033820386765276426 -0.033493365073584844 0.03483232021191409 0.02225004672611236 -0.03376685925451358 0.035230393359915506 -0.033712962141976589 -0.033478200028588034 -0.033668495255866175 -0.03339947066194323
leaf_weight=0.21120456123026166 0.089978891424834617 0.13688165275380049 0.974962895270437 0.058695440879092398 0.28396629448980093 0.32434631546493597 0.30178006971254867 0.096958897833246738 0.065210732602281496
leaf_count=31 23 2 21 7 3 43 75 15 30
internal_value=-0.000846604 0.00274994 0.00646218 -0.014712 0.0131137 -0.00152953 -0.0335252 -0.0335364 -0.0334539
internal_weight=2.54399 2.29184 2.08063 0.497357 1.58328 0.608313 0.360476 0.252149 0.15519
internal_count=250 182 151 84 67 46 82 68 53
is_linear=0
shrinkage=0.05


Tree=335
num_leaves=7
num_cat=0
split_feature=0 14 4 21 30 21
split_gain=0.242466 0.545736 0.47946 0.530281 0.993706 0.664708
threshold=-0.01715404086135058 0.10649494720239873 0.014295340763912619 -0.0017309435371875568 0.0057274413771092334 0.0020652006836550112
decision_type=2 2 2 2 2 2
left_child=-1 -2 -3 4 -4 -5
right_child=1 2 3 5 -6 -7
leaf_value=0.010045412849889013 -0.021724806246996638 0.013358086701041751 0.025953720213576427 -0.016456972970812611 -0.0063982151880086734 0.0022177683327230177
leaf_weight=5.3213232159614554 3.024679258465766 5.9359423592686644 4.1050066389143449 9.5070830509066635 5.6272811889648438 9.5529729127883893
leaf_count=39 16 36 21 53 29 56
internal_value=5.34254e-05 -0.00135496 0.000419167 -0.00224837 0.00724759 -0.00709712
internal_weight=43.0743 37.753 34.7283 28.7923 9.73229 19.0601
internal_count=250 211 195 159 50 109
is_linear=0
shrinkage=0.05


Tree=336
num_leaves=10
num_cat=0
split_feature=18 23 26 26 20 19 18 21 31
split_gain=0.266433 0.925554 0.595688 0.596643 0.650771 0.60562 0.803169 0.423134 0.40909
threshold=-0.66502570756642032 0.00081516680707138811 0.034107337487687135 0.0059314848699386644 -0.042053121181332746 -0.009126572595774261 0.50549543900741212 -0.001836180035384327 0.18327140212422663
decision_type=2 2 2 2 2 2 2 2 2
left_child=1 -1 3 4 -2 -5 -7 -4 -6
right_child=2 -3 7 5 8 6 -8 -9 -10
leaf_value=-0.023775983595600361 0.017191150336399862 0.0077676527428507322 0.0020492261557503366 -0.02214941746912966 -0.015821084477004279 0.015541064811781394 -0.017969080610920937 0.026460461091527405 0.008196803918984235
leaf_weight=4.5014835298061353 6.5488666184246513 4.810836173593998 3.3698176518082619 5.2891688942909241 3.8095070570707366 3.889207970350979 3.309857152402401 3.7512732222676268 3.3163129612803459
leaf_count=26 37 28 19 34 22 23 19 21 21
internal_value=-4.26887e-06 -0.00748023 0.00208738 -0.00140235 0.00581331 -0.00930353 0.000134371 0.0149087 -0.00464331
internal_weight=42.5963 9.31232 33.284 26.1629 13.6747 12.4882 7.19907 7.12109 7.12582
internal_count=250 54 196 156 80 76 42 40 43
is_linear=0
shrinkage=0.05


Tree=337
num_leaves=13
num_cat=0
split_feature=4 9 11 1 1 31 7 20 13 2 12 24
split_gain=0.116194 0.0954908 0.155447 0.189968 0.132426 0.0471334 2.06921e-05 1.74319e-06 1.56722e-06 1.19279e-07 1.0126e-07 1.83572e-08
threshold=0.024108197542607037 61.246000194549566 64.792499809265152 -0.063746158169736319 0.050930571657357489 0.054888948572355871 63.290999412536628 -0.20631851553767924 43.802957839915372 0.032505911838689679 -0.014772557687145679 0.0034558009544499728
decision_type=2 2 2 2 2 2 2 2 2 2 2 2
left_child=1 4 5 -4 8 -3 -5 -2 -1 -9 -10 -11
right_child=7 2 3 6 -6 -7 -8 9 10 11 -12 -13
leaf_value=-0.033680781458196807 -0.033745574207199716 0.0081530468831404537 0.0303486645857661 -0.034389771387336669 0.020827133668995176 0.028125374795300973 -0.033599248142848558 -0.033483337353073711 -0.033436424648269444 -0.033424629990873374 -0.0335089098634739 -0.033375156328419031
leaf_weight=0.15260893019149158 0.068243769987020642 0.56838492571841903 0.16716929525136981 0.12492222199216441 0.16462142928503454 0.61505714314989746 0.24536929879104719 0.10150458815041918 0.11301128618652001 0.037957927386742085 0.083989356062375009 0.037052372994367033
leaf_count=22 9 30 4 9 7 13 40 24 36 16 16 24
internal_value=-0.000824875 0.00275661 0.00840598 -0.0138929 -0.0161493 0.018533 -0.0338659 -0.033531 -0.0335605 -0.033448 -0.0334673 -0.0334002
internal_weight=2.47989 2.23513 1.7209 0.537461 0.514231 1.18344 0.370292 0.244759 0.34961 0.176515 0.197001 0.0750103
internal_count=250 177 96 53 81 43 49 73 74 64 52 40
is_linear=0
shrinkage=0.05


Tree=338
num_leaves=10
num_cat=0
split_feature=16 12 6 20 22 0 24 19 14
split_gain=0.239316 0.921195 0.490637 0.978396 0.721068 0.664309 0.512464 0.419739 0.544177
threshold=0.019693446076133037 -0.021435836133943703 0.7854778147170719 -0.022088928274260785 0.0033177758749288748 0.0012001147166267325 -1.0000000180025095e-35 -0.057345272211569036 0.52574701362161613
decision_type=2 2 2 2 2 2 2 2 2
left_child=1 -1 -2 7 6 -6 -5 -4 -9
right_child=2 -3 3 4 5 -7 -8 8 -10
leaf_value=0.01270065535829356 -0.012352932251933013 -0.022510480502235933 -0.00082795964589630526 -0.0023158451898120562 -0.0085657900235754352 0.018974555172563842 -0.027916182717841659 0.033917139746402668 0.010004824003472102
leaf_weight=3.1663520894944668 5.2157994247972956 4.4936995543539515 3.3867844045162192 3.9865783452987671 4.1396340727806074 4.6483399793505669 3.8357035294175175 3.9625604599714297 5.9544676020741463
leaf_count=23 31 25 19 23 24 25 22 30 28
internal_value=5.20552e-05 -0.00795564 0.00179813 0.0042655 -0.00382713 0.00600149 -0.0148691 0.0143694 0.0195595
internal_weight=42.7899 7.66005 35.1299 29.9141 16.6103 8.78797 7.82228 13.3038 9.91703
internal_count=250 48 202 171 94 49 45 77 58
is_linear=0
shrinkage=0.05


Tree=339
num_leaves=10
num_cat=0
split_feature=13 3 15 2 16 12 10 21 2
split_gain=0.26578 0.452438 0.602267 0.908813 0.560285 0.484522 0.905751 0.429142 0.425837
threshold=39.78815856254743 -0.0049818568432305468 0.025877277642526439 0.053516475726069108 0.035458280476016117 -0.02511249447760816 -0.014523961812142433 -0.00040043489132685067 0.124560321631094
decision_type=2 2 2 2 2 2 2 2 2
left_child=7 5 -3 4 -4 6 -2 -1 -5
right_child=1 2 3 8 -6 -7 -8 -9 -10
leaf_value=0.0046290032172506025 0.015940356359641219 0.014084548556477587 -0.0079788741103528991 0.01413785183092419 -0.033798576454007467 0.022031489793800582 -0.017822433927139461 -0.021596399896594926 -0.006668647569089409
leaf_weight=2.8948357328772545 4.7535488009452811 4.4066971167922047 5.338784687221052 5.0330355092883092 3.4646048359572887 4.6641732566058627 3.412411004304885 3.3826785627752534 4.8086758404970169
leaf_count=19 26 24 31 25 23 30 21 29 22
internal_value=-1.13833e-05 0.00164912 -0.00253954 -0.00646858 -0.0181403 0.00917484 0.00183148 -0.00950272 0.00397176
internal_weight=42.1594 35.8819 23.0518 18.6451 8.80339 12.8301 8.16596 6.27751 9.84171
internal_count=250 202 125 101 54 77 47 48 47
is_linear=0
shrinkage=0.05


Tree=340
num_leaves=10
num_cat=0
split_feature=29 26 21 7 24 24 31 22 33
split_gain=0.114565 0.118562 0.113072 0.170317 0.0807165 0.11591 1.37886e-06 1.02993e-06 1.18221e-07
threshold=0.0053127443568387065 -0.019858456272093424 0.00025591324514329111 57.805499839782719 -0.010642567255196854 0.017005140613030049 -0.58160182815194794 0.0071281247551754365 0.57000000000000017
decision_type=2 2 2 2 2 2 2 2 2
left_child=1 -1 3 -3 -4 -6 -5 8 -2
right_child=7 2 4 6 5 -7 -8 -9 -10
leaf_value=-0.033808740003136419 -0.03348688631635191 0.034419338711640803 0.027138730992144085 -0.033742863692611542 -0.015673758067216034 0.020135755732062381 -0.033469905300290863 -0.033661648862011513 -0.033395805648524762
leaf_weight=0.19997021346353072 0.085377165290992596 0.12683363631367672 0.61577135045081377 0.055301502812654113 0.41771798103582092 0.49229949282016605 0.28318739752285149 0.092962297378107905 0.061141223093727604
leaf_count=31 23 2 16 7 33 18 75 15 30
internal_value=-0.000696453 0.00289235 0.00657829 -0.0149977 0.0131584 0.0036984 -0.0335145 -0.0335315 -0.0334489
internal_weight=2.43056 2.19108 1.99111 0.465323 1.52579 0.910017 0.338489 0.239481 0.146518
internal_count=250 182 151 84 67 51 82 68 53
is_linear=0
shrinkage=0.05


Tree=341
num_leaves=8
num_cat=0
split_feature=16 12 16 15 18 2 19
split_gain=0.231559 0.872331 0.461877 0.54347 0.665934 1.17261 0.925336
threshold=0.019693446076133037 -0.021435836133943703 0.023410521951111509 0.025790610387866012 0.48365446128169448 0.054329580941907436 -0.0080194077406610647
decision_type=2 2 2 2 2 2 2
left_child=1 -1 -2 -4 6 -6 -5
right_child=2 -3 3 4 5 -7 -8
leaf_value=0.012324050812714617 0.014892272813579847 -0.022147111756358813 -0.013769521843318852 0.0076987303819926085 0.032724847459482967 -0.0037713082649725284 -0.018091803159167471
leaf_weight=3.1318291798233986 5.6259094811975947 4.4333142936229697 6.2911669239401844 7.7081260308623323 4.197577625513075 4.6269294172525406 6.3373198658227929
leaf_count=23 33 25 38 46 26 20 39
internal_value=5.13004e-05 -0.00787669 0.0017754 -0.00075517 0.00282487 0.0135889 -0.00393799
internal_weight=42.3522 7.56514 34.787 29.1611 22.87 8.82451 14.0454
internal_count=250 48 202 169 131 46 85
is_linear=0
shrinkage=0.05


Tree=342
num_leaves=8
num_cat=0
split_feature=18 23 18 24 0 0 17
split_gain=0.260788 0.874825 0.584024 0.904097 0.485612 0.753072 0.640241
threshold=-0.66502570756642032 0.00081516680707138811 -0.30319452060374524 0.023151751923785605 0.0099447874182597724 -0.0026195875893345595 0.019054819800517302
decision_type=2 2 2 2 2 2 2
left_child=1 -1 -2 4 5 -4 -6
right_child=2 -3 3 -5 6 -7 -8
leaf_value=-0.023566225454008286 0.016505856529799971 0.0074684930016571463 0.0042767693819514086 -0.021147581143387037 0.025238891081407144 -0.022470302851471162 -0.0021225771978135894
leaf_weight=4.3871445171534997 5.7686283141374579 4.7070234268903732 10.073168104514478 4.6228639371693125 4.5802329666912538 3.5622698627412381 4.0096139498054981
leaf_count=26 33 28 66 26 28 23 20
internal_value=-1.57197e-05 -0.00750306 0.00207189 -0.00102941 0.00315517 -0.00271093 0.012467
internal_weight=41.7109 9.09417 32.6168 26.8481 22.2253 13.6354 8.58985
internal_count=250 54 196 163 137 89 48
is_linear=0
shrinkage=0.05


Tree=343
num_leaves=13
num_cat=0
split_feature=4 9 11 8 1 0 7 13 20 2 12 24
split_gain=0.110593 0.0913993 0.143696 0.190599 0.122344 0.0441083 1.7747e-05 1.40378e-06 1.39563e-06 1.15445e-07 8.84431e-08 2.45729e-08
threshold=0.024108197542607037 61.246000194549566 64.792499809265152 -0.039929819727766776 0.050930571657357489 0.0012001147166267325 63.290999412536628 43.802957839915372 -0.20631851553767924 0.029914187926185391 -0.014772557687145679 1.0000000180025095e-35
decision_type=2 2 2 2 2 2 2 2 2 2 2 2
left_child=1 4 5 -4 7 -3 -5 -1 -2 -10 -9 -11
right_child=8 2 3 6 -6 -7 -8 10 9 11 -12 -13
leaf_value=-0.033667896993831409 -0.03372100404915792 0.0068777586955990431 0.032604062459941165 -0.034336362104220634 0.02025471352423338 0.026687412522735765 -0.033586420638140289 -0.033429762406912783 -0.033483381366863192 -0.033429756100684015 -0.03349979166439173 -0.033372760281167174
leaf_weight=0.14409953524591479 0.063472316309344023 0.48955045582260914 0.15509101538918946 0.11830471025314138 0.15574114071205258 0.65961820783559233 0.23677222116384655 0.10582371725467965 0.092086919263237976 0.036292831471655518 0.078554618288762867 0.039484792680013925
leaf_count=22 9 25 4 9 7 18 40 36 23 14 16 27
internal_value=-0.000677228 0.00286737 0.00844472 -0.0136384 -0.0162453 0.0182484 -0.0338363 -0.033551 -0.0335213 -0.0334458 -0.0334596 -0.0334001
internal_weight=2.37489 2.14356 1.65934 0.510168 0.484219 1.14917 0.355077 0.328478 0.231337 0.167865 0.184378 0.0757776
internal_count=250 177 96 53 81 43 49 74 73 64 52 41
is_linear=0
shrinkage=0.05


Tree=344
num_leaves=9
num_cat=0
split_feature=1 15 8 0 17 17 16 20
split_gain=0.226159 0.551863 0.487345 0.865702 0.646963 0.679411 0.54901 0.423481
threshold=0.025376446867029005 0.037930155160668902 0.0017398862930203265 0.0088135326162109857 -0.0075094123244592009 -0.014680013561489041 0.03129711799067466 -0.022088928274260785
decision_type=2 2 2 2 2 2 2 2
left_child=2 7 3 4 5 -1 -4 -2
right_child=1 -3 6 -5 -6 -7 -8 -9
leaf_value=0.0042919749512822011 -0.0024430948538625092 0.0056662835969626723 0.0032308809871113642 -0.026376324019196862 0.014709417385567504 -0.024025412179722275 0.027723206355927496 -0.027304954585958864
leaf_weight=5.7984150554984808 3.3503034524619579 5.9420210681855679 7.1098223663866502 3.1240231730043879 6.3673206046223685 3.3373480476438999 3.3737232685089111 3.5043556876480562
leaf_count=39 20 32 39 19 39 22 20 20
internal_value=5.40247e-05 -0.00548597 0.00248934 -0.00236404 0.00247467 -0.00605253 0.0111128 -0.0151534
internal_weight=41.9073 12.7967 29.1107 18.6271 15.5031 9.13576 10.4835 6.85466
internal_count=250 72 178 119 100 61 59 40
is_linear=0
shrinkage=0.05


Tree=345
num_leaves=7
num_cat=0
split_feature=11 16 16 34 25 2
split_gain=0.258364 0.312132 0.708918 0.592797 1.03923 0.513909
threshold=58.799200019836434 0.041908694801459999 0.033351993129051467 0.40832859306358604 0.0024512262357069274 0.053516475726069108
decision_type=2 2 2 2 2 2
left_child=-1 2 3 4 -2 -3
right_child=1 5 -4 -5 -6 -7
leaf_value=-0.015036138700044378 0.007780232077164391 -0.022497687506163565 0.020155750416816599 0.017506986080209719 -0.015276960711817174 0.0015893211388531552
leaf_weight=2.6769760996103278 9.8523738645017236 3.3698079157620651 5.3070972617715588 3.982927367091178 9.6966688595712167 6.4586051516234875
leaf_count=15 61 28 30 25 60 31
internal_value=-1.41195e-05 0.00102587 0.00364837 -7.44868e-05 -0.00365654 -0.00666924
internal_weight=41.3445 38.6675 28.8391 23.532 19.549 9.82841
internal_count=250 235 176 146 121 59
is_linear=0
shrinkage=0.05


Tree=346
num_leaves=10
num_cat=0
split_feature=29 26 21 5 19 32 31 22 33
split_gain=0.108977 0.111545 0.104672 0.159598 0.077763 0.259053 1.16424e-06 9.43169e-07 1.01346e-07
threshold=0.0053127443568387065 -0.019858456272093424 0.00025591324514329111 0.013342075155358376 -0.010105145627009536 -0.24707352895324192 -0.58160182815194794 0.0071281247551754365 0.57000000000000017
decision_type=2 2 2 2 2 2 2 2 2
left_child=1 -1 3 -3 -4 -6 -5 8 -2
right_child=7 2 4 6 5 -7 -8 -9 -10
leaf_value=-0.03379117372330822 -0.033479248748932544 0.034169373069381156 0.021952729974575674 -0.033718318816402949 0.034739492950553952 -0.03368470600879344 -0.033460321139578177 -0.033651747225212796 -0.033392227177281207
leaf_weight=0.18821124220267016 0.08082572673447419 0.12012616195715953 0.910914471372962 0.052376991370693182 0.25918587716296315 0.29665112390648551 0.26477200575754944 0.089369940687902272 0.057089020760031417
leaf_count=31 23 2 21 7 3 43 75 15 30
internal_value=-0.000643233 0.00292881 0.00655855 -0.0149123 0.0129596 -0.00177861 -0.0335029 -0.0335252 -0.0334432
internal_weight=2.31952 2.09224 1.90403 0.437275 1.46675 0.555837 0.317149 0.227285 0.137915
internal_count=250 182 151 84 67 46 82 68 53
is_linear=0
shrinkage=0.05


Tree=347
num_leaves=7
num_cat=0
split_feature=0 14 4 21 30 29
split_gain=0.218087 0.45609 0.418507 0.448362 0.895605 0.585035
threshold=-0.01715404086135058 0.10649494720239873 0.014295340763912619 -0.0017309435371875568 0.0057274413771092334 0.0028629981519718854
decision_type=2 2 2 2 2 2
left_child=-1 -2 -3 4 -4 -5
right_child=1 2 3 5 -6 -7
leaf_value=0.0096564895084966049 -0.020258900456326633 0.012678490084485808 0.024826455866845669 -0.00025883657494962098 -0.0064834007748685281 -0.019027856827043419
leaf_weight=5.1722326185554257 2.9223609119653693 5.7000611387193194 3.9461560025811178 12.029978472739463 5.4224295243620872 6.3398463651537886
leaf_count=39 16 36 21 71 29 38
internal_value=4.99784e-05 -0.00131652 0.00033895 -0.00219674 0.00670467 -0.00673645
internal_weight=41.5331 36.3608 33.4385 27.7384 9.36859 18.3698
internal_count=250 211 195 159 50 109
is_linear=0
shrinkage=0.05


Tree=348
num_leaves=10
num_cat=0
split_feature=13 14 3 15 2 16 12 10 32
split_gain=0.247316 0.530836 0.452188 0.53285 0.842148 0.516513 0.453927 0.463048 0.389137
threshold=40.412739493807898 0.086471006402752223 -0.0049818568432305468 0.025877277642526439 0.053516475726069108 0.035458280476016117 -0.02511249447760816 -0.016543156619391809 0.28461961924684026
decision_type=2 2 2 2 2 2 2 2 2
left_child=1 -1 6 -4 5 -5 7 -2 -6
right_child=2 -3 3 4 8 -7 -8 -9 -10
leaf_value=0.010162481376015485 0.012938559099175401 -0.019526734563257375 0.013355358869515506 -0.0079301457363589213 0.012886469759972194 -0.033256507597476032 0.022007718100468653 -0.012038911704149792 -0.0072465913273113709
leaf_weight=2.3429603129625312 4.2256633713841438 4.2125411815941334 4.279753431677821 5.181991398334505 5.3233616426587087 3.2920849677175283 4.5238201245665532 3.3081999272108078 4.370556153357029
leaf_count=14 24 37 24 31 25 23 30 20 22
internal_value=-1.29784e-05 -0.0089157 0.0016784 -0.00251659 -0.00625548 -0.0177692 0.00948821 0.00197068 0.00380937
internal_weight=41.0609 6.5555 34.5054 22.4477 18.168 8.47408 12.0577 7.53386 9.69392
internal_count=250 51 199 125 101 54 74 44 47
is_linear=0
shrinkage=0.05


Tree=349
num_leaves=10
num_cat=0
split_feature=29 26 21 7 24 29 31 22 33
split_gain=0.105318 0.106801 0.100862 0.153248 0.0719698 0.113979 1.08924e-06 8.59492e-07 9.28292e-08
threshold=0.0053127443568387065 -0.019858456272093424 0.00025591324514329111 57.805499839782719 -0.020930970499596854 0.0033149998586834433 -0.58160182815194794 0.0071281247551754365 0.57000000000000017
decision_type=2 2 2 2 2 2 2 2 2
left_child=1 -1 3 -3 -4 -6 -5 8 -2
right_child=7 2 4 6 5 -7 -8 -9 -10
leaf_value=-0.03377471025874227 -0.033474907894706835 0.034040116145057933 0.030166247954560604 -0.033710299256542613 -0.0078818077627358634 0.026404371116299164 -0.033456797500626446 -0.033642107266870717 -0.033390104266957703
leaf_weight=0.18091557198204178 0.078112822695402317 0.11564768152311433 0.42090637469664205 0.050777634722180998 0.61736413557082392 0.39909521676599979 0.25604179035872188 0.086802313511725515 0.054985033872071654
leaf_count=31 23 2 8 7 53 6 75 15 30
internal_value=-0.00064304 0.00289957 0.00646707 -0.0150104 0.0127797 0.00558007 -0.0334988 -0.0335197 -0.0334399
internal_weight=2.26065 2.04075 1.85983 0.422467 1.43737 1.01646 0.306819 0.2199 0.133098
internal_count=250 182 151 84 67 59 82 68 53
is_linear=0
shrinkage=0.05


Tree=350
num_leaves=10
num_cat=0
split_feature=4 4 15 2 2 2 2 17 23
split_gain=0.235248 0.797894 0.529328 1.13256 0.581006 1.05396 0.65454 0.519744 0.381625
threshold=0.012451293939117333 0.014295340763912619 0.030351599752239205 -0.0092465694002823434 0.049045121093606044 -0.017413101825302698 0.10187195876941325 -0.0016911079017929305 -0.0024304760216820038
decision_type=2 2 2 2 2 2 2 2 2
left_child=-1 -2 3 8 5 -4 -6 -5 -3
right_child=1 2 4 7 6 -7 -8 -9 -10
leaf_value=-0.012775208451161146 0.021978083696103972 0.017706138683101329 -0.0073089774252641836 -0.035769247428180301 -0.020396525797299211 0.025931090710016636 0.006669145549442786 -0.010400034682849595 -0.0071004580797771185
leaf_weight=3.291121505200862 4.1048635095357886 3.7418921198695898 3.9950066469609702 3.3506160639226428 3.9157353490591031 5.9163785576820427 5.2003844976425171 5.0795981511473647 2.6472352854907504
leaf_count=18 27 23 25 22 22 40 24 29 20
internal_value=4.81683e-05 0.00116019 -0.00136455 -0.00844971 0.00415364 0.0125329 -0.00495663 -0.0204831 0.00742791
internal_weight=41.2428 37.9517 33.8468 14.8193 19.0275 9.91139 9.11612 8.43021 6.38913
internal_count=250 232 205 94 111 65 46 51 43
is_linear=0
shrinkage=0.05


Tree=351
num_leaves=10
num_cat=0
split_feature=18 18 26 20 13 11 6 16 20
split_gain=0.243542 0.863269 0.588978 0.568231 0.608465 0.606469 0.450586 0.465063 0.377105
threshold=-0.66502570756642032 -1.0148394064274078 0.034107337487687135 0.011527915337545715 44.325072162890514 63.258500099182136 0.87538247380704115 0.047623341339050836 0.015645756093453759
decision_type=2 2 2 2 2 2 2 2 2
left_child=1 -1 3 4 -2 -6 -5 -8 -4
right_child=2 -3 8 6 5 -7 7 -9 -10
leaf_value=0.00442958813034206 -0.01037212835466627 -0.028012663359351965 0.003103976492090597 -0.025934418835232988 -0.0022600956382561217 0.022503116218000156 0.0078075933633306562 -0.018013307998435306 0.026686598141917268
leaf_weight=5.6525210663676262 4.53399450704456 3.2178290355950576 3.3335372414439908 3.2417443469166738 4.3882935903966409 5.663431853055954 4.0055459216237068 3.0884160622954369 3.4491865523159504
leaf_count=33 31 21 20 20 26 36 26 17 20
internal_value=-1.57559e-05 -0.00733924 0.00203325 -0.00152206 0.00483348 0.0116922 -0.010491 -0.00343375 0.0150963
internal_weight=40.5745 8.87035 31.7042 24.9214 14.5857 10.0517 10.3357 7.09396 6.78272
internal_count=250 54 196 156 93 62 63 43 40
is_linear=0
shrinkage=0.05


Tree=352
num_leaves=9
num_cat=0
split_feature=29 26 25 23 25 19 22 33
split_gain=0.101699 0.102671 0.0969565 0.14427 0.108319 2.17585e-06 7.71839e-07 8.4132e-08
threshold=0.0053127443568387065 -0.019858456272093424 -0.01211456262799415 -0.00099286337003323655 0.0055682211413676805 -0.029660475453974152 0.0071281247551754365 0.57000000000000017
decision_type=2 2 2 2 2 2 2 2
left_child=1 -1 -3 5 -5 -4 7 -2
right_child=6 2 3 4 -6 -7 -8 -9
leaf_value=-0.033755087164992446 -0.033470454684254268 0.026960840203164971 -0.03375880969639998 -0.0084565262252353623 0.022595165740845257 -0.033450368545472273 -0.033631666043417323 -0.033388219523799383
leaf_weight=0.17429541103774715 0.075330500112613552 0.43658991379197676 0.084597658249549568 0.53945078974356853 0.58586352673592046 0.17640474779182103 0.083714883192442358 0.052972811390645802
leaf_count=31 23 13 8 45 30 55 15 30
internal_value=-0.000587957 0.00290735 0.00641279 -5.83679e-05 0.00770967 -0.0335503 -0.0335136 -0.0334365
internal_weight=2.20922 1.9972 1.82291 1.38632 1.12531 0.261002 0.212018 0.128303
internal_count=250 182 151 138 75 63 68 53
is_linear=0
shrinkage=0.05


Tree=353
num_leaves=10
num_cat=0
split_feature=4 4 15 2 2 2 2 17 23
split_gain=0.224999 0.752743 0.468867 1.08787 0.51956 0.988034 0.60768 0.504448 0.358366
threshold=0.012451293939117333 0.014295340763912619 0.030351599752239205 -0.0092465694002823434 0.049045121093606044 -0.017413101825302698 0.10187195876941325 -0.0016911079017929305 -0.0024304760216820038
decision_type=2 2 2 2 2 2 2 2 2
left_child=-1 -2 3 8 5 -4 -6 -5 -3
right_child=1 2 4 7 6 -7 -8 -9 -10
leaf_value=-0.012534169546429236 0.021458910594818449 0.017509656689569997 -0.0072685818037687665 -0.035352755413809403 -0.01971336253078888 0.025130795250122923 0.0064645127764092775 -0.010066156152346651 -0.0066133885227079754
leaf_weight=3.2683859989047042 4.0655851550400248 3.7207528091967106 3.9750433042645419 3.2465625293552867 3.8717032819986326 5.7668961435556465 5.1868232563138008 5.0251080580055705 2.6262952946126452
leaf_count=18 27 23 25 22 22 40 24 29 20
internal_value=4.75599e-05 0.00114459 -0.00132673 -0.00804298 0.00389564 0.0119107 -0.00472417 -0.0199909 0.00752797
internal_weight=40.7532 37.4848 33.4192 14.6187 18.8005 9.74194 9.05853 8.27167 6.34705
internal_count=250 232 205 94 111 65 46 51 43
is_linear=0
shrinkage=0.05


Tree=354
num_leaves=10
num_cat=0
split_feature=30 30 7 19 0 0 22 25 32
split_gain=0.243051 0.900763 0.411028 0.379149 0.928438 0.69989 0.571815 0.465878 0.451489
threshold=0.012121920221580431 0.019717058138473468 62.602500152587901 0.048532599561474606 0.0068201055940260167 0.0080367959609779511 0.0010137723480715401 -0.0020926799625824439 0.3249561543595591
decision_type=2 2 2 2 2 2 2 2 2
left_child=3 -2 -3 4 7 -5 -6 -1 -9
right_child=1 2 -4 5 6 -7 -8 8 -10
leaf_value=-0.014646659372943169 -0.024733648650944413 -0.0073232820149942467 0.016991840557013565 0.0083213611846690971 0.035065250946399458 -0.022265524959971736 0.0077551707391386856 0.013984163863715961 -0.0089145824393196248
leaf_weight=4.795741435140374 4.152753494679926 3.515874532982707 3.4371609762310982 3.6608306951820841 3.3652077391743651 3.8237022906541824 4.4528227485716343 5.2959544714540261 3.6267287544906139
leaf_count=32 30 22 19 25 18 21 29 31 23
internal_value=-1.76703e-05 -0.00630813 0.00469665 0.00238957 0.00575867 -0.00730488 0.0195106 -0.00207844 0.0046767
internal_weight=40.1268 11.1058 6.95304 29.021 21.5365 7.48453 7.81803 13.7184 8.92268
internal_count=250 71 41 179 133 46 47 86 54
is_linear=0
shrinkage=0.05


Tree=355
num_leaves=11
num_cat=0
split_feature=13 20 20 9 25 1 18 15 16 12
split_gain=0.0991645 0.105509 0.104145 0.103982 0.0611022 0.0938467 1.30764e-06 3.19569e-07 9.56096e-08 1.19619e-07
threshold=57.067711127759758 -0.047054593386037839 0.054500769792728117 58.004999828338633 -0.0070915656711404975 -0.027538973449199085 -0.63983421580918287 0.027907058819812858 0.041908694801459999 0.054422404787665545
decision_type=2 2 2 2 2 2 2 2 2 2
left_child=1 3 4 -1 -3 -6 -5 -8 9 -2
right_child=8 2 -4 6 5 -7 7 -9 -10 -11
leaf_value=0.017591935032628837 -0.033420963643543251 0.029698210835311118 -0.013906374141210759 -0.03370779982479806 0.029970006545364577 -0.0096563733518427886 -0.033543459411691547 -0.033422835796850826 -0.033391210676618759 -0.033510638277492386
leaf_weight=0.14349662652239215 0.072853790275985264 0.51065603643655766 0.36255406454438355 0.10023107938468456 0.25063418131321658 0.36996613774681464 0.12468875260674395 0.098114679858554155 0.058325058838818222 0.075962348259054124
leaf_count=4 32 9 38 12 9 37 21 38 36 14
internal_value=-0.00054494 0.00293152 0.009414 -0.0178251 0.0168879 0.00634704 -0.0335578 -0.0334903 -0.0334455 -0.0334667
internal_weight=2.16748 1.96034 1.49381 0.466531 1.13126 0.6206 0.323035 0.222803 0.207141 0.148816
internal_count=250 168 93 75 55 46 71 59 82 46
is_linear=0
shrinkage=0.05


Tree=356
num_leaves=7
num_cat=0
split_feature=0 14 4 21 29 21
split_gain=0.227632 0.414228 0.348898 0.419005 0.870399 0.539847
threshold=-0.01715404086135058 0.10649494720239873 0.014295340763912619 -0.0017309435371875568 0.0014032743461628307 0.0020652006836550112
decision_type=2 2 2 2 2 2
left_child=-1 -2 -3 4 -4 -5
right_child=1 2 3 5 -6 -7
leaf_value=0.010069452530175431 -0.01968686126121522 0.011646908136441203 -0.0092350045733026846 -0.01532170300486046 0.021678227728592833 0.002081677382056685
leaf_weight=4.9669406320899716 2.8363480493426314 5.5549784414470187 4.4437295533716661 8.8654307872057014 4.6700296439230442 8.9589756280183774
leaf_count=39 16 36 26 53 24 56
internal_value=4.69076e-05 -0.00136215 0.000237423 -0.00211535 0.00660541 -0.00657435
internal_weight=40.2964 35.3295 32.4931 26.9382 9.11376 17.8244
internal_count=250 211 195 159 50 109
is_linear=0
shrinkage=0.05


Tree=357
num_leaves=11
num_cat=0
split_feature=18 18 26 20 13 30 5 4 19 21
split_gain=0.244185 0.820228 0.541836 0.536684 0.566393 0.858803 0.633887 0.456573 0.522133 0.356479
threshold=-0.66502570756642032 -1.0148394064274078 0.034107337487687135 0.011527915337545715 46.67650215314395 0.011058302106996433 0.018848809443115344 0.017634683141404105 0.052675042852737948 -0.001836180035384327
decision_type=2 2 2 2 2 2 2 2 2 2
left_child=1 -1 3 4 5 -2 -6 -5 -9 -4
right_child=2 -3 9 7 6 -7 -8 8 -10 -11
leaf_value=0.0041404242187882672 0.01170442748193155 -0.027756705871376255 0.0026075032287575487 -0.026773850993402244 -0.00026115822299996457 -0.026047119394223568 0.027435888691390187 0.0083406393276862327 -0.018861186808091804 0.025805948919039486
leaf_weight=5.5656847842037678 3.0735002197325292 3.1596037540584785 3.170380488038063 2.9436839036643487 4.202106408774851 2.9547697752714157 4.0633627977222204 4.0883002057671547 3.103098388761282 3.4667876157909623
leaf_count=33 21 21 19 19 24 22 26 25 19 21
internal_value=-1.94348e-05 -0.00741017 0.00205635 -0.00138557 0.00485491 -0.00679958 0.0133549 -0.0101867 -0.00339699 0.0147247
internal_weight=39.7913 8.72529 31.066 24.4288 14.2937 6.02827 8.26547 10.1351 7.1914 6.63717
internal_count=250 54 196 156 93 43 50 63 44 40
is_linear=0
shrinkage=0.05


Tree=358
num_leaves=9
num_cat=0
split_feature=23 29 23 5 24 19 18 21
split_gain=0.0963931 0.110428 0.271171 0.123828 0.0700046 0.202351 5.18571e-06 1.36385e-07
threshold=0.010531519258500268 -0.00067689160808631621 0.0077039173898337818 0.013342075155358376 -0.023117971899565434 -0.027473271171050914 -0.18758523862403501 0.0012642804154334721
decision_type=2 2 2 2 2 2 2 2
left_child=1 4 3 -3 -1 -6 -5 -7
right_child=-2 2 -4 6 5 7 -8 -9
leaf_value=0.03244076638774538 -0.03384581227321589 0.018743860230201751 0.028399594444629323 -0.033783319810187146 0.036020162064877147 -0.033417529810701868 -0.033494489077573041 -0.033500488028155993
leaf_weight=0.38448261597659439 0.19686065847054113 0.13767173071391858 0.36177082755602896 0.33051587469526567 0.21991660021012649 0.09015092774643596 0.29331729031400755 0.10999014973640442
leaf_count=11 36 3 12 48 3 35 78 24
internal_value=-0.000518528 0.00288472 -0.00724292 -0.0241757 0.0170246 0.00291409 -0.0336475 -0.0334631
internal_weight=2.12468 1.92782 1.12328 0.761505 0.80454 0.420058 0.623833 0.200141
internal_count=250 214 141 129 73 62 126 59
is_linear=0
shrinkage=0.05


Tree=359
num_leaves=9
num_cat=0
split_feature=0 14 11 2 22 6 33 21
split_gain=0.215093 0.387109 0.340424 0.603217 0.753669 0.519878 0.703791 0.622865
threshold=-0.01715404086135058 0.10649494720239873 64.120700035095226 0.044430882109651855 1.0000000180025095e-35 1.0433216105525929 0.72500000000000009 0.00020024655014716511
decision_type=2 2 2 2 2 2 2 2
left_child=-1 -2 5 4 -4 7 -7 -3
right_child=1 2 3 -5 -6 6 -8 -9
leaf_value=0.0098305420906825355 -0.019137311178209243 -7.5761410736569873e-05 -0.011586548522896107 -0.021035334061160437 0.017735031125404463 -0.021541381862139289 0.007302134402172266 0.024644011910427727
leaf_weight=4.9253614656627169 2.8069545626640311 5.1317770257592219 4.872709605842827 4.4080926179885855 3.9828090034425259 3.5596836023032647 5.2106603756546974 5.0617701970040798
leaf_count=39 16 32 29 24 29 23 28 30
internal_value=4.69231e-05 -0.00132852 0.000222593 -0.00592209 0.00160096 0.00452027 -0.00440479 0.0121992
internal_weight=39.9598 35.0345 32.2275 13.2636 8.85552 18.9639 8.77034 10.1935
internal_count=250 211 195 82 58 113 51 62
is_linear=0
shrinkage=0.05


Tree=360
num_leaves=10
num_cat=0
split_feature=13 3 1 1 1 14 12 1 21
split_gain=0.236171 0.388003 0.500384 0.707334 0.771509 0.496519 0.446194 0.750384 0.375038
threshold=39.78815856254743 -0.0049818568432305468 0.025376446867029005 0.0084322621694238337 -0.011980311302192346 1.0086778831428462 -0.02511249447760816 -0.011980311302192346 -0.00040043489132685067
decision_type=2 2 2 2 2 2 2 2 2
left_child=8 6 3 4 -3 -4 7 -2 -1
right_child=1 2 5 -5 -6 -7 -8 -9 -10
leaf_value=0.0042035707180536454 0.013913036565168627 -0.016284100719775048 0.013752594689814351 -0.028681535238258199 0.015715124427752369 -0.0085932185832827308 0.021738194554802536 -0.01830150206554753 -0.021169423975641082
leaf_weight=2.7378344647586346 4.726399440318346 4.0302890241146061 6.6119065508246404 3.4370276220142841 3.5365545935928866 3.9836381003260612 4.2883974350988847 2.9272316619753838 3.1115189027041188
leaf_count=19 28 25 39 21 20 20 30 19 29
internal_value=-2.24773e-05 0.0015943 -0.00240436 -0.00987211 -0.00132846 0.00535117 0.00882663 0.00159216 -0.0092934
internal_weight=39.3908 33.5414 21.5994 11.0039 7.56684 10.5955 11.942 7.65363 5.84935
internal_count=250 202 125 66 45 59 77 47 48
is_linear=0
shrinkage=0.05


Tree=361
num_leaves=9
num_cat=0
split_feature=23 29 23 5 24 19 18 21
split_gain=0.0940493 0.107234 0.260502 0.116912 0.0666843 0.19476 4.53436e-06 1.23466e-07
threshold=0.010531519258500268 -0.00067689160808631621 0.0077039173898337818 0.013342075155358376 -0.023117971899565434 -0.027473271171050914 -0.18758523862403501 0.0012642804154334721
decision_type=2 2 2 2 2 2 2 2
left_child=1 4 3 -3 -1 -6 -5 -7
right_child=-2 2 -4 6 5 7 -8 -9
leaf_value=0.032150176109656751 -0.03384551080167298 0.017958246571521633 0.028025900207763705 -0.033764070447848619 0.035891358939036895 -0.033414328647416662 -0.033488623737590775 -0.033494774984426198
leaf_weight=0.37843504699412733 0.19132263708161179 0.13441265514120437 0.35407062363810837 0.31771246896823868 0.21330086869420484 0.086735552322352638 0.28204992052633315 0.10596474789781496
leaf_count=11 36 3 12 48 3 35 78 24
internal_value=-0.000453605 0.00295788 -0.00720037 -0.0241889 0.0170504 0.00297581 -0.0336345 -0.0334586
internal_weight=2.064 1.87268 1.08825 0.734175 0.784436 0.406001 0.599762 0.1927
internal_count=250 214 141 129 73 62 126 59
is_linear=0
shrinkage=0.05


Tree=362
num_leaves=8
num_cat=0
split_feature=30 18 12 13 26 26 18
split_gain=0.213741 0.795672 0.421585 0.753696 0.650919 0.555274 0.419325
threshold=0.012121920221580431 0.50549543900741212 -0.045916096749883138 46.385371607443197 0.034107337487687135 0.014575206597835068 -0.38992842551632295
decision_type=2 2 2 2 2 2 2
left_child=2 6 -1 -4 5 -5 -2
right_child=1 -3 3 4 -6 -7 -8
leaf_value=0.011993454614180988 0.0093148988763508099 0.026875144823434449 -0.02342382192169478 -0.0025688572185993811 -0.018323758744854712 0.017501394746142748 -0.013962399329751893
leaf_weight=4.406262923032048 3.7480381112545729 3.2188290171325207 4.4447146058082607 10.484185099601747 4.1153458729386321 5.1336832456290713 3.999111667275427
leaf_count=30 24 21 32 64 25 28 26
internal_value=4.60591e-05 0.00598049 -0.00223061 -0.00482285 -0.000633164 0.00402835 -0.00270094
internal_weight=39.5502 10.966 28.5842 24.1779 19.7332 15.6179 7.74715
internal_count=250 71 179 149 117 92 50
is_linear=0
shrinkage=0.05


Tree=363
num_leaves=9
num_cat=0
split_feature=11 15 25 25 9 10 25 17
split_gain=0.223119 0.536941 0.555934 0.462688 0.704387 0.845251 0.611252 0.433012
threshold=62.789599914550784 0.025267678478300141 0.0027812766174322161 0.0005742204483144554 63.388749694824227 -0.011531580057184264 -0.0075082184389771425 0.0053140886031543128
decision_type=2 2 2 2 2 2 2 2
left_child=1 -1 -3 6 -5 -6 -2 -4
right_child=3 2 7 4 5 -7 -8 -9
leaf_value=0.01219563159400308 -0.00067177395436011326 -0.021124303665750882 -0.013532639143360232 0.015904177543908077 -0.029998711377892374 0.0016717923448261341 0.02442674958786261 0.010560425894194739
leaf_weight=3.8030076604336527 5.0210383981466293 5.5687388218939287 3.3929903209209442 3.4894274976104489 3.4416714981198302 5.4316812939941874 4.6934039294719714 4.1408613696694374
leaf_count=25 33 38 20 22 27 31 32 22
internal_value=-2.1535e-05 -0.00434427 -0.00914495 0.00328859 -0.00312782 -0.0106121 0.0114542 -0.00029027
internal_weight=38.9828 16.9056 13.1026 22.0772 12.3628 8.87335 9.71444 7.53385
internal_count=250 105 80 145 80 58 65 42
is_linear=0
shrinkage=0.05


Tree=364
num_leaves=9
num_cat=0
split_feature=23 29 23 5 24 19 18 21
split_gain=0.0899548 0.101733 0.246855 0.115735 0.0641472 0.186459 4.33855e-06 1.17849e-07
threshold=0.010531519258500268 -0.00067689160808631621 0.0077039173898337818 0.013342075155358376 -0.023117971899565434 -0.027473271171050914 -0.18758523862403501 0.0012642804154334721
decision_type=2 2 2 2 2 2 2 2
left_child=1 4 3 -3 -1 -6 -5 -7
right_child=-2 2 -4 6 5 7 -8 -9
leaf_value=0.031813186807104731 -0.033821648064598038 0.01786796702452053 0.027565310824001113 -0.033755978717521715 0.035726090852341526 -0.033411189215699993 -0.033481799688541043 -0.033491169201147662
leaf_weight=0.36809544777497649 0.18405567572335702 0.1344133832026273 0.34519747231388465 0.30862843047361821 0.20414262497797608 0.083403811848256848 0.27095335675403476 0.10285957064479589
leaf_count=11 36 3 12 48 3 35 78 24
internal_value=-0.000512531 0.00286028 -0.00714968 -0.0239334 0.0168385 0.0027195 -0.0336278 -0.0334554
internal_weight=2.00175 1.81769 1.05919 0.713995 0.758501 0.390406 0.579582 0.186263
internal_count=250 214 141 129 73 62 126 59
is_linear=0
shrinkage=0.05


Tree=365
num_leaves=10
num_cat=0
split_feature=4 4 15 2 17 2 2 2 6
split_gain=0.207481 0.643419 0.419346 1.03708 0.493531 0.466403 0.917008 0.53959 0.299461
threshold=0.012451293939117333 0.014295340763912619 0.030351599752239205 -0.0092465694002823434 -0.0016911079017929305 0.049045121093606044 -0.033113185480193978 0.10187195876941325 1.0857909517767583
decision_type=2 2 2 2 2 2 2 2 2
left_child=-1 -2 3 8 -5 6 -4 -7 -3
right_child=1 2 5 4 -6 7 -8 -9 -10
leaf_value=-0.012251842869907409 0.020341844853364072 -0.0026281841004967654 -0.009834013017286489 -0.035149764142647158 -0.0096125204236940584 -0.01893988303161679 0.023123833208413418 0.0061742178987674312 0.019587200369673898
leaf_weight=3.1526221074163905 3.885577253997325 3.2162334285676479 3.2392776831984484 3.101405318826437 4.8514201529324037 3.7035725712776166 6.0569468922913128 5.0621564015746117 2.8711409289389849
leaf_count=18 27 21 22 22 29 22 43 24 22
internal_value=4.76606e-05 0.00112513 -0.00120082 -0.00768246 -0.0195714 0.00383759 0.0116396 -0.00443664 0.00784981
internal_weight=39.1404 35.9877 32.1022 14.0402 7.95283 18.062 9.29622 8.76573 6.08737
internal_count=250 232 205 94 51 111 65 46 43
is_linear=0
shrinkage=0.05


Tree=366
num_leaves=7
num_cat=0
split_feature=18 23 18 24 23 0
split_gain=0.227338 0.783042 0.518607 0.783231 0.535598 0.426251
threshold=-0.66502570756642032 0.00081516680707138811 -0.30319452060374524 0.023151751923785605 -0.012261584076212249 0.0099447874182597724
decision_type=2 2 2 2 2 2
left_child=1 -1 -2 4 -4 -6
right_child=2 -3 3 -5 5 -7
leaf_value=-0.022966991753467031 0.016169432170003776 0.0074884796157473343 -0.017495223235732688 -0.02052190404032506 -0.00018343461338117813 0.01560190036175434
leaf_weight=4.0959490016102773 5.3213454745709923 4.3541119880974293 2.7538590598851505 4.2678902596235266 10.568810574710371 7.1832389663904896
leaf_count=26 33 28 17 26 75 45
internal_value=-2.73428e-05 -0.00727402 0.00200737 -0.00103461 0.00302128 0.00620399
internal_weight=38.5452 8.45006 30.0951 24.7738 20.5059 17.752
internal_count=250 54 196 163 137 120
is_linear=0
shrinkage=0.05


Tree=367
num_leaves=11
num_cat=0
split_feature=4 33 23 19 20 11 20 21 2 24
split_gain=0.0869054 0.0774554 0.153574 0.111 0.0921969 5.40278e-06 5.24747e-07 2.38743e-07 5.71611e-08 1.50633e-08
threshold=0.024108197542607037 0.91500000000000015 -1.0000000180025095e-35 -0.010105145627009536 -0.11168373140150654 60.153300018310553 -0.20631851553767924 0.0025336981609509483 0.029914187926185391 -0.0026151902425762814
decision_type=2 2 2 2 2 2 2 2 2 2
left_child=1 2 5 -4 -5 -1 -2 -7 -8 -10
right_child=6 -3 3 4 -6 7 8 -9 9 -11
leaf_value=-0.033939388675901926 -0.033616088749528684 0.023292117344947141 0.018117318323945902 0.018178327951976325 -0.033661373822044115 -0.033437535541072726 -0.033453533673590614 -0.033549789728070357 -0.033415236153038021 -0.033364293349756532
leaf_weight=0.085685238707810529 0.048729537287726998 0.36984925990691397 0.70532767576514743 0.13203490572050214 0.24477117293281458 0.15393283311277628 0.073130596312694363 0.06841881392756477 0.026423076284117997 0.032187462609726936
leaf_count=13 9 15 35 5 41 57 23 11 13 28
internal_value=-0.000431868 0.00295643 -0.00245379 0.00641278 -0.0154965 -0.0336021 -0.0334759 -0.0334721 -0.033424 -0.0333873
internal_weight=1.94049 1.76002 1.39017 1.08213 0.376806 0.308037 0.180471 0.222352 0.131741 0.0586105
internal_count=250 177 162 81 46 81 73 68 64 41
is_linear=0
shrinkage=0.05


Tree=368
num_leaves=9
num_cat=0
split_feature=0 14 11 2 22 6 33 21
split_gain=0.207709 0.354535 0.309906 0.527539 0.712518 0.483132 0.647121 0.567336
threshold=-0.01715404086135058 0.10649494720239873 64.120700035095226 0.044430882109651855 1.0000000180025095e-35 1.0433216105525929 0.72500000000000009 0.00020024655014716511
decision_type=2 2 2 2 2 2 2 2
left_child=-1 -2 5 4 -4 7 -7 -3
right_child=1 2 3 -5 -6 6 -8 -9
leaf_value=0.0098155298994952386 -0.01862691401873456 -1.9871961321559784e-05 -0.011647211288704598 -0.020069282734598147 0.01734186457690912 -0.021133302832867133 0.0070010359988586712 0.02395827120556894
leaf_weight=4.7725408747792235 2.7231440097093573 4.9718812406063133 4.7079682648181898 4.2942919731140128 3.855539757758379 3.4355445541441423 5.0455373004078865 4.896252728998661
leaf_count=39 16 32 29 24 29 23 28 30
internal_value=4.88847e-05 -0.00132487 0.000184917 -0.00576738 0.00140451 0.00435586 -0.00439571 0.0118773
internal_weight=38.7027 33.9302 31.207 12.8578 8.56351 18.3492 8.48108 9.86813
internal_count=250 211 195 82 58 113 51 62
is_linear=0
shrinkage=0.05


Tree=369
num_leaves=10
num_cat=0
split_feature=13 3 1 1 25 14 12 10 21
split_gain=0.227783 0.356312 0.460548 0.65909 0.709557 0.449606 0.418138 0.715933 0.334463
threshold=39.78815856254743 -0.0049818568432305468 0.025376446867029005 0.0084322621694238337 -0.0020926799625824439 1.0086778831428462 -0.02511249447760816 -0.014523961812142433 -0.00040043489132685067
decision_type=2 2 2 2 2 2 2 2 2
left_child=8 6 3 4 -3 -4 7 -2 -1
right_child=1 2 5 -5 -6 -7 -8 -9 -10
leaf_value=0.0035790883055869236 0.014726472987899733 -0.019406994645845707 0.013301766159602355 -0.028161771832858836 0.011993190813891573 -0.0082023345000453319 0.021384238997283839 -0.016767212514945964 -0.020743164305110157
leaf_weight=2.6746056601405144 4.3084623515605927 3.1151285674422953 6.4655265063047391 3.2980238273739815 4.2587707117199942 3.8950057998299599 4.132540609687565 3.1050351001322269 2.9975930452346793
leaf_count=19 26 21 39 21 24 20 30 21 29
internal_value=-2.75147e-05 0.00158247 -0.00229181 -0.00958189 -0.00127192 0.00521737 0.00863993 0.0015358 -0.00927452
internal_weight=38.2507 32.5785 21.0325 10.6719 7.3739 10.3605 11.546 7.4135 5.6722
internal_count=250 202 125 66 45 59 77 47 48
is_linear=0
shrinkage=0.05


Tree=370
num_leaves=11
num_cat=0
split_feature=29 26 11 1 9 29 19 11 22 33
split_gain=0.0859311 0.0846639 0.082713 0.136469 0.106277 0.0957478 0.0405652 1.00791e-05 4.81171e-07 5.28782e-08
threshold=0.0053127443568387065 -0.019858456272093424 64.792499809265152 -0.059502871347810619 61.246000194549566 0.0039927610206000894 -0.016284077904727075 65.163199729919441 0.0071281247551754365 0.57000000000000017
decision_type=2 2 2 2 2 2 2 2 2 2
left_child=1 -1 4 -4 5 -3 -6 -5 9 -2
right_child=8 2 3 7 6 -7 -8 -9 -10 -11
leaf_value=-0.033664017852002556 -0.033450299921895139 -0.033579736904582991 0.030405760514232157 -0.034142779450243708 0.034173144026987817 0.023997799816264303 0.012509264587817412 -0.033519457696514522 -0.033589623346907224 -0.033378741784474072
leaf_weight=0.14393162462511089 0.063775034446735046 0.19536067591980077 0.12039246130734682 0.11305967904627312 0.37618356003076769 0.11453612614423037 0.50772485288325697 0.15210554312216118 0.070366359897889197 0.043375084831495769
leaf_count=31 23 48 4 8 8 5 40 38 15 30
internal_value=-0.000364552 0.0030475 0.00639312 -0.0137412 0.0128958 -0.0122994 0.0217292 -0.0337852 -0.033488 -0.0334213
internal_weight=1.90081 1.72329 1.57936 0.385558 1.19381 0.309897 0.883908 0.265165 0.177516 0.10715
internal_count=250 182 151 50 101 53 48 46 68 53
is_linear=0
shrinkage=0.05


Tree=371
num_leaves=7
num_cat=0
split_feature=4 1 11 19 22 2
split_gain=0.209699 0.379617 0.376734 0.3695 0.57508 0.505851
threshold=0.047338373287008399 0.050930571657357489 59.434099960327153 -0.034260511791974528 -0.00075626678585982699 0.018193437956029682
decision_type=2 2 2 2 2 2
left_child=1 2 -1 4 -4 -5
right_child=-2 -3 3 5 -6 -7
leaf_value=0.014458261507255002 0.011869204461395777 -0.012810855787977641 0.0032716506815411738 -0.0025394391665840167 -0.026788099851900834 0.016419483259632755
leaf_weight=4.5325035508722094 3.4163297414779654 5.7848341427743426 3.2155722416937351 13.549615440890195 3.1495185680687454 4.75232034549117
leaf_count=31 22 33 22 91 22 29
internal_value=4.54521e-05 -0.00110917 0.00120909 -0.00122541 -0.0116023 0.00238348
internal_weight=38.4007 34.9844 29.1995 24.667 6.36509 18.3019
internal_count=250 228 195 164 44 120
is_linear=0
shrinkage=0.05


Tree=372
num_leaves=10
num_cat=0
split_feature=30 30 7 33 11 25 14 2 2
split_gain=0.227165 0.794048 0.376774 0.352097 0.459567 0.618662 0.490087 0.55487 0.369625
threshold=0.012121920221580431 0.019717058138473468 62.602500152587901 0.9850000000000001 62.789599914550784 -0.0020926799625824439 0.54459291122011277 -0.029518223823077502 0.0068486316165935488
decision_type=2 2 2 2 2 2 2 2 2
left_child=3 -2 -3 4 5 -1 7 -6 -7
right_child=1 2 -4 -5 6 8 -8 -9 -10
leaf_value=-0.017596033687348991 -0.02424217542187148 -0.0075958676586958948 0.016352038706836231 -0.010272035912412388 0.021220954845343375 -0.0056708942926111351 0.027987705745831912 -0.0065740266628599433 0.015971775161080847
leaf_weight=4.0992361456155777 3.8793622087687236 3.3103008177131414 3.2597859166562557 4.5964973568916312 3.0988800860941419 3.5662719663232618 3.4336236827075481 4.269232772290704 4.4151452854275703
leaf_count=28 30 22 19 30 19 21 24 32 25
internal_value=-3.0114e-05 -0.00630508 0.00428602 0.00235608 0.00489275 -0.00180756 0.0123864 0.00511598 0.00630136
internal_weight=37.9283 10.4494 6.57009 27.4789 22.8824 12.0807 10.8017 7.36811 7.98142
internal_count=250 71 41 179 149 74 75 51 46
is_linear=0
shrinkage=0.05


Tree=373
num_leaves=12
num_cat=0
split_feature=13 20 26 20 25 1 18 15 15 32 24
split_gain=0.0831037 0.0857181 0.0899793 0.0805225 0.0475859 0.0712368 2.6092e-06 1.6899e-07 5.91808e-08 4.60019e-08 1.27445e-08
threshold=57.067711127759758 -0.047054593386037839 0.039865672502344414 0.054500769792728117 -0.0070915656711404975 -0.027538973449199085 -0.63983421580918287 0.027907058819812858 0.026607180428532901 -0.23276836200620579 -0.0019325138288022734
decision_type=2 2 2 2 2 2 2 2 2 2 2
left_child=1 2 6 4 -3 -6 -1 -8 -2 -10 -11
right_child=8 3 -4 -5 5 -7 7 -9 9 10 -12
leaf_value=-0.033792813845847487 -0.033484125046772638 0.02870459753229232 0.017389087789763426 -0.012572190126936063 0.029085392792070411 -0.0083969306968656836 -0.03350906416588955 -0.033410499043967437 -0.03345454379267019 -0.033413533292753449 -0.033375478349477287
leaf_weight=0.093537549022585154 0.038310395146254561 0.43581244209781267 0.12733296607621014 0.31716156925540417 0.20950016845017649 0.32097635790705703 0.10038800485199306 0.07672071251727175 0.045513790711993352 0.040227144898381084 0.04855803120881319
leaf_count=10 14 9 10 38 9 37 20 35 14 16 38
internal_value=-0.000390232 0.00300144 -0.017272 0.00928792 0.016463 0.0064059 -0.0335792 -0.0334664 -0.0334293 -0.0334137 -0.0333927
internal_weight=1.85404 1.68143 0.397979 1.28345 0.966289 0.530477 0.270646 0.177109 0.172609 0.134299 0.0887852
internal_count=250 168 75 93 55 46 65 55 82 68 54
is_linear=0
shrinkage=0.05


Tree=374
num_leaves=8
num_cat=0
split_feature=30 18 12 13 26 26 25
split_gain=0.213233 0.744874 0.390115 0.678427 0.596438 0.493692 0.377668
threshold=0.012121920221580431 0.50549543900741212 -0.045916096749883138 46.385371607443197 0.034107337487687135 0.014575206597835068 0.0005742204483144554
decision_type=2 2 2 2 2 2 2
left_child=2 6 -1 -4 5 -5 -2
right_child=1 -3 3 4 -6 -7 -8
leaf_value=0.011613070297841227 -0.016154065905434844 0.026710145132404051 -0.022903028588721546 -0.0025478677665393464 -0.018064782002743768 0.016745218924229463 0.006814567946256231
leaf_weight=4.2789136692881611 3.0070213750004751 3.0954747572541237 4.2391597330570248 10.164629995822908 3.9566269665956488 4.921182043850421 4.4208898562937975
leaf_count=30 20 21 32 64 25 28 30
internal_value=4.89886e-05 0.00610368 -0.00226287 -0.00481312 -0.000786006 0.00374578 -0.00248376
internal_weight=38.0839 10.5234 27.5605 23.2816 19.0424 15.0858 7.42791
internal_count=250 71 179 149 117 92 50
is_linear=0
shrinkage=0.05


Tree=375
num_leaves=9
num_cat=0
split_feature=13 3 15 3 2 12 1 26
split_gain=0.218613 0.335125 0.470706 0.869807 0.530479 0.398044 0.666931 0.332766
threshold=39.78815856254743 -0.0049818568432305468 0.025877277642526439 0.033358756821758713 0.053516475726069108 -0.02511249447760816 -0.011980311302192346 0.027699433520321119
decision_type=2 2 2 2 2 2 2 2
left_child=7 5 -3 -4 -5 6 -2 -1
right_child=1 2 3 4 -6 -7 -8 -9
leaf_value=-0.020490315190246286 0.013396290872565733 0.013452967896037091 -0.030747601175814494 -0.012142357610749936 0.0076666147416106743 0.02102045221198591 -0.017794572805527414 0.0039778099153843297
leaf_weight=2.9985854513943186 4.4820433780550957 3.8890261985361603 2.9019063487648991 5.8240714706480494 8.0528839752078039 4.0598895587027091 2.7748660817742348 2.5895889941602945
leaf_count=28 28 24 18 41 42 30 19 20
internal_value=-2.72129e-05 0.00156696 -0.00222022 -0.00585297 -0.000647087 0.00848349 0.00146966 -0.00915166
internal_weight=37.5729 31.9847 20.6679 16.7789 13.877 11.3168 7.25691 5.58817
internal_count=250 202 125 101 83 77 47 48
is_linear=0
shrinkage=0.05


Tree=376
num_leaves=11
num_cat=0
split_feature=29 26 11 1 30 32 22 11 22 33
split_gain=0.0806834 0.079196 0.0778828 0.127009 0.100496 0.102922 0.044232 1.0406e-05 4.31417e-07 4.41979e-08
threshold=0.0053127443568387065 -0.019858456272093424 64.792499809265152 -0.059502871347810619 0.0041410092022451392 -0.23276836200620579 -0.0022232471265162253 65.017600021362313 0.0071281247551754365 0.57000000000000017
decision_type=2 2 2 2 2 2 2 2 2 2
left_child=1 -1 4 -4 5 -3 -6 -5 9 -2
right_child=8 2 3 7 6 -7 -8 -9 -10 -11
leaf_value=-0.033650045362422533 -0.033444122688616094 0.026591425004221028 0.029942061066505099 -0.034162893407660926 0.0074465845754500132 -0.033558515397283856 0.030919448020483999 -0.033502211175383309 -0.03358062381266335 -0.033376783169859758
leaf_weight=0.13585524380323466 0.060035046859411634 0.11139833313063685 0.11365760327316821 0.097244999080430605 0.33314450504258275 0.19668118254048761 0.50482215872034431 0.15395406697643921 0.06670982256764546 0.041013440757524222
leaf_count=31 23 5 4 5 31 48 17 41 15 30
internal_value=-0.000448447 0.00291674 0.0062047 -0.0139146 0.0126099 -0.0118089 0.0215875 -0.033758 -0.0334819 -0.0334168
internal_weight=1.81452 1.64676 1.5109 0.364857 1.14605 0.30808 0.837967 0.251199 0.167758 0.101048
internal_count=250 182 151 50 101 53 48 46 68 53
is_linear=0
shrinkage=0.05


Tree=377
num_leaves=7
num_cat=0
split_feature=4 1 11 19 22 22
split_gain=0.200529 0.360683 0.349798 0.340411 0.535648 0.465573
threshold=0.047338373287008399 0.050930571657357489 59.434099960327153 -0.034260511791974528 -0.00075626678585982699 -0.0072057954734514587
decision_type=2 2 2 2 2 2
left_child=1 2 -1 4 -4 -5
right_child=-2 -3 3 5 -6 -7
leaf_value=0.014085184048288844 0.011669517769146737 -0.012596021937678942 0.0031840644066802822 -0.012748537405145415 -0.02617698783759656 0.0066012837722796329
leaf_weight=4.4423092082142857 3.3796963766217223 5.6878961361944667 3.1560699008405209 3.9957387559115949 3.0589444637298611 14.002659058198327
leaf_count=31 22 33 22 28 22 92
internal_value=4.8675e-05 -0.00109491 0.00118795 -0.00117824 -0.011267 0.00230552
internal_weight=37.7233 34.3436 28.6557 24.2134 6.21501 17.9984
internal_count=250 228 195 164 44 120
is_linear=0
shrinkage=0.05


Tree=378
num_leaves=10
num_cat=0
split_feature=13 23 26 22 17 11 15 26 19
split_gain=0.206692 0.321409 0.399381 0.623282 0.684143 0.582448 0.74738 0.423341 0.315374
threshold=39.78815856254743 -0.012261584076212249 0.008259156823366311 -0.0026725611452455551 0.0053140886031543128 64.120700035095226 0.036058900600807929 0.02611721104091325 -0.0020142956723152024
decision_type=2 2 2 2 2 2 2 2 2
left_child=8 -2 5 4 -4 6 -3 -5 -1
right_child=1 2 3 7 -6 -7 -8 -9 -10
leaf_value=0.0028117338656733488 -0.012431500716877594 0.013766080145885463 -0.0080788422510666875 -0.025722042650779983 0.022289817918326706 0.023914153708375414 -0.017487410679279333 -0.0021683658003498417 -0.021051364286861354
leaf_weight=2.8116094786673784 3.6493733562529114 4.9743416085839289 3.4485626630485076 3.2561481371521914 4.0121588855981827 4.6791429556906214 3.108055479824543 4.6066653802990913 2.7279029265046111
leaf_count=25 23 31 24 22 22 31 19 30 23
internal_value=-2.78613e-05 0.00152774 0.00334161 -0.00209963 0.00825254 0.00987523 0.00174767 -0.0119224 -0.00893952
internal_weight=37.274 31.7344 28.0851 15.3235 7.46072 12.7615 8.0824 7.86281 5.53951
internal_count=250 202 179 98 46 81 50 52 48
is_linear=0
shrinkage=0.05


Tree=379
num_leaves=13
num_cat=0
split_feature=4 9 11 8 1 23 7 16 20 25 2 24
split_gain=0.0786548 0.0711007 0.109214 0.126049 0.0887835 0.0440638 8.75306e-06 1.47266e-06 3.64925e-07 2.21122e-07 4.99177e-08 1.06766e-08
threshold=0.024108197542607037 61.246000194549566 64.792499809265152 -0.039929819727766776 0.050930571657357489 0.0061788359802942292 63.290999412536628 0.018317698241243869 -0.20631851553767924 -0.0075082184389771425 0.029914187926185391 -0.0026151902425762814
decision_type=2 2 2 2 2 2 2 2 2 2 2 2
left_child=1 4 5 -4 7 -3 -5 -1 -2 -9 -10 -12
right_child=8 2 3 6 -6 -7 -8 9 10 -11 11 -13
leaf_value=-0.033743510385367936 -0.03358660012864869 0.0076175497735428716 0.030494465552966157 -0.03412350165825092 0.019390467698648297 0.030051603377524536 -0.033510743974243133 -0.033542265432044388 -0.033446485728689357 -0.033423488174088314 -0.033406229530122108 -0.033360577502935536
leaf_weight=0.060259606107137986 0.044080649560783058 0.46615183283574857 0.10921102738939203 0.090456455072853936 0.11677999544190243 0.41262887069024146 0.1638434348278679 0.05601417925208807 0.067868554397137015 0.13040858271415345 0.023422140249749646 0.028259065875317901
leaf_count=10 9 34 4 9 7 9 40 11 23 53 13 28
internal_value=-0.000439674 0.00292555 0.00861651 -0.0144339 -0.0165258 0.0181514 -0.0337287 -0.0335286 -0.0334636 -0.0334592 -0.0334183 -0.0333813
internal_weight=1.76938 1.60575 1.24229 0.363511 0.363462 0.878781 0.2543 0.246682 0.16363 0.186423 0.11955 0.0516812
internal_count=250 177 96 53 81 43 49 74 73 64 64 41
is_linear=0
shrinkage=0.05


Tree=380
num_leaves=10
num_cat=0
split_feature=16 12 6 20 22 0 23 18 5
split_gain=0.201216 0.759026 0.410817 0.785736 0.593052 0.578482 0.453656 0.368969 0.481924
threshold=0.019693446076133037 -0.019811331895996157 0.7854778147170719 -0.022088928274260785 0.0033177758749288748 0.0012001147166267325 -0.0031390389992162477 -0.36732556852340664 0.020693402000645227
decision_type=2 2 2 2 2 2 2 2 2
left_child=1 -1 -2 7 6 -6 -5 -4 -9
right_child=2 -3 3 4 5 -7 -8 8 -10
leaf_value=0.0089202567022428035 -0.012008039810496919 -0.025011379155650566 0.026315178742172648 0.000256182585945838 -0.0085824426707301425 0.018777016995269742 -0.02564169959103596 0.018442879927065198 -0.0068815293604555256
leaf_weight=3.3287713266909122 4.6174435243010548 3.2643150426447383 3.9414856005460024 3.019146591424942 3.6424533650279045 4.1144043952226639 3.8438773825764621 4.3418395873159206 3.3114003427326679
leaf_count=26 31 22 24 20 24 25 25 30 23
internal_value=4.85356e-05 -0.0078797 0.0017439 0.00416617 -0.00354278 0.0059296 -0.0142488 0.0138864 0.00748553
internal_weight=37.4251 6.59309 30.8321 26.2146 14.6199 7.75686 6.86302 11.5947 7.65324
internal_count=250 48 202 171 94 49 45 77 53
is_linear=0
shrinkage=0.05


Tree=381
num_leaves=6
num_cat=0
split_feature=1 1 8 2 2
split_gain=0.488133 0.994798 0.470133 0.448634 0.479987
threshold=0.10810045619594301 0.050930571657357489 0.02642280019819802 0.046406223499879114 0.023384645033885713
decision_type=2 2 2 2 2
left_child=1 2 3 4 -1
right_child=-2 -3 -4 -5 -6
leaf_value=0.0010648818390322666 -0.019702667355267007 0.023484841141197501 -0.019451796088389664 0.019220172070295426 -0.020073195853354195
leaf_weight=20.16231993213297 2.9043905511498442 4.5232503414154044 3.310530148446559 2.8644166253507128 3.0982638224959365
leaf_count=145 15 27 22 18 23
internal_value=-2.87325e-05 0.00165392 -0.00170076 0.000548632 -0.00175067
internal_weight=36.8632 33.9588 29.4355 26.125 23.2606
internal_count=250 235 208 186 168
is_linear=0
shrinkage=0.05


Tree=382
num_leaves=10
num_cat=0
split_feature=29 26 21 7 24 22 22 20 33
split_gain=0.0771707 0.075422 0.073951 0.115792 0.0562845 0.0882014 4.32414e-07 4.18338e-07 3.72186e-08
threshold=0.0053127443568387065 -0.019858456272093424 0.00025591324514329111 57.805499839782719 -0.020930970499596854 0.00085918318370781243 0.0071281247551754365 0.088356501377166899 0.57000000000000017
decision_type=2 2 2 2 2 2 2 2 2
left_child=1 -1 3 -3 -4 -6 8 -5 -2
right_child=6 2 4 7 5 -7 -8 -9 -10
leaf_value=-0.033645422755082276 -0.033438331608845601 0.033386394544327673 0.029550299735205721 -0.033423634855268301 -0.015936915551984478 0.018370476688124356 -0.033579969827498023 -0.0335801597125217 -0.033374656785633443
leaf_weight=0.12911197458743107 0.056613534499774798 0.089762223884463199 0.33289480907842517 0.17645414095022716 0.30652324174297951 0.48184024044894613 0.064791697077453136 0.056309925683308393 0.038593359335209243
leaf_count=31 23 2 8 65 27 32 15 17 30
internal_value=-0.000397537 0.00296772 0.00624189 -0.0148571 0.0123109 0.00503144 -0.0334803 -0.0334615 -0.0334125
internal_weight=1.7329 1.5729 1.44378 0.322526 1.12126 0.788363 0.159999 0.232764 0.0952069
internal_count=250 182 151 84 67 59 68 82 53
is_linear=0
shrinkage=0.05


Tree=383
num_leaves=6
num_cat=0
split_feature=4 1 11 1 13
split_gain=0.193983 0.336589 0.334922 0.322845 0.460299
threshold=0.047338373287008399 0.050930571657357489 59.434099960327153 -0.033448733870370333 41.757060359030639
decision_type=2 2 2 2 2
left_child=1 2 -1 -4 -5
right_child=-2 -3 3 4 -6
leaf_value=0.013884588508006083 0.011606693958465388 -0.012275614943647676 -0.013381622694691285 0.016640718564736548 -0.0023630542914140312
leaf_weight=4.3587871398776796 3.305237188935279 5.6036179549992076 4.4217106290161636 4.0246762000024345 15.298323877155779
leaf_count=31 22 33 28 36 100
internal_value=4.7229e-05 -0.00108626 0.00114481 -0.00119382 0.00159513
internal_weight=37.0124 33.7071 28.1035 23.7447 19.323
internal_count=250 228 195 164 136
is_linear=0
shrinkage=0.05


Tree=384
num_leaves=10
num_cat=0
split_feature=30 30 7 33 11 25 15 6 3
split_gain=0.206945 0.717855 0.351639 0.321657 0.44105 0.579574 0.457048 0.388554 0.300765
threshold=0.012121920221580431 0.019717058138473468 62.602500152587901 0.9850000000000001 62.789599914550784 -0.0020926799625824439 0.025230010266085113 0.77695111897784996 0.023979757500175784
decision_type=2 2 2 2 2 2 2 2 2
left_child=3 -2 -3 4 5 -1 -6 -8 -7
right_child=1 2 -4 -5 6 8 7 -9 -10
leaf_value=-0.017437613065382974 -0.023663453711985104 -0.0076581638164917839 0.01589547945178443 -0.010013046756333875 -0.0056640671660319174 -0.0033654958609882647 0.003247972381151586 0.026581459547342624 0.016374365415335126
leaf_weight=3.9786177314817905 3.6959391478449088 3.1845303233712912 3.1540314964950085 4.4370700754225245 2.6690543647855502 4.047138869762426 2.7643033154308796 5.0318337939679623 3.6881250515580177
leaf_count=28 30 22 19 30 20 26 19 36 20
internal_value=-3.09256e-05 -0.00614993 0.00406199 0.00227599 0.00473449 -0.00192998 0.0121942 0.018308 0.00604635
internal_weight=36.6506 10.0345 6.33856 26.6161 22.1791 11.7139 10.4652 7.79614 7.73526
internal_count=250 71 41 179 149 74 75 55 46
is_linear=0
shrinkage=0.05


Tree=385
num_leaves=11
num_cat=0
split_feature=29 26 11 1 30 32 22 11 22 33
split_gain=0.0745577 0.0725537 0.072058 0.112903 0.0940409 0.0999144 0.0404803 7.73751e-06 3.77674e-07 3.3907e-08
threshold=0.0053127443568387065 -0.019858456272093424 64.792499809265152 -0.059502871347810619 0.0041410092022451392 -0.2556041009366265 -0.0022232471265162253 65.017600021362313 0.0071281247551754365 0.57000000000000017
decision_type=2 2 2 2 2 2 2 2 2 2
left_child=1 -1 4 -4 5 -3 -6 -5 9 -2
right_child=8 2 3 7 6 -7 -8 -9 -10 -11
leaf_value=-0.033634958620121357 -0.03343495333830681 0.028001056328722202 0.029072211815177551 -0.034085423989260677 0.0075739115190820265 -0.033546597872966676 0.030563496602902803 -0.033489487270929812 -0.033569432930224637 -0.03337303096106238
leaf_weight=0.12435226241359476 0.054835018221638276 0.10155563766602393 0.10404101922176778 0.088932899758219608 0.32041519985068589 0.18801857106154796 0.47584008739795536 0.14054838352603838 0.062340406497241929 0.037040448092739098
leaf_count=31 23 4 4 5 31 49 17 41 15 30
internal_value=-0.000325083 0.00298653 0.00619502 -0.0141325 0.0124388 -0.0119614 0.0213124 -0.0337204 -0.0334744 -0.03341
internal_weight=1.69792 1.5437 1.41935 0.333522 1.08583 0.289574 0.796255 0.229481 0.154216 0.0918755
internal_count=250 182 151 50 101 53 48 46 68 53
is_linear=0
shrinkage=0.05


Tree=386
num_leaves=8
num_cat=0
split_feature=30 18 25 12 13 26 26
split_gain=0.192936 0.702529 0.357339 0.339863 0.648891 0.556927 0.450672
threshold=0.012121920221580431 0.50549543900741212 0.0005742204483144554 -0.045916096749883138 46.385371607443197 0.034107337487687135 0.014575206597835068
decision_type=2 2 2 2 2 2 2
left_child=3 2 -2 -1 -5 6 -6
right_child=1 -3 -4 4 5 -7 -8
leaf_value=0.010956920132065487 -0.016136175967099386 0.026354646833014535 0.0066599422123310263 -0.022621383564617969 -0.0023121513617568004 -0.017700092900532784 0.016366178187358905
leaf_weight=4.155906559899452 2.8908796980977041 2.9719424992799759 4.2410927284508944 4.0903510563075569 9.8588139712810534 3.788021069020032 4.8025922141969195
leaf_count=30 20 21 30 32 64 25 28
internal_value=4.57995e-05 0.00593059 -0.00258026 -0.00218151 -0.00460398 -0.000609413 0.00380625
internal_weight=36.7996 10.1039 7.13197 26.6957 22.5398 18.4494 14.6614
internal_count=250 71 50 179 149 117 92
is_linear=0
shrinkage=0.05


Tree=387
num_leaves=9
num_cat=0
split_feature=0 11 21 7 25 9 25 14
split_gain=0.198134 0.256711 0.684334 0.613362 0.560332 0.90375 0.45887 0.376483
threshold=-0.01715404086135058 62.789599914550784 0.0012642804154334721 60.090000152587898 0.0005742204483144554 63.388749694824227 -0.0075082184389771425 0.46753529648750597
decision_type=2 2 2 2 2 2 2 2
left_child=-1 2 3 -2 6 -6 -3 -7
right_child=1 4 -4 -5 5 7 -8 -9
leaf_value=-0.010003296821133966 0.016830340849944316 0.0037736282883812388 -0.019332891564067083 -0.0084527678304361416 0.020415786924591978 -0.026306732484282863 0.027854664101440264 -0.002503556084125363
leaf_weight=4.3783801533281794 4.7247361820191163 4.1570980325341225 4.6760058887302867 4.8727959841489792 2.9528881721198541 2.9116448909044266 3.7743391878902939 3.8679483346641064
leaf_count=39 33 27 29 29 19 25 27 22
internal_value=-2.87011e-05 0.00133874 -0.00364804 0.00399377 0.00536836 -0.00267085 0.0152331 -0.0127264
internal_weight=36.3158 31.9375 14.2735 9.59753 17.6639 9.73248 7.93144 6.77959
internal_count=250 211 91 62 120 66 54 47
is_linear=0
shrinkage=0.05


Tree=388
num_leaves=10
num_cat=0
split_feature=30 30 24 30 29 18 16 13 17
split_gain=0.0729557 0.0735709 0.137587 0.0751041 0.153154 4.00271e-06 1.86929e-06 9.16618e-07 2.17674e-07
threshold=0.017605931196604366 0.0041410092022451392 -0.020930970499596854 0.0057274413771092334 0.0033149998586834433 -0.14024030721625386 0.019984316803336791 34.037761140776027 0.022297287067299335
decision_type=2 2 2 2 2 2 2 2 2
left_child=1 2 -1 -3 5 -5 -2 -4 -9
right_child=6 3 7 4 -6 -7 -8 8 -10
leaf_value=0.016363986878338357 -0.033753407771182214 0.032884563323815355 -0.033696526529477112 -0.033924513498531844 0.018421579430261747 -0.033476737573965694 -0.033401333438664291 -0.03344430415110819 -0.03354909692449929
leaf_weight=0.24805394833674643 0.074531177640892676 0.28481429508246947 0.054936430940870085 0.085589569585863501 0.4515718090115115 0.1197165478952229 0.076291386125376448 0.19054662177222781 0.066971707827178761
leaf_count=15 8 12 8 14 28 30 39 79 17
internal_value=-0.000424746 0.00290361 -0.0114388 0.0114404 0.0021425 -0.0336634 -0.0335753 -0.0335111 -0.0334716
internal_weight=1.65302 1.5022 0.560509 0.941692 0.656878 0.205306 0.150823 0.312455 0.257518
internal_count=250 203 119 84 72 44 47 104 96
is_linear=0
shrinkage=0.05


Tree=389
num_leaves=10
num_cat=0
split_feature=0 14 11 25 23 6 33 21 21
split_gain=0.187379 0.306182 0.272429 0.492845 0.488704 0.430889 0.547519 0.487454 0.395611
threshold=-0.01715404086135058 0.10649494720239873 64.120700035095226 0.0005742204483144554 0.0049116788830946287 1.0433216105525929 0.72500000000000009 0.00090909552572626684 -0.0024741167200255649
decision_type=2 2 2 2 2 2 2 2 2
left_child=-1 -2 5 4 -4 7 -7 -3 -5
right_child=1 2 3 8 -6 6 -8 -9 -10
leaf_value=0.0096062279882363991 -0.01783812879314222 0.0014404985523248637 -0.031595696729566247 -0.0095779980298113382 -0.0022386636696806145 -0.020248148602660457 0.0064360021786092105 0.024548320744368274 0.015275710007242342
leaf_weight=4.4952377565205088 2.5722708739340332 5.2364734709262901 2.7266050428152067 2.9596582613885403 2.9529180712997913 3.2223047800362101 4.7650956958532333 4.0452467240393162 3.4881655685603619
leaf_count=39 16 36 18 19 22 23 28 26 23
internal_value=4.78394e-05 -0.0012962 0.000151264 -0.00559256 -0.0163323 0.0041849 -0.00432901 0.0115116 0.00386745
internal_weight=36.464 31.9687 29.3965 12.1273 5.67952 17.2691 7.9874 9.28172 6.44782
internal_count=250 211 195 82 40 113 51 62 42
is_linear=0
shrinkage=0.05


Tree=390
num_leaves=9
num_cat=0
split_feature=13 3 15 3 2 16 12 19
split_gain=0.208798 0.312841 0.418921 0.806561 0.456547 0.384951 0.523146 0.298571
threshold=39.78815856254743 -0.0049818568432305468 0.025877277642526439 0.033358756821758713 0.053516475726069108 0.033351993129051467 -0.02511249447760816 -0.0020142956723152024
decision_type=2 2 2 2 2 2 2 2
left_child=7 5 -3 -4 -5 6 -2 -1
right_child=1 2 3 4 -6 -7 -8 -9
leaf_value=0.0025154031604715825 -0.0062048441209644617 0.012965223782456249 -0.030116977569891647 -0.011445240877747559 0.0073212639794935381 0.025722207828712058 0.019820278668958843 -0.021115636891348467
leaf_weight=2.7090182155370712 5.3065476678311816 3.7148315124213722 2.7878448180854347 5.5775501243770105 7.7356750071048737 2.4743083380162707 3.0355840660631683 2.6385619528591624
leaf_count=25 36 24 18 41 42 18 23 23
internal_value=-2.82233e-05 0.00156322 -0.00216994 -0.00566192 -0.000540927 0.00840244 0.00326533 -0.00914444
internal_weight=35.9799 30.6323 19.8159 16.1011 13.3132 10.8164 8.34213 5.34758
internal_count=250 202 125 101 83 77 59 48
is_linear=0
shrinkage=0.05


Tree=391
num_leaves=11
num_cat=0
split_feature=29 26 11 1 30 32 22 11 22 33
split_gain=0.0705208 0.067764 0.0673562 0.111712 0.0857254 0.0933407 0.0379984 6.43867e-06 3.3732e-07 2.86946e-08
threshold=0.0053127443568387065 -0.019858456272093424 64.792499809265152 -0.068588206371994961 0.0041410092022451392 -0.2556041009366265 -0.0022232471265162253 65.017600021362313 0.0071281247551754365 0.57000000000000017
decision_type=2 2 2 2 2 2 2 2 2 2
left_child=1 -1 4 -4 5 -3 -6 -5 9 -2
right_child=8 2 3 7 6 -7 -8 -9 -10 -11
leaf_value=-0.033623369036687424 -0.033429442085823879 0.027376354185022263 0.03127514461638891 -0.034034807145352446 0.0074172745000032972 -0.033532386183051086 0.030181521877952158 -0.033478139615135342 -0.033560429189021322 -0.033370790969262036
leaf_weight=0.11663930458598759 0.051914100229623839 0.097983912419294605 0.094632354564964771 0.084064563590800279 0.30915096442913637 0.17567115792189736 0.45036586793139577 0.13595320540480316 0.059529792255489156 0.034855389822041616
leaf_count=31 23 4 3 5 31 49 17 42 15 30
internal_value=-0.000368553 0.00293815 0.00610215 -0.014152 0.0122705 -0.0117236 0.0209156 -0.0336908 -0.0334688 -0.0334059
internal_weight=1.61076 1.46446 1.34782 0.31465 1.03317 0.273655 0.759517 0.220018 0.146299 0.0867695
internal_count=250 182 151 50 101 53 48 47 68 53
is_linear=0
shrinkage=0.05


Tree=392
num_leaves=7
num_cat=0
split_feature=4 1 11 29 30 9
split_gain=0.185554 0.304239 0.298035 0.308365 0.575607 0.41052
threshold=0.047338373287008399 0.050930571657357489 59.434099960327153 -0.0027888480469836492 0.012121920221580431 62.146999835968025
decision_type=2 2 2 2 2 2
left_child=1 2 -1 5 -5 -4
right_child=-2 -3 3 4 -6 -7
leaf_value=0.013230795637788312 0.011490539736828382 -0.011874329204402836 -0.0064844532819048426 -0.012218026178301859 0.006819374541410953 0.018865588438480928
leaf_weight=4.2534393705427673 3.224730283021926 5.444774091243743 2.7862893529236343 10.153462747111918 6.520373295992612 3.741725604981184
leaf_count=31 22 33 19 72 47 26
internal_value=4.45435e-05 -0.00107735 0.00106385 -0.00116664 -0.00477337 0.00804568
internal_weight=36.1248 32.9001 27.4553 23.2019 16.6738 6.52801
internal_count=250 228 195 164 119 45
is_linear=0
shrinkage=0.05


Tree=393
num_leaves=6
num_cat=0
split_feature=1 1 8 2 2
split_gain=0.470668 0.88046 0.416299 0.432162 0.410866
threshold=0.10810045619594301 0.050930571657357489 0.02642280019819802 0.046406223499879114 0.023384645033885713
decision_type=2 2 2 2 2
left_child=1 2 3 4 -1
right_child=-2 -3 -4 -5 -6
leaf_value=0.00096326172917472232 -0.01952189096451229 0.022645249508245532 -0.018522533473203946 0.019243929211705205 -0.018940153920901436
leaf_weight=19.553739903494726 2.8502987474203101 4.3379957862198344 3.2010065503418437 2.7722782604396334 2.9892839938402167
leaf_count=145 15 27 22 18 23
internal_value=-3.16928e-05 0.00165919 -0.00153328 0.00061494 -0.001676
internal_weight=35.7046 32.8543 28.5163 25.3153 22.543
internal_count=250 235 208 186 168
is_linear=0
shrinkage=0.05


Tree=394
num_leaves=10
num_cat=0
split_feature=30 30 24 9 18 25 16 13 23
split_gain=0.0695729 0.0682012 0.127123 0.0878481 0.0432329 0.0344716 1.59399e-06 5.85081e-07 1.66088e-07
threshold=0.017605931196604366 0.0041410092022451392 -0.020930970499596854 63.559999656677256 -0.18758523862403501 -0.028182024863264762 0.019984316803336791 34.880099510421665 0.0065918573927026278
decision_type=2 2 2 2 2 2 2 2 2
left_child=1 2 -1 4 -3 -6 -2 -4 -9
right_child=6 3 7 -5 5 -7 -8 8 -10
leaf_value=0.015802431028714651 -0.033732790517860815 0.03308453073439431 -0.033635107808795285 -0.01545361114007085 0.029978504646338406 -0.0036583309345368078 -0.033398399497764783 -0.03342829263687886 -0.033516587512490974
leaf_weight=0.23854422534350295 0.070415128895547352 0.33804498118115589 0.061289356206543633 0.22796283345087431 0.11558933276683092 0.22333367222745437 0.072159523697337136 0.14333653511130251 0.08475293722585775
leaf_count=15 8 10 10 29 2 43 39 69 25
internal_value=-0.00025387 0.00306058 -0.0112214 0.0113924 0.0204326 0.00781348 -0.0335635 -0.033498 -0.0334611
internal_weight=1.57543 1.43285 0.527923 0.904931 0.676968 0.338923 0.142575 0.289379 0.228089
internal_count=250 203 119 84 55 45 47 104 94
is_linear=0
shrinkage=0.05


Tree=395
num_leaves=7
num_cat=0
split_feature=16 12 16 1 8 16
split_gain=0.186171 0.721826 0.376602 0.476824 0.67593 0.581607
threshold=0.019693446076133037 -0.019811331895996157 0.023410521951111509 -0.02509669066389297 -0.0012252348849246266 0.030318589710012854
decision_type=2 2 2 2 2 2
left_child=1 -1 -2 -4 -5 -6
right_child=2 -3 3 4 5 -7
leaf_value=0.0089236184329801425 0.014745031584238916 -0.024927229955655415 0.011720883325835882 -0.021306365507400213 -0.016167677207649302 0.006692356940627849
leaf_weight=3.1952335759997368 4.6640115994960096 3.1053669787943354 5.8693569190800217 4.5849016886204543 3.7639413699507669 10.669397503137587
leaf_count=26 33 22 39 37 26 67
internal_value=4.27179e-05 -0.0077604 0.00170639 -0.000737087 -0.00458183 0.000730893
internal_weight=35.8522 6.3006 29.5516 24.8876 19.0182 14.4333
internal_count=250 48 202 169 130 93
is_linear=0
shrinkage=0.05


Tree=396
num_leaves=6
num_cat=0
split_feature=1 1 8 0 29
split_gain=0.433946 0.839724 0.393414 0.419403 0.598549
threshold=0.10810045619594301 0.050930571657357489 0.02642280019819802 0.012944509153066221 -0.0027888480469836492
decision_type=2 2 2 2 2
left_child=1 2 3 4 -1
right_child=-2 -3 -4 -5 -6
leaf_value=-0.018024406209930063 -0.018841365874136928 0.022194893991300167 -0.018108369560868004 0.013958527528189614 0.0021910769038199951
leaf_weight=4.7825638893991771 2.8220154643058768 4.2959654964506617 3.1765325367450705 4.7432806901633731 15.622168008238079
leaf_count=35 15 27 22 36 115
internal_value=-3.12687e-05 0.001596 -0.00152822 0.000566077 -0.00254713
internal_weight=35.4425 32.6205 28.3245 25.148 20.4047
internal_count=250 235 208 186 150
is_linear=0
shrinkage=0.05


Tree=397
num_leaves=9
num_cat=0
split_feature=13 14 20 20 26 8 24 33
split_gain=0.067552 0.0725691 0.0890285 0.0859218 0.0734166 0.0515858 2.74565e-08 1.45565e-08
threshold=57.067711127759758 0.87120264910897049 0.054500769792728117 -0.047054593386037839 0.039865672502344414 -0.014025488560758586 0.00047758897183736165 0.66500000000000015
decision_type=2 2 2 2 2 2 2 2
left_child=1 2 3 4 -1 -5 -2 -8
right_child=6 -3 -4 5 -6 -7 7 -9
leaf_value=-0.033543219780796156 -0.033428443130685909 0.031901646495693707 -0.033639381791985452 0.026647741854571024 0.017516366700375322 -0.00034776804362927015 -0.033411657730569727 -0.033360482603418652
leaf_weight=0.21895886036509149 0.083264608925674222 0.18884888454340387 0.18219895873335179 0.37726363597903401 0.10376411461038515 0.33331371721578773 0.02501573832705617 0.031259444134775549
leaf_count=64 35 4 37 21 10 32 11 36
internal_value=-0.000230736 0.00306607 -0.00141404 0.00426816 -0.0171262 0.0139848 -0.0334102 -0.0333832
internal_weight=1.54389 1.40435 1.2155 1.0333 0.322723 0.710577 0.13954 0.0562752
internal_count=250 168 164 127 74 53 82 47
is_linear=0
shrinkage=0.05


Tree=398
num_leaves=9
num_cat=0
split_feature=13 19 21 13 31 6 25 34
split_gain=0.1763 0.489721 0.359521 0.667406 0.863706 0.627876 0.516326 0.419746
threshold=40.842370646634869 -0.0020142956723152024 -0.00061647896028110816 48.159068861124233 0.26799529653780385 1.0918570143777555 -0.0025020179624143375 -0.16634485464957244
decision_type=2 2 2 2 2 2 2 2
left_child=1 -1 5 -4 6 7 -5 -2
right_child=2 -3 3 4 -6 -7 -8 -9
leaf_value=-0.0057484270538877219 -0.016287947639542145 0.022493442583634886 -0.025635854893591464 0.021244105411708632 -0.017440602772734792 0.017531537957654667 -0.0040331142383566165 0.0077624093263644767
leaf_weight=3.2141803968697786 3.8236978724598885 2.9381098784506312 3.5497366860508945 4.1461126878857621 5.0421442240476599 5.4807438515126705 3.9401444979011986 3.4520515799522418
leaf_count=28 26 26 27 27 34 36 25 21
internal_value=4.1152e-05 0.00773886 -0.00156779 -0.00640054 -0.00119958 0.00475067 0.00892742 -0.00487702
internal_weight=35.5869 6.15229 29.4346 16.6781 13.1284 12.7565 8.08626 7.27575
internal_count=250 54 196 113 86 83 52 47
is_linear=0
shrinkage=0.05


Tree=399
num_leaves=7
num_cat=0
split_feature=1 1 16 1 10 7
split_gain=0.412242 1.00581 0.309578 0.414898 0.760618 0.625307
threshold=0.10810045619594301 0.074776923435601064 0.041908694801459999 -0.0166753827351892 -0.023177898889857673 63.71000003814698
decision_type=2 2 2 2 2 2
left_child=1 2 3 4 -1 -5
right_child=-2 -3 -4 5 -6 -7
leaf_value=0.0045339477094403589 -0.018467594569950074 0.030937490825023579 -0.013561965990052167 -0.00039336887692003464 -0.026818322525840668 0.021004020509193203
leaf_weight=4.6734941527247429 2.7914041951298705 2.6726742684841147 4.259340362623333 12.777686081826692 3.3008013330400017 4.659452360123395
leaf_count=32 15 15 37 94 22 35
internal_value=-3.19171e-05 0.00155918 -0.00108715 0.00100381 -0.0084437 0.00532432
internal_weight=35.1349 32.3434 29.6708 25.4114 7.9743 17.4371
internal_count=250 235 220 183 54 129
is_linear=0
shrinkage=0.05


Tree=400
num_leaves=9
num_cat=0
split_feature=29 26 25 23 25 19 22 33
split_gain=0.0659645 0.0623372 0.0628771 0.100944 0.0652245 1.22681e-06 2.75444e-07 2.26336e-08
threshold=0.0053127443568387065 -0.019858456272093424 -0.01211456262799415 -0.00099286337003323655 0.0055682211413676805 -0.031546553031348283 0.0071281247551754365 0.57000000000000017
decision_type=2 2 2 2 2 2 2 2
left_child=1 -1 -3 5 -5 -4 7 -2
right_child=6 2 3 4 -6 -7 -8 -9
leaf_value=-0.033603515704769202 -0.033423118356607905 0.025729149020403998 -0.033715729327949286 -0.0074411494028695738 0.021616349804047381 -0.033426995341543662 -0.033546545607141681 -0.033368931268077461
leaf_weight=0.10667563823517401 0.048188172208028957 0.31091137172188588 0.050940875167725608 0.36938137334072985 0.40472521894844249 0.13243021635571472 0.055186557467095554 0.032113303852383979
leaf_count=31 23 13 6 45 30 57 15 30
internal_value=-0.000174035 0.00310576 0.00619312 -0.000150597 0.00775095 -0.0335072 -0.0334605 -0.0334014
internal_weight=1.51055 1.37506 1.26839 0.957478 0.774107 0.183371 0.135488 0.0803015
internal_count=250 182 151 138 75 63 68 53
is_linear=0
shrinkage=0.05


Tree=401
num_leaves=8
num_cat=0
split_feature=30 18 12 13 26 19 25
split_gain=0.187238 0.639806 0.319543 0.574192 0.524341 0.418758 0.313757
threshold=0.012121920221580431 0.50549543900741212 -0.045916096749883138 46.385371607443197 0.034107337487687135 -0.011298954547856009 0.0005742204483144554
decision_type=2 2 2 2 2 2 2
left_child=2 6 -1 -4 5 -5 -2
right_child=1 -3 3 4 -6 -7 -8
leaf_value=0.010841520202447521 -0.015319589747457446 0.025904904010191715 -0.022000749402866386 0.014335052149051127 -0.017739889440434576 -0.0033135481432215938 0.0065182008176916471
leaf_weight=3.969480779021981 2.7656608968973142 2.841364998370409 3.885616026818755 5.5122009031474635 3.6264954060316077 8.6128800436854327 4.0585099253803492
leaf_count=30 20 21 32 37 25 55 30
internal_value=3.92459e-05 0.0059687 -0.0021989 -0.00459124 -0.000780502 0.00357368 -0.00233209
internal_weight=35.2722 9.66554 25.6067 21.6372 17.7516 14.1251 6.82417
internal_count=250 71 179 149 117 92 50
is_linear=0
shrinkage=0.05


Tree=402
num_leaves=6
num_cat=0
split_feature=1 1 8 2 2
split_gain=0.383016 0.749274 0.354398 0.421977 0.388484
threshold=0.10810045619594301 0.050930571657357489 0.02642280019819802 0.046406223499879114 0.023384645033885713
decision_type=2 2 2 2 2
left_child=1 2 3 4 -1
right_child=-2 -3 -4 -5 -6
leaf_value=0.00085282388588567954 -0.017859443608752634 0.021248440844879948 -0.01730308390827107 0.019123085722549258 -0.018749354401353755
leaf_weight=19.11176696792246 2.7723181471228591 4.1817031763494006 3.1289968825876704 2.7234612293541423 2.9128054566681376
leaf_count=145 15 27 22 18 23
internal_value=-2.96273e-05 0.00151223 -0.00144831 0.000556276 -0.00173961
internal_weight=34.8311 32.0587 27.877 24.748 22.0246
internal_count=250 235 208 186 168
is_linear=0
shrinkage=0.05


Tree=403
num_leaves=10
num_cat=0
split_feature=13 8 8 23 22 33 13 30 31
split_gain=0.06372 0.0692471 0.12767 0.0570174 0.127687 3.85952e-06 4.67581e-07 2.14786e-08 1.59912e-08
threshold=57.067711127759758 0.022858581872044741 -0.0066703889199838671 0.0077039173898337818 -0.0088869590342973686 0.16500000000000004 44.325072162890514 -0.0041316099889173166 0.18327140212422663
decision_type=2 2 2 2 2 2 2 2 2
left_child=1 2 3 4 -1 -4 -7 -2 -9
right_child=7 -3 5 -5 -6 6 -8 8 -10
leaf_value=0.021484785176310996 -0.033371595255387042 0.020799402261179479 -0.033906468483847499 0.025019246513066157 -0.033537668804904774 -0.033615613497700106 -0.033438920266436578 -0.033393667291378708 -0.033434904337454711
leaf_weight=0.22460974441491988 0.035002982680452988 0.39217971445759758 0.11414877459174011 0.27123318042140454 0.19873278331942856 0.069886799494270235 0.080650014977436513 0.040953867108328379 0.055193838226841763
leaf_count=16 36 23 13 14 56 16 30 22 24
internal_value=-0.000130726 0.00309839 -0.0041384 0.00712191 -0.00434481 -0.0336872 -0.033521 -0.0334051 -0.0334173
internal_weight=1.48259 1.35144 0.959261 0.694576 0.423343 0.264686 0.150537 0.131151 0.0961477
internal_count=250 168 145 86 72 59 46 82 46
is_linear=0
shrinkage=0.05


Tree=404
num_leaves=8
num_cat=0
split_feature=30 18 18 12 13 26 26
split_gain=0.181612 0.608808 0.311255 0.30019 0.533237 0.482267 0.411777
threshold=0.012121920221580431 0.50549543900741212 -0.38992842551632295 -0.045916096749883138 46.385371607443197 0.034107337487687135 0.014575206597835068
decision_type=2 2 2 2 2 2 2
left_child=3 2 -2 -1 -5 6 -6
right_child=1 -3 -4 4 5 -7 -8
leaf_value=0.010498042121352412 0.0088618946112773659 0.025512750949130969 -0.012566225455253148 -0.021387619002632863 -0.0026749243156519841 -0.017242576862924797 0.015535632907822582
leaf_weight=3.9435659833252457 3.2838418427854776 2.8003899827599525 3.5018894374370557 3.8421328403055695 9.3847114741802233 3.5668054968118659 4.6385777629911891
leaf_count=30 24 21 26 32 64 25 28
internal_value=3.50598e-05 0.00589823 -0.00219644 -0.00217985 -0.0045126 -0.000826662 0.0033487
internal_weight=34.9619 9.58612 6.78573 25.3758 21.4322 17.5901 14.0233
internal_count=250 71 50 179 149 117 92
is_linear=0
shrinkage=0.05


Tree=405
num_leaves=6
num_cat=0
split_feature=1 1 8 0 29
split_gain=0.357623 0.713457 0.324387 0.387397 0.552498
threshold=0.10810045619594301 0.050930571657357489 0.02642280019819802 0.012944509153066221 -0.0027888480469836492
decision_type=2 2 2 2 2
left_child=1 2 3 4 -1
right_child=-2 -3 -4 -5 -6
leaf_value=-0.01759965148200569 -0.017303705137771526 0.020873097900469161 -0.016641084566613475 0.013570077156130241 0.0020707536688555905
leaf_weight=4.6534116100519993 2.7565729022026053 4.1235527768731108 3.1073173545300952 4.6097415424883357 15.329975977540018
leaf_count=35 15 27 22 36 115
internal_value=-2.70674e-05 0.00146942 -0.00141905 0.000504236 -0.00250978
internal_weight=34.5806 31.824 27.7004 24.5931 19.9834
internal_count=250 235 208 186 150
is_linear=0
shrinkage=0.05


Tree=406
num_leaves=12
num_cat=0
split_feature=29 11 1 30 18 22 11 17 22 19 33
split_gain=0.0626593 0.0581895 0.101415 0.0907572 0.0930445 0.0346704 5.0455e-06 1.22181e-06 2.31667e-07 1.20187e-07 2.17615e-08
threshold=0.0053127443568387065 64.792499809265152 -0.068588206371994961 0.0041410092022451392 -1.9053943626325152 -0.0022232471265162253 65.017600021362313 -0.0150113672960121 0.0071281247551754365 -0.0042854614325467102 0.57000000000000017
decision_type=2 2 2 2 2 2 2 2 2 2 2
left_child=1 3 -3 4 -1 -5 -4 -6 10 -8 -2
right_child=8 2 6 5 7 -7 9 -9 -10 -11 -12
leaf_value=0.027961928681066697 -0.033421393221321032 0.03074656280382845 -0.033958185176642675 0.0051820621203361728 -0.033746956487185252 0.027439975365441644 -0.033495047300681639 -0.03347631270115882 -0.033536456777854488 -0.033403153331297696 -0.033366851350143972
leaf_weight=0.088497470133006351 0.046120901984977647 0.084330601850524545 0.076341598440194391 0.29577000805875286 0.059000213368562759 0.42832164652645588 0.085630039597162977 0.14222698539379075 0.052148309623589739 0.060877594543853775 0.030304709332995117
leaf_count=3 23 3 5 34 11 22 20 49 15 35 30
internal_value=-0.000134259 0.0031089 -0.0159556 0.00888532 -0.0147649 0.0183483 -0.0336286 -0.0335557 -0.0334552 -0.0334569 -0.0333998
internal_weight=1.44957 1.321 0.30718 1.01382 0.289725 0.724092 0.222849 0.201227 0.128574 0.146508 0.0764256
internal_count=250 182 63 119 63 56 60 60 68 55 53
is_linear=0
shrinkage=0.05


Tree=407
num_leaves=6
num_cat=0
split_feature=1 1 26 11 0
split_gain=0.364445 0.73197 0.298262 0.345584 0.459526
threshold=0.10810045619594301 0.050930571657357489 -0.031210374655088854 59.434099960327153 0.0088135326162109857
decision_type=2 2 2 2 2
left_child=1 2 -1 -4 -5
right_child=-2 -3 3 4 -6
leaf_value=0.017320934437908574 0.017447696377755759 -0.021275732845250639 0.014710910207905676 0.0019757529995624015 -0.014156606754218988
leaf_weight=2.6664358004927697 2.7648137062788001 4.072249185293912 3.3418262936174896 15.723630016669633 6.1371630579233161
leaf_count=19 15 27 26 119 44
internal_value=3.25768e-05 -0.00147486 0.00141846 -0.000264024 -0.00255322
internal_weight=34.7061 31.9413 27.8691 25.2026 21.8608
internal_count=250 235 208 189 163
is_linear=0
shrinkage=0.05


Tree=408
num_leaves=6
num_cat=0
split_feature=1 1 8 2 2
split_gain=0.315725 0.632818 0.302851 0.395555 0.36722
threshold=0.10810045619594301 0.050930571657357489 0.02642280019819802 0.046406223499879114 0.023384645033885713
decision_type=2 2 2 2 2
left_child=1 2 3 4 -1
right_child=-2 -3 -4 -5 -6
leaf_value=0.00082189104877158469 -0.016369992809864297 0.01981632203234333 -0.016105039306277581 0.018619841782679673 -0.018365265421282067
leaf_weight=18.944239206612124 2.7204260900616637 4.0579037554562083 3.0813428312540045 2.6892309449613085 2.8717240244150153
leaf_count=145 15 27 22 18 23
internal_value=-2.45191e-05 0.00138068 -0.00133116 0.000526549 -0.00170379
internal_weight=34.3649 31.6444 27.5865 24.5052 21.816
internal_count=250 235 208 186 168
is_linear=0
shrinkage=0.05


Tree=409
num_leaves=10
num_cat=0
split_feature=30 30 24 30 3 18 16 13 23
split_gain=0.0618009 0.0594844 0.113198 0.0637567 0.131387 4.21547e-06 1.10094e-06 6.35437e-07 1.17814e-07
threshold=0.017605931196604366 0.0041410092022451392 -0.020930970499596854 0.0057274413771092334 -0.0049818568432305468 -0.75211675264824696 0.019984316803336791 34.037761140776027 0.0065918573927026278
decision_type=2 2 2 2 2 2 2 2 2
left_child=1 2 -1 -3 -5 -6 -2 -4 -9
right_child=6 3 7 4 5 -7 -8 8 -10
leaf_value=0.015887143298640334 -0.033686306077034094 0.032252651550274875 -0.033650412691782122 0.018137240193237918 -0.033960558655711522 -0.033461130659273856 -0.033390795660446088 -0.033416732671431831 -0.033493804863187433
leaf_weight=0.21254135709023092 0.062778727500699572 0.25088549258362036 0.046757218369748332 0.39333796460414305 0.069127517752349377 0.10867371657514013 0.063295422922237776 0.12829355856229085 0.080820303992368281
leaf_count=15 8 12 8 32 4 36 39 70 26
internal_value=-0.00012516 0.00313923 -0.0110818 0.0112428 0.00201371 -0.0336553 -0.0335379 -0.0334838 -0.0334465
internal_weight=1.41651 1.29044 0.468412 0.822025 0.571139 0.177801 0.126074 0.255871 0.209114
internal_count=250 203 119 84 72 40 47 104 96
is_linear=0
shrinkage=0.05


Tree=410
num_leaves=10
num_cat=0
split_feature=30 18 13 33 11 32 3 15 13
split_gain=0.189003 0.585703 0.301027 0.289736 0.380656 0.508364 0.455997 0.446401 0.28307
threshold=0.012121920221580431 0.50549543900741212 51.457278168602024 0.9850000000000001 62.789599914550784 -0.041844902035135724 -0.013563182374807135 0.026029638994195838 52.499911688844641
decision_type=2 2 2 2 2 2 2 2 2
left_child=3 2 -2 4 5 8 7 -6 -1
right_child=1 -3 -4 -5 6 -7 -8 -9 -10
leaf_value=-0.019269527911483644 0.0065639065477136639 0.025431430410370628 -0.015172892460345158 0.0098776539776972427 0.013435351124008161 0.013884684256751946 -0.024182951404704528 -0.01500928969041408 0.0020735313638197079
leaf_weight=2.8646319322288036 4.0695425365120155 2.7606101371347904 2.6170678585767746 4.1188172958791247 2.4732759930193433 4.8393018003553205 4.2314324378967259 3.1184265352785587 3.3943315334618092
leaf_count=19 34 21 16 30 19 31 32 24 24
internal_value=2.95728e-05 0.00605574 -0.00194364 -0.00224399 -0.00463039 0.00171471 -0.0117991 -0.00242789 -0.00769486
internal_weight=34.4874 9.44722 6.68661 25.0402 20.9214 11.0983 9.82313 5.5917 6.25896
internal_count=250 71 50 179 149 74 75 43 43
is_linear=0
shrinkage=0.05


Tree=411
num_leaves=9
num_cat=0
split_feature=13 19 21 14 31 21 6 34
split_gain=0.195727 0.362473 0.345112 0.766784 0.757874 0.879713 0.590031 0.389902
threshold=40.842370646634869 -0.0020142956723152024 -0.00061647896028110816 0.42418418067889679 0.26799529653780385 0.00090909552572626684 1.0918570143777555 -0.16634485464957244
decision_type=2 2 2 2 2 2 2 2
left_child=1 -1 6 -4 5 -5 7 -2
right_child=2 -3 3 4 -6 -7 -8 -9
leaf_value=0.0034365596208083236 0.01598070793606916 -0.02147824418561526 0.029836085154241205 0.012437181547646095 0.01760535756614592 -0.020536376747304817 -0.01734148877289915 -0.0076405410384404364
leaf_weight=3.0877860467880964 3.7095019072294235 2.7688758596777907 2.8922719508409527 3.3428647443652135 4.6526659689843646 5.1223326567560434 5.2239900082349777 3.3021127879619616
leaf_count=28 26 26 24 22 32 35 36 21
internal_value=-2.38363e-05 -0.0083425 0.00170101 0.00653259 0.00139455 -0.00751528 -0.00462104 0.0048563
internal_weight=34.1024 5.85666 28.2457 16.0101 13.1179 8.4652 12.2356 7.01161
internal_count=250 54 196 113 89 57 83 47
is_linear=0
shrinkage=0.05


Tree=412
num_leaves=10
num_cat=0
split_feature=30 30 24 30 29 21 16 10 17
split_gain=0.0591548 0.057298 0.108232 0.0605702 0.128361 1.90042e-06 9.90234e-07 4.85516e-07 9.99834e-08
threshold=0.017605931196604366 0.0041410092022451392 -0.020930970499596854 0.0057274413771092334 0.0033149998586834433 0.0024370343170753155 0.019984316803336791 -0.026779829608003861 0.022297287067299335
decision_type=2 2 2 2 2 2 2 2 2
left_child=1 2 -1 -3 5 -5 -2 -4 -9
right_child=6 3 7 4 -6 -7 -8 8 -10
leaf_value=0.015273936443631784 -0.033674090597684524 0.031974466304702437 -0.033620454401919374 -0.033434829998343948 0.018079708883588744 -0.033765418695829962 -0.033388124511117674 -0.033423278820641777 -0.03350333910830277
leaf_weight=0.21076088881818567 0.060494217032101116 0.24253538878110703 0.049054457806050666 0.089887223410187289 0.38813746662344784 0.084188803390134126 0.06059596172417514 0.14516101649496704 0.053322105522966012
leaf_count=15 8 12 12 32 28 12 39 75 17
internal_value=-0.000147576 0.00305294 -0.011059 0.0110896 0.00207995 -0.0335947 -0.033531 -0.0334796 -0.0334448
internal_weight=1.38414 1.26305 0.458298 0.804749 0.562213 0.174076 0.12109 0.247538 0.198483
internal_count=250 203 119 84 72 44 47 104 92
is_linear=0
shrinkage=0.05


Tree=413
num_leaves=8
num_cat=0
split_feature=30 18 25 12 13 1 16
split_gain=0.181755 0.558581 0.298731 0.288951 0.476604 0.454897 0.619963
threshold=0.012121920221580431 0.50549543900741212 0.0005742204483144554 -0.045916096749883138 46.385371607443197 -0.0166753827351892 0.044119282046368218
decision_type=2 2 2 2 2 2 2
left_child=3 2 -2 -1 -5 -6 -7
right_child=1 -3 -4 4 5 6 -8
leaf_value=0.010308682016629989 -0.014775664425966195 0.025042425816758637 0.0068437536867334619 -0.020664408719324075 0.016149571064816702 -0.012979227172848462 0.0087245924347624827
leaf_weight=3.8896030131727484 2.6722392030060274 2.7220349982380867 3.9741007797420025 3.7567514069378403 3.1551254689693513 8.7946875132620281 5.2570719644427291
leaf_count=30 20 21 30 32 22 64 31
internal_value=2.97221e-05 0.00596475 -0.00184859 -0.00220747 -0.00452973 -0.00100707 -0.00485935
internal_weight=34.2216 9.36837 6.64634 24.8532 20.9636 17.2069 14.0518
internal_count=250 71 50 179 149 117 95
is_linear=0
shrinkage=0.05


Tree=414
num_leaves=10
num_cat=0
split_feature=30 30 19 0 0 32 25 19 25
split_gain=0.188337 0.62196 0.251022 0.770502 0.478312 0.45968 0.496798 0.378773 0.227076
threshold=0.012121920221580431 0.019717058138473468 0.048532599561474606 0.0068201055940260167 0.0080367959609779511 0.46266219014330107 -0.0020926799625824439 -0.018419264408128074 0.0005742204483144554
decision_type=2 2 2 2 2 2 2 2 2
left_child=2 -2 3 5 -4 6 -1 -5 -3
right_child=1 8 4 7 -6 -7 -8 -9 -10
leaf_value=-0.012630432938946244 -0.023160098318865702 0.014849888875081983 0.0076849208747886803 0.0047194219198140198 -0.019637927296133253 -0.021171827404201919 0.01186716503500823 0.028851144789299871 -0.0050411924493496607
leaf_weight=3.2854392938315877 3.3851677607744914 2.583135798573494 3.1428381809964767 2.7943222895264626 3.26661766320467 2.5810833834111682 5.5919970069080636 3.8894381690770379 3.2275629714131355
leaf_count=27 30 18 25 21 21 21 38 26 23
internal_value=-2.04084e-05 -0.00612365 0.00226557 0.0052706 -0.00624033 -0.00259908 0.00280088 0.0187622 0.00380135
internal_weight=33.7476 9.19587 24.5517 18.1423 6.40946 11.4585 8.87744 6.68376 5.8107
internal_count=250 71 179 133 46 86 65 47 41
is_linear=0
shrinkage=0.05


Tree=415
num_leaves=10
num_cat=0
split_feature=29 29 7 30 30 29 22 25 33
split_gain=0.0581721 0.0565933 0.118291 0.0574223 0.0502869 6.98881e-07 1.91338e-07 1.79346e-07 1.8048e-08
threshold=0.0053127443568387065 0.0044184144934866785 62.792499732971201 0.0057274413771092334 0.0041410092022451392 0.003175188418431341 0.0071281247551754365 -0.013357536330666551 0.57000000000000017
decision_type=2 2 2 2 2 2 2 2 2
left_child=1 2 5 4 -4 7 8 -1 -2
right_child=6 -3 3 -5 -6 -7 -8 -9 -10
leaf_value=-0.033527862202766781 -0.033416303058293323 0.022714992141531762 0.0022269324156606644 -0.015052013361127041 0.033874810783542646 -0.033637850665431353 -0.033524763191256919 -0.03341099539286245 -0.033364595374882129
leaf_weight=0.043721958296373487 0.043003504557418748 0.28291498808539473 0.28041084503638558 0.2033328777179122 0.22723192628473043 0.059951829141937196 0.048718207137426361 0.13175923877861329 0.027775236543675419
leaf_count=6 23 12 46 38 5 9 15 66 30
internal_value=-0.000143843 0.00309355 -0.00277199 0.00740015 0.0163932 -0.0334905 -0.0334485 -0.0334401 -0.033396
internal_weight=1.34882 1.22932 0.946409 0.710976 0.507643 0.235433 0.119497 0.175481 0.0707787
internal_count=250 182 170 89 51 81 68 72 53
is_linear=0
shrinkage=0.05


Tree=416
num_leaves=7
num_cat=0
split_feature=31 12 24 24 20 23
split_gain=0.177005 0.398025 0.568691 0.363686 0.485689 0.580123
threshold=-0.59098621846241872 -0.0367714194080574 0.0022466909518641391 0.025147474485102021 -0.086567704814785415 0.0067664066851379498
decision_type=2 2 2 2 2 2
left_child=-1 2 -2 4 -3 -6
right_child=1 3 -4 -5 5 -7
leaf_value=-0.010525409196086064 0.030380205682667423 0.010542368766609562 -0.0034215738106999844 0.014885777634792619 -0.0031499357900777662 -0.027027355636443675
leaf_weight=3.557098150253295 2.5958999581635025 4.8232658635824981 2.3899461328983307 3.059362616389989 14.342431433498861 3.0922681763768187
leaf_count=27 24 32 19 22 101 25
internal_value=2.60705e-05 0.00126464 0.0141775 -0.00127833 -0.00350009 -0.0073849
internal_weight=33.8603 30.3032 4.98585 25.3173 22.258 17.4347
internal_count=250 223 43 180 158 126
is_linear=0
shrinkage=0.05


Tree=417
num_leaves=9
num_cat=0
split_feature=13 19 21 14 31 21 6 21
split_gain=0.184129 0.341178 0.30419 0.7399 0.716602 0.810427 0.532586 0.379191
threshold=40.842370646634869 -0.0020142956723152024 -0.00061647896028110816 0.42418418067889679 0.26799529653780385 0.00090909552572626684 1.0918570143777555 -0.0031141991286803834
decision_type=2 2 2 2 2 2 2 2
left_child=1 -1 6 -4 5 -5 7 -2
right_child=2 -3 3 4 -6 -7 -8 -9
leaf_value=0.0033320156213016584 0.015322225000217168 -0.021062411016997191 0.029608269755655454 0.011686859917877813 0.017121979876650723 -0.020207426916098101 -0.016561171484064934 -0.0082307200544686401
leaf_weight=3.0423680208623409 3.8021214529871941 2.7100711036473504 2.7890633754432193 3.3051933199167234 4.5648636929690829 5.0119193093851209 5.1055607534945011 3.1039176024496573
leaf_count=28 25 26 24 22 32 35 36 22
internal_value=-2.09305e-05 -0.00816061 0.00167049 0.0062592 0.00120392 -0.00753274 -0.00431621 0.00473636
internal_weight=33.4351 5.75244 27.6826 15.671 12.882 8.31711 12.0116 6.90604
internal_count=250 54 196 113 89 57 83 47
is_linear=0
shrinkage=0.05


Tree=418
num_leaves=10
num_cat=0
split_feature=29 26 21 7 24 2 22 20 33
split_gain=0.0560173 0.0537633 0.0530309 0.0899625 0.0431442 0.0698727 1.69245e-07 1.25842e-07 1.65246e-08
threshold=0.0053127443568387065 -0.019858456272093424 0.00025591324514329111 57.805499839782719 -0.010642567255196854 0.012542799828173747 0.0071281247551754365 0.085161376258323776 0.57000000000000017
decision_type=2 2 2 2 2 2 2 2 2
left_child=1 -1 3 -3 -4 -6 8 -5 -2
right_child=6 2 4 7 5 -7 -8 -9 -10
leaf_value=-0.033583885676750601 -0.033413844516897634 0.032706346411477814 0.025581692995185808 -0.03340237763606365 -0.017417038781937365 0.019556987264381712 -0.033517381928016801 -0.033499692830078268 -0.033363496718131332
leaf_weight=0.092525587882846483 0.041519848251482583 0.072475245222449081 0.34714684495702386 0.13272967288503423 0.23392156889894977 0.28159709589090198 0.046949056442826986 0.044310586163192056 0.026827139234228525
leaf_count=31 23 2 16 64 25 26 15 18 30
internal_value=-0.000149444 0.00303703 0.00608363 -0.0142175 0.0119555 0.00277967 -0.0334443 -0.0334267 -0.0333941
internal_weight=1.32 1.20471 1.11218 0.249516 0.862666 0.515519 0.115296 0.17704 0.068347
internal_count=250 182 151 84 67 51 68 82 53
is_linear=0
shrinkage=0.05


Tree=419
num_leaves=9
num_cat=0
split_feature=13 19 21 13 31 4 25 24
split_gain=0.169986 0.400652 0.310353 0.561535 0.797637 0.535979 0.441324 0.407508
threshold=40.842370646634869 -0.0020142956723152024 -0.00061647896028110816 48.159068861124233 0.26799529653780385 0.023270562746623803 -0.0025020179624143375 -0.0019325138288022734
decision_type=2 2 2 2 2 2 2 2
left_child=1 -1 5 -4 6 7 -5 -2
right_child=2 -3 3 4 -6 -7 -8 -9
leaf_value=-0.0046218005862375296 0.0064635844500910066 0.02156115093484616 -0.02466094307088991 0.020449976246478423 -0.017432040569711343 0.01771921564658854 -0.0035854174118519866 -0.017257940921864768
leaf_weight=3.0891240760684013 4.1172850802540779 2.7722754199057809 3.274132262915372 3.883749030530451 4.7671155594289303 4.653115127235651 3.7576602511107922 3.2313867043703812
leaf_count=28 27 26 27 27 34 32 25 24
internal_value=2.67418e-05 0.00776199 -0.00161098 -0.00624218 -0.00138218 0.00444058 0.00863058 -0.00396734
internal_weight=33.5458 5.8614 27.6844 15.6827 12.4085 12.0018 7.64141 7.34867
internal_count=250 54 196 113 86 83 52 51
is_linear=0
shrinkage=0.05


Tree=420
num_leaves=9
num_cat=0
split_feature=18 18 3 34 18 18 23 23
split_gain=0.180032 0.657318 0.429296 0.497839 0.625481 0.600643 0.332431 0.13219
threshold=-0.66502570756642032 -1.0148394064274078 -0.042100890341903001 -0.60820297521808142 0.18508921666765429 1.0000000180025095e-35 0.0057034515764757829 -0.0028308116163004988
decision_type=2 2 2 2 2 2 2 2
left_child=1 -1 7 4 -4 -5 -7 -2
right_child=2 -3 3 5 -6 6 -8 -9
leaf_value=0.0044395781873360152 0.0073654770393917759 -0.027248318485974657 -0.028499058967424565 0.018195989111493189 0.0042561750985175397 0.0028492919449260379 -0.016564385018662912 0.023411173443737703
leaf_weight=4.4956516921520233 2.7652723640203476 2.573304781690239 3.2088454682380005 4.7689262684434626 2.6702777594327927 6.9551565228030068 3.2287411168217659 2.3955315910279777
leaf_count=33 19 21 30 34 20 48 23 22
internal_value=-2.06611e-05 -0.00709573 0.00190347 -0.00129481 -0.0136217 0.00355187 -0.00330569 0.0148135
internal_weight=33.0617 7.06896 25.9928 20.8319 5.87912 14.9528 10.1839 5.1608
internal_count=250 54 196 155 50 105 71 41
is_linear=0
shrinkage=0.05


Tree=421
num_leaves=11
num_cat=0
split_feature=29 26 11 14 30 18 22 4 22 33
split_gain=0.0541779 0.0513862 0.0520124 0.0817102 0.0655472 0.075826 0.0283131 2.4547e-06 1.52543e-07 1.48731e-08
threshold=0.0053127443568387065 -0.019858456272093424 64.792499809265152 0.10649494720239873 0.0041410092022451392 -1.9053943626325152 0.00085918318370781243 0.01511797157442381 0.0071281247551754365 0.57000000000000017
decision_type=2 2 2 2 2 2 2 2 2 2
left_child=1 -1 4 -4 5 -3 -6 -5 9 -2
right_child=8 2 3 7 6 -7 -8 -9 -10 -11
leaf_value=-0.033571734626166111 -0.033411149691779461 0.027660856910439503 0.02733243325159317 -0.033812661160282878 0.010561789782059555 -0.033501784760768837 0.032028039012220261 -0.033432588865343164 -0.033511254937117006 -0.033362495909072719
leaf_weight=0.088455813209293299 0.039978290034923814 0.079282441176473872 0.081276124343276024 0.083526557631557807 0.33665912121068686 0.14043285185471177 0.28251026815269142 0.086452518007718027 0.045278293488081545 0.025873046797642019
leaf_count=31 23 3 4 9 37 50 11 37 15 30
internal_value=-6.72455e-05 0.00307952 0.00605347 -0.0139026 0.0120305 -0.0114318 0.0203563 -0.0336194 -0.0334406 -0.033392
internal_weight=1.28973 1.1786 1.09014 0.251255 0.838885 0.219715 0.619169 0.169979 0.11113 0.0658513
internal_count=250 182 151 50 101 53 48 46 68 53
is_linear=0
shrinkage=0.05


Tree=422
num_leaves=7
num_cat=0
split_feature=31 12 24 24 30 22
split_gain=0.175407 0.368419 0.533967 0.342159 0.464519 0.525001
threshold=-0.59098621846241872 -0.0367714194080574 0.0022466909518641391 0.025147474485102021 -0.011140836099140459 0.005961149877537931
decision_type=2 2 2 2 2 2
left_child=-1 2 -2 4 -3 -6
right_child=1 3 -4 -5 5 -7
leaf_value=-0.010537921336973406 0.030044824197616907 -0.020815586153533423 -0.0032146652794793444 0.014661554675678194 -0.0047061694098649793 0.015757687829951638
leaf_weight=3.5149491317570201 2.4871968794614103 3.2442315332591596 2.3441059198230505 2.9958317074924699 14.591902174055578 3.9915244840085498
leaf_count=27 24 22 19 22 107 29
internal_value=2.32086e-05 0.00127501 0.0139076 -0.00118363 -0.00335837 -0.000310748
internal_weight=33.1697 29.6548 4.8313 24.8235 21.8277 18.5834
internal_count=250 223 43 180 158 136
is_linear=0
shrinkage=0.05


Tree=423
num_leaves=10
num_cat=0
split_feature=30 30 33 11 25 3 29 16 22
split_gain=0.179436 0.578546 0.244904 0.347558 0.471346 0.556691 0.411618 0.462258 0.184342
threshold=0.012121920221580431 0.019717058138473468 0.9850000000000001 62.789599914550784 -0.0020926799625824439 0.029130103158396595 0.0033149998586834433 0.033010182584390292 -0.005303444800590972
decision_type=2 2 2 2 2 2 2 2 2
left_child=2 -2 3 4 -1 -6 7 -5 -3
right_child=1 8 -4 6 5 -7 -8 -9 -10
leaf_value=-0.016733465599379656 -0.022795304462584279 0.01346205956986532 -0.0091738598239734792 -0.0061476295322445791 -0.0067976116771913831 0.021587584409539642 0.027224096403178234 0.021144573081711072 -0.0046353490093125156
leaf_weight=3.5011156881228089 3.2744395788758975 2.581576731055975 3.9227149002254 3.9676067475229484 3.9125553444027954 3.0926527120172977 2.8798714894801378 2.5477545447647572 3.0929857883602381
leaf_count=28 30 17 30 34 27 19 24 17 24
internal_value=-2.28612e-05 -0.0060594 0.00224462 0.00449527 -0.00175313 0.00573386 0.0114826 0.00452466 0.00359786
internal_weight=32.7733 8.949 23.8243 19.9016 10.5063 7.00521 9.39523 6.51536 5.67456
internal_count=250 71 179 149 74 46 75 51 41
is_linear=0
shrinkage=0.05


Tree=424
num_leaves=9
num_cat=0
split_feature=13 14 20 26 34 24 15 24
split_gain=0.0533408 0.0551745 0.0716288 0.0659639 0.0915779 1.24485e-08 8.7918e-09 3.79701e-09
threshold=57.067711127759758 0.87120264910897049 0.054500769792728117 0.031230376109483541 0.9084267073535528 -0.012962337938134392 0.026607180428532901 0.00047758897183736165
decision_type=2 2 2 2 2 2 2 2
left_child=1 2 3 4 -1 -2 -7 -8
right_child=5 -3 -4 -5 -6 6 7 -9
leaf_value=-0.018807463163751856 -0.033422046379603283 0.031176137432802828 -0.033588475996222736 0.022886995518139795 0.026907655737488292 -0.033410539319741493 -0.03338682515474202 -0.033361165438581995
leaf_weight=0.39320959060569272 0.029377335740718991 0.15206540073268116 0.14542612843797542 0.3076561926282011 0.15185768954688683 0.022461702930741123 0.02811898865911644 0.029586699733044952
leaf_count=93 12 4 37 28 6 14 19 37
internal_value=-5.54102e-05 0.00311973 -0.00115459 0.00437678 -0.00607107 -0.0333942 -0.033384 -0.0333737
internal_weight=1.25976 1.15022 0.99815 0.852723 0.545067 0.109545 0.0801674 0.0577057
internal_count=250 168 164 127 99 82 70 56
is_linear=0
shrinkage=0.05


Tree=425
num_leaves=9
num_cat=0
split_feature=30 18 18 22 29 21 11 21
split_gain=0.16792 0.507149 0.282502 0.254248 0.350424 0.490926 0.436291 0.367827
threshold=0.012121920221580431 0.50549543900741212 -0.38992842551632295 -0.00703169292977912 0.0033149998586834433 0.0032469187252929248 62.789599914550784 0.0012642804154334721
decision_type=2 2 2 2 2 2 2 2
left_child=3 2 -2 -1 5 7 -6 -5
right_child=1 -3 -4 4 6 -7 -8 -9
leaf_value=-0.014466721401726111 0.0091002436407007729 0.024521496915816402 -0.011897607319007443 0.0038532124800341595 0.0045071232501656773 -0.012141704410731742 -0.021945662497794192 0.024528713157919966
leaf_weight=3.5738110151141909 3.1151809561997652 2.5892107151448727 3.2972321063280088 7.6298479642719048 2.8775253966450682 3.4017528146505347 3.4010891579091549 2.9957853555679321
leaf_count=31 24 21 26 54 21 24 28 21
internal_value=2.49089e-05 0.00584462 -0.00169675 -0.00216886 -4.46593e-06 0.00438992 -0.0098222 0.00968245
internal_weight=32.8814 9.00162 6.41241 23.8798 20.306 14.0274 6.27861 10.6256
internal_count=250 71 50 179 148 99 49 75
is_linear=0
shrinkage=0.05


Tree=426
num_leaves=10
num_cat=0
split_feature=26 23 26 22 26 24 6 18 32
split_gain=0.17555 0.480182 0.525056 0.467825 0.445841 0.485772 0.361423 0.313062 0.494614
threshold=0.0032318553269292676 -1.0000000180025095e-35 -0.016868635283571628 0.0027437233214849814 0.02611721104091325 0.013714463482687901 1.0401943290307527 -0.15308021324208002 0.063699971917969278
decision_type=2 2 2 2 2 2 2 2 2
left_child=1 2 -1 -3 5 6 -2 -6 -9
right_child=4 3 -4 -5 7 -7 -8 8 -10
leaf_value=-0.022618295041978834 0.009169888976209864 0.028494831632404096 0.0072509815823240016 0.0027003693330404279 -0.0076217469939851325 -0.030173479413402194 -0.015470054486028334 -0.0028463544929953535 0.024083595759976168
leaf_weight=2.6711620986461639 2.8025788469240087 2.9167308807373029 3.2753646858036518 4.4239503163844347 3.8938937112689 2.4972355794161558 3.1734389141201973 3.5347833707928658 3.2938896734267473
leaf_count=22 25 19 24 32 31 23 24 24 26
internal_value=-2.35354e-05 0.00439449 -0.00616621 0.0129495 -0.00308166 -0.0116536 -0.00391464 0.00369214 0.0101436
internal_weight=32.483 13.2872 5.94653 7.34068 19.1958 8.47325 5.97602 10.7226 6.82867
internal_count=250 97 46 51 153 72 49 81 50
is_linear=0
shrinkage=0.05


Tree=427
num_leaves=12
num_cat=0
split_feature=30 9 30 9 8 6 18 32 9 25 16
split_gain=0.0516967 0.0474758 0.0717382 0.0822624 0.0703434 0.055271 0.0348407 0.0189729 2.9289e-06 7.01349e-07 6.56208e-07
threshold=0.017605931196604366 63.559999656677256 0.0049376848564426376 63.18574972152711 -0.039929819727766776 0.4706002012910297 -0.18758523862403501 -0.15362637539925864 63.626750087738039 -0.023137800489974488 0.019984316803336791
decision_type=2 2 2 2 2 2 2 2 2 2 2
left_child=1 2 3 9 -3 -6 -4 -8 -7 -1 -2
right_child=10 4 6 -5 5 8 7 -9 -10 -11 -12
leaf_value=-0.033676669666075763 -0.03363108909248598 0.032720586775294429 0.032824051742207143 0.031633704009626389 0.019813948903066175 -0.03387524975533289 0.024834752643431681 -0.0031591611717003798 -0.033469294083278402 -0.033436420501098643 -0.033381779006607375
leaf_weight=0.04126363806426514 0.052812515263212956 0.071726263471646234 0.2711878006812185 0.070249818032607436 0.061178697273135185 0.059679931728169322 0.096076984162209556 0.16357749210146721 0.17389308456040453 0.1151432670012581 0.052762758117751218
leaf_count=4 8 5 9 2 2 6 8 34 75 58 39
internal_value=-5.42208e-05 0.00308795 0.0102356 -0.0133124 -0.0116859 -0.022492 0.0202899 0.00719911 -0.033573 -0.0334998 -0.0335065
internal_weight=1.22955 1.12398 0.757499 0.226657 0.366478 0.294752 0.530842 0.259654 0.233573 0.156407 0.105575
internal_count=250 203 115 64 88 83 51 42 81 62 47
is_linear=0
shrinkage=0.05


Tree=428
num_leaves=9
num_cat=0
split_feature=1 15 8 0 17 17 22 14
split_gain=0.163789 0.463189 0.359518 0.610152 0.459458 0.472207 0.35834 0.152095
threshold=0.025376446867029005 0.037930155160668902 0.0017398862930203265 0.0088135326162109857 -0.0075094123244592009 -0.014680013561489041 0.0014169176614252656 0.85410665250640105
decision_type=2 2 2 2 2 2 2 2
left_child=2 7 3 4 5 -1 -4 -2
right_child=1 -3 6 -5 -6 -7 -8 -9
leaf_value=0.0037646517246628397 -0.024649487352243087 0.0062818092897607702 0.0028289899151347077 -0.025466960163446489 0.013854257921110606 -0.023084210469872055 0.024685473061856325 -0.0077565107451945843
leaf_weight=4.5275707021355602 2.3935648985207063 4.6513021867722273 5.1139255650341493 2.3798007853329173 4.990978274494414 2.5656661055982113 2.9612188898026943 3.0054718218743801
leaf_count=39 19 32 35 19 39 22 24 21
internal_value=2.5504e-05 -0.00528276 0.00239249 -0.00232589 0.00223139 -0.00594674 0.0108439 -0.0152457
internal_weight=32.5895 10.0503 22.5392 14.464 12.0842 7.09324 8.07514 5.39904
internal_count=250 72 178 119 100 61 59 40
is_linear=0
shrinkage=0.05


Tree=429
num_leaves=10
num_cat=0
split_feature=13 14 3 1 1 1 15 12 8
split_gain=0.177067 0.403518 0.275108 0.372964 0.534412 0.549554 0.390148 0.29358 0.342553
threshold=40.412739493807898 0.086471006402752223 -0.0049818568432305468 0.025376446867029005 0.0084322621694238337 -0.011980311302192346 0.038322488500930639 -0.02511249447760816 -0.010001398889979135
decision_type=2 2 2 2 2 2 2 2 2
left_child=1 -1 7 4 5 -4 -5 8 -2
right_child=2 -3 3 6 -6 -7 -8 -9 -10
leaf_value=0.01012026416181477 0.012342166800599987 -0.018813402424530421 -0.015038879115953949 0.015190680324624083 -0.027777652537846944 0.014848421908773314 -0.0059953677418320122 0.019951624900862414 -0.012213472286904767
leaf_weight=1.8791100494563568 3.2570610493421555 3.3591830972582102 3.309713989496232 4.6472489498555642 2.7102033998817205 2.8733689887449154 4.0816081538796425 3.5212680883705634 2.5184170380234718
leaf_count=14 25 37 25 33 21 20 26 30 19
internal_value=-2.34265e-05 -0.00843415 0.00161326 -0.00205811 -0.00926457 -0.00114981 0.0052841 0.00857242 0.0016346
internal_weight=32.1572 5.23829 26.9189 17.6221 8.89329 6.18308 8.72886 9.29675 5.77548
internal_count=250 51 199 125 66 45 59 74 44
is_linear=0
shrinkage=0.05


Tree=430
num_leaves=10
num_cat=0
split_feature=13 14 20 20 1 8 24 15 24
split_gain=0.0499472 0.052243 0.0650541 0.0622597 0.0576102 0.0384264 1.02977e-08 7.13801e-09 3.06603e-09
threshold=57.067711127759758 0.87120264910897049 0.054500769792728117 -0.047054593386037839 0.050930571657357489 -0.014025488560758586 -0.012962337938134392 0.026607180428532901 0.00047758897183736165
decision_type=2 2 2 2 2 2 2 2 2
left_child=1 2 3 4 -1 -5 -2 -8 -9
right_child=6 -3 -4 5 -6 -7 7 8 -10
leaf_value=-0.033486843659617758 -0.03341678773183384 0.030982080428555311 -0.03356380141045389 0.025598704476971951 0.018005951773861571 -0.00054683934551815665 -0.033405840499946327 -0.033383669647858577 -0.033359911269135373
leaf_weight=0.16744667275634117 0.027460899684228934 0.14537859102711082 0.13346262936829589 0.29834410826151725 0.080399119935464114 0.26567452040035267 0.020914230015478208 0.026439206179929897 0.027919043044676073
leaf_count=66 12 4 37 21 8 32 14 19 37
internal_value=-6.1474e-05 0.00307779 -0.00121352 0.00410456 -0.016783 0.0132831 -0.0333906 -0.033381 -0.0333715
internal_weight=1.19344 1.09071 0.945327 0.811864 0.247846 0.564019 0.102733 0.0752725 0.0543582
internal_count=250 168 164 127 74 53 82 70 56
is_linear=0
shrinkage=0.05


Tree=431
num_leaves=9
num_cat=0
split_feature=13 26 21 14 31 21 4 24
split_gain=0.162497 0.365314 0.284758 0.515993 0.548702 0.631703 0.49487 0.362537
threshold=40.842370646634869 0.027699433520321119 -0.00061647896028110816 0.44803462891665352 0.26799529653780385 0.0012642804154334721 0.023270562746623803 -0.0019325138288022734
decision_type=2 2 2 2 2 2 2 2
left_child=1 -1 6 -4 5 -5 7 -2
right_child=2 -3 3 4 -6 -7 -8 -9
leaf_value=0.019345504035588709 0.0060126216005913927 -0.0062032055953064281 -0.023605854057018573 -0.0079645368389332626 -0.015579008907759959 0.021068671828381492 0.01729323898476591 -0.016797751140390935
leaf_weight=3.0781582649797192 3.993975818157196 2.5651342272758484 3.3016249239444724 3.6587270945310575 4.2536743357777596 3.8398062437772751 4.4823615625500679 3.0892486125230807
leaf_count=32 27 22 29 25 31 28 32 24
internal_value=2.5624e-05 0.00773245 -0.00160822 -0.00614104 -0.00123453 0.00690262 0.00429173 -0.0039358
internal_weight=32.2627 5.64329 26.6194 15.0538 11.7522 7.49853 11.5656 7.08322
internal_count=250 54 196 113 84 53 83 51
is_linear=0
shrinkage=0.05


Tree=432
num_leaves=10
num_cat=0
split_feature=26 23 26 22 26 24 20 6 22
split_gain=0.17543 0.439884 0.494885 0.437078 0.424182 0.458258 0.339053 0.335443 0.296058
threshold=0.0032318553269292676 -1.0000000180025095e-35 -0.016868635283571628 0.0027437233214849814 0.02611721104091325 0.013714463482687901 0.083074559037394594 1.0401943290307527 -0.0072057954734514587
decision_type=2 2 2 2 2 2 2 2 2
left_child=1 2 -1 -3 5 7 8 -2 -6
right_child=4 3 -4 -5 6 -7 -8 -9 -10
leaf_value=-0.022074692211877456 0.0086518471458762146 0.028022992708689649 0.0072481230409227014 0.0027649863846328769 0.010774969042602769 -0.02988734289146629 0.01995866684552363 -0.015286884114267192 -0.008900630702858691
leaf_weight=2.5853498689830303 2.7635199250653404 2.8306443840265292 3.2448851782828569 4.3370635695755482 3.100572146475316 2.4177442081272602 2.4248054027557364 3.110493253916502 4.9869166687130901
leaf_count=22 25 19 24 32 24 23 18 24 39
internal_value=-2.26032e-05 0.00444405 -0.00575474 0.0127398 -0.0031101 -0.0115657 0.00355943 -0.00402454 -0.00135742
internal_weight=31.802 12.9979 5.83024 7.16771 18.8041 8.29176 10.5123 5.87401 8.08749
internal_count=250 97 46 51 153 72 81 49 63
is_linear=0
shrinkage=0.05


Tree=433
num_leaves=8
num_cat=0
split_feature=23 23 11 13 14 6 21
split_gain=0.0488369 0.0559781 0.115875 0.0348248 0.0156542 6.99246e-07 1.14964e-07
threshold=0.010531519258500268 0.0042449080137474402 60.331800155639655 38.295595250096106 0.30870033939447117 0.54550808568034459 0.0025336981609509483
decision_type=2 2 2 2 2 2 2
left_child=1 2 -1 -3 -5 -4 -7
right_child=-2 3 5 4 -6 6 -8
leaf_value=0.012893038247691417 -0.033588217024308122 0.028699891052781396 -0.033663200662519314 0.017952003508541699 -0.0063685919521066702 -0.033391164464045699 -0.033466572679092602
leaf_weight=0.29673132050083928 0.099393678756314441 0.24091609241440892 0.034478614252293482 0.10624104387534317 0.17539690478588454 0.13006361746374751 0.082669284980511293
leaf_count=38 36 9 4 8 34 95 26
internal_value=-6.73374e-05 0.00305669 -0.00817094 0.0147439 0.00280576 -0.0334543 -0.0334205
internal_weight=1.16589 1.0665 0.543943 0.522554 0.281638 0.247212 0.212733
internal_count=250 214 163 51 42 125 121
is_linear=0
shrinkage=0.05


Tree=434
num_leaves=11
num_cat=0
split_feature=26 26 2 1 23 26 31 25 22 19
split_gain=0.162585 0.481542 0.465026 0.443896 0.40721 0.418594 0.344854 0.318074 0.381362 0.278827
threshold=0.0059314848699386644 0.02611721104091325 0.020559094742495513 -0.0166753827351892 1.0000000180025095e-35 -0.016868635283571628 0.28250195989039922 0.018011747216430177 -0.0081105640461955324 -0.0080194077406610647
decision_type=2 2 2 2 2 2 2 2 2 2
left_child=4 2 3 -2 5 -1 -6 8 -3 -10
right_child=1 7 -4 -5 6 -7 -8 -9 9 -11
leaf_value=0.019660483335442555 0.021597083702431675 -0.026928023706785105 0.030290985572870507 -0.0087091445905018595 -0.0025979533449546574 -0.0062276109175645996 -0.024152883156644468 0.010722386216867406 -0.013408875537416398 0.0089340848057117197
leaf_weight=2.8212801851332188 2.0755347721278667 2.1381848417222526 2.5297990329563618 2.8915197141468552 4.3185062631964684 3.4968103393912333 3.2536214329302311 2.7913816291838884 2.7581096999347237 2.8281597737222839
leaf_count=24 17 15 20 26 32 26 24 22 24 20
internal_value=2.49925e-05 0.00315944 0.0128418 0.00395462 -0.00403972 0.00533246 -0.0118598 -0.00374321 -0.00897063 -0.00209731
internal_weight=31.9029 18.0127 7.49685 4.96705 13.8902 6.31809 7.57213 10.5158 7.72445 5.58627
internal_count=250 144 63 43 106 50 56 81 59 44
is_linear=0
shrinkage=0.05


Tree=435
num_leaves=11
num_cat=0
split_feature=13 14 3 1 1 1 14 15 23 30
split_gain=0.169439 0.36794 0.259839 0.357782 0.507206 0.50335 0.384506 0.283092 0.322895 0.389782
threshold=40.412739493807898 0.086471006402752223 -0.0049818568432305468 0.025376446867029005 0.0084322621694238337 -0.011980311302192346 1.0086778831428462 0.023843762681046505 -0.0070216414386057293 0.0067993525455957169
decision_type=2 2 2 2 2 2 2 2 2 2
left_child=1 -1 7 4 5 -4 -5 -2 -9 -10
right_child=2 -3 3 6 -6 -7 -8 8 9 -11
leaf_value=0.0094842533066474503 -0.0073867666525477688 -0.018369152482096546 -0.014713159693548257 0.013735933035217593 -0.027473896612373285 0.014192657127458678 -0.0080148285910207548 -0.0004977822130107077 0.036449650467893481 0.0064290623309994511
leaf_weight=1.8544443175196672 2.1590196602046543 3.2876757644116879 3.2182923704385802 5.2096980866044742 2.633917773142457 2.8307356247678337 3.3310098573565483 2.6239598467946053 2.2056600786745548 2.1209700927138329
leaf_count=14 15 37 25 39 21 20 20 17 23 19
internal_value=-2.2358e-05 -0.00832415 0.00159874 -0.00201333 -0.00916044 -0.00118624 0.0052528 0.00842814 0.0133406 0.0217332
internal_weight=31.4754 5.14212 26.3333 17.2237 8.68295 6.04903 8.54071 9.10961 6.95059 4.32663
internal_count=250 51 199 125 66 45 59 74 59 42
is_linear=0
shrinkage=0.05


Tree=436
num_leaves=10
num_cat=0
split_feature=30 30 24 30 30 18 16 10 13
split_gain=0.0476137 0.0431725 0.0887888 0.0500229 0.104393 1.88783e-06 5.54635e-07 3.23284e-07 5.04302e-08
threshold=0.017605931196604366 0.0041410092022451392 -0.020930970499596854 0.0057274413771092334 0.011670916512362186 -0.36732556852340664 0.019984316803336791 -0.026779829608003861 43.802957839915372
decision_type=2 2 2 2 2 2 2 2 2
left_child=1 2 -1 -3 5 -5 -2 -4 -9
right_child=6 3 7 4 -6 -7 -8 8 -10
leaf_value=0.015185216925807529 -0.03361658790700172 0.031308528469552857 -0.0335823230599194 -0.033783052716746587 0.017576305561409614 -0.033421558091888064 -0.03337832698262249 -0.033468236067673102 -0.033405607075109721
leaf_weight=0.1774199211213271 0.049518091283971555 0.20345811318838969 0.039914996421430149 0.067876466520829126 0.3186781796393916 0.0771850430755876 0.048201308061834425 0.044683964573778212 0.11452025111066177
leaf_count=15 8 12 12 9 30 33 39 11 81
internal_value=-0.000124804 0.00299985 -0.0105365 0.0106392 0.00157085 -0.0335907 -0.0334991 -0.0334551 -0.0334232
internal_weight=1.14146 1.04374 0.376539 0.667198 0.46374 0.145062 0.0977194 0.199119 0.159204
internal_count=250 203 119 84 72 42 47 104 92
is_linear=0
shrinkage=0.05


Tree=437
num_leaves=8
num_cat=0
split_feature=31 12 24 15 17 30 16
split_gain=0.156709 0.370481 0.502448 0.313163 0.462858 0.292837 0.381175
threshold=-0.59098621846241872 -0.0367714194080574 0.0022466909518641391 0.025790610387866012 -0.0041414690000250399 -0.011851822434149449 0.022708667673989654
decision_type=2 2 2 2 2 2 2
left_child=-1 2 -2 4 -3 -5 -7
right_child=1 3 -4 5 -6 6 -8
leaf_value=-0.010127343010367029 0.030207147501718375 -0.029256042063817045 -0.0028445342849491438 -0.011207435713344951 -0.0011446121403405757 -0.010253832004246906 0.0098877362452436026
leaf_weight=3.3915783986449268 2.3774399291724029 2.2003602907061577 2.2269104290753603 3.2466974183917143 4.3770944103598586 3.0056764706969181 10.751042168587444
leaf_count=27 24 19 19 23 34 23 81
internal_value=2.67977e-05 0.00124866 0.0142216 -0.0012844 -0.0105487 0.00229934 0.00548705
internal_weight=31.5768 28.1852 4.60435 23.5809 6.57745 17.0034 13.7567
internal_count=250 223 43 180 53 127 104
is_linear=0
shrinkage=0.05


Tree=438
num_leaves=10
num_cat=0
split_feature=13 14 3 1 15 1 1 12 8
split_gain=0.160491 0.351832 0.243996 0.343142 0.366297 0.357387 0.423196 0.267408 0.334635
threshold=40.412739493807898 0.086471006402752223 -0.0049818568432305468 0.025376446867029005 0.038322488500930639 0.0063923203327502795 -0.011980311302192346 -0.02511249447760816 -0.010001398889979135
decision_type=2 2 2 2 2 2 2 2 2
left_child=1 -1 7 5 -5 6 -4 8 -2
right_child=2 -3 3 4 -6 -7 -8 -9 -10
leaf_value=0.0093490328378984782 0.012315645535814341 -0.018017543679627324 -0.014326882015672299 0.014904208748088388 -0.0059016854988925803 -0.023998292100973415 0.012621752896251382 0.019342800369916386 -0.012347700601310664
leaf_weight=1.8375084660947347 3.1440964080393314 3.2546963356435299 3.2001308836042925 4.5263997577130777 3.9715815633535385 2.7136701680719852 2.6742575550451813 3.3800569027662331 2.4447476156055927
leaf_count=14 25 37 25 33 26 22 19 30 19
internal_value=-2.38392e-05 -0.00814239 0.00156286 -0.00194276 0.00518045 -0.00899127 -0.00205878 0.00824118 0.00152707
internal_weight=31.1471 5.0922 26.0549 17.086 8.49798 8.58806 5.87439 8.9689 5.58884
internal_count=250 51 199 125 59 66 44 74 44
is_linear=0
shrinkage=0.05


Tree=439
num_leaves=12
num_cat=0
split_feature=30 11 8 30 12 18 30 11 15 16 2
split_gain=0.0459834 0.0410835 0.0857165 0.0852808 0.0688919 0.0226296 0.0544837 1.62481e-06 8.4606e-07 4.89497e-07 6.58293e-08
threshold=0.017605931196604366 64.792499809265152 -0.039929819727766776 0.0041410092022451392 0.097389921501235724 -0.38992842551632295 0.0057274413771092334 65.163199729919441 0.03764537829892866 0.019984316803336791 -0.031387221143873593
decision_type=2 2 2 2 2 2 2 2 2 2 2
left_child=1 3 -3 4 8 -5 -7 -4 -1 -2 -9
right_child=9 2 7 5 -6 6 -8 10 -10 -11 -12
leaf_value=-0.033430040274093333 -0.033604624396818904 0.033764821564725371 -0.033750806895938512 0.030878474176411999 0.024320858254032147 0.03121637027625588 -0.011776234915544382 -0.033481272959678919 -0.033665227853580164 -0.033376705596058175 -0.033401949593591246
leaf_weight=0.11197504017036386 0.047742008173372708 0.065051519137341529 0.063682713458547369 0.24450174428056926 0.073867389000952244 0.15152348660922144 0.14346380179631524 0.043165046430658549 0.058070662198588252 0.046504392041242681 0.066372291723382659
leaf_count=59 8 3 8 11 13 9 38 10 6 39 46
internal_value=-7.43544e-05 0.00300834 -0.0151721 0.00853791 -0.0159966 0.0196304 0.0103074 -0.03355 -0.0335104 -0.0334922 -0.0334332
internal_weight=1.11592 1.02167 0.238272 0.783402 0.243913 0.539489 0.294987 0.17322 0.170046 0.0942464 0.109537
internal_count=250 203 67 136 78 58 47 64 65 47 56
is_linear=0
shrinkage=0.05


Tree=440
num_leaves=9
num_cat=0
split_feature=0 19 20 0 13 20 6 26
split_gain=0.156775 0.899375 0.631046 0.483736 0.275435 0.295664 0.712442 0.228116
threshold=0.0088135326162109857 0.055656248383201386 -0.08003399116442754 0.0050299029958736927 37.763303446254092 0.039020292288146415 0.88771773927474296 0.008259156823366311
decision_type=2 2 2 2 2 2 2 2
left_child=3 2 -2 4 -1 6 -6 -4
right_child=1 -3 7 -5 5 -7 -8 -9
leaf_value=0.01388862809790645 0.0062932996834965411 0.019311928058335672 -0.034788791215381747 0.023249081027036586 -0.027130708886143318 0.0067318280046275636 0.0018542930412407223 -0.014360851928778222
leaf_weight=2.8665982689708569 2.9089008569717398 2.9407848715782157 2.2315523885190478 2.5098812635987988 3.2749431207776052 4.9812464024871579 6.0117311254143715 3.5258861314505339
leaf_count=28 21 21 18 21 26 38 50 27
internal_value=2.64147e-05 -0.00458071 -0.0126883 0.00274859 -0.000254341 -0.00309583 -0.00836726 -0.0222786
internal_weight=31.2515 11.6071 8.66634 19.6444 17.1345 14.2679 9.28667 5.75744
internal_count=250 87 66 163 142 114 76 45
is_linear=0
shrinkage=0.05


Tree=441
num_leaves=10
num_cat=0
split_feature=26 26 24 23 26 22 15 20 15
split_gain=0.156017 0.395205 0.440057 0.386325 0.445896 0.424252 0.347416 0.283467 0.322912
threshold=0.0032318553269292676 0.02611721104091325 0.013714463482687901 -1.0000000180025095e-35 -0.016868635283571628 0.0027437233214849814 0.027907058819812858 -0.013468280417726462 0.027489752018795027
decision_type=2 2 2 2 2 2 2 2 2
left_child=3 2 6 4 -1 -5 -2 -3 -9
right_child=1 7 -4 5 -6 -7 -8 8 -10
leaf_value=-0.021389057937455398 0.006976289795243353 -0.0062669447683789585 -0.029720876606311272 0.027429411382262694 0.0069170882044367723 0.0021858551618092535 -0.01810814975136368 -0.0027255351390194434 0.020812572256057836
leaf_weight=2.4736680909991264 3.2083022817969349 4.3008839040994671 2.3127224408090115 2.7442609444260615 3.1795681584626436 4.2298869732767344 2.4226166363805532 2.5751187726855234 3.3559715393930674
leaf_count=22 30 36 23 19 24 32 19 20 25
internal_value=-2.42012e-05 -0.0029902 -0.0113579 0.004245 -0.00546874 0.012119 -0.00381591 0.00350611 0.010593
internal_weight=30.803 18.1756 7.94364 12.6274 5.65324 6.97415 5.63092 10.232 5.93109
internal_count=250 153 72 97 46 51 49 81 45
is_linear=0
shrinkage=0.05


Tree=442
num_leaves=10
num_cat=0
split_feature=29 29 7 29 24 29 18 25 33
split_gain=0.0451493 0.0422688 0.0954179 0.0473039 0.0350224 3.37579e-07 1.1045e-07 9.02667e-08 1.3806e-08
threshold=0.0053127443568387065 0.0044184144934866785 62.792499732971201 -0.00067689160808631621 -0.020118009008263601 0.003175188418431341 -0.36732556852340664 -0.013357536330666551 0.62500000000000011
decision_type=2 2 2 2 2 2 2 2 2
left_child=1 2 5 4 -4 7 -2 -1 -8
right_child=6 -3 3 -5 -6 -7 8 -9 -10
leaf_value=-0.033489177454154438 -0.033499451059061318 0.022230747606468051 0.031089941449604964 -0.014941876461108287 0.002016418435811167 -0.03357487965590631 -0.033405222869931903 -0.033396848285079293 -0.03335580560233814
leaf_weight=0.035341444425284863 0.033381828150595538 0.2235758376045851 0.20774055269430391 0.16678652827977203 0.20659645274281502 0.046914823818951845 0.035756155877606943 0.10548395582009107 0.023371756309643388
leaf_count=6 14 12 8 37 44 9 22 66 32
internal_value=-1.88629e-05 0.00309523 -0.00246913 0.0075425 0.0165933 -0.0334587 -0.0334267 -0.03342 -0.0333857
internal_weight=1.08495 0.99244 0.768864 0.581124 0.414337 0.18774 0.0925097 0.140825 0.0591279
internal_count=250 182 170 89 52 81 68 72 54
is_linear=0
shrinkage=0.05


Tree=443
num_leaves=7
num_cat=0
split_feature=31 12 24 24 30 22
split_gain=0.149953 0.350505 0.478504 0.304217 0.408062 0.451267
threshold=-0.59098621846241872 -0.0367714194080574 0.0022466909518641391 0.025147474485102021 -0.011140836099140459 0.005961149877537931
decision_type=2 2 2 2 2 2
left_child=-1 2 -2 4 -3 -6
right_child=1 3 -4 -5 5 -7
leaf_value=-0.010016495698382061 0.029851378482535901 -0.020318975958454437 -0.002754353858903475 0.014236310450617573 -0.0046586904068221784 0.01497998457745651
leaf_weight=3.3187984153628376 2.3132680449634853 3.0265112854540446 2.1909389086067677 2.7860133517533532 13.538843166083092 3.7313378266990176
leaf_count=27 24 22 19 22 107 29
internal_value=2.47829e-05 0.00123278 0.0139913 -0.00125683 -0.00338348 -0.000415624
internal_weight=30.9057 27.5869 4.50421 23.0827 20.2967 17.2702
internal_count=250 223 43 180 158 136
is_linear=0
shrinkage=0.05


Tree=444
num_leaves=8
num_cat=0
split_feature=11 32 18 20 25 21 0
split_gain=0.158738 0.410552 0.419536 0.339394 0.50844 0.481117 0.447466
threshold=62.789599914550784 0.047512508715038225 0.1193689594489558 0.083074559037394594 0.0005742204483144554 -0.0024741167200255649 1.0000000180025095e-35
decision_type=2 2 2 2 2 2 2
left_child=1 2 -1 4 6 -6 -2
right_child=3 -3 -4 -5 5 -7 -8
leaf_value=0.014444609755219837 -0.0048013295974027358 -0.01560717541132464 -0.0080292994199546771 0.017891953332815007 0.0034048117897383778 -0.021215470420305776 0.022341698709527555
leaf_weight=3.9457096513360757 2.6827919892966765 4.9135208223015061 4.3837052974849939 3.1778856981545678 4.0826599299907711 3.8606999572366449 3.4983808044344187
leaf_count=32 25 39 34 28 32 32 28
internal_value=-2.48326e-05 -0.00414485 0.00261677 0.00312855 -0.000193074 -0.00856135 0.0105609
internal_weight=30.5454 13.2429 8.32941 17.3024 14.1245 7.94336 6.18117
internal_count=250 105 66 145 117 64 53
is_linear=0
shrinkage=0.05


Tree=445
num_leaves=12
num_cat=0
split_feature=4 33 23 19 11 11 21 16 17 5 3
split_gain=0.0468651 0.0414373 0.0862929 0.0643272 0.0513462 1.04076e-06 6.74734e-08 6.72589e-08 1.27072e-08 5.39675e-09 3.63106e-10
threshold=0.024108197542607037 0.91500000000000015 -1.0000000180025095e-35 -0.010105145627009536 59.851199951171886 60.153300018310553 0.0025336981609509483 0.019984316803336791 0.031246383829424244 0.023736104707731905 0.083157543797607106
decision_type=2 2 2 2 2 2 2 2 2 2 2
left_child=1 2 5 -4 -5 -1 -7 -2 9 -9 -11
right_child=7 -3 3 4 -6 6 -8 8 -10 10 -12
leaf_value=-0.033689548957212136 -0.033474798617560621 0.023129869936820549 0.019155409540226036 0.018310675666516465 -0.033526760312773622 -0.033389602149893165 -0.033468879393129099 -0.033390937998509146 -0.033414981176259226 -0.03336064565091406 -0.03334890118481728
leaf_weight=0.048537283582845703 0.030154674663208425 0.20667607052018866 0.38115303665108513 0.073620629089418799 0.13605069810000714 0.081596852513030171 0.039995114639168605 0.016606828241492622 0.022517819787026383 0.012677056103711948 0.013686518570466433
leaf_count=13 6 15 35 10 36 57 11 12 14 15 26
internal_value=-2.4224e-05 0.00327601 -0.00211633 0.00691889 -0.0153254 -0.0334938 -0.0334157 -0.033413 -0.0333846 -0.0333686 -0.0333545
internal_weight=1.06327 0.96763 0.760954 0.590824 0.209671 0.170129 0.121592 0.0956429 0.0654882 0.0429704 0.0263636
internal_count=250 177 162 81 46 81 68 73 67 53 41
is_linear=0
shrinkage=0.05


Tree=446
num_leaves=10
num_cat=0
split_feature=11 32 34 20 2 25 9 18 16
split_gain=0.150039 0.402934 0.38895 0.323235 0.395239 0.544121 0.399431 0.310882 0.303031
threshold=62.789599914550784 -0.041844902035135724 -0.5333865188936453 0.14238316088760153 0.044430882109651855 0.0005742204483144554 64.239249897003177 0.1193689594489558 0.026326469162388805
decision_type=2 2 2 2 2 2 2 2 2
left_child=1 7 -3 4 5 8 -7 -1 -2
right_child=3 2 -4 -5 -6 6 -8 -9 -10
leaf_value=-0.014790406316273938 -0.020184242712336639 0.029202553975849161 0.0032537021738316772 -0.02013336204930501 -0.014928601447929211 0.0022925573182375923 0.02688652788987575 0.0058633009690302077 0.0052605305626721843
leaf_weight=3.4488091077655554 2.6047969907522219 2.3990240171551704 3.62797509878874 2.3859645631164303 3.5313055906444779 3.648258350789547 3.0154892019927502 3.8624512553215027 2.1244616359472275
leaf_count=29 21 21 25 17 27 29 27 30 24
internal_value=2.55895e-05 0.00401097 0.0135825 -0.00304531 -0.000313424 0.00421661 0.0134219 -0.0038793 -0.00875403
internal_weight=30.6485 13.3383 6.027 17.3103 14.9243 11.393 6.66375 7.31126 4.72926
internal_count=250 105 46 145 128 101 56 59 45
is_linear=0
shrinkage=0.05


Tree=447
num_leaves=9
num_cat=0
split_feature=18 26 3 34 18 18 22 13
split_gain=0.156736 0.541221 0.36524 0.457966 0.629622 0.50971 0.290993 0.172261
threshold=-0.66502570756642032 0.017428735119305986 -0.039881461104625364 -0.60820297521808142 0.18508921666765429 1.0000000180025095e-35 0.0054258861086167185 41.757060359030639
decision_type=2 2 2 2 2 2 2 2
left_child=1 -1 7 4 -4 -5 -7 -2
right_child=2 -3 3 5 -6 6 -8 -9
leaf_value=0.0044455680036649204 0.0048311987119900382 -0.025191853646713242 -0.030606109024448564 0.017491759635024164 0.0045050760351671368 0.0035422477343653481 -0.014823876733048292 0.02354392569672828
leaf_weight=4.0263323448598412 2.514019347727305 2.4949065297842026 2.7100916840136131 4.3941599521785877 2.4142614621669054 5.8983712838962656 3.3997927624732256 2.4076913930475712
leaf_count=31 23 23 28 34 19 45 26 21
internal_value=-2.74858e-05 -0.00689317 0.0018586 -0.0013133 -0.014064 0.00345865 -0.00317317 0.0139854
internal_weight=30.2596 6.52124 23.7384 18.8167 5.12435 13.6923 9.29816 4.92171
internal_count=250 54 196 152 47 105 71 44
is_linear=0
shrinkage=0.05


Tree=448
num_leaves=12
num_cat=0
split_feature=4 4 23 19 11 11 13 16 17 5 3
split_gain=0.0451483 0.0390869 0.0831921 0.0630839 0.0459651 8.29755e-07 1.0588e-07 5.86413e-08 1.1202e-08 4.73836e-09 3.22904e-10
threshold=0.024108197542607037 0.020478284861607476 -1.0000000180025095e-35 -0.015553345739007572 59.851199951171886 60.153300018310553 39.78815856254743 0.019984316803336791 0.031246383829424244 0.023736104707731905 0.083157543797607106
decision_type=2 2 2 2 2 2 2 2 2 2 2
left_child=1 2 5 -4 -5 -1 -7 -2 9 -9 -11
right_child=7 -3 3 4 -6 6 -8 8 -10 10 -12
leaf_value=-0.033683118165170986 -0.033468521655062179 0.021000926452998003 0.019861232679576239 0.015638255829602331 -0.03351859181758228 -0.033493668533841413 -0.033397008197223216 -0.03338847950366302 -0.03341152267177263 -0.03335960681493174 -0.033348302750748841
leaf_weight=0.046330760145792738 0.02885807235725224 0.23460715165128931 0.34581698953115847 0.075746362737845629 0.12777705740882084 0.045881651371018961 0.074061855673789978 0.016000077710486948 0.021737041373853572 0.012128123024012893 0.013186015370592941
leaf_count=12 6 27 30 11 35 15 47 12 14 15 26
internal_value=5.33099e-05 0.00328997 -0.00251639 0.00686275 -0.0152236 -0.0335034 -0.033434 -0.0334095 -0.0333825 -0.0333672 -0.0333537
internal_weight=1.04213 0.950222 0.715615 0.54934 0.203523 0.166274 0.119944 0.0919093 0.0630513 0.0413142 0.0253141
internal_count=250 177 150 76 46 74 62 73 67 53 41
is_linear=0
shrinkage=0.05


Tree=449
num_leaves=10
num_cat=0
split_feature=4 11 13 30 32 34 33 24 4
split_gain=0.154526 0.239127 0.600312 0.495936 0.359368 0.37739 0.319741 0.273041 0.2144
threshold=0.047338373287008399 62.789599914550784 51.457278168602024 0.012721816906958396 -0.041844902035135724 -0.5333865188936453 0.21500000000000002 -0.0079996616767286626 0.017912761302785813
decision_type=2 2 2 2 2 2 2 2 2
left_child=1 4 3 6 7 -6 -3 -1 -4
right_child=-2 2 8 -5 5 -7 -8 -9 -10
leaf_value=0.0098912872922332015 0.011529904984746958 0.0087622596451752497 -0.0085116017260508502 0.018064031467629312 0.028524198286811943 0.0027578629469450135 -0.015644510122117934 -0.010595719330905501 -0.028231918873120876
leaf_weight=2.4550340045243502 2.6628887541592112 2.158629294484852 2.7207251116633406 3.2485406547784805 2.3409746661782265 3.6165487673133665 3.5466048903763294 4.8180602826178074 2.7933381088078022
leaf_count=20 22 21 21 30 21 25 31 39 20
internal_value=2.55637e-05 -0.00108045 -0.00552313 0.0024695 0.00377768 0.0128826 -0.00640998 -0.00368033 -0.0185016
internal_weight=30.3613 27.6985 14.4678 8.95377 13.2306 5.95752 5.70523 7.27309 5.51406
internal_count=250 228 123 82 105 46 52 59 41
is_linear=0
shrinkage=0.05


Tree=450
num_leaves=7
num_cat=0
split_feature=31 12 24 24 20 23
split_gain=0.151082 0.336148 0.469456 0.299199 0.381791 0.420386
threshold=-0.59098621846241872 -0.0367714194080574 0.0022466909518641391 0.025147474485102021 -0.086567704814785415 0.0067664066851379498
decision_type=2 2 2 2 2 2
left_child=-1 2 -2 4 -3 -6
right_child=1 3 -4 -5 5 -7
leaf_value=0.010259600920638998 -0.030163433613202985 -0.0097934263005869104 0.0028155026437396685 -0.014348940953833964 0.0032029561422938849 0.024859995308936469
leaf_weight=3.1876596920192268 2.2059047436341706 4.3178183455020287 2.112510297447443 2.7180991992354384 12.680350620299569 2.7216804008930913
leaf_count=27 24 32 19 22 101 25
internal_value=-2.99986e-05 -0.00125587 -0.0140306 0.00120276 0.00334634 0.00702995
internal_weight=29.944 26.7564 4.31842 22.4379 19.7198 15.402
internal_count=250 223 43 180 158 126
is_linear=0
shrinkage=0.05


Tree=451
num_leaves=10
num_cat=0
split_feature=29 29 7 30 30 29 22 25 33
split_gain=0.0433213 0.0384504 0.0897519 0.0424067 0.0363454 2.50214e-07 1.01354e-07 6.39851e-08 7.00125e-09
threshold=0.0053127443568387065 0.0044184144934866785 62.792499732971201 0.0057274413771092334 0.0041410092022451392 0.003175188418431341 0.0071281247551754365 -0.013357536330666551 0.62500000000000011
decision_type=2 2 2 2 2 2 2 2 2
left_child=1 2 5 4 -4 7 8 -1 -2
right_child=6 -3 3 -5 -6 -7 -8 -9 -10
leaf_value=-0.033475017578471128 -0.033392923589668326 0.022104056808130795 0.0027187674545975059 -0.014488649243308331 0.03324845936669326 -0.033552130229948539 -0.033488098066691334 -0.033393887107449331 -0.033354310907404129
leaf_weight=0.032266337191686034 0.033235741138923913 0.20986441394779831 0.21703508601058275 0.15431503462605178 0.17698243062477559 0.043684094620402902 0.036672699556220323 0.098464289752882905 0.018151035241317004
leaf_count=6 24 12 46 38 5 9 15 66 29
internal_value=9.82009e-05 0.00326351 -0.00220723 0.00773006 0.0164319 -0.0334485 -0.0334246 -0.0334139 -0.0333793
internal_weight=1.02067 0.932612 0.722747 0.548333 0.394018 0.174415 0.0880595 0.130731 0.0513868
internal_count=250 182 170 89 51 81 68 72 53
is_linear=0
shrinkage=0.05


Tree=452
num_leaves=10
num_cat=0
split_feature=4 11 13 30 15 1 25 33 4
split_gain=0.150446 0.221131 0.558092 0.471476 0.349513 0.419293 0.458529 0.296103 0.207728
threshold=0.047338373287008399 62.789599914550784 51.457278168602024 0.012721816906958396 0.025267678478300141 -0.013345747581097465 0.0027812766174322161 0.21500000000000002 0.017912761302785813
decision_type=2 2 2 2 2 2 2 2 2
left_child=1 4 3 7 -1 -6 -7 -3 -4
right_child=-2 2 8 -5 5 6 -8 -9 -10
leaf_value=-0.011878067730229496 0.01139825165210418 0.0083565225133400856 -0.0081515588096962212 0.017676301747492146 0.026156788728346026 0.015216390183654208 -0.0090306450029096243 -0.015243165787757274 -0.027690981548097949
leaf_weight=2.8462550379335942 2.6517940983176223 2.1370371803641302 2.7051510699093333 3.2083919532597065 2.411912113428115 3.6643244456499806 4.1671445854008198 3.5158151872456074 2.7359366044402122
leaf_count=25 22 21 21 30 20 31 29 31 20
internal_value=2.65629e-05 -0.00107432 -0.00537209 0.00236745 0.00362162 0.0079284 0.00231448 -0.0063214 -0.0179765
internal_weight=30.0438 27.392 14.3023 8.86124 13.0896 10.2434 7.83147 5.65285 5.44109
internal_count=250 228 123 82 105 80 60 52 41
is_linear=0
shrinkage=0.05


Tree=453
num_leaves=10
num_cat=0
split_feature=13 26 3 25 31 25 20 31 21
split_gain=0.149163 0.268043 0.242057 0.317776 0.344306 0.52198 0.368603 0.291156 0.210826
threshold=39.78815856254743 0.027699433520321119 -0.0049818568432305468 0.014995695540538147 0.26799529653780385 -0.0020926799625824439 -0.017777307937285155 0.070014050732705321 0.00096570780090388119
decision_type=2 2 2 2 2 2 2 2 2
left_child=1 -1 7 4 5 -4 -6 8 -2
right_child=2 -3 3 -5 6 -7 -8 -9 -10
leaf_value=-0.019751815755569887 0.021233571655348029 0.0048046520383962232 -0.022617670969027913 -0.016740135432649791 -0.0042085669120160386 0.0059662740518908082 0.019108608202599464 -0.0058318304990931623 0.0022596173585033076
leaf_weight=2.4138335026800659 3.8537647593766504 2.0592767940834165 2.9485534764826298 3.0358021557331076 3.0037262849509769 3.4847947359085065 3.8898074589669651 2.6259738076478243 2.3609217256307602
leaf_count=28 35 20 25 25 20 23 32 22 20
internal_value=-3.24917e-05 -0.0084468 0.00146089 -0.00214088 0.00118477 -0.00713441 0.00894859 0.00812719 0.0140255
internal_weight=29.6765 4.47311 25.2033 16.3627 13.3269 6.43335 6.89353 8.84066 6.21469
internal_count=250 48 202 125 100 48 52 77 55
is_linear=0
shrinkage=0.05


Tree=454
num_leaves=12
num_cat=0
split_feature=29 11 1 30 18 22 11 17 22 19 33
split_gain=0.0420306 0.0369511 0.072561 0.0575657 0.0634011 0.0219172 1.65439e-06 6.18054e-07 9.2535e-08 3.52766e-08 6.25446e-09
threshold=0.0053127443568387065 64.792499809265152 -0.068588206371994961 0.0041410092022451392 -1.9053943626325152 -0.0022232471265162253 65.017600021362313 -0.0150113672960121 0.0071281247551754365 -0.0042854614325467102 0.62500000000000011
decision_type=2 2 2 2 2 2 2 2 2 2 2
left_child=1 3 -3 4 -1 -5 -4 -6 10 -8 -2
right_child=8 2 6 5 7 -7 9 -9 -10 -11 -12
leaf_value=0.027457237472745505 -0.033390695574049216 0.030704469597470297 -0.033761504447576411 0.0053429660617906292 -0.033652309332587525 0.026485138266758235 -0.033442389772425633 -0.033421374889550798 -0.033483387415299652 -0.033381148905634365 -0.033353499777803483
leaf_weight=0.062594678485766053 0.032006842804548796 0.061935866950079799 0.05442836532893125 0.20817993898526765 0.04237065720371902 0.29812689879327081 0.056780133192660287 0.091625197557732463 0.035462392930639908 0.040137459349352866 0.017470515362219885
leaf_count=3 24 3 5 34 11 22 20 49 15 35 29
internal_value=0.000225137 0.00334457 -0.0148844 0.00887583 -0.0140873 0.017792 -0.0335409 -0.0334944 -0.0334217 -0.033417 -0.0333776
internal_weight=1.00112 0.916179 0.213282 0.702897 0.196591 0.506307 0.151346 0.133996 0.0849398 0.0969176 0.0494774
internal_count=250 182 63 119 63 56 60 60 68 55 53
is_linear=0
shrinkage=0.05


Tree=455
num_leaves=9
num_cat=0
split_feature=25 23 29 22 1 26 8 10
split_gain=0.149492 0.323669 0.229308 0.601181 0.429798 0.544126 0.415837 0.407854
threshold=0.014995695540538147 -0.0031390389992162477 0.0033149998586834433 -0.0072057954734514587 -0.0166753827351892 0.014575206597835068 0.02642280019819802 -0.017283143438619669
decision_type=2 2 2 2 2 2 2 2
left_child=2 -2 3 -1 -5 -6 7 -4
right_child=1 -3 6 4 5 -7 -8 -9
leaf_value=-0.017861997428362281 -0.0059185317093495213 0.019316937224235886 -0.0014927194244641114 0.022127837298704205 -0.0069643873389720048 0.017913484976809897 0.0089365400807579209 -0.027924816404098975
leaf_weight=3.1273510288447204 2.3376771463081241 2.7836718596518031 2.7382157668471336 3.3058908917009893 6.610954217612738 3.2926125675439835 2.4531252160668373 3.1249986421316844
leaf_count=27 18 26 26 27 55 26 17 28
internal_value=2.48148e-05 0.00779802 -0.00158996 0.00185057 0.00651754 0.00130669 -0.00834862 -0.0155806
internal_weight=29.7745 5.12135 24.6531 16.3368 13.2095 9.90357 8.31634 5.86321
internal_count=250 44 206 135 108 81 71 54
is_linear=0
shrinkage=0.05


Tree=456
num_leaves=9
num_cat=0
split_feature=18 18 3 34 18 18 22 23
split_gain=0.143887 0.557653 0.341956 0.410738 0.598687 0.487328 0.278876 0.172321
threshold=-0.66502570756642032 -1.0148394064274078 -0.039881461104625364 -0.60820297521808142 0.18508921666765429 1.0000000180025095e-35 0.0054258861086167185 -0.0038989786443754944
decision_type=2 2 2 2 2 2 2 2
left_child=1 -1 7 4 -4 -5 -7 -2
right_child=2 -3 3 5 -6 6 -8 -9
leaf_value=0.004427114794821079 0.0038854619182694763 -0.026477288090848563 -0.030181418417813688 0.017168169686460108 0.0046884225085500565 0.0033550881397983161 -0.014837352606042584 0.022932204303883538
leaf_weight=4.0525737926363945 2.2932958919554949 2.2814599741250303 2.5925540700554928 4.2774091120809219 2.3437783624976873 5.7569896383210999 3.3221480175852776 2.4627859983593288
leaf_count=33 18 21 28 34 19 45 26 26
internal_value=-2.98731e-05 -0.00670436 0.00180433 -0.00130104 -0.0136252 0.00325373 -0.00330171 0.0137482
internal_weight=29.383 6.33403 23.049 18.2929 4.93633 13.3565 9.07914 4.75608
internal_count=250 54 196 152 47 105 71 44
is_linear=0
shrinkage=0.05


Tree=457
num_leaves=12
num_cat=0
split_feature=30 9 8 30 12 6 18 24 9 16 25
split_gain=0.0405644 0.0367557 0.0555354 0.0540527 0.0637384 0.0422489 0.0268037 0.0141193 1.43949e-06 3.28309e-07 3.15334e-07
threshold=0.017605931196604366 63.559999656677256 -0.039929819727766776 0.0049376848564426376 0.097389921501235724 0.4706002012910297 -0.18758523862403501 -0.025097494637346836 63.626750087738039 0.019984316803336791 -0.0075082184389771425
decision_type=2 2 2 2 2 2 2 2 2 2 2
left_child=1 3 -3 4 10 -4 -5 -8 -7 -2 -1
right_child=9 2 5 6 -6 8 7 -9 -10 -11 -12
leaf_value=-0.033588504255941967 -0.033571238198461154 0.032217106143514605 0.018392006124929312 0.032374627581955633 0.030610839749649999 -0.033760894026248989 0.024015424544538963 -0.0027615134264052936 -0.033439996600042973 -0.033371067149663869 -0.033413783306682772
leaf_weight=0.037465730260009877 0.04189784245681949 0.058426001560292207 0.049960213713347912 0.21544913880643435 0.057225820783060044 0.047207847412209958 0.078746588493231684 0.1313409075664822 0.13456275696808007 0.040079602440528106 0.083105453159078024
leaf_count=10 8 5 2 9 3 6 7 35 75 39 51
internal_value=0.000188146 0.00327658 -0.0113469 0.0103093 -0.0128436 -0.0223306 0.019983 0.00727522 -0.0335233 -0.0334734 -0.0334681
internal_weight=0.975468 0.89349 0.290157 0.603334 0.177797 0.231731 0.425537 0.210087 0.181771 0.0819774 0.120571
internal_count=250 203 88 115 64 83 51 42 81 47 61
is_linear=0
shrinkage=0.05


Tree=458
num_leaves=7
num_cat=0
split_feature=16 12 16 15 31 2
split_gain=0.148852 0.62556 0.293967 0.319001 0.343047 0.514622
threshold=0.019693446076133037 -0.019811331895996157 0.023410521951111509 0.025790610387866012 -0.20382550636851351 0.053516475726069108
decision_type=2 2 2 2 2 2
left_child=1 -1 -2 -4 -5 -6
right_child=2 -3 3 4 5 -7
leaf_value=0.0095372260658640861 0.014346085335181592 -0.025281073575798552 -0.012740745485927157 -0.011625533162493706 0.016670420579958309 -0.0034412683439703114
leaf_weight=2.6074031572788954 3.8447204194963005 2.5532138533890274 4.3483128519728806 3.3862367793917754 6.1565052792429835 6.5806654430925846
leaf_count=26 33 22 38 31 56 44
internal_value=2.35517e-05 -0.00768912 0.00166039 -0.000722062 0.00251925 0.00627971
internal_weight=29.4771 5.16062 24.3164 20.4717 16.1234 12.7372
internal_count=250 48 202 169 131 100
is_linear=0
shrinkage=0.05


Tree=459
num_leaves=9
num_cat=0
split_feature=13 26 23 26 17 22 17 24
split_gain=0.143509 0.255779 0.228029 0.324528 0.468855 0.369034 0.808349 0.363586
threshold=39.78815856254743 0.027699433520321119 -0.012691506726574485 0.0059314848699386644 -0.0037695819872031562 1.0000000180025095e-35 0.0098434142616025851 0.0051767028174785077
decision_type=2 2 2 2 2 2 2 2
left_child=1 -1 -2 4 -4 6 -5 -6
right_child=2 -3 3 5 7 -7 -8 -9
leaf_value=-0.019515809953574371 -0.013100853982718395 0.0046605132388712152 0.024027916107925401 -0.0080982391585452257 0.016201510730078441 -0.013772443265720136 0.025547333059020124 -0.008102751731834756
leaf_weight=2.3691592812538174 2.4286428838968339 2.0326377283781767 3.6371583621948957 4.8749727942049486 2.5546808224171382 4.5252956375479698 2.816607590764761 3.8696894403547049
leaf_count=28 20 20 30 42 23 38 20 29
internal_value=-3.43054e-05 -0.0083518 0.00144754 0.0030335 0.00968321 -0.00244304 0.00422255 0.00156195
internal_weight=29.1088 4.4018 24.707 22.2784 10.0615 12.2169 7.69158 6.42437
internal_count=250 48 202 182 82 100 62 52
is_linear=0
shrinkage=0.05


Tree=460
num_leaves=10
num_cat=0
split_feature=21 20 5 30 24 13 13 16 26
split_gain=0.0404246 0.0753912 0.0655214 0.0341143 0.076187 1.46977e-07 1.15597e-07 1.77267e-08 7.96064e-09
threshold=0.00025591324514329111 -0.047054593386037839 0.013342075155358376 0.0041410092022451392 -0.020118009008263601 33.097408736312182 44.325072162890514 0.017892458855103866 0.039865672502344414
decision_type=2 2 2 2 2 2 2 2 2
left_child=2 -2 -1 4 -3 -4 -6 -7 -9
right_child=1 3 5 -5 6 7 -8 8 -10
leaf_value=0.032056189411242927 -0.03348575127210314 0.023337069264358079 -0.033514055422622063 0.021527683102968431 -0.033506173132355425 -0.033420134226963459 -0.033400332544422047 -0.033367852863828734 -0.033397443875853403
leaf_weight=0.049417423433624208 0.10409705000347458 0.12999862656579353 0.025932648568414152 0.39144732950080652 0.042387983354274184 0.028262576815905049 0.065913120488403365 0.083351945984759368 0.031249477928213309
leaf_count=2 32 5 8 25 10 11 46 90 21
internal_value=0.000313797 0.00593204 -0.0185801 0.0124478 -0.00246745 -0.0334045 -0.0334418 -0.0333847 -0.0333759
internal_weight=0.952058 0.733844 0.218214 0.629747 0.2383 0.168797 0.108301 0.142864 0.114601
internal_count=250 118 132 86 61 130 56 122 111
is_linear=0
shrinkage=0.05


Tree=461
num_leaves=8
num_cat=0
split_feature=16 12 16 15 17 22 22
split_gain=0.145244 0.577964 0.277129 0.302144 0.343763 0.511765 0.467615
threshold=0.019693446076133037 -0.019811331895996157 0.023410521951111509 0.025790610387866012 0.0024646074916761466 0.0010137723480715401 0.0014169176614252656
decision_type=2 2 2 2 2 2 2
left_child=1 -1 -2 -4 6 -6 -5
right_child=2 -3 3 4 5 -7 -8
leaf_value=0.0089846025657260697 0.014043839539353925 -0.024752197843934468 -0.012411211511834837 0.022572869425922421 -0.01693555269543344 0.0074368159170946427 -0.0026105808649550255
leaf_weight=2.572975542396307 3.7957297135144499 2.5059131793677833 4.3181898724287775 3.8175220750272301 4.1495646461844427 4.4783608857542276 3.5643872655928135
leaf_count=26 33 22 38 37 31 36 27
internal_value=2.39648e-05 -0.00766106 0.00164193 -0.000673803 0.00249202 -0.00428497 0.0104129
internal_weight=29.2026 5.07889 24.1238 20.328 16.0098 8.62793 7.38191
internal_count=250 48 202 169 131 67 64
is_linear=0
shrinkage=0.05


Tree=462
num_leaves=10
num_cat=0
split_feature=18 18 3 3 19 20 33 17 23
split_gain=0.142764 0.525876 0.327596 0.378385 0.56057 0.517855 0.340288 0.251403 0.165062
threshold=-0.66502570756642032 -1.0148394064274078 -0.039881461104625364 0.033358756821758713 0.039165441810047892 -0.042053121181332746 0.22500000000000003 0.014354516611631424 -0.0038989786443754944
decision_type=2 2 2 2 2 2 2 2 2
left_child=1 -1 8 4 6 -5 -4 -7 -2
right_child=2 -3 3 5 -6 7 -8 -9 -10
leaf_value=0.004121603682614358 0.0038743947234643607 -0.026241970885010842 -0.0046318767862788537 0.022030952597336947 0.012129099968029945 -0.012590597922261826 -0.02780462598474559 0.0077923703453888094 0.022685138732578974
leaf_weight=3.9804639415815473 2.2549231443554163 2.2220340687781599 3.0972697930410487 3.2023106105625629 2.3445695396512747 3.1577606685459596 3.2431945139542222 2.9039721973240376 2.4154255520552459
leaf_count=33 18 21 28 23 23 25 31 22 26
internal_value=-3.60042e-05 -0.00675609 0.00180672 -0.00126267 -0.00876041 0.00576645 -0.0164849 -0.0028258 0.013603
internal_weight=28.8219 6.2025 22.6194 17.9491 8.68503 9.26404 6.34046 6.06173 4.67035
internal_count=250 54 196 152 82 70 59 47 44
is_linear=0
shrinkage=0.05


Tree=463
num_leaves=12
num_cat=0
split_feature=21 5 7 18 9 21 21 13 16 14 26
split_gain=0.0398822 0.0625364 0.0371866 0.0645826 0.0529104 0.0573285 1.74642e-07 1.39799e-07 1.70098e-08 1.31743e-08 7.26343e-09
threshold=0.00025591324514329111 0.013342075155358376 62.792499732971201 -2.5906742923667978 63.559999656677256 0.0023367626770869347 0.00096570780090388119 33.097408736312182 0.017892458855103866 0.24749514835709605 0.039865672502344414
decision_type=2 2 2 2 2 2 2 2 2 2 2
left_child=1 -1 3 -2 -4 -6 -5 -3 -9 -8 -10
right_child=2 7 4 6 5 -7 9 8 10 -11 -12
leaf_value=0.031826433325184957 0.034493644702142716 -0.033511295050896193 0.02542826314407114 -0.033530303298025102 0.016777677827503119 -0.033591605407424167 -0.033427507285728179 -0.033418302880940894 -0.033366581414667376 -0.033386925526278359 -0.033395363614212192
leaf_weight=0.047421761904843152 0.048760328441858292 0.025209586980054155 0.32167999778175727 0.043310576729709283 0.12459326759562828 0.10335040294739883 0.037322127172956243 0.027662992186378688 0.080139415695157368 0.043086487727123313 0.030172409977240022
leaf_count=2 1 8 13 11 14 34 12 11 90 33 21
internal_value=0.00042934 -0.0187154 0.00601304 -0.0142417 0.0123693 -0.00605992 -0.0334494 -0.033403 -0.0333832 -0.0334058 -0.0333745
internal_weight=0.932709 0.210606 0.722103 0.17248 0.549624 0.227944 0.123719 0.163184 0.137975 0.0804086 0.110312
internal_count=250 132 118 57 61 48 56 130 122 45 111
is_linear=0
shrinkage=0.05


Tree=464
num_leaves=7
num_cat=0
split_feature=16 12 16 1 8 16
split_gain=0.139703 0.54777 0.258086 0.294291 0.466456 0.439462
threshold=0.019693446076133037 -0.019811331895996157 0.023410521951111509 -0.02509669066389297 -0.0012252348849246266 0.030318589710012854
decision_type=2 2 2 2 2 2
left_child=1 -1 -2 -4 -5 -6
right_child=2 -3 3 4 5 -7
leaf_value=0.0087005544983306173 0.013651860194346548 -0.024344426192321661 0.010224463066714052 -0.019483312033449562 -0.015652707148722429 0.0065833900884584842
leaf_weight=2.5481566227972507 3.7535175457596806 2.469418071210387 4.7678206562995991 3.6930464711040338 2.9844447672366945 8.6976415365934354
leaf_count=26 33 22 39 37 26 67
internal_value=2.20399e-05 -0.00756266 0.00161461 -0.00062846 -0.00399395 0.000902692
internal_weight=28.914 5.01757 23.8965 20.143 15.3751 11.6821
internal_count=250 48 202 169 130 93
is_linear=0
shrinkage=0.05


Tree=465
num_leaves=7
num_cat=0
split_feature=18 26 18 24 23 0
split_gain=0.137391 0.491066 0.32647 0.558437 0.309383 0.303721
threshold=-0.66502570756642032 0.017428735119305986 -0.29981659545168554 0.023151751923785605 -0.012261584076212249 0.0099447874182597724
decision_type=2 2 2 2 2 2
left_child=1 -1 -2 4 -4 -6
right_child=2 -3 3 -5 5 -7
leaf_value=0.0044271368220370963 0.014092651829045852 -0.02473888133738926 -0.014951075305399145 -0.021035417988448775 -0.00065656503169194997 0.014939896607873177
leaf_weight=3.7911437321454313 4.3389805350452724 2.3302770843729377 2.1305752545595231 2.9611856620758763 7.7745585311204106 5.2155475663021207
leaf_count=31 36 23 17 24 75 44
internal_value=-3.66378e-05 -0.00667566 0.00177597 -0.00117958 0.00270893 0.00560544
internal_weight=28.5423 6.12142 22.4208 18.0819 15.1207 12.9901
internal_count=250 54 196 160 136 119
is_linear=0
shrinkage=0.05


Tree=466
num_leaves=10
num_cat=0
split_feature=21 20 5 30 24 13 13 16 26
split_gain=0.0389501 0.0704097 0.0591797 0.0310849 0.0723697 1.18817e-07 1.15423e-07 1.63359e-08 6.49266e-09
threshold=0.00025591324514329111 -0.047054593386037839 0.013342075155358376 0.0041410092022451392 -0.020118009008263601 33.097408736312182 44.325072162890514 0.017892458855103866 0.039865672502344414
decision_type=2 2 2 2 2 2 2 2 2
left_child=2 -2 -1 4 -3 -4 -6 -7 -9
right_child=1 3 5 -5 6 7 -8 8 -10
leaf_value=0.031601070787283962 -0.033476487591348213 0.022856737081507456 -0.033502500771952673 0.02109661621382072 -0.033505754194181878 -0.033416473955495067 -0.033397338000511596 -0.033365328557853825 -0.033393089557598225
leaf_weight=0.045054003829136491 0.097546383185544983 0.12840400237473659 0.02404724559164606 0.37859186041168869 0.040540348622016609 0.026985114818671718 0.062239444450824521 0.077167456882307306 0.028968045349756721
leaf_count=2 32 5 8 25 10 11 46 90 21
internal_value=0.0004329 0.00596535 -0.0189183 0.0122749 -0.00217174 -0.0334002 -0.0334401 -0.0333817 -0.0333729
internal_weight=0.909544 0.707322 0.202222 0.609776 0.231184 0.157168 0.10278 0.133121 0.106136
internal_count=250 118 132 86 61 130 56 122 111
is_linear=0
shrinkage=0.05


Tree=467
num_leaves=6
num_cat=0
split_feature=31 31 7 1 2
split_gain=0.135472 0.299671 0.347336 0.521554 0.320018
threshold=0.58054538681379519 0.42679666164620067 66.061499404907252 0.042903524122921984 0.023384645033885713
decision_type=2 2 2 2 2
left_child=1 2 3 4 -1
right_child=-2 -3 -4 -5 -6
leaf_value=-0.0021907234575011757 0.011048649143420367 -0.015090649532430465 0.017059307777562732 -0.020769759507131082 0.013283950335646198
leaf_weight=12.307878285646455 2.5388634260743848 3.3171425759792319 2.9316830877214661 2.9517751317471257 4.5857699848711482
leaf_count=110 23 27 26 24 40
internal_value=2.27702e-05 -0.00105 0.000994806 -0.00137834 0.00200987
internal_weight=28.6331 26.0942 22.7771 19.8454 16.8936
internal_count=250 227 200 174 150
is_linear=0
shrinkage=0.05


Tree=468
num_leaves=10
num_cat=0
split_feature=30 30 7 33 11 25 3 29 16
split_gain=0.138536 0.460173 0.272639 0.232166 0.278668 0.396494 0.432915 0.3437 0.372278
threshold=0.012121920221580431 0.019717058138473468 62.602500152587901 0.9850000000000001 62.789599914550784 -0.0020926799625824439 0.029130103158396595 0.0033149998586834433 0.033010182584390292
decision_type=2 2 2 2 2 2 2 2 2
left_child=3 -2 -3 4 5 -1 -7 8 -6
right_child=1 2 -4 -5 7 6 -8 -9 -10
leaf_value=-0.016375598075447275 -0.021998184135169373 -0.0082862890276748924 0.015282287510604599 -0.0097559643882270779 -0.0058442986956220586 -0.0061975168065031431 0.020728359937679797 0.026754933505744136 0.020345425115244852
leaf_weight=3.0163922617211938 2.7846720162779084 2.464518753811717 2.4437571540474892 3.4427199214696875 3.46421313844621 3.3442978868261068 2.6964034885168076 2.4674179265275598 2.2305863965302706
leaf_count=28 30 22 19 30 34 27 19 24 17
internal_value=-3.51934e-05 -0.00576284 0.00344815 0.00209734 0.00446722 -0.00157109 0.00582146 0.0111675 0.00441391
internal_weight=28.355 7.69295 4.90828 20.662 17.2193 9.05709 6.0407 8.16222 5.6948
internal_count=250 71 41 179 149 74 46 75 51
is_linear=0
shrinkage=0.05


Tree=469
num_leaves=10
num_cat=0
split_feature=21 20 5 30 24 13 13 16 26
split_gain=0.0380552 0.0677962 0.0560657 0.0289196 0.0695475 1.02082e-07 1.01341e-07 1.42361e-08 6.17371e-09
threshold=0.00025591324514329111 -0.047054593386037839 0.013342075155358376 0.0041410092022451392 -0.020118009008263601 33.097408736312182 44.325072162890514 0.017892458855103866 0.039865672502344414
decision_type=2 2 2 2 2 2 2 2 2
left_child=2 -2 -1 4 -3 -4 -6 -7 -9
right_child=1 3 5 -5 6 7 -8 8 -10
leaf_value=0.031318434675113235 -0.033473391169973436 0.02246616120300883 -0.033494439252637724 0.020651555559634008 -0.033498412107945748 -0.033413257014149607 -0.033394871587426926 -0.033364294406007459 -0.033391804280630336
leaf_weight=0.042942760046571493 0.094436371931806207 0.12708108910010196 0.023055473226122558 0.37337892844516318 0.039005119819194078 0.025971308088628575 0.05996153102023527 0.074563313060934888 0.028072625347704161
leaf_count=2 32 5 8 25 10 11 46 90 21
internal_value=0.00042263 0.00590283 -0.019117 0.0121063 -0.00200839 -0.0333976 -0.0334357 -0.0333802 -0.0333718
internal_weight=0.888469 0.693863 0.194605 0.599427 0.226048 0.151663 0.0989667 0.128607 0.102636
internal_count=250 118 132 86 61 130 56 122 111
is_linear=0
shrinkage=0.05


Tree=470
num_leaves=7
num_cat=0
split_feature=4 15 16 1 10 13
split_gain=0.136772 0.225082 0.236807 0.299714 0.597515 0.43993
threshold=0.047338373287008399 0.054179046963725178 0.041908694801459999 -0.0166753827351892 -0.023177898889857673 44.325072162890514
decision_type=2 2 2 2 2 2
left_child=1 2 3 4 -1 -5
right_child=-2 -3 -4 5 -6 -7
leaf_value=-0.0068296768732245411 0.01113568550666362 -0.016095700437566838 0.011609429147724452 0.012609129336900074 0.025264867894015476 -0.010145654136791561
leaf_weight=3.2171514984220266 2.5227497294545165 2.2709187194705001 3.9195221988484255 2.6183269619941738 2.6404161322862008 11.253488231450318
leaf_count=28 22 18 34 26 22 100
internal_value=2.18834e-05 -0.00105981 0.00038403 -0.00184605 0.00763758 -0.00585065
internal_weight=28.4426 25.9198 23.6489 19.7294 5.85757 13.8718
internal_count=250 228 210 176 50 126
is_linear=0
shrinkage=0.05


Tree=471
num_leaves=10
num_cat=0
split_feature=13 26 3 1 1 17 14 31 14
split_gain=0.136686 0.241944 0.23742 0.309027 0.323118 0.356909 0.316129 0.260282 0.18649
threshold=39.78815856254743 0.027699433520321119 -0.0049818568432305468 0.025376446867029005 0.0063923203327502795 0.0031108194712731289 1.0086778831428462 0.070014050732705321 0.39608781974062274
decision_type=2 2 2 2 2 2 2 2 2
left_child=1 -1 7 4 5 -4 -5 8 -2
right_child=2 -3 3 6 -6 -7 -8 -9 -10
leaf_value=-0.019334934919017929 0.024929967172983042 0.0045690641728467329 -0.01462502089399542 0.012887265542957764 -0.024164361378405611 0.01145016348438751 -0.0078395342902001005 -0.0052968292570345077 0.0067177359924584859
leaf_weight=2.2901982720941332 2.3399462681263739 1.9683526912704108 2.7711633229628152 4.7365707959979773 2.4808266926556826 2.4928719326853752 3.0079490318894386 2.493748988956213 3.5202996730804443
leaf_count=28 22 20 26 39 22 18 20 22 33
internal_value=-3.50381e-05 -0.00828622 0.00143867 -0.0022255 -0.00928772 -0.00227668 0.00483704 0.0082325 0.0139897
internal_weight=28.1019 4.25855 23.8434 15.4894 7.74486 5.26404 7.74452 8.35399 5.86025
internal_count=250 48 202 125 66 44 59 77 55
is_linear=0
shrinkage=0.05


Tree=472
num_leaves=8
num_cat=0
split_feature=23 23 11 13 17 6 21
split_gain=0.0371473 0.044022 0.0806834 0.0279679 0.0106918 2.72575e-07 4.32111e-08
threshold=0.010531519258500268 0.0042449080137474402 60.331800155639655 38.295595250096106 -0.0066554012513875072 0.54550808568034459 0.0025336981609509483
decision_type=2 2 2 2 2 2 2
left_child=1 2 -1 -3 -5 -4 -7
right_child=-2 3 5 4 -6 6 -8
leaf_value=0.011851710573463646 -0.033574932671718558 0.02945661366707137 -0.033576285049661876 0.017447806643543253 -0.0060492962577540091 -0.033376243408453042 -0.033431017046736261
leaf_weight=0.22309492727799807 0.073505282511177938 0.18699560017557815 0.024873402398952749 0.077475762896938249 0.12906052406469826 0.092047140427894192 0.059143472004507203
leaf_count=38 36 9 4 12 30 95 26
internal_value=0.000428154 0.00358122 -0.00811836 0.0154481 0.00276492 -0.0334229 -0.0333977
internal_weight=0.866196 0.792691 0.399159 0.393532 0.206536 0.176064 0.151191
internal_count=250 214 163 51 42 125 121
is_linear=0
shrinkage=0.05


Tree=473
num_leaves=7
num_cat=0
split_feature=25 13 1 1 30 4
split_gain=0.13836 0.28802 0.238231 0.554296 0.268234 0.637652
threshold=0.010034604235751645 51.274843406964472 -0.034838615539592714 -0.0166753827351892 -0.011851822434149449 0.020478284861607476
decision_type=2 2 2 2 2 2
left_child=2 -2 -1 -4 -5 -6
right_child=1 -3 3 4 5 -7
leaf_value=-0.015220636319523518 0.017615665930725301 -0.0020187804332653463 0.019384960320539126 -0.018636364838852809 -0.009162580739002002 0.015492431415397568
leaf_weight=2.9773245826363626 3.0685419412329784 4.773095216602087 3.0645278263837179 2.5818865615874609 7.763269143179043 3.9603065066039562
leaf_count=26 29 39 28 19 72 37
internal_value=2.17735e-05 0.00566445 -0.00215285 8.70448e-05 -0.00404697 -0.000833944
internal_weight=28.189 7.84164 20.3473 17.37 14.3055 11.7236
internal_count=250 68 182 156 128 109
is_linear=0
shrinkage=0.05


Tree=474
num_leaves=10
num_cat=0
split_feature=30 30 7 19 0 32 0 18 19
split_gain=0.136643 0.427083 0.252426 0.227362 0.575973 0.409778 0.391935 0.389198 0.276069
threshold=0.012121920221580431 0.019717058138473468 62.602500152587901 0.048532599561474606 0.0068201055940260167 0.46266219014330107 0.0080367959609779511 -0.26596801450385227 -0.018419264408128074
decision_type=2 2 2 2 2 2 2 2 2
left_child=3 -2 -3 4 5 7 -5 -1 -6
right_child=1 2 -4 6 8 -7 -8 -9 -10
leaf_value=0.019481203792224913 -0.021633540442030336 -0.0082431328347420986 0.014599463145616921 0.0071431695057340263 0.0048178023615809053 -0.021244539127976692 -0.020030141113492481 -0.0047980882351188079 0.027627639525720546
leaf_weight=2.5019174721092012 2.7186029041185966 2.4282124657183886 2.4095995426177979 2.5879558753222218 2.2638196088373661 2.1743207983672619 2.7234777845442295 4.8508054269477752 3.2038781410083166
leaf_count=22 30 22 19 25 21 21 21 43 26
internal_value=-3.66121e-05 -0.00577658 0.00313422 0.00209937 0.00524821 -0.00217556 -0.00679015 0.00346345 0.0181836
internal_weight=27.8626 7.55641 4.83781 20.3062 14.9947 9.52704 5.31143 7.35272 5.4677
internal_count=250 71 41 179 133 86 46 65 47
is_linear=0
shrinkage=0.05


Tree=475
num_leaves=10
num_cat=0
split_feature=21 20 5 30 24 13 13 16 26
split_gain=0.0359811 0.0640104 0.0525444 0.0266798 0.0652593 8.45303e-08 8.20474e-08 1.21333e-08 4.9661e-09
threshold=0.00025591324514329111 -0.047054593386037839 0.013342075155358376 0.0041410092022451392 -0.020118009008263601 33.097408736312182 44.325072162890514 0.017892458855103866 0.039865672502344414
decision_type=2 2 2 2 2 2 2 2 2
left_child=2 -2 -1 4 -3 -4 -6 -7 -9
right_child=1 3 5 -5 6 7 -8 8 -10
leaf_value=0.030949431926366136 -0.033468800702031447 0.022066597673091562 -0.033484766150678046 0.020215900377326634 -0.033487435986310675 -0.033409064510220902 -0.033391620917215724 -0.03336273183775177 -0.033388123619477177
leaf_weight=0.040769816609099507 0.089626913715619594 0.12222353919059969 0.021702485770219937 0.3630148034717422 0.036929011985193938 0.024500281608197838 0.056566877850855235 0.070374662158428691 0.026509847644774709
leaf_count=2 32 5 8 25 10 11 46 90 21
internal_value=0.000462404 0.00585089 -0.0191259 0.0119402 -0.00198619 -0.0333939 -0.0334295 -0.0333776 -0.0333697
internal_weight=0.852218 0.668361 0.183857 0.578734 0.215719 0.143087 0.0934959 0.121385 0.0968845
internal_count=250 118 132 86 61 130 56 122 111
is_linear=0
shrinkage=0.05


Tree=476
num_leaves=8
num_cat=0
split_feature=16 12 16 15 17 22 22
split_gain=0.136793 0.525416 0.241837 0.279256 0.302645 0.439986 0.430845
threshold=0.019693446076133037 -0.019811331895996157 0.023410521951111509 0.025790610387866012 0.0024646074916761466 0.0010137723480715401 0.0014169176614252656
decision_type=2 2 2 2 2 2 2
left_child=1 -1 -2 -4 6 -6 -5
right_child=2 -3 3 4 5 -7 -8
leaf_value=0.0085254689490895687 0.013508541609944786 -0.024464428466837024 -0.012094954198377431 0.022134312664289252 -0.015834475218249277 0.0071609298079463521 -0.0026317779896502446
leaf_weight=2.4644561037421227 3.6103637721389559 2.36529337987304 4.1454999465495375 3.634201191365718 4.0142906606197339 4.3173793591558933 3.3980758227407932
leaf_count=26 33 22 38 37 31 36 27
internal_value=2.23989e-05 -0.00763081 0.00162116 -0.000578684 0.00252864 -0.00391851 0.0101671
internal_weight=27.9496 4.82975 23.1198 19.5094 15.3639 8.33167 7.03228
internal_count=250 48 202 169 131 67 64
is_linear=0
shrinkage=0.05


Tree=477
num_leaves=7
num_cat=0
split_feature=8 1 1 16 7 31
split_gain=0.136045 0.333257 0.406158 0.358482 0.532414 0.197014
threshold=-0.039929819727766776 -0.034838615539592714 -0.0166753827351892 0.042556911579239673 63.71000003814698 0.40169700997193775
decision_type=2 2 2 2 2 2
left_child=-1 -2 -3 4 -4 -5
right_child=1 2 3 5 -6 -7
leaf_value=-0.013074922462443392 0.018820817091362269 -0.016240568693370261 0.00033342084235030834 -0.018392212355627026 0.022256044307209455 0.0009345922591112839
leaf_weight=1.8656009584665323 2.3584602177143124 3.642046086490164 10.68197451345622 2.7732522506266823 3.7389109171926966 2.513921033591032
leaf_count=21 18 34 100 22 36 19
internal_value=-3.75399e-05 0.000908548 -0.000900668 0.00193414 0.00601731 -0.00920279
internal_weight=27.5742 25.7086 23.3501 19.7081 14.4209 5.28717
internal_count=250 229 211 177 136 41
is_linear=0
shrinkage=0.05


Tree=478
num_leaves=10
num_cat=0
split_feature=21 20 5 30 24 6 13 16 26
split_gain=0.0356725 0.0617658 0.0497595 0.0252443 0.0627109 7.46128e-08 7.21135e-08 1.13697e-08 4.82115e-09
threshold=0.00025591324514329111 -0.047054593386037839 0.013342075155358376 0.0041410092022451392 -0.020118009008263601 0.77695111897784996 33.097408736312182 0.017892458855103866 0.039865672502344414
decision_type=2 2 2 2 2 2 2 2 2
left_child=2 -2 -1 4 -3 -6 -4 -8 -9
right_child=1 3 6 -5 5 -7 7 8 -10
leaf_value=0.030617354326445995 -0.0334648623535218 0.021673004713101563 -0.033477714874349244 0.01998012841398232 -0.033493433495253452 -0.033395403091480556 -0.033407316679362441 -0.033361659183617762 -0.033387073598776011
leaf_weight=0.038917890749871731 0.086272859043674543 0.12123469621292315 0.020709406293462962 0.35979399918869603 0.028335328577668406 0.061623910572961904 0.023871201541624032 0.067780217043036828 0.025750153385160957
leaf_count=2 32 5 8 25 9 47 11 90 21
internal_value=0.00060164 0.0059674 -0.01932 0.0119254 -0.00179684 -0.0334263 -0.0333917 -0.0333765 -0.0333687
internal_weight=0.83429 0.657261 0.177029 0.570988 0.211194 0.0899592 0.138111 0.117402 0.0935304
internal_count=250 118 132 86 61 56 130 122 111
is_linear=0
shrinkage=0.05


Tree=479
num_leaves=8
num_cat=0
split_feature=31 26 18 23 17 7 33
split_gain=0.134053 0.276381 0.286806 0.359294 0.529985 0.357552 0.185874
threshold=0.58054538681379519 -0.03564531815114768 0.78495647288247616 0.0036573242474281513 -0.0051920346474240179 63.535499954223638 0.72500000000000009
decision_type=2 2 2 2 2 2 2
left_child=1 -1 3 5 -5 -3 -4
right_child=-2 2 6 4 -6 -7 -8
leaf_value=-0.018024991734136683 0.01120543041902914 -0.00061973452174618297 0.0020891936169684807 -0.015122541385838252 0.018316926971013083 -0.018209674430250632 0.02125284520498456
leaf_weight=2.1929482854902806 2.4418467916548243 7.7511606886982971 2.7105750702321521 1.7058699186891315 3.8799493312835684 4.6056441217660904 2.3731171861290932
leaf_count=18 23 71 24 18 38 41 17
internal_value=1.9276e-05 -0.00106382 0.000551505 -0.00241878 0.00810475 -0.00717588 0.011035
internal_weight=27.6611 25.2193 23.0263 17.9426 5.58582 12.3568 5.08369
internal_count=250 227 209 168 56 112 41
is_linear=0
shrinkage=0.05


Tree=480
num_leaves=9
num_cat=0
split_feature=18 18 3 34 18 18 18 23
split_gain=0.139634 0.485189 0.30557 0.340241 0.538073 0.394566 0.266625 0.154392
threshold=-0.66502570756642032 -1.0148394064274078 -0.039881461104625364 -0.60820297521808142 0.18508921666765429 1.0000000180025095e-35 1.3779924801786467 -0.0038989786443754944
decision_type=2 2 2 2 2 2 2 2
left_child=1 -1 7 4 -4 -5 -7 -2
right_child=2 -3 3 5 -6 6 -8 -9
leaf_value=0.0038819084534826758 0.0038670118014544463 -0.026066750566718967 -0.029403141627175652 0.016140059317739024 0.0048629016108154193 -0.0086338366548309627 0.010915906805829205 0.022511757208846191
leaf_weight=3.7691271854564548 2.1478593479841948 2.1091316547244814 2.3719395594671449 3.9470509272068641 2.2159749930724502 6.0432548616081458 2.4515510350465775 2.2985812332481208
leaf_count=33 18 21 28 34 19 55 16 26
internal_value=-3.55425e-05 -0.00686373 0.0018334 -0.00121413 -0.0128526 0.00307752 -0.0029919 0.0135054
internal_weight=27.3545 5.87826 21.4762 17.0298 4.58791 12.4419 8.49481 4.44644
internal_count=250 54 196 152 47 105 71 44
is_linear=0
shrinkage=0.05


Tree=481
num_leaves=12
num_cat=0
split_feature=21 5 7 13 9 21 20 13 16 2 26
split_gain=0.0340303 0.0480396 0.0310562 0.0563361 0.0453338 0.0524516 1.22641e-07 6.0915e-08 1.01009e-08 6.55365e-09 4.14014e-09
threshold=0.00025591324514329111 0.013342075155358376 62.792499732971201 25.570276405501684 63.559999656677256 0.0023367626770869347 -0.097113893139754923 33.097408736312182 0.017892458855103866 -0.003064268869406694 0.039865672502344414
decision_type=2 2 2 2 2 2 2 2 2 2 2
left_child=1 -1 3 -2 -4 -6 -5 -3 -9 -8 -10
right_child=2 7 4 6 5 -7 9 8 10 -11 -12
leaf_value=0.030438597654414874 0.034346500966621354 -0.033470054895764094 0.024578995026908142 -0.033514603386677916 0.017267738844514071 -0.033609567862040612 -0.033412283114565247 -0.033404472747149291 -0.033360704027126493 -0.033382240962293724 -0.033384714825847706
leaf_weight=0.037891078041866422 0.042942371219396591 0.01972141774604097 0.29133520292816684 0.033400510350475088 0.11001727113034576 0.093891045136842877 0.04141293783322908 0.022908760525751859 0.065425583808973897 0.032322027152986266 0.024742806243011728
leaf_count=2 1 8 13 11 14 34 19 11 90 26 21
internal_value=0.000633589 -0.01922 0.00588493 -0.0140405 0.0119231 -0.00615908 -0.0334351 -0.033389 -0.0333748 -0.0333991 -0.0333673
internal_weight=0.816011 0.17069 0.645321 0.150078 0.495244 0.203908 0.107135 0.132799 0.113077 0.073735 0.0901684
internal_count=250 132 118 57 61 48 56 130 122 45 111
is_linear=0
shrinkage=0.05


Tree=482
num_leaves=6
num_cat=0
split_feature=4 1 18 4 33
split_gain=0.129386 0.219667 0.215683 0.227061 0.323109
threshold=0.047338373287008399 0.074776923435601064 0.90137508166334757 0.023489982974621428 0.79500000000000015
decision_type=2 2 2 2 2
left_child=1 2 3 4 -1
right_child=-2 -3 -4 -5 -6
leaf_value=-0.00049345937802248248 0.011058526356117884 -0.013771472734467867 0.012445830246751728 0.010464393038245879 -0.019086644217808028
leaf_weight=12.536439777351928 2.4191056452691546 2.9885154739022246 3.3072241377085438 3.3158975131809703 2.8718530982732764
leaf_count=123 22 21 28 33 23
internal_value=1.65905e-05 -0.00105102 0.00067448 -0.00140468 -0.00395892
internal_weight=27.439 25.0199 22.0314 18.7242 15.4083
internal_count=250 228 207 179 146
is_linear=0
shrinkage=0.05


Tree=483
num_leaves=10
num_cat=0
split_feature=13 26 3 25 31 25 20 31 21
split_gain=0.136816 0.233402 0.218096 0.290747 0.297222 0.462669 0.329367 0.246709 0.188272
threshold=39.78815856254743 0.027699433520321119 -0.0049818568432305468 0.014995695540538147 0.26799529653780385 -0.0020926799625824439 -0.017777307937285155 0.070014050732705321 0.00096570780090388119
decision_type=2 2 2 2 2 2 2 2 2
left_child=1 -1 7 4 5 -4 -6 8 -2
right_child=2 -3 3 -5 6 -7 -8 -9 -10
leaf_value=-0.019549226821054165 0.020915494650294769 0.0043523403205671654 -0.022068225638942257 -0.016709182062151936 -0.0042145746759140457 0.0061455705770104346 0.018770053708025179 -0.0052307028912215526 0.0020983403818016421
leaf_weight=2.1984733007848289 3.5180269144475513 1.9076871573925016 2.7058661319315434 2.7787670381367198 2.7701524458825606 3.1384401991963333 3.5638601910322887 2.4349410180002451 2.1365888081490993
leaf_count=28 35 20 25 25 20 23 32 22 20
internal_value=-3.63016e-05 -0.00844476 0.00146181 -0.00211527 0.00121467 -0.00691719 0.00871783 0.00807561 0.0138055
internal_weight=27.1528 4.10616 23.0466 14.9571 12.1783 5.84431 6.33401 8.08956 5.65462
internal_count=250 48 202 125 100 48 52 77 55
is_linear=0
shrinkage=0.05


Tree=484
num_leaves=10
num_cat=0
split_feature=21 20 5 16 29 0 13 16 26
split_gain=0.0327628 0.0570637 0.0458045 0.024168 0.0598574 0.0236989 5.25601e-08 9.09491e-09 3.66212e-09
threshold=0.00025591324514329111 -0.047054593386037839 0.013342075155358376 0.03129711799067466 -0.015182929431743873 0.0012001147166267325 33.097408736312182 0.017892458855103866 0.039865672502344414
decision_type=2 2 2 2 2 2 2 2 2
left_child=2 -2 -1 5 -5 -3 -4 -8 -9
right_child=1 3 6 4 -6 -7 7 8 -10
leaf_value=0.030200945460817027 -0.033456262908415385 0.0042427307171478508 -0.033463669872830275 0.031840281795553989 -0.033530677469437373 0.028493665681458835 -0.033401918339588089 -0.033359693074587853 -0.033382714555242811
leaf_weight=0.03638287796638906 0.080865622439887375 0.18116289832687471 0.018877580791013315 0.060321195313008502 0.083479051172616892 0.22694173122727079 0.022121596659417264 0.063005139352753758 0.023799928436346818
leaf_count=2 32 27 8 4 36 19 11 90 21
internal_value=0.000605983 0.00577002 -0.019296 0.0115175 -0.00610893 0.0177284 -0.0333866 -0.0333733 -0.033366
internal_weight=0.796958 0.63277 0.164187 0.551905 0.1438 0.408105 0.127804 0.108927 0.0868051
internal_count=250 118 132 86 40 46 130 122 111
is_linear=0
shrinkage=0.05


Tree=485
num_leaves=7
num_cat=0
split_feature=16 12 16 1 8 30
split_gain=0.13058 0.483221 0.231832 0.274058 0.414257 0.385501
threshold=0.019693446076133037 -0.019811331895996157 0.023410521951111509 -0.02509669066389297 -0.0012252348849246266 0.0036756479101743848
decision_type=2 2 2 2 2 2
left_child=1 -1 -2 -4 -5 -6
right_child=2 -3 3 4 5 -7
leaf_value=0.0080967949964583473 0.013414048968135667 -0.023959626370506765 0.010147086761922084 -0.018952290859248346 -0.0071149348936035157 0.011858182898484716
leaf_weight=2.4072967264801264 3.5065853949636248 2.2976179588586119 4.5368948616087517 3.4870201563462695 6.3976082671433527 4.6038449332118034
leaf_count=26 33 22 39 37 53 40
internal_value=1.84582e-05 -0.00755777 0.00160046 -0.000576918 -0.00393501 0.000824861
internal_weight=27.2369 4.70491 22.532 19.0254 14.4885 11.0015
internal_count=250 48 202 169 130 93
is_linear=0
shrinkage=0.05


Tree=486
num_leaves=9
num_cat=0
split_feature=18 26 26 24 26 6 21 6
split_gain=0.136334 0.456116 0.294811 0.38069 0.439913 0.423135 0.33846 0.300703
threshold=-0.66502570756642032 0.017428735119305986 0.034107337487687135 -0.017600508243531873 0.0059314848699386644 1.0750478704484439 -0.0018444621467842424 1.0573934869480175
decision_type=2 2 2 2 2 2 2 2
left_child=1 -1 3 -2 7 -6 -4 -5
right_child=2 -3 6 4 5 -7 -8 -9
leaf_value=0.0042008574389446563 0.013639582728904946 -0.02472680193888763 -0.0019054880866535954 -0.0045837346976683397 -0.0057708877551557068 -0.033749849771226803 0.026050735660537797 0.016560733648132906
leaf_weight=3.5684670247137573 3.4404211491346439 2.2044698148965836 1.9785812515765426 4.4282476119697058 4.2042171712964773 1.9913746174424884 2.3909634957090011 2.710754282772541
leaf_count=31 29 23 18 45 39 20 22 23
internal_value=-3.5414e-05 -0.00684554 0.0018239 -0.0011893 -0.00501526 -0.0147638 0.0133918 0.00344504
internal_weight=26.9175 5.77294 21.1446 16.775 13.3346 6.19559 4.36954 7.139
internal_count=250 54 196 156 127 59 40 68
is_linear=0
shrinkage=0.05


Tree=487
num_leaves=9
num_cat=0
split_feature=23 29 23 5 25 29 25 29
split_gain=0.033499 0.0399782 0.105268 0.0359852 0.0203836 0.0433385 6.1852e-07 2.4508e-09
threshold=0.010531519258500268 -0.00067689160808631621 0.0077039173898337818 0.013342075155358376 -0.0020926799625824439 -0.00081754060861255462 -0.010286465125179721 -0.0033006179690783228
decision_type=2 2 2 2 2 2 2 2
left_child=1 4 3 -3 -1 7 -5 -6
right_child=-2 2 -4 6 5 -7 -8 -9
leaf_value=0.02662967384162266 -0.033583423177560266 0.014913705877291995 0.028171671809128048 -0.033600683033743799 -0.033370853007299139 0.032248829894618761 -0.033417270089950261 -0.033392853874520671
leaf_weight=0.20337315381038934 0.065469631459563971 0.046575924090575427 0.1430907472531544 0.065502600074978545 0.026857815544644836 0.049825896741822362 0.15411214525011019 0.023941953244502656
leaf_count=27 36 3 12 17 29 2 109 15
internal_value=0.000645805 0.00378759 -0.0064142 -0.0250058 0.0175225 -0.000883785 -0.033472 -0.0333812
internal_weight=0.77875 0.71328 0.409281 0.266191 0.303999 0.100626 0.219615 0.0507998
internal_count=250 214 141 129 73 46 126 44
is_linear=0
shrinkage=0.05


Tree=488
num_leaves=8
num_cat=0
split_feature=31 26 18 23 17 13 20
split_gain=0.130509 0.256241 0.257395 0.331338 0.483693 0.339934 0.177337
threshold=0.58054538681379519 -0.03564531815114768 0.78495647288247616 0.0036573242474281513 -0.0051920346474240179 41.757060359030639 0.070564998542820626
decision_type=2 2 2 2 2 2 2
left_child=1 -1 3 5 -5 -3 -4
right_child=-2 2 6 4 -6 -7 -8
leaf_value=-0.017608093747064492 0.011221873635633426 0.0078620609751442333 0.019601040394535432 -0.014559755552264055 0.01783608583745163 -0.011691162959046385 0.00069702965602892459
leaf_weight=2.1368349306285443 2.3704588357359162 2.935215204022831 2.5915309283882371 1.6600382588803766 3.766441846266388 9.1578809926286322 2.3798718005418777
leaf_count=18 23 29 22 18 38 83 19
internal_value=1.66801e-05 -0.00106183 0.000510202 -0.00233913 0.00792573 -0.00694524 0.0105515
internal_weight=26.9983 24.6278 22.491 17.5196 5.42648 12.0931 4.9714
internal_count=250 227 209 168 56 112 41
is_linear=0
shrinkage=0.05


Tree=489
num_leaves=6
num_cat=0
split_feature=1 1 14 1 11
split_gain=0.228165 0.667986 0.240997 0.222902 0.242345
threshold=0.10810045619594301 0.074776923435601064 0.90605742216358964 0.025376446867029005 59.434099960327153
decision_type=2 2 2 2 2
left_child=1 2 3 4 -1
right_child=-2 -3 -4 -5 -6
leaf_value=-0.017190930838260451 -0.015740018854917714 0.028635265712411758 -0.017270361781786162 0.014006582581110648 0.00065554820087907579
leaf_weight=2.167364160530286 2.1285716071724883 2.0518091917037955 2.1057745590805999 2.6554308887571088 15.551677535288034
leaf_count=23 15 15 18 28 151
internal_value=-3.70496e-05 0.00132545 -0.00116716 0.00049716 -0.0015274
internal_weight=26.6606 24.5321 22.4802 20.3745 17.719
internal_count=250 235 220 202 174
is_linear=0
shrinkage=0.05


Tree=490
num_leaves=11
num_cat=0
split_feature=21 20 5 16 22 0 13 24 20 13
split_gain=0.0308215 0.0538321 0.0428964 0.0232413 0.0449055 0.0222791 4.21858e-08 7.68641e-09 2.99066e-09 1.19617e-09
threshold=0.00025591324514329111 -0.047054593386037839 0.013342075155358376 0.03129711799067466 -0.0034121297426015769 0.0012001147166267325 34.037761140776027 -0.010240258568484538 -0.011846502901530219 46.139969260286115
decision_type=2 2 2 2 2 2 2 2 2 2
left_child=2 -2 -1 5 -5 -3 -4 8 -8 -9
right_child=1 3 6 4 -6 -7 7 9 -10 -11
leaf_value=0.029951916359223524 -0.033453408973791961 0.0043729671047863794 -0.033448437858070217 0.024387441099588705 -0.03352970719990829 0.028332862311097114 -0.033372396997621255 -0.03336736363481712 -0.03339829038307323 -0.033352022757579404
leaf_weight=0.034402674529701471 0.076381582679459825 0.17562700345297344 0.020990509568946436 0.062798989783914294 0.071654876577667892 0.21677329290832859 0.021602696397167165 0.020292085784603842 0.023049808049108833 0.033992492728430079
leaf_count=2 32 27 10 7 33 19 28 20 13 59
internal_value=0.000673593 0.00577475 -0.0192655 0.0114619 -0.00647851 0.0176091 -0.0333841 -0.0333704 -0.0333858 -0.0333578
internal_weight=0.757566 0.603236 0.15433 0.526854 0.134454 0.3924 0.119928 0.0989371 0.0446525 0.0542846
internal_count=250 118 132 86 40 46 130 120 41 79
is_linear=0
shrinkage=0.05


Tree=491
num_leaves=6
num_cat=0
split_feature=1 1 14 1 11
split_gain=0.231478 0.657467 0.233021 0.23486 0.250065
threshold=0.10810045619594301 0.074776923435601064 0.90605742216358964 0.025376446867029005 59.434099960327153
decision_type=2 2 2 2 2
left_child=1 2 3 4 -1
right_child=-2 -3 -4 -5 -6
leaf_value=0.017406833975218295 0.015820970547152008 -0.028542937996583667 0.01690540201589347 -0.014472198415474376 -0.00067941206387855469
leaf_weight=2.1771259810775687 2.1324082538485518 2.0388730242848387 2.1147772222757331 2.6314663030207148 15.644110623747109
leaf_count=23 15 15 18 28 151
internal_value=1.78569e-05 -0.00135165 0.00110496 -0.000528782 0.00153009
internal_weight=26.7388 24.6064 22.5675 20.4527 17.8212
internal_count=250 235 220 202 174
is_linear=0
shrinkage=0.05


Tree=492
num_leaves=7
num_cat=0
split_feature=1 1 16 1 10 7
split_gain=0.201283 0.60288 0.225691 0.239028 0.484117 0.432616
threshold=0.10810045619594301 0.074776923435601064 0.041908694801459999 -0.0166753827351892 -0.023177898889857673 63.71000003814698
decision_type=2 2 2 2 2 2
left_child=1 2 3 4 -1 -5
right_child=-2 -3 -4 5 -6 -7
leaf_value=0.0045648680319437321 -0.014878928717343573 0.027650742151958285 -0.013237280813708461 -0.00070971439091146267 -0.024400665919749851 0.019809731700135141
leaf_weight=3.5132436482235789 2.102313168346881 1.9856470227241505 3.2686574123799792 9.6734685543924588 2.4474711082875826 3.4973794799298039
leaf_count=32 15 15 37 94 22 35
internal_value=-3.43312e-05 0.00124543 -0.00109525 0.000979236 -0.00732839 0.00473901
internal_weight=26.4882 24.3859 22.4002 19.1316 5.96071 13.1708
internal_count=250 235 220 183 54 129
is_linear=0
shrinkage=0.05


Tree=493
num_leaves=8
num_cat=0
split_feature=23 23 11 13 14 6 21
split_gain=0.0319836 0.0383201 0.0641103 0.0242164 0.010578 1.58131e-07 2.33057e-08
threshold=0.010531519258500268 0.0042449080137474402 60.331800155639655 38.295595250096106 0.30870033939447117 0.54550808568034459 0.0025336981609509483
decision_type=2 2 2 2 2 2 2
left_child=1 2 -1 -3 -5 -4 -7
right_child=-2 3 5 4 -6 6 -8
leaf_value=0.010715754611340493 -0.033578084069952559 0.029619959442385074 -0.033537044235673233 0.018988659821134176 -0.0061713339485227475 -0.033369317612136122 -0.033413728378034094
leaf_weight=0.19267573721299414 0.062309320623171516 0.16244451748207211 0.020480811137531418 0.065753001290431712 0.11456142505630851 0.074145687893178547 0.049105784259154461
leaf_count=38 36 9 4 8 34 95 26
internal_value=0.000706346 0.00385173 -0.00813654 0.0156179 0.00300345 -0.0334084 -0.033387
internal_weight=0.741476 0.679167 0.336408 0.342759 0.180314 0.143732 0.123251
internal_count=250 214 163 51 42 125 121
is_linear=0
shrinkage=0.05


Tree=494
num_leaves=7
num_cat=0
split_feature=1 1 16 1 10 7
split_gain=0.204353 0.593129 0.217785 0.229118 0.491842 0.443897
threshold=0.10810045619594301 0.074776923435601064 0.041908694801459999 -0.0166753827351892 -0.023177898889857673 63.71000003814698
decision_type=2 2 2 2 2 2
left_child=1 2 3 4 -1 -5
right_child=-2 -3 -4 5 -6 -7
leaf_value=-0.0049135789025948869 0.014959546680608921 -0.027555487317664579 0.012832068734507368 0.00079956038280228157 0.02413037306056199 -0.020027522210195266
leaf_weight=3.5347724873572588 2.1059755384922019 1.9733317792415608 3.332065522670745 9.6552527053281683 2.4805885441601374 3.4806641349568954
leaf_count=32 15 15 37 94 22 35
internal_value=1.4518e-05 -0.00127241 0.00103442 -0.00101821 0.00706344 -0.00471906
internal_weight=26.5627 24.4567 22.4833 19.1513 6.01536 13.1359
internal_count=250 235 220 183 54 129
is_linear=0
shrinkage=0.05


Tree=495
num_leaves=6
num_cat=0
split_feature=1 1 8 2 15
split_gain=0.177417 0.424762 0.271283 0.36702 0.302508
threshold=0.10810045619594301 0.050930571657357489 0.02642280019819802 0.046406223499879114 0.031330252822382082
decision_type=2 2 2 2 2
left_child=1 2 3 4 -1
right_child=-2 -3 -4 -5 -6
leaf_value=0.0024862852076138761 -0.014052942366535041 0.01846829997649185 -0.017214270980082411 0.020471775149657884 -0.012399135129990833
leaf_weight=11.807912961579875 2.0781132839620104 3.0949755832552901 2.3941553216427556 2.0781659279018632 4.8008568533696225
leaf_count=118 15 27 22 18 50
internal_value=-3.36402e-05 0.00117142 -0.00136798 0.000662233 -0.00181643
internal_weight=26.2542 24.1761 21.0811 18.6869 16.6088
internal_count=250 235 208 186 168
is_linear=0
shrinkage=0.05


Tree=496
num_leaves=9
num_cat=0
split_feature=21 20 5 30 4 13 16 26
split_gain=0.0290888 0.0507623 0.0409165 0.0221686 0.0569087 3.64336e-08 8.12762e-09 2.30832e-09
threshold=0.00025591324514329111 -0.047054593386037839 0.013342075155358376 0.0041410092022451392 0.020478284861607476 33.097408736312182 0.017892458855103866 0.039865672502344414
decision_type=2 2 2 2 2 2 2 2
left_child=2 -2 -1 4 -3 -4 -7 -8
right_child=1 3 5 -5 -6 6 7 -9
leaf_value=0.029629180397460556 -0.033448254263701307 -0.033496121174591963 -0.033449647629830263 0.019369238021679738 0.021860574937710285 -0.033397917119608246 -0.033357011222088478 -0.033376525060610368
leaf_weight=0.033322416245937347 0.072127801409806125 0.082177788237459026 0.016744595559430309 0.32079201599117368 0.1067227101084427 0.020278250201954506 0.055744597244483884 0.020813081282540224
leaf_count=2 32 34 8 25 27 11 90 21
internal_value=0.000792005 0.00581164 -0.0190886 0.0113674 -0.00222137 -0.0333815 -0.0333698 -0.0333623
internal_weight=0.728723 0.58182 0.146903 0.509693 0.1889 0.113581 0.0968359 0.0765577
internal_count=250 118 132 86 61 130 122 111
is_linear=0
shrinkage=0.05


Tree=497
num_leaves=6
num_cat=0
split_feature=1 1 8 2 15
split_gain=0.180292 0.428598 0.249265 0.35982 0.307934
threshold=0.10810045619594301 0.050930571657357489 0.02642280019819802 0.046406223499879114 0.031330252822382082
decision_type=2 2 2 2 2
left_child=1 2 3 4 -1
right_child=-2 -3 -4 -5 -6
leaf_value=-0.0025385001479656237 0.014132785243989697 -0.018656760108826373 0.016484395151466064 -0.020267900233126857 0.012387641562393139
leaf_weight=11.814575979486124 2.0816374458372584 3.0710224192589513 2.4055021097883573 2.0712017565965644 4.8838191367685786
leaf_count=118 15 27 22 18 50
internal_value=1.16243e-05 -0.00120074 0.0013309 -0.000611159 0.00182698
internal_weight=26.3278 24.2461 21.1751 18.7696 16.6984
internal_count=250 235 208 186 168
is_linear=0
shrinkage=0.05


Tree=498
num_leaves=6
num_cat=0
split_feature=1 1 8 2 15
split_gain=0.156179 0.376234 0.239889 0.325105 0.269824
threshold=0.10810045619594301 0.050930571657357489 0.02642280019819802 0.046406223499879114 0.0293898478473365
decision_type=2 2 2 2 2
left_child=1 2 3 4 -1
right_child=-2 -3 -4 -5 -6
leaf_value=0.0032858175789104121 -0.013260570643144044 0.01751149174617609 -0.016276208221930568 0.019424613920008715 -0.0098660530929468027
leaf_weight=10.282630469650046 2.0558538138866416 3.0484254267066708 2.3679730463773003 2.0458304695785037 6.2825681404210618
leaf_count=102 15 27 22 18 66
internal_value=-3.36912e-05 0.00109804 -0.00128698 0.000620179 -0.0017022
internal_weight=26.0833 24.0274 20.979 18.611 16.5652
internal_count=250 235 208 186 168
is_linear=0
shrinkage=0.05


Tree=499
num_leaves=9
num_cat=0
split_feature=23 29 23 5 24 19 25 21
split_gain=0.0308215 0.0359293 0.0949835 0.0318596 0.0190592 0.0610222 5.14552e-07 4.43301e-09
threshold=0.010531519258500268 -0.00067689160808631621 0.0077039173898337818 0.013342075155358376 -0.023117971899565434 -0.027473271171050914 -0.010286465125179721 0.0012642804154334721
decision_type=2 2 2 2 2 2 2 2
left_child=1 4 3 -3 -1 -6 -5 -7
right_child=-2 2 -4 6 5 7 -8 -9
leaf_value=0.02994931013894736 -0.033578387659176562 0.013953987139583554 0.027909225794879391 -0.033583698731481086 0.034038925986502086 -0.033361931852603888 -0.033407532010047737 -0.033389111429696194
leaf_weight=0.14652261981973425 0.059548396900936496 0.043200735410209745 0.13168879857403226 0.059315195379895158 0.075206335211987607 0.027257010617177002 0.13761746062664315 0.03336743509862572
leaf_count=11 36 3 12 17 3 35 109 24
internal_value=0.000860096 0.00399497 -0.00621622 -0.0249306 0.0174418 0.00394967 -0.0334606 -0.0333769
internal_weight=0.713724 0.654176 0.371822 0.240133 0.282353 0.135831 0.196933 0.0606244
internal_count=250 214 141 129 73 62 126 59
is_linear=0
shrinkage=0.05


Tree=500
num_leaves=6
num_cat=0
split_feature=1 1 8 2 2
split_gain=0.158911 0.379733 0.21962 0.318335 0.272476
threshold=0.10810045619594301 0.050930571657357489 0.02642280019819802 0.046406223499879114 0.023384645033885713
decision_type=2 2 2 2 2
left_child=1 2 3 4 -1
right_child=-2 -3 -4 -5 -6
leaf_value=-0.00076704353242146577 0.013341789816299474 -0.017695865001849855 0.015552268313696256 -0.019218833299435144 0.018220680992719198
leaf_weight=14.478806677274422 2.059266857802867 3.024776059202849 2.3805278120562425 2.0392839405685654 2.1729461140930644
leaf_count=145 15 27 22 18 23
internal_value=1.01282e-05 -0.00112919 0.00124892 -0.000572787 0.00171073
internal_weight=26.1556 24.0963 21.0716 18.691 16.6518
internal_count=250 235 208 186 168
is_linear=0
shrinkage=0.05


Tree=501
num_leaves=9
num_cat=0
split_feature=18 26 3 34 18 18 22 23
split_gain=0.137454 0.437232 0.292815 0.311667 0.717735 0.329983 0.353103 0.144247
threshold=-0.66502570756642032 0.017428735119305986 -0.039881461104625364 -0.60820297521808142 0.21335170260761929 -0.29981659545168554 -0.0022904163912597082 -0.0038989786443754944
decision_type=2 2 2 2 2 2 2 2
left_child=1 -1 7 4 -4 -5 -7 -2
right_child=2 -3 3 5 -6 6 -8 -9
leaf_value=0.0039360207128846993 0.0040704354462813121 -0.025069530803146858 -0.029885491260727304 0.020082661370672737 0.010868591379792958 0.010295403927977249 -0.0093083067555735279 0.022471149805684276
leaf_weight=3.4367666039615896 2.0750208850950003 2.0889512915164232 2.5374397551640948 2.2880357215181073 1.8813487393781541 3.9572730087675207 5.475041586905693 2.1882606502622428
leaf_count=31 18 23 30 21 17 34 50 26
internal_value=-3.39281e-05 -0.00702928 0.00186067 -0.00121796 -0.012534 0.00304839 -0.00108368 0.0135152
internal_weight=25.9281 5.52572 20.4024 16.1391 4.41879 11.7204 9.43231 4.26328
internal_count=250 54 196 152 47 105 84 44
is_linear=0
shrinkage=0.05


Tree=502
num_leaves=9
num_cat=0
split_feature=23 29 23 5 24 19 25 21
split_gain=0.0297434 0.0343969 0.0909626 0.0311605 0.0180703 0.0588793 4.66242e-07 3.93124e-09
threshold=0.010531519258500268 -0.00067689160808631621 0.0077039173898337818 0.013342075155358376 -0.023117971899565434 -0.027473271171050914 -0.010286465125179721 0.0012642804154334721
decision_type=2 2 2 2 2 2 2 2
left_child=1 4 3 -3 -1 -6 -5 -7
right_child=-2 2 -4 6 5 7 -8 -9
leaf_value=0.029692868029769753 -0.033569627568288816 0.01365553247220358 0.027578487338557986 -0.033575538354614236 0.033996287844989169 -0.033360947351342783 -0.033404871089774094 -0.033387007141381091
leaf_weight=0.14266935366322286 0.057415496063185856 0.043050688051152974 0.12899832999391947 0.057294899030239321 0.07280850235838443 0.026304336744942702 0.13270584573911037 0.03217241216043476
leaf_count=11 36 3 12 17 3 35 109 24
internal_value=0.000895729 0.0040071 -0.00610764 -0.0247535 0.0173744 0.00398781 -0.0334563 -0.0333753
internal_weight=0.69342 0.636004 0.36205 0.233051 0.273955 0.131285 0.190001 0.0584767
internal_count=250 214 141 129 73 62 126 59
is_linear=0
shrinkage=0.05


Tree=503
num_leaves=6
num_cat=0
split_feature=1 1 26 11 0
split_gain=0.139902 0.336165 0.198698 0.223948 0.328232
threshold=0.10810045619594301 0.050930571657357489 -0.031210374655088854 59.434099960327153 0.0088135326162109857
decision_type=2 2 2 2 2
left_child=1 2 -1 -4 -5
right_child=-2 -3 3 4 -6
leaf_value=0.01620326067326645 0.012584336660812566 -0.01676554995352865 0.013711372415838755 0.0019093336379861561 -0.013765690353431566
leaf_weight=1.9903443157672978 2.0385844968259326 2.9829142736271015 2.4482889752835062 11.895645128563048 4.6432605274021617
leaf_count=19 15 27 26 119 44
internal_value=9.94551e-06 -0.0010599 0.00117338 -0.000402141 -0.00249139
internal_weight=25.999 23.9605 20.9775 18.9872 16.5389
internal_count=250 235 208 189 163
is_linear=0
shrinkage=0.05


Tree=504
num_leaves=8
num_cat=0
split_feature=30 18 18 12 13 26 6
split_gain=0.137856 0.420643 0.239951 0.193071 0.322021 0.306891 0.285065
threshold=0.012121920221580431 0.50549543900741212 -0.38992842551632295 -0.045916096749883138 46.385371607443197 0.034107337487687135 1.0573934869480175
decision_type=2 2 2 2 2 2 2
left_child=3 2 -2 -1 -5 6 -6
right_child=1 -3 -4 4 5 -7 -8
leaf_value=-0.0094755698406347455 -0.0093346450089386024 -0.024878949626798298 0.012741585780226522 0.01974407175265723 -0.0096757969398174777 0.016769109410333518 0.00712323083534249
leaf_weight=2.9742356939241352 2.4095510467886925 2.0786628779023886 2.5162551924586287 2.8135212212800971 6.0895581264048797 2.5100153032690278 4.3145369812846184
leaf_count=30 24 21 26 32 57 25 35
internal_value=-3.40596e-05 -0.00601704 0.00194258 0.00220676 0.004416 0.00107656 -0.00270931
internal_weight=25.7063 7.00447 4.92581 18.7019 15.7276 12.9141 10.4041
internal_count=250 71 50 179 149 117 92
is_linear=0
shrinkage=0.05


Tree=505
num_leaves=9
num_cat=0
split_feature=23 29 23 5 24 19 25 21
split_gain=0.0287554 0.0333621 0.0871098 0.0293152 0.017147 0.056697 4.06397e-07 3.51091e-09
threshold=0.010531519258500268 -0.00067689160808631621 0.0077039173898337818 0.013342075155358376 -0.023117971899565434 -0.027473271171050914 -0.010286465125179721 0.0012642804154334721
decision_type=2 2 2 2 2 2 2 2
left_child=1 4 3 -3 -1 -6 -5 -7
right_child=-2 2 -4 6 5 7 -8 -9
leaf_value=0.029414016699640125 -0.033560644990663913 0.012662812973002284 0.027217065946591304 -0.033564807930953913 0.03394773894721595 -0.033359901315737864 -0.033402196226756872 -0.033384995761507302
leaf_weight=0.1397706513380399 0.055539021275762934 0.042481592739932239 0.12566906926804222 0.054968715034192428 0.070337041834136471 0.025344643552671187 0.12764630302990554 0.030969685132731684
leaf_count=11 36 3 12 17 3 35 109 24
internal_value=0.000899705 0.0040007 -0.00613059 -0.0247482 0.0173393 0.0040139 -0.0334511 -0.0333737
internal_weight=0.672727 0.617188 0.350766 0.225097 0.266422 0.126651 0.182615 0.0563143
internal_count=250 214 141 129 73 62 126 59
is_linear=0
shrinkage=0.05


Tree=506
num_leaves=8
num_cat=0
split_feature=30 18 18 12 13 26 20
split_gain=0.132468 0.441457 0.211801 0.206438 0.335835 0.297855 0.274819
threshold=0.012121920221580431 0.50549543900741212 -0.38992842551632295 -0.045916096749883138 46.385371607443197 0.034107337487687135 0.011527915337545715
decision_type=2 2 2 2 2 2 2
left_child=3 2 -2 -1 -5 6 -6
right_child=1 -3 -4 4 5 -7 -8
leaf_value=0.0098688782592344041 0.0082815265711154423 0.025050352169264618 -0.012442604816336808 -0.020180934709033739 -0.0079341424592882775 -0.01656308591675076 0.0088546069283166849
leaf_weight=2.9856370594352546 2.4114205213263631 2.1017056591808796 2.5225309245288363 2.7975898319855323 3.8724728897213918 2.5050196014344683 6.5781730432063341
leaf_count=30 24 21 26 32 34 25 58
internal_value=1.04869e-05 0.00586041 -0.00231389 -0.00218591 -0.0044706 -0.00107817 0.00263356
internal_weight=25.7745 7.03566 4.93395 18.7389 15.7533 12.9557 10.4506
internal_count=250 71 50 179 149 117 92
is_linear=0
shrinkage=0.05


Tree=507
num_leaves=9
num_cat=0
split_feature=13 21 14 31 21 4 24 14
split_gain=0.128222 0.246021 0.387335 0.485391 0.474698 0.385606 0.250379 0.228604
threshold=40.842370646634869 -0.00061647896028110816 0.44803462891665352 0.26799529653780385 0.0012642804154334721 0.023270562746623803 -0.0019325138288022734 0.086471006402752223
decision_type=2 2 2 2 2 2 2 2
left_child=7 5 -3 4 -4 6 -2 -1
right_child=1 2 3 -5 -6 -7 -8 -9
leaf_value=0.0074719154195797312 -0.0057320564120871345 0.023314329827403703 0.0075986322632214656 0.016690546299083842 -0.020667726885273446 -0.017513954314600882 0.015597288342432812 -0.016240764291111601
leaf_weight=1.5812719035893703 3.1508460901677608 2.6166984550654844 2.866513782180844 3.3751199832186103 3.0825873129069805 3.5353142935782671 2.4424286317080313 2.845207542181015
leaf_count=15 27 29 25 31 28 32 24 39
internal_value=-3.39439e-05 0.00159129 0.00631532 0.00154481 -0.00704787 -0.0045881 0.00358188 -0.00776988
internal_weight=25.496 21.0695 11.9409 9.32422 5.9491 9.12859 5.59327 4.42648
internal_count=250 196 113 84 53 83 51 54
is_linear=0
shrinkage=0.05


Tree=508
num_leaves=9
num_cat=0
split_feature=23 29 23 1 24 19 18 21
split_gain=0.0279059 0.0319048 0.0834618 0.0285962 0.0161724 0.0547962 3.61113e-07 3.30421e-09
threshold=0.010531519258500268 -0.00067689160808631621 0.0077039173898337818 0.050930571657357489 -0.023117971899565434 -0.027473271171050914 -0.18758523862403501 0.0012642804154334721
decision_type=2 2 2 2 2 2 2 2
left_child=1 4 3 6 -1 -6 -3 -7
right_child=-2 2 -4 -5 5 7 -8 -9
leaf_value=0.029105554601571798 -0.033556201684581906 -0.033527463814756665 0.026911393462457522 0.012365911682167352 0.033903824619212174 -0.033358868313679034 -0.033382976092039836 -0.033383652456681089
leaf_weight=0.13621097065333743 0.053873092205321882 0.099463435079087503 0.12295241905667353 0.042197913295240141 0.068265396635979414 0.024373415362788364 0.076505797893332783 0.03000135492766276
leaf_count=11 36 43 12 17 3 35 69 24
internal_value=0.000915267 0.00401056 -0.0060334 -0.0246001 0.0172467 0.00407561 -0.0334646 -0.0333725
internal_weight=0.653844 0.599971 0.34112 0.218167 0.258851 0.12264 0.175969 0.0543748
internal_count=250 214 141 129 73 62 112 59
is_linear=0
shrinkage=0.05


Tree=509
num_leaves=6
num_cat=0
split_feature=31 31 7 1 2
split_gain=0.129427 0.247113 0.275166 0.372246 0.269289
threshold=0.58054538681379519 0.42679666164620067 66.061499404907252 0.042903524122921984 0.023384645033885713
decision_type=2 2 2 2 2
left_child=1 2 3 4 -1
right_child=-2 -3 -4 -5 -6
leaf_value=-0.0023693466898031101 0.011484407804691598 -0.014689095136034745 0.016212548135490012 -0.018797537796042294 0.012648160224359509
leaf_weight=11.161929995752883 2.2421626998111597 2.923003662377595 2.5519976448267689 2.6075055059045544 4.0749119631946078
leaf_count=110 23 27 26 24 40
internal_value=1.0445e-05 -0.00109278 0.00085571 -0.00134054 0.00164691
internal_weight=25.5615 23.3193 20.3963 17.8443 15.2368
internal_count=250 227 200 174 150
is_linear=0
shrinkage=0.05


Tree=510
num_leaves=6
num_cat=0
split_feature=1 1 8 2 15
split_gain=0.12851 0.310258 0.197065 0.294435 0.240961
threshold=0.10810045619594301 0.050930571657357489 0.02642280019819802 0.046406223499879114 0.0293898478473365
decision_type=2 2 2 2 2
left_child=1 2 3 4 -1
right_child=-2 -3 -4 -5 -6
leaf_value=0.0031129578896525126 -0.012222875206998739 0.01625418563381692 -0.015024061204197234 0.018788035909041004 -0.0094890718314835226
leaf_weight=10.010148763656632 1.9919199235737313 2.919081710278987 2.2811577655374995 1.9758019186556328 6.1075940877199164
leaf_count=102 15 27 22 18 66
internal_value=-3.34077e-05 0.00100895 -0.00117523 0.000570768 -0.00166241
internal_weight=25.2857 23.2938 20.3747 18.0935 16.1177
internal_count=250 235 208 186 168
is_linear=0
shrinkage=0.05


Tree=511
num_leaves=9
num_cat=0
split_feature=23 29 23 5 25 1 25 29
split_gain=0.0267627 0.0305449 0.0796157 0.0282662 0.0154016 0.0361455 3.12992e-07 9.40144e-10
threshold=0.010531519258500268 -0.00067689160808631621 0.0077039173898337818 0.013342075155358376 -0.0020926799625824439 -0.068588206371994961 -0.010286465125179721 -0.0033006179690783228
decision_type=2 2 2 2 2 2 2 2
left_child=1 4 3 -3 -1 -6 -5 -7
right_child=-2 2 -4 6 5 7 -8 -9
leaf_value=0.025894984093375473 -0.033544990628251982 0.012567660734178379 0.026552421914929458 -0.033545578593521162 0.032457059236896187 -0.033364434680826997 -0.033397608141865591 -0.033379464917000855
leaf_weight=0.16798600642505335 0.051582708976638969 0.041542277671396732 0.12024041605764069 0.051109073065163102 0.04179256793577224 0.020953311974153621 0.11882268340559676 0.020664939715061337
leaf_count=27 36 3 12 17 2 28 109 16
internal_value=0.000975468 0.00402919 -0.00593316 -0.0244039 0.0171744 -0.000388633 -0.0334421 -0.0333719
internal_weight=0.634694 0.583111 0.331714 0.211474 0.251397 0.0834108 0.169932 0.0416183
internal_count=250 214 141 129 73 46 126 44
is_linear=0
shrinkage=0.05


Tree=512
num_leaves=6
num_cat=0
split_feature=1 1 26 11 0
split_gain=0.130799 0.31356 0.186682 0.207912 0.310688
threshold=0.10810045619594301 0.050930571657357489 -0.031210374655088854 59.434099960327153 0.0088135326162109857
decision_type=2 2 2 2 2
left_child=1 2 -1 -4 -5
right_child=-2 -3 3 4 -6
leaf_value=0.015911453990950029 0.012297624879487519 -0.016436520890644672 0.013353938598931026 0.0018795753224035785 -0.013580489103335031
leaf_weight=1.936308521777401 1.9949529729783524 2.8969655223190776 2.3911937875673202 11.61813039891422 4.5116213224828234
leaf_count=19 15 27 26 119 44
internal_value=8.90029e-06 -0.00104082 0.00113937 -0.000405002 -0.00244473
internal_weight=25.3492 23.3542 20.4573 18.5209 16.1298
internal_count=250 235 208 189 163
is_linear=0
shrinkage=0.05


Tree=513
num_leaves=10
num_cat=0
split_feature=30 30 7 33 11 25 3 16 21
split_gain=0.119654 0.396551 0.25734 0.183982 0.229569 0.368812 0.389595 0.314309 0.31128
threshold=0.012121920221580431 0.019717058138473468 62.602500152587901 0.9850000000000001 62.789599914550784 -0.0020926799625824439 0.029130103158396595 0.034189083404757355 0.0020307765680508409
decision_type=2 2 2 2 2 2 2 2 2
left_child=3 -2 -3 4 5 -1 -7 8 -6
right_child=1 2 -4 -5 7 6 -8 -9 -10
leaf_value=-0.016580789303106715 -0.021831978551136642 -0.0087231953681713801 0.015518752839195796 -0.0093746141603224791 -0.0064637040938648888 -0.005767749849983763 0.021407960488989658 0.026007593365803057 0.019003257777684815
leaf_weight=2.7098901923745871 2.4414519127458325 2.2042663395404816 2.1749015487730503 2.9460939709097138 3.0165921803563824 3.0333247929811531 2.3333346992731094 2.2957586292177439 1.9923584293574093
leaf_count=28 30 22 19 30 30 27 19 22 23
internal_value=-3.19011e-05 -0.00568544 0.0033165 0.00207209 0.00426457 -0.00154467 0.0060478 0.0106876 0.00366603
internal_weight=25.148 6.82062 4.37917 18.3274 15.3813 8.07655 5.36666 7.30471 5.00895
internal_count=250 71 41 179 149 74 46 75 53
is_linear=0
shrinkage=0.05


Tree=514
num_leaves=8
num_cat=0
split_feature=23 23 11 13 0 6 21
split_gain=0.0258031 0.0290942 0.0520756 0.0198363 0.00146104 7.52444e-08 1.13799e-08
threshold=0.010531519258500268 0.0042449080137474402 60.331800155639655 38.295595250096106 -0.0020918071227466468 0.54550808568034459 0.0025336981609509483
decision_type=2 2 2 2 2 2 2
left_child=1 2 -1 -3 -5 -4 -7
right_child=-2 3 5 4 -6 6 -8
leaf_value=0.0104623462716974 -0.033537253932847851 0.029121790545649302 -0.033493080197588454 0.0080634170526447425 -0.0017414685557112178 -0.033362173655151685 -0.033396903370766444
leaf_weight=0.16537936419626931 0.049838135593745392 0.13493650394957513 0.015905464082607068 0.070947412219538819 0.081800004292745143 0.059707715568947606 0.038989640539512038
leaf_count=38 36 9 4 13 29 95 26
internal_value=0.000957411 0.00398586 -0.00748826 0.0151528 0.00281266 -0.0333922 -0.0333759
internal_weight=0.617504 0.567666 0.279982 0.287684 0.152747 0.114603 0.0986974
internal_count=250 214 163 51 42 125 121
is_linear=0
shrinkage=0.05


Tree=515
num_leaves=10
num_cat=0
split_feature=0 19 20 0 22 31 29 0 15
split_gain=0.119686 0.605415 0.515503 0.323751 0.248769 0.209362 0.344885 0.225244 0.469839
threshold=0.0088135326162109857 0.055656248383201386 -0.08003399116442754 0.0050299029958736927 1.0000000180025095e-35 -0.13701535458403083 0.003175188418431341 1.0000000180025095e-35 0.025790610387866012
decision_type=2 2 2 2 2 2 2 2 2
left_child=3 2 -2 5 -4 6 -1 8 -7
right_child=1 -3 4 -5 -6 7 -8 -9 -10
leaf_value=0.0032424460332788649 0.0072672556667543369 0.017203839327716935 -0.03467937519808674 0.021649112791154165 -0.011335902687555813 -0.010104170358996009 -0.026041385483523045 -0.010928228462006598 0.016237434321328029
leaf_weight=2.3037773948162785 2.3266460485756397 2.3957787714898586 2.0333201810717565 1.9653583485633124 2.6016132365912199 2.4905780181288737 1.7840723935514686 2.023302935063839 5.2846981473267078
leaf_count=26 21 21 18 21 27 26 19 18 53
internal_value=8.37141e-06 -0.00447573 -0.0119366 0.00265535 -0.0215766 -3.28555e-05 -0.00953798 0.00393257 0.00779969
internal_weight=25.2091 9.35736 6.96158 15.8518 4.63493 13.8864 4.08785 9.79858 7.77528
internal_count=250 87 66 163 45 142 45 97 79
is_linear=0
shrinkage=0.05


Tree=516
num_leaves=9
num_cat=0
split_feature=13 21 14 31 21 4 21 19
split_gain=0.123504 0.231078 0.372102 0.448924 0.440538 0.360663 0.23994 0.219261
threshold=40.842370646634869 -0.00061647896028110816 0.44803462891665352 0.26799529653780385 0.0012642804154334721 0.023270562746623803 -0.0040496231731063084 -0.0020142956723152024
decision_type=2 2 2 2 2 2 2 2
left_child=7 5 -3 4 -4 6 -2 -1
right_child=1 2 3 -5 -6 -7 -8 -9
leaf_value=0.0029233719452647785 0.013507677428963053 0.023101672041876971 0.0074008700519538565 0.016266583890480853 -0.020198552210023923 -0.017232617051806072 -0.0074275287229553276 -0.019614262687693926
leaf_weight=2.2884925119578838 2.8537382744252682 2.5508796647191003 2.7931943852454406 3.2796606412157416 2.9974082903936505 3.4145930372178555 2.6299474351108127 2.0421569198370007
leaf_count=28 25 29 25 31 28 32 26 26
internal_value=-3.16729e-05 0.00158768 0.00623065 0.00148591 -0.00688551 -0.00447604 0.00346726 -0.00770445
internal_weight=24.8501 20.5194 11.6211 9.07026 5.7906 8.89828 5.48369 4.33065
internal_count=250 196 113 84 53 83 51 54
is_linear=0
shrinkage=0.05


Tree=517
num_leaves=12
num_cat=0
split_feature=9 21 9 21 1 18 21 13 20 20 2
split_gain=0.023423 0.0482332 0.0313336 0.0400395 0.0261534 1.55557e-07 1.31049e-08 1.02145e-08 4.42435e-09 1.60352e-09 6.89944e-10
threshold=61.246000194549566 0.00025591324514329111 63.559999656677256 0.0023367626770869347 0.050930571657357489 -1.3185104804323797 -0.00041168547789538485 43.802957839915372 0.083074559037394594 -0.022088928274260785 -0.021722693925517119
decision_type=2 2 2 2 2 2 2 2 2 2 2
left_child=4 6 -3 -4 5 -1 8 -7 10 -9 -2
right_child=1 2 3 -5 -6 7 -8 9 -10 -11 -12
leaf_value=-0.033539171401038174 -0.033363820107374924 0.022880388706228348 0.01770235830257463 -0.033533579084125097 0.016626705521488865 -0.033402593128858689 -0.03341792208404603 -0.033370990017704279 -0.033388276326627359 -0.033350338393063346 -0.033349550661130704
leaf_weight=0.01965568820014596 0.016741986328270286 0.26109287580766249 0.083957192808156833 0.069859466580965091 0.037328810998587869 0.027628173920675181 0.016796037991298363 0.024227513749792706 0.016338031527993735 0.015357975058577722 0.017147220629340154
leaf_count=7 19 22 15 37 11 19 9 20 15 36 40
internal_value=0.000986866 0.00597654 0.012334 -0.00556765 -0.0183749 -0.0334154 -0.0333797 -0.0333793 -0.0333669 -0.033363 -0.0333566
internal_weight=0.606131 0.481933 0.41491 0.153817 0.124198 0.0868694 0.0670233 0.0672137 0.0502272 0.0395855 0.0338892
internal_count=250 157 74 52 93 82 83 75 74 56 59
is_linear=0
shrinkage=0.05


Tree=518
num_leaves=8
num_cat=0
split_feature=16 12 20 3 20 3 17
split_gain=0.119967 0.483517 0.251942 0.214234 0.446541 0.380967 0.326061
threshold=0.019693446076133037 -0.019811331895996157 0.18056518947742542 -0.039881461104625364 -0.086567704814785415 -0.068436782207423261 0.012814376183235733
decision_type=2 2 2 2 2 2 2
left_child=1 -1 3 5 -5 -2 -6
right_child=2 -3 -4 4 6 -7 -8
leaf_value=0.0087705572926734046 0.0088216006804009688 -0.024485032972302118 -0.013604016661609077 0.023232054513920925 0.0080208337694374545 -0.020596020719572859 -0.01056627767954384
leaf_weight=2.2324937861412764 2.1883234996348619 2.1414289930835393 2.4030846022069445 3.1487524425610962 7.0315241841599239 2.2140467874705871 3.5510508567094803
leaf_count=26 24 22 19 31 70 23 35
internal_value=7.5831e-06 -0.00751105 0.0016089 0.00362492 0.00670214 -0.00597315 0.00178381
internal_weight=24.9107 4.37392 20.5368 18.1337 13.7313 4.40237 10.5826
internal_count=250 48 202 183 136 47 105
is_linear=0
shrinkage=0.05


Tree=519
num_leaves=9
num_cat=0
split_feature=13 14 21 13 6 33 14 1
split_gain=0.119816 0.2197 0.20801 0.356482 0.556863 0.334421 0.363079 0.281308
threshold=40.842370646634869 0.086471006402752223 -0.00061647896028110816 48.159068861124233 1.0548014507365753 0.95500000000000007 0.55820513488156542 0.025376446867029005
decision_type=2 2 2 2 2 2 2 2
left_child=1 -1 5 -4 7 6 -2 -5
right_child=2 -3 3 4 -6 -7 -8 -9
leaf_value=0.007448816090094546 -0.010304853026372539 -0.016111725177323396 0.022965649928222257 -0.018245376190691314 0.015809541954417465 -0.020255260804668714 0.013420299741884009 0.0058508253783284402
leaf_weight=1.5469089765101696 3.1865375116467529 2.7457622773945332 2.4405922144651369 3.2537392042577249 3.8599599059671164 2.3717356026172638 3.2647498734295368 1.9294858211651442
leaf_count=15 28 39 27 33 33 24 31 20
internal_value=-3.17875e-05 -0.00762144 0.00157259 0.00600825 0.00143175 -0.00420071 0.00170154 -0.00927542
internal_weight=24.5995 4.29267 20.3068 11.4838 9.04318 8.82302 6.45129 5.18323
internal_count=250 54 196 113 86 83 59 53
is_linear=0
shrinkage=0.05


Tree=520
num_leaves=12
num_cat=0
split_feature=9 21 9 21 1 18 21 13 20 20 2
split_gain=0.0226379 0.0467196 0.0295117 0.0383056 0.0249417 1.3905e-07 1.23045e-08 9.12148e-09 3.93538e-09 1.41901e-09 6.44409e-10
threshold=61.246000194549566 0.00025591324514329111 63.559999656677256 0.0023367626770869347 0.050930571657357489 -1.3185104804323797 -0.00041168547789538485 43.802957839915372 0.083074559037394594 -0.022088928274260785 -0.021722693925517119
decision_type=2 2 2 2 2 2 2 2 2 2 2
left_child=4 6 -3 -4 5 -1 8 -7 10 -9 -2
right_child=1 2 3 -5 -6 7 -8 9 -10 -11 -12
leaf_value=-0.03353157812570054 -0.033363049210347599 0.022534794679377225 0.017344815587300302 -0.033523784633946639 0.016085639336413202 -0.033399886644737836 -0.033415975446199661 -0.033369388496797554 -0.033386349079467706 -0.033349546328234878 -0.03334902302236533
leaf_weight=0.01891865226207301 0.016216724514379166 0.25800528014951851 0.08288016686856281 0.066866530149127357 0.036632187417126261 0.026546198525466025 0.016372062033042312 0.023161986006016377 0.015797947380633559 0.014747525081475032 0.016541845339816064
leaf_count=7 19 22 15 37 11 19 9 20 15 36 40
internal_value=0.00109048 0.00601421 0.0122869 -0.00536959 -0.018303 -0.0334124 -0.0333785 -0.0333774 -0.0333659 -0.0333617 -0.033356
internal_weight=0.592687 0.472681 0.407752 0.149747 0.120007 0.0833744 0.0649286 0.0644557 0.0485565 0.0379095 0.0327586
internal_count=250 157 74 52 93 82 83 75 74 56 59
is_linear=0
shrinkage=0.05


Tree=521
num_leaves=8
num_cat=0
split_feature=31 12 24 15 17 16 30
split_gain=0.118292 0.284102 0.365643 0.243837 0.339013 0.261472 0.292337
threshold=-0.59098621846241872 -0.0367714194080574 0.0022466909518641391 0.025790610387866012 -0.0041414690000250399 0.019984316803336791 -0.011851822434149449
decision_type=2 2 2 2 2 2 2
left_child=-1 2 -2 4 -3 -5 -7
right_child=1 3 -4 5 -6 6 -8
leaf_value=-0.0099897963830270151 0.029450305839785626 -0.02868164205550397 -0.0021189675754895881 -0.014568635757316853 -0.0015248802008421061 -0.010601718920885418 0.0093552044439862616
leaf_weight=2.6428274065256145 1.862681320868439 1.7176654450595377 1.8069968065246937 1.958581257611512 3.472519905306398 2.3126179873943391 8.885065476410082
leaf_count=27 24 19 19 18 34 21 88
internal_value=5.50056e-06 0.00120534 0.0139052 -0.0013349 -0.0105123 0.0022856 0.00523357
internal_weight=24.659 22.0161 3.66968 18.3465 5.19019 13.1563 11.1977
internal_count=250 223 43 180 53 127 109
is_linear=0
shrinkage=0.05


Tree=522
num_leaves=8
num_cat=0
split_feature=18 26 24 26 26 6 12
split_gain=0.116409 0.415282 0.288918 0.337019 0.380055 0.376689 0.251704
threshold=-0.66502570756642032 0.017428735119305986 -0.017600508243531873 0.034107337487687135 0.0059314848699386644 1.0401943290307527 -0.021435836133943703
decision_type=2 2 2 2 2 2 2
left_child=1 -1 -2 4 6 -6 -4
right_child=2 -3 3 -5 5 -7 -8
leaf_value=0.0044317608223337149 0.01367172946431877 -0.024836219046028785 -0.011726051499705153 0.013632786847606751 -0.0043233522255719335 -0.030640308660450078 0.0097527288424165502
leaf_weight=3.1820307904854443 4.022121893707669 1.9576064865104852 1.9577788598835493 2.9942012634128323 3.5367589620873332 2.208977940492332 4.4972011605277578
leaf_count=31 39 23 24 30 36 23 44
internal_value=-3.20375e-05 -0.00671595 0.00175559 -0.00139864 -0.00508753 -0.014441 0.00323827
internal_weight=24.3567 5.13964 19.217 15.1949 12.2007 5.74574 6.45498
internal_count=250 54 196 157 127 59 68
is_linear=0
shrinkage=0.05


Tree=523
num_leaves=10
num_cat=0
split_feature=26 25 23 25 12 25 30 9 21
split_gain=0.0241054 0.0269855 0.0389578 0.0215477 0.0554759 0.0157441 2.48786e-07 1.76952e-07 1.14577e-08
threshold=-0.019858456272093424 -0.01211456262799415 -0.00099286337003323655 0.0055682211413676805 0.063116008154954731 0.0080400305515768728 -0.015080642471915427 58.096000003814702 -0.00041168547789538485
decision_type=2 2 2 2 2 2 2 2 2
left_child=6 -2 7 4 -4 -5 -1 -3 -9
right_child=1 2 3 5 -6 -7 -8 8 -10
leaf_value=-0.033626360577683728 0.024139196579620267 -0.033583674404726746 -0.033491178607094878 0.033850306634542714 0.028337931933069639 0.0037669253368527496 -0.03338650676920886 -0.033357129566105252 -0.03339883519671849
leaf_weight=0.017224255178007297 0.12826838972978294 0.012820122479752172 0.089319431077456102 0.079594123788410798 0.061094066404621117 0.095884860602382105 0.029036544146947563 0.028791459433705313 0.038475945682876045
leaf_count=9 18 5 45 3 11 43 36 52 28
internal_value=0.00114903 0.00414721 -0.00216921 0.005509 -0.0083778 0.0174122 -0.0334758 -0.0334134 -0.033381
internal_weight=0.580509 0.534248 0.40598 0.325892 0.150413 0.175479 0.0462608 0.0800875 0.0672674
internal_count=250 205 187 102 56 46 45 85 80
is_linear=0
shrinkage=0.05


Tree=524
num_leaves=6
num_cat=0
split_feature=1 3 18 4 21
split_gain=0.117216 0.287334 0.245852 0.199121 0.316626
threshold=0.10810045619594301 0.11417730349899537 0.78495647288247616 0.023489982974621428 -0.0041558017221513524
decision_type=2 2 2 2 2
left_child=1 2 3 4 -1
right_child=-2 -3 -4 -5 -6
leaf_value=-0.022660584836772801 0.011829577024699894 -0.017602637136371124 0.01300073611424909 0.0097704801435521127 -0.0010619199227293419
leaf_weight=1.9888832960277891 1.9300357103347767 2.3379438985139123 3.4809332471340886 3.1237107813358298 11.55436847638339
leaf_count=19 15 23 35 35 123
internal_value=4.64059e-06 -0.00101033 0.000915022 -0.00160911 -0.00423377
internal_weight=24.4159 22.4858 20.1479 16.667 13.5433
internal_count=250 235 212 177 142
is_linear=0
shrinkage=0.05


Tree=525
num_leaves=7
num_cat=0
split_feature=31 12 24 24 30 22
split_gain=0.119902 0.257236 0.380209 0.235288 0.271038 0.325548
threshold=-0.59098621846241872 -0.0367714194080574 0.0022466909518641391 0.025147474485102021 -0.011140836099140459 0.005961149877537931
decision_type=2 2 2 2 2 2
left_child=-1 2 -2 4 -3 -6
right_child=1 3 -4 -5 5 -7
leaf_value=0.010123263314851964 -0.029795808388406248 0.018891811658743138 0.0028507075154021837 -0.014380833966379757 0.0045482899102120581 -0.014495018113358529
leaf_weight=2.593951522838327 1.7889811974018877 2.3642663937062087 1.7784254690632222 2.1417573392391196 10.663894570898256 2.8424396757036439
leaf_count=27 24 22 19 22 107 29
internal_value=-3.3459e-05 -0.00125433 -0.0135208 0.0011751 0.00327439 0.000540581
internal_weight=24.1737 21.5798 3.56741 18.0124 15.8706 13.5063
internal_count=250 223 43 180 158 136
is_linear=0
shrinkage=0.05


Tree=526
num_leaves=10
num_cat=0
split_feature=26 25 23 25 12 25 30 9 21
split_gain=0.023209 0.0256185 0.0376916 0.0203637 0.0534911 0.015654 2.25031e-07 1.73379e-07 1.02624e-08
threshold=-0.019858456272093424 -0.01211456262799415 -0.00099286337003323655 0.0055682211413676805 0.063116008154954731 0.0080400305515768728 -0.015080642471915427 58.096000003814702 -0.00041168547789538485
decision_type=2 2 2 2 2 2 2 2 2
left_child=6 -2 7 4 -4 -5 -1 -3 -9
right_child=1 2 3 5 -6 -7 -8 8 -10
leaf_value=-0.033616422046038145 0.023704792672783845 -0.033581560862662098 -0.033485407047472139 0.033791990950307937 0.028025730979431042 0.0035004593337424218 -0.033384271949324827 -0.033356262130000466 -0.033396451601692849
leaf_weight=0.01667487700615311 0.12644623474625405 0.01265382317797048 0.086212073132628575 0.077417566324584186 0.059901207088842057 0.094971663525939221 0.027911771205253899 0.027790297541287146 0.037075260308483848
leaf_count=9 18 5 45 3 11 43 36 52 28
internal_value=0.00115577 0.00411078 -0.00214541 0.00546453 -0.00826805 0.017104 -0.0334711 -0.0334123 -0.0333792
internal_weight=0.567055 0.522468 0.396022 0.318503 0.146113 0.172389 0.0445866 0.0775194 0.0648656
internal_count=250 205 187 102 56 46 45 85 80
is_linear=0
shrinkage=0.05


Tree=527
num_leaves=8
num_cat=0
split_feature=31 12 24 15 4 16 30
split_gain=0.119903 0.257276 0.360471 0.232525 0.321242 0.252304 0.256395
threshold=-0.59098621846241872 -0.0367714194080574 0.0022466909518641391 0.025790610387866012 0.01511797157442381 0.019984316803336791 -0.011140836099140459
decision_type=2 2 2 2 2 2 2
left_child=-1 2 -2 4 -3 -5 -7
right_child=1 3 -4 5 -6 6 -8
leaf_value=-0.010123453636548251 0.029211551111156503 0.0028492064249999506 -0.0024737843183374217 -0.014410475619391547 -0.022316096537362419 -0.009207280412890078 0.0092702926534623253
leaf_weight=2.6069709043949869 1.8044855846092169 2.4325576461851588 1.7860985407605765 1.9136164486408223 2.649259440600872 2.3985558208078208 8.6407372290268452
leaf_count=27 24 25 19 18 28 24 85
internal_value=6.33223e-06 0.0012275 0.01345 -0.00120592 -0.01027 0.0023502 0.00525559
internal_weight=24.2323 21.6253 3.59058 18.0347 5.08182 12.9529 11.0393
internal_count=250 223 43 180 53 127 109
is_linear=0
shrinkage=0.05


Tree=528
num_leaves=7
num_cat=0
split_feature=18 26 24 26 26 18
split_gain=0.116102 0.385934 0.276287 0.320687 0.405356 0.277859
threshold=-0.66502570756642032 0.017428735119305986 -0.017600508243531873 0.034107337487687135 -0.03564531815114768 0.90137508166334757
decision_type=2 2 2 2 2 2
left_child=1 -1 -2 4 -4 -6
right_child=2 -3 3 -5 5 -7
leaf_value=0.0040425139500454635 0.013543867127009411 -0.0244086260070734 0.020252399226789241 0.013417223361978628 -0.0043534578438595879 -0.024861848584891919
leaf_weight=3.1381923444569138 3.9402958424761954 1.9219140820205209 1.4074117541313196 2.9567794557660809 8.5740524381399066 2.0456285756081334
leaf_count=31 39 23 14 30 92 21
internal_value=-3.61863e-05 -0.00676371 0.00176268 -0.00133541 -0.00496225 -0.00830391
internal_weight=23.9843 5.06011 18.9242 14.9839 12.0271 10.6197
internal_count=250 54 196 157 127 113
is_linear=0
shrinkage=0.05


Tree=529
num_leaves=9
num_cat=0
split_feature=30 24 24 30 22 16 13 16
split_gain=0.02255 0.0219961 0.0357329 0.0485322 0.0207292 1.09972e-07 3.81833e-08 1.65939e-09
threshold=0.017605931196604366 -0.026637713894946565 -0.023117971899565434 0.0041410092022451392 0.00085918318370781243 0.019204626680947034 30.977051174480888 0.024303730953912441
decision_type=2 2 2 2 2 2 2 2
left_child=1 -1 -3 6 -5 -2 -4 -7
right_child=5 2 3 4 -6 7 -8 -9
leaf_value=-0.033485077022951344 -0.033528110558988349 0.031511800408654166 -0.03346974814910627 -0.005133301908822792 0.022386316554044342 -0.033379341590338021 -0.033377174149569526 -0.033353997758995647
leaf_weight=0.036137222181423567 0.017378770317009185 0.11308211299183313 0.01313705972279422 0.12803564867499517 0.14698463366221404 0.01195628561617923 0.073225771342549706 0.014046441274331301
leaf_count=20 5 8 4 43 28 15 100 27
internal_value=0.00117787 0.00411827 0.0069823 -0.000693349 0.00957456 -0.0334307 -0.0333913 -0.0333657
internal_weight=0.553984 0.510602 0.474465 0.361383 0.27502 0.0433815 0.0863628 0.0260027
internal_count=250 203 183 175 71 47 104 42
is_linear=0
shrinkage=0.05


Tree=530
num_leaves=9
num_cat=0
split_feature=25 31 12 31 20 22 19 0
split_gain=0.115946 0.292272 0.407874 0.305007 0.2497 0.222715 0.480959 0.41577
threshold=0.014995695540538147 -0.59098621846241872 -0.0367714194080574 -0.0095305484187540885 -0.0071474625918118142 -0.0026725611452455551 0.055656248383201386 0.0099447874182597724
decision_type=2 2 2 2 2 2 2 2
left_child=1 -1 3 -3 -2 7 -7 -4
right_child=4 2 5 -5 -6 6 -8 -9
leaf_value=-0.02097911134646074 0.02166096305550631 0.03197823073355039 0.00020249659549439862 0.0014990948345559982 -0.0031881868859971818 -0.0044381296454341513 0.022959517193931134 -0.028847107008057656
leaf_weight=1.7672511022538007 1.7936409935355184 1.5918562365695836 3.0121718253940406 1.6946108490228731 2.3168002627789965 7.763611809350536 2.0182727165520191 2.083834495395422
leaf_count=19 18 25 30 16 26 80 18 18
internal_value=8.95843e-06 -0.00156787 0.000320691 0.0162622 0.00765504 -0.00320072 0.00121476 -0.0116763
internal_weight=24.0421 19.9316 18.1644 3.28647 4.11044 14.8779 9.78188 5.09601
internal_count=250 206 187 41 44 146 98 48
is_linear=0
shrinkage=0.05


Tree=531
num_leaves=8
num_cat=0
split_feature=0 2 2 22 30 13 22
split_gain=0.115744 0.173844 0.330226 0.370893 0.240025 0.309291 0.146211
threshold=-0.01715404086135058 -0.033113185480193978 0.0013421123741933496 -0.0022904163912597082 -0.011851822434149449 54.496771438312315 -0.0036870580096334811
decision_type=2 2 2 2 2 2 2
left_child=-1 6 3 -3 -4 -6 -2
right_child=1 2 4 -5 5 -7 -8
leaf_value=-0.0094740005154142562 0.00019069607081497036 0.00073687770523198418 0.017235307340038069 -0.029171350805208298 0.010073821888569659 -0.0077839815934046212 0.018598339535226185
leaf_weight=2.8583999383263317 1.9928789529949424 2.214029973372817 2.3929095752537313 1.9491823697462667 4.1363278161734254 5.8593043191358447 2.3517992962151828
leaf_count=39 19 25 21 22 41 58 25
internal_value=-3.73505e-05 0.00125348 -0.00108305 -0.0132659 0.00301104 -0.000394181 0.0101549
internal_weight=23.7548 20.8964 16.5518 4.16321 12.3885 9.99563 4.34468
internal_count=250 211 167 47 120 99 44
is_linear=0
shrinkage=0.05


Tree=532
num_leaves=12
num_cat=0
split_feature=29 9 9 13 29 7 16 22 13 14 4
split_gain=0.0226985 0.0198967 0.0285834 0.0347426 0.0279576 4.75747e-07 1.27754e-07 1.09084e-08 5.92122e-09 7.18549e-10 2.95498e-10
threshold=0.0053127443568387065 61.246000194549566 63.559999656677256 40.412739493807898 0.0041331636326353846 63.290999412536628 0.015156763980854445 0.0071281247551754365 43.802957839915372 0.24306118622417336 0.019533269572490804
decision_type=2 2 2 2 2 2 2 2 2 2 2
left_child=1 4 -3 -4 6 -5 -1 9 -8 -2 -11
right_child=7 2 3 5 -6 -7 8 -9 -10 10 -12
leaf_value=-0.033534967437222257 -0.033367190437147851 0.019661865532583461 0.014460838011404926 -0.033631302844329199 0.024211854261792183 -0.033368049656222386 -0.033396331377827645 -0.033406437454443216 -0.033361689611366221 -0.033356069479392167 -0.033342176001517523
leaf_weight=0.016244183876551688 0.0091629884263966233 0.2473627287618001 0.081046065286500379 0.029201457655290142 0.030289262183941901 0.041626382277172524 0.019669036890263669 0.019198495137970895 0.033083527927374234 0.0080903759590000845 0.007262748325956637
leaf_count=3 12 37 14 4 3 59 14 15 48 14 27
internal_value=0.00116818 0.0041975 0.00917885 -0.00789524 -0.0158329 -0.0334766 -0.0334124 -0.0333782 -0.0333746 -0.0333561 -0.0333495
internal_weight=0.542237 0.498523 0.399237 0.151874 0.099286 0.0708278 0.0689967 0.0437146 0.0527526 0.0245161 0.0153531
internal_count=250 182 114 77 68 63 65 68 62 53 41
is_linear=0
shrinkage=0.05


Tree=533
num_leaves=6
num_cat=0
split_feature=31 31 7 1 2
split_gain=0.113999 0.213351 0.246801 0.344526 0.250039
threshold=0.58054538681379519 0.42679666164620067 66.061499404907252 0.042903524122921984 0.023384645033885713
decision_type=2 2 2 2 2
left_child=1 2 3 4 -1
right_child=-2 -3 -4 -5 -6
leaf_value=-0.0023719307603124471 0.011188996165821544 -0.014137319995166748 0.015901836849020135 -0.018664628724407887 0.012602875996755684
leaf_weight=10.370100329630089 2.0814204895868889 2.7274364735931149 2.3728599920868865 2.4462756384164086 3.8123531825840464
leaf_count=110 23 27 26 24 40
internal_value=1.06602e-05 -0.00106011 0.000816956 -0.0013356 0.00165341
internal_weight=23.8104 21.729 19.0016 16.6287 14.1825
internal_count=250 227 200 174 150
is_linear=0
shrinkage=0.05


Tree=534
num_leaves=8
num_cat=0
split_feature=4 15 25 24 23 15 26
split_gain=0.115025 0.198839 0.196347 0.302976 0.28247 0.213978 0.151499
threshold=0.047338373287008399 0.054179046963725178 -0.0020926799625824439 0.023151751923785605 -0.012261584076212249 0.026029638994195838 -0.0023732118167472112
decision_type=2 2 2 2 2 2 2
left_child=1 2 5 4 -4 -1 -7
right_child=-2 -3 3 -5 -6 6 -8
leaf_value=0.0061793847837454882 -0.011667600117893123 0.016281241049800443 -0.011386855617003618 -0.01564683085813029 0.0089832183017463756 -0.006050475191378993 -0.026008247583690372
leaf_weight=1.7259867563843805 1.9503522310405959 1.940515600144862 2.0448464136570736 1.9527521319687373 10.146795829758041 2.1174010708928108 1.7259915187023582
leaf_count=22 22 18 19 17 105 25 22
internal_value=-3.75163e-05 0.00100998 -0.000493241 0.00263794 0.00556664 -0.00844542 -0.0150131
internal_weight=23.6046 21.6543 19.7138 14.1444 12.1916 5.56938 3.84339
internal_count=250 228 210 141 124 69 47
is_linear=0
shrinkage=0.05


Tree=535
num_leaves=12
num_cat=0
split_feature=20 21 26 30 4 18 16 21 33 13 22
split_gain=0.0192728 0.0369058 0.0223576 0.0168255 0.0413172 9.83931e-08 1.01756e-08 3.43554e-09 5.50866e-10 1.97796e-10 1.31191e-10
threshold=-0.047054593386037839 0.00025591324514329111 0.039865672502344414 0.0041410092022451392 0.020478284861607476 -0.66502570756642032 0.022708667673989654 0.00025591324514329111 0.21500000000000002 45.687143690728362 -0.0094935027487824102
decision_type=2 2 2 2 2 2 2 2 2 2 2
left_child=2 6 5 4 -3 -1 -2 9 -8 -7 -10
right_child=1 3 -4 -5 -6 7 8 -9 10 -11 -12
leaf_value=-0.033499380647731489 -0.03339793586206645 -0.033460627299648091 0.015153309491351697 0.0197687140179428 0.021530692788134586 -0.03336076179319529 -0.03336455586543368 -0.033381319430528689 -0.033354578054075733 -0.033351296073929344 -0.033345784945168676
leaf_weight=0.02053292746131774 0.025639347099058796 0.060122387018054724 0.035079172434052452 0.23203037017810857 0.079091200015682261 0.0098685870871122461 0.0081980656832456589 0.030170190075295977 0.0066490509088907848 0.012521200063929427 0.011716909561073408
leaf_count=10 18 34 14 25 27 15 10 25 11 26 35
internal_value=0.00117672 0.00598843 -0.0176591 0.0115237 -0.00221849 -0.0334066 -0.0333755 -0.0333703 -0.0333538 -0.0333555 -0.033349
internal_weight=0.531619 0.423447 0.108172 0.371244 0.139214 0.0730929 0.0522034 0.05256 0.026564 0.0223898 0.018366
internal_count=250 160 90 86 61 76 74 66 56 41 46
is_linear=0
shrinkage=0.05


Tree=536
num_leaves=6
num_cat=0
split_feature=4 15 23 21 15
split_gain=0.117616 0.19292 0.183248 0.282352 0.431297
threshold=0.047338373287008399 0.054179046963725178 -0.012261584076212249 -0.0041558017221513524 0.036209805722686485
decision_type=2 2 2 2 2
left_child=1 2 -1 -4 -5
right_child=-2 -3 3 4 -6
leaf_value=0.013583906472275115 0.011755460863365754 -0.016106039893922817 -0.018102697422164825 -0.0029357527261219471 0.018694816047052341
leaf_weight=2.3344697048887708 1.955575469881295 1.937026772648095 2.1941776797175505 12.409057267941526 2.8301094323396674
leaf_count=23 22 18 22 136 29
internal_value=1.09886e-05 -0.00104717 0.000428431 -0.0013332 0.00108132
internal_weight=23.6604 21.7048 19.7678 17.4333 15.2392
internal_count=250 228 210 187 165
is_linear=0
shrinkage=0.05


Tree=537
num_leaves=10
num_cat=0
split_feature=30 30 7 33 11 25 29 16 2
split_gain=0.115821 0.374093 0.220813 0.178823 0.217455 0.326724 0.300969 0.286332 0.220633
threshold=0.012121920221580431 0.019717058138473468 62.602500152587901 0.9850000000000001 62.789599914550784 -0.0020926799625824439 0.0033149998586834433 0.033010182584390292 0.0068486316165935488
decision_type=2 2 2 2 2 2 2 2 2
left_child=3 -2 -3 4 5 -1 7 -6 -7
right_child=1 2 -4 -5 6 8 -8 -9 -10
leaf_value=-0.016129300002332574 -0.022078849272544679 -0.0083207721121965877 0.014957985015545931 -0.0095723043647880004 -0.005621576394488615 -0.0055867023372292894 0.026990480692163771 0.019549672039218122 0.015468867113783306
leaf_weight=2.5362469884566963 2.2692672885023049 2.0491701643913984 2.0257611237466335 2.7532890774309626 2.9601373635232449 2.2825814057141596 2.0223343949764967 1.8271792009472845 2.7348267547786236
leaf_count=28 30 22 19 30 34 21 24 17 25
internal_value=-3.83163e-05 -0.0058088 0.00325174 0.00210049 0.00433804 -0.00150329 0.0108176 0.00398556 0.00589001
internal_weight=23.4608 6.3442 4.07493 17.1166 14.3633 7.55366 6.80965 4.78732 5.01741
internal_count=250 71 41 179 149 74 75 51 46
is_linear=0
shrinkage=0.05


Tree=538
num_leaves=12
num_cat=0
split_feature=20 21 21 30 4 9 16 18 24 33 22
split_gain=0.0185091 0.0355353 0.0218772 0.0157131 0.0396343 6.6694e-08 9.12051e-09 4.95664e-09 2.4388e-09 5.07608e-10 1.18302e-10
threshold=-0.047054593386037839 0.00025591324514329111 -0.0034648207962856277 0.0041410092022451392 0.020478284861607476 59.290250205993658 0.022708667673989654 -0.57170394871247698 -0.0079996616767286626 0.21500000000000002 -0.0094935027487824102
decision_type=2 2 2 2 2 2 2 2 2 2 2
left_child=2 6 -1 4 -3 -4 -2 -7 -9 -8 -11
right_child=1 3 5 -5 -6 7 9 8 -10 10 -12
leaf_value=0.015006976384521432 -0.033395657475139638 -0.033454170520212871 -0.033489708098360042 0.019405241911120613 0.021211725501496571 -0.033398239480354322 -0.033363599687107899 -0.033378195182212113 -0.033351835875232223 -0.033353799810077127 -0.033345294793774703
leaf_weight=0.034822759140297421 0.024714611514355056 0.057732973305974156 0.017378404852934182 0.22965917614783393 0.077892475648695836 0.018057757384667639 0.0079282774895546027 0.019020921328774421 0.016290279374516103 0.0064111424508155315 0.011286715896858368
leaf_count=24 18 34 6 25 27 12 10 18 30 11 35
internal_value=0.00125987 0.00600865 -0.0174359 0.0114361 -0.00205843 -0.0334046 -0.033374 -0.0333769 -0.033366 -0.0333531 -0.0333484
internal_weight=0.521195 0.415625 0.10557 0.365285 0.135625 0.0707474 0.0503407 0.053369 0.0353112 0.0256261 0.0176979
internal_count=250 160 90 86 61 66 74 60 48 56 46
is_linear=0
shrinkage=0.05


Tree=539
num_leaves=10
num_cat=0
split_feature=30 18 33 11 25 29 16 2 13
split_gain=0.111784 0.364689 0.183141 0.220348 0.301657 0.293436 0.267694 0.222261 0.179227
threshold=0.012121920221580431 0.50549543900741212 0.9850000000000001 62.789599914550784 -0.0020926799625824439 0.0033149998586834433 0.033010182584390292 0.0068486316165935488 51.457278168602024
decision_type=2 2 2 2 2 2 2 2 2
left_child=2 8 3 4 -1 6 -5 -6 -2
right_child=1 -3 -4 5 7 -7 -8 -9 -10
leaf_value=0.015386923953860454 0.0059604787616903097 0.024083158478212144 0.0097198296313106072 0.0051501792310916896 0.0058491924978096117 -0.026938311865449444 -0.019177301354352552 -0.015275568438489741 -0.014516894753435001
leaf_weight=2.5816183779388666 2.7114032404497257 1.8902888856828211 2.7553925774991503 2.9535983139649034 2.2883400898426824 2.0076245721429586 1.8322950191795824 2.7313440944999456 1.7635579891502855
leaf_count=28 34 21 30 34 21 24 17 25 16
internal_value=1.03035e-05 0.00566891 -0.00208987 -0.00435043 0.00149781 -0.0108941 -0.00416368 -0.00564535 -0.00210954
internal_weight=23.5155 6.36525 17.1502 14.3948 7.6013 6.79352 4.78589 5.01968 4.47496
internal_count=250 71 179 149 74 75 51 46 50
is_linear=0
shrinkage=0.05


Tree=540
num_leaves=10
num_cat=0
split_feature=13 26 3 1 1 1 15 31 14
split_gain=0.116371 0.210276 0.196711 0.250937 0.26903 0.285751 0.255722 0.226527 0.150641
threshold=39.78815856254743 0.027699433520321119 -0.0049818568432305468 0.025376446867029005 0.0063923203327502795 -0.011980311302192346 0.038322488500930639 0.070014050732705321 0.39608781974062274
decision_type=2 2 2 2 2 2 2 2 2
left_child=1 -1 7 4 5 -4 -5 8 -2
right_child=2 -3 3 6 -6 -7 -8 -9 -10
leaf_value=-0.019532421648745087 0.024881709280452764 0.0047568457108556825 -0.013891044904422035 0.014186312344413074 -0.024287635617411568 0.011651171969346376 -0.0061679142568439862 -0.0053951214344022478 0.0069278063141374156
leaf_weight=1.9304251233115821 1.9593686647713244 1.6549395443871615 2.403007553890351 3.3886765567585826 2.0184446610510349 2.0116511285304934 2.8333555050194263 2.1262425668537617 2.8939194045960903
leaf_count=28 22 20 25 33 22 19 26 22 33
internal_value=-3.75744e-05 -0.00832093 0.001475 -0.00224166 -0.00916594 -0.00225209 0.00491751 0.00821396 0.0141762
internal_weight=23.22 3.58536 19.6347 12.6551 6.4331 4.41466 6.22203 6.97953 4.85329
internal_count=250 48 202 125 66 44 59 77 55
is_linear=0
shrinkage=0.05


Tree=541
num_leaves=10
num_cat=0
split_feature=13 34 23 19 16 11 21 32 21
split_gain=0.0216375 0.0215804 0.0391105 0.0302704 0.0160544 2.25199e-07 6.25586e-09 3.20338e-09 3.16622e-10
threshold=57.067711127759758 0.9084267073535528 -1.0000000180025095e-35 -0.011298954547856009 0.018049538601568212 60.153300018310553 0.001428650189670311 -0.23276836200620579 0.00050603814963323679
decision_type=2 2 2 2 2 2 2 2 2
left_child=1 2 5 -4 -5 -1 -7 -2 -9
right_child=7 -3 3 4 -6 6 -8 8 -10
leaf_value=-0.033551712561279749 -0.033381065540699896 0.024527098443628242 0.018247981134845669 0.008268070968037779 -0.033431107770822199 -0.033352685422316335 -0.033389000462333687 -0.033344516004792019 -0.033355848110833891
leaf_weight=0.027622548739600461 0.014383954818185885 0.10331904584018048 0.19524846593412803 0.039418210479198024 0.055696980343782343 0.021889808826017543 0.025880148445139639 0.0095177625444193836 0.017492759354354348
leaf_count=11 14 14 33 9 34 50 17 34 34
internal_value=0.00129082 0.00434883 -0.00135114 0.00698018 -0.0161499 -0.0334381 -0.0333724 -0.033362 -0.0333519
internal_weight=0.51047 0.469075 0.365756 0.290364 0.0951152 0.0753925 0.04777 0.0413945 0.0270105
internal_count=250 168 154 76 43 78 67 82 68
is_linear=0
shrinkage=0.05


Tree=542
num_leaves=8
num_cat=0
split_feature=31 26 18 23 17 0 20
split_gain=0.115008 0.207694 0.196687 0.284954 0.389454 0.286364 0.200861
threshold=0.58054538681379519 -0.03564531815114768 0.78495647288247616 0.0036573242474281513 -0.0041414690000250399 -0.0020918071227466468 0.078246208741906256
decision_type=2 2 2 2 2 2 2
left_child=1 -1 3 5 -5 -3 -4
right_child=-2 2 6 4 -6 -7 -8
leaf_value=-0.01718524565663811 0.011371167793412802 0.0019651744902965083 0.019959831444823609 -0.011694958230602811 0.018474652412378206 -0.014590687072265893 -0.0019733334667189281
leaf_weight=1.8290352784097255 2.0326843047514549 4.9325067624449783 2.2991613224148741 1.6390374507755039 3.0793890310451379 5.5515995845198596 1.9118146672844885
leaf_count=18 23 54 23 20 36 58 18
internal_value=9.17499e-06 -0.00107805 0.000439487 -0.00220925 0.00799465 -0.00680157 0.010002
internal_weight=23.2752 21.2425 19.4135 15.2025 4.71843 10.4841 4.21098
internal_count=250 227 209 168 56 112 41
is_linear=0
shrinkage=0.05


Tree=543
num_leaves=9
num_cat=0
split_feature=13 26 23 26 17 22 17 24
split_gain=0.110338 0.194974 0.182121 0.259142 0.374137 0.285277 0.571664 0.268845
threshold=39.78815856254743 0.027699433520321119 -0.012691506726574485 0.0059314848699386644 -0.0037695819872031562 1.0000000180025095e-35 0.011225752490178044 0.0051767028174785077
decision_type=2 2 2 2 2 2 2 2
left_child=1 -1 -2 4 -4 6 -5 -6
right_child=2 -3 3 5 7 -7 -8 -9
leaf_value=-0.019055735291856214 -0.013249395836847623 0.0044106786384998766 0.023976387181219239 -0.0067651643427240936 0.015480283444181474 -0.013874991790926956 0.025691612258058646 -0.0080763496644607382
leaf_weight=1.9018935570493369 1.9029657221399308 1.6557901385240255 2.9133578464388847 4.0789330666884762 2.0346669238060704 3.4978316547349095 2.0327532440423965 2.9927073530852795
leaf_count=28 20 20 30 44 23 38 18 29
internal_value=-3.80443e-05 -0.00813418 0.00144261 0.00303566 0.00971936 -0.00248736 0.00402999 0.00145743
internal_weight=23.0109 3.55768 19.4532 17.5503 7.94073 9.60952 6.11169 5.02737
internal_count=250 48 202 182 82 100 62 52
is_linear=0
shrinkage=0.05


Tree=544
num_leaves=9
num_cat=0
split_feature=23 29 23 5 24 19 25 21
split_gain=0.0208202 0.0241945 0.0594946 0.0245347 0.0127294 0.0415576 1.53458e-07 1.64281e-09
threshold=0.010531519258500268 -0.00067689160808631621 0.0077039173898337818 0.013342075155358376 -0.023117971899565434 -0.027473271171050914 -0.010286465125179721 0.0012642804154334721
decision_type=2 2 2 2 2 2 2 2
left_child=1 4 3 -3 -1 -6 -5 -7
right_child=-2 2 -4 6 5 7 -8 -9
leaf_value=0.02917873342199466 -0.033507408158967432 0.014059237894718258 0.026098831360051714 -0.033502683451618526 0.033702664377536239 -0.033353121187469519 -0.033385288628141843 -0.033373155661812502
leaf_weight=0.1070033959695138 0.039431488505215384 0.034254111815243959 0.094004214784945361 0.039832284484873526 0.052030502978595905 0.018254888542287517 0.092444067033284227 0.02328283576935064
leaf_count=11 36 3 12 17 3 35 109 24
internal_value=0.00136431 0.00434637 -0.00570279 -0.0236544 0.0173998 0.00392962 -0.0334206 -0.0333644
internal_weight=0.500538 0.461106 0.260535 0.16653 0.200572 0.0935682 0.132276 0.0415377
internal_count=250 214 141 129 73 62 126 59
is_linear=0
shrinkage=0.05


Tree=545
num_leaves=9
num_cat=0
split_feature=25 20 29 8 15 22 8 10
split_gain=0.11185 0.217984 0.158002 0.402136 0.299502 0.463159 0.270567 0.303666
threshold=0.014995695540538147 -0.0071474625918118142 0.0033149998586834433 0.037604580328270056 0.0293898478473365 -0.0022904163912597082 0.02642280019819802 -0.017283143438619669
decision_type=2 2 2 2 2 2 2 2
left_child=2 -2 3 4 5 -1 7 -4
right_child=1 -3 6 -5 -6 -7 -8 -9
leaf_value=-0.015788745499175107 0.021062730883632398 -0.0026493767546635102 -0.0010566313072297977 -0.015153593584612938 0.019172039195151633 0.01101637000901648 0.0076259198621800514 -0.027023658132003692
leaf_weight=2.657371184788647 1.7168718324974181 2.2257003085687748 2.1495706327259536 2.7722194399684659 3.1329470407217741 4.0946451146155622 1.9510992616415022 2.3641447555273767
leaf_count=28 18 26 26 27 39 41 17 28
internal_value=8.34783e-06 0.00767653 -0.00157268 0.00167553 0.00639522 0.00046676 -0.0079322 -0.0146574
internal_weight=23.0646 3.94257 19.122 12.6572 9.88496 6.75202 6.46481 4.51372
internal_count=250 44 206 135 108 69 71 54
is_linear=0
shrinkage=0.05


Tree=546
num_leaves=10
num_cat=0
split_feature=4 4 15 2 2 2 17 2 6
split_gain=0.109281 0.390632 0.238436 0.608611 0.282067 0.446406 0.251323 0.201259 0.115135
threshold=0.012451293939117333 0.014295340763912619 0.030351599752239205 -0.0092465694002823434 0.049045121093606044 -0.017413101825302698 -0.0016911079017929305 0.124560321631094 1.0750478704484439
decision_type=2 2 2 2 2 2 2 2 2
left_child=-1 -2 3 8 5 -4 -5 -6 -3
right_child=1 2 4 6 7 -7 -8 -9 -10
leaf_value=0.011127481605818876 -0.020821463391085406 0.0013527830249555222 0.0056185282474393288 0.033337599201990441 0.015085648568101405 -0.023959564957932916 0.0098158072518139822 -0.0047992159657392168 -0.016988287118564562
leaf_weight=1.9990115165710474 2.2426662705838707 1.6199251073412599 2.1590094538405591 1.9085059426724909 2.4197985269129276 3.1177781186997819 2.8041860060766357 2.6837709657847881 1.8136294893920419
leaf_count=18 27 18 25 22 24 40 29 22 25
internal_value=-3.80461e-05 -0.00111271 0.00127306 0.00767609 -0.00375189 -0.0118576 0.0193415 0.00462896 -0.00833511
internal_weight=22.7683 20.7693 18.5266 8.14625 10.3804 5.27679 4.71269 5.10357 3.43355
internal_count=250 232 205 94 111 65 51 46 43
is_linear=0
shrinkage=0.05


Tree=547
num_leaves=9
num_cat=0
split_feature=23 29 23 5 24 19 25 21
split_gain=0.0202683 0.0236511 0.0572498 0.0233882 0.0120721 0.0400214 1.28551e-07 1.48319e-09
threshold=0.010531519258500268 -0.00067689160808631621 0.0077039173898337818 0.013342075155358376 -0.023117971899565434 -0.027473271171050914 -0.010286465125179721 0.0012642804154334721
decision_type=2 2 2 2 2 2 2 2
left_child=1 4 3 -3 -1 -6 -5 -7
right_child=-2 2 -4 6 5 7 -8 -9
leaf_value=0.02899754218263232 -0.033503581814269566 0.013359697186476213 0.025811384300258658 -0.033493472449929014 0.03367154425627443 -0.033352196461753032 -0.033383692392084711 -0.033371638262390924
leaf_weight=0.10530386658501811 0.038200587579922285 0.033812865643994883 0.092051374900620431 0.037991176162904594 0.050441237544873729 0.017442439973820001 0.08946048474717827 0.022418215718062129
leaf_count=11 36 3 12 17 3 35 109 24
internal_value=0.00145955 0.00443471 -0.00565016 -0.0236087 0.0174949 0.0040814 -0.0334164 -0.0333631
internal_weight=0.487122 0.448922 0.253316 0.161265 0.195606 0.0903019 0.127452 0.0398607
internal_count=250 214 141 129 73 62 126 59
is_linear=0
shrinkage=0.05


Tree=548
num_leaves=6
num_cat=0
split_feature=1 1 8 2 15
split_gain=0.110734 0.300649 0.167284 0.269264 0.233848
threshold=0.10810045619594301 0.050930571657357489 0.02642280019819802 0.046406223499879114 0.031330252822382082
decision_type=2 2 2 2 2
left_child=1 2 3 4 -1
right_child=-2 -3 -4 -5 -6
leaf_value=-0.0022246387972353252 0.011990933019716361 -0.016834270401599714 0.014726578197491513 -0.018687454476331494 0.011741199380277302
leaf_weight=10.35268833767624 1.7774184644222248 2.6255718246102324 2.0470771230757228 1.7984001785516728 4.2188205886632195
leaf_count=118 15 27 22 18 50
internal_value=6.80374e-06 -0.00100547 0.00125112 -0.000433998 0.00181882
internal_weight=22.82 21.0426 18.417 16.3699 14.5715
internal_count=250 235 208 186 168
is_linear=0
shrinkage=0.05


Tree=549
num_leaves=9
num_cat=0
split_feature=18 23 3 34 18 18 18 23
split_gain=0.109139 0.323923 0.254227 0.277223 0.609433 0.276879 0.209845 0.119766
threshold=-0.66502570756642032 0.00081516680707138811 -0.039881461104625364 -0.60820297521808142 0.21335170260761929 1.0000000180025095e-35 1.3779924801786467 -0.0038989786443754944
decision_type=2 2 2 2 2 2 2 2
left_child=1 -1 7 4 -4 -5 -7 -2
right_child=2 -3 3 5 -6 6 -8 -9
leaf_value=-0.019675491990619728 0.0041886557348037061 0.0062775559106573835 -0.029819710840701154 0.015076261147258577 0.010742736387118847 -0.008087728506297515 0.011047772290909263 0.022212232948293904
leaf_weight=2.4083281643688705 1.7931617032736542 2.4007900035940111 2.209758483339106 3.2381473593413723 1.5939857754856346 4.9984587761573493 2.0083773769438267 1.8965430445969165
leaf_count=26 18 28 30 34 17 55 16 26
internal_value=-3.84109e-05 -0.00671931 0.00177287 -0.00129474 -0.0128217 0.00298498 -0.0026029 0.0134529
internal_weight=22.5476 4.80912 17.7384 14.0487 3.80374 10.245 7.00684 3.6897
internal_count=250 54 196 152 47 105 71 44
is_linear=0
shrinkage=0.05


Tree=550
num_leaves=13
num_cat=0
split_feature=20 26 20 14 8 24 16 25 16 23 21 23
split_gain=0.016563 0.0202627 0.0186233 0.0244666 0.0207979 0.0423157 1.69172e-07 1.63943e-07 9.12189e-08 3.43539e-09 3.42872e-09 1.18063e-09
threshold=-0.047054593386037839 0.039865672502344414 0.054500769792728117 0.93223046696931589 -0.0066703889199838671 0.017005140613030049 0.017575096528994995 -0.0075082184389771425 0.015862479882086656 0.0059421528627396922 0.0025336981609509483 0.0059421528627396922
decision_type=2 2 2 2 2 2 2 2 2 2 2 2
left_child=1 8 4 7 -2 6 -6 -4 -1 -9 11 -10
right_child=2 -3 3 -5 5 -7 -8 9 10 -11 -12 -13
leaf_value=-0.033514383564806315 0.023183530815581152 0.015392299097655833 -0.033547179389663659 0.021616442934938446 -0.033572496713930249 0.02777027334061043 -0.033399948305836563 -0.033360095241682583 -0.033349836526058399 -0.033392395955627034 -0.033384730959148505 -0.03336963798960875
leaf_weight=0.013420235824014526 0.1757705676209298 0.032021910174080404 0.02177956112427637 0.031327815922850277 0.023640447543584742 0.053858464772929437 0.035591585852671415 0.021639279417286161 0.019239120869315229 0.013285705299495021 0.018404974405711982 0.012366111914161593
leaf_count=3 33 14 8 16 6 10 34 41 47 12 16 10
internal_value=0.00157436 -0.0170305 0.00628624 -0.0138469 0.012422 -0.00430418 -0.0334688 -0.0334395 -0.0333986 -0.0333724 -0.0333676 -0.0333576
internal_weight=0.472346 0.0954524 0.376893 0.0880324 0.288861 0.11309 0.059232 0.0567045 0.0634304 0.034925 0.0500102 0.0316052
internal_count=250 90 160 77 83 50 40 61 76 53 73 57
is_linear=0
shrinkage=0.05


Tree=551
num_leaves=9
num_cat=0
split_feature=0 19 20 0 22 13 20 6
split_gain=0.107078 0.535257 0.415146 0.292118 0.226553 0.183455 0.205383 0.512262
threshold=0.0088135326162109857 0.055656248383201386 -0.08003399116442754 0.0050299029958736927 1.0000000180025095e-35 37.763303446254092 0.039020292288146415 0.88771773927474296
decision_type=2 2 2 2 2 2 2 2
left_child=3 2 -2 5 -4 -1 7 -7
right_child=1 -3 4 -5 -6 6 -8 -9
leaf_value=0.013441424721106682 0.0063123638617689926 0.017124209081288342 -0.034196370828907044 0.0217706999090998 -0.010671398575521443 -0.026636118491066826 0.0068156998811484265 0.0022301247726171517
leaf_weight=2.0992083949968245 2.0888775065541267 2.1364239305257797 1.8262450136244277 1.7510648947209109 2.3280138075351715 2.372200243175028 3.6327823475003242 4.364871721714735
leaf_count=28 21 21 18 21 27 26 38 50
internal_value=5.41715e-06 -0.00447801 -0.0118704 0.00264739 -0.0210132 -3.81498e-05 -0.00276687 -0.00793401
internal_weight=22.5997 8.37956 6.24314 14.2201 4.15426 12.4691 10.3699 6.73707
internal_count=250 87 66 163 45 142 114 76
is_linear=0
shrinkage=0.05


Tree=552
num_leaves=8
num_cat=0
split_feature=0 2 2 22 30 13 18
split_gain=0.10879 0.142976 0.282278 0.333096 0.222566 0.273611 0.159989
threshold=-0.01715404086135058 -0.033113185480193978 0.0013421123741933496 -0.0022904163912597082 -0.011851822434149449 54.496771438312315 -0.40415515832556009
decision_type=2 2 2 2 2 2 2
left_child=-1 6 3 -3 -4 -6 -2
right_child=1 2 4 -5 5 -7 -8
leaf_value=-0.0094870101206193571 -0.0014404511240974018 0.00089022092160819855 0.017073041070959919 -0.028349678695755165 0.0097689904122955171 -0.0076137519726763581 0.018446246692609705
leaf_weight=2.680242886766794 1.8272751248441634 2.1214009635150437 2.2570347394794252 1.800789930392052 3.8606729134917206 5.4730156036093831 2.2649678979069057
leaf_count=39 19 25 21 22 41 58 25
internal_value=-3.87516e-05 0.00125293 -0.00094013 -0.0125347 0.00298335 -0.000423767 0.00956641
internal_weight=22.2854 19.6052 15.5129 3.92219 11.5907 9.33369 4.09224
internal_count=250 211 167 47 120 99 44
is_linear=0
shrinkage=0.05


Tree=553
num_leaves=11
num_cat=0
split_feature=30 30 24 30 30 18 16 13 17 11
split_gain=0.0185897 0.0145124 0.0331528 0.0196718 0.0437379 2.56374e-07 7.83299e-08 1.36407e-08 6.11956e-09 9.45448e-10
threshold=0.017605931196604366 0.0041410092022451392 -0.020930970499596854 0.0057274413771092334 0.011670916512362186 -0.4317941543411275 0.015156763980854445 32.109620163881729 0.022297287067299335 63.706400184631356
decision_type=2 2 2 2 2 2 2 2 2 2
left_child=1 2 -1 -3 5 -5 -2 -4 -9 -8
right_child=6 3 7 4 -6 -7 9 8 -10 -11
leaf_value=0.013941317671227971 -0.033513145833802931 0.030639201611498596 -0.033432736992272262 -0.033586904417797755 0.018416612292281538 -0.033377028418903359 -0.033368785695977524 -0.033360807506033527 -0.033396822874638625 -0.033348019782532427
leaf_weight=0.079507669535814784 0.013026495464146137 0.089020106461248361 0.010481285033165477 0.02573630594270071 0.12932502473267959 0.033479789784905734 0.010898853110120399 0.042431259502336616 0.016335385851562023 0.011026685269825975
leaf_count=15 2 12 5 7 30 35 16 82 17 29
internal_value=0.00163971 0.0045138 -0.00808754 0.0112673 0.00212086 -0.0334682 -0.033416 -0.0333802 -0.0333708 -0.0333583
internal_weight=0.461269 0.426317 0.148756 0.277561 0.188541 0.0592161 0.034952 0.0692479 0.0587666 0.0219255
internal_count=250 203 119 84 72 42 47 104 99 45
is_linear=0
shrinkage=0.05


Tree=554
num_leaves=7
num_cat=0
split_feature=0 3 25 20 20 18
split_gain=0.1049 0.136695 0.382777 0.248313 0.309182 0.251843
threshold=-0.01715404086135058 -0.039881461104625364 0.0041189901282824301 -0.086567704814785415 -0.039594974019638011 -0.53078121626184582
decision_type=2 2 2 2 2 2
left_child=-1 2 -2 -3 -5 -6
right_child=1 3 -4 4 5 -7
leaf_value=0.0092011643835113802 -0.026020269577120638 0.012795068599751167 0.0044240057482559554 -0.020119798733226075 -0.013344238665067827 0.0055154595623765415
leaf_weight=2.7228757599368718 1.8804546762257874 3.4154431810602572 2.2895283494144678 2.0591396037489202 2.3013577442616242 7.6681154845282293
leaf_count=39 25 35 21 21 28 81
internal_value=4.80128e-06 -0.00127186 -0.00930485 0.000897087 -0.00248126 0.00116188
internal_weight=22.3369 19.614 4.16998 15.4441 12.0286 9.96947
internal_count=250 211 46 165 130 109
is_linear=0
shrinkage=0.05


Tree=555
num_leaves=10
num_cat=0
split_feature=13 26 3 25 25 31 9 31 14
split_gain=0.104598 0.189323 0.174155 0.228544 0.240324 0.348446 0.250614 0.197318 0.139203
threshold=39.78815856254743 0.027699433520321119 -0.0049818568432305468 0.014995695540538147 -0.0020926799625824439 0.42679666164620067 64.470499706268328 0.070014050732705321 0.39608781974062274
decision_type=2 2 2 2 2 2 2 2 2
left_child=1 -1 7 4 5 -4 -6 8 -2
right_child=2 -3 3 -5 6 -7 -8 -9 -10
leaf_value=-0.019118286630318559 0.024240487641813427 0.0045328777555476828 -0.018650212007446817 -0.016675973775442578 0.017107587864496936 0.010014954577809564 -0.0048113158917236203 -0.0050113352886725672 0.0065155464692338468
leaf_weight=1.817156578414145 1.8570157773792804 1.5834291535429654 2.7220540675334659 2.211884442716836 3.2073863632976929 1.7364291232079265 2.1976206041872501 2.0407810248434544 2.7451639520004392
leaf_count=28 22 20 31 25 30 18 21 22 33
internal_value=-3.86101e-05 -0.00810549 0.00142691 -0.00215022 0.00110717 -0.00748609 0.00819559 0.00792932 0.0136677
internal_weight=22.1189 3.40059 18.7183 12.0754 9.86349 4.45848 5.40501 6.64296 4.60218
internal_count=250 48 202 125 100 49 51 77 55
is_linear=0
shrinkage=0.05


Tree=556
num_leaves=13
num_cat=0
split_feature=9 21 1 9 13 9 23 21 18 23 14 20
split_gain=0.0156409 0.0350954 0.0212621 0.0197793 0.0301112 2.5805e-07 5.84733e-08 6.49537e-09 3.61911e-09 1.17969e-09 2.8032e-10 2.48654e-10
threshold=61.246000194549566 0.00025591324514329111 0.050930571657357489 63.559999656677256 40.412739493807898 63.626750087738039 -0.0072367996912103818 -0.00041168547789538485 0.15328304946853602 0.0059421528627396922 0.36916511166017085 0.0069776654783656475
decision_type=2 2 2 2 2 2 2 2 2 2 2 2
left_child=2 7 6 -3 -5 -6 -1 9 10 11 -8 -2
right_child=1 3 -4 4 5 -7 8 -9 -10 -11 -12 -13
leaf_value=-0.033479970545763051 -0.033345720124111793 0.022076173588508496 0.018159802412458511 0.018337527706621188 -0.033592660887971373 -0.033363747046167 -0.033358667220313186 -0.03339839169228697 -0.033380434128352197 -0.033370967101845075 -0.033347667223720179 -0.033355655925363305
leaf_weight=0.015026805285742739 0.012159139472714742 0.19745674064324703 0.029505285245249979 0.06486990733537823 0.023303926398511976 0.026099032304045977 0.01067525754115195 0.012665758724324405 0.023716274819889804 0.010271490435115993 0.012660575237532612 0.013060848254099255
leaf_count=16 41 22 11 10 3 39 13 9 24 10 29 23
internal_value=0.0016632 0.00635796 -0.0167852 0.0124949 -0.00406088 -0.0334717 -0.0333941 -0.0333677 -0.0333667 -0.0333567 -0.0333527 -0.0333509
internal_weight=0.451471 0.359887 0.0915842 0.31173 0.114273 0.049403 0.0620789 0.0481572 0.0470521 0.0354915 0.0233358 0.02522
internal_count=250 157 93 74 52 42 82 83 66 74 42 64
is_linear=0
shrinkage=0.05


Tree=557
num_leaves=9
num_cat=0
split_feature=25 23 26 26 22 21 32 6
split_gain=0.102829 0.211993 0.159761 0.498996 0.290597 0.19852 0.406685 0.168264
threshold=0.014995695540538147 -0.0031390389992162477 0.026974240757210891 0.008259156823366311 -0.0056180986360817578 0.0032469187252929248 0.37703421150911948 1.0498320392136591
decision_type=2 2 2 2 2 2 2 2
left_child=2 -2 3 5 -4 6 -1 -5
right_child=1 -3 4 7 -6 -7 -8 -9
leaf_value=-0.010436266459121301 -0.0049454183062724736 0.018709216609947846 -0.024118029472118697 0.0071617182908020327 0.00088095110591177202 -0.018809365464537597 0.014934778476795696 0.026981198791438756
leaf_weight=4.4405808812007361 1.8012639302760365 1.9975642561912526 1.9717600131407378 2.7826414592564097 2.8323304401710621 2.1516085378825665 2.4515036987140775 1.7408569343388078
leaf_count=46 18 26 20 35 31 25 28 21
internal_value=4.6516e-06 0.00749306 -0.00154381 0.00123077 -0.00937947 -0.00555092 -0.00141183 0.0147892
internal_weight=22.1701 3.79883 18.3713 13.5672 4.80409 9.04369 6.89208 4.5235
internal_count=250 44 206 155 51 99 74 56
is_linear=0
shrinkage=0.05


Tree=558
num_leaves=10
num_cat=0
split_feature=30 30 7 33 11 25 14 2 2
split_gain=0.107332 0.330008 0.195062 0.160899 0.198395 0.288447 0.258172 0.297342 0.184297
threshold=0.012121920221580431 0.019717058138473468 62.602500152587901 0.9850000000000001 62.789599914550784 -0.0020926799625824439 0.54459291122011277 -0.029518223823077502 0.0068486316165935488
decision_type=2 2 2 2 2 2 2 2 2
left_child=3 -2 -3 4 5 -1 7 -6 -7
right_child=1 2 -4 -5 6 8 -8 -9 -10
leaf_value=-0.015726169245166823 -0.021769625999778788 -0.008269470164133012 0.014334902475065968 -0.0093939338615056933 0.019460526155285221 -0.0051061186658556464 0.025707894795642949 -0.0069103116086339875 0.014816388783969967
leaf_weight=2.367729299236089 2.0900782644748679 1.9236573362722995 1.8941477183252571 2.5621146764606229 1.8166341688483951 2.1416115220636147 1.9710707385092971 2.5970817478373647 2.5347753930836916
leaf_count=28 30 22 19 30 19 21 24 32 25
internal_value=-3.92753e-05 -0.00579826 0.00294536 0.00208838 0.0042791 -0.00150685 0.0106625 0.00394362 0.00569262
internal_weight=21.8989 5.90788 3.81781 15.991 13.4289 7.04412 6.38479 4.41372 4.67639
internal_count=250 71 41 179 149 74 75 51 46
is_linear=0
shrinkage=0.05


Tree=559
num_leaves=13
num_cat=0
split_feature=20 21 20 22 19 19 25 18 25 23 25 22
split_gain=0.0150715 0.0193355 0.0176573 0.0224679 0.0192165 0.0389212 1.32754e-07 4.11766e-08 1.04714e-08 2.66636e-09 2.65969e-09 6.28436e-10
threshold=-0.047054593386037839 -0.0034648207962856277 0.054500769792728117 0.011210013052981973 -0.011298954547856009 0.15452948118960555 -0.010286465125179721 -0.84929958615347878 0.0027812766174322161 0.0059421528627396922 -0.011070390373092818 -0.005303444800590972
decision_type=2 2 2 2 2 2 2 2 2 2 2 2
left_child=1 -1 4 6 -2 8 -4 -3 -6 -8 -9 -12
right_child=2 7 3 -5 5 -7 9 10 -10 -11 11 -13
leaf_value=0.015575759057358774 0.021814169442035 -0.033459026692721848 -0.033530058494792611 0.021483945306082965 -0.033403850211559116 0.034159431976016216 -0.033357466764912844 -0.033382788167379822 -0.033359396561942388 -0.033387671348594959 -0.033366626383698438 -0.03335042696678564
leaf_weight=0.030652143069346494 0.18171283571064123 0.017356877418933436 0.021849301832844503 0.028781882720068097 0.029829300627170596 0.035398207604885101 0.019065174921706785 0.016645302806864493 0.02383095765253529 0.011846677058201749 0.010038914464530535 0.014832649289019173
leaf_count=24 29 7 9 13 19 1 41 15 34 14 13 31
internal_value=0.00169138 -0.0166278 0.00634643 -0.014051 0.0124891 -0.00653747 -0.0334357 -0.0333944 -0.0333841 -0.033369 -0.0333673 -0.033357
internal_weight=0.44184 0.0895259 0.352314 0.081543 0.270771 0.0890585 0.0527612 0.0588737 0.0536603 0.0309119 0.0415169 0.0248716
internal_count=250 90 160 77 83 54 64 66 53 55 59 44
is_linear=0
shrinkage=0.05


Tree=560
num_leaves=8
num_cat=0
split_feature=30 30 7 12 24 16 7
split_gain=0.103854 0.29803 0.199046 0.167864 0.270991 0.294698 0.346509
threshold=0.012121920221580431 0.019717058138473468 62.602500152587901 -0.045916096749883138 0.021868485768339999 0.044119282046368218 63.993500137329107
decision_type=2 2 2 2 2 2 2
left_child=3 -2 -3 -1 5 6 -5
right_child=1 2 -4 4 -6 -7 -8
leaf_value=0.0097331838310114709 0.020710421746172162 0.0086633090715830443 -0.014193869041837809 -0.0065410174816331497 0.010850486318155189 0.0053575889675688696 -0.030341827236858129
leaf_weight=2.5298115815967384 2.1153225898742667 1.9168190350756051 1.8931816909462211 5.8679701359942538 2.4213180392980567 3.1374774780124426 2.0682108597829938
leaf_count=30 30 22 19 65 27 31 26
internal_value=5.13747e-06 0.00566107 -0.00269438 -0.0020862 -0.0043019 -0.00761505 -0.0127436
internal_weight=21.9501 5.92532 3.81 16.0248 13.495 11.0737 7.93618
internal_count=250 71 41 179 149 122 91
is_linear=0
shrinkage=0.05


Tree=561
num_leaves=10
num_cat=0
split_feature=0 19 20 0 22 13 12 17 21
split_gain=0.102949 0.488428 0.356056 0.284212 0.235554 0.165825 0.184088 0.422209 0.247364
threshold=0.0088135326162109857 0.055656248383201386 -0.08003399116442754 0.0050299029958736927 1.0000000180025095e-35 37.763303446254092 -0.0097708211265794247 -0.0047346483871018395 -0.0013658083856538104
decision_type=2 2 2 2 2 2 2 2 2
left_child=3 2 -2 5 -4 -1 7 -7 -8
right_child=1 -3 4 -5 -6 6 8 -9 -10
leaf_value=-0.013176718086107689 -0.0054191036567653858 -0.01657965629449731 0.034113515959144726 -0.022074416917215418 0.0095745226538704806 0.019340142346297717 -0.013935884951403552 -0.0111497446400073 0.0089237482932313841
leaf_weight=1.9899705653078879 2.0212463475763798 2.0561675615608692 1.7450023330748066 1.6598189631476987 2.2247954411432147 3.4276374178007223 2.8200373891741037 1.6978329047560685 2.0391281209886083
leaf_count=28 21 21 18 21 27 43 28 18 25
internal_value=-3.77117e-05 0.00444696 0.0116634 -0.00268462 0.0203611 3.02812e-06 0.00262979 0.00924024 -0.00434294
internal_weight=21.6816 8.04721 5.99104 13.6344 3.9698 11.9746 9.98464 5.12547 4.85917
internal_count=250 87 66 163 45 142 114 61 53
is_linear=0
shrinkage=0.05


Tree=562
num_leaves=12
num_cat=0
split_feature=9 21 1 9 21 23 21 18 23 13 20
split_gain=0.01455 0.0325617 0.0201014 0.0184509 0.0281775 4.65016e-08 6.32969e-09 3.1137e-09 8.51228e-10 2.4536e-10 2.06387e-10
threshold=61.246000194549566 0.00025591324514329111 0.050930571657357489 63.559999656677256 0.0023367626770869347 -0.0072367996912103818 -0.00041168547789538485 0.15328304946853602 0.0059421528627396922 44.325072162890514 0.0069776654783656475
decision_type=2 2 2 2 2 2 2 2 2 2 2
left_child=2 6 5 -3 -5 -1 8 9 10 -7 -2
right_child=1 3 -4 4 -6 7 -8 -9 -10 -11 -12
leaf_value=-0.033469204474476884 -0.033344787766263949 0.021719156355746415 0.017651443101672059 0.017889734602578113 -0.033469230840185285 -0.033357801785218001 -0.033397082888800972 -0.033378067117698459 -0.033367463459053767 -0.033347072182449887 -0.033354171558097195
leaf_weight=0.014104439884249587 0.011325611712891259 0.18970577533764299 0.028798704996006563 0.062409850928816013 0.046681882620760007 0.0091554381688183639 0.012062322624842636 0.02241163192957174 0.0093791075778426602 0.012745665488182567 0.012140970076870872
leaf_count=16 41 22 11 15 37 11 9 24 10 31 23
internal_value=0.00170266 0.00633081 -0.0165362 0.0122971 -0.00408749 -0.0333901 -0.0333661 -0.033365 -0.0333547 -0.0333516 -0.0333496
internal_weight=0.430921 0.343706 0.0872159 0.298798 0.109092 0.0584172 0.044908 0.0443127 0.0328457 0.0219011 0.0234666
internal_count=250 157 93 74 52 82 83 66 74 42 64
is_linear=0
shrinkage=0.05


Tree=563
num_leaves=10
num_cat=0
split_feature=0 19 20 0 22 13 12 17 21
split_gain=0.103592 0.497223 0.369534 0.266898 0.219529 0.165791 0.184412 0.438027 0.249604
threshold=0.0088135326162109857 0.055656248383201386 -0.08003399116442754 0.0050299029958736927 1.0000000180025095e-35 37.763303446254092 -0.0097708211265794247 -0.0047346483871018395 -0.0013658083856538104
decision_type=2 2 2 2 2 2 2 2 2
left_child=3 2 -2 5 -4 -1 7 -7 -8
right_child=1 -3 4 -5 -6 6 8 -9 -10
leaf_value=0.013134654422252352 0.0056095512723769812 0.016680797204426914 -0.03398669107362589 0.021422618180057598 -0.010292150253797063 -0.019601087964846546 0.014017103131639192 0.011513772260679803 -0.0088384430053267838
leaf_weight=2.0156521797180202 2.0256947167217731 2.0636281482875347 1.7340738661587223 1.6638591969385732 2.2406599428504705 3.3984442474320509 2.8230449929833412 1.6953921020030978 2.0708176754415035
leaf_count=28 21 21 18 21 27 43 28 18 25
internal_value=3.86251e-06 -0.00449035 -0.0117714 0.00265558 -0.0206295 5.41647e-05 -0.00258565 -0.00924506 0.00434587
internal_weight=21.7313 8.06406 6.00043 13.6672 3.97473 12.0034 9.9877 5.09384 4.89386
internal_count=250 87 66 163 45 142 114 61 53
is_linear=0
shrinkage=0.05


Tree=564
num_leaves=8
num_cat=0
split_feature=16 12 20 16 34 2 12
split_gain=0.10335 0.46413 0.226276 0.219958 0.217166 0.398996 0.328801
threshold=0.019693446076133037 -0.019811331895996157 0.18056518947742542 0.023410521951111509 0.19857616626965144 0.04122812163754664 -0.0367714194080574
decision_type=2 2 2 2 2 2 2
left_child=1 -1 3 -2 6 -6 -5
right_child=2 -3 -4 4 5 -7 -8
leaf_value=-0.010096938555058449 -0.016832768255128316 0.025009562211098242 0.013750697594441931 -0.0050190916609254878 -0.024413291207302307 0.0015810454362385929 0.017767815645966981
leaf_weight=1.8797572785988452 2.6530183227732804 1.8861178951337958 2.1036696620285502 3.4147227676585343 2.2608750071376562 4.2535268515348434 2.9513235185295299
leaf_count=26 32 22 19 42 31 43 35
internal_value=-3.31796e-05 0.00748596 -0.00163866 -0.00372282 -0.00102253 -0.0074405 0.00554501
internal_weight=21.403 3.76588 17.6371 15.5335 12.8804 6.5144 6.36605
internal_count=250 48 202 183 151 74 77
is_linear=0
shrinkage=0.05


Tree=565
num_leaves=13
num_cat=0
split_feature=9 21 1 9 13 7 23 21 18 23 13 20
split_gain=0.013983 0.0312444 0.0193775 0.0170514 0.0273654 2.0103e-07 4.39754e-08 5.94666e-09 2.63516e-09 7.77279e-10 2.29268e-10 1.81388e-10
threshold=61.246000194549566 0.00025591324514329111 0.050930571657357489 63.559999656677256 40.412739493807898 63.290999412536628 -0.0072367996912103818 -0.00041168547789538485 0.15328304946853602 0.0059421528627396922 44.325072162890514 0.0069776654783656475
decision_type=2 2 2 2 2 2 2 2 2 2 2 2
left_child=2 7 6 -3 -5 -6 -1 9 10 11 -8 -2
right_child=1 3 -4 4 5 -7 8 -9 -10 -11 -12 -13
leaf_value=-0.03346628544972443 -0.033344299995115727 0.021271375801156969 0.017293873154296261 0.017899559316480327 -0.033573262267788583 -0.033360695703481755 -0.033357028906251134 -0.033395652997370871 -0.03337579239604551 -0.033366337058746379 -0.033346458024096574 -0.033353282841749522
leaf_weight=0.013763898130491725 0.010862417966563953 0.18694844134734012 0.028364526791847311 0.061363157918094657 0.020236565454979427 0.024697055134311086 0.0088389015327265952 0.011703055242833216 0.021451904256537091 0.0089937402954092249 0.012221808661706746 0.01164390705889673
leaf_count=16 41 22 11 10 3 39 11 9 24 10 31 23
internal_value=0.00176153 0.0063315 -0.0164041 0.0121799 -0.00380957 -0.0334564 -0.0333886 -0.0333652 -0.0333635 -0.0333539 -0.0333509 -0.0333489
internal_weight=0.421089 0.336448 0.084641 0.293245 0.106297 0.0449336 0.0562765 0.0432031 0.0425126 0.0315001 0.0210607 0.0225063
internal_count=250 157 93 74 52 42 82 83 66 74 42 64
is_linear=0
shrinkage=0.05


Tree=566
num_leaves=8
num_cat=0
split_feature=16 12 20 16 7 24 2
split_gain=0.107697 0.437915 0.222897 0.207717 0.206108 0.320308 0.207347
threshold=0.019693446076133037 -0.019811331895996157 0.18056518947742542 0.023410521951111509 64.327500343322768 1.0000000180025095e-35 0.04122812163754664
decision_type=2 2 2 2 2 2 2
left_child=1 -1 3 -2 5 -5 -6
right_child=2 -3 -4 4 6 -7 -8
leaf_value=0.0091741197647641042 0.016403471309965164 -0.025011784152305924 -0.013655632669139415 0.0069361395033612555 0.022290242722600044 -0.012782818607537043 0.00078902274995474176
leaf_weight=1.8976789955049755 2.6634475858882096 1.8500293362885738 2.1021568477153769 3.8324205167591554 1.8833727631717909 4.451408514752984 2.7710021957755089
leaf_count=26 32 22 19 49 26 50 26
internal_value=-1.47403e-06 -0.00770151 0.00162854 0.00368792 0.00107031 -0.00366006 0.0094894
internal_weight=21.4515 3.74771 17.7038 15.6017 12.9382 8.28383 4.65437
internal_count=250 48 202 183 151 99 52
is_linear=0
shrinkage=0.05


Tree=567
num_leaves=9
num_cat=0
split_feature=18 23 3 34 18 18 18 13
split_gain=0.101097 0.282723 0.233771 0.260192 0.353363 0.259513 0.200462 0.104885
threshold=-0.66502570756642032 0.00081516680707138811 -0.039881461104625364 -0.60820297521808142 0.18508921666765429 1.0000000180025095e-35 1.3779924801786467 41.757060359030639
decision_type=2 2 2 2 2 2 2 2
left_child=1 -1 7 4 -4 -5 -7 -2
right_child=2 -3 3 5 -6 6 -8 -9
leaf_value=-0.019070321942840522 0.0049606859106588221 0.0059560017916918994 -0.028107620883428126 0.015151044087851557 0.0034570566441010859 -0.0080649064692155676 0.011090538768296125 0.022356036214415273
leaf_weight=2.278093563392761 1.8059788765385811 2.2363444771617651 1.8339968319050997 3.0139517756178886 1.7165363766252992 4.7312199217267334 1.9200886748731134 1.6658137775957582
leaf_count=26 23 28 28 34 19 55 16 21
internal_value=-3.47634e-05 -0.00667288 0.00176102 -0.00127216 -0.0128474 0.00298 -0.00253514 0.0133072
internal_weight=21.202 4.51444 16.6876 13.2158 3.55053 9.66526 6.65131 3.47179
internal_count=250 54 196 152 47 105 71 44
is_linear=0
shrinkage=0.05


Tree=568
num_leaves=10
num_cat=0
split_feature=29 16 24 31 16 20 13 21 29
split_gain=0.0136461 0.0440358 0.0195341 0.0315669 1.88557e-07 1.30765e-07 1.39543e-08 5.27231e-09 1.0583e-09
threshold=-0.00067689160808631621 0.019693446076133037 -0.023117971899565434 0.51561443195735401 0.017892458855103866 0.16839170649920013 32.109620163881729 0.00070309462270634626 -0.0049334636697149761
decision_type=2 2 2 2 2 2 2 2 2
left_child=2 -2 -1 4 -4 6 -3 -8 -6
right_child=1 5 3 -5 8 -7 7 -9 -10
leaf_value=0.028686456610378188 0.011692190828667612 -0.033425277689527251 -0.033584744701686702 0.02371302597152436 -0.033347552675247985 -0.033540273456623491 -0.033350881134682812 -0.033379965584192338 -0.033366104585287153
leaf_weight=0.089506746844563168 0.13460575025237631 0.012456001204554923 0.012843275908380747 0.050360114346403861 0.011884211147844326 0.014600737555156229 0.027439031009635073 0.036058496225450654 0.02176758131099632
leaf_count=11 31 5 4 18 35 6 73 42 25
internal_value=0.00183928 -0.00644417 0.0118472 -0.00371437 -0.0334218 -0.0334032 -0.0333769 -0.0333674 -0.0333596
internal_weight=0.411522 0.22516 0.186362 0.0968552 0.0464951 0.0905543 0.0759535 0.0634975 0.0336518
internal_count=250 157 93 82 64 126 120 115 60
is_linear=0
shrinkage=0.05


Tree=569
num_leaves=8
num_cat=0
split_feature=0 3 25 16 20 22 2
split_gain=0.0960102 0.132798 0.344056 0.222703 0.398215 0.240424 0.224041
threshold=-0.01715404086135058 -0.039881461104625364 0.0041189901282824301 0.019693446076133037 -0.086567704814785415 0.0033177758749288748 -0.003064268869406694
decision_type=2 2 2 2 2 2 2
left_child=-1 2 -2 6 -5 -6 -3
right_child=1 3 -4 4 5 -7 -8
leaf_value=0.0089812413784787597 -0.025748629884084245 0.0019572174126661563 0.0038438430985164988 0.021405602101414792 -0.0083776080038041583 0.0080405522541333804 -0.02495714095857178
leaf_weight=2.6097188433632281 1.774113548919565 1.6100006550550463 2.2004809640347958 2.5883688963949707 4.8654963765293306 4.1162610352039337 1.4876776710152579
leaf_count=39 25 22 21 28 51 45 19
internal_value=-9.34e-07 -0.00125833 -0.00936515 0.000938404 0.00412626 -0.000853308 -0.0109686
internal_weight=21.2521 18.6424 3.97459 14.6678 11.5701 8.98176 3.09768
internal_count=250 211 46 165 124 96 41
is_linear=0
shrinkage=0.05


Tree=570
num_leaves=7
num_cat=0
split_feature=0 23 22 17 17 3
split_gain=0.0961508 0.129113 0.180313 0.374249 0.269378 0.19504
threshold=-0.01715404086135058 -0.012261584076212249 -0.0026725611452455551 -0.0074146889380271074 0.0053140886031543128 -0.022037537617475119
decision_type=2 2 2 2 2 2
left_child=-1 -2 4 -4 -3 -5
right_child=1 2 3 5 -6 -7
leaf_value=-0.0091205180275423566 -0.011357505584656265 -0.00090194294181992769 0.01562211297682016 0.0052868211379936449 0.019334862157711585 -0.012212447031150375
leaf_weight=2.5566303271334645 1.8355529811233342 3.3442543423734667 2.3990547461435261 2.2642700485885205 3.2353026028722525 5.3653744212351526
leaf_count=39 18 39 29 28 32 65
internal_value=-3.3454e-05 0.00122617 0.00261692 -0.00160293 0.00904891 -0.00701914
internal_weight=21.0004 18.4438 16.6083 10.0287 6.57956 7.62964
internal_count=250 211 193 122 71 93
is_linear=0
shrinkage=0.05


Tree=571
num_leaves=10
num_cat=0
split_feature=29 16 24 31 16 20 13 21 29
split_gain=0.0133704 0.0417052 0.0185298 0.0305364 1.68028e-07 1.1506e-07 1.23286e-08 4.74855e-09 9.3449e-10
threshold=-0.00067689160808631621 0.019693446076133037 -0.023117971899565434 0.51561443195735401 0.017892458855103866 0.16839170649920013 32.109620163881729 0.00070309462270634626 -0.0049334636697149761
decision_type=2 2 2 2 2 2 2 2 2
left_child=2 -2 -1 4 -4 6 -3 -8 -6
right_child=1 5 3 -5 8 -7 7 -9 -10
leaf_value=0.028357846766916345 0.011116772263605272 -0.033421503902402984 -0.033575208819328364 0.023458512492161229 -0.033347256108012861 -0.033531672701428809 -0.033350130997390544 -0.033378296808614157 -0.033364962644562561
leaf_weight=0.087784464871219825 0.13298320108879125 0.012039023080433253 0.012362198904156685 0.049722547559213126 0.0115480412641773 0.0140146007797739 0.026331805942390929 0.034663508187804837 0.02100611408604891
leaf_count=11 31 5 4 18 35 6 73 42 25
internal_value=0.00180303 -0.00649509 0.0118119 -0.00353565 -0.0334183 -0.0334004 -0.0333753 -0.0333661 -0.0333587
internal_weight=0.402456 0.220032 0.182423 0.0946389 0.0449164 0.0870489 0.0730343 0.0609953 0.0325542
internal_count=250 157 93 82 64 126 120 115 60
is_linear=0
shrinkage=0.05


Tree=572
num_leaves=8
num_cat=0
split_feature=16 12 20 16 17 23 24
split_gain=0.0938577 0.384998 0.19345 0.187558 0.189498 0.329647 0.271351
threshold=0.019693446076133037 -0.019811331895996157 0.18056518947742542 0.023410521951111509 -0.014222195345075612 -0.0052549473674376448 1.0000000180025095e-35
decision_type=2 2 2 2 2 2 2
left_child=1 -1 3 -2 5 -5 -6
right_child=2 -3 -4 4 6 -7 -8
leaf_value=0.0085848324499919991 0.015727390753726648 -0.02394515491020973 -0.012779581607245875 -0.004791515136835069 0.0072546896689572281 0.026164030845874355 -0.010042815412915924
leaf_weight=1.8623545188456776 2.5921376962214735 1.7778453733772064 2.0807997807860366 1.6863837931305172 3.9242814462631888 1.7550974907353545 5.3695759084075689
leaf_count=26 32 22 19 21 47 25 58
internal_value=-1.09717e-06 -0.00730256 0.00152569 0.00346772 0.000972403 0.0109953 -0.00273904
internal_weight=21.0485 3.6402 17.4083 15.3275 12.7353 3.44148 9.29386
internal_count=250 48 202 183 151 46 105
is_linear=0
shrinkage=0.05


Tree=573
num_leaves=8
num_cat=0
split_feature=18 26 24 26 26 6 12
split_gain=0.0966972 0.325174 0.212785 0.252352 0.314707 0.292066 0.210825
threshold=-0.66502570756642032 0.017428735119305986 -0.017600508243531873 0.034107337487687135 0.0059314848699386644 1.0401943290307527 -0.021435836133943703
decision_type=2 2 2 2 2 2 2
left_child=1 -1 -2 4 6 -6 -4
right_child=2 -3 3 -5 5 -7 -8
leaf_value=0.0040766631544273246 0.012753111422009045 -0.023806605955911973 -0.011685888476688002 0.012824250347901007 -0.0044857782558310232 -0.029859339888089378 0.0097356965357796327
leaf_weight=2.7327284188941148 3.4585928060114446 1.6936330501921473 1.6249006893485809 2.5689571462571612 3.0267660142853856 1.8137098755687473 3.918139087036244
leaf_count=31 39 23 24 30 36 23 44
internal_value=-3.37205e-05 -0.00659215 0.00173521 -0.00120681 -0.0046782 -0.0139932 0.00345612
internal_weight=20.8374 4.42636 16.4111 12.9525 10.3835 4.84048 5.54304
internal_count=250 54 196 157 127 59 68
is_linear=0
shrinkage=0.05


Tree=574
num_leaves=12
num_cat=0
split_feature=20 21 26 30 4 18 16 25 21 14 4
split_gain=0.0130688 0.0264781 0.0175013 0.0123668 0.0290248 5.45507e-08 6.65668e-09 2.15079e-09 5.76618e-10 4.91589e-10 9.97087e-11
threshold=-0.047054593386037839 0.00025591324514329111 0.039865672502344414 0.0041410092022451392 0.020478284861607476 -1.5386805247346464 0.018317698241243869 -0.018018837677260809 0.00025591324514329111 0.11988368004408402 0.017007953752779574
decision_type=2 2 2 2 2 2 2 2 2 2 2
left_child=2 6 5 4 -3 -1 -2 -7 -9 -8 -11
right_child=1 3 -4 -5 -6 7 9 8 -10 10 -12
leaf_value=-0.033485383627865607 -0.033394682150248836 -0.033426898981954271 0.016296415794901986 0.01970106276124757 0.020557749532253804 -0.033382711803162976 -0.033361860572203632 -0.033348701122662888 -0.033362480295174482 -0.033350142256867624 -0.033342411008094056
leaf_weight=0.011604389001149684 0.013344128376047593 0.042994859202735825 0.026951535870466614 0.17622654544538818 0.059154452908842359 0.0097697885939851403 0.0067872130312025538 0.014857101638881431 0.015527482282777783 0.0076354219399945569 0.0091895919940725435
leaf_count=3 9 34 14 25 27 11 9 44 18 18 38
internal_value=0.00184914 0.00639848 -0.0163766 0.0116775 -0.0021645 -0.0333899 -0.0333665 -0.0333623 -0.0333557 -0.0333505 -0.0333459
internal_weight=0.394043 0.315332 0.0787103 0.278376 0.102149 0.0517588 0.0369564 0.0401544 0.0303846 0.0236122 0.016825
internal_count=250 160 90 86 61 76 74 73 62 65 56
is_linear=0
shrinkage=0.05


Tree=575
num_leaves=8
num_cat=0
split_feature=12 2 15 4 16 1 25
split_gain=0.0935777 0.293222 0.180836 0.26004 0.221882 0.222869 0.17298
threshold=-0.0367714194080574 -0.033113185480193978 0.025790610387866012 0.01511797157442381 0.019984316803336791 0.050930571657357489 -0.0025020179624143375
decision_type=2 2 2 2 2 2 2
left_child=1 -1 3 -2 -4 6 -6
right_child=2 -3 4 -5 5 -7 -8
leaf_value=-0.0031615540610724665 0.0021990678448516997 0.022279119360164017 -0.014077777259332494 -0.022139425258950018 0.024077877584796147 -0.0050322391374989402 0.0051469075724452007
leaf_weight=3.1318650171160698 2.1054416000843039 1.7742411987856055 1.9250362534075964 2.2923779962584376 1.6897263741120685 3.7440423332154751 4.2209980217739931
leaf_count=38 25 28 21 28 23 36 51
internal_value=-1.24441e-06 0.0060388 -0.00185591 -0.0104875 0.00142221 0.00451271 0.0105588
internal_weight=20.8837 4.90611 15.9776 4.39782 11.5798 9.65477 5.91072
internal_count=250 66 184 53 131 110 74
is_linear=0
shrinkage=0.05


Tree=576
num_leaves=6
num_cat=0
split_feature=1 1 8 2 15
split_gain=0.0939869 0.276471 0.167709 0.241299 0.209364
threshold=0.10810045619594301 0.050930571657357489 0.02642280019819802 0.046406223499879114 0.031330252822382082
decision_type=2 2 2 2 2
left_child=1 2 3 4 -1
right_child=-2 -3 -4 -5 -6
leaf_value=0.0021679786321765204 -0.011528034551417906 0.016733604362765091 -0.015483788854164324 0.018521656033199684 -0.011836317100232677
leaf_weight=9.3570073880255311 1.6379874534904946 2.4223051220178595 1.8630176708102215 1.639440532773732 3.7337817463558158
leaf_count=118 15 27 22 18 50
internal_value=-3.57678e-05 0.000954169 -0.00134934 0.000438331 -0.00182636
internal_weight=20.6535 19.0156 16.5932 14.7302 13.0908
internal_count=250 235 208 186 168
is_linear=0
shrinkage=0.05


Tree=577
num_leaves=13
num_cat=0
split_feature=20 21 20 14 8 24 25 1 7 18 21 15
split_gain=0.0128252 0.0167932 0.0162171 0.0188648 0.0164534 0.0340145 1.01251e-07 8.17032e-08 4.12934e-08 2.3716e-09 2.18388e-09 6.36076e-10
threshold=-0.047054593386037839 -0.0034648207962856277 0.054500769792728117 0.93223046696931589 -0.0066703889199838671 0.017005140613030049 -0.0075082184389771425 0.0084322621694238337 58.15399990081788 -0.57170394871247698 0.0027557726860134584 0.028385025557113495
decision_type=2 2 2 2 2 2 2 2 2 2 2 2
left_child=1 -1 4 6 -2 7 -4 -6 -3 -10 -8 -11
right_child=2 8 3 -5 5 -7 10 -9 9 11 -12 -13
leaf_value=0.015883178177600574 0.02303383915607041 -0.033473649858778036 -0.033517357817602865 0.020471844360761451 -0.033507173508189651 0.027382148401754271 -0.033354350788592238 -0.033375369847037352 -0.033382480659457724 -0.033364401728629728 -0.033382781605065456 -0.033348621716615984
leaf_weight=0.026387358784631942 0.14734637466244749 0.011374375375453383 0.018615386929013766 0.025020656601554947 0.021709428001486231 0.044679670987534337 0.015834634688872029 0.025649328134022653 0.013247474940726534 0.012611211539478973 0.011778851770941401 0.012937249681272078
leaf_count=24 33 5 8 16 11 10 41 29 12 15 12 34
internal_value=0.00192347 -0.0164068 0.00644107 -0.0144995 0.0126737 -0.00391197 -0.0334272 -0.0334358 -0.0333899 -0.0333653 -0.0333665 -0.0333564
internal_weight=0.387192 0.0765577 0.310634 0.0712495 0.239385 0.0920384 0.0462289 0.0473588 0.0501703 0.0387959 0.0276135 0.0255485
internal_count=250 90 160 77 83 50 61 40 66 61 53 49
is_linear=0
shrinkage=0.05


Tree=578
num_leaves=6
num_cat=0
split_feature=1 1 8 2 15
split_gain=0.0955576 0.278785 0.157587 0.237356 0.211862
threshold=0.10810045619594301 0.050930571657357489 0.02642280019819802 0.046406223499879114 0.031330252822382082
decision_type=2 2 2 2 2
left_child=1 2 3 4 -1
right_child=-2 -3 -4 -5 -6
leaf_value=-0.0022302079341525935 0.01158166383112305 -0.016899154518057884 0.014964153594333311 -0.018386088062340426 0.011789758905733784
leaf_weight=9.3578093498945325 1.6398250982165326 2.4078549738042048 1.8734125168994058 1.6364583019167174 3.7843592446297398
leaf_count=118 15 27 22 18 50
internal_value=-2.90902e-07 -0.000996749 0.00130271 -0.000429082 0.00180692
internal_weight=20.6997 19.0599 16.652 14.7786 13.1422
internal_count=250 235 208 186 168
is_linear=0
shrinkage=0.05


Tree=579
num_leaves=9
num_cat=0
split_feature=11 15 1 25 20 2 25 32
split_gain=0.0998091 0.28767 0.260983 0.303406 0.228345 0.279315 0.473306 0.250542
threshold=62.789599914550784 0.025267678478300141 -0.013345747581097465 0.0027812766174322161 0.083074559037394594 0.044430882109651855 -1.0000000180025095e-35 0.28461961924684026
decision_type=2 2 2 2 2 2 2 2
left_child=1 -1 -3 -4 5 6 -2 -8
right_child=4 2 3 -5 -6 -7 7 -9
leaf_value=0.012551975186351491 0.010085230903076047 -0.026445063398084612 -0.01621110597925365 0.0078325175731376092 0.017653003062524188 0.015029354256203407 -0.0035755205249525671 -0.027951309648635344
leaf_weight=2.0242752181366104 2.9866640130057922 1.6191307730041442 2.4802253874950111 2.7858871296048164 2.1676608826965085 2.2522585391998291 2.0800139522179952 2.1373796779662371
leaf_count=25 39 20 31 29 28 26 25 27
internal_value=-3.59818e-05 -0.00401773 -0.00888926 -0.00349151 0.00301594 -0.000339298 -0.00514411 -0.0159292
internal_weight=20.5335 8.90952 6.88524 5.26611 11.624 9.45632 7.20406 4.21739
internal_count=250 105 80 60 145 117 91 52
is_linear=0
shrinkage=0.05


Tree=580
num_leaves=12
num_cat=0
split_feature=9 21 1 9 21 23 21 18 16 2 33
split_gain=0.0123882 0.0283612 0.0171243 0.0149386 0.0248349 3.92527e-08 5.27798e-09 1.46109e-09 5.15082e-10 1.56141e-10 1.13197e-10
threshold=61.246000194549566 0.00025591324514329111 0.050930571657357489 63.559999656677256 0.0023367626770869347 -0.0072367996912103818 -0.00041168547789538485 0.15328304946853602 0.022374805448673676 -0.015861080784847711 0.39500000000000007
decision_type=2 2 2 2 2 2 2 2 2 2 2
left_child=2 6 5 -3 -5 -1 8 9 -2 -7 -10
right_child=1 3 -4 4 -6 7 -8 -9 10 -11 -12
leaf_value=-0.033460670149865028 -0.033359887014242577 0.021318804725329356 0.017097082430006533 0.018065006544692574 -0.033448028373892741 -0.03335383964178102 -0.033392628729938437 -0.033368973476686832 -0.033350398895393388 -0.033344561886833032 -0.033342145749218698
leaf_weight=0.012835169054596918 0.011343221060087672 0.16846756447193911 0.025447716994676739 0.056231817055959255 0.040070255650789477 0.0086757345816295128 0.010936971186310984 0.018411945258776541 0.0079265213207690977 0.0095015857732505538 0.0087310295002680505
leaf_count=16 18 22 11 15 37 14 9 24 15 28 41
internal_value=0.00198907 0.00647991 -0.0162273 0.0123393 -0.00336901 -0.0333854 -0.0333632 -0.033359 -0.0333517 -0.033349 -0.0333461
internal_weight=0.37858 0.303707 0.0748722 0.26477 0.0963021 0.0494244 0.0389377 0.0365893 0.0280008 0.0181773 0.0166576
internal_count=250 157 93 74 52 82 83 66 74 42 56
is_linear=0
shrinkage=0.05


Tree=581
num_leaves=9
num_cat=0
split_feature=11 15 1 25 20 2 25 32
split_gain=0.0980173 0.282379 0.257769 0.283565 0.22164 0.279493 0.449583 0.255486
threshold=62.789599914550784 0.025267678478300141 -0.013345747581097465 0.0027812766174322161 0.083074559037394594 0.044430882109651855 0.0005742204483144554 0.28461961924684026
decision_type=2 2 2 2 2 2 2 2
left_child=1 -1 -3 -4 5 6 -2 -8
right_child=4 2 3 -5 -6 -7 7 -9
leaf_value=-0.012569369920974061 -0.0098208826227835552 0.026008051488747016 0.015520918176349202 -0.0076380384449594415 -0.017471006729168809 -0.015131890124824071 0.0030760778494589667 0.027634840443059645
leaf_weight=2.0108149275183695 2.9781167292967421 1.6435838127508757 2.5138917816802859 2.7872756067663431 2.1625570412725201 2.2458908073604107 2.0882473075762391 2.1486003957688808
leaf_count=25 39 20 31 29 28 26 25 27
internal_value=-6.8953e-07 0.00393055 0.00870802 0.00334428 -0.00302962 0.000271385 0.00506615 0.0155304
internal_weight=20.579 8.95557 6.94475 5.30117 11.6234 9.46086 7.21496 4.23685
internal_count=250 105 80 60 145 117 91 52
is_linear=0
shrinkage=0.05


Tree=582
num_leaves=10
num_cat=0
split_feature=13 26 3 25 31 25 21 31 14
split_gain=0.0952799 0.18327 0.167387 0.205509 0.236352 0.305662 0.215685 0.177571 0.12568
threshold=39.78815856254743 0.027699433520321119 -0.0049818568432305468 0.014995695540538147 0.26799529653780385 -0.0020926799625824439 -0.00020306890686949683 0.070014050732705321 0.39608781974062274
decision_type=2 2 2 2 2 2 2 2 2
left_child=1 -1 7 4 5 -4 -6 8 -2
right_child=2 -3 3 -5 6 -7 -8 -9 -10
leaf_value=-0.019509893038209259 0.024095228544358159 0.0048861848423934848 -0.021398227533165309 -0.016638661516085448 -0.0034929622955352521 0.0050055648265880685 0.018261978848351793 -0.0047692901496999918 0.0065872342105199851
leaf_weight=1.649193163961175 1.726050041615969 1.4437540541402993 2.0571936056949198 2.0292840562760821 2.0094673540443209 2.3461491465568489 2.6310656070709202 1.87640821095556 2.5237979674711823
leaf_count=28 22 20 25 25 24 23 28 22 33
internal_value=-4.27473e-05 -0.00812207 0.00141015 -0.00225876 0.000967835 -0.00733 0.00884154 0.00804166 0.013698
internal_weight=20.2924 3.09295 17.1994 11.0732 9.04388 4.40334 4.64053 6.12626 4.24985
internal_count=250 48 202 125 100 48 52 77 55
is_linear=0
shrinkage=0.05


Tree=583
num_leaves=9
num_cat=0
split_feature=30 24 19 24 26 25 25 14
split_gain=0.0123521 0.0164201 0.0284617 0.0169052 0.0391553 6.90094e-08 2.38832e-08 1.3376e-09
threshold=-0.011851822434149449 -0.023117971899565434 -0.0042854614325467102 0.017005140613030049 0.031230376109483541 -0.012490013162696876 -0.0092697499946887123 0.27140979840211782
decision_type=2 2 2 2 2 2 2 2
left_child=5 -2 3 4 -3 -1 -4 -8
right_child=1 2 6 -5 -6 -7 7 -9
leaf_value=-0.033530414442636422 0.022789622902788624 -0.033430907498625484 -0.033431787633982635 0.025834972563266962 0.022134500341465833 -0.03335513921135036 -0.033370762242379261 -0.033351783768225562
leaf_weight=0.0098511938522278797 0.090505183739878703 0.060323383240756812 0.015090365439391462 0.073971665398858022 0.066827631104388274 0.013061580926660099 0.014110826727119274 0.027142402252138709
leaf_count=6 30 52 11 20 20 36 14 61
internal_value=0.00212882 0.00447028 -0.00196938 0.0068296 -0.00422701 -0.0334305 -0.033378 -0.0333583
internal_weight=0.370884 0.347971 0.257466 0.201123 0.127151 0.0229128 0.0563436 0.0412532
internal_count=250 208 178 92 72 42 86 75
is_linear=0
shrinkage=0.05


Tree=584
num_leaves=6
num_cat=0
split_feature=1 1 26 11 0
split_gain=0.089923 0.239246 0.151308 0.172618 0.201183
threshold=0.10810045619594301 0.050930571657357489 -0.03031299405182469 59.434099960327153 0.0088135326162109857
decision_type=2 2 2 2 2
left_child=1 2 -1 -4 -5
right_child=-2 -3 3 4 -6
leaf_value=0.014701211205268558 0.011305545846163719 -0.015867922032941489 0.013606798630827685 0.0013623500496444179 -0.012578057030204285
leaf_weight=1.8346522785723287 1.619861003011464 2.3568596364930263 1.8781842375174171 9.0197027372196299 3.6295533729717127
leaf_count=22 15 27 26 116 44
internal_value=3.82994e-06 -0.000974174 0.00117118 -0.000537511 -0.00263768
internal_weight=20.3388 18.719 16.3621 14.5274 12.6493
internal_count=250 235 208 186 160
is_linear=0
shrinkage=0.05


Tree=585
num_leaves=9
num_cat=0
split_feature=18 26 3 34 18 18 32 13
split_gain=0.0922896 0.298184 0.221558 0.228204 0.328466 0.251654 0.188222 0.0980172
threshold=-0.66502570756642032 0.017428735119305986 -0.039881461104625364 -0.60820297521808142 0.18508921666765429 1.0000000180025095e-35 0.17364870194174933 41.757060359030639
decision_type=2 2 2 2 2 2 2 2
left_child=1 -1 7 4 -4 -5 -7 -2
right_child=2 -3 3 5 -6 6 -8 -9
leaf_value=0.0037262658715227354 0.004919777724935368 -0.023537119263248474 -0.027815350544902889 0.015185940406635229 0.0034693887247220778 -0.010776225299271802 0.0064327477159030963 0.022141404142416027
leaf_weight=2.6557278847321895 1.7135001337155729 1.6114763151854274 1.7113091587088995 2.8216408141888625 1.6459878338500855 3.4046333485748619 2.9793522953987122 1.5955699924379585
leaf_count=31 23 23 28 34 19 39 32 21
internal_value=-4.17027e-05 -0.00656954 0.00171331 -0.00131852 -0.0124773 0.0027511 -0.00274494 0.0132237
internal_weight=20.1392 4.2672 15.872 12.5629 3.3573 9.20563 6.38399 3.30907
internal_count=250 54 196 152 47 105 71 44
is_linear=0
shrinkage=0.05


Tree=586
num_leaves=10
num_cat=0
split_feature=29 16 7 22 16 32 13 21 31
split_gain=0.0119031 0.0369163 0.0335498 0.00346112 8.42888e-08 5.47079e-08 7.97384e-09 9.81186e-10 3.5512e-10
threshold=-0.00067689160808631621 0.019693446076133037 63.357999801635749 -0.0072057954734514587 0.018049538601568212 -0.2556041009366265 44.325072162890514 0.0031057158926393051 -0.075346188490637733
decision_type=2 2 2 2 2 2 2 2 2
left_child=2 -2 4 -4 -1 -3 -7 -6 -8
right_child=1 5 3 -5 7 6 8 -9 -10
leaf_value=-0.033521952177274106 0.011014466767925625 -0.033474332603683814 0.03268075142732102 0.016293560532339928 -0.03334611976005368 -0.03338603909120224 -0.033340991084757299 -0.033368277114731476 -0.033353217054207733
leaf_weight=0.012186026870040223 0.12091278834850527 0.015125824240385555 0.056104050905560143 0.075694573377404595 0.01156220866869262 0.030879535272106295 0.0080998330231523141 0.0087984567435341887 0.022269088054599706
leaf_count=5 31 7 5 39 35 32 30 9 57
internal_value=0.00210415 -0.00617519 0.012043 0.0232693 -0.0334179 -0.0333892 -0.0333681 -0.0333557 -0.03335
internal_weight=0.361632 0.197287 0.164345 0.131799 0.0325467 0.0763743 0.0612485 0.0203607 0.0303689
internal_count=250 157 93 44 49 126 119 44 87
is_linear=0
shrinkage=0.05


Tree=587
num_leaves=9
num_cat=0
split_feature=18 23 3 34 18 18 32 23
split_gain=0.087582 0.248361 0.224172 0.232083 0.317839 0.244621 0.188473 0.0983548
threshold=-0.66502570756642032 -0.0024304760216820038 -0.039881461104625364 -0.60820297521808142 0.18508921666765429 1.0000000180025095e-35 0.17364870194174933 -0.0038989786443754944
decision_type=2 2 2 2 2 2 2 2
left_child=1 -1 7 4 -4 -5 -7 -2
right_child=2 -3 3 5 -6 6 -8 -9
leaf_value=0.020516428241047883 -0.0045672943542745788 -0.0039335166009081121 0.027510286637406473 -0.015019262982938458 -0.0031941461685042745 0.010624489161253331 -0.0065522067262257276 -0.021814488974702711
leaf_weight=1.7954257633537052 1.6348854983225467 2.464145528618249 1.7312671970576041 2.8251533117145247 1.6424358142539857 3.4341669846326113 2.9852875284850597 1.6719547929242278
leaf_count=19 18 35 28 34 19 39 32 26
internal_value=3.91033e-06 0.00637223 -0.00169945 0.00133741 0.0125623 -0.00275898 0.00263668 -0.0132876
internal_weight=20.1847 4.25957 15.9252 12.6183 3.3737 9.24461 6.41945 3.30684
internal_count=250 54 196 152 47 105 71 44
is_linear=0
shrinkage=0.05


Tree=588
num_leaves=8
num_cat=0
split_feature=4 15 25 24 23 15 26
split_gain=0.0907065 0.161121 0.169337 0.271921 0.223254 0.157023 0.108955
threshold=0.047338373287008399 0.054179046963725178 -0.0020926799625824439 0.023151751923785605 -0.012261584076212249 0.026029638994195838 -0.0023732118167472112
decision_type=2 2 2 2 2 2 2
left_child=1 2 5 4 -4 -1 -7
right_child=-2 -3 3 -5 -6 6 -8
leaf_value=0.0051825044784254322 -0.011337187571351269 0.015926188248391749 -0.010715658767131864 -0.016239065740471761 0.0089522070131306235 -0.0063971678741556867 -0.024800917120970732
leaf_weight=1.4409121591597873 1.6321758050471533 1.6383067481219757 1.7337209144607229 1.6441620457917459 8.600527619011693 1.7943539940752089 1.4574412112124264
leaf_count=22 22 18 19 17 105 25 22
internal_value=-4.27921e-05 0.000964036 -0.000506327 0.00264777 0.00565264 -0.00855735 -0.0146457
internal_weight=19.9416 18.3094 16.6711 11.9784 10.3342 4.69271 3.2518
internal_count=250 228 210 141 124 69 47
is_linear=0
shrinkage=0.05


Tree=589
num_leaves=13
num_cat=0
split_feature=20 26 20 22 19 19 25 15 25 18 18 16
split_gain=0.0117326 0.0155246 0.0147487 0.0169843 0.0148994 0.031206 6.52497e-08 4.60054e-08 5.87793e-09 2.17542e-09 1.87208e-09 4.28483e-10
threshold=-0.047054593386037839 0.039865672502344414 0.054500769792728117 0.011210013052981973 -0.011298954547856009 0.15452948118960555 -0.010286465125179721 0.022829892362479825 0.0027812766174322161 -0.4317941543411275 -2.2193975847682874 0.027622625328942729
decision_type=2 2 2 2 2 2 2 2 2 2 2 2
left_child=1 7 4 6 -2 8 -4 -1 -6 -9 -8 -11
right_child=2 -3 3 -5 5 -7 10 9 -10 11 -12 -13
leaf_value=-0.033493155238858006 0.021788060329097834 0.015981481543283178 -0.033489657214052886 0.020147378261158196 -0.033391039752441724 0.034002277555562448 -0.033386965475191266 -0.033380508626451678 -0.033353442402645164 -0.033358771365238869 -0.033354915550805046 -0.033345792342717985
leaf_weight=0.0080379017163068056 0.14858595414261799 0.024414693438302493 0.017700504628010094 0.022947443372686394 0.023981208629265893 0.02892979234457016 0.0061166024970589197 0.010697546131268609 0.018350255355471745 0.016859005432706908 0.0178611941064446 0.010210143419499218
leaf_count=4 29 14 9 13 19 1 5 13 34 26 50 33
internal_value=0.00208312 -0.0162204 0.00660116 -0.0143971 0.0127738 -0.00602183 -0.0334168 -0.0333845 -0.0333747 -0.0333614 -0.0333631 -0.0333539
internal_weight=0.354692 0.0702193 0.284473 0.0646257 0.219847 0.0712613 0.0416783 0.0458046 0.0423315 0.0377667 0.0239778 0.0270691
internal_count=250 90 160 77 83 54 64 76 53 72 55 59
is_linear=0
shrinkage=0.05


Tree=590
num_leaves=7
num_cat=0
split_feature=16 24 23 25 30 1
split_gain=0.0948231 0.157046 0.190543 0.263289 0.270252 0.253148
threshold=0.018119918950388874 0.025147474485102021 0.0067664066851379498 -0.0020926799625824439 0.013367705183397473 0.0063923203327502795
decision_type=2 2 2 2 2 2
left_child=-1 2 3 5 -5 -2
right_child=1 -3 -4 4 -6 -7
leaf_value=-0.010267134254507764 0.026075651610227582 0.013635386555309451 -0.012689143188700611 -0.0073342395119043672 0.012397419652720267 -0.00026226456199314224
leaf_weight=2.0193485314957824 1.8809394259005814 2.2121777115389696 2.6974782403558484 7.1080441726371628 2.2958171097561717 1.7716499576345084
leaf_count=30 27 26 37 81 27 22
internal_value=5.72807e-06 0.00116037 -0.000591376 0.00190804 -0.00251704 0.0133007
internal_weight=19.9855 17.9661 15.7539 13.0565 9.40386 3.65259
internal_count=250 220 194 157 108 49
is_linear=0
shrinkage=0.05


Tree=591
num_leaves=10
num_cat=0
split_feature=13 26 3 1 1 15 17 31 14
split_gain=0.0939358 0.171999 0.154395 0.192988 0.234224 0.219765 0.215798 0.1734 0.115765
threshold=39.78815856254743 0.027699433520321119 -0.0049818568432305468 0.025376446867029005 0.0063923203327502795 0.038322488500930639 0.0031108194712731289 0.070014050732705321 0.39608781974062274
decision_type=2 2 2 2 2 2 2 2 2
left_child=1 -1 7 4 6 -5 -4 8 -2
right_child=2 -3 3 5 -6 -7 -8 -9 -10
leaf_value=-0.019305774040647539 0.023694431055452124 0.0046289315579940002 -0.013313914523756527 0.013699808822413638 -0.024189644008079023 -0.0065479923972777999 0.010823245001536429 -0.0048396879358329203 0.0066290785974314958
leaf_weight=1.6128476369194715 1.6786824595183194 1.4040164272300897 1.937811953248451 2.9606810556724668 1.7000788771547375 2.4483269192278385 1.7734981700778005 1.849729244597256 2.4357000915333629
leaf_count=28 22 20 26 33 22 26 18 22 33
internal_value=-4.38574e-05 -0.00816682 0.00141617 -0.0021441 -0.00882013 0.00453487 -0.00177966 0.0078754 0.0135918
internal_weight=19.8014 3.01686 16.7845 10.8204 5.41139 5.40901 3.71131 5.96411 4.11438
internal_count=250 48 202 125 66 59 44 77 55
is_linear=0
shrinkage=0.05


Tree=592
num_leaves=13
num_cat=0
split_feature=20 21 20 14 8 24 25 16 16 21 2 20
split_gain=0.0111919 0.0151832 0.0140721 0.0164854 0.0143013 0.030117 6.08683e-08 4.87504e-08 2.76586e-08 1.77388e-09 1.04863e-09 1.81601e-10
threshold=-0.047054593386037839 -0.0034648207962856277 0.054500769792728117 0.93223046696931589 -0.0066703889199838671 0.017005140613030049 -0.0075082184389771425 0.0169473257583686 0.017892458855103866 0.0027557726860134584 -0.021722693925517119 -0.084807641285830501
decision_type=2 2 2 2 2 2 2 2 2 2 2 2
left_child=1 -1 4 6 -2 7 -4 -6 -3 -8 -10 -12
right_child=2 8 3 -5 5 -7 9 -9 10 -11 11 -13
leaf_value=0.015954896974752369 0.022729760058608328 -0.033444987527597413 -0.033489181805164213 0.020053159800877608 -0.033491233854222584 0.027263726296443965 -0.033351455109962756 -0.033379961859791245 -0.033367076144461043 -0.033378671913022719 -0.033343468450559931 -0.033354209268127134
leaf_weight=0.024091903740554699 0.13392032482806826 0.012852527259383351 0.015871814488491509 0.0224746987769322 0.015813522099051625 0.039938046640600078 0.013721983499635826 0.0260732160313637 0.015608924404659774 0.010620173743518535 0.0079468248077319004 0.007795996320055564
leaf_count=24 33 5 8 16 5 10 41 35 18 12 27 16
internal_value=0.00215909 -0.0159789 0.0066081 -0.0142447 0.0126673 -0.00380175 -0.033413 -0.033422 -0.0333832 -0.0333633 -0.0333579 -0.0333488
internal_weight=0.34673 0.0682962 0.278434 0.0626887 0.215745 0.0818248 0.040214 0.0418867 0.0442043 0.0243422 0.0313517 0.0157428
internal_count=250 90 160 77 83 50 61 40 66 53 61 43
is_linear=0
shrinkage=0.05


Tree=593
num_leaves=6
num_cat=0
split_feature=1 1 8 2 2
split_gain=0.0912451 0.227919 0.139953 0.219171 0.184142
threshold=0.10810045619594301 0.050930571657357489 0.02642280019819802 0.046406223499879114 0.023384645033885713
decision_type=2 2 2 2 2
left_child=1 2 3 4 -1
right_child=-2 -3 -4 -5 -6
leaf_value=-0.00071327291837758311 0.011515611058185988 -0.015700531662816247 0.01420412345438116 -0.018315672065277618 0.01721132372819564
leaf_weight=10.948452043347066 1.5844911150634278 2.3019802547059944 1.8139416091144074 1.5459240227937687 1.6485755015164603
leaf_count=145 15 27 22 18 23
internal_value=6.03804e-06 -0.000992754 0.00112903 -0.000547955 0.00163252
internal_weight=19.8434 18.2589 15.9569 14.143 12.597
internal_count=250 235 208 186 168
is_linear=0
shrinkage=0.05


Tree=594
num_leaves=9
num_cat=0
split_feature=13 26 8 22 1 19 26 21
split_gain=0.0890762 0.163804 0.145586 0.333495 0.284394 0.248218 0.236536 0.221321
threshold=39.78815856254743 0.027699433520321119 0.0017398862930203265 -0.0026725611452455551 0.025376446867029005 -0.0042854614325467102 0.0050973756783841981 0.0023367626770869347
decision_type=2 2 2 2 2 2 2 2
left_child=1 -1 5 -4 -5 6 -2 -6
right_child=2 -3 3 4 7 -7 -8 -9
leaf_value=-0.018950936364321644 0.012314996505812196 0.0044747098668283195 0.011343569984978274 -0.019684102432817697 0.0094734979959412904 0.020257946453472672 -0.011838156360625974 -0.014704131128675546
leaf_weight=1.5933244577609031 1.9594624154269693 1.403662889730185 3.114067286252979 3.0915819820947892 2.5379237346351147 2.3431293009780374 2.1000228133052588 1.5095116253942249
leaf_count=28 23 20 33 36 31 34 26 19
internal_value=-4.37631e-05 -0.00797935 0.00138415 -0.00230988 -0.00826557 0.00729973 -0.000179734 0.000456328
internal_weight=19.6527 2.99699 16.6557 10.2531 7.13902 6.40261 4.05949 4.04744
internal_count=250 48 202 119 86 83 49 50
is_linear=0
shrinkage=0.05


Tree=595
num_leaves=10
num_cat=0
split_feature=29 16 24 25 19 32 13 21 31
split_gain=0.0108128 0.033701 0.0155573 0.024723 8.49647e-08 3.87386e-08 6.29646e-09 4.05955e-10 2.75081e-10
threshold=-0.00067689160808631621 0.019693446076133037 -0.023117971899565434 -0.0075082184389771425 -0.024226086205487881 -0.2556041009366265 44.325072162890514 0.0012642804154334721 -0.075346188490637733
decision_type=2 2 2 2 2 2 2 2 2
left_child=2 -2 -1 -4 -5 -3 -7 -6 -8
right_child=1 5 3 4 7 6 8 -9 -10
leaf_value=0.028103039859288088 0.010652234485541404 -0.033459492864068401 0.022709674349994491 -0.033517500931236142 -0.033346134104140578 -0.033382082641313301 -0.033340291428764039 -0.033358750699777839 -0.033351588329021874
leaf_weight=0.075667490513296798 0.11477921533514746 0.013606941058242228 0.041805680724792182 0.01130054407985881 0.011712852188793477 0.028359672782244161 0.0072908938600448883 0.013992434665851761 0.020653908384701936
leaf_count=11 31 7 19 3 37 32 30 23 57
internal_value=0.00214793 -0.00601683 0.0119095 -0.00363806 -0.0334032 -0.0333838 -0.0333655 -0.033353 -0.0333486
internal_weight=0.33917 0.184691 0.154479 0.0788115 0.0370058 0.0699114 0.0563045 0.0257053 0.0279448
internal_count=250 157 93 82 63 126 119 60 87
is_linear=0
shrinkage=0.05


Tree=596
num_leaves=8
num_cat=0
split_feature=16 11 17 32 20 2 25
split_gain=0.0884727 0.146522 0.243736 0.367293 0.226309 0.220998 0.326539
threshold=0.018119918950388874 62.789599914550784 0.012814376183235733 -0.098078924360248468 0.083074559037394594 0.044430882109651855 -1.0000000180025095e-35
decision_type=2 2 2 2 2 2 2
left_child=-1 2 3 -2 5 6 -3
right_child=1 4 -4 -5 -6 -7 -8
leaf_value=-0.010002782919910349 -0.00081692187448489668 -0.008554334777420871 -0.0064742836566673047 0.026317852052726284 -0.017706857993345131 -0.013345760145013525 0.014887224279836865
leaf_weight=1.9851127997972096 2.4827664233744144 2.4561004340648678 2.4388597756624222 2.5057285120710757 2.026919435709714 2.038830186240375 3.759688269346948
leaf_count=30 31 33 29 32 26 24 45
internal_value=6.67957e-06 0.00112871 0.00647974 0.0128129 -0.00273686 0.000939023 0.00562455
internal_weight=19.694 17.7089 7.42735 4.98849 10.2815 8.25462 6.21579
internal_count=250 220 92 63 128 102 78
is_linear=0
shrinkage=0.05


Tree=597
num_leaves=6
num_cat=0
split_feature=1 3 18 4 21
split_gain=0.0878799 0.210855 0.185751 0.154854 0.202401
threshold=0.10810045619594301 0.11417730349899537 0.78495647288247616 0.023489982974621428 0.00096570780090388119
decision_type=2 2 2 2 2
left_child=1 2 3 4 -1
right_child=-2 -3 -4 -5 -6
leaf_value=0.0096141937924796531 -0.01139516670991654 0.016832502354725346 -0.0126075840284615 -0.0098075269330160295 -0.0044338367505423392
leaf_weight=6.5864015575498431 1.5675407536327828 1.8714390899986018 2.7980738310143343 2.4380474225617936 4.1984244375489652
leaf_count=86 15 23 35 35 56
internal_value=-4.3255e-05 0.000951279 -0.000903839 0.00157277 0.00414544
internal_weight=19.4599 17.8924 16.0209 13.2229 10.7848
internal_count=250 235 212 177 142
is_linear=0
shrinkage=0.05


Tree=598
num_leaves=10
num_cat=0
split_feature=29 23 21 24 31 16 18 5 29
split_gain=0.0102947 0.0326498 0.0173968 0.014945 0.0237642 8.348e-08 3.44883e-08 6.39927e-09 5.3392e-10
threshold=-0.00067689160808631621 0.0077039173898337818 -0.0034648207962856277 -0.023117971899565434 0.51561443195735401 0.017892458855103866 -0.49949455688394584 0.024799349587014106 -0.0049334636697149761
decision_type=2 2 2 2 2 2 2 2 2
left_child=3 2 -2 -1 5 -5 -4 -8 -7
right_child=1 -3 6 4 -6 8 7 -9 -10
leaf_value=0.027806013668517249 0.014598394208589766 0.020452802714139864 -0.033435708794026416 -0.033525449415840694 0.022526851469645993 -0.033344240267808599 -0.033360718354505867 -0.033402547955572813 -0.03335924455815311
leaf_weight=0.074059768303413875 0.024157331621609046 0.071504489711514907 0.04097876193918637 0.0097586138363112696 0.040459367100993404 0.009129801757808309 0.032666754983438295 0.012697191748884507 0.016912033192056697
leaf_count=11 30 28 26 4 18 35 56 17 25
internal_value=0.00212454 -0.00587311 -0.0229086 0.011808 -0.00372855 -0.0334007 -0.0334025 -0.0333724 -0.033354
internal_weight=0.332324 0.182005 0.1105 0.15032 0.0762598 0.0358004 0.0863427 0.0453639 0.0260418
internal_count=250 157 129 93 82 64 99 73 60
is_linear=0
shrinkage=0.05


Tree=599
num_leaves=8
num_cat=0
split_feature=16 12 20 16 7 24 31
split_gain=0.0894626 0.346472 0.169315 0.168533 0.195663 0.282952 0.175238
threshold=0.019693446076133037 -0.019811331895996157 0.18056518947742542 0.023410521951111509 64.327500343322768 1.0000000180025095e-35 0.42679666164620067
decision_type=2 2 2 2 2 2 2
left_child=1 -1 3 -2 5 -5 -6
right_child=2 -3 -4 4 6 -7 -8
leaf_value=0.0083717310297364376 0.015533771729223399 -0.023781246924660562 -0.012414075549034861 0.0065781618689371825 0.020429634315709232 -0.01281406585765273 0.00012838259084411137
leaf_weight=1.7052910774946215 2.3916695564985302 1.6471139406785393 1.9134853146970261 3.4985071728005988 1.9804220944643018 4.0685941306874156 2.2945662457495928
leaf_count=26 32 22 19 49 22 50 30
internal_value=6.95948e-06 -0.00742577 0.0015501 0.00342735 0.000982292 -0.00384843 0.0095331
internal_weight=19.4996 3.35241 16.1472 14.2338 11.8421 7.5671 4.27499
internal_count=250 48 202 183 151 99 52
is_linear=0
shrinkage=0.05


end of trees

feature_importances:
rsi_14=264
range_pct=246
x_dxy_ret_1=246
ret_5=231
x_gold_ret_5=228
vol_z=225
x_tnx_ret_1=206
x_spx_ret_5=198
x_vix_ret_1=192
ret_10=190
x_gold_ret_1=183
x_spx_ret_1=180
x_dxy_ret_5=172
x_vix_ret_5=160
vol_10=151
x_tnx_ret_5=150
sma_50=145
ret_20=135
ret_1=130
corr_vix=130
dist_sma_10=119
body_pct=118
atr_pct=113
dist_sma_50=105
bb_pctb=99
vol_percentile=91
corr_dxy=84
sma_10=73
sma_20=69
vol_ratio=68
vol_20=54
trend_strength=48
dist_sma_20=36

parameters:
[boosting: gbdt]
[objective: multiclass]
[metric: multi_logloss]
[tree_learner: serial]
[device_type: cpu]
[data_sample_strategy: bagging]
[data: ]
[valid: ]
[num_iterations: 200]
[learning_rate: 0.05]
[num_leaves: 31]
[num_threads: 2]
[seed: 0]
[deterministic: 0]
[force_col_wise: 0]
[force_row_wise: 0]
[histogram_pool_size: -1]
[max_depth: 5]
[min_data_in_leaf: 20]
[min_sum_hessian_in_leaf: 0.001]
[bagging_fraction: 1]
[pos_bagging_fraction: 1]
[neg_bagging_fraction: 1]
[bagging_freq: 0]
[bagging_seed: 3]
[bagging_by_query: 0]
[feature_fraction: 1]
[feature_fraction_bynode: 1]
[feature_fraction_seed: 2]
[extra_trees: 0]
[extra_seed: 6]
[early_stopping_round: 0]
[early_stopping_min_delta: 0]
[first_metric_only: 0]
[max_delta_step: 0]
[lambda_l1: 0]
[lambda_l2: 0]
[linear_lambda: 0]
[min_gain_to_split: 0]
[drop_rate: 0.1]
[max_drop: 50]
[skip_drop: 0.5]
[xgboost_dart_mode: 0]
[uniform_drop: 0]
[drop_seed: 4]
[top_rate: 0.2]
[other_rate: 0.1]
[min_data_per_group: 100]
[max_cat_threshold: 32]
[cat_l2: 10]
[cat_smooth: 10]
[max_cat_to_onehot: 4]
[top_k: 20]
[monotone_constraints: ]
[monotone_constraints_method: basic]
[monotone_penalty: 0]
[feature_contri: ]
[forcedsplits_filename: ]
[refit_decay_rate: 0.9]
[cegb_tradeoff: 1]
[cegb_penalty_split: 0]
[cegb_penalty_feature_lazy: ]
[cegb_penalty_feature_coupled: ]
[path_smooth: 0]
[interaction_constraints: ]
[verbosity: -1]
[saved_feature_importance_type: 0]
[use_quantized_grad: 0]
[num_grad_quant_bins: 4]
[quant_train_renew_leaf: 0]
[stochastic_rounding: 1]
[linear_tree: 0]
[max_bin: 255]
[max_bin_by_feature: ]
[min_data_in_bin: 3]
[bin_construct_sample_cnt: 200000]
[data_random_seed: 1]
[is_enable_sparse: 1]
[enable_bundle: 1]
[use_missing: 1]
[zero_as_missing: 0]
[feature_pre_filter: 1]
[pre_partition: 0]
[two_round: 0]
[header: 0]
[label_column: ]
[weight_column: ]
[group_column: ]
[ignore_column: ]
[categorical_feature: ]
[forcedbins_filename: ]
[precise_float_parser: 0]
[parser_config_file: ]
[objective_seed: 5]
[num_class: 3]
[is_unbalance: 0]
[scale_pos_weight: 1]
[sigmoid: 1]
[boost_from_average: 1]
[reg_sqrt: 0]
[alpha: 0.9]
[fair_c: 1]
[poisson_max_delta_step: 0.7]
[tweedie_variance_power: 1.5]
[lambdarank_truncation_level: 30]
[lambdarank_norm: 1]
[label_gain: ]
[lambdarank_position_bias_regularization: 0]
[eval_at: ]
[multi_error_top_k: 1]
[auc_mu_weights: ]
[num_machines: 1]
[local_listen_port: 12400]
[time_out: 120]
[machine_list_filename: ]
[machines: ]
[gpu_platform_id: -1]
[gpu_device_id: -1]
[gpu_device_id_list: ]
[gpu_use_dp: 0]
[num_gpu: 1]

end of parameters

pandas_categorical:[]
