tree
version=v4
num_class=3
num_tree_per_iteration=3
label_index=0
max_feature_idx=34
objective=multiclass num_class:3
feature_names=ret_1 ret_5 ret_10 ret_20 vol_10 vol_20 vol_ratio sma_10 dist_sma_10 sma_20 dist_sma_20 sma_50 dist_sma_50 rsi_14 bb_pctb atr_pct range_pct body_pct vol_z x_vix_ret_1 x_vix_ret_5 x_dxy_ret_1 x_dxy_ret_5 x_tnx_ret_1 x_tnx_ret_5 x_gold_ret_1 x_gold_ret_5 x_oil_ret_1 x_oil_ret_5 x_spx_ret_1 x_spx_ret_5 corr_vix corr_dxy vol_percentile trend_strength
feature_infos=[-0.016203505945956542:0.015551000405859661] [-0.024979856674877121:0.02883933041237996] [-0.018756517240736681:0.027678345669326587] [-0.021468362127941454:0.039412436236310855] [0.00072092461828355322:0.0066963648997853745] [0.0016941357377580381:0.0060254016920737782] [0.35193785310589715:1.3983300223841144] [168.88710021972656:187.10959930419921] [-0.014310490518311184:0.01531893411719825] [167.40195159912111:186.36275024414061] [-0.014579334884129673:0.021212731544477788] [164.8313314819336:185.58683959960936] [-0.012051799930928489:0.040173808548580686] [19.072593742820246:84.265227548018686] [-0.060440813847736766:1.1954244869272894] [0.0034241376019937893:0.010466603297702623] [0.0015509054961079347:0.027721656846409436] [-0.00090058395952777521:0.0012726372614037902] none [-0.18386344627110762:0.3967532962143463] [-0.34935652973438835:0.54047468020857092] [-0.013395944759003298:0.010413494501683607] [-0.024533639334138879:0.028083565298270496] [-0.03211016950357426:0.030038068943107232] [-0.049773815210716665:0.052933078568540015] [-0.10779554287274529:0.060697222287814823] [-0.12104152623129605:0.10599732515288141] [-0.16414337128869971:0.12208368261757263] [-0.19185479198264432:0.356311639494584] [-0.027111673211413612:0.02913114047102594] [-0.037953677510128236:0.05297532511434877] [-0.47472241752008443:0.4212140389847438] [-0.52457236308926558:0.45389855317814709] [0.01:1] [-1.7009847299825063:3.0611663550400818]
tree_sizes=1167 1057 973 1205 993 984 1202 996 988 1204 1102 995 1212 991 991 1209 1102 986 1202 992 1098 1214 1083 1083 1209 1102 891 1214 1094 1098 1216 1103 901 1207 1094 898 1315 1319 895 1001 1097 1002 994 997 898 997 1216 892 1005 1099 792 1001 999 895 1107 1099 999 889 1206 890 999 997 1199 789 1214 1202 1102 1105 1092 1103 1210 1203 998 1096 1095 1001 1209 1097 998 999 1197 1002 1210 1206 1214 1093 790 1002 1213 1101 792 997 1093 1201 1215 1097 786 1210 792 1216 1217 1102 1212 1304 990 1204 791 901 1210 1217 1097 789 791 797 1000 1309 992 1202 1000 1101 1000 1319 1011 1000 899 992 1004 1214 895 1321 791 1100 789 1215 1210 992 1106 986 794 898 893 1105 1216 991 789 900 1093 897 1210 1204 898 994 897 893 1314 990 1211 1004 1102 789 1003 900 1002 796 996 1214 1211 1201 1099 897 1100 1213 1102 890 1109 1107 889 1010 794 1100 899 1099 1210 1103 1321 1097 1106 791 886 896 1325 1099 898 1106 1202 900 1213 895 1214 999 997 895 1105 893 1006 792 1097 1005 1106 1314 1007 1108 999 1208 1214 988 794 797 1100 1107 1215 1104 1111 1098 1102 1214 1217 993 1212 794 1010 1001 1210 1200 1106 1215 992 1110 796 1115 1216 1210 895 1213 1097 901 900 1322 1098 1109 1325 1103 900 1102 1114 1106 1217 1104 1004 794 999 899 1329 1110 1005 1006 901 1112 1224 1100 1115 1217 1115 1007 999 902 1109 1224 1106 1005 786 1314 1006 1226 1103 1110 796 1105 1002 1231 1211 1105 1006 1214 795 1224 999 1218 1224 793 1009 1012 1117 1323 1217 1004 1215 1214 1012 905 796 1210 796 897 899 1326 1211 1106 1214 897 1097 903 1009 1212 1216 1223 903 1438 1220 995 794 1214 906 1005 1006 1007 1322 1110 1110 1220 1208 1112 795 1225 1113 904 796 1109 900 1226 896 1232 1332 1010 1219 1108 1103 1217 1107 1012 1221 1114 1115 799 1212 1107 903 1113 1011 797 1215 1000 1008 793 1117 1219 1008 1110 1009 1008 1004 793 796 1012 901 1007 1009 794 1228 1099 1117 999 1111 906 1012 1008 998 1001 1112 1324 798 1113 1219 1006 1008 794 1005 1012 1120 1105 1211 1015 1334 1111 1006 999 1001 902 1005 1107 1013 1010 1009 794 1228 1007 1011 1112 1111 1011 896 906 1017 904 1117 793 898 1207 905 1110 1006 1005 1005 1014 1229 1338 1002 1115 794 1111 1227 905 1107 1009 1221 910 793 1329 906 1006 1007 1001 1215 1221 1007 1117 797 897 1017 1223 910 1114 1007 1004 796 1204 1115 796 1116 906 1114 1216 1112 1112 797 900 1112 1215 1003 1009 1228 1004 1103 799 1015 789 1220 1010 1221 910 895 799 1218 906 1108 908 1108 1109 1336 908 794 1228 1114 1001 1213 904 1335 1215 899 1223 901 893 1225 1113 1001 1110 1325 889 1118 1006 893 1225 795 1009 1013 1102 1108 1108 1223 901 1325 910 798 1001 1111 1217 801 900 800 1114 911 1110 1325 1227 894 1111 802 1220 1107 1127 1098 797 1231 900 905 1343 904 1333 1227 1111 905 908 1011 794 1346 1111 1225 1115 1213 906 1339 1104 1120 1012 1212 1001 1226 796 1343 1224 1012 1330 1452 802 1009 1227 995 1109 1006 1214

Tree=0
num_leaves=10
num_cat=0
split_feature=16 2 7 23 21 29 19 21 21
split_gain=13.5719 10.9929 6.04226 5.14314 4.08891 2.82873 3.55111 2.21034 0.85284
threshold=0.0037703381678470343 0.0038578511509625994 180.42219924926761 -0.0044235722501997912 -0.00040527243065019419 0.0033149998586834433 0.018612447512979195 0.0017184121188301706 -0.0015171906031645752
decision_type=2 2 2 2 2 2 2 2 2
left_child=7 3 4 -2 -3 6 -5 8 -1
right_child=1 2 -4 5 -6 -7 -8 -9 -10
leaf_value=-1.1534928792510999 -1.1002262667760809 -1.0794730411364633 -1.0621786864367817 -1.1110970040158807 -1.1269624043118047 -1.1763214274546794 -1.1618271111349463 -1.1348149761754438 -1.1763214274546794
leaf_weight=6.5707200765609786 7.2277920842170742 7.227792084217076 10.513152122497557 6.8992560803890246 12.155832141637802 6.5707200765609732 6.8992560803890228 7.2277920842170706 10.841688126325607
leaf_count=20 22 22 32 21 37 20 21 22 33
internal_value=-1.12701 -1.11371 -1.0927 -1.13646 -1.10925 -1.14932 -1.13646 -1.15806 -1.16771
internal_weight=82.134 57.4938 29.8968 27.597 19.3836 20.3692 13.7985 24.6402 17.4124
internal_count=250 175 91 84 59 62 42 75 53
is_linear=0
shrinkage=1


Tree=1
num_leaves=9
num_cat=0
split_feature=16 22 13 7 7 16 29 0
split_gain=30.0093 6.24509 5.5262 3.79992 3.5033 2.43808 4.12623 0.137099
threshold=0.0036961037130545417 -0.0076027317613067682 56.471157233963304 183.40100021362306 184.16865005493167 0.0047121157180455833 0.00055872193595185593 -0.0019871927737865609
decision_type=2 2 2 2 2 2 2 2
left_child=2 -2 -1 -4 5 6 -3 -7
right_child=1 4 3 -5 -6 7 -8 -9
leaf_value=-1.3639433324233585 -1.3573937611865585 -1.4228894735545574 -1.3386807005099874 -1.2853484775817599 -1.3698379465364783 -1.4140475523848777 -1.3639433324233585 -1.4228894735545574
leaf_weight=6.7858557701110866 7.6340877413749686 5.9376237988471967 5.9376237988471967 7.6340877413749695 5.6548798084259024 5.6548798084259024 5.9376237988471985 19.50933533906937
leaf_count=24 27 21 21 27 20 20 21 69
internal_value=-1.37833 -1.39905 -1.3271 -1.30868 -1.40649 -1.41209 -1.39342 -1.4209
internal_weight=70.686 50.3284 20.3576 13.5717 42.6943 37.0395 11.8752 25.1642
internal_count=250 178 72 48 151 131 42 89
is_linear=0
shrinkage=1


Tree=2
num_leaves=8
num_cat=0
split_feature=23 25 9 2 26 16 12
split_gain=9.08549 9.05299 7.42642 6.44858 5.02123 4.26807 3.33073
threshold=-0.0071184784285477911 -0.011480258620253201 184.02539978027346 0.0038578511509625994 0.023864787640002553 0.00510758990791491 0.0084886067845830523
decision_type=2 2 2 2 2 2 2
left_child=6 -2 3 5 -5 -3 -1
right_child=1 2 -4 4 -6 -7 -8
leaf_value=-0.86389725324645328 -0.89030093477110672 -0.83400016155084566 -0.87389628056939894 -0.83511433888111675 -0.88339535652619738 -0.78915452400743424 -0.90679308046189033
leaf_weight=7.6930557489395168 11.722751617431639 10.990079641342165 14.28710353374481 17.950463414192203 7.6930557489395133 10.257407665252684 10.990079641342161
leaf_count=21 32 30 39 49 21 28 30
internal_value=-0.858022 -0.850049 -0.842336 -0.832721 -0.849599 -0.812351 -0.88913
internal_weight=91.584 72.9009 61.1781 46.891 25.6435 21.2475 18.6831
internal_count=250 199 167 128 70 58 51
is_linear=0
shrinkage=1


Tree=3
num_leaves=10
num_cat=0
split_feature=16 2 7 23 19 30 20 21 23
split_gain=12.4111 9.77689 5.39663 4.70112 3.94165 2.84422 2.16667 2.14022 0.861776
threshold=0.0037703381678470343 0.0038578511509625994 180.42219924926761 -0.0044235722501997912 -0.013755417450014016 0.0093424494496364714 0.062891423385246795 0.0017184121188301706 -0.0044235722501997912
decision_type=2 2 2 2 2 2 2 2 2
left_child=7 3 4 -2 -3 6 -5 8 -1
right_child=1 2 -4 5 -6 -7 -8 -9 -10
leaf_value=-0.025253285175448344 0.025277963308627766 -0.013755621431554708 0.060502595814005383 0.012244378375439161 0.033110007927903098 -0.048781809149628354 -0.027636610695503602 -0.0071150336809156726 -0.04842632811348066
leaf_weight=6.4489711225032851 7.3163289129734066 6.9542271792888686 10.796842783689497 6.5265878438949603 12.643361270427704 6.4857503771781913 7.1220479607582092 7.1694403886795035 10.6174436211586
leaf_count=20 22 21 32 20 38 20 22 22 33
internal_value=-2.35418e-06 0.0125825 0.0321177 -0.00904749 0.0164797 -0.0215205 -0.00856608 -0.0300395 -0.0396698
internal_weight=82.081 57.8451 30.3944 27.4507 19.5976 20.1344 13.6486 24.2359 17.0664
internal_count=250 175 91 84 59 62 42 75 53
is_linear=0
shrinkage=0.05


Tree=4
num_leaves=8
num_cat=0
split_feature=16 22 13 9 26 29 0
split_gain=26.8119 5.96642 4.76684 3.33529 3.22815 2.41706 0.994933
threshold=0.0036961037130545417 -0.0076027317613067682 56.471157233963304 184.13562507629396 0.0088536452964012042 0.0069232181372597132 -0.0019871927737865609
decision_type=2 2 2 2 2 2 2
left_child=2 -2 -1 5 -4 6 -3
right_child=1 3 4 -5 -6 -7 -8
leaf_value=0.013163760372758758 0.020459606380062181 -0.02243558464530955 0.087607067894285739 0.0081294570587394314 0.039852791806659779 -0.0051987734778790526 -0.044066848587719268
leaf_weight=6.8876053094863918 7.6747556626796714 6.9200528264045706 7.1223370432853681 5.6814943253993979 7.033827155828476 6.4036734104156485 22.930399745702747
leaf_count=24 27 25 24 20 24 23 83
internal_value=-1.21109e-05 -0.0200726 0.0472801 -0.0274905 0.0638792 -0.0330726 -0.0390522
internal_weight=70.6541 49.6104 21.0438 41.9356 14.1562 36.2541 29.8505
internal_count=250 178 72 151 48 131 108
is_linear=0
shrinkage=0.05


Tree=5
num_leaves=8
num_cat=0
split_feature=23 25 9 2 26 16 12
split_gain=8.30577 8.24655 6.42893 5.75821 5.10018 4.0285 2.31245
threshold=-0.0073735535121085541 -0.011480258620253201 184.02539978027346 0.0038578511509625994 0.023864787640002553 0.00510758990791491 0.010633861125564364
decision_type=2 2 2 2 2 2 2
left_child=6 -2 3 5 -5 -3 -1
right_child=1 2 -4 4 -6 -7 -8
leaf_value=-0.0095743730481763888 -0.031285003779067067 0.021958370803781629 -0.015007029940951523 0.022066466360244896 -0.025878796859335997 0.064673991171023945 -0.04646701993080582
leaf_weight=7.3069049715995815 11.654717266559599 11.776992708444597 14.221868246793745 18.009121268987659 8.0153841078281385 10.388491928577421 10.144487291574476
leaf_count=20 32 32 39 49 22 28 28
internal_value=1.1462e-05 0.00732303 0.0145327 0.0232504 0.00729963 0.0419783 -0.0310201
internal_weight=91.518 74.0666 62.4119 48.19 26.0245 22.1655 17.4514
internal_count=250 202 170 131 71 60 48
is_linear=0
shrinkage=0.05


Tree=6
num_leaves=10
num_cat=0
split_feature=16 23 2 7 16 26 21 21 23
split_gain=11.3661 8.88387 8.02032 7.36396 2.56119 2.34811 2.69973 2.07128 0.844287
threshold=0.0037703381678470343 -0.0093579012357998242 0.0038578511509625994 180.42219924926761 0.005615128553562913 -0.015275586314085264 0.00030882381942320963 0.0017184121188301706 -0.0044235722501997912
decision_type=2 2 2 2 2 2 2 2 2
left_child=7 -2 5 4 -4 -3 -7 8 -1
right_child=1 2 3 -5 -6 6 -8 -9 -10
leaf_value=-0.02436227654217624 0.05690602334421449 0.0066350829762838268 -0.015490508932785106 0.059500106407869013 0.024628520778161068 -0.04350643147453858 -0.0022432065481685407 -0.0064955616008867852 -0.0475105127691944
leaf_weight=6.3565064370632216 9.229859381914137 7.1749089956283596 8.6705492138862663 8.9690234363079053 7.3507708907127371 10.257287293672563 6.4608315527439109 7.1151480972766867 10.357604563236237
leaf_count=20 27 22 26 26 22 32 20 22 33
internal_value=-8.49313e-06 0.011916 0.00342121 0.0232244 0.00291658 -0.0172914 -0.02756 -0.0290891 -0.0387071
internal_weight=81.9425 58.1132 48.8834 24.9903 16.0213 23.893 16.7181 23.8293 16.7141
internal_count=250 175 148 74 48 74 52 75 53
is_linear=0
shrinkage=0.05


Tree=7
num_leaves=8
num_cat=0
split_feature=16 22 16 19 16 8 7
split_gain=24.02 5.69083 4.39594 3.23374 6.4846 0.550797 0.000294018
threshold=0.0036961037130545417 -0.0076027317613067682 0.0029614993533720563 -0.010052360297814309 0.0051812185011020301 -0.00080884390777626579 183.0403991699219
decision_type=2 2 2 2 2 2 2
left_child=2 -2 -1 4 -3 -5 -7
right_child=1 3 -4 5 -6 6 -8
leaf_value=0.068052274031413881 0.019959588141426055 0.021181715853261247 0.022879458291001419 -0.025396511336276004 -0.038695870692412974 -0.043471906620039739 -0.043913662736073972
leaf_weight=10.035070002079012 7.7171190679073325 8.3914089500904101 11.624057233333586 5.4381538927555111 9.8049077987670881 12.060288190841677 5.4771845936775199
leaf_count=33 27 30 39 20 36 45 20
internal_value=-2.39569e-05 -0.019443 0.0438089 -0.0268285 -0.0110827 -0.0392989 -0.0436099
internal_weight=70.5482 48.8891 21.6591 41.1719 18.1963 22.9756 17.5375
internal_count=250 178 72 151 66 85 65
is_linear=0
shrinkage=0.05


Tree=8
num_leaves=8
num_cat=0
split_feature=23 25 9 2 26 16 12
split_gain=7.65568 7.66374 5.83042 5.11609 4.75835 3.68129 2.20438
threshold=-0.0073735535121085541 -0.011480258620253201 184.02539978027346 0.0038578511509625994 0.023864787640002553 0.00510758990791491 0.010633861125564364
decision_type=2 2 2 2 2 2 2
left_child=6 -2 3 5 -5 -3 -1
right_child=1 2 -4 4 -6 -7 -8
leaf_value=-0.0089685523637335236 -0.030336157685098272 0.020692533353319786 -0.014264864658867924 0.021369937528347788 -0.025012779617553507 0.061412507642911222 -0.045108564571030574
leaf_weight=7.2829585373401668 11.579510748386381 11.826417267322542 14.159245908260344 18.052049160003666 7.9710772037506095 10.459106743335722 10.030680835247038
leaf_count=20 32 32 39 49 22 28 28
internal_value=2.6117e-05 0.00702487 0.0139504 0.0222203 0.00716257 0.0398033 -0.0299063
internal_weight=91.361 74.0474 62.4679 48.3087 26.0231 22.2855 17.3136
internal_count=250 202 170 131 71 60 48
is_linear=0
shrinkage=0.05


Tree=9
num_leaves=10
num_cat=0
split_feature=16 23 2 7 13 19 21 21 21
split_gain=10.408 7.78766 7.22971 6.65065 2.36233 2.343 4.77975 2.0073 0.851456
threshold=0.0037703381678470343 -0.0093579012357998242 0.0038578511509625994 180.42219924926761 64.552881748391556 0.0097883165505241471 0.00030882381942320963 0.0017184121188301706 -0.0015171906031645752
decision_type=2 2 2 2 2 2 2 2 2
left_child=7 -2 5 4 -4 6 -3 8 -1
right_child=1 2 3 -5 -6 -7 -8 -9 -10
leaf_value=-0.023262733239823877 0.052856206626120388 -0.029730083152480904 0.023180585207452562 0.055924235328000706 -0.015264744691879745 -0.036863442318897259 0.027609163790014137 -0.0058945254249037331 -0.046748760281198815
leaf_weight=6.2383086979389235 9.4436680376529676 8.2190524935722369 7.4324313998222413 9.1433283686637861 8.6412972509860975 8.9020681977272016 6.5157330930232993 7.0619065165519705 10.118422538042068
leaf_count=20 27 26 22 26 26 28 20 22 33
internal_value=-1.8594e-05 0.0112912 0.00325654 0.0218786 0.00251223 -0.0166105 -0.00437463 -0.0281729 -0.0377914
internal_weight=81.7162 58.2976 48.8539 25.2171 16.0737 23.6369 14.7348 23.4186 16.3567
internal_count=250 175 148 74 48 74 46 75 53
is_linear=0
shrinkage=0.05


Tree=10
num_leaves=9
num_cat=0
split_feature=16 22 13 19 16 26 8 16
split_gain=21.5652 5.42142 3.95424 3.14641 6.11799 2.6779 0.553537 0.000374328
threshold=0.0036961037130545417 -0.0076027317613067682 56.471157233963304 -0.010052360297814309 0.0051812185011020301 0.0088536452964012042 -0.00080884390777626579 0.0049267524184035535
decision_type=2 2 2 2 2 2 2 2
left_child=2 -2 -1 4 -3 -4 -5 -8
right_child=1 3 5 6 -6 -7 7 -9
leaf_value=0.01008587370235829 0.019446546784547162 0.020282023682191497 0.075995239584621246 -0.024635186041634477 -0.03807730366348315 0.033836730845927261 -0.043357975188563075 -0.042887318758405943
leaf_weight=7.1465227007865932 7.760376274585723 8.4765666723251361 7.6524308621883375 5.3264711499214199 9.5508377552032453 7.4181163012981415 7.7185106277465847 9.3326241523027402
leaf_count=24 27 30 24 20 36 24 29 36
internal_value=-3.31401e-05 -0.0188302 0.0407179 -0.0261818 -0.0106365 0.0552437 -0.0387052 -0.0431004
internal_weight=70.3825 48.1654 22.2171 40.405 18.0274 15.0705 22.3776 17.0511
internal_count=250 178 72 151 66 48 85 65
is_linear=0
shrinkage=0.05


Tree=11
num_leaves=8
num_cat=0
split_feature=23 25 19 28 9 12 31
split_gain=6.95207 7.22649 5.85312 6.40127 4.79998 2.87571 2.76786
threshold=-0.0071184784285477911 -0.011480258620253201 0.040467463007027978 -0.010406029466580867 184.02539978027346 0.0084886067845830523 0.01483836798767498
decision_type=2 2 2 2 2 2 2
left_child=5 -2 3 6 -5 -1 -3
right_child=1 2 -4 4 -6 -7 -8
leaf_value=-0.0041527190490374278 -0.029424691106598996 0.011700362284766144 0.043648738202715295 0.0032364992328880408 -0.042682593959988094 -0.044417482125925445 0.051109004663797669
leaf_weight=7.6220706403255489 11.500951290130613 9.9082863032817823 12.931696712970732 22.878452271223075 7.5754660069942465 10.603139877319334 8.0962760746479017
leaf_count=21 32 27 35 62 21 30 22
internal_value=4.22747e-05 0.00694829 0.0137625 0.00578699 -0.00818596 -0.0275781 0.0294216
internal_weight=91.1163 72.8911 61.3902 48.4585 30.4539 18.2252 18.0046
internal_count=250 199 167 132 83 51 49
is_linear=0
shrinkage=0.05


Tree=12
num_leaves=10
num_cat=0
split_feature=16 2 19 3 23 30 17 20 30
split_gain=9.41655 7.04513 4.86606 4.99419 3.72806 2.80027 2.02994 1.94455 0.805805
threshold=0.0037703381678470343 0.0038578511509625994 -0.016555003938435228 0.013694208017028366 -0.0044235722501997912 0.0093424494496364714 3.8069226234261601e-05 0.062891423385246795 0.0064075205522092791
decision_type=2 2 2 2 2 2 2 2 2
left_child=6 4 -3 -4 -2 7 8 -6 -1
right_child=1 2 3 -5 5 -7 -8 -9 -10
leaf_value=-0.02380765258342292 0.021864856927001113 -0.00078468798926987322 0.067531629664572809 0.018358435333866639 0.01295819892492631 -0.047350352599847829 -0.0053834444566362213 -0.025310039999915764 -0.046841630873160907
leaf_weight=6.4702685475349453 7.4857669472694424 10.661739885807039 9.4814884662628192 11.338321924209593 6.4663280546665209 6.2138080298900595 7.2896543443202964 6.8214530348777771 9.1896619796752912
leaf_count=21 22 31 27 33 20 20 24 22 30
internal_value=-3.76584e-05 0.0106155 0.0266851 0.0407523 -0.00813011 -0.0196438 -0.0271789 -0.00668729 -0.0373246
internal_weight=81.4185 58.4689 31.4816 20.8198 26.9874 19.5016 22.9496 13.2878 15.6599
internal_count=250 175 91 60 84 62 75 42 51
is_linear=0
shrinkage=0.05


Tree=13
num_leaves=8
num_cat=0
split_feature=16 22 16 7 16 29 25
split_gain=19.6188 5.16077 3.64922 3.09099 2.34332 3.79531 0.147655
threshold=0.0036961037130545417 -0.0076027317613067682 0.0029614993533720563 184.16865005493167 0.0047121157180455833 0.00055872193595185593 0.011479340990343758
decision_type=2 2 2 2 2 2 2
left_child=2 -2 -1 4 5 -3 -6
right_child=1 3 -4 -5 6 -7 -8
leaf_value=0.059622095023348101 0.018869026202519804 -0.042826080111400877 0.019405913601570738 0.0087258026458942647 -0.042675113790015817 0.01520365276288559 -0.033043310376915998
leaf_weight=10.6191862821579 7.808209389448165 5.4171747118234617 12.032032340764998 5.6287978589534751 17.639107972383503 5.8717029690742493 5.1380095034837714
leaf_count=33 27 21 39 20 69 21 20
internal_value=-3.09747e-05 -0.0182894 0.0382598 -0.0255987 -0.0312703 -0.012643 -0.0405024
internal_weight=70.1542 47.503 22.6512 39.6948 34.066 11.2889 22.7771
internal_count=250 178 72 151 131 42 89
is_linear=0
shrinkage=0.05


Tree=14
num_leaves=8
num_cat=0
split_feature=23 25 19 28 9 12 31
split_gain=6.32618 6.69215 5.31516 5.86492 4.44939 2.7242 2.58053
threshold=-0.0071184784285477911 -0.011480258620253201 0.040467463007027978 -0.010406029466580867 184.02539978027346 0.0084886067845830523 0.01483836798767498
decision_type=2 2 2 2 2 2 2
left_child=5 -2 3 6 -5 -1 -3
right_child=1 2 -4 4 -6 -7 -8
leaf_value=-0.0036818663543498674 -0.028531781174540524 0.011000865580634869 0.041575298746670909 0.0030729474286840556 -0.041336922791313263 -0.043039628876541267 0.048992301985967393
leaf_weight=7.5982451438903835 11.414383858442305 9.9265025258064252 12.978442519903181 22.872521102428443 7.485962748527526 10.43419113755226 8.130850821733473
leaf_count=21 32 27 35 62 21 30 22
internal_value=5.76732e-05 0.00662419 0.0131604 0.00554341 -0.00787788 -0.0264556 0.0281076
internal_weight=90.8411 72.8087 61.3943 48.4158 30.3585 18.0324 18.0574
internal_count=250 199 167 132 83 51 49
is_linear=0
shrinkage=0.05


Tree=15
num_leaves=10
num_cat=0
split_feature=16 2 19 3 15 23 21 17 30
split_gain=8.52707 6.44088 4.41193 4.47052 3.5127 4.8662 2.27858 1.98595 0.792989
threshold=0.0037703381678470343 0.0038578511509625994 -0.016555003938435228 0.013694208017028366 0.0056485328907652102 -0.00099286337003323655 0.00030882381942320963 3.8069226234261601e-05 0.0064075205522092791
decision_type=2 2 2 2 2 2 2 2 2
left_child=7 4 -3 -4 -2 -6 -7 8 -1
right_child=1 2 3 -5 5 6 -8 -9 -10
leaf_value=-0.022930278879062044 -0.04054762243299119 -0.00095334033244934161 0.06355388797052744 0.017326231468326105 0.036694707447533108 -0.038126110733107704 0.0028936208669287857 -0.0045747863578912739 -0.046026628564369676
leaf_weight=6.3653659522533443 6.3419127762317684 10.669187992811205 9.6538000404834765 11.412693589925764 6.779407322406775 6.0215122997760719 7.7334558367729187 7.2038249671459189 8.9302711486816388
leaf_count=21 20 31 27 33 20 20 24 24 30
internal_value=-5.45175e-05 0.00998983 0.025243 0.0385102 -0.00802121 0.00202437 -0.0150636 -0.0262204 -0.036415
internal_weight=81.1114 58.612 31.7357 21.0665 26.8763 20.5344 13.755 22.4995 15.2956
internal_count=250 175 91 60 84 64 44 75 51
is_linear=0
shrinkage=0.05


Tree=16
num_leaves=9
num_cat=0
split_feature=16 22 13 19 16 26 8 32
split_gain=17.8847 4.89936 3.39549 3.00086 5.61226 2.208 0.549403 0.000602119
threshold=0.0036961037130545417 -0.0076027317613067682 56.471157233963304 -0.010052360297814309 0.0051812185011020301 0.0088536452964012042 -0.00080884390777626579 -1.0000000180025095e-35
decision_type=2 2 2 2 2 2 2 2
left_child=2 -2 -1 4 -3 -4 -5 -8
right_child=1 3 5 6 -6 -7 7 -9
leaf_value=0.0079129120105119934 0.01823194372491654 0.019227308507462754 0.067412120325243963 -0.02346959043122903 -0.037105738814759412 0.02992318877097036 -0.042013187962652104 -0.04266170257042172
leaf_weight=7.3286064565181759 7.8603999912738791 8.5717757046222705 8.0510298609733564 5.1485680192708996 9.1311545670032483 7.6688750386238089 10.77582308650017 5.3592370003461829
leaf_count=24 27 30 24 20 36 24 44 21
internal_value=-3.84363e-05 -0.017779 0.0360199 -0.0250394 -0.00982922 0.0491233 -0.0376907 -0.0422286
internal_weight=69.8955 46.847 23.0485 38.9866 17.7029 15.7199 21.2836 16.1351
internal_count=250 178 72 151 66 48 85 65
is_linear=0
shrinkage=0.05


Tree=17
num_leaves=8
num_cat=0
split_feature=23 25 19 28 9 12 31
split_gain=5.79344 6.26116 4.9008 5.43433 4.13461 2.62105 2.36684
threshold=-0.0071184784285477911 -0.011480258620253201 0.040467463007027978 -0.010406029466580867 184.02539978027346 0.0084886067845830523 0.01483836798767498
decision_type=2 2 2 2 2 2 2
left_child=5 -2 3 6 -5 -1 -3
right_child=1 2 -4 4 -6 -7 -8
leaf_value=-0.0031269759274677 -0.02779190987141569 0.010625612390524867 0.039910318199519519 0.0028790463574590408 -0.040128889048904277 -0.041895727606242592 0.046981936638200272
leaf_weight=7.5726940333843258 11.33622097969055 9.9303577840328199 12.998386830091475 22.870702028274543 7.3952318429946891 10.275061815977095 8.1511175632476789
leaf_count=21 32 27 35 62 21 30 22
internal_value=7.85211e-05 0.0063464 0.0126549 0.00532717 -0.00762959 -0.0254464 0.027015
internal_weight=90.5298 72.682 61.3458 48.3474 30.2659 17.8478 18.0815
internal_count=250 199 167 132 83 51 49
is_linear=0
shrinkage=0.05


Tree=18
num_leaves=10
num_cat=0
split_feature=16 23 2 7 16 30 19 21 0
split_gain=7.715 5.95944 5.65614 6.00812 2.22879 2.15824 3.5535 1.99204 0.87272
threshold=0.0037703381678470343 -0.0093579012357998242 0.0038578511509625994 180.42219924926761 0.005615128553562913 0.0093424494496364714 0.015969209203225424 0.0017184121188301706 0.0021805324842125722
decision_type=2 2 2 2 2 2 2 2 2
left_child=7 -2 5 4 -4 6 -3 8 -1
right_child=1 2 3 -5 -6 -7 -8 -9 -10
leaf_value=-0.04503908546586799 0.044996840554388788 0.017490287705456169 -0.017026841464618886 0.050348461426951596 0.0199730161832599 -0.035931521517094653 -0.03191324188745806 -0.0027411278575211586 -0.020622869806524804
leaf_weight=9.1845758855342883 9.7930541932582837 8.3023355305194872 8.7789508998394066 9.3615565299987775 7.5882017016410819 8.3794580399990064 6.4812736213207236 6.7796952426433554 6.0841931104660025
leaf_count=32 27 26 26 26 22 27 21 22 21
internal_value=-7.87703e-05 0.00939532 0.00226432 0.0184005 0.000127174 -0.0156592 -0.00416869 -0.0252953 -0.0353099
internal_weight=80.7333 58.6848 48.8918 25.7287 16.3672 23.1631 14.7836 22.0485 15.2688
internal_count=250 175 148 74 48 74 47 75 53
is_linear=0
shrinkage=0.05


Tree=19
num_leaves=8
num_cat=0
split_feature=16 22 16 7 16 29 0
split_gain=16.3406 4.66348 3.13573 2.8902 2.26611 3.48193 0.156462
threshold=0.0036961037130545417 -0.0076027317613067682 0.0029614993533720563 184.16865005493167 0.0047121157180455833 0.00055872193595185593 -0.0019871927737865609
decision_type=2 2 2 2 2 2 2
left_child=2 -2 -1 4 5 -3 -6
right_child=1 3 -4 -5 6 -7 -8
leaf_value=0.053363918154403528 0.017677031927781937 -0.042000714043202804 0.01668887151118565 0.008592761035817768 -0.031750094634945485 0.014289576704363597 -0.041923397934088086
leaf_weight=11.043699979782106 7.9046495556831351 5.1184269934892637 12.341263234615324 5.6261595785617819 4.8824615329504004 5.9300843626260757 16.729023739695553
leaf_count=33 27 21 39 20 20 21 69
internal_value=-4.63305e-05 -0.0172874 0.0340089 -0.0245063 -0.0302081 -0.0117879 -0.039625
internal_weight=69.5758 46.1908 23.385 38.2862 32.66 11.0485 21.6115
internal_count=250 178 72 151 131 42 89
is_linear=0
shrinkage=0.05


Tree=20
num_leaves=9
num_cat=0
split_feature=23 11 28 21 13 24 21 12
split_gain=5.36025 5.94109 4.05681 3.74745 3.67656 4.2038 2.74192 2.48033
threshold=-0.0071184784285477911 183.69871932983401 -0.0088934477351565993 0.0013112881169073944 47.669056932654044 0.01560440255260165 0.0014189416767858012 0.0084886067845830523
decision_type=2 2 2 2 2 2 2 2
left_child=7 2 6 -3 -4 -6 -2 -1
right_child=1 3 4 -5 5 -7 -8 -9
leaf_value=-0.0029285057183055857 0.047979605157192372 0.0015637438548984119 0.035844510602717553 -0.046995746138620176 -0.016753896072420466 0.022601782237056958 0.0088071334603969775 -0.04079760959434111
leaf_weight=7.5581045448780086 11.469080001115801 8.6348316073417646 7.4139966964721671 7.3592416644096366 20.052057921886448 10.255574911832808 7.3171915411949149 10.104843467473982
leaf_count=21 31 24 20 21 55 28 20 30
internal_value=0.000106282 0.00612356 0.0137383 -0.0207796 0.00428389 -0.00343662 0.0327221 -0.0245931
internal_weight=90.1649 72.502 56.5079 15.9941 37.7216 30.3076 18.7863 17.6629
internal_count=250 199 154 45 103 83 51 51
is_linear=0
shrinkage=0.05


Tree=21
num_leaves=10
num_cat=0
split_feature=16 2 19 3 15 23 21 17 30
split_gain=7.04667 5.32078 3.94691 3.88756 3.28841 4.22864 2.127 1.99019 0.802546
threshold=0.0037703381678470343 0.0038578511509625994 -0.016555003938435228 0.013694208017028366 0.0056485328907652102 -0.00099286337003323655 0.00030882381942320963 3.8069226234261601e-05 0.0064075205522092791
decision_type=2 2 2 2 2 2 2 2 2
left_child=7 4 -3 -4 -2 -6 -7 8 -1
right_child=1 2 3 -5 5 6 -8 -9 -10
leaf_value=-0.021188364313370969 -0.039619008560620776 -0.0021367670640909313 0.058123308558118585 0.015328957874660556 0.033969406442390326 -0.037017393715900231 0.0030296428280664534 -0.0025178302269887173 -0.044899944258341547
leaf_weight=6.1483601033687618 6.1735141873359707 10.729868263006209 9.8352144360542315 11.526425242424009 6.8720527887344423 5.8182163238525337 7.7084757685661316 6.9847656190395346 8.5046635717153531
leaf_count=21 20 31 27 33 20 20 24 24 30
internal_value=-9.30647e-05 0.00890236 0.0226046 0.0350321 -0.00764595 0.00203043 -0.0141957 -0.0244812 -0.0349506
internal_weight=80.3016 58.6638 32.0915 21.3616 26.5723 20.3987 13.5267 21.6378 14.653
internal_count=250 175 91 60 84 64 44 75 51
is_linear=0
shrinkage=0.05


Tree=22
num_leaves=9
num_cat=0
split_feature=16 34 29 13 19 34 7 24
split_gain=14.8164 4.4879 5.0167 2.95586 2.95213 2.723 1.92451 0.003187
threshold=0.0036961037130545417 0.44940629041341845 -0.002037121471396119 56.471157233963304 -0.0083345785689715162 1.3938633070054414 183.40100021362306 0.0037497757149213
decision_type=2 2 2 2 2 2 2 2
left_child=3 2 -2 -1 5 -3 -5 -6
right_child=1 4 -4 6 7 -7 -8 -9
leaf_value=0.0059838179708350363 -0.032600999867295581 -0.035584739056469937 0.0302863483078195 0.023801581087497841 -0.042526073135590314 0.0067100924274665092 0.058650871428299972 -0.041121094839970701
leaf_weight=7.4860529005527523 5.0074993818998328 6.6656502485275295 8.648160517215727 6.8496121466159847 8.9759640693664569 8.8688796460628492 9.3960056006908399 7.3344158679246894
leaf_count=24 20 26 31 21 36 33 27 32
internal_value=-4.93084e-05 -0.0167542 0.0072257 0.0319788 -0.0270372 -0.011438 0.0439574 -0.0418943
internal_weight=69.2322 45.5006 13.6557 23.7317 31.8449 15.5345 16.2456 16.3104
internal_count=250 178 51 72 127 59 48 68
is_linear=0
shrinkage=0.05


Tree=23
num_leaves=9
num_cat=0
split_feature=25 23 9 28 3 0 26 32
split_gain=5.23574 5.7323 4.51803 3.2008 2.85861 3.6296 3.42529 2.72245
threshold=-0.021786629683647082 -0.0071184784285477911 184.02539978027346 -0.010406029466580867 0.010451508420931456 0.0014267286094162836 0.020589032407623001 -0.16710382979727817
decision_type=2 2 2 2 2 2 2 2
left_child=-1 7 4 -4 5 -3 -6 -2
right_child=1 2 3 -5 6 -7 -8 -9
leaf_value=-0.04024803528136589 -0.044221502061390111 0.016557557739022507 0.011078786450231205 -0.034401720885562433 0.017637422772965695 0.056892269286512268 -0.023407064007503062 -0.0037716543783815198
leaf_weight=7.3721671402454367 7.703035086393359 17.687719702720646 7.2596678435802451 8.2817450463771802 17.018018841743473 8.1463147401809675 7.2479854524135581 9.0431708395481092
leaf_count=21 23 48 20 24 46 22 20 26
internal_value=0.00012129 0.0037336 0.0103951 -0.013157 0.0177011 0.0292764 0.00537789 -0.0223781
internal_weight=89.7598 82.3877 65.6415 15.5414 50.1 25.834 24.266 16.7462
internal_count=250 229 180 44 136 70 66 49
is_linear=0
shrinkage=0.05


Tree=24
num_leaves=10
num_cat=0
split_feature=16 23 2 7 6 30 19 17 30
split_gain=6.39603 4.95333 4.73681 5.33829 2.12063 2.08757 3.43032 1.96424 0.794577
threshold=0.0037703381678470343 -0.0093579012357998242 0.0038578511509625994 180.42219924926761 0.94039992372482495 0.0093424494496364714 0.015969209203225424 3.8069226234261601e-05 0.0064075205522092791
decision_type=2 2 2 2 2 2 2 2 2
left_child=7 -2 5 4 -4 6 -3 8 -1
right_child=1 2 3 -5 -6 -7 -8 -9 -10
leaf_value=-0.02044037898487883 0.040578834196763308 0.017757437176814703 0.020467540541832672 0.046343442102888009 -0.015949749538023861 -0.035066662952831944 -0.031113181576314639 -0.0017323421239214506 -0.044286384815268948
leaf_weight=6.0523429811000851 9.9314902722835523 8.2576627433300036 6.8537740409374299 9.4752328693866712 9.5922954678535444 8.1584211438894254 6.3533295392990103 6.9030206501483908 8.2623431831598264
leaf_count=21 27 26 20 26 28 27 21 24 30
internal_value=-0.000116451 0.00839754 0.00183349 0.0164498 -0.000773122 -0.0148061 -0.00349308 -0.0236397 -0.0342041
internal_weight=79.8399 58.6222 48.6907 25.9213 16.4461 22.7694 14.611 21.2177 14.3147
internal_count=250 175 148 74 48 74 47 75 51
is_linear=0
shrinkage=0.05


Tree=25
num_leaves=9
num_cat=0
split_feature=16 22 11 22 2 16 29 31
split_gain=13.5341 4.44419 2.88592 2.81528 2.77132 2.25095 3.26163 0.173565
threshold=0.0036961037130545417 -0.0076027317613067682 183.73335937500002 -0.0031215827720538765 0.0031884463653204524 0.0047121157180455833 0.00055872193595185593 -0.19761675482772481
decision_type=2 2 2 2 2 2 2 2
left_child=3 -2 5 -1 -5 6 -3 -7
right_child=1 2 -4 4 -6 7 -8 -9
leaf_value=0.0024491472524742716 0.017825392919277702 -0.041255698712888006 0.010237747414735612 0.020425505446156081 0.060350420373668348 -0.030337768855971437 0.014056928445281645 -0.041342877962800638
leaf_weight=6.6013060808181789 7.8786431849002829 4.8336655050516146 5.402200683951377 8.5169296562671679 8.8764305114746076 4.5987683832645443 5.9407984614372253 16.216135039925575
leaf_count=20 27 21 19 26 26 20 21 70
internal_value=-6.20371e-05 -0.0162713 -0.0235334 0.0302495 0.0408006 -0.0293088 -0.0107576 -0.0389114
internal_weight=68.8649 44.8702 36.9916 23.9947 17.3934 31.5894 10.7745 20.8149
internal_count=250 178 151 72 52 132 42 90
is_linear=0
shrinkage=0.05


Tree=26
num_leaves=7
num_cat=0
split_feature=25 23 16 0 31 32
split_gain=4.94795 5.30867 4.18259 5.29365 3.45438 2.58977
threshold=-0.021786629683647082 -0.0071184784285477911 0.0031971725726508567 -0.0032192089313086698 -0.1696193232013079 -0.16710382979727817
decision_type=2 2 2 2 2 2
left_child=-1 5 -3 -4 -5 -2
right_child=1 2 3 4 -6 -7
leaf_value=-0.039322258169527113 -0.043191059174689163 -0.01599017432827804 -0.02235966438948676 0.00068521180233111195 0.03132555159021954 -0.0035126600359027295
leaf_weight=7.2906892597675315 7.5633005499839809 12.474074751138685 7.6243638694286338 12.821734696626661 32.552910774946213 9.0130147635936719
leaf_count=21 23 35 21 35 89 26
internal_value=0.000151888 0.00365945 0.0100588 0.0161898 0.0226674 -0.0216168
internal_weight=89.3401 82.0494 65.4731 52.999 45.3746 16.5763
internal_count=250 229 180 145 124 49
is_linear=0
shrinkage=0.05


Tree=27
num_leaves=10
num_cat=0
split_feature=16 19 29 3 25 23 21 10 23
split_gain=5.87658 4.88119 5.04633 4.14478 3.90237 3.6335 1.99465 1.377 0.935717
threshold=0.0037703381678470343 -0.016555003938435228 0.0020926648787336082 0.011887534438450033 -0.0074187843487615304 -0.00099286337003323655 0.0017184121188301706 1.0000000180025095e-35 -0.0044235722501997912
decision_type=2 2 2 2 2 2 2 2 2
left_child=6 3 4 7 -3 -6 8 -2 -1
right_child=1 2 -4 -5 5 -7 -8 -9 -10
leaf_value=-0.017251996175326089 -0.011780594103625523 0.040173111714551075 0.055015478734652824 0.017901473277033741 0.019166216673808391 -0.021536054244981489 -4.9804301385628467e-07 -0.043794071551286069 -0.043493115952187911
leaf_weight=5.5396994352340707 6.6486022174358386 7.6942142546176937 7.6803955733776084 7.7813735604286185 10.951368302106861 10.98115167021751 6.5299147665500632 6.7888553440570831 8.7838141918182373
leaf_count=20 21 22 22 23 31 35 22 21 33
internal_value=-0.00011213 0.00800856 0.0188984 -0.0111381 0.00953551 -0.00121255 -0.0229032 -0.0279544 -0.0333442
internal_weight=79.3794 58.526 37.3071 21.2188 29.6267 21.9325 20.8534 13.4375 14.3235
internal_count=250 175 110 65 88 66 75 42 53
is_linear=0
shrinkage=0.05


Tree=28
num_leaves=9
num_cat=0
split_feature=16 22 7 13 16 29 7 0
split_gain=12.2409 4.26292 3.69987 2.63436 2.02397 2.93617 1.71315 0.170301
threshold=0.0036961037130545417 -0.0076027317613067682 184.83125000000004 56.471157233963304 0.0047121157180455833 0.00055872193595185593 183.40100021362306 -0.0019871927737865609
decision_type=2 2 2 2 2 2 2 2
left_child=3 -2 4 -1 5 -3 -5 -6
right_child=1 2 -4 6 7 -7 -8 -9
leaf_value=0.0041143794049048081 0.017534212779122618 -0.040937606931167575 0.018607276612336254 0.020782901860416394 -0.029930821101801532 0.010611498499035008 0.053268371005376715 -0.040930068860319919
leaf_weight=7.6334666013717678 7.8981847167015067 4.93047744035721 4.6574406921863547 7.0109201073646572 4.5190914273262051 6.2818049788475037 9.6370066404342634 15.903286695480345
leaf_count=24 27 22 16 21 20 22 27 71
internal_value=-8.40157e-05 -0.0157549 -0.0229996 0.0284358 -0.0291252 -0.0120567 0.0395878 -0.0384961
internal_weight=68.4717 44.1903 36.2921 24.2814 31.6347 11.2123 16.6479 20.4224
internal_count=250 178 151 72 135 44 48 91
is_linear=0
shrinkage=0.05


Tree=29
num_leaves=9
num_cat=0
split_feature=25 23 28 24 9 17 12 24
split_gain=4.67261 4.83741 3.97091 6.00284 4.55074 4.38496 2.48288 1.53193
threshold=-0.021786629683647082 -0.0071184784285477911 -0.010406029466580867 -0.013767256148029259 184.02539978027346 0.00010488650687841084 0.010633861125564364 0.0021640454513893741
decision_type=2 2 2 2 2 2 2 2
left_child=-1 6 3 -3 5 -4 -2 -5
right_child=1 2 4 7 -6 -7 -8 -9
leaf_value=-0.038448226191972218 0.0015484628029896455 -0.010512964885200985 0.018029144542936231 0.05856254351599724 -0.0331914268804459 -0.025944419551579445 -0.037741812371614447 0.027765458063822086
leaf_weight=7.2004776597023001 7.0908135473728207 7.6623495221138027 26.152533441781998 8.1074892580509204 8.1426610052585584 7.2382801175117484 9.2875347435474378 8.0444619953632337
leaf_count=21 20 21 71 22 24 20 29 22
internal_value=0.000164782 0.00356678 0.00965676 0.025934 0.000323794 0.00849679 -0.0207315 0.0432241
internal_weight=88.9266 81.7261 65.3478 23.8143 41.5335 33.3908 16.3783 16.152
internal_count=250 229 180 65 115 91 49 44
is_linear=0
shrinkage=0.05


Tree=30
num_leaves=10
num_cat=0
split_feature=16 19 29 3 25 23 17 10 30
split_gain=5.31118 4.48917 4.66248 3.86502 3.51362 3.33081 1.95677 1.30571 0.812102
threshold=0.0037703381678470343 -0.016555003938435228 0.0020926648787336082 0.011887534438450033 -0.0074187843487615304 -0.00099286337003323655 3.8069226234261601e-05 1.0000000180025095e-35 0.0064075205522092791
decision_type=2 2 2 2 2 2 2 2 2
left_child=6 3 4 7 -3 -6 8 -2 -1
right_child=1 2 -4 -5 5 -7 -8 -9 -10
leaf_value=-0.018797665420450964 -0.011581096827219341 0.037801669861287877 0.052439840879656301 0.016985519157107776 0.018071926686406697 -0.020963155202371728 1.3747424828479106e-05 -0.04292410610564347 -0.043412492689565256
leaf_weight=5.8390723764896411 6.621254965662958 7.7621010243892696 7.7607761919498435 7.8230329453945151 10.978928506374363 10.880963295698162 6.7211406081914893 6.6701745986938477 7.8634621798992157
leaf_count=21 21 22 22 23 31 35 24 21 30
internal_value=-0.000132412 0.00753183 0.0179416 -0.0108984 0.00890323 -0.00135815 -0.0220842 -0.0273103 -0.0329234
internal_weight=78.9209 58.4972 37.3828 21.1145 29.622 21.8599 20.4237 13.2914 13.7025
internal_count=250 175 110 65 88 66 75 42 51
is_linear=0
shrinkage=0.05


Tree=31
num_leaves=9
num_cat=0
split_feature=16 19 2 16 15 16 22 1
split_gain=11.2674 4.10328 3.33284 3.06613 3.59736 2.49072 0.0073322 0.00140753
threshold=0.0036961037130545417 -0.0083345785689715162 -0.0017017337973692646 0.0057031696737131028 0.0067091530095798211 0.0029614993533720563 -0.003337231720740907 0.0037154913085470924
decision_type=2 2 2 2 2 2 2 2
left_child=5 3 -3 4 -2 -1 -4 -8
right_child=1 2 6 -5 -6 -7 7 -9
leaf_value=0.043864433353469429 0.039693929166597614 0.0048147587089788432 -0.042784220920853974 -0.0239444705528488 -0.012286152229910795 0.011907050645391264 -0.041088761507980062 -0.0400021130931267
leaf_weight=11.611589461565019 7.0015028417110461 5.1382854133844402 4.9067858308553758 8.1461044996976835 6.3448635339736938 12.838357627391813 5.4185992032289452 6.621662899851799
leaf_count=33 24 20 20 34 24 39 24 32
internal_value=-8.24022e-05 -0.0153245 -0.0304599 0.000228407 0.0149826 0.027084 -0.0411551 -0.0404911
internal_weight=68.0278 43.5778 22.0853 21.4925 13.3464 24.4499 16.947 12.0403
internal_count=250 178 96 82 48 72 76 56
is_linear=0
shrinkage=0.05


Tree=32
num_leaves=7
num_cat=0
split_feature=25 17 23 16 28 15
split_gain=4.37302 4.48093 5.53177 5.06591 4.16228 0.882632
threshold=-0.021786629683647082 -9.9420338022226156e-05 -0.0073735535121085541 0.0031971725726508567 -0.010406029466580867 0.0067091530095798211
decision_type=2 2 2 2 2 2
left_child=-1 -2 5 -4 -5 -3
right_child=1 2 3 4 -6 -7
leaf_value=-0.037451440067880169 0.038098659379489003 -0.016609388298182547 -0.023988014862580835 0.032319388463118104 0.0018376258535006606 -0.041694742143486153
leaf_weight=7.0997488796710959 8.3779168725013715 7.2693358361721021 11.238601684570311 17.975353091955178 29.70936572551728 6.7742827832698822
leaf_count=21 23 22 32 49 82 21
internal_value=0.000181535 0.00346613 -0.000510311 0.00621071 0.0133281 -0.0287099
internal_weight=88.4446 81.3449 72.9669 58.9233 47.6847 14.0436
internal_count=250 229 206 163 131 43
is_linear=0
shrinkage=0.05


Tree=33
num_leaves=10
num_cat=0
split_feature=16 2 7 15 23 30 3 21 23
split_gain=4.87256 4.15024 3.3511 3.09254 3.32808 2.77799 2.15292 1.9528 0.951039
threshold=0.0037703381678470343 0.0038578511509625994 180.42219924926761 0.0056485328907652102 -0.00099286337003323655 0.0020930687228998273 0.0014805897659819769 0.0017184121188301706 -0.0044235722501997912
decision_type=2 2 2 2 2 2 2 2 2
left_child=7 3 5 -2 -5 -3 -6 8 -1
right_child=1 2 -4 4 6 -7 -8 -9 -10
leaf_value=-0.015604828052478471 -0.039157291335753665 0.032264196716165303 0.040559313725336242 0.029636840527039195 -0.032486194443114041 -0.0063550819224697285 0.0080318775429884127 0.0013953246998850198 -0.042628528555311768
leaf_weight=5.3444328755140313 6.0009175986051586 7.1229557096958187 11.671480625867842 6.9815118908882203 6.846502453088755 13.447887092828749 6.290880098938942 6.4006205201148978 8.3305502384901047
leaf_count=20 20 20 32 20 23 39 21 22 33
internal_value=-0.000150499 0.00715845 0.0191593 -0.00765545 0.00174069 0.00701741 -0.013084 -0.0213985 -0.0320672
internal_weight=78.4377 58.3621 32.2423 26.1198 20.1189 20.5708 13.1374 20.0756 13.675
internal_count=250 175 91 84 64 59 44 75 53
is_linear=0
shrinkage=0.05


Tree=34
num_leaves=9
num_cat=0
split_feature=16 22 7 22 2 16 29 31
split_gain=10.1702 4.04844 3.47812 2.39344 2.364 1.96991 2.73346 0.180196
threshold=0.0036961037130545417 -0.0076027317613067682 184.83125000000004 -0.0031215827720538765 0.0031884463653204524 0.0047121157180455833 0.00055872193595185593 -0.19761675482772481
decision_type=2 2 2 2 2 2 2 2
left_child=3 -2 5 -1 -5 6 -3 -7
right_child=1 2 -4 4 -6 7 -8 -9
leaf_value=-9.698147947349285e-06 0.017556595485533039 -0.04033891803602415 0.018074619045329018 0.016403030745793912 0.052694651303905361 -0.02898636930405038 0.01014474877677825 -0.040461336593392128
leaf_weight=6.7068799138069179 7.8873240351676932 4.6665156930685061 4.6713892817497245 8.75904229283333 9.2006149888038617 4.4343132376670864 6.3029469400644302 14.975000768899916
leaf_count=20 27 22 16 26 26 21 22 70
internal_value=-0.000109497 -0.0148084 -0.0220915 0.0254771 0.034995 -0.0282679 -0.0113315 -0.0378397
internal_weight=67.604 42.9375 35.0502 24.6665 17.9597 30.3788 10.9695 19.4093
internal_count=250 178 151 72 52 135 44 91
is_linear=0
shrinkage=0.05


Tree=35
num_leaves=7
num_cat=0
split_feature=25 17 23 16 28 15
split_gain=4.10243 4.13749 5.14784 4.59818 3.81908 0.855116
threshold=-0.021786629683647082 -9.9420338022226156e-05 -0.0073735535121085541 0.0031971725726508567 -0.010406029466580867 0.0067091530095798211
decision_type=2 2 2 2 2 2
left_child=-1 -2 5 -4 -5 -3
right_child=1 2 3 4 -6 -7
leaf_value=-0.03650266492983599 0.03664072400521233 -0.015931839591457702 -0.022909630288016451 0.030990160317526952 0.0017713448414141911 -0.040789624873505022
leaf_weight=7.0009511411190024 8.3878114819526655 7.2116924822330457 11.134953171014784 17.944000065326684 29.682926982641227 6.649922102689743
leaf_count=21 23 22 32 49 82 21
internal_value=0.000218234 0.00339163 -0.000448545 0.00601697 0.0127799 -0.027857
internal_weight=88.0123 81.0113 72.6235 58.7619 47.6269 13.8616
internal_count=250 229 206 163 131 43
is_linear=0
shrinkage=0.05


Tree=36
num_leaves=11
num_cat=0
split_feature=16 19 29 3 30 0 2 17 10 30
split_gain=4.47576 4.00664 4.33081 3.55745 3.26956 2.78443 2.3093 1.91552 1.29056 0.832883
threshold=0.0037703381678470343 -0.016555003938435228 0.0020926648787336082 0.011887534438450033 0.0011659223562741074 0.00025000024838861551 0.0068565275520794397 3.8069226234261601e-05 1.0000000180025095e-35 0.0064075205522092791
decision_type=2 2 2 2 2 2 2 2 2 2
left_child=7 3 4 8 5 -3 -6 9 -2 -1
right_child=1 2 -4 -5 6 -7 -8 -9 -10 -11
leaf_value=-0.017242932892713256 -0.010952034505846406 0.0044945400846163252 0.049734997668579396 0.015914350156670549 -0.029167732988028907 0.047543247949762585 0.011006653077379334 0.0012674568977371313 -0.042392629981499508 -0.042678706924189534
leaf_weight=5.637626528739931 6.5232569873332995 8.2628041952848452 7.8193014860153189 7.8471787869930258 7.2198543548583967 6.8871823698282233 7.0894210338592529 6.5913857072591773 6.5323736518621445 7.4997408837080002
leaf_count=21 21 25 22 23 23 20 20 24 21 30
internal_value=-0.000147675 0.00683086 0.016656 -0.0106916 0.00787598 0.0240645 -0.00926364 -0.0207278 -0.0266833 -0.0317635
internal_weight=77.9101 58.1814 37.2786 20.9028 29.4593 15.15 14.3093 19.7288 13.0556 13.1374
internal_count=250 175 110 65 88 45 43 75 42 51
is_linear=0
shrinkage=0.05


Tree=37
num_leaves=11
num_cat=0
split_feature=16 19 2 4 21 25 4 32 22 1
split_gain=9.19406 3.89714 3.58904 2.84067 2.28484 1.91406 1.83485 0.454379 0.00677914 0.00185315
threshold=0.0036961037130545417 -0.0083345785689715162 -0.0024065277912919676 0.0029745739687741762 -0.0012136963179997793 0.010820773144827657 0.0029224092944996937 -0.22587535398330325 -0.003337231720740907 0.0037154913085470924
decision_type=2 2 2 2 2 2 2 2 2 2
left_child=4 3 -3 -2 -1 7 -6 -5 -4 -10
right_child=1 2 8 5 6 -7 -8 -9 9 -11
leaf_value=-0.00084815758121968045 0.03006480851680875 0.0085856413338525738 -0.042275774206170583 -0.033816725297269007 0.017249723887216468 0.014094581776343124 0.049080608474559265 -0.012533622484049826 -0.040702083810658589 -0.039436743171858454
leaf_weight=6.7382381856441524 5.9710050374269512 4.7805697023868587 4.6976984590292039 5.1073376834392548 9.0030471682548541 5.165046587586402 9.1069106161594373 4.9270027577877027 5.4096323102712578 6.2213677167892456
leaf_count=20 22 19 20 20 26 20 26 20 25 32
internal_value=-0.00012932 -0.0143151 -0.0295173 0.000843143 0.0240081 -0.0106364 0.0332564 -0.0233664 -0.0406727 -0.0400253
internal_weight=67.1279 42.2797 21.1093 21.1704 24.8482 15.1994 18.11 10.0343 16.3287 11.631
internal_count=250 178 96 82 72 60 52 40 77 57
is_linear=0
shrinkage=0.05


Tree=38
num_leaves=7
num_cat=0
split_feature=25 12 16 23 14 2
split_gain=3.84519 3.8703 4.74217 5.03864 5.21743 3.43865
threshold=-0.021786629683647082 -0.00033154011087706861 0.0031971725726508567 -0.0037387814530928649 0.75300101451481694 0.0038578511509625994
decision_type=2 2 2 2 2 2
left_child=-1 -2 -3 4 -4 -5
right_child=1 2 3 5 -6 -7
leaf_value=-0.035614870354644626 0.029069132108811343 -0.030945726214511349 -0.043378020724910059 0.033075295597806961 0.0074638992893366583 0.0021537768817905755
leaf_weight=6.8921644091606131 12.336635380983351 11.303075402975081 9.1727330386638659 15.918074339628218 11.216366171836851 20.660755097866058
leaf_count=21 34 33 27 44 34 57
internal_value=0.000230702 0.00329559 -0.00136171 0.00450809 -0.0154091 0.0156099
internal_weight=87.4998 80.6076 68.271 56.9679 20.3891 36.5788
internal_count=250 229 195 162 61 101
is_linear=0
shrinkage=0.05


Tree=39
num_leaves=8
num_cat=0
split_feature=16 2 5 16 21 7 16
split_gain=4.31018 4.3434 4.57631 3.93111 3.87515 3.14077 0.166245
threshold=0.0081641724087134493 0.0010787871603357149 0.0046355379025429704 0.0029614993533720563 0.00055916833303382163 183.75104904174808 0.0042370824633223411
decision_type=2 2 2 2 2 2 2
left_child=1 4 3 -3 6 -5 -1
right_child=-2 2 -4 5 -6 -7 -8
leaf_value=-0.034376112783061193 0.033106090448406636 -0.042454592430775345 0.035326073053146917 -0.0057817611415369044 -0.00060357404292858468 0.031449190244684032 -0.046194780121620982
leaf_weight=5.1067015230655688 8.6517899930477125 5.4913620054721823 9.6138554364442808 22.631167083978657 11.246791914105414 7.5558015555143347 7.1294188648462296
leaf_count=20 25 22 28 70 36 24 25
internal_value=-0.000154853 -0.00433902 0.00470858 -0.00354158 -0.0217894 0.00353715 -0.0412623
internal_weight=77.4269 68.7751 45.2922 35.6783 23.4829 30.187 12.2361
internal_count=250 225 144 116 81 94 45
is_linear=0
shrinkage=0.05


Tree=40
num_leaves=9
num_cat=0
split_feature=16 22 7 22 2 16 29 31
split_gain=8.28286 3.83045 3.29403 2.14698 2.08209 1.96149 2.60425 0.19136
threshold=0.0036961037130545417 -0.0076027317613067682 184.83125000000004 -0.0031215827720538765 0.0031884463653204524 0.0047121157180455833 0.00055872193595185593 -0.19761675482772481
decision_type=2 2 2 2 2 2 2 2
left_child=3 -2 5 -1 -5 6 -3 -7
right_child=1 2 -4 4 -6 7 -8 -9
leaf_value=-0.0015058591284163026 0.017583212581586762 -0.039784478112615942 0.017841162449641013 0.014133512453336099 0.047915837082834672 -0.027880533695269907 0.01038420295884873 -0.040015964583043545
leaf_weight=6.7632520496845272 7.8701673746109 4.4054843336343783 4.6695486307144156 8.8860789537429827 9.3708114922046644 4.2063438743352917 6.2659509181976318 14.265455320477484
leaf_count=20 27 22 16 26 26 21 22 70
internal_value=-0.000183107 -0.0138337 -0.0211463 0.0225585 0.0314731 -0.0273931 -0.0103269 -0.0372525
internal_weight=66.7031 41.683 33.8128 25.0201 18.2569 29.1432 10.6714 18.4718
internal_count=250 178 151 72 52 135 44 91
is_linear=0
shrinkage=0.05


Tree=41
num_leaves=8
num_cat=0
split_feature=25 17 23 28 24 9 15
split_gain=3.64132 3.73799 4.66151 3.99108 5.95967 4.47837 0.811638
threshold=-0.021786629683647082 -9.9420338022226156e-05 -0.0073735535121085541 -0.010406029466580867 -0.013767256148029259 184.02539978027346 0.0067091530095798211
decision_type=2 2 2 2 2 2 2
left_child=-1 -2 6 4 -4 -5 -3
right_child=1 2 3 5 -6 -7 -8
leaf_value=-0.034843113116848554 0.034864775210229661 -0.015166704061653748 -0.012988425823061187 0.003661535494552635 0.040747933226406186 -0.042199636228702271 -0.039630555520744501
leaf_weight=6.8035652339458457 8.3764359056949598 7.1335921883583051 7.9083762168884304 29.039535254240036 14.845406621694563 6.517949551343917 6.4613029658794403
leaf_count=21 23 22 22 80 41 20 21
internal_value=0.000277926 0.00325427 -0.000428081 0.0057189 0.0220712 -0.00474516 -0.0267937
internal_weight=87.0862 80.2826 71.9062 58.3113 22.7538 35.5575 13.5949
internal_count=250 229 206 163 63 100 43
is_linear=0
shrinkage=0.05


Tree=42
num_leaves=8
num_cat=0
split_feature=16 8 16 19 29 29 5
split_gain=3.96348 4.1295 3.79551 4.43786 3.11463 3.13689 2.57701
threshold=0.0081641724087134493 -0.0029536721578062785 0.0047460775807552221 -0.020483140892346704 -0.0050407266246748619 0.0012471092771182415 0.0036366408727809443
decision_type=2 2 2 2 2 2 2
left_child=1 -1 4 -4 -3 -6 -5
right_child=-2 2 3 6 5 -7 -8
leaf_value=-0.03350288738507036 0.031653490137819588 0.01947446833969339 -0.013913492521924229 0.012499868567632652 -0.038507588729932644 -0.0038291823099497364 0.053563909478519828
leaf_weight=10.2360782623291 8.6770146787166578 7.334522426128383 7.8559010624885586 7.9164181649684888 10.609339669346815 16.922846391797066 7.3845378458499908
leaf_count=34 25 24 25 24 37 60 21
internal_value=-0.00017663 -0.0042228 0.000942566 0.0166342 -0.00947909 -0.0171923 0.0323182
internal_weight=76.9367 68.2596 58.0236 23.1569 34.8667 27.5322 15.301
internal_count=250 225 191 70 121 97 45
is_linear=0
shrinkage=0.05


Tree=43
num_leaves=8
num_cat=0
split_feature=16 22 34 12 32 32 32
split_gain=7.75076 3.44775 5.07069 3.94411 2.34556 1.81534 0.163753
threshold=0.0029614993533720563 0.0051204262257879005 0.44940629041341845 0.022019388425907102 -0.30575873132241521 0.066789273385972639 -0.20576928383225707
decision_type=2 2 2 2 2 2 2
left_child=-1 2 -2 4 -4 6 -3
right_child=1 5 3 -5 -6 -7 -8
leaf_value=0.036324195938655199 0.028234670565605635 -0.031778522216499176 -0.0011309319537899116 0.022847905074449875 -0.035726886145704302 -0.002249996652133057 -0.04398580731438987
leaf_weight=11.928621262311934 11.223857179284094 4.839262694120408 7.9948159754276285 6.3058378696441642 12.653642967343334 4.9127271026372901 6.3547180145978936
leaf_count=33 39 22 33 22 53 21 27
internal_value=-0.000169117 -0.0081882 -3.66072e-06 -0.0117622 -0.0223318 -0.0275882 -0.0387085
internal_weight=66.2135 54.2849 38.1782 26.9543 20.6485 16.1067 11.194
internal_count=250 217 147 108 86 70 49
is_linear=0
shrinkage=0.05


Tree=44
num_leaves=7
num_cat=0
split_feature=25 17 23 16 28 32
split_gain=3.41989 3.47345 4.38536 3.81356 3.25961 0.807975
threshold=-0.021786629683647082 -9.9420338022226156e-05 -0.0073735535121085541 0.0031971725726508567 -0.010406029466580867 -0.16710382979727817
decision_type=2 2 2 2 2 2
left_child=-1 -2 5 -4 -5 -3
right_child=1 2 3 4 -6 -7
leaf_value=-0.034032419380337096 0.033647496496436682 -0.038679963291723726 -0.021142876755460411 0.028646055268266708 0.0015090800666173328 -0.014145545180546171
leaf_weight=6.6973707973957053 8.3662755489349347 6.5716597735881805 10.87129160761833 17.72717356681823 29.448092162609107 6.8573206663131696
leaf_count=21 23 22 32 49 82 21
internal_value=0.000286427 0.00316519 -0.000402786 0.00555421 0.0117064 -0.0261518
internal_weight=86.5392 79.8418 71.4755 58.0466 47.1753 13.429
internal_count=250 229 206 163 131 43
is_linear=0
shrinkage=0.05


Tree=45
num_leaves=8
num_cat=0
split_feature=16 2 5 21 16 7 16
split_gain=3.66385 3.97404 4.02641 3.6353 3.61226 2.94183 0.151096
threshold=0.0081641724087134493 0.0010787871603357149 0.0046355379025429704 0.00055916833303382163 0.0029614993533720563 183.75104904174808 0.0042370824633223411
decision_type=2 2 2 2 2 2 2
left_child=1 3 4 6 -3 -6 -1
right_child=-2 2 -4 -5 5 -7 -8
leaf_value=-0.033740764447137216 0.03039780326691895 -0.041686040137175667 0.033194509938021179 -0.00060985340475440061 -0.0056816535969733111 0.03038778501651497 -0.0452212757633743
leaf_weight=4.9359844177961367 8.6873078793287259 5.2130684405565253 9.6442657262086851 11.197641506791113 22.433432132005695 7.5573663264513007 6.8338715136051178
leaf_count=20 25 22 28 36 70 24 25
internal_value=-0.000174072 -0.00409039 0.00457136 -0.021004 -0.00327008 0.00340747 -0.0404066
internal_weight=76.5029 67.8156 44.8481 22.9675 35.2039 29.9908 11.7699
internal_count=250 225 144 81 116 94 45
is_linear=0
shrinkage=0.05


Tree=46
num_leaves=10
num_cat=0
split_feature=16 19 10 16 15 21 4 22 1
split_gain=7.16789 3.65166 2.9739 2.65115 2.86506 1.91537 1.63661 0.00470258 0.00100057
threshold=0.0036961037130545417 -0.0083345785689715162 -0.0019738328168911854 0.0057031696737131028 0.0067091530095798211 -0.0012136963179997793 0.0029224092944996937 -0.002301899024704845 0.0037154913085470924
decision_type=2 2 2 2 2 2 2 2 2
left_child=5 3 -3 4 -2 -1 -7 -4 -9
right_child=1 2 7 -5 -6 6 -8 8 -10
leaf_value=-0.0019966044949045886 0.036415904627072893 0.0044005606064494614 -0.041083905175268963 -0.022063042816951976 -0.010314380952367348 0.014110147182457814 0.043962454897084169 -0.039737380315236714 -0.038727427607408382
leaf_weight=6.7348671257495907 7.163382217288019 5.1157548576593426 4.9285685271024713 7.5879796445369712 6.0504474937915802 9.0975952148437518 9.2689389884471876 4.5476784855127299 5.3226857781410217
leaf_count=20 24 20 23 34 24 26 26 23 30
internal_value=-0.000203167 -0.0131588 -0.0284624 0.0014922 0.0150187 0.0208119 0.0291755 -0.0398226 -0.0391928
internal_weight=65.8179 40.7165 19.9147 20.8018 13.2138 25.1014 18.3665 14.7989 9.87036
internal_count=250 178 96 82 48 72 52 76 53
is_linear=0
shrinkage=0.05


Tree=47
num_leaves=7
num_cat=0
split_feature=25 12 9 23 1 2
split_gain=3.21056 3.35033 4.16755 5.79348 3.15864 3.12184
threshold=-0.021786629683647082 -0.00033154011087706861 184.02539978027346 -0.0037387814530928649 0.0040949345355683073 0.0038578511509625994
decision_type=2 2 2 2 2 2
left_child=-1 -2 3 4 -3 -5
right_child=1 2 -4 5 -6 -7
leaf_value=-0.033226038914765943 0.027054959054538964 -0.038216032937784389 -0.027561115094137053 0.033253757228321315 0.0036699469623438178 0.0036926934113442403
leaf_weight=6.590303808450698 12.323407232761381 9.5990056097507495 12.33840700984001 15.301228016614912 8.4746682345867139 21.453368008136749
leaf_count=21 34 29 38 43 26 59
internal_value=0.000310048 0.00309043 -0.00130646 0.00460182 -0.0185759 0.0159992
internal_weight=86.0804 79.4901 67.1667 54.8283 18.0737 36.7546
internal_count=250 229 195 157 55 102
is_linear=0
shrinkage=0.05


Tree=48
num_leaves=8
num_cat=0
split_feature=23 21 16 2 14 27 8
split_gain=3.47362 3.29386 3.23187 3.00661 4.51532 2.10666 0.874006
threshold=-0.0093579012357998242 0.0050382526484205057 0.0037703381678470343 0.00089922143271936605 0.75300101451481694 0.0048540461422792456 0.0020198477329814398
decision_type=2 2 2 2 2 2 2
left_child=-1 2 6 5 -5 -4 -2
right_child=1 -3 3 4 -6 -7 -8
leaf_value=0.024137935719230261 -0.017841370979587115 0.026906491925355266 -0.0015589081364261201 0.035761717041788363 -0.0071012256725484007 -0.039221208499657156 -0.042201184441445889
leaf_weight=12.289884105324743 8.0367543399333936 7.2191800773143759 7.6431895196437818 9.551109507679941 17.224839448928833 7.2206934243440628 6.7958391010761252
leaf_count=36 33 22 27 28 51 25 28
internal_value=-0.000199479 -0.00489561 -0.00896104 -0.00182212 0.00818819 -0.0198548 -0.0290023
internal_weight=75.9815 63.6916 56.4724 41.6398 26.7759 14.8639 14.8326
internal_count=250 214 192 131 79 52 61
is_linear=0
shrinkage=0.05


Tree=49
num_leaves=9
num_cat=0
split_feature=16 22 7 22 16 29 2 26
split_gain=6.61521 3.54387 2.9728 1.9051 1.89405 2.41078 1.80098 0.211117
threshold=0.0036961037130545417 -0.0076027317613067682 184.83125000000004 -0.0031215827720538765 0.0047121157180455833 0.00055872193595185593 0.0031884463653204524 0.035236267178762277
decision_type=2 2 2 2 2 2 2 2
left_child=3 -2 4 -1 5 -3 -5 -6
right_child=1 2 -4 6 7 -7 -8 -9
leaf_value=-0.002797951845711754 0.017317801523427566 -0.039239310058867438 0.016622832784941043 0.012163164755451525 -0.039404604322587161 0.01000773548250089 0.043466636914001315 -0.025851242088801601
leaf_weight=6.759760499000552 7.8591609895229331 4.1164492815732974 4.7045833468437186 8.9450466334819811 13.591091409325601 6.2704836875200272 9.4477419555187208 3.6434789299964896
leaf_count=20 27 22 16 26 72 22 26 19
internal_value=-0.000209041 -0.0127959 -0.0201172 0.0199005 -0.0263749 -0.00950938 0.0282427 -0.0365394
internal_weight=65.3378 40.1852 32.3261 25.1525 27.6215 10.3869 18.3928 17.2346
internal_count=250 178 151 72 135 44 52 91
is_linear=0
shrinkage=0.05


Tree=50
num_leaves=6
num_cat=0
split_feature=25 17 23 19 28
split_gain=3.01493 3.148 4.01109 3.29382 4.05447
threshold=-0.021786629683647082 -9.9420338022226156e-05 -0.0086735165594201673 0.040467463007027978 -0.010406029466580867
decision_type=2 2 2 2 2
left_child=-1 -2 -3 4 -4
right_child=1 2 3 -5 -6
leaf_value=-0.03244082318727514 0.032086210552408186 -0.029027323481727076 0.015784320753031357 0.026347838817978787 -0.014076034449075604
leaf_weight=6.4839922487735739 8.3357802629470807 10.431928530335425 19.401195973157876 13.463453173637388 27.455120533704765
leaf_count=21 23 34 55 38 79
internal_value=0.000336736 0.00302401 -0.000400027 0.00455089 -0.00171214
internal_weight=85.5715 79.0875 70.7517 60.3198 46.8563
internal_count=250 229 206 172 134
is_linear=0
shrinkage=0.05


Tree=51
num_leaves=8
num_cat=0
split_feature=16 8 16 19 29 29 4
split_gain=3.16748 3.77442 3.23106 4.00092 2.82492 3.00522 2.26756
threshold=0.0081641724087134493 -0.0029536721578062785 0.0047460775807552221 -0.020483140892346704 -0.0050407266246748619 0.0012471092771182415 0.0028353883001894262
decision_type=2 2 2 2 2 2 2
left_child=1 -1 4 -4 -3 -6 -5
right_child=-2 2 3 6 5 -7 -8
leaf_value=-0.032439899173285935 0.028199640207573585 0.019064251157634542 -0.013741869466942603 0.0076544399155468769 -0.037607572528548766 -0.0030962285172845124 0.046766750025646099
leaf_weight=9.877443462610243 8.6792103797197324 7.1914526075124696 7.7417384833097485 6.3712432086467734 10.185598433017736 16.569786310195923 8.8575164377689344
leaf_count=34 25 24 25 20 37 60 25
internal_value=-0.000216139 -0.00390844 0.00104291 0.0155251 -0.00875663 -0.0162345 0.0304034
internal_weight=75.474 66.7948 56.9173 22.9705 33.9468 26.7554 15.2288
internal_count=250 225 191 70 121 97 45
is_linear=0
shrinkage=0.05


Tree=52
num_leaves=8
num_cat=0
split_feature=16 22 27 26 26 32 32
split_gain=6.22063 3.12831 4.50767 3.65505 3.03855 1.85726 0.171834
threshold=0.0029614993533720563 0.0051204262257879005 0.012253084301473429 0.027481843181188629 0.0097178857718102103 0.066789273385972639 -0.20576928383225707
decision_type=2 2 2 2 2 2 2
left_child=-1 2 3 4 -2 6 -3
right_child=1 5 -4 -5 -6 -7 -8
leaf_value=0.032295671680283508 -0.017237838079965134 -0.030966617609096865 0.031639282380372849 -0.037404526896028426 0.021244844567030702 -0.0005767877964406111 -0.043827300697043658
leaf_weight=11.991673350334166 10.287605971097951 4.5707662999629965 8.734819293022154 8.2810389995574933 10.230587303638456 4.7257366478443137 6.015561878681182
leaf_count=33 42 22 33 35 37 21 27
internal_value=-0.000216038 -0.00759349 0.000176539 -0.00936612 0.00195003 -0.02664 -0.0382746
internal_weight=64.8378 52.8461 37.5341 28.7992 20.5182 15.3121 10.5863
internal_count=250 217 147 114 79 70 49
is_linear=0
shrinkage=0.05


Tree=53
num_leaves=7
num_cat=0
split_feature=25 12 16 23 14 24
split_gain=2.84059 3.05565 3.83494 3.63158 4.77799 3.51115
threshold=-0.021786629683647082 -0.00033154011087706861 0.0031971725726508567 -0.0037387814530928649 0.75300101451481694 0.01560440255260165
decision_type=2 2 2 2 2 2
left_child=-1 -2 -3 4 -4 -5
right_child=1 2 3 5 -6 -7
leaf_value=-0.031723830718390404 0.025857004600077844 -0.028441320147202149 -0.04085711435415329 0.0044391580306370427 0.0088162693519317006 0.040502750177210056
leaf_weight=6.3827425539493552 12.292926013469694 10.869161516427992 8.7185428738594073 26.926273703575134 10.885020196437834 9.0067868232727033
leaf_count=21 34 33 27 76 34 25
internal_value=0.000356368 0.00295818 -0.00128081 0.00403482 -0.0132756 0.0134787
internal_weight=85.0815 78.6987 66.4058 55.5366 19.6036 35.9331
internal_count=250 229 195 162 61 101
is_linear=0
shrinkage=0.05


Tree=54
num_leaves=9
num_cat=0
split_feature=23 21 33 2 19 16 21 2
split_gain=2.96708 2.98893 3.08771 3.59722 3.78211 2.19097 1.97178 0.789803
threshold=-0.0093579012357998242 0.0050382526484205057 0.29500000000000004 -0.00042830044583025412 -0.010555299724805454 0.00510758990791491 0.00090965672952703091 0.0068565275520794397
decision_type=2 2 2 2 2 2 2 2
left_child=-1 2 5 6 -5 7 -4 -2
right_child=1 -3 3 4 -6 -7 -8 -9
leaf_value=0.022336662124574996 -0.043597050205468529 0.025712743134304356 -0.042404226012590751 -0.012085443791913524 0.029453554967893467 0.000354141600400098 -0.0021339993538676428 -0.019166025227415621
leaf_weight=12.235896348953245 9.0852797776460665 7.2095386981964102 5.802384868264193 9.3020350337028486 13.335834801197057 6.4781825989484778 6.3841855376958847 5.2023103237152091
leaf_count=36 36 22 24 31 41 20 21 19
internal_value=-0.000188173 -0.00457691 -0.0085052 0.000594382 0.0123849 -0.0237653 -0.0213078 -0.0347014
internal_weight=75.0356 62.7998 55.5902 34.8244 22.6379 20.7658 12.1866 14.2876
internal_count=250 214 192 117 72 75 45 55
is_linear=0
shrinkage=0.05


Tree=55
num_leaves=9
num_cat=0
split_feature=16 34 12 2 13 19 29 19
split_gain=5.64115 3.02403 6.60348 3.10202 2.33274 2.53697 1.95867 0.23178
threshold=0.0029614993533720563 0.44940629041341845 0.0014062132678172633 -0.0010930881837370452 57.122273123638756 -0.032155153630750603 0.0019156742382460126 0.020742333508131931
decision_type=2 2 2 2 2 2 2 2
left_child=-1 2 3 -2 7 -6 -7 -3
right_child=1 4 -4 -5 5 6 -8 -9
leaf_value=0.030624230950824501 0.0086372426786511438 -0.042432493428798464 0.053826137696557225 -0.04377743196782679 0.015484232272816506 -0.0072683021253937682 -0.04380396000011532 -0.026442198383373746
leaf_weight=12.015012621879576 7.2923181504011163 6.214326083660124 5.6929336935281745 4.6055673211812982 7.9705784171819678 11.746609836816793 5.3340827226638785 3.567036360502243
leaf_count=33 27 28 19 19 30 50 24 20
internal_value=-0.00027745 -0.00735985 0.00953874 -0.011652 -0.0158938 -0.00780853 -0.0186779 -0.0366012
internal_weight=64.4385 52.4235 17.5908 11.8979 34.8326 25.0513 17.0807 9.78136
internal_count=250 217 65 46 152 104 74 48
is_linear=0
shrinkage=0.05


Tree=56
num_leaves=8
num_cat=0
split_feature=25 17 23 28 24 9 15
split_gain=2.68559 2.84013 3.63261 3.26696 5.32056 3.58851 0.762703
threshold=-0.021786629683647082 -9.9420338022226156e-05 -0.0073735535121085541 -0.010406029466580867 -0.013767256148029259 183.72627487182621 0.0067091530095798211
decision_type=2 2 2 2 2 2 2
left_child=-1 -2 6 4 -4 -5 -3
right_child=1 2 3 5 -6 -7 -8
leaf_value=-0.03107315959917999 0.030554362719648828 -0.012988100404769424 -0.013482935228045459 0.0036867709591972054 0.037810506976194015 -0.035849339984070736 -0.037362581298257029
leaf_weight=6.283621907234191 8.3007984757423383 6.8876912295818311 7.7492819428443935 27.632061511278152 14.544220358133314 7.244038224220275 6.0096979588270187
leaf_count=21 23 22 22 77 41 23 21
internal_value=0.000377999 0.00289979 -0.000376432 0.005031 0.0199808 -0.00452519 -0.0243457
internal_weight=84.6514 78.3678 70.067 57.1696 22.2935 34.8761 12.8974
internal_count=250 229 206 163 63 100 43
is_linear=0
shrinkage=0.05


Tree=57
num_leaves=7
num_cat=0
split_feature=16 8 5 3 2 21
split_gain=2.79312 3.52319 2.95616 3.0172 4.27069 1.86658
threshold=0.0081641724087134493 -0.0029536721578062785 0.0046355379025429704 0.0086687851114621867 0.0091455631157830748 0.0010274306455388962
decision_type=2 2 2 2 2 2
left_child=1 -1 3 5 -5 -3
right_child=-2 2 -4 4 -6 -7
leaf_value=-0.03167899859097275 0.026523680992928768 -0.035972115305066985 0.02305458268128829 0.023525607517684129 -0.015010494806083624 0.00015939698719601476
leaf_weight=9.6223683059215528 8.6339169740676862 9.7803667187690717 12.015011861920355 14.676153853535654 14.093883737921713 5.6333436965942374
leaf_count=34 25 39 38 49 46 19
internal_value=-0.000215377 -0.0037228 0.00106386 -0.00491614 0.00464752 -0.0227669
internal_weight=74.455 65.8211 56.1988 44.1837 28.77 15.4137
internal_count=250 225 191 153 95 58
is_linear=0
shrinkage=0.05


Tree=58
num_leaves=10
num_cat=0
split_feature=16 19 2 26 26 3 21 7 24
split_gain=5.38367 3.37994 3.2048 2.4788 3.44949 1.80874 2.21208 0.0074632 0.00340485
threshold=0.0036961037130545417 -0.0083345785689715162 -0.0024065277912919676 -0.0016088617798273306 0.018962711994389151 0.015368633968586455 -1.0000000180025095e-35 183.83060073852542 -0.002015135361664921
decision_type=2 2 2 2 2 2 2 2 2
left_child=5 3 -3 -2 -5 6 -1 8 -4
right_child=1 2 7 4 -6 -7 -8 -9 -10
leaf_value=-0.01306953889164271 -0.022208799849564569 0.0084063705967389931 -0.039953965245284717 0.049058970344639873 -0.0039915092612900832 0.039315265702057747 0.02301078090931595 -0.041458208557573685 -0.038080661152342522
leaf_weight=6.8133660554885926 6.8932548016309765 4.6824821382761028 3.8495826423168182 4.7272547036409369 8.710013419389723 7.0274066627025595 11.283376902341841 3.4460653662681571 6.55744421482086
leaf_count=20 28 19 20 18 36 20 32 16 41
internal_value=-0.000251438 -0.0119118 -0.027354 0.00216705 0.0146717 0.0177867 0.00942666 -0.0394414 -0.0387736
internal_weight=63.9902 38.8661 18.5356 20.3305 13.4373 25.1241 18.0967 13.8531 10.407
internal_count=250 178 96 82 54 72 52 77 61
is_linear=0
shrinkage=0.05


Tree=59
num_leaves=7
num_cat=0
split_feature=25 12 9 23 1 24
split_gain=2.49994 2.71005 3.52537 4.65589 2.83002 2.71263
threshold=-0.021786629683647082 -0.00033154011087706861 184.02539978027346 -0.0037387814530928649 0.0040949345355683073 0.01560440255260165
decision_type=2 2 2 2 2 2
left_child=-1 -2 3 4 -3 -5
right_child=1 2 -4 5 -6 -7
leaf_value=-0.030259874246851073 0.024400575655822376 -0.036019759776642492 -0.025906341195582605 0.0058182972106834221 0.004218120489943804 0.036123875657763954
leaf_weight=6.1677792221307746 12.247359633445738 9.2150998860597628 11.850785762071608 25.926089555025101 8.3106969594955427 10.324309051036833
leaf_count=21 34 29 38 73 26 29
internal_value=0.000382255 0.00280916 -0.00122024 0.00421989 -0.016939 0.0144495
internal_weight=84.0421 77.8743 65.627 53.7762 17.5258 36.2504
internal_count=250 229 195 157 55 102
is_linear=0
shrinkage=0.05


Tree=60
num_leaves=8
num_cat=0
split_feature=16 19 14 4 22 21 21
split_gain=2.62657 2.99637 2.40595 4.15377 3.37991 1.96374 0.984261
threshold=0.0037703381678470343 -0.054426371374941822 0.32917502104834462 0.0042727487810003363 0.00085918318370781243 0.0017184121188301706 -0.0015171906031645752
decision_type=2 2 2 2 2 2 2
left_child=5 -2 -3 4 -4 6 -1
right_child=1 2 3 -5 -6 -7 -8
leaf_value=-0.011325826555845265 -0.018615300750536821 -0.018180302545822546 -0.0094826924579725653 0.04628131164221129 0.023654772945115261 0.0066158801664206353 -0.040663984851761717
leaf_weight=4.8185819387435922 10.799402952194212 6.2315058857202521 15.722679585218431 8.4656511843204481 15.070939242839811 5.8788608610630027 7.029058739542962
leaf_count=20 36 21 49 24 45 22 33
internal_value=-0.000224641 0.00506097 0.0106817 0.0152628 0.00673537 -0.017009 -0.0287318
internal_weight=74.0167 56.2902 45.4908 39.2593 30.7936 17.7265 11.8476
internal_count=250 175 139 118 94 75 53
is_linear=0
shrinkage=0.05


Tree=61
num_leaves=8
num_cat=0
split_feature=16 22 27 26 26 32 16
split_gain=5.04152 2.79875 4.009 3.36432 2.62044 2.35297 0.241825
threshold=0.0029614993533720563 0.0051204262257879005 0.012253084301473429 0.027481843181188629 0.0097178857718102103 0.096339109280998494 0.0047121157180455833
decision_type=2 2 2 2 2 2 2
left_child=-1 2 3 4 -2 6 -3
right_child=1 5 -4 -5 -6 -7 -8
leaf_value=0.028951736730981777 -0.016403353907495043 -0.045889566840356139 0.029838352915964685 -0.036555429339713931 0.019524719765004254 0.0073311399449538699 -0.030792432316539588
leaf_weight=11.980192035436628 9.973045572638517 4.9404793083667737 8.7517637833952886 7.9116835147142401 10.333851888775824 3.9639604091644278 5.7275174036622047
leaf_count=33 42 19 33 35 37 18 33
internal_value=-0.000268557 -0.00705245 0.000273121 -0.0088963 0.00187986 -0.0255619 -0.0377841
internal_weight=63.5825 51.6023 36.9703 28.2186 20.3069 14.632 10.668
internal_count=250 217 147 114 79 70 52
is_linear=0
shrinkage=0.05


Tree=62
num_leaves=10
num_cat=0
split_feature=25 25 13 5 29 19 8 34 1
split_gain=2.378 2.68434 3.94988 4.52733 2.21571 3.72475 1.85515 3.0679 1.73812
threshold=-0.021786629683647082 -0.0007289725619990527 57.122273123638756 0.0035702311169107451 0.0036902644695857583 0.040467463007027978 0.0013854049328745641 1.7032591425851378 -0.0011916305667826752
decision_type=2 2 2 2 2 2 2 2 2
left_child=-1 4 3 -3 5 -2 -4 -8 -5
right_child=1 2 6 8 -6 -7 7 -9 -10
leaf_value=-0.029710857342598037 -0.011596651792616711 0.046296077314443983 -0.035366185918893962 -0.019812947514689608 0.03788740064417493 0.033499852574238521 0.013011203694668669 -0.025778897632893122 0.014622998300908623
leaf_weight=6.0790345072746268 11.520814359188085 6.7152772545814541 8.6815037429332751 7.6262388825416574 7.8417393863201132 7.5988706946372977 9.505875229835512 10.990850776433943 7.0534654706716511
leaf_count=21 34 19 26 23 22 22 28 34 21
internal_value=0.000403076 0.00276413 -0.00402872 0.0122896 0.0155059 0.00632637 -0.0159941 -0.00778901 -0.00326679
internal_weight=83.6137 77.5346 50.5732 21.395 26.9614 19.1197 29.1782 20.4967 14.6797
internal_count=250 229 151 63 78 56 88 62 44
is_linear=0
shrinkage=0.05


Tree=63
num_leaves=6
num_cat=0
split_feature=23 21 31 0 8
split_gain=2.5456 2.63707 2.79718 3.02377 2.46604
threshold=-0.0093579012357998242 0.0050382526484205057 -0.21945507969265823 -0.0030049073528364829 9.6955652409157713e-05
decision_type=2 2 2 2 2
left_child=-1 2 -2 -4 -5
right_child=1 -3 3 4 -6
leaf_value=0.020787937114608992 0.021930859801165943 0.024096728387067209 0.020146589584380679 -0.038736235749456685 -0.010338701422966846
leaf_weight=12.032412499189375 6.7737169265747061 7.1892179846763602 6.2000472694635382 10.127531841397284 31.188442379236221
leaf_count=36 21 22 21 42 108
internal_value=-0.000243793 -0.00436004 -0.00812837 -0.0124135 -0.0172996
internal_weight=73.5114 61.479 54.2897 47.516 41.316
internal_count=250 214 192 171 150
is_linear=0
shrinkage=0.05


Tree=64
num_leaves=10
num_cat=0
split_feature=16 19 8 26 26 22 2 22 16
split_gain=4.71482 3.22455 3.39266 2.27364 3.10986 1.70491 1.52586 0.00661931 0.001589
threshold=0.0036961037130545417 -0.0083345785689715162 -0.0037264772288819123 -0.0016088617798273306 0.018962711994389151 -0.0031215827720538765 0.0031884463653204524 -0.003337231720740907 0.0047121157180455833
decision_type=2 2 2 2 2 2 2 2 2
left_child=5 3 -3 -2 -5 -1 -7 -4 -9
right_child=1 2 7 4 -6 6 -8 8 -10
leaf_value=-0.0049111634571837245 -0.021413265237116685 0.012188185561083104 -0.040686404242875888 0.046365546300914669 -0.0037519396176832311 0.0096673663104746045 0.038529258028519267 -0.039118366998246883 -0.037783327917550784
leaf_weight=6.760811239480975 6.7283202856779125 4.2478857487440136 4.0288608148694047 4.8195207566022864 8.6519347280263883 8.931589215993883 9.3976833224296552 3.5150401741266215 6.0910758525133133
leaf_count=20 28 16 20 18 36 26 26 20 40
internal_value=-0.000279226 -0.0113665 -0.0268296 0.00232294 0.014178 0.0165495 0.0244653 -0.0389853 -0.0382718
internal_weight=63.1727 38.0826 17.8829 20.1998 13.4715 25.0901 18.3293 13.635 9.60612
internal_count=250 178 96 82 54 72 52 80 60
is_linear=0
shrinkage=0.05


Tree=65
num_leaves=10
num_cat=0
split_feature=25 25 13 5 29 19 31 31 1
split_gain=2.25195 2.52479 3.64572 4.18152 1.99122 3.46236 1.80489 3.05867 1.66083
threshold=-0.021786629683647082 -0.0007289725619990527 57.122273123638756 0.0035702311169107451 0.0036902644695857583 0.040467463007027978 -0.1696193232013079 0.025261276059599717 -0.0011916305667826752
decision_type=2 2 2 2 2 2 2 2 2
left_child=-1 4 3 -3 5 -2 -4 -8 -5
right_child=1 2 6 8 -6 -7 7 -9 -10
leaf_value=-0.029116629126556843 -0.010992374244344568 0.044655637167799557 -0.038532732076854363 -0.019363066472898795 0.036259106431969744 0.032574278869401611 0.013301428671883664 -0.024180765500103049 0.01436213872253728
leaf_weight=5.9856262505054465 11.461011305451398 6.6610775589942959 6.545915603637698 7.5881276726722726 7.858590602874755 7.5742533504962912 9.2748479843139666 13.173420488834379 7.0348942875862095
leaf_count=21 34 19 20 23 22 22 28 40 21
internal_value=0.000427633 0.00271915 -0.00389523 0.0118192 0.0150848 0.00634308 -0.0154309 -0.00869442 -0.00313843
internal_weight=83.1578 77.1721 50.2783 21.2841 26.8939 19.0353 28.9942 22.4483 14.623
internal_count=250 229 151 63 78 56 88 68 44
is_linear=0
shrinkage=0.05


Tree=66
num_leaves=9
num_cat=0
split_feature=16 8 5 14 13 31 12 32
split_gain=2.37869 3.26791 2.64248 3.784 3.20238 2.35038 1.81663 0.744019
threshold=0.0081641724087134493 -0.0029536721578062785 0.0030684211450683683 0.89637630848308758 60.933609708244667 -1.0000000180025095e-35 0.019872125334382981 -0.093948365971808001
decision_type=2 2 2 2 2 2 2 2
left_child=1 -1 3 7 5 -4 -6 -3
right_child=-2 2 4 -5 6 -7 -8 -9
leaf_value=-0.030879415845374639 0.024513010732023024 -0.044929809858879399 0.038883579362161948 0.019055035226972182 -0.027314403817639665 0.0052301775063162623 0.0053201302675755097 -0.019001186567570886
leaf_weight=9.3558521717786771 8.5480941534042341 5.7146517634391794 10.083674833178518 5.2811750173568717 6.9324714839458492 10.686843335628511 11.079761177301405 5.3633716106414804
leaf_count=34 25 22 31 18 26 37 35 22
internal_value=-0.000271425 -0.00355618 0.00107971 -0.0157731 0.00818851 0.0215682 -0.00724011 -0.0323766
internal_weight=73.0459 64.4978 55.1419 16.3592 38.7828 20.7705 18.0122 11.078
internal_count=250 225 191 62 129 68 61 44
is_linear=0
shrinkage=0.05


Tree=67
num_leaves=9
num_cat=0
split_feature=16 34 12 2 13 24 16 19
split_gain=4.42645 2.74345 5.47629 2.84574 2.08533 2.19105 2.84915 0.246748
threshold=0.0029614993533720563 0.44940629041341845 0.0014062132678172633 -0.0010930881837370452 57.122273123638756 -0.013767256148029259 0.0047121157180455833 0.020742333508131931
decision_type=2 2 2 2 2 2 2 2
left_child=-1 2 3 -2 7 -6 -7 -3
right_child=1 4 -4 -5 5 6 -8 -9
leaf_value=0.027155685116679984 0.0086289838477227477 -0.041784551945583649 0.049057019430396483 -0.042798412756565318 0.021369611116212772 -2.2474224246760103e-05 -0.039511661529218117 -0.024482001451301885
leaf_weight=11.931069284677504 7.2324301004409799 5.7981456369161588 5.8062267303466788 4.2829057574272165 5.1859616786241522 11.85296511650086 7.4316037744283667 3.196429930627346
leaf_count=33 27 28 19 19 21 42 41 20
internal_value=-0.000249815 -0.00668806 0.00946468 -0.0104984 -0.0150487 -0.00748163 -0.0152402 -0.0356357
internal_weight=62.7177 50.7867 17.3216 11.5153 33.4651 24.4705 19.2846 8.99458
internal_count=250 217 65 46 152 104 83 48
is_linear=0
shrinkage=0.05


Tree=68
num_leaves=9
num_cat=0
split_feature=25 25 13 5 1 8 34 13
split_gain=2.16189 2.80198 3.38441 3.89662 2.06563 1.79434 2.89361 1.66634
threshold=-0.013357536330666551 -0.0007289725619990527 57.122273123638756 0.0035702311169107451 0.002847157481320806 0.0013854049328745641 1.7032591425851378 43.469280148004295
decision_type=2 2 2 2 2 2 2 2
left_child=-1 4 3 -3 -2 -4 -7 -5
right_child=1 2 5 7 -6 6 -8 -9
leaf_value=-0.024352598969089902 0.032459654491400904 0.043315699269632794 -0.034129607759042724 0.015069542372668391 0.0034841247635598472 0.013389760553183971 -0.024492706545906941 -0.018814162667993975
leaf_weight=7.9538118392229071 11.396528124809267 6.595341324806216 8.5399841666221636 6.8036061376333219 13.362776547670363 9.4571649730205554 10.794529587030409 7.7749573290348053
leaf_count=27 33 19 26 20 39 28 34 24
internal_value=0.000429304 0.00306712 -0.00374847 0.0114258 0.0168214 -0.0149079 -0.0068023 -0.00300112
internal_weight=82.6787 74.7249 49.9656 21.1739 24.7593 28.7917 20.2517 14.5786
internal_count=250 223 151 63 72 88 62 44
is_linear=0
shrinkage=0.05


Tree=69
num_leaves=9
num_cat=0
split_feature=23 21 33 2 14 16 21 2
split_gain=2.30078 2.43913 2.51868 2.89944 3.74075 1.88847 1.74232 0.790444
threshold=-0.0093579012357998242 0.0050382526484205057 0.29500000000000004 0.00089922143271936605 0.77383615920621784 0.00510758990791491 0.00055916833303382163 0.0068565275520794397
decision_type=2 2 2 2 2 2 2 2
left_child=-1 2 5 6 -5 7 -4 -2
right_child=1 -3 3 4 -6 -7 -8 -9
leaf_value=0.019812877668810343 -0.042375817503917307 0.023161521196252144 -0.04119299336027752 0.03237922315808113 -0.0097299160707112892 0.00022733098934140666 -0.0034747498251077786 -0.017107150034912966
leaf_weight=11.900286823511122 8.2890068888664263 7.1654445677995673 5.0752132385969144 10.754671499133112 10.349372923374174 6.3521715998649588 7.7173172384500504 4.938988894224166
leaf_count=36 36 22 23 35 33 20 26 19
internal_value=-0.000288238 -0.00423284 -0.00790345 0.000343705 0.011729 -0.0221807 -0.0184388 -0.0329412
internal_weight=72.5425 60.6422 53.4767 33.8966 21.104 19.5802 12.7925 13.228
internal_count=250 214 192 117 68 75 49 55
is_linear=0
shrinkage=0.05


Tree=70
num_leaves=10
num_cat=0
split_feature=16 19 8 16 12 22 32 22 13
split_gain=4.1226 3.09181 3.35048 2.17425 2.09806 1.60124 1.35943 0.00535429 0.0014648
threshold=0.0036961037130545417 -0.0083345785689715162 -0.0039175125597877185 0.0059697849598841632 0.0095367222235265055 -0.0012032368139320291 -0.093948365971808001 -0.003337231720740907 63.340895521548028
decision_type=2 2 2 2 2 2 2 2 2
left_child=5 3 -3 4 -2 -1 -7 -4 -9
right_child=1 2 7 -5 -6 6 -8 8 -10
leaf_value=-0.0015779440980812545 0.033514171829805213 0.013128929373551644 -0.040201956955746139 -0.023737796151279772 -0.0048038277793792002 0.038075692613332317 0.0088932039999329478 -0.0375369063020526 -0.038866932569638163
leaf_weight=8.8801592290401477 6.6428496241569537 4.1032413840293911 3.8470071628689775 5.6346706300973883 7.7285387367010117 8.8166360855102557 7.2908640205860129 6.1654432713985408 3.1165588200092316
leaf_count=26 22 15 20 27 33 25 21 42 19
internal_value=-0.000242249 -0.0107846 -0.0263082 0.00258663 0.0129078 0.0154687 0.0248666 -0.0386335 -0.0379835
internal_weight=62.226 37.2383 17.2323 20.0061 14.3714 24.9877 16.1075 13.129 9.282
internal_count=250 178 96 82 55 72 46 81 61
is_linear=0
shrinkage=0.05


Tree=71
num_leaves=10
num_cat=0
split_feature=25 25 13 5 33 31 31 25 27
split_gain=2.07535 2.84644 3.17625 3.5672 2.17256 1.70116 2.85752 1.64134 1.59437
threshold=-0.012490013162696876 -0.0007289725619990527 57.122273123638756 0.0035702311169107451 0.26500000000000007 -0.1696193232013079 0.025261276059599717 -0.0052321329172880229 -1.0000000180025095e-35
decision_type=2 2 2 2 2 2 2 2 2
left_child=-1 4 3 -3 -2 -4 -7 -6 -5
right_child=1 2 5 8 7 6 -8 -9 -10
leaf_value=-0.022305681233253643 0.037294060070098882 0.041877474501779893 -0.037143465673951721 -0.02050230875621091 -0.010431220975265646 0.01343501074944899 -0.023014676145098351 0.022744837107122787 0.012746921626062911
leaf_weight=8.9389864653348905 8.7326639145612734 6.518892019987109 6.4068395793437984 6.7165185809135446 7.5771943032741547 9.1910845488309878 12.957481414079664 7.3390549719333631 7.7840493321418736
leaf_count=30 25 19 20 21 23 28 40 21 23
internal_value=0.000437956 0.00321445 -0.00359434 0.011157 0.0174876 -0.0144527 -0.00788899 0.00589198 -0.00265379
internal_weight=82.1628 73.2238 49.5749 21.0195 23.6489 28.5554 22.1486 14.9162 14.5006
internal_count=250 220 151 63 69 88 68 44 44
is_linear=0
shrinkage=0.05


Tree=72
num_leaves=8
num_cat=0
split_feature=22 24 24 27 30 28 26
split_gain=2.44801 3.54643 5.17592 3.77255 3.47634 2.98397 1.31889
threshold=0.011697482543695072 0.015935697666018548 0.011384922219943474 -1.0000000180025095e-35 0.0020930687228998273 0.017842288638760365 0.0021583050964145705
decision_type=2 2 2 2 2 2 2
left_child=1 2 3 4 -1 -5 -3
right_child=-2 6 -4 5 -6 -7 -8
leaf_value=0.035751395039242899 0.030869204056544974 -0.037531076132431423 0.043315484123373875 -0.031111474055962915 -0.0042535904763129958 0.0076386100498845163 -0.006248147854141628
leaf_weight=8.7698717713356 5.7821359783411017 8.5932032912969571 6.8978566378355017 14.602391690015798 14.261146545410154 7.5299582034349433 5.5422905832529059
leaf_count=28 18 31 22 57 49 26 19
internal_value=-0.000330329 -0.00305554 0.00297485 -0.00318642 0.0109797 -0.0179278 -0.0252656
internal_weight=71.9789 66.1967 52.0612 45.1634 23.031 22.1323 14.1355
internal_count=250 232 182 160 77 83 50
is_linear=0
shrinkage=0.05


Tree=73
num_leaves=9
num_cat=0
split_feature=16 34 12 2 13 19 29 19
split_gain=3.94611 2.47224 4.85644 2.67523 1.95925 2.06452 1.97018 0.247109
threshold=0.0029614993533720563 0.44940629041341845 0.0014062132678172633 -0.0010930881837370452 57.122273123638756 -0.032155153630750603 0.0019156742382460126 0.015969209203225424
decision_type=2 2 2 2 2 2 2 2
left_child=-1 2 3 -2 7 -6 -7 -3
right_child=1 4 -4 -5 5 6 -8 -9
leaf_value=0.025684015722285142 0.0081478959033764592 -0.041473382268425042 0.045810416564608082 -0.042326430249185303 0.013545115369517181 -0.0058121715664808688 -0.043707534910723829 -0.023836367437686242
leaf_weight=11.874673724174498 7.234260857105256 5.4285121336579305 5.8813022822141638 4.1203985884785661 8.02089776098728 11.107132665812975 4.9621065109968177 3.131718710064888
leaf_count=33 27 27 19 19 30 50 24 21
internal_value=-0.00022061 -0.00638681 0.0089329 -0.0101683 -0.014474 -0.00717281 -0.0175141 -0.035021
internal_weight=61.761 49.8863 17.236 11.3547 32.6504 24.0901 16.0692 8.56023
internal_count=250 217 65 46 152 104 74 48
is_linear=0
shrinkage=0.05


Tree=74
num_leaves=9
num_cat=0
split_feature=25 25 13 5 1 8 34 1
split_gain=1.93681 2.46433 2.97787 3.33671 1.89586 1.66802 2.71797 1.55998
threshold=-0.013357536330666551 -0.0007289725619990527 57.122273123638756 0.0035702311169107451 0.002847157481320806 0.0013854049328745641 1.7032591425851378 -0.0011916305667826752
decision_type=2 2 2 2 2 2 2 2
left_child=-1 4 3 -3 -2 -4 -7 -5
right_child=1 2 5 7 -6 6 -8 -9
leaf_value=-0.023265235789994419 0.030862958884939892 0.040740083702646437 -0.032797212622866272 -0.01842985996410337 0.0030476319384322749 0.013405546498464468 -0.023534325905842316 0.014468583776169506
leaf_weight=7.7837524563074103 11.357439339160921 6.4449098408222225 8.3677789866924304 7.4564035087823877 13.299612954258917 9.3777035027742404 10.617526039481161 6.9732725620269749
leaf_count=27 33 19 26 23 39 28 34 21
internal_value=0.000457916 0.00295681 -0.00350472 0.0108284 0.0158598 -0.0140536 -0.00620964 -0.00253139
internal_weight=81.6784 73.8946 49.2376 20.8746 24.6571 28.363 19.9952 14.4297
internal_count=250 223 151 63 72 88 62 44
is_linear=0
shrinkage=0.05


Tree=75
num_leaves=8
num_cat=0
split_feature=29 24 24 30 8 27 24
split_gain=2.32945 3.46599 5.00169 3.55288 2.72538 2.62987 1.07773
threshold=-0.011664486998412603 0.015935697666018548 0.010945829652386998 0.0020930687228998273 0.0032204795205120489 -1.0000000180025095e-35 0.025053239671577802
decision_type=2 2 2 2 2 2 2
left_child=-1 2 3 5 -5 -2 -3
right_child=1 6 -4 4 -6 -7 -8
leaf_value=0.030666139900194095 0.03472233093823409 -0.039458638160751923 0.040765421107810645 -0.026871908396085654 0.0043153201114817172 -0.0062034844733454275 -0.011573513871746287
leaf_weight=5.5852548629045478 8.4333054423332197 6.7652665972709638 7.4875767827033988 16.772222921252254 12.029206126928328 7.3434459120035163 7.1030307114124298
leaf_count=18 27 25 24 67 40 25 24
internal_value=-0.000337888 -0.00296423 0.00295226 -0.00339903 -0.0138462 0.015673 -0.0251765
internal_weight=71.5193 65.9341 52.0658 44.5782 28.8014 15.7768 13.8683
internal_count=250 232 183 159 107 52 49
is_linear=0
shrinkage=0.05


Tree=76
num_leaves=10
num_cat=0
split_feature=16 19 2 26 26 3 24 7 24
split_gain=3.66343 2.93093 3.58094 2.04133 2.71047 1.62865 1.84718 0.010701 0.00306653
threshold=0.0036961037130545417 -0.0083345785689715162 -0.0046348463764896977 -0.0016088617798273306 0.018962711994389151 0.015368633968586455 1.0000000180025095e-35 183.85629959106447 -0.0031624900907590288
decision_type=2 2 2 2 2 2 2 2 2
left_child=5 3 -3 -2 -5 6 -1 8 -4
right_child=1 2 7 4 -6 -7 -8 -9 -10
leaf_value=-0.010209246849171606 -0.020373837985591919 0.016199399340227055 -0.039017643852824732 0.043408675641184169 -0.003310758942756896 0.035017836597731118 0.021993457104782971 -0.041189987734888044 -0.037152140982013873
leaf_weight=8.5466029942035728 6.4769732505083111 3.8859928995370892 3.4233832731842995 4.9031114429235449 8.4628965854644758 7.006502389907836 9.2974531948566419 3.1145147234201422 6.1790353730320913
leaf_count=25 28 15 20 18 36 20 27 15 46
internal_value=-0.000212628 -0.0103061 -0.0258071 0.00266382 0.0138275 0.0145905 0.00656963 -0.0386432 -0.0378172
internal_weight=61.2965 36.4459 16.6029 19.843 13.366 24.8506 17.8441 12.7169 9.60242
internal_count=250 178 96 82 54 72 52 81 66
is_linear=0
shrinkage=0.05


Tree=77
num_leaves=9
num_cat=0
split_feature=23 11 28 24 2 8 26 32
split_gain=1.84896 2.69201 2.01037 2.40258 4.31469 1.94754 1.77941 1.70044
threshold=-0.0071184784285477911 183.64970932006838 -0.0088934477351565993 0.01560440255260165 0.0021375240689088808 0.00091762169746775291 0.023864787640002553 -0.16710382979727817
decision_type=2 2 2 2 2 2 2 2
left_child=7 2 6 4 -4 -3 -2 -1
right_child=1 5 3 -5 -6 -7 -8 -9
leaf_value=-0.035705222869895352 0.037215021537001729 0.0024821236930487409 0.015723755536458366 0.022675492871359258 -0.026640899819700387 -0.033854502220186648 0.0049200312978931295 -0.0012217331698324667
leaf_weight=6.1259854435920706 9.8609742522239703 7.7511944621801359 11.585709661245348 10.226141959428785 12.488604724407194 7.0337870270013809 7.5164040923118582 8.5852471143007261
leaf_count=23 29 23 34 29 38 24 22 28
internal_value=0.00045826 0.00400852 0.00939094 0.00237157 -0.006253 -0.0148046 0.0232462 -0.0155812
internal_weight=81.174 66.4628 51.6778 34.3005 24.0743 14.785 17.3774 14.7112
internal_count=250 199 152 101 72 47 51 51
is_linear=0
shrinkage=0.05


Tree=78
num_leaves=8
num_cat=0
split_feature=22 24 24 27 16 28 26
split_gain=2.22367 3.03263 4.37635 3.39674 2.9091 2.8001 1.28444
threshold=0.011697482543695072 0.015935697666018548 0.011384922219943474 -1.0000000180025095e-35 0.0047460775807552221 0.017842288638760365 0.0021583050964145705
decision_type=2 2 2 2 2 2 2
left_child=1 2 3 4 -1 -5 -3
right_child=-2 6 -4 5 -6 -7 -8
leaf_value=-0.0062753586389140336 0.029513162464668841 -0.03624673041285037 0.039361616354776079 -0.030365175038244503 0.029499215150653194 0.007477162330871031 -0.0049694567752375492
leaf_weight=12.291297256946562 5.7316608577966681 8.2866215854883176 6.9944047182798377 14.227115720510488 10.569030210375784 7.4470379054546347 5.4355394542217246
leaf_count=45 18 31 22 57 32 26 19
internal_value=-0.000346344 -0.00296921 0.00259332 -0.00318136 0.0102643 -0.0173629 -0.0238574
internal_weight=70.9827 65.251 51.5289 44.5345 22.8603 21.6742 13.7222
internal_count=250 232 182 160 77 83 50
is_linear=0
shrinkage=0.05


Tree=79
num_leaves=8
num_cat=0
split_feature=16 22 27 26 27 32 26
split_gain=3.44254 2.31357 3.43361 3.00401 2.88135 1.8237 0.214331
threshold=0.0029614993533720563 0.0051204262257879005 0.012253084301473429 0.033085713841337967 0.004165866948583786 0.066789273385972639 0.0097178857718102103
decision_type=2 2 2 2 2 2 2
left_child=-1 2 3 4 -2 6 -3
right_child=1 5 -4 -5 -6 -7 -8
leaf_value=0.023997278023338734 0.0098955413644038343 -0.041994484707934508 0.02815867038307069 -0.041783790647378742 -0.033899121469993583 0.0027799690754958238 -0.025704530323084708
leaf_weight=11.816098064184187 16.828748345375068 6.0281772091984731 8.580935560166834 5.3285028263926497 4.8346908986568442 4.3716298937797538 3.0362672433257103
leaf_count=33 65 32 33 27 22 21 17
internal_value=-0.000228004 -0.00606874 0.00060778 -0.00815085 0.000121763 -0.0237453 -0.0365379
internal_weight=60.8251 49.009 35.5729 26.9919 21.6634 13.4361 9.06444
internal_count=250 217 147 114 87 70 49
is_linear=0
shrinkage=0.05


Tree=80
num_leaves=10
num_cat=0
split_feature=25 25 13 5 33 8 34 13 25
split_gain=1.80477 2.44256 2.70502 3.04135 1.89216 1.61425 2.47334 1.55891 1.49381
threshold=-0.012490013162696876 -0.0007289725619990527 57.122273123638756 0.0035702311169107451 0.26500000000000007 0.0013854049328745641 1.7032591425851378 43.469280148004295 -0.0052321329172880229
decision_type=2 2 2 2 2 2 2 2 2
left_child=-1 4 3 -3 -2 -4 -7 -5 -6
right_child=1 2 5 7 8 6 -8 -9 -10
leaf_value=-0.021060176764788184 0.034883531194029496 0.03925380136272006 -0.032101105822617548 0.015248135624992174 -0.010238403088265201 0.013030792745171877 -0.022468893250560264 -0.01781331213190564 0.021589880529597042
leaf_weight=8.6803167760372144 8.6649176776409167 6.3307908624410656 8.2105618864297885 6.6938993036746961 7.4816011041402817 9.2942964583635348 10.393213719129561 7.6290681958198547 7.2673155814409238
leaf_count=30 25 19 26 20 23 28 34 24 21
internal_value=0.00047681 0.00307455 -0.00332226 0.0103941 0.0163392 -0.0134769 -0.00570981 -0.00236191 0.00544452
internal_weight=80.646 71.9657 48.5518 20.6538 23.4138 27.8981 19.6875 14.323 14.7489
internal_count=250 220 151 63 69 88 62 44 44
is_linear=0
shrinkage=0.05


Tree=81
num_leaves=8
num_cat=0
split_feature=29 24 24 30 8 27 24
split_gain=2.10636 3.00704 4.29605 3.25759 2.54891 2.33258 1.0396
threshold=-0.011664486998412603 0.015935697666018548 0.010945829652386998 0.0020930687228998273 0.0032204795205120489 -1.0000000180025095e-35 0.025053239671577802
decision_type=2 2 2 2 2 2 2
left_child=-1 2 3 5 -5 -2 -3
right_child=1 6 -4 4 -6 -7 -8
leaf_value=0.029280143724575297 0.032825398693035593 -0.038310854070617607 0.037431932735356908 -0.026288921458688465 0.0041113410408050886 -0.0059124648509466231 -0.010506298786558555
leaf_weight=5.5214322954416266 8.4157870858907682 6.4984451383352262 7.5584974437952033 16.389990381896499 11.902251467108725 7.2197699397802344 6.9649841040372849
leaf_count=18 27 25 24 67 40 25 24
internal_value=-0.000367749 -0.00288814 0.00261338 -0.00337773 -0.0134998 0.0149381 -0.0239268
internal_weight=70.4712 64.9497 51.4863 43.9278 28.2922 15.6356 13.4634
internal_count=250 232 183 159 107 52 49
is_linear=0
shrinkage=0.05


Tree=82
num_leaves=10
num_cat=0
split_feature=16 19 2 16 12 3 24 7 24
split_gain=3.19502 2.82447 3.45135 1.95784 1.88853 1.5015 1.78697 0.0102807 0.00287082
threshold=0.0036961037130545417 -0.0083345785689715162 -0.0046348463764896977 0.0059697849598841632 0.0095367222235265055 0.015368633968586455 1.0000000180025095e-35 183.85629959106447 -0.0031624900907590288
decision_type=2 2 2 2 2 2 2 2 2
left_child=5 3 -3 4 -2 6 -1 8 -4
right_child=1 2 7 -5 -6 -7 -8 -9 -10
leaf_value=-0.010713187954936251 0.032143816262010023 0.015779854507844984 -0.038761126329249135 -0.022700917002309293 -0.0043572624906590036 0.033273360981841457 0.021073226769189417 -0.040937501764117923 -0.036913264491219282
leaf_weight=8.4625192582607323 6.6432656347751635 3.8733760118484524 3.2754388973116875 5.3930473402142516 7.5950031355023384 6.980159565806388 9.2594950050115568 3.026332087814807 5.8663850724697095
leaf_count=25 22 15 20 27 33 20 27 15 46
internal_value=-0.000191084 -0.00976252 -0.0253265 0.00295545 0.0126733 0.0136312 0.00589475 -0.0384115 -0.0375753
internal_weight=60.375 35.6728 16.0415 19.6313 14.2383 24.7022 17.722 12.1682 9.14182
internal_count=250 178 96 82 55 72 52 81 66
is_linear=0
shrinkage=0.05


Tree=83
num_leaves=10
num_cat=0
split_feature=23 11 21 28 31 31 26 26 32
split_gain=1.71086 2.53372 1.85409 1.83816 2.11422 4.20475 3.46771 1.63179 1.58469
threshold=-0.0071184784285477911 183.64970932006838 0.0013112881169073944 -0.0088934477351565993 -0.017761918578757339 -0.1696193232013079 0.0048555516772453853 0.023864787640002553 -0.16710382979727817
decision_type=2 2 2 2 2 2 2 2 2
left_child=8 3 -3 7 5 -5 -6 -2 -1
right_child=1 2 -4 4 6 -7 -8 -9 -10
leaf_value=-0.034931234815967556 0.035927345825216242 0.0011165237119726377 -0.034851173340344363 -0.0081144542424533544 0.015562254487168857 0.043451594769843664 -0.028740168368604008 0.00486031263946875 -0.0012683795304411396
leaf_weight=5.939211204648017 9.7432948499918002 8.2611691206693632 6.3271992802619925 8.5770263671874982 7.8456127643585267 7.3331647217273668 10.107329830527304 7.4652046561241141 8.4989916533231717
leaf_count=23 29 25 22 26 23 21 31 22 28
internal_value=0.000467581 0.00389425 -0.0144832 0.00914368 0.00238161 0.0156528 -0.00937957 0.0224502 -0.0151157
internal_weight=80.0982 65.66 14.5884 51.0716 33.8631 15.9102 17.9529 17.2085 14.4382
internal_count=250 199 47 152 101 47 54 51 51
is_linear=0
shrinkage=0.05


Tree=84
num_leaves=10
num_cat=0
split_feature=29 2 24 24 27 14 16 21 16
split_gain=1.95318 2.89756 2.70058 3.72924 4.91876 4.24974 2.14943 2.20505 0.133291
threshold=-0.011664486998412603 0.0038578511509625994 0.01560440255260165 -0.00093329779586320816 -1.0000000180025095e-35 0.80253557454074664 0.0067136531096577334 0.00055916833303382163 0.0042370824633223411
decision_type=2 2 2 2 2 2 2 2 2
left_child=-1 6 3 4 -3 -5 7 8 -2
right_child=1 2 -4 5 -6 -7 -8 -9 -10
leaf_value=0.028182761639868562 -0.032651167093109418 0.023022336324496847 -0.020412566677943774 0.063509203987013735 -0.033337779634208919 0.0083634455262220891 0.010027838468576668 -0.0055124023588041526 -0.043640662579250998
leaf_weight=5.5142993777990332 5.2883564233779961 8.0505295842885953 7.6209230422973624 5.9748778492212304 7.457198068499566 8.412777900695799 6.3696708232164374 9.4706352800130826 5.7694452106952667
leaf_count=18 28 25 26 18 27 29 21 34 24
internal_value=-0.000377308 -0.00282224 0.00615712 0.0129303 -0.00407954 0.0312643 -0.0153463 -0.0232195 -0.038385
internal_weight=69.9287 64.4144 37.5163 29.8954 15.5077 14.3877 26.8981 20.5284 11.0578
internal_count=250 232 125 99 52 47 107 86 52
is_linear=0
shrinkage=0.05


Tree=85
num_leaves=9
num_cat=0
split_feature=16 34 34 13 20 27 8 19
split_gain=3.03801 2.15215 4.43031 1.77195 2.14714 2.22886 1.68303 0.22569
threshold=0.0029614993533720563 0.44940629041341845 0.2529909257254303 57.122273123638756 0.05962952566492364 0.004165866948583786 -0.0021555766361635734 0.0035640261177041226
decision_type=2 2 2 2 2 2 2 2
left_child=-1 2 6 7 5 -5 -2 -3
right_child=1 3 -4 4 -6 -7 -8 -9
leaf_value=0.022596767171163962 0.0069992948879166921 -0.040805748900422073 0.047582998108615153 0.0017418973653478666 0.022099841777204823 -0.0332534854344433 -0.031589356925323241 -0.023405000135719445
leaf_weight=11.743771046400068 7.1797703877091417 4.8246985450387028 5.092780888080596 9.7216530144214683 5.0840249583125106 8.5527155697345716 4.6592634543776521 3.0360744819045067
leaf_count=33 27 26 16 40 26 38 22 22
internal_value=-0.000205041 -0.00576628 0.00858738 -0.013551 -0.00664075 -0.0146365 -0.00818731 -0.034085
internal_weight=59.8948 48.151 16.9318 31.2192 23.3584 18.2744 11.839 7.86077
internal_count=250 217 65 152 104 78 49 48
is_linear=0
shrinkage=0.05


Tree=86
num_leaves=6
num_cat=0
split_feature=25 17 23 19 29
split_gain=1.64841 2.268 2.65097 2.88093 3.15818
threshold=-0.012490013162696876 -9.9420338022226156e-05 -0.0086735165594201673 0.040467463007027978 0.0033149998586834433
decision_type=2 2 2 2 2
left_child=-1 -2 -3 4 -4
right_child=1 2 3 -5 -6
leaf_value=-0.020324430581738231 0.028003236802880666 -0.025054138540012656 -0.015119097036943242 0.025897064538922061 0.012308506572815734
leaf_weight=8.4991316348314268 8.0289049744606 9.1763172894716245 22.100266814231873 11.761684358119963 19.987632021307945
leaf_count=30 23 34 68 35 60
internal_value=0.000486029 0.00297525 -0.000213084 0.00401999 -0.00209367
internal_weight=79.5539 71.0548 63.0259 53.8496 42.0879
internal_count=250 220 197 163 128
is_linear=0
shrinkage=0.05


Tree=87
num_leaves=8
num_cat=0
split_feature=22 24 24 27 2 30 26
split_gain=1.88896 2.54794 3.58577 2.84859 2.65262 2.638 1.22054
threshold=0.011697482543695072 0.015935697666018548 0.011384922219943474 -1.0000000180025095e-35 0.0014358676193555466 0.0020930687228998273 0.0021583050964145705
decision_type=2 2 2 2 2 2 2
left_child=1 2 3 5 -5 -1 -3
right_child=-2 6 -4 4 -6 -7 -8
leaf_value=0.030911111066391134 0.027408521881942469 -0.034833270041723152 0.035427509231025736 -0.042161494775060884 -0.0040814166055843015 -0.0042595564342665293 -0.0038450634477542297
leaf_weight=8.6708751469850522 5.623711794614791 7.8989370018243772 7.0288174599409095 6.7411892488598886 14.219958186149595 13.843920290470122 5.3162308484315872
leaf_count=28 18 31 22 31 52 49 19
internal_value=-0.000369676 -0.00282129 0.00229314 -0.00306373 -0.0163281 0.00928534 -0.0223673
internal_weight=69.3436 63.7199 50.5048 43.4759 20.9611 22.5148 13.2152
internal_count=250 232 182 160 83 77 50
is_linear=0
shrinkage=0.05


Tree=88
num_leaves=10
num_cat=0
split_feature=16 19 2 16 12 3 24 7 24
split_gain=2.84369 2.70906 3.23735 1.80424 1.66295 1.46375 1.74306 0.00999081 0.00269869
threshold=0.0036961037130545417 -0.0083345785689715162 -0.0046348463764896977 0.0059697849598841632 0.0095367222235265055 0.015368633968586455 1.0000000180025095e-35 183.85629959106447 -0.0031624900907590288
decision_type=2 2 2 2 2 2 2 2 2
left_child=5 3 -3 4 -2 6 -1 8 -4
right_child=1 2 7 -5 -6 -7 -8 -9 -10
leaf_value=-0.011287681497769295 0.030531452521611831 0.014455067259415352 -0.038493396260152926 -0.021936573778287876 -0.003796977253550974 0.032338244016224024 0.020211329401588329 -0.040703293990507157 -0.036659679785090354
leaf_weight=8.3879851996898704 6.6741225868463534 3.9046399742364875 3.1498553380370105 5.2483185902237883 7.4835693761706352 6.9258491098880759 9.2191135734319669 2.9273691475391379 5.527391195297243
leaf_count=25 22 15 20 27 33 20 27 15 46
internal_value=-0.000180792 -0.00934741 -0.0249266 0.00310345 0.0123859 0.0128651 0.00520527 -0.0381774 -0.0373253
internal_weight=59.4482 34.9153 15.5093 19.406 14.1577 24.5329 17.6071 11.6046 8.67725
internal_count=250 178 96 82 55 72 52 81 66
is_linear=0
shrinkage=0.05


Tree=89
num_leaves=9
num_cat=0
split_feature=28 9 13 24 0 28 24 23
split_gain=1.61107 2.80001 2.71702 2.58508 2.98275 2.39732 2.03353 0.978903
threshold=-0.010406029466580867 184.02539978027346 47.669056932654044 0.01560440255260165 0.0010608805484804142 -0.024131775791238704 -0.011082942364893987 -0.0027669954116248392
decision_type=2 2 2 2 2 2 2 2
left_child=5 2 -2 4 -4 6 -1 -8
right_child=1 -3 3 -5 -6 -7 7 -9
leaf_value=-0.018981369067248323 0.026914729559401732 -0.031100394437204023 -0.035304826551568261 0.014909738796470904 0.0026516610286535149 0.028612568299588737 -0.0020639684529007211 0.025589973536850955
leaf_weight=8.7922559082508069 7.6963710188865653 8.6737507283687574 10.353515341877943 9.7366283237934095 10.350063055753706 10.551476508378981 6.185932591557501 6.6299066990613973
leaf_count=29 23 31 33 28 33 33 20 20
internal_value=0.000460712 -0.00545873 0.000373188 -0.00633746 -0.0163297 0.00907684 -0.000462673 0.012242
internal_weight=78.9699 46.8103 38.1366 30.4402 20.7036 32.1596 21.6081 12.8158
internal_count=250 148 117 94 66 102 69 40
is_linear=0
shrinkage=0.05


Tree=90
num_leaves=6
num_cat=0
split_feature=23 21 0 31 28
split_gain=1.77984 2.08522 2.16802 2.47681 2.61504
threshold=-0.0093579012357998242 0.0050382526484205057 -0.0030049073528364829 -0.18825226506411843 -0.0010213444080534593
decision_type=2 2 2 2 2
left_child=-1 2 -2 -4 -5
right_child=1 -3 3 4 -6
leaf_value=0.017814658209608578 0.019491643649262997 0.021883026569966896 0.0086582808187533576 -0.033347271814208053 -0.0050378109421474436
leaf_weight=11.253040477633474 6.5123758018016806 6.8879792094230643 11.400049358606337 15.453336603939524 17.278194963932044
leaf_count=36 23 22 38 66 65
internal_value=-0.00037116 -0.00392824 -0.00743878 -0.0114128 -0.0184034
internal_weight=68.785 57.5319 50.644 44.1316 32.7315
internal_count=250 214 192 169 131
is_linear=0
shrinkage=0.05


Tree=91
num_leaves=8
num_cat=0
split_feature=16 22 27 26 27 32 26
split_gain=2.68402 2.0564 3.096 2.77929 2.62994 2.32353 0.218741
threshold=0.0029614993533720563 0.0051204262257879005 0.012253084301473429 0.033085713841337967 0.004165866948583786 0.096339109280998494 0.0097178857718102103
decision_type=2 2 2 2 2 2 2
left_child=-1 2 3 4 -2 6 -3
right_child=1 5 -4 -5 -6 -7 -8
leaf_value=0.021297776460058572 0.0095108451375742146 -0.041557047577250601 0.027183897099907373 -0.041297087765877767 -0.033256365442775083 0.010853916715439487 -0.024849894660493116
leaf_weight=11.656090766191481 16.585453562438495 6.1926385685801488 8.4318844154477102 4.9725319370627394 4.5894136801362029 3.67755352705717 2.8657780289649963
leaf_count=33 65 35 33 27 22 18 17
internal_value=-0.000193696 -0.00548811 0.000837925 -0.00765799 0.000241535 -0.0226639 -0.0362715
internal_weight=58.9713 47.3153 34.5793 26.1474 21.1749 12.736 9.05842
internal_count=250 217 147 114 87 70 52
is_linear=0
shrinkage=0.05


Tree=92
num_leaves=9
num_cat=0
split_feature=25 25 13 5 1 31 31 13
split_gain=1.54391 2.16707 2.39581 2.69632 1.76096 1.51593 2.43488 1.3946
threshold=-0.012490013162696876 -0.0007289725619990527 57.122273123638756 0.0035702311169107451 0.0037154913085470924 -0.1696193232013079 0.025261276059599717 43.469280148004295
decision_type=2 2 2 2 2 2 2 2
left_child=-1 4 3 -3 -2 -4 -7 -5
right_child=1 2 5 7 -6 6 -8 -9
leaf_value=-0.019853930492550517 0.029282485717025561 0.03748021503799389 -0.035061963580639226 0.01451984444540527 0.0015726895483091797 0.013354831181759987 -0.021151505081986269 -0.017099528107284635
leaf_weight=8.3484697639942151 11.526107415556909 6.126829236745837 6.0325353592634228 6.5602064877748472 11.408693149685858 8.8315545022487658 12.139693915843962 7.4446106404066086
leaf_count=30 35 19 20 20 34 28 40 24
internal_value=0.000471224 0.00289285 -0.00324072 0.00981483 0.0154985 -0.0129738 -0.00661996 -0.00228822
internal_weight=78.4187 70.0702 47.1354 20.1316 22.9348 27.0038 20.9712 14.0048
internal_count=250 220 151 63 69 88 68 44
is_linear=0
shrinkage=0.05


Tree=93
num_leaves=10
num_cat=0
split_feature=19 16 8 30 31 20 14 23 6
split_gain=1.71709 2.54802 3.15087 2.63454 2.58226 1.6623 1.60134 1.54109 1.00165
threshold=-0.054426371374941822 0.0045543315282093174 0.0062510796888066737 0.0068599290075537231 -0.18825226506411843 0.010893975772034438 0.79575363766126694 -0.0027669954116248392 0.94955238809540321
decision_type=2 2 2 2 2 2 2 2 2
left_child=7 3 4 6 -3 -6 -2 -1 -5
right_child=1 2 -4 8 5 -7 -8 -9 -10
leaf_value=0.0030655114552508959 0.020199266448334932 0.031437927817120612 0.042088243238490128 -0.041931459614514388 0.0094777981710488218 -0.022003279124563922 -0.01467387204686149 -0.033188395792833746 -0.012950234763865276
leaf_weight=5.1452862322330475 8.533875949680807 6.303210183978087 7.1758292019367209 5.1198723539710027 8.4746168106794375 8.3002222478389722 5.359053060412406 6.8122144043445569 7.1380280703306198
leaf_count=18 32 19 21 24 27 31 19 27 32
internal_value=-0.000377839 0.00327071 0.0131509 -0.0081597 0.00415323 -0.0060991 0.00674732 -0.0175884 -0.0250551
internal_weight=68.3622 56.4047 30.2539 26.1508 23.078 16.7748 13.8929 11.9575 12.2579
internal_count=250 205 98 107 77 58 51 45 56
is_linear=0
shrinkage=0.05


Tree=94
num_leaves=10
num_cat=0
split_feature=16 22 19 16 32 27 21 7 19
split_gain=2.58455 3.76469 2.22152 2.26018 2.83304 1.38812 0.909095 0.00771558 0.00124557
threshold=0.0047460775807552221 -0.0072886065952298398 0.035083059197488227 0.0029614993533720563 -0.2634482508787514 0.0080970102247741611 -0.0012136963179997793 182.85224838256838 -0.0036221400615467632
decision_type=2 2 2 2 2 2 2 2 2
left_child=2 -2 3 -1 -5 7 -6 8 -3
right_child=1 5 -4 4 6 -7 -8 -9 -10
leaf_value=0.034300831194374687 0.020397537416160842 -0.038411134799835905 -0.01461906403664366 0.025542997623879949 -0.028208045330323603 -0.0080145375226965722 0.0010985731163519099 -0.040686492619091318 -0.036891398571110005
leaf_weight=9.5160047411918658 5.7279965132474926 3.2627758234739304 8.588633865118025 8.7901936620473879 5.0463380366563797 5.8672706559300414 5.5635567680001241 3.8884961307048798 2.2977346554398519
leaf_count=27 21 21 34 31 19 37 21 20 19
internal_value=-0.000159655 -0.0141839 0.00770947 0.0143415 0.00455114 -0.0271167 -0.0128404 -0.0389779 -0.0377831
internal_weight=58.549 21.0443 37.5047 28.9161 19.4001 15.3163 10.6099 9.44901 5.56051
internal_count=250 118 132 98 71 97 40 60 40
is_linear=0
shrinkage=0.05


Tree=95
num_leaves=9
num_cat=0
split_feature=28 9 13 24 0 28 24 6
split_gain=1.46324 2.62646 2.44633 2.34104 2.78258 2.16265 1.88393 0.928064
threshold=-0.010406029466580867 184.02539978027346 47.669056932654044 0.01560440255260165 0.0010608805484804142 -0.024131775791238704 -0.011082942364893987 1.0123015831359297
decision_type=2 2 2 2 2 2 2 2
left_child=5 2 -2 4 -4 6 -1 -8
right_child=1 -3 3 -5 -6 -7 7 -9
leaf_value=-0.01840514777268985 0.025822253697414491 -0.030370587019245682 -0.034192666797342418 0.014277299438498188 0.0027827735351173598 0.027333177946850241 -0.0018035736712417615 0.025223376816733863
leaf_weight=8.6592074483633059 7.5733785033226004 8.4845008850097638 10.119768053293233 9.6705118715763074 10.233496010303496 10.454032331705092 6.2935360819101351 6.4128455966711044
leaf_count=29 23 31 33 28 33 33 20 20
internal_value=0.000451566 -0.00524272 0.000427855 -0.00597778 -0.0156016 0.00869811 -0.000419891 0.0118368
internal_weight=77.9013 46.0817 37.5972 30.0238 20.3533 31.8196 21.3656 12.7064
internal_count=250 148 117 94 66 102 69 40
is_linear=0
shrinkage=0.05


Tree=96
num_leaves=6
num_cat=0
split_feature=23 1 34 21 33
split_gain=1.62164 1.91425 2.3812 3.12441 2.32831
threshold=-0.0093579012357998242 0.011201742818242046 1.9238454461838408 0.0050382526484205057 0.29500000000000004
decision_type=2 2 2 2 2
left_child=-1 2 3 4 -2
right_child=1 -3 -4 -5 -6
leaf_value=0.017109475867396091 -0.023837596830230141 0.025613953109482408 -0.037809185345451399 0.032567001962285326 0.0011558800611869524
leaf_weight=11.109299942851065 14.448346152901648 5.0451142564415923 5.4820395559072486 5.4585374742746344 26.242619641125202
leaf_count=36 61 17 21 17 98
internal_value=-0.000358248 -0.00378213 -0.00665453 -0.00295371 -0.00771868
internal_weight=67.786 56.6767 51.6315 46.1495 40.691
internal_count=250 214 197 176 159
is_linear=0
shrinkage=0.05


Tree=97
num_leaves=10
num_cat=0
split_feature=16 22 19 16 32 27 21 7 23
split_gain=2.38795 3.52544 2.02792 2.10336 2.62635 1.36552 0.85095 0.00692792 0.00110681
threshold=0.0047460775807552221 -0.0072886065952298398 0.035083059197488227 0.0029614993533720563 -0.2634482508787514 0.0080970102247741611 -0.0012136963179997793 182.85224838256838 -1.0000000180025095e-35
decision_type=2 2 2 2 2 2 2 2 2
left_child=2 -2 3 -1 -5 7 -6 8 -3
right_child=1 5 -4 4 6 -7 -8 -9 -10
leaf_value=0.033050373540533862 0.019351650876718852 -0.038295795374538186 -0.01407189386920253 0.024360898724776359 -0.027610421236206686 -0.0077116913456464157 0.00084310646141973135 -0.040373270918167212 -0.036856357659919819
leaf_weight=9.434443265199663 5.7743102759122875 2.664928212761879 8.5250687152147275 8.8423980921506899 4.977258525788784 5.8080683052539817 5.566365107893942 3.772560179233551 2.6768735945224744
leaf_count=27 21 18 34 31 19 37 21 20 22
internal_value=-0.000198957 -0.0138222 0.00735096 0.0136878 0.0042648 -0.0266589 -0.0125888 -0.0387329 -0.0375745
internal_weight=58.0423 20.6967 37.3455 28.8205 19.386 14.9224 10.5436 9.11436 5.3418
internal_count=250 118 132 98 71 97 40 60 40
is_linear=0
shrinkage=0.05


Tree=98
num_leaves=6
num_cat=0
split_feature=25 17 23 19 29
split_gain=1.48869 2.14699 2.2546 2.24006 2.70101
threshold=-0.013357536330666551 -9.9420338022226156e-05 -0.0086735165594201673 0.040467463007027978 0.0033149998586834433
decision_type=2 2 2 2 2
left_child=-1 -2 -3 4 -4
right_child=1 2 3 -5 -6
leaf_value=-0.021197442279085731 0.027286884462600216 -0.023882504715493785 -0.013916426872112933 0.022716752313255012 0.011587731948942678
leaf_weight=7.1940973550081244 7.8729362785816184 8.7964762598276121 22.216056287288666 11.750832512974737 19.486981198191643
leaf_count=27 23 34 70 36 60
internal_value=0.000463442 0.00268568 -0.00042569 0.00343441 -0.00199885
internal_weight=77.3174 70.1233 62.2503 53.4539 41.703
internal_count=250 223 200 166 130
is_linear=0
shrinkage=0.05


Tree=99
num_leaves=10
num_cat=0
split_feature=29 2 24 24 27 14 16 21 19
split_gain=1.71115 2.54925 2.29098 3.3641 4.2333 3.85828 1.88989 2.11755 0.135071
threshold=-0.011664486998412603 0.0038578511509625994 0.01560440255260165 -0.00093329779586320816 -1.0000000180025095e-35 0.80253557454074664 0.0067136531096577334 0.00055916833303382163 -0.0066068965211321098
decision_type=2 2 2 2 2 2 2 2 2
left_child=-1 6 3 4 -3 -5 7 8 -2
right_child=1 2 -4 5 -6 -7 -8 -9 -10
leaf_value=0.026842813808327839 -0.042345263735394691 0.021002923740853097 -0.019085260688595673 0.060891754666042311 -0.032253584214032863 0.0075815524118981225 0.0093414627641028227 -0.0048969987985533767 -0.030587028893732326
leaf_weight=5.3249369114637366 6.4038396552205112 7.8582561016082746 7.3458010256290427 5.8273478597402582 7.1052867993712443 8.1279839873313886 6.1958313733339301 9.2031254023313505 3.9482455402612713
leaf_count=18 31 25 26 18 27 29 21 34 21
internal_value=-0.000357163 -0.00269267 0.00584974 0.0121836 -0.00428539 0.0298424 -0.0147228 -0.0223472 -0.0378607
internal_weight=67.3407 62.0157 36.2647 28.9189 14.9635 13.9553 25.751 19.5552 10.3521
internal_count=250 232 125 99 52 47 107 86 52
is_linear=0
shrinkage=0.05


Tree=100
num_leaves=10
num_cat=0
split_feature=16 22 19 16 32 27 21 7 23
split_gain=2.22088 3.35794 1.85868 1.96212 2.44219 1.35165 0.794863 0.00600618 0.00103606
threshold=0.0047460775807552221 -0.0072886065952298398 0.035083059197488227 0.0029614993533720563 -0.2634482508787514 0.0080970102247741611 -0.0012136963179997793 182.85224838256838 -1.0000000180025095e-35
decision_type=2 2 2 2 2 2 2 2 2
left_child=2 -2 3 -1 -5 7 -6 8 -3
right_child=1 5 -4 4 6 -7 -8 -9 -10
leaf_value=0.031948045604690882 0.018699028131128805 -0.038138493087253512 -0.013529813211060735 0.023329745777728856 -0.026954715976039781 -0.0073813149190890773 0.0006392762096221426 -0.040076970163391373 -0.036723793660431221
leaf_weight=9.3582475185394305 5.8104998022317913 2.5862670317292213 8.4491627365350706 8.8997562453150767 4.909756600856781 5.7504847273230544 5.5710809007287008 3.6597209051251411 2.5904856994748098
leaf_count=27 21 18 34 31 19 37 21 20 22
internal_value=-0.000186214 -0.0134446 0.00708593 0.0131469 0.00406847 -0.0262485 -0.0122872 -0.0385266 -0.0374306
internal_weight=57.5855 20.3975 37.188 28.7388 19.3806 14.587 10.4808 8.83647 5.17675
internal_count=250 118 132 98 71 97 40 60 40
is_linear=0
shrinkage=0.05


Tree=101
num_leaves=9
num_cat=0
split_feature=28 9 13 24 0 28 24 23
split_gain=1.42086 2.44643 2.22414 2.17364 2.55327 1.97461 1.75992 0.856541
threshold=-0.010406029466580867 184.02539978027346 47.669056932654044 0.01560440255260165 0.0010608805484804142 -0.024131775791238704 -0.011082942364893987 -0.0027669954116248392
decision_type=2 2 2 2 2 2 2 2
left_child=5 2 -2 4 -4 6 -1 -8
right_child=1 -3 3 -5 -6 -7 7 -9
leaf_value=-0.017698416366622914 0.024670271049426554 -0.029756071668316647 -0.033271956946306018 0.01370995669085793 0.0024248859756170688 0.026525499694217271 -0.0017594701349398932 0.024343267543884363
leaf_weight=8.5181366354227084 7.4669186770915976 8.2937615513801557 9.9126050323247963 9.5922577381134015 10.12686565518379 10.337667509913443 6.0808148533105868 6.5046434998512268
leaf_count=29 23 31 33 28 33 33 20 20
internal_value=0.000452599 -0.00520626 0.000282088 -0.00586351 -0.0152327 0.00862241 -0.000147476 0.0117314
internal_weight=76.8337 45.3924 37.0986 29.6317 20.0395 31.4413 21.1036 12.5855
internal_count=250 148 117 94 66 102 69 40
is_linear=0
shrinkage=0.05


Tree=102
num_leaves=10
num_cat=0
split_feature=29 2 24 24 27 14 15 8 16
split_gain=1.591 2.41018 2.09603 3.13886 3.93634 3.66143 1.86139 1.44665 1.90007
threshold=-0.011664486998412603 0.0038578511509625994 0.01560440255260165 -0.00093329779586320816 -1.0000000180025095e-35 0.80253557454074664 0.0056485328907652102 9.6955652409157713e-05 0.0059697849598841632
decision_type=2 2 2 2 2 2 2 2 2
left_child=-1 6 3 4 -3 -5 -2 8 -8
right_child=1 2 -4 5 -6 -7 7 -9 -10
leaf_value=0.025894772283947154 -0.036719807994061118 0.020123660884881586 -0.018302922170542659 0.059324568827492555 -0.031477391025401195 0.0072149141735757226 -0.035572623549601369 0.011684921794320473 0.0051113655121757485
leaf_weight=5.3181652575731269 6.8285066708922413 7.8380547165870649 7.2500662654638282 5.7689798474311837 6.9934822022914904 8.1096173077821714 6.3092027604579943 7.033875733613967 5.2645668089389801
leaf_count=18 34 25 26 18 27 29 28 27 18
internal_value=-0.000340487 -0.00261299 0.00571879 0.0117849 -0.00420767 0.0288756 -0.014392 -0.00619828 -0.0170667
internal_weight=66.7145 61.3964 35.9602 28.7101 14.8315 13.8786 25.4362 18.6076 11.5738
internal_count=250 232 125 99 52 47 107 73 46
is_linear=0
shrinkage=0.05


Tree=103
num_leaves=11
num_cat=0
split_feature=16 19 21 30 7 22 25 6 27 7
split_gain=2.10891 2.43168 3.42672 2.46257 2.39745 2.209 1.91722 1.55457 0.239182 0.00241162
threshold=0.0057031696737131028 -0.010052360297814309 -0.00040527243065019419 0.0094787736272025098 184.62955017089845 -0.0080930277520570009 0.0042163440294625829 0.93949679644634798 0.014040718587677971 181.88864822387697
decision_type=2 2 2 2 2 2 2 2 2 2
left_child=1 4 -3 7 6 -2 -1 -4 9 -7
right_child=5 2 3 -5 -6 8 -8 -9 -10 -11
leaf_value=-0.010924405962418485 0.011796637356954021 -0.037733130528345024 -0.03008729369622299 0.030470100427499175 0.039502342959352232 -0.03737163893167416 0.024704944716752251 0.010937876463141823 -0.019610671783544302 -0.039394904143233635
leaf_weight=8.4607068374753016 4.1069921255111685 6.412399262189866 4.8274982497096044 6.0936628282070169 7.4936842024326316 3.4811149239540082 6.8185101300477973 4.4264418333768845 2.4160435795783997 2.5528819039463997
leaf_count=32 15 35 22 20 22 27 24 19 19 15
internal_value=-0.000186935 0.00491603 -0.00703657 0.00578879 0.016337 -0.0182843 0.00497556 -0.0104637 -0.0329047 -0.0382276
internal_weight=57.0899 44.5329 21.76 15.3476 22.7729 12.557 15.2792 9.25394 8.45004 6.034
internal_count=250 174 96 61 78 76 56 41 61 42
is_linear=0
shrinkage=0.05


Tree=104
num_leaves=8
num_cat=0
split_feature=25 25 13 4 1 8 34
split_gain=1.42382 1.98926 2.07237 2.55462 1.65021 1.37112 2.00807
threshold=-0.012490013162696876 -0.0007289725619990527 57.122273123638756 0.005251074970357034 0.0037154913085470924 0.0013854049328745641 1.7032591425851378
decision_type=2 2 2 2 2 2 2
left_child=-1 4 3 -3 -2 -4 -7
right_child=1 2 5 -5 -6 6 -8
leaf_value=-0.019347225183433375 0.02847854760253889 0.024019692379477712 -0.030339035150425315 -0.012843476967655882 0.0013715888569643395 0.012234140646294011 -0.02074698830310924
leaf_weight=8.1233046501874906 11.275100082159044 11.63005803525448 7.5749354660511043 7.8870573341846457 11.183639392256735 8.7883827686309832 9.7191040366888029
leaf_count=30 35 37 26 26 34 28 34
internal_value=0.000438263 0.00279982 -0.00319931 0.00912292 0.0149803 -0.0124199 -0.00508572
internal_weight=76.1816 68.0583 45.5995 19.5171 22.4587 26.0824 18.5075
internal_count=250 220 151 63 69 88 62
is_linear=0
shrinkage=0.05


Tree=105
num_leaves=10
num_cat=0
split_feature=19 16 8 30 31 23 20 19 6
split_gain=1.47154 2.09552 2.85227 2.35022 2.26254 1.61625 1.53659 1.47633 0.943789
threshold=-0.054426371374941822 0.0045543315282093174 0.0062510796888066737 0.0068599290075537231 -0.18825226506411843 -0.002937974055206793 0.010893975772034438 0.040467463007027978 0.94955238809540321
decision_type=2 2 2 2 2 2 2 2 2
left_child=5 3 4 7 -3 -1 -6 -2 -5
right_child=1 2 -4 8 6 -7 -8 -9 -10
leaf_value=0.0054438647073790022 0.020248346561674836 0.02929730539984713 0.040081385550579704 -0.041206111273397794 0.008709807865181815 -0.032625331133847003 -0.022022226778574204 -0.01317514112911309 -0.012180052073567437
leaf_weight=4.8028804212808609 8.0552319586277026 6.1469691991806092 6.9656749367713919 4.7474506944417936 8.3239057958126086 6.6461059600114805 7.954012304544448 5.6011608093976966 6.8288742527365685
leaf_count=17 30 19 21 24 27 28 31 21 32
internal_value=-0.00035655 0.00305963 0.0121338 -0.00750973 0.0034526 -0.0166552 -0.00630704 0.00653972 -0.0240836
internal_weight=66.0723 54.6233 29.3906 25.2327 22.4249 11.449 16.2779 13.6564 11.5763
internal_count=250 205 98 107 77 45 58 51 56
is_linear=0
shrinkage=0.05


Tree=106
num_leaves=6
num_cat=0
split_feature=21 16 25 1 24
split_gain=2.03452 2.94876 1.90164 2.50035 2.03967
threshold=0.0041028034896761776 0.0029614993533720563 -0.013357536330666551 -0.0045093929214865538 -0.012052754655787255
decision_type=2 2 2 2 2
left_child=1 -1 -3 -4 -5
right_child=-2 2 3 4 -6
leaf_value=0.028053142584534604 -0.030013352942161578 0.025162408880554418 0.022647606960853727 0.0098517799559241989 -0.020050935407817549
leaf_weight=9.4668624997138959 5.1852705702185622 5.296841472387313 5.9935442432761148 7.5739155635237685 23.081675119698055
leaf_count=28 28 18 25 34 117
internal_value=-0.000162974 0.0028476 -0.00284108 -0.00688838 -0.012663
internal_weight=56.5981 51.4128 41.946 36.6491 30.6556
internal_count=250 222 194 176 151
is_linear=0
shrinkage=0.05


Tree=107
num_leaves=7
num_cat=0
split_feature=25 17 23 7 12 32
split_gain=1.33869 1.94209 2.02442 2.11149 2.08633 0.532883
threshold=-0.012490013162696876 -9.9420338022226156e-05 -0.0073735535121085541 172.0082847595215 -0.00033154011087706861 -0.16710382979727817
decision_type=2 2 2 2 2 2
left_child=-1 -2 5 -4 -5 -3
right_child=1 2 3 4 -6 -7
leaf_value=-0.018869612144578152 0.026263526473048655 -0.031669163771019603 0.030093681293538711 0.027273462468144518 -0.0046335244312203294 -0.0095714562416710624
leaf_weight=8.0279384106397611 7.7581456005573264 5.0445712357759476 6.7070539742708197 5.969290703535072 36.151149615645416 5.9414868801832181
leaf_count=30 23 22 21 18 115 21
internal_value=0.000433627 0.00272697 -0.000325848 0.0040374 -0.00011168 -0.0197183
internal_weight=75.5996 67.5717 59.8136 48.8275 42.1204 10.9861
internal_count=250 220 197 154 133 43
is_linear=0
shrinkage=0.05


Tree=108
num_leaves=10
num_cat=0
split_feature=19 16 8 30 31 23 0 14 6
split_gain=1.38694 1.95064 2.64841 2.20821 1.88666 1.52639 1.50935 1.45941 0.921919
threshold=-0.054426371374941822 0.0045543315282093174 0.0062510796888066737 0.0068599290075537231 -0.16084106019785224 -0.002937974055206793 -0.00054324566205599101 0.79575363766126694 0.94955238809540321
decision_type=2 2 2 2 2 2 2 2 2
left_child=5 3 4 7 -3 -1 -6 -2 -5
right_child=1 2 -4 8 6 -7 -8 -9 -10
leaf_value=0.0051028372858016192 0.019239018042646692 0.024857167473559608 0.038824791682524132 -0.040873412650914938 0.0091167676227499241 -0.032037350132872199 -0.022294446306499089 -0.014339440240433134 -0.011839814472081432
leaf_weight=4.8053347319364548 8.372452341020109 7.0045825093984666 6.8934370875358573 4.5923126935958845 7.7048186510801351 6.519924230873583 7.5935184955596871 5.2744577080011359 6.7575777247548103
leaf_count=17 32 22 21 24 26 28 29 19 32
internal_value=-0.000365197 0.00296039 0.0117378 -0.00729161 0.00336565 -0.0162787 -0.00647458 0.00626112 -0.0235872
internal_weight=65.5184 54.1932 29.1964 24.9968 22.3029 11.3253 15.2983 13.6469 11.3499
internal_count=250 205 98 107 77 45 55 51 56
is_linear=0
shrinkage=0.05


Tree=109
num_leaves=10
num_cat=0
split_feature=16 22 19 21 6 1 9 8 22
split_gain=1.95509 2.96414 1.67154 3.30528 2.19146 1.78674 1.38798 0.331265 0.00274783
threshold=0.0047460775807552221 -0.0072886065952298398 -0.010052360297814309 -0.00040527243065019419 0.98610080657598609 -0.00031044952765729711 183.98457489013674 0.0064850944343266487 0.00085918318370781243
decision_type=2 2 2 2 2 2 2 2 2
left_child=2 -2 4 -4 -1 -5 7 8 -3
right_child=1 6 3 5 -6 -7 -8 -9 -10
leaf_value=0.033650273548626979 0.016952039628486137 -0.038568397347553282 -0.037710870614666311 0.035256523049564198 -0.0011734543146543126 -0.0037525114998828305 0.0066900787587342529 -0.016389791956567576 -0.036804346207884468
leaf_weight=9.7080367654562014 5.857860833406451 4.4138682037591916 5.1970779523253468 4.4277345836162594 8.4501495659351331 8.7095259130001015 2.6980938464403144 2.3020793274044982 4.4162597805261612
leaf_count=30 21 30 25 16 29 32 12 17 38
internal_value=-0.000159325 -0.012858 0.00669178 -0.00395773 0.0174446 0.00939495 -0.0254842 -0.0332822 -0.0376861
internal_weight=56.1807 19.6882 36.4925 18.3343 18.1582 13.1373 13.8303 11.1322 8.83013
internal_count=250 118 132 73 59 48 97 85 68
is_linear=0
shrinkage=0.05


Tree=110
num_leaves=9
num_cat=0
split_feature=28 9 17 33 28 28 24 6
split_gain=1.38672 2.24212 1.97031 3.5335 2.73534 1.84659 1.6209 0.794234
threshold=-0.010406029466580867 184.02539978027346 0.00010488650687841084 0.47500000000000003 0.0099984555456110753 -0.024131775791238704 -0.011082942364893987 1.0123015831359297
decision_type=2 2 2 2 2 2 2 2
left_child=5 2 3 4 -2 6 -1 -8
right_child=1 -3 -4 -5 -6 -7 7 -9
leaf_value=-0.01712822670748845 -0.036901867294369305 -0.029153832949668779 -0.022876006303482202 0.027538674452125246 0.0055039495467579186 0.02609482469986478 -0.001291814157627957 0.024020322000330635
leaf_weight=8.2663626968860644 5.6256972849369111 8.018733084201811 7.4401671290397635 11.456269413232802 11.735730007290838 10.114468172192572 6.1533190906047839 6.2436069697141647
leaf_count=29 18 31 25 36 38 33 20 20
internal_value=0.000438058 -0.00522835 6.29738e-05 0.00598537 -0.00823699 0.0085897 2.11182e-05 0.0114564
internal_weight=75.0544 44.2766 36.2579 28.8177 17.3614 30.7778 20.6633 12.3969
internal_count=250 148 117 92 56 102 69 40
is_linear=0
shrinkage=0.05


Tree=111
num_leaves=6
num_cat=0
split_feature=23 1 34 21 33
split_gain=1.34255 1.58093 2.21688 2.66003 2.09235
threshold=-0.0093579012357998242 0.011201742818242046 1.9238454461838408 0.0050382526484205057 0.29500000000000004
decision_type=2 2 2 2 2
left_child=-1 2 3 4 -2
right_child=1 -3 -4 -5 -6
leaf_value=0.015899855041926578 -0.022828397621645409 0.023709262803252296 -0.036994266238195843 0.030532796151197361 0.0014490771945914736
leaf_weight=10.642362445592878 13.696868307888506 4.854091450572013 5.2246553674340239 5.3408810049295417 25.209973998367786
leaf_count=36 61 17 21 17 98
internal_value=-0.000339512 -0.00352075 -0.00619248 -0.00255548 -0.00709763
internal_weight=64.9688 54.3265 49.4724 44.2477 38.9068
internal_count=250 214 197 176 159
is_linear=0
shrinkage=0.05


Tree=112
num_leaves=6
num_cat=0
split_feature=21 16 25 1 26
split_gain=1.8885 2.62919 1.72614 2.34517 1.89738
threshold=0.0041028034896761776 0.0029614993533720563 -0.013357536330666551 -0.0045093929214865538 -0.0019613125363632795
decision_type=2 2 2 2 2
left_child=1 -1 -3 -4 -5
right_child=-2 2 3 4 -6
leaf_value=0.026762217983347877 -0.02933999906302634 0.024040335754736204 0.022043043454085528 -0.03248065714270941 -0.0044687912551121985
leaf_weight=9.2851856052875501 5.0519060194492331 5.272576466202735 5.9682820662856058 8.377365902066229 21.715017482638366
leaf_count=28 28 18 25 45 106
internal_value=-0.000189677 0.00271963 -0.00268134 -0.00658843 -0.012267
internal_weight=55.6703 50.6184 41.3332 36.0607 30.0924
internal_count=250 222 194 176 151
is_linear=0
shrinkage=0.05


Tree=113
num_leaves=6
num_cat=0
split_feature=0 8 25 17 16
split_gain=1.2967 2.16904 3.34976 2.17516 2.77971
threshold=-0.0032192089313086698 -0.0038848003330780828 -0.012490013162696876 -4.8715974615662877e-05 0.0031971725726508567
decision_type=2 2 2 2 2
left_child=-1 -2 -3 -4 -5
right_child=1 2 3 4 -6
leaf_value=-0.016207155634113658 0.030564955259843971 -0.037093682549506596 0.028170114285759013 -0.025646695494849065 0.0057856094864143582
leaf_weight=10.11264994740486 6.4463817179203025 5.5102101340889922 7.8432536721229544 8.7511048614978773 35.841777384281158
leaf_count=33 21 22 25 31 118
internal_value=0.000437781 0.00305181 -8.95704e-06 0.00388806 -0.000382805
internal_weight=74.5054 64.3927 57.9463 52.4361 44.5929
internal_count=250 217 196 174 149
is_linear=0
shrinkage=0.05


Tree=114
num_leaves=8
num_cat=0
split_feature=19 4 14 30 26 16 29
split_gain=1.29596 1.78685 1.73992 1.87909 2.76478 1.68236 1.49521
threshold=-0.054426371374941822 0.0022590931055132464 0.32917502104834462 0.0078152197171895716 0.0088536452964012042 0.0049267524184035535 0.0094423661162700307
decision_type=2 2 2 2 2 2 2
left_child=6 -2 -3 4 -4 -5 -1
right_child=1 2 3 5 -6 -7 -8
leaf_value=-0.031489568589268692 -0.022346908495469317 -0.018612819555792304 0.0015618503684102587 -0.018532666547069948 0.034083589430161966 0.015332878362547453 0.0056242809950177624
leaf_weight=6.4285757988691312 6.1810730993747702 6.1297249644994727 12.900738678872587 8.6401280984282476 13.244249843060969 6.3717308044433585 4.6961906850337982
leaf_count=28 27 25 48 41 45 19 17
internal_value=-0.000295805 0.00293474 0.00623943 0.00994082 0.0180364 -0.00415855 -0.0158224
internal_weight=64.5924 53.4676 47.2866 41.1568 26.145 15.0119 11.1248
internal_count=250 205 178 153 93 60 45
is_linear=0
shrinkage=0.05


Tree=115
num_leaves=11
num_cat=0
split_feature=16 19 21 30 22 7 25 19 27 7
split_gain=1.81807 2.1133 3.11847 2.01423 1.97819 1.95586 1.69941 1.40184 0.261025 0.00224988
threshold=0.0057031696737131028 -0.010052360297814309 -0.00040527243065019419 0.0094787736272025098 -0.0080930277520570009 184.62955017089845 0.0042163440294625829 0.042707148571172311 0.014040718587677971 181.88864822387697
decision_type=2 2 2 2 2 2 2 2 2 2
left_child=1 5 -3 7 -2 6 -1 -4 9 -6
right_child=4 2 3 -5 8 -7 -8 -9 -10 -11
leaf_value=-0.010411191651335097 0.010546860354725199 -0.037134442405289389 -0.028772969315645654 0.028041846705379597 -0.037097391980890342 0.03636666244550945 0.02340807094260814 0.0107624496662919 -0.017623097498910782 -0.039118249279173373
leaf_weight=8.2149848937988299 4.1199678480625153 6.0519479662179956 4.6029035896062833 5.9284299239516267 3.2304840832948667 7.3498125523328772 6.7805864959955207 4.3716498911380768 2.1922439709305763 2.400906927883625
leaf_count=32 15 35 21 20 27 22 24 20 19 15
internal_value=-0.000223437 0.00454038 -0.00686622 0.0054254 -0.0174942 0.0152372 0.00488095 -0.00951463 -0.0322607 -0.037959
internal_weight=55.2439 43.3003 20.9549 14.903 11.9436 22.3454 14.9956 8.97455 7.82363 5.63139
internal_count=250 174 96 61 76 78 56 41 61 42
is_linear=0
shrinkage=0.05


Tree=116
num_leaves=8
num_cat=0
split_feature=28 9 13 24 0 21 13
split_gain=1.31431 2.05072 1.85998 1.82978 2.28451 1.75197 2.37387
threshold=-0.010406029466580867 184.02539978027346 47.669056932654044 0.01560440255260165 0.0010608805484804142 0.00055916833303382163 57.390467394517586
decision_type=2 2 2 2 2 2 2
left_child=5 2 -2 4 -4 6 -1
right_child=1 -3 3 -5 -6 -7 -8
leaf_value=0.037004299453012701 0.022673659684102267 -0.028331059213124649 -0.032166005646468841 0.012328039119780101 0.002292867195149748 -0.0071748699781828814 0.0015938259648329801
leaf_weight=8.6554251462221199 7.1846942603588095 7.822111837565898 9.4381807446479851 9.3791848719120008 9.8082761466503126 11.331978738307951 10.443910971283911
leaf_count=30 23 31 33 28 33 36 36
internal_value=0.000424638 -0.00513787 -7.17455e-05 -0.00578057 -0.0146053 0.00840017 0.0176411
internal_weight=74.0638 43.6324 35.8103 28.6256 19.2465 30.4313 19.0993
internal_count=250 148 117 94 66 102 66
is_linear=0
shrinkage=0.05


Tree=117
num_leaves=10
num_cat=0
split_feature=23 30 14 2 8 29 6 8 16
split_gain=1.24532 1.43331 2.75842 3.93777 2.66988 1.67838 1.51439 1.4311 0.192587
threshold=-0.0093579012357998242 0.0090850312336174816 0.77383615920621784 0.0040442682558220486 0.0041908494196059186 0.0051853945891207074 0.93949679644634798 9.6955652409157713e-05 0.0042600997172331919
decision_type=2 2 2 2 2 2 2 2 2
left_child=-1 2 3 7 5 8 -4 -2 -3
right_child=1 4 6 -5 -6 -7 -8 -9 -10
leaf_value=0.01544324559605376 -0.012473740402368332 -0.031973108384565706 0.0027967786691757215 0.04717662543483353 0.014630075415639788 -0.003462442341235369 -0.03242411692510757 0.01870680476294586 -0.046804458244729855
leaf_weight=10.515064746141432 9.1829280927777308 4.458760544657709 5.7020299881696683 6.2260196059942237 5.7391933649778357 5.2323327213525763 6.5666666030883789 6.1408048570156089 4.2993112057447433
leaf_count=36 39 27 20 21 23 21 24 23 16
internal_value=-0.000288333 -0.0033775 0.00287065 0.0136453 -0.0140874 -0.025868 -0.0160548 2.14945e-05 -0.0392538
internal_weight=64.0631 53.548 33.8184 21.5498 19.7296 13.9904 12.2687 15.3237 8.75807
internal_count=250 214 127 83 87 64 44 62 43
is_linear=0
shrinkage=0.05


Tree=118
num_leaves=8
num_cat=0
split_feature=21 16 22 32 22 16 24
split_gain=1.73485 2.26043 1.60082 2.76265 2.64639 2.71219 2.38234
threshold=0.0041028034896761776 0.0029614993533720563 0.0051204262257879005 0.066789273385972639 -0.0014142978401038284 0.0036961037130545417 -0.01445114893823962
decision_type=2 2 2 2 2 2 2
left_child=1 -1 4 -4 6 -6 -3
right_child=-2 2 3 -5 5 -7 -8
leaf_value=0.025090975121888737 -0.028580092290710526 0.016610775779445933 -0.041272321426111855 0.015755810594181806 0.047513097337430671 -0.00069818041006346112 -0.020402385029846551
leaf_weight=9.0864284634590131 4.9200788363814345 6.4611976072192183 5.9164129756391031 3.3127833977341652 5.4466112554073352 6.2815313711762428 13.288829829543831
leaf_count=28 28 26 38 17 16 35 62
internal_value=-0.00025617 0.00254249 -0.00249063 -0.0208023 0.00287823 0.0216914 -0.00829357
internal_weight=54.7139 49.7938 40.7074 9.2292 31.4782 11.7281 19.75
internal_count=250 222 194 55 139 51 88
is_linear=0
shrinkage=0.05


Tree=119
num_leaves=9
num_cat=0
split_feature=28 9 17 33 28 27 33 8
split_gain=1.23175 1.92584 1.78872 3.22145 2.55771 1.66353 3.09857 2.31767
threshold=-0.010406029466580867 184.02539978027346 0.00010488650687841084 0.47500000000000003 0.0099984555456110753 -1.0000000180025095e-35 0.47500000000000003 0.0025267155718247396
decision_type=2 2 2 2 2 2 2 2
left_child=5 2 3 4 -2 6 -1 -7
right_child=1 -3 -4 -5 -6 7 -8 -9
leaf_value=0.013039662431354047 -0.036130566983726492 -0.027666779486837063 -0.022180757436482484 0.026387751774016661 0.005284879220432484 0.044677463680444791 -0.031326200321698368 0.0015155230482997632
leaf_weight=11.898506417870527 5.504561781883246 7.6855156496167174 7.274397484958171 11.248708724975584 11.550260439515112 5.969654902815817 5.880583018064498 6.4931763857603073
leaf_count=39 18 31 25 36 38 20 22 21
internal_value=0.000441976 -0.00496951 -6.64659e-05 0.00561721 -0.00808224 0.00818353 -0.00163472 0.0221899
internal_weight=73.5054 43.2634 35.5779 28.3035 17.0548 30.2419 17.7791 12.4628
internal_count=250 148 117 92 56 102 61 41
is_linear=0
shrinkage=0.05


Tree=120
num_leaves=8
num_cat=0
split_feature=29 24 24 30 2 27 0
split_gain=1.3449 2.18322 2.97001 2.2765 1.6434 1.61434 0.883635
threshold=-0.011664486998412603 0.015935697666018548 0.010945829652386998 0.0020930687228998273 0.0021375240689088808 -1.0000000180025095e-35 0.0010608805484804142
decision_type=2 2 2 2 2 2 2
left_child=-1 2 3 5 -5 -2 -3
right_child=1 6 -4 4 -6 -7 -8
leaf_value=0.024205071955919401 0.028093585102902191 -0.032383552614221586 0.032283392592305109 -0.030248746603290917 -0.0029659510739157209 -0.005665022226256599 -0.0048703467464346548
leaf_weight=5.1396296769380561 7.904966801404953 7.270071864128111 7.0799764990806571 8.2798405438661593 16.556710280478001 6.4152827858924848 4.8753200843930244
leaf_count=18 27 30 24 42 65 25 19
internal_value=-0.000315318 -0.00247395 0.00248159 -0.0029069 -0.0120613 0.0129702 -0.0213394
internal_weight=63.5218 58.3822 46.2368 39.1568 24.8366 14.3202 12.1454
internal_count=250 232 183 159 107 52 49
is_linear=0
shrinkage=0.05


Tree=121
num_leaves=11
num_cat=0
split_feature=16 19 21 22 30 7 25 19 27 7
split_gain=1.66028 1.94317 2.90236 1.85375 1.77269 1.68965 1.52595 1.27695 0.241309 0.00228208
threshold=0.0057031696737131028 -0.010052360297814309 -0.00040527243065019419 -0.0080930277520570009 0.0094787736272025098 184.62955017089845 0.0042163440294625829 0.042707148571172311 0.013147143999914348 181.88864822387697
decision_type=2 2 2 2 2 2 2 2 2 2
left_child=1 5 -3 -2 7 6 -1 -4 9 -5
right_child=3 2 4 8 -6 -7 -8 -9 -10 -11
leaf_value=-0.0097616955333541949 0.0099090187296993881 -0.036601722193210465 -0.027777789085491469 -0.036848985054017465 0.026481459071310543 0.034314929156364686 0.022414106318111304 0.010274686837793368 -0.018189893845996754 -0.038954215499678563
leaf_weight=8.0782883241772669 4.1169689148664474 5.8349018059670934 4.4786464720964414 2.9096550196409208 5.8329620733857164 7.2833712548017493 6.7754472419619551 4.3422409817576408 2.2495107613503933 2.3086646869778633
leaf_count=32 15 35 21 26 20 22 24 20 20 15
internal_value=-0.000244066 0.00431762 -0.00677903 -0.0170286 0.00509584 0.014588 0.00491511 -0.00904577 -0.0318792 -0.0377804
internal_weight=54.2107 42.6259 20.4888 11.5848 14.6538 22.1371 14.8537 8.82089 7.46783 5.21832
internal_count=250 174 96 76 61 78 56 41 61 41
is_linear=0
shrinkage=0.05


Tree=122
num_leaves=8
num_cat=0
split_feature=25 17 23 28 24 28 30
split_gain=1.20661 1.68284 1.63989 1.86041 2.47076 2.47057 0.493795
threshold=-0.013357536330666551 -9.9420338022226156e-05 -0.0073735535121085541 -0.010406029466580867 -0.013767256148029259 -1.0000000180025095e-35 0.0031816290088312331
decision_type=2 2 2 2 2 2 2
left_child=-1 -2 6 4 -4 -5 -3
right_child=1 2 3 5 -6 -7 -8
leaf_value=-0.01981317745772708 0.024711003461315863 -0.028811410919736904 -0.0093668421093371975 -0.033908270041432417 0.029279806504637386 0.0027954680619898583 -0.0071172367695298659
leaf_weight=6.6703663393855086 7.5537687987089148 5.3963685780763608 6.2871966063976314 5.6594067215919486 12.085400894284243 24.144926369190223 5.1038433760404587
leaf_count=27 23 22 20 18 39 80 21
internal_value=0.00045624 0.00249765 -0.000361973 0.00354034 0.0160547 -0.00417403 -0.0182665
internal_weight=72.9013 66.2309 58.6771 48.1769 18.3726 29.8043 10.5002
internal_count=250 223 200 157 59 98 43
is_linear=0
shrinkage=0.05


Tree=123
num_leaves=8
num_cat=0
split_feature=29 24 24 30 8 27 0
split_gain=1.25284 2.0762 2.78829 2.08762 1.6012 1.47587 1.04975
threshold=-0.011664486998412603 0.015935697666018548 0.010945829652386998 0.0020930687228998273 0.0032204795205120489 -1.0000000180025095e-35 0.0014267286094162836
decision_type=2 2 2 2 2 2 2
left_child=-1 2 3 5 -5 -2 -3
right_child=1 6 -4 4 -6 -7 -8
leaf_value=0.023377363563830609 0.026871386602353938 -0.032281694124863557 0.031338699467218366 -0.022930641395773638 0.0027950188418933153 -0.0054783617490774721 -0.0016776742613163434
leaf_weight=5.1186974942684165 7.8719773590564728 7.5582226291298849 7.0517953485250464 13.815807878971102 10.758785106241701 6.3857638984918577 4.4527465775609016
leaf_count=18 27 32 24 67 40 25 17
internal_value=-0.00033316 -0.00242949 0.00241493 -0.0028375 -0.0116679 0.0123826 -0.0209361
internal_weight=63.0138 57.8951 45.8841 38.8323 24.5746 14.2577 12.011
internal_count=250 232 183 159 107 52 49
is_linear=0
shrinkage=0.05


Tree=124
num_leaves=7
num_cat=0
split_feature=21 16 30 30 34 32
split_gain=1.60838 2.05622 1.53938 2.62526 2.76348 0.608108
threshold=0.0041028034896761776 0.0029614993533720563 -0.012568522530608526 0.0020930687228998273 0.40396951446877866 -0.093948365971808001
decision_type=2 2 2 2 2 2
left_child=1 -1 -3 5 -5 -4
right_child=-2 2 3 4 -6 -7
leaf_value=0.024209188798994731 -0.027785858393892124 0.022545947243626921 -0.040273031275180116 0.025213262345552118 -0.0096058928617315728 -0.013202748849861397
leaf_weight=8.9178276658058149 4.8158102110028258 5.3780546002089968 5.3918529972434044 8.477285563945772 17.384486388415098 3.3720583841204625
leaf_count=28 28 30 32 29 85 18
internal_value=-0.000215584 0.00249842 -0.00234145 -0.00620696 0.00180755 -0.0298573
internal_weight=53.7374 48.9216 40.0037 34.6257 25.8618 8.76391
internal_count=250 222 194 164 114 50
is_linear=0
shrinkage=0.05


Tree=125
num_leaves=8
num_cat=0
split_feature=28 9 13 24 0 21 13
split_gain=1.14963 1.79023 1.70034 1.60476 2.18594 1.60212 2.13278
threshold=-0.010406029466580867 184.02539978027346 47.669056932654044 0.01560440255260165 0.0010608805484804142 0.00055916833303382163 57.390467394517586
decision_type=2 2 2 2 2 2 2
left_child=5 2 -2 4 -4 6 -1
right_child=1 -3 3 -5 -6 -7 -8
leaf_value=0.035690619568645325 0.021898668146475685 -0.026989050809720441 -0.031439342739401438 0.011399916577513054 0.0026793052663321645 -0.0070357677053035587 0.0016808478377502416
leaf_weight=8.368109688162809 7.0374780893325797 7.5000116899609557 9.1814330443739944 9.3014269322156888 9.6064372509717924 11.106887891888617 10.263840347528456
leaf_count=30 23 31 33 28 33 36 36
internal_value=0.000450194 -0.00481366 -7.89356e-05 -0.00558519 -0.0139941 0.00799525 0.0169556
internal_weight=72.3656 42.6268 35.1268 28.0893 18.7879 29.7388 18.632
internal_count=250 148 117 94 66 102 66
is_linear=0
shrinkage=0.05


Tree=126
num_leaves=8
num_cat=0
split_feature=29 24 24 30 2 27 0
split_gain=1.18608 1.935 2.56519 1.94515 1.52212 1.38945 0.993704
threshold=-0.011664486998412603 0.015935697666018548 0.010945829652386998 0.0020930687228998273 0.0021375240689088808 -1.0000000180025095e-35 0.0014267286094162836
decision_type=2 2 2 2 2 2 2
left_child=-1 2 3 5 -5 -2 -3
right_child=1 6 -4 4 -6 -7 -8
leaf_value=0.022745725643758714 0.025969161623782641 -0.031609301066021299 0.030047880763352464 -0.029274483448657792 -0.0026346403259946242 -0.0054895401756593432 -0.0016889053450555446
leaf_weight=5.109181970357894 7.8604004830121994 7.4065762460231763 7.0357303321361533 7.9751103892922428 16.364611715078354 6.3418191820383054 4.4376243725419044
leaf_count=18 27 32 24 42 65 25 17
internal_value=-0.000339965 -0.00239404 0.00228491 -0.00278314 -0.0113634 0.0119217 -0.0203991
internal_weight=62.5311 57.4219 45.5777 38.5419 24.3397 14.2022 11.8442
internal_count=250 232 183 159 107 52 49
is_linear=0
shrinkage=0.05


Tree=127
num_leaves=10
num_cat=0
split_feature=16 19 0 0 22 26 1 27 7
split_gain=1.5398 1.8202 1.92933 2.79031 1.7765 1.65607 1.57066 0.255831 0.00204258
threshold=0.0057031696737131028 0.035083059197488227 -0.0019871927737865609 -0.00036237761764257298 -0.0080930277520570009 -0.0016088617798273306 0.0038456466573216779 0.014040718587677971 181.88864822387697
decision_type=2 2 2 2 2 2 2 2 2
left_child=1 2 -1 -4 -2 -3 -5 8 -6
right_child=4 5 3 6 7 -7 -8 -9 -10
leaf_value=0.034917464051909076 0.009670429330800083 0.0062372793460392347 -0.02772193607118096 -0.00044013472947650439 -0.036711290241092563 -0.036244198598261744 0.026910663316953271 -0.016697729360279967 -0.038725637358669053
leaf_weight=6.1534814983606294 4.0899107903242111 4.4827441945672035 5.5414241924881926 11.412373982369909 2.9164443649351579 4.6988849118351919 9.7194548547267896 2.0537369921803474 2.2137687280774117
leaf_count=24 15 23 24 42 27 25 36 19 15
internal_value=-0.000227202 0.00417612 0.00968049 0.00385836 -0.0166347 -0.0155035 0.0121397 -0.0316106 -0.0375805
internal_weight=53.2822 42.0084 32.8267 26.6733 11.2739 9.18163 21.1318 7.18395 5.13021
internal_count=250 174 126 102 76 48 78 61 42
is_linear=0
shrinkage=0.05


Tree=128
num_leaves=7
num_cat=0
split_feature=25 17 25 23 2 13
split_gain=1.14108 1.62273 1.54196 2.01281 1.77261 1.68951
threshold=-0.013357536330666551 -9.9420338022226156e-05 -0.0007289725619990527 0.0066468461892038597 0.0038578511509625994 64.95701778186303
decision_type=2 2 2 2 2 2
left_child=-1 -2 5 4 -4 -3
right_child=1 2 3 -5 -6 -7
leaf_value=-0.01945749882821754 0.024396011830768078 -0.001625538340114782 0.0020766937990652724 0.017642391495350303 -0.022341453021783086 0.027535700446006089
leaf_weight=6.5340592339634886 7.4654429554939261 11.745436310768129 12.916718408465387 7.0704126656055442 17.50475187599659 8.6064556986093503
leaf_count=27 23 39 46 23 65 27
internal_value=0.000464402 0.00245755 -0.000373876 -0.00638854 -0.0119737 0.0107062
internal_weight=71.8433 65.3092 57.8438 37.4919 30.4215 20.3519
internal_count=250 223 200 134 111 66
is_linear=0
shrinkage=0.05


Tree=129
num_leaves=11
num_cat=0
split_feature=19 16 8 20 21 23 22 29 12 27
split_gain=1.14805 1.60326 2.20267 1.93186 1.925 2.29786 1.62549 1.37182 1.14669 0.0750279
threshold=-0.054426371374941822 0.0045543315282093174 0.0062510796888066737 -0.03655062635746447 0.00090965672952703091 -0.0066981410421429457 0.0020375751514423173 0.0094423661162700307 0.0087117741856104127 0.0048540461422792456
decision_type=2 2 2 2 2 2 2 2 2 2
left_child=7 4 3 -3 5 -2 -5 -1 -6 -7
right_child=1 2 -4 6 8 9 -8 -9 -10 -11
leaf_value=-0.03087589516328711 0.0088738391650101563 0.026679357541951162 0.036203980182466518 -0.023855419361961255 0.026396575918159079 -0.040129792896840377 0.0090100188884067126 0.0053810229082929843 -0.0059023268172250917 -0.030347689984928945
leaf_weight=6.0682555064558965 4.3738477379083625 6.1529880017042222 6.5642506182193747 7.1498959064483625 4.8935906141996366 4.7641260698437708 7.940448597073555 4.5763792917132378 6.2673808485269547 3.3305334225296974
leaf_count=28 16 19 21 28 20 27 30 17 24 20
internal_value=-0.000341651 0.00275146 0.0108887 0.00306626 -0.00682464 -0.0203268 -0.00656182 -0.0152882 0.00825931 -0.036105
internal_weight=62.0817 51.4371 27.8076 21.2433 23.6295 12.4685 15.0903 10.6446 11.161 8.09466
internal_count=250 205 98 77 107 63 58 45 44 47
is_linear=0
shrinkage=0.05


Tree=130
num_leaves=6
num_cat=0
split_feature=21 16 27 1 24
split_gain=1.48813 1.89027 1.51066 2.69757 2.28929
threshold=0.0041028034896761776 0.0029614993533720563 -0.025565756823225868 -0.0045093929214865538 -0.012052754655787255
decision_type=2 2 2 2 2
left_child=1 -1 -3 -4 -5
right_child=-2 2 3 4 -6
leaf_value=0.023388563411149796 -0.027102572878467082 -0.028629912610511479 0.031804777576649373 0.017986032634978298 -0.013688578852182701
leaf_weight=8.7824050337076169 4.686683475971221 4.7739088088273993 6.0177851989865259 7.8554677441716185 20.833426304161556
leaf_count=28 28 22 26 33 113
internal_value=-0.00020372 0.00240835 -0.00225867 0.0013687 -0.00501557
internal_weight=52.9497 48.263 39.4806 34.7067 28.6889
internal_count=250 222 194 172 146
is_linear=0
shrinkage=0.05


Tree=131
num_leaves=9
num_cat=0
split_feature=28 9 13 28 23 28 24 6
split_gain=1.13392 1.6737 1.59814 1.55093 1.40203 2.21236 1.34945 0.843444
threshold=-0.010406029466580867 184.02539978027346 47.669056932654044 -0.024131775791238704 -0.002937974055206793 0.0099984555456110753 -0.011082942364893987 0.99612705002064317
decision_type=2 2 2 2 2 2 2 2
left_child=3 2 -2 6 -4 -6 -1 -8
right_child=1 -3 4 -5 5 -7 7 -9
leaf_value=-0.016166885643242517 0.021193516119674988 -0.026528283772300085 -0.024350596270200812 0.024418033674895121 -0.022161049179272196 0.012810787547490723 -0.0034338292606976525 0.023197571322581365
leaf_weight=7.8327361494302776 6.955438867211341 7.3322016298770896 7.3388462811708477 9.6417154222726804 6.7865319103002575 13.554586321115492 5.6629410833120364 6.2592551559209824
leaf_count=29 23 31 27 33 22 45 19 21
internal_value=0.000448364 -0.00482652 -0.000232329 0.00797896 -0.00561623 0.00114292 -4.43942e-05 0.0105479
internal_weight=71.3643 41.9676 34.6354 29.3966 27.68 20.3411 19.7549 11.9222
internal_count=250 148 117 102 94 67 69 40
is_linear=0
shrinkage=0.05


Tree=132
num_leaves=6
num_cat=0
split_feature=4 19 14 0 5
split_gain=1.12016 1.4296 1.45109 1.52143 1.49297
threshold=0.0022590931055132464 -0.054426371374941822 0.32917502104834462 -0.0032192089313086698 0.0046560591050437269
decision_type=2 2 2 2 2
left_child=-1 -2 -3 -4 -5
right_child=1 2 3 4 -6
leaf_value=-0.018588121592801352 -0.016218106100661604 -0.017632296932527162 0.036077312367082476 0.00025974819958587622 0.025686834408313281
leaf_weight=7.400882199406623 8.8574338778853399 5.7879078164696685 4.6382402107119551 27.520753115415573 7.3053947538137427
leaf_count=36 36 25 17 109 27
internal_value=-0.000343636 0.00215176 0.00574738 0.00917628 0.00559353
internal_weight=61.5106 54.1097 45.2523 39.4644 34.8261
internal_count=250 214 178 153 136
is_linear=0
shrinkage=0.05


Tree=133
num_leaves=10
num_cat=0
split_feature=16 22 19 21 28 30 6 27 8
split_gain=1.4305 1.68295 1.65092 2.72064 1.47985 1.45054 1.33584 0.249628 0.00171021
threshold=0.0057031696737131028 -0.0080930277520570009 -0.010052360297814309 -0.00040527243065019419 0.0063923203327502795 0.0094787736272025098 0.93949679644634798 0.014040718587677971 0.0014848351692441121
decision_type=2 2 2 2 2 2 2 2 2
left_child=2 -2 4 -4 -1 6 -5 8 -3
right_child=1 7 3 5 -6 -7 -8 -9 -10
leaf_value=0.025559409684566478 0.0091730378276630564 -0.0382115632777143 -0.036051117314213343 -0.026972457379694299 -0.00058361184058041402 0.024773232701708548 0.012598662468799583 -0.016376050087257298 -0.036332168737321514
leaf_weight=11.751837462186815 4.0827315747737885 2.7436852492392045 5.5706154853105554 4.4120004475116712 10.035780154168604 5.6727013513445863 4.1284054890275002 1.9864701479673383 2.1661382280290127
leaf_count=39 15 21 35 22 39 20 19 19 21
internal_value=-0.000216808 -0.0162692 0.00402265 -0.00643387 0.0135174 0.00517417 -0.0078439 -0.0313315 -0.0373824
internal_weight=52.5504 10.979 41.5713 19.7837 21.7876 14.2131 8.54041 6.89629 4.90982
internal_count=250 76 174 96 78 61 41 61 42
is_linear=0
shrinkage=0.05


Tree=134
num_leaves=10
num_cat=0
split_feature=22 22 16 12 10 24 2 1 11
split_gain=1.1082 2.55811 2.27353 2.97022 2.01233 1.82658 1.70744 1.50696 0.864616
threshold=0.00085918318370781243 0.0051204262257879005 0.0069626959798616264 0.017714080542168768 0.0094397958280780254 -0.012052754655787255 0.0033737768304059616 0.0024714190546039076 180.44001953125004
decision_type=2 2 2 2 2 2 2 2 2
left_child=2 8 3 5 6 -1 -3 -7 -2
right_child=1 4 -4 -5 -6 7 -8 -9 -10
leaf_value=0.0026449516259811501 -0.0090914251102729143 0.0073248232557101478 -0.021764445314009593 -0.013297700740327779 0.028594630598670012 0.046860334020854266 -0.026429602876556265 0.013740559008420023 -0.035807074896465042
leaf_weight=7.9825822710990932 5.3502769470214826 10.189056098461156 5.9250597953796378 8.3465633094310743 6.1185161769390097 7.9829717725515383 5.9251639246940604 6.0279401838779449 6.9790008440613747
leaf_count=28 19 36 23 29 20 26 22 21 26
internal_value=0.000459295 -0.00594726 0.00656498 0.0120974 0.00418257 0.0217349 -0.00508661 0.0326112 -0.0242138
internal_weight=70.8271 34.562 36.2651 30.3401 22.2327 21.9935 16.1142 14.0109 12.3293
internal_count=250 123 127 104 78 75 58 47 45
is_linear=0
shrinkage=0.05


Tree=135
num_leaves=8
num_cat=0
split_feature=4 19 3 3 29 5 8
split_gain=1.08762 1.32163 1.3538 3.34034 3.47852 1.93936 1.7663
threshold=0.0022590931055132464 -0.054426371374941822 0.0086687851114621867 0.013010550559635294 0.0010558219587901709 0.0043271328639964126 -0.0037264772288819123
decision_type=2 2 2 2 2 2 2
left_child=-1 -2 5 -4 -5 -3 -7
right_child=1 2 3 4 -6 6 -8
leaf_value=-0.018406829035030371 -0.015652112958652833 -0.025179915939460441 0.041434396517999177 -0.020256547370665786 0.024518386660151683 -0.015583129838307284 0.021993017882309476
leaf_weight=7.335223823785781 8.7588835358619672 7.055691763758662 7.4394316673278835 8.9710187613964099 8.3988296091556531 5.1312383711338052 8.0081635043024981
leaf_count=36 36 37 26 34 31 20 30
internal_value=-0.000346323 0.00211777 0.0055762 0.0134003 0.00139344 -0.00403557 0.00731867
internal_weight=61.0985 53.7633 45.0044 24.8093 17.3698 20.1951 13.1394
internal_count=250 214 178 91 65 87 50
is_linear=0
shrinkage=0.05


Tree=136
num_leaves=9
num_cat=0
split_feature=16 22 19 0 0 26 1 19
split_gain=1.3765 1.59825 1.52645 1.72892 2.56435 1.53917 1.49157 0.229599
threshold=0.0057031696737131028 -0.0080930277520570009 0.035083059197488227 -0.0019871927737865609 -0.00036237761764257298 -0.0016088617798273306 0.0038456466573216779 0.020742333508131931
decision_type=2 2 2 2 2 2 2 2
left_child=2 -2 3 -1 -5 -4 -6 -3
right_child=1 7 5 4 6 -7 -8 -9
leaf_value=0.032860006866522649 0.0085125379777623005 -0.037348539056370235 0.0066173070652314914 -0.027307436193482137 -0.0010136184678548501 -0.035007917110278217 0.025805931964213061 -0.017453057371366196
leaf_weight=6.1404560878872827 4.1010967046022415 4.6099436208605749 4.3942093513906002 5.4035698249936095 11.25445558130742 4.4901309721171838 9.6115953326225263 2.1155912652611732
leaf_count=24 15 39 23 24 42 25 36 22
internal_value=-0.000219748 -0.0160888 0.00394082 0.00897394 0.00339064 -0.01442 0.0113404 -0.0310902
internal_weight=52.121 10.8266 41.2944 32.4101 26.2696 8.88434 20.8661 6.72553
internal_count=250 76 174 126 102 48 78 61
is_linear=0
shrinkage=0.05


Tree=137
num_leaves=8
num_cat=0
split_feature=25 25 13 4 1 8 33
split_gain=1.09874 1.68137 1.5235 2.32443 1.36006 1.25065 2.0191
threshold=-0.012490013162696876 -0.0007289725619990527 57.122273123638756 0.005251074970357034 0.0037154913085470924 0.0013854049328745641 0.15500000000000003
decision_type=2 2 2 2 2 2 2
left_child=-1 4 3 -3 -2 -4 -7
right_child=1 2 5 -5 -6 6 -8
leaf_value=-0.01782171845095484 0.026667913075989331 0.022733237008740775 -0.029473466893639163 -0.01394759329666851 0.0012749976166112871 -0.02972420211088609 0.0073689971815410552
leaf_weight=7.3557144403457633 10.66340431571007 10.631844937801363 6.8647307157516506 7.2737660557031623 10.431925088167189 5.3328606039285686 11.75615383684635
leaf_count=30 35 37 26 26 34 20 42
internal_value=0.000463847 0.00260036 -0.0032004 0.00783245 0.0141108 -0.0114475 -0.00420644
internal_weight=70.3104 62.9547 41.8594 17.9056 21.0953 23.9537 17.089
internal_count=250 220 151 63 69 88 62
is_linear=0
shrinkage=0.05


Tree=138
num_leaves=6
num_cat=0
split_feature=23 21 0 31 28
split_gain=1.09942 1.22263 1.69768 1.64921 2.0586
threshold=-0.0093579012357998242 0.0050382526484205057 -0.0030049073528364829 -0.18825226506411843 -0.0010213444080534593
decision_type=2 2 2 2 2
left_child=-1 2 -2 -4 -5
right_child=1 -3 3 4 -6
leaf_value=0.014807999213098354 0.018741274163588909 0.017012548242755148 0.0070721269498031803 -0.031013521987115208 -0.0038751006588416889
leaf_weight=10.010590106248854 5.873659335076808 6.4493300765752783 10.224661879241461 12.956127073615786 15.169426381587989
leaf_count=36 23 22 38 66 65
internal_value=-0.000333728 -0.00332501 -0.00629091 -0.0101248 -0.0163765
internal_weight=60.6838 50.6732 44.2239 38.3502 28.1256
internal_count=250 214 192 169 131
is_linear=0
shrinkage=0.05


Tree=139
num_leaves=7
num_cat=0
split_feature=21 16 25 26 2 6
split_gain=1.33785 1.72938 1.45001 2.01411 2.55943 1.49888
threshold=0.0041028034896761776 0.0029614993533720563 -0.013357536330666551 -0.0019613125363632795 -0.0038059454774247432 1.0123015831359297
decision_type=2 2 2 2 2 2
left_child=1 -1 -3 5 -5 -4
right_child=-2 2 3 4 -6 -7
leaf_value=0.022633819185292895 -0.026229902922513954 0.022642961558048885 -0.043718722148484955 0.029786190362679002 -0.0077485137596944491 -0.0035816923565253991
leaf_weight=8.5353615432977659 4.5139120034873477 5.0896381661295882 5.1650981903076119 6.0534106418490401 18.186369262635715 4.2317589782178402
leaf_count=28 28 18 30 24 99 23
internal_value=-0.000222978 0.00226092 -0.00222932 -0.0059928 0.00162504 -0.0256435
internal_weight=51.7755 47.2616 38.7263 33.6366 24.2398 9.39686
internal_count=250 222 194 176 123 53
is_linear=0
shrinkage=0.05


Tree=140
num_leaves=7
num_cat=0
split_feature=0 8 25 25 16 31
split_gain=1.06369 1.72377 2.24406 2.13593 2.13499 1.67761
threshold=-0.0032192089313086698 9.6955652409157713e-05 -0.011480258620253201 0.001501405692066138 0.0031971725726508567 -0.1934474705809596
decision_type=2 2 2 2 2 2
left_child=-1 3 -3 -2 -4 -6
right_child=1 2 4 -5 5 -7
leaf_value=-0.015134616973091909 0.031526644778271488 -0.033665275108051389 -0.025043336258738211 -0.0035709361837775269 -0.014348180143822713 0.013229924524171641
leaf_weight=9.4598028957843763 9.8457763046026248 5.0944922342896453 6.2339527606964102 7.744589425623416 7.128992721438407 24.348804682493213
leaf_count=33 34 23 23 28 24 85
internal_value=0.000455172 0.00289697 -0.0025179 0.0160741 0.00168981 0.00698412
internal_weight=69.8564 60.3966 42.8062 17.5904 37.7118 31.4778
internal_count=250 217 155 62 132 109
is_linear=0
shrinkage=0.05


Tree=141
num_leaves=9
num_cat=0
split_feature=14 15 2 24 24 27 24 5
split_gain=1.04654 1.4545 2.03355 1.16904 2.66301 2.05774 1.80397 0.115955
threshold=0.97373123807739648 0.0054610857350438869 0.0052470240717461545 0.015935697666018548 0.010945829652386998 -1.0000000180025095e-35 0.026022165992401817 0.0027215588316953699
decision_type=2 2 2 2 2 2 2 2
left_child=1 2 7 4 5 -3 -5 -1
right_child=-2 3 -4 6 -6 -7 -8 -9
leaf_value=-0.041907841702770378 0.017318484965612488 0.011862264592633948 0.007269657227190373 -0.035419304703588721 0.038140198452493154 -0.01696506893084964 0.0059680650094901221 -0.028906027231339254
leaf_weight=3.6137887462973577 7.3811443969607344 14.651765018701553 4.5782884955406189 4.800668850541113 5.4723119288682929 10.719470418989662 5.8306947574019432 3.2633798569440842
leaf_count=20 27 54 21 20 18 47 22 21
internal_value=-0.000319033 -0.00277859 -0.0185497 0.00157742 0.00650579 -0.000317424 -0.0127207 -0.0357382
internal_weight=60.3115 52.9304 11.4555 41.4749 30.8435 25.3712 10.6314 6.87717
internal_count=250 223 62 161 119 101 42 41
is_linear=0
shrinkage=0.05


Tree=142
num_leaves=10
num_cat=0
split_feature=16 22 19 21 26 26 23 19 8
split_gain=1.30558 1.49655 1.48627 2.55783 1.34172 2.26827 1.33916 0.256538 0.00165102
threshold=0.0057031696737131028 -0.0080930277520570009 -0.010052360297814309 -0.00040527243065019419 -0.0027505105221876098 0.018311682024720447 0.0062072404666733147 0.025043031011993792 0.0014848351692441121
decision_type=2 2 2 2 2 2 2 2 2
left_child=2 -2 4 -4 -1 -6 -5 8 -3
right_child=1 7 3 6 5 -7 -8 -9 -10
leaf_value=-0.0037340626439746902 0.0077997030039102661 -0.037985565824625728 -0.035679864097361139 0.016301848127992399 0.04299764329743555 0.0023805146904564037 -0.016336258495198704 -0.015273586429365904 -0.036078447827308645
leaf_weight=7.7789777964353588 4.0982244908809662 2.5836786143481714 5.3382970988750467 9.1048878319561464 6.7283092439174634 7.0273282900452614 4.799542762339116 1.8902679309248922 2.0237574875354767
leaf_count=30 15 20 35 35 21 27 26 20 21
internal_value=-0.000224429 -0.0158611 0.00383873 -0.0062595 0.0128622 0.0222476 0.0050358 -0.0307844 -0.0371479
internal_weight=51.3733 10.5959 40.7773 19.2427 21.5346 13.7556 13.9044 6.4977 4.60744
internal_count=250 76 174 96 78 48 61 61 41
is_linear=0
shrinkage=0.05


Tree=143
num_leaves=8
num_cat=0
split_feature=28 9 21 13 17 24 32
split_gain=1.03798 1.53552 1.49188 1.81917 1.43717 1.28324 1.95275
threshold=-0.010406029466580867 184.02539978027346 0.00055916833303382163 57.390467394517586 -5.709112967850908e-05 0.01560440255260165 -0.10204578878131278
decision_type=2 2 2 2 2 2 2
left_child=2 4 3 -1 -2 6 -6
right_child=1 -3 -4 -5 5 -7 -8
leaf_value=0.034373953844832321 0.021578461169766965 -0.02593170657763082 -0.0069170801246000576 0.0022728479008450992 -0.026619126418537555 0.010290517824932932 0.0062564119297009923
leaf_weight=7.9746021106839242 6.1613886356353751 7.0360570922493926 10.8239688873291 9.882941469550131 10.65588051825762 9.0531766563653928 7.8403201848268536
leaf_count=30 21 31 36 36 41 28 27
internal_value=0.000443205 -0.004686 0.00773009 0.0166082 -0.000251635 -0.00513391 -0.0126836
internal_weight=69.4283 40.7468 28.6815 17.8575 33.7108 27.5494 18.4962
internal_count=250 148 102 66 117 96 68
is_linear=0
shrinkage=0.05


Tree=144
num_leaves=6
num_cat=0
split_feature=23 1 34 21 33
split_gain=1.04744 1.17149 2.0289 1.98778 1.62164
threshold=-0.0093579012357998242 0.011201742818242046 1.9238454461838408 0.0050382526484205057 0.29500000000000004
decision_type=2 2 2 2 2
left_child=-1 2 3 4 -2
right_child=1 -3 -4 -5 -6
leaf_value=0.014559151125517065 -0.020956391193967399 0.021064809447324445 -0.036067624794564407 0.027076947288520621 0.0015554730470767886
leaf_weight=9.8844112902879697 12.213630635291336 4.5048787891864768 4.8967202156782141 5.1350767463445655 23.186071634292603
leaf_count=36 61 17 21 17 98
internal_value=-0.000311867 -0.00325544 -0.00566698 -0.00199449 -0.00621159
internal_weight=59.8208 49.9364 45.4315 40.5348 35.3997
internal_count=250 214 197 176 159
is_linear=0
shrinkage=0.05


Tree=145
num_leaves=7
num_cat=0
split_feature=21 16 30 30 10 32
split_gain=1.26274 1.56868 1.44972 2.30495 2.34198 0.601653
threshold=0.0041028034896761776 0.0029614993533720563 -0.012568522530608526 0.0020930687228998273 0.0006340585371328039 -0.093948365971808001
decision_type=2 2 2 2 2 2
left_child=1 -1 -3 5 -5 -4
right_child=-2 2 3 4 -6 -7
leaf_value=0.02177583469998819 -0.025829202367680805 0.022606780834239452 -0.039834139782274007 0.025114049775112342 -0.0084076515690958056 -0.011948322835038111
leaf_weight=8.3900804519653303 4.3973798416554919 5.1362520158290854 4.9905721060931683 7.4330581352114704 17.424735117703676 3.1584520339965803
leaf_count=28 28 30 32 27 87 18
internal_value=-0.000218453 0.00220176 -0.00210382 -0.00594908 0.00161612 -0.029026
internal_weight=50.9305 46.5331 38.1431 33.0068 24.8578 8.14902
internal_count=250 222 194 164 114 50
is_linear=0
shrinkage=0.05


Tree=146
num_leaves=9
num_cat=0
split_feature=25 25 13 4 21 9 8 33
split_gain=1.03013 1.43281 1.4072 2.10201 1.29779 1.74459 1.16686 1.85498
threshold=-0.013357536330666551 -0.0007289725619990527 57.122273123638756 0.005251074970357034 0.00030882381942320963 173.68649902343753 0.0013854049328745641 0.15500000000000003
decision_type=2 2 2 2 2 2 2 2
left_child=-1 4 3 -3 -2 -6 -4 -8
right_child=1 2 6 -5 5 -7 7 -9
leaf_value=-0.018992325395244251 0.030488012363756992 0.021919635964911116 -0.028825035801847889 -0.013338008956320872 0.026151602803293136 -0.0092715434001711602 -0.02900555204895082 0.006994704193975825
leaf_weight=6.2098462581634513 6.9885698333382633 10.3923796415329 6.6799435764551189 7.1260553225874892 5.6387730985879889 9.0614534318447095 5.1751287281513241 11.596184238791464
leaf_count=27 22 37 26 26 18 32 20 42
internal_value=0.000432449 0.00235757 -0.00314368 0.00757772 0.0127493 0.00431621 -0.0111527 -0.0041139
internal_weight=68.8683 62.6585 40.9697 17.5184 21.6888 14.7002 23.4513 16.7713
internal_count=250 223 151 63 72 50 88 62
is_linear=0
shrinkage=0.05


Tree=147
num_leaves=7
num_cat=0
split_feature=23 1 34 22 22 21
split_gain=0.99954 1.10707 1.9083 1.91274 2.28482 2.00808
threshold=-0.0093579012357998242 0.011201742818242046 1.9238454461838408 0.0010569714960984025 -0.0055832014234467589 0.0031394862378542059
decision_type=2 2 2 2 2 2
left_child=-1 2 3 4 -2 -5
right_child=1 -3 -4 5 -6 -7
leaf_value=0.014237192697480078 0.0054042484631178665 0.020494308373485953 -0.035410954469570093 -0.0028066376981845504 -0.029237100740480013 0.029637320683759544
leaf_weight=9.8334825783967954 8.7449218854308111 4.4796282798051825 4.7878958880901328 13.865854073315861 10.445622030645611 7.2698127478361121
leaf_count=36 35 17 21 61 55 25
internal_value=-0.000325348 -0.00321282 -0.00556683 -0.00202346 -0.0134514 0.00835277
internal_weight=59.4272 49.5937 45.1141 40.3262 19.1905 21.1357
internal_count=250 214 197 176 90 86
is_linear=0
shrinkage=0.05


Tree=148
num_leaves=10
num_cat=0
split_feature=19 16 9 27 31 4 4 7 24
split_gain=1.22915 1.85478 1.70341 1.54163 1.26172 2.30185 0.99286 0.0211578 0.00127319
threshold=-0.0083345785689715162 0.0039904734844943496 184.02539978027346 0.012253084301473429 -0.1696193232013079 0.0034742937176983767 0.0030095298744948506 183.98255004882813 -0.001535653720560026
decision_type=2 2 2 2 2 2 2 2 2
left_child=2 6 4 7 -1 -6 -2 8 -3
right_child=1 3 -4 -5 5 -7 -8 -9 -10
leaf_value=0.02128296760774892 -0.0097718771069177125 -0.037227873586544467 0.025474160226919382 0.0018107407385050591 0.0047127318323595376 -0.039727422808983309 0.017409027630915116 -0.042395465735709841 -0.035529854761986467
leaf_weight=4.5351474285125777 6.718923784792425 2.4862104095518589 8.6072710230946523 3.6652179472148418 9.3188611268997175 4.239430334419013 6.7198610976338387 2.2763670682907104 1.9856032952666263
leaf_count=19 25 21 29 28 39 27 25 12 25
internal_value=-0.000205045 -0.00845397 0.00716386 -0.0242933 -0.00154658 -0.00918289 0.00381952 -0.0384714 -0.0364739
internal_weight=50.5529 23.8522 26.7007 10.4134 18.0934 13.5583 13.4388 6.74818 4.47181
internal_count=250 136 114 86 85 66 50 58 46
is_linear=0
shrinkage=0.05


Tree=149
num_leaves=10
num_cat=0
split_feature=22 22 16 12 10 7 2 32 9
split_gain=1.01833 2.29835 2.08538 2.72553 1.75141 1.64716 1.49574 1.1877 0.771217
threshold=0.00085918318370781243 0.0051204262257879005 0.0069626959798616264 0.017714080542168768 0.0094397958280780254 177.03535079956058 0.0033737768304059616 -0.11294226604644329 182.72824897766117
decision_type=2 2 2 2 2 2 2 2 2
left_child=2 8 3 5 6 -1 -3 -7 -2
right_child=1 4 -4 -5 -6 7 -8 -9 -10
leaf_value=0.0047518598094146878 -0.0090087197144508146 0.0068778664847104921 -0.02130799375616696 -0.012951590661609613 0.026823289926623212 0.047859263837123654 -0.025255782257085597 0.016818216499723364 -0.034710999925172653
leaf_weight=8.8742293342948013 5.1826944649219495 9.8474867194890994 5.6872694939374915 8.072017624974249 6.0166324675083152 6.4340212196111688 5.7277966588735572 5.9142262637615177 6.6808680221438408
leaf_count=32 19 36 23 29 20 21 22 22 26
internal_value=0.000433976 -0.00580274 0.00639858 0.0117776 0.00391144 0.0211834 -0.00493925 0.0329921 -0.0234827
internal_weight=68.4372 33.4555 34.9818 29.2945 21.5919 21.2225 15.5753 12.3482 11.8636
internal_count=250 123 127 104 78 75 58 43 45
is_linear=0
shrinkage=0.05


Tree=150
num_leaves=7
num_cat=0
split_feature=14 29 24 24 0 24
split_gain=0.946433 1.5197 1.7614 2.20548 1.57741 1.06126
threshold=0.97373123807739648 -0.0093031486362166165 0.015935697666018548 0.010945829652386998 -0.0032192089313086698 0.025053239671577802
decision_type=2 2 2 2 2 2
left_child=1 -1 3 4 -3 -4
right_child=-2 2 5 -5 -6 -7
leaf_value=0.023612866810640468 0.016554519449985736 0.016157548141983388 -0.041607796765923223 0.028110523344779471 -0.011504773594864669 -0.0087841534714780574
leaf_weight=4.9510942101478568 7.2564161270856848 6.515609808266162 4.6605219393968564 5.6974727511405936 24.652625158429149 5.2216234132647514
leaf_count=20 27 24 24 20 114 21
internal_value=-0.000355069 -0.00272848 -0.00551831 -0.000493349 -0.00572206 -0.0242641
internal_weight=58.9554 51.6989 46.7479 36.8657 31.1682 9.88215
internal_count=250 223 203 158 138 45
is_linear=0
shrinkage=0.05


Tree=151
num_leaves=8
num_cat=0
split_feature=25 19 26 32 26 26 20
split_gain=1.19822 1.8832 2.14789 1.75525 3.7584 1.53542 1.1215
threshold=-0.013357536330666551 0.035083059197488227 -0.0027505105221876098 -0.0040811597103695653 0.033085713841337967 -0.017482027324603407 0.069111618805610134
decision_type=2 2 2 2 2 2 2
left_child=-1 2 5 4 -4 -2 -3
right_child=1 6 3 -5 -6 -7 -8
leaf_value=0.01989393681918826 -0.0017711663585853778 -0.042443049012304959 0.014688542129157168 0.037129800874590495 -0.036049697359544844 -0.040867351171560276 -0.0036758775893431551
leaf_weight=6.4852622933685771 6.257239431142807 4.3307244963943949 16.178814925253395 4.6765925139188793 4.7130599841475478 4.194907393306492 3.2773728519678116
leaf_count=27 32 29 68 21 26 21 26
internal_value=-0.000159169 -0.00314 0.00163413 0.00944053 0.00324235 -0.0174622 -0.0257431
internal_weight=50.114 43.6287 36.0206 25.5685 20.8919 10.4521 7.6081
internal_count=250 223 168 115 94 53 55
is_linear=0
shrinkage=0.05


Tree=152
num_leaves=7
num_cat=0
split_feature=17 23 11 29 3 24
split_gain=0.94208 1.30598 1.30219 1.82787 2.62722 1.692
threshold=-9.9420338022226156e-05 -0.0086735165594201673 183.58746902465825 -0.0028343717650526341 0.010451508420931456 -0.0025921583594201709
decision_type=2 2 2 2 2 2
left_child=-1 -2 3 -3 -5 -4
right_child=1 2 5 4 -6 -7
leaf_value=0.016541901850846013 -0.020769580315698009 0.025125132525882145 0.011035799866919709 0.015135786249270675 -0.013906228086607767 -0.028223802096934592
leaf_weight=7.9997859597206107 7.8268491327762595 9.0940470248460716 4.3847254365682602 14.612042613327509 16.672598451375961 7.3360555619001371
leaf_count=27 36 32 16 53 56 30
internal_value=0.000425607 -0.00172582 0.00113511 0.00539396 -0.000341644 -0.0135368
internal_weight=67.9261 59.9263 52.0995 40.3787 31.2846 11.7208
internal_count=250 223 187 141 109 46
is_linear=0
shrinkage=0.05


Tree=153
num_leaves=7
num_cat=0
split_feature=4 19 14 30 26 13
split_gain=0.920775 1.17319 1.20017 1.32429 2.1398 1.28637
threshold=0.0022590931055132464 -0.054426371374941822 0.32917502104834462 0.0078152197171895716 0.0088536452964012042 69.923888621356937
decision_type=2 2 2 2 2 2
left_child=-1 -2 -3 4 -4 -5
right_child=1 2 3 5 -6 -7
leaf_value=-0.017632275712123127 -0.015141295103084901 -0.016544338470691804 0.00024734195415285399 -0.015347608264697936 0.030063380641680154 0.016618684138705566
leaf_weight=6.8097340166568747 8.4291837811470014 5.5146600529551497 11.771047174930574 8.8416091874241811 12.310851849615572 4.8865772634744635
leaf_count=36 36 25 48 39 45 21
internal_value=-0.000348476 0.00192571 0.00524624 0.00842442 0.0154895 -0.00396914
internal_weight=58.5637 51.7539 43.3247 37.8101 24.0819 13.7282
internal_count=250 214 178 153 93 60
is_linear=0
shrinkage=0.05


Tree=154
num_leaves=11
num_cat=0
split_feature=16 22 19 21 9 1 12 29 4 24
split_gain=1.20014 2.09035 1.32244 2.34136 1.36824 1.30141 1.2741 1.51587 1.08902 0.248706
threshold=0.0059697849598841632 -0.0092024519482153382 -0.010052360297814309 -0.00040527243065019419 184.02539978027346 -0.0012332223745511459 0.0095367222235265055 0.0061833681038172559 0.003246771170942657 0.015241173381787545
decision_type=2 2 2 2 2 2 2 2 2 2
left_child=2 -2 4 -4 6 -5 -1 -8 -7 -3
right_child=1 9 3 5 -6 8 7 -9 -10 -11
leaf_value=0.022313297616098821 0.02147472439647008 -0.038690022155281362 -0.035121487842103213 0.027880944415539656 0.028195752428655164 -0.022460697978090909 -0.028154843825146283 0.013059243538401663 0.011400416929767144 -0.017239261341696937
leaf_weight=5.1017774865031269 2.5509085208177567 4.4040846638381463 5.1141873896121988 4.1554104313254365 8.0650549679994565 4.7878074459731561 4.7964251786470395 4.1713655702769756 4.7108164094388485 1.9493787996470926
leaf_count=19 10 39 36 17 26 22 23 17 23 18
internal_value=-0.00012334 -0.0167581 0.00349797 -0.00626556 0.0117766 0.00454258 0.00236466 -0.00898412 -0.00566737 -0.0321085
internal_weight=49.8072 8.90437 40.9028 18.7682 22.1346 13.654 14.0696 8.96779 9.49862 6.35346
internal_count=250 67 183 98 85 62 59 40 45 57
is_linear=0
shrinkage=0.05


Tree=155
num_leaves=8
num_cat=0
split_feature=25 25 13 4 1 8 33
split_gain=0.916796 1.4777 1.33275 1.97227 1.20652 1.06958 1.72191
threshold=-0.012490013162696876 -0.0007289725619990527 57.122273123638756 0.005251074970357034 0.0037154913085470924 0.0013854049328745641 0.15500000000000003
decision_type=2 2 2 2 2 2 2
left_child=-1 4 3 -3 -2 -4 -7
right_child=1 2 5 -5 -6 6 -8
leaf_value=-0.016767286216133166 0.025378023637860965 0.021366277051110237 -0.02826370836519905 -0.013106398731990643 0.0010220313053273713 -0.028685031202933055 0.0064263861460231338
leaf_weight=6.9777933210134497 10.297833353281023 10.194927126169206 6.4907588437199619 6.9965888336300841 10.044049680233 5.0271553099155453 11.433392032980917
leaf_count=30 35 37 26 26 34 20 42
internal_value=0.000393571 0.00237333 -0.00318996 0.00733662 0.013352 -0.0110748 -0.00429686
internal_weight=67.4625 60.4847 40.1428 17.1915 20.3419 22.9513 16.4605
internal_count=250 220 151 63 69 88 62
is_linear=0
shrinkage=0.05


Tree=156
num_leaves=10
num_cat=0
split_feature=23 21 16 3 27 0 6 17 6
split_gain=0.869234 0.996043 2.28284 2.03409 1.95093 1.59018 1.3528 0.631563 0.0672088
threshold=-0.0093579012357998242 0.00090965672952703091 0.0046283660097109292 0.011596907286833049 -0.013281257467528005 -0.0013172793266509328 1.0989061426307587 0.00012506306626516495 0.91751987541208913
decision_type=2 2 2 2 2 2 2 2 2
left_child=-1 2 7 -4 -3 -6 -7 8 -2
right_child=1 4 3 -5 5 6 -8 -9 -10
leaf_value=0.013383617718442868 -0.0301327834571893 0.035802619996857958 -0.016785478618093621 0.022746322412558178 -0.026252313301919922 0.01669485600255732 -0.014035648082930081 -0.0092871301603656697 -0.039752263092401159
leaf_weight=9.6093637496232969 3.1870420277118701 4.0225437134504345 6.2941306158900243 6.7368725836277008 5.1768818497657838 10.034581348299975 5.5686165690422049 3.2899946793913841 4.2201667577028275
leaf_count=36 21 14 31 23 21 39 22 16 27
internal_value=-0.000355587 -0.00307602 -0.0103995 0.00365199 0.0039302 -0.00223957 0.00572746 -0.0275166 -0.0356134
internal_weight=58.1402 48.5308 23.7282 13.031 24.8026 20.7801 15.6032 10.6972 7.40721
internal_count=250 214 118 54 96 82 61 64 48
is_linear=0
shrinkage=0.05


Tree=157
num_leaves=8
num_cat=0
split_feature=16 22 30 19 16 26 24
split_gain=1.1425 2.00695 1.29333 1.59692 1.63138 1.82167 0.248213
threshold=0.0059697849598841632 -0.0092024519482153382 -0.012568522530608526 0.035083059197488227 0.0029614993533720563 -0.0019613125363632795 0.015241173381787545
decision_type=2 2 2 2 2 2 2
left_child=2 -2 -1 4 -4 -6 -3
right_child=1 6 3 -5 5 -7 -8
leaf_value=0.026075567975493603 0.020802165817100753 -0.038583648198859302 0.025134138571017678 -0.024344896000233849 -0.026008775704825651 0.0064385626940660842 -0.016958144892995707
leaf_weight=5.444703232496976 2.5522244274616241 4.2777350731194002 7.2679510563612011 5.6971999183297148 5.8841997012496021 16.331134665757418 1.9235305488109586
leaf_count=24 10 39 25 33 29 72 18
internal_value=-0.00013205 -0.0165167 0.00339833 -0.000111307 0.00457147 -0.0021558 -0.0318758
internal_weight=49.3787 8.75349 40.6252 35.1805 29.4833 22.2153 6.20127
internal_count=250 67 183 159 126 101 57
is_linear=0
shrinkage=0.05


Tree=158
num_leaves=9
num_cat=0
split_feature=0 8 25 7 21 11 30 20
split_gain=0.903279 1.58194 1.92691 1.33257 1.68952 1.33832 1.31502 1.51814
threshold=-0.0032192089313086698 9.6955652409157713e-05 0.001501405692066138 180.42219924926761 -0.0013156020959724233 183.58746902465825 0.0020930687228998273 -0.029718292815429311
decision_type=2 2 2 2 2 2 2 2
left_child=-1 2 -2 6 -5 -6 -3 -8
right_child=1 3 -4 4 5 -7 7 -9
leaf_value=-0.014258198861303133 0.030591912534941642 -0.012201199041522321 -0.0033865478761290948 0.0081516478396591111 -0.0077049641137032889 -0.039118790584776172 -0.0041162401726348389 0.029522349734093831
leaf_weight=9.0794816315174085 9.4374768882989901 6.3616583347320583 7.4791707620024672 7.2184133827686319 7.5930330604314804 6.125725694000721 5.8126830905675897 7.9298842847347233
leaf_count=33 34 23 28 26 30 28 22 26
internal_value=0.000405658 0.00270284 0.0155694 -0.00260056 -0.0114291 -0.0217319 0.00659377 0.0152943
internal_weight=67.0375 57.958 16.9166 41.0414 20.9372 13.7188 20.1042 13.7426
internal_count=250 217 62 155 84 58 71 48
is_linear=0
shrinkage=0.05


Tree=159
num_leaves=6
num_cat=0
split_feature=16 14 4 24 8
split_gain=0.943198 1.6165 1.40849 1.26823 1.57467
threshold=0.0090231654934771303 0.32917502104834462 0.0022590931055132464 -0.018221782193865606 0.0081507050038800832
decision_type=2 2 2 2 2
left_child=1 -1 -3 -4 -5
right_child=-2 2 3 4 -6
leaf_value=-0.028145484336025251 0.021181660902326899 -0.022400333704646044 -0.019486328861827162 0.011517128806103692 -0.017418148174750778
leaf_weight=5.4197007380425921 4.6634020730853072 5.804455090314149 5.0945033058524123 31.078766848891973 5.540082447230815
leaf_count=27 16 32 22 130 23
internal_value=-0.000375276 -0.00227428 0.000676489 0.00388765 0.0071395
internal_weight=57.6009 52.9375 47.5178 41.7134 36.6188
internal_count=250 234 207 175 153
is_linear=0
shrinkage=0.05


Tree=160
num_leaves=8
num_cat=0
split_feature=25 19 26 32 26 26 20
split_gain=1.13137 1.62173 1.98163 1.61147 3.49057 1.41305 1.07601
threshold=-0.013357536330666551 0.035083059197488227 -0.0027505105221876098 -0.0040811597103695653 0.033085713841337967 -0.01796537404307413 0.069111618805610134
decision_type=2 2 2 2 2 2 2
left_child=-1 2 5 4 -4 -2 -3
right_child=1 6 3 -5 -6 -7 -8
leaf_value=0.019497608655054153 0.0003259135572771437 -0.041666736836672873 0.013886808258908321 0.035565943650544558 -0.035673840221119052 -0.037049035167276867 -0.0028333247934362663
leaf_weight=6.3871014900505534 5.3617110773921013 4.0640009567141524 15.989179737865927 4.6161055676639107 4.5676365382969371 4.7865802682936174 3.1792580597102642
leaf_count=27 29 29 68 21 26 24 26
internal_value=-0.000125213 -0.00306976 0.00134987 0.00886944 0.00287464 -0.0173025 -0.0246217
internal_weight=48.9516 42.5645 35.3212 25.1729 20.5568 10.1483 7.24326
internal_count=250 223 168 115 94 53 55
is_linear=0
shrinkage=0.05


Tree=161
num_leaves=7
num_cat=0
split_feature=25 17 25 23 13 2
split_gain=0.903932 1.36304 1.20168 1.50327 1.45825 1.37972
threshold=-0.013357536330666551 -9.9420338022226156e-05 -0.0007289725619990527 0.0066468461892038597 64.95701778186303 0.0038578511509625994
decision_type=2 2 2 2 2 2
left_child=-1 -2 4 5 -3 -4
right_child=1 2 3 -5 -6 -7
leaf_value=-0.018157873725669193 0.022900177823011413 -0.0022435480749811621 0.0019186365638549229 0.015460255156929567 0.025779091525287037 -0.020594874222013251
leaf_weight=5.9627072662115088 7.0569906532764426 10.973792590200903 11.759574487805368 6.5779303461313239 8.0467040538787824 16.152853682637215
leaf_count=27 23 39 46 23 27 65
internal_value=0.000417035 0.00224567 -0.000478233 -0.00604248 0.00961155 -0.0111099
internal_weight=66.5306 60.5678 53.5109 34.4904 19.0205 27.9124
internal_count=250 223 200 134 66 111
is_linear=0
shrinkage=0.05


Tree=162
num_leaves=8
num_cat=0
split_feature=16 8 16 19 10 5 0
split_gain=0.895472 1.52888 1.13862 1.61388 1.49073 2.07116 0.646753
threshold=0.0090231654934771303 -0.0037264772288819123 0.0047460775807552221 -0.020483140892346704 0.0094397958280780254 0.0030684211450683683 -0.00054324566205599101
decision_type=2 2 2 2 2 2 2
left_child=1 -1 4 -4 5 -3 -5
right_child=-2 2 3 6 -6 -7 -8
leaf_value=-0.024640487539441716 0.020677047514644064 -0.019005843129387669 -0.010719888513903245 0.033048659564807563 -0.029845910283174765 0.013168568868507195 0.010821473155497967
leaf_weight=6.646631531417369 4.6448661386966696 8.4250639900565201 6.421485215425494 5.4386904388666162 5.1994452625513068 12.310445085167883 8.2177373468875849
leaf_count=32 16 46 27 20 24 53 32
internal_value=-0.000368191 -0.0022245 0.00101352 0.00995282 -0.00590696 9.57536e-05 0.0196735
internal_weight=57.3044 52.6595 46.0129 20.0779 25.935 20.7355 13.6564
internal_count=250 234 202 79 123 99 52
is_linear=0
shrinkage=0.05


Tree=163
num_leaves=6
num_cat=0
split_feature=21 16 30 30 22
split_gain=1.10731 1.29755 1.21293 2.06204 1.54332
threshold=0.0041028034896761776 0.0029614993533720563 -0.012568522530608526 -0.0034444174679946755 0.0045434201688173701
decision_type=2 2 2 2 2
left_child=1 -1 -3 -4 -5
right_child=-2 2 3 4 -6
leaf_value=0.020497108222441739 -0.024868578510735481 0.02093253517878273 -0.038931822133469046 0.0052858169032665766 -0.024556241615717518
leaf_weight=7.9442052096128455 4.1347404941916457 5.0577701628208152 4.0118627399206153 22.116660293191678 5.387965001165866
leaf_count=28 28 30 29 101 34
internal_value=-0.000117415 0.0021814 -0.00179691 -0.00544454 -0.000560035
internal_weight=48.6532 44.5185 36.5743 31.5165 27.5046
internal_count=250 222 194 164 135
is_linear=0
shrinkage=0.05


Tree=164
num_leaves=8
num_cat=0
split_feature=28 21 13 9 13 17 33
split_gain=0.904233 1.41298 1.55819 1.29708 1.28052 1.38862 1.69789
threshold=-0.010406029466580867 0.00055916833303382163 57.390467394517586 184.02539978027346 47.669056932654044 0.00010488650687841084 0.47500000000000003
decision_type=2 2 2 2 2 2 2
left_child=1 2 -1 4 -2 6 -6
right_child=3 -3 -4 -5 5 -7 -8
leaf_value=0.033077338942994611 0.019449013049220105 -0.0071581023136490611 0.0026902576808901526 -0.024866741426584276 -0.010297269807810497 -0.029050040544496114 0.019708188438824058
leaf_weight=7.5886854603886666 6.4837491214275351 10.4460521787405 9.5000160634517652 6.5173318013548842 13.338541179895406 5.0047317594289771 7.2921442985534659
leaf_count=30 23 36 36 31 49 20 25
internal_value=0.000405184 0.00732881 0.0161844 -0.00452902 -0.000402275 -0.00542309 0.000308492
internal_weight=66.1713 27.5348 17.0887 38.6365 32.1192 25.6354 20.6307
internal_count=250 102 66 148 117 94 74
is_linear=0
shrinkage=0.05


Tree=165
num_leaves=10
num_cat=0
split_feature=16 17 5 25 33 25 13 28 3
split_gain=0.826478 1.50937 1.54828 1.30517 2.21359 1.22329 1.23526 0.980274 0.584792
threshold=0.0090231654934771303 -1.6217353416146792e-05 0.0043455081136839829 0.0012177978034709771 0.30500000000000005 0.0081513609403262039 60.933609708244667 -1.0000000180025095e-35 0.011887534438450033
decision_type=2 2 2 2 2 2 2 2 2
left_child=1 2 -1 4 8 -5 -7 -6 -3
right_child=-2 3 -4 5 7 6 -8 -9 -10
leaf_value=-0.0050022780366759919 0.019913222002331352 -0.012203274521200277 -0.042989659985282931 0.023181355108085246 -0.0077568591817204109 0.014513247325293044 -0.018372481994504249 0.022790253057735996 -0.039820491662316458
leaf_weight=8.057037051767109 4.6197061017155638 3.4399602785706547 4.0209497697651377 10.388343408703806 5.2213190346956262 6.2612932026386243 5.2496108934283257 5.2843248993158314 4.3290756158530712
leaf_count=38 16 17 22 38 24 27 23 21 24
internal_value=-0.000358087 -0.00215032 -0.0176489 0.0025092 -0.00735633 0.0107419 -0.00048447 0.0076083 -0.0275922
internal_weight=56.8716 52.2519 12.078 40.1739 18.2747 21.8992 11.5109 10.5056 7.76904
internal_count=250 234 60 174 86 88 50 45 41
is_linear=0
shrinkage=0.05


Tree=166
num_leaves=10
num_cat=0
split_feature=16 22 32 27 5 23 7 8 22
split_gain=1.07678 1.89176 1.23132 1.538 2.10107 1.92085 1.17996 0.407797 0.00206861
threshold=0.0047460775807552221 -0.0072886065952298398 -0.30575873132241521 0.0012001147166267325 0.0030232517685045237 -0.0044235722501997912 184.16865005493167 0.0066055588606794618 0.00085918318370781243
decision_type=2 2 2 2 2 2 2 2 2
left_child=2 -2 -1 5 -5 -4 7 8 -3
right_child=1 6 3 4 -6 -7 -8 -9 -10
leaf_value=0.020875942498583971 0.013014175376005112 -0.037622551184475522 -0.015643003529105352 0.007100230752237955 -0.037670292595179136 0.025189692733593828 0.010038260479488578 -0.0091049030608541907 -0.035883284429441741
leaf_weight=8.9626162722706777 5.5440194457769421 3.4909333661198598 4.4474848769605151 5.2818954139947873 5.2010365575551987 8.1728674843907374 2.1554438695311537 1.6540035009384153 3.3502180837094784
leaf_count=35 21 30 20 21 24 32 10 16 41
internal_value=-0.000162561 -0.0106718 0.00514507 -0.000957522 -0.0151124 0.0108 -0.0230013 -0.0313843 -0.0367708
internal_weight=48.2605 16.1946 32.0659 23.1033 10.4829 12.6204 10.6506 8.49515 6.84115
internal_count=250 118 132 97 45 52 97 87 71
is_linear=0
shrinkage=0.05


Tree=167
num_leaves=10
num_cat=0
split_feature=22 22 16 12 11 7 32 32 27
split_gain=0.887732 2.09381 1.88437 2.29997 1.73178 1.62158 1.23667 0.997558 0.699344
threshold=0.00085918318370781243 0.0051204262257879005 0.0069626959798616264 0.017714080542168768 183.58015914916996 177.03535079956058 -0.088147405897493716 -0.11294226604644329 0.0048540461422792456
decision_type=2 2 2 2 2 2 2 2 2
left_child=2 8 3 5 6 -1 -3 -7 -2
right_child=1 4 -4 -5 -6 7 -8 -9 -10
leaf_value=0.0034606846571317075 -0.03551296013341574 0.029815698257529763 -0.02084448461906796 -0.011883120513662566 -0.019785467639852602 0.04578936720136223 0.00075098973588704453 0.016829635739793781 -0.010674779735938975
leaf_weight=8.5487342253327423 5.5347332954406721 6.230815961956977 5.4409581422805777 7.7628865987062445 5.6121607646346083 6.2433659136295336 8.8696371167898196 5.6780235916376078 5.8076037541031837
leaf_count=32 22 24 23 29 22 21 32 22 23
internal_value=0.000429191 -0.0055265 0.00609854 0.0112909 0.00392987 0.0200792 0.0127438 0.0319962 -0.0227951
internal_weight=65.7289 32.055 33.674 28.233 20.7126 20.4701 15.1005 11.9214 11.3423
internal_count=250 123 127 104 78 75 56 43 45
is_linear=0
shrinkage=0.05


Tree=168
num_leaves=9
num_cat=0
split_feature=14 19 22 33 20 28 29 28
split_gain=0.811665 1.1286 1.81326 1.80557 2.17279 1.03237 1.01075 1.545
threshold=0.97373123807739648 -0.032155153630750603 0.0025866700644602285 0.13500000000000004 0.010893975772034438 -0.0067650090957211409 -1.0000000180025095e-35 0.044656754562935615
decision_type=2 2 2 2 2 2 2 2
left_child=1 5 3 -3 -5 -1 7 -4
right_child=-2 2 6 4 -6 -7 -8 -9
leaf_value=-0.03290684346557135 0.015536247453276662 -0.034235786373852349 -0.01069145113111878 0.015866001621802704 -0.022582564577232549 -0.0039075206875431399 0.032682796959086283 0.02674893982487337
leaf_weight=5.0810052044689655 7.0205617025494567 4.9939713180065182 6.2393581271171588 9.1317835226654989 6.1486056372523299 7.7503456361591798 5.1126217432320109 4.9346478804945946
leaf_count=29 27 26 29 38 30 33 20 18
internal_value=-0.000371664 -0.00263279 0.00184472 -0.00813535 0.00039486 -0.0153908 0.0142684 0.00584292
internal_weight=56.4129 49.3923 36.561 20.2744 15.2804 12.8314 16.2866 11.174
internal_count=250 223 161 94 68 62 67 47
is_linear=0
shrinkage=0.05


Tree=169
num_leaves=7
num_cat=0
split_feature=21 27 16 30 16 30
split_gain=1.03581 1.2406 1.29564 1.26629 1.28673 0.980061
threshold=0.0041028034896761776 0.030911446345040065 0.0059697849598841632 -0.012568522530608526 0.0045543315282093174 0.010513609887069732
decision_type=2 2 2 2 2 2
left_child=1 2 3 -1 -5 -4
right_child=-2 -3 5 4 -6 -7
leaf_value=0.030472219047967576 -0.024408101515187356 0.024724550784572606 -0.037874211488936348 0.0043704448489647572 -0.023680925462357963 0.00174691754076713
leaf_weight=3.7252522110938981 4.029443282634019 5.3157366141676894 3.7795427627861491 23.367019467055805 4.9549290761351577 2.6586817912757397
leaf_count=17 28 21 37 97 36 14
internal_value=-0.000148877 0.00208283 -0.00104453 0.00306746 -0.000537147 -0.0215126
internal_weight=47.8306 43.8012 38.4854 32.0472 28.3219 6.43822
internal_count=250 222 201 150 133 51
is_linear=0
shrinkage=0.05


Tree=170
num_leaves=9
num_cat=0
split_feature=28 28 9 13 13 28 24 6
split_gain=0.836314 1.37532 1.19583 1.19185 1.16239 2.17305 1.14376 0.700694
threshold=-0.010406029466580867 -0.024131775791238704 184.02539978027346 49.550040541646901 58.161939019989298 0.0099984555456110753 -0.011082942364893987 0.99612705002064317
decision_type=2 2 2 2 2 2 2 2
left_child=1 6 3 -2 -5 -6 -1 -8
right_child=2 -3 -4 4 5 -7 7 -9
leaf_value=-0.01624045092544469 0.016958144191070633 0.023185908075565309 -0.024187168553023719 -0.023675789086206132 -0.020626241361719148 0.015296152821875245 -0.0038140872326890142 0.021374449021933459
leaf_weight=7.2083619162440327 7.5412591248750713 8.9449574425816518 6.3367069214582434 6.6130289584398296 7.0179203152656582 10.522033825516699 5.2815094441175479 5.7853356897830963
leaf_count=29 27 33 31 26 25 39 19 21
internal_value=0.000430453 0.00712134 -0.00435847 -0.000394065 -0.00581193 0.000923225 -0.000741596 0.00935354
internal_weight=65.2511 27.2202 38.0309 31.6942 24.153 17.54 18.2752 11.0668
internal_count=250 102 148 117 90 64 69 40
is_linear=0
shrinkage=0.05


Tree=171
num_leaves=10
num_cat=0
split_feature=23 21 16 3 27 0 6 17 24
split_gain=0.80859 0.906422 2.04175 1.73669 1.72307 1.4641 1.15029 0.623737 0.0684853
threshold=-0.0093579012357998242 0.00090965672952703091 0.0046283660097109292 0.011596907286833049 -0.013281257467528005 -0.0013172793266509328 1.0989061426307587 0.00013995385229205389 -0.002015135361664921
decision_type=2 2 2 2 2 2 2 2 2
left_child=-1 2 7 -4 -3 -6 -7 8 -2
right_child=1 4 3 -5 5 6 -8 -9 -10
leaf_value=0.013076264175546548 -0.029459840208059737 0.033896155236712404 -0.016179432817642055 0.02118682801793282 -0.025693380917241507 0.01566031859640183 -0.013143391365338554 -0.0078642597639968261 -0.03938985617952033
leaf_weight=9.3203866034746152 3.0553336776792985 3.9461498707532909 5.9761851876974088 6.4827352464199066 5.0008694902062478 9.826212145388121 5.355184778571128 2.9893701672554016 4.0221451185643708
leaf_count=36 24 14 31 23 21 39 22 15 25
internal_value=-0.000368936 -0.00305496 -0.0102679 0.00326331 0.00367891 -0.00222933 0.00549991 -0.0270145 -0.0351031
internal_weight=55.9746 46.6542 22.5258 12.4589 24.1284 20.1823 15.1814 10.0668 7.07748
internal_count=250 214 118 54 96 82 61 64 49
is_linear=0
shrinkage=0.05


Tree=172
num_leaves=9
num_cat=0
split_feature=27 4 30 2 12 13 20 12
split_gain=0.999626 1.37117 1.37139 2.17656 2.31773 1.736 2.95131 0.903956
threshold=-0.025565756823225868 0.0021647214180127586 0.0068599290075537231 -0.0015655103236245636 0.019366018310828525 58.161939019989298 0.05962952566492364 -0.001389484237431744
decision_type=2 2 2 2 2 2 2 2
left_child=-1 -2 5 -4 -5 7 -7 -3
right_child=1 2 3 4 -6 6 -8 -9
leaf_value=-0.018690034541706976 0.028755682763399817 -0.0040635614719721899 0.033480985641764327 -0.019533932943174862 0.025600371530612072 -0.018804421382423241 0.036488137971147715 -0.03883306465183578
leaf_weight=6.3062683120369902 4.4937259182333937 2.830002333968876 6.1247608736157444 7.7737749814987165 4.485698152333498 5.8814726769924146 4.0927454344928265 5.5069414824247396
leaf_count=30 17 16 21 41 22 33 23 47
internal_value=-0.000151812 0.00268649 -0.000505953 0.00914078 -0.00301945 -0.0101912 0.00388391 -0.0270304
internal_weight=47.4954 41.1891 36.6954 18.3842 12.2595 18.3112 9.97422 8.33694
internal_count=250 220 203 84 63 119 56 63
is_linear=0
shrinkage=0.05


Tree=173
num_leaves=7
num_cat=0
split_feature=25 19 0 12 9 32
split_gain=0.845672 1.22758 1.6456 2.33789 1.6069 1.30885
threshold=-0.013357536330666551 0.040467463007027978 -0.0028784257212950411 -0.00033154011087706861 184.26502494812016 -0.22955930697366506
decision_type=2 2 2 2 2 2
left_child=-1 2 -2 -4 -5 -3
right_child=1 5 3 4 -6 -7
leaf_value=-0.017786738486290542 -0.022050472394704951 0.033642096198123243 0.031979483005256978 0.0022469016837883132 -0.028801779584118139 0.0016306602667624289
leaf_weight=5.8005172722041598 8.1066521853208524 5.7385624498128891 5.8017831593751898 27.223923273384571 4.9203393459320059 7.198885075747965
leaf_count=27 30 21 20 99 25 28
internal_value=0.000430022 0.00222128 -0.0016017 0.0027669 -0.00250574 0.0158297
internal_weight=64.7907 58.9901 46.0527 37.946 32.1443 12.9374
internal_count=250 223 174 144 124 49
is_linear=0
shrinkage=0.05


Tree=174
num_leaves=9
num_cat=0
split_feature=14 15 2 24 24 27 27 5
split_gain=0.729888 1.06838 1.84207 0.950115 2.02754 1.65754 1.2592 0.0901056
threshold=0.97373123807739648 0.0054610857350438869 0.0052470240717461545 0.015935697666018548 0.010945829652386998 -1.0000000180025095e-35 0.0064307750651532167 0.0027215588316953699
decision_type=2 2 2 2 2 2 2 2
left_child=1 2 7 4 5 -3 -5 -1
right_child=-2 3 -4 6 -6 -7 -8 -9
leaf_value=-0.040812284749046857 0.014807134360092084 0.010847980319523318 0.0085526664033552923 -0.029409112545785984 0.034416155004657382 -0.016104590491183662 0.0064256328837070378 -0.028481406939750493
leaf_weight=3.0775996893644315 6.9469963833689681 13.761540204286575 4.1486029028892517 5.08751033246517 5.1136833727359763 9.7428316585719621 4.7312501892447472 2.8566577695310116
leaf_count=20 27 54 21 23 18 47 19 21
internal_value=-0.000350891 -0.0025212 -0.0170075 0.00127888 0.00588349 -0.000324169 -0.0121418 -0.0348764
internal_weight=55.4667 48.5197 10.0829 38.4368 28.6181 23.5044 9.81876 5.93426
internal_count=250 223 62 161 119 101 42 41
is_linear=0
shrinkage=0.05


Tree=175
num_leaves=9
num_cat=0
split_feature=16 22 19 21 16 26 34 24
split_gain=0.956682 1.80484 1.14392 2.12396 1.45907 1.0377 1.74634 0.235789
threshold=0.0059697849598841632 -0.0092024519482153382 -0.010052360297814309 -0.00090719209144074487 0.0036961037130545417 -0.0027505105221876098 0.49308034169249826 0.015241173381787545
decision_type=2 2 2 2 2 2 2 2
left_child=2 -2 5 -4 -5 -1 -7 -3
right_child=1 7 3 4 -6 6 -8 -9
leaf_value=-0.0043711240194516839 0.019867803520281224 -0.038270445905152418 -0.040738910267198142 0.013208537429476811 -0.021371946280878133 0.043997065978631261 0.0064133545453182311 -0.01623886164456019
leaf_weight=7.2660567276179817 2.4703897535800934 3.8786905966699106 3.5697568394243726 9.7637913227081281 4.4363665096461782 4.6366042345762244 9.2706499062478525 1.7679927609860895
leaf_count=31 10 39 28 34 36 16 38 18
internal_value=-0.00016261 -0.0157776 0.00309208 -0.00626207 0.00240502 0.0109426 0.0189436 -0.0313723
internal_weight=47.0603 8.11707 38.9432 17.7699 14.2002 21.1733 13.9073 5.64668
internal_count=250 67 183 98 70 85 54 57
is_linear=0
shrinkage=0.05


Tree=176
num_leaves=7
num_cat=0
split_feature=31 31 13 3 21 13
split_gain=0.815077 1.72379 1.43637 1.54344 1.96075 1.10956
threshold=-0.1696193232013079 -0.12228692610480486 69.923888621356937 0.012794040913308826 -0.0007087950948867493 53.791571444072368
decision_type=2 2 2 2 2 2
left_child=5 -2 3 4 -3 -1
right_child=1 2 -4 -5 -6 -7
leaf_value=0.006700637385643738 0.027293127197972791 0.014717886505290429 -0.021099048914020986 0.023425271094004586 -0.013068928276826808 -0.019720481826018311
leaf_weight=6.6283384487032917 6.6800892055034629 10.709641039371489 6.7925048545002928 7.9183380454778662 15.591281890869142 9.9214194118976575
leaf_count=24 24 43 29 27 64 39
internal_value=0.000422082 0.00373976 -9.6661e-05 0.0040723 -0.00175424 -0.00913857
internal_weight=64.2416 47.6919 41.0118 34.2193 26.3009 16.5498
internal_count=250 187 163 134 107 63
is_linear=0
shrinkage=0.05


Tree=177
num_leaves=8
num_cat=0
split_feature=23 19 8 25 17 30 14
split_gain=0.730064 0.861998 1.24525 1.51016 1.13932 1.70448 1.02086
threshold=-0.0093579012357998242 -0.041394857340756423 -1.0000000180025095e-35 0.0029042696538627015 3.8069226234261601e-05 0.0026718600951635145 0.77383615920621784
decision_type=2 2 2 2 2 2 2
left_child=-1 6 3 -3 5 -4 -2
right_child=1 2 4 -5 -6 -7 -8
leaf_value=0.012486671122983767 -0.0014616686892254364 -0.029766994699627871 0.018302745001249409 0.0097234556972711356 0.023802617904724713 -0.012015508076001248 -0.034511696769884088
leaf_weight=9.2039331942796689 5.1639004684984666 6.1842414028942532 7.7191866636276343 3.9782368242740631 6.8690472394227973 11.605517175048588 4.2672372609376907
leaf_count=36 29 33 29 21 29 54 19
internal_value=-0.000362924 -0.00294588 0.000548279 -0.0143079 0.00631209 9.50141e-05 -0.0164156
internal_weight=54.9913 45.7874 36.3562 10.1625 26.1938 19.3247 9.43114
internal_count=250 214 166 54 112 83 48
is_linear=0
shrinkage=0.05


Tree=178
num_leaves=6
num_cat=0
split_feature=21 16 27 1 24
split_gain=0.957166 1.14673 1.31346 1.83343 1.62482
threshold=0.0041028034896761776 0.0029614993533720563 -0.025565756823225868 -0.0045093929214865538 -0.01445114893823962
decision_type=2 2 2 2 2
left_child=1 -1 -3 -4 -5
right_child=-2 2 3 4 -6
leaf_value=0.019604872909934672 -0.023869224478417564 -0.027999164596662653 0.028048071536811266 0.017626069163080987 -0.011307879975088168
leaf_weight=7.6068014502525321 3.9007543586194506 4.2126202806830397 5.4612648859620085 6.5274269171059158 18.904911562800411
leaf_count=28 28 22 26 29 117
internal_value=-0.000160277 0.00200494 -0.00180861 0.00176271 -0.00388173
internal_weight=46.6138 42.713 35.1062 30.8936 25.4323
internal_count=250 222 194 172 146
is_linear=0
shrinkage=0.05


Tree=179
num_leaves=9
num_cat=0
split_feature=25 25 21 7 13 4 8 5
split_gain=0.783284 1.17225 1.22142 1.53793 1.03876 1.80779 0.996844 1.68089
threshold=-0.013357536330666551 -0.0007289725619990527 -0.00040527243065019419 176.51705245971684 57.122273123638756 0.0053356876388764027 0.0013854049328745641 0.0035702311169107451
decision_type=2 2 2 2 2 2 2 2
left_child=-1 2 -2 -4 5 -3 -6 -8
right_child=1 4 3 -5 6 -7 7 -9
leaf_value=-0.017315430020955723 0.03338137474270704 0.01932699920363239 0.023106787405121527 -0.0089821351840343403 -0.027503223541575129 -0.015219202195791898 -0.018204521168613982 0.014743984159557473
leaf_weight=5.6662034168839446 4.9804212301969555 10.229303598403932 6.5651484429836264 8.6584499850869161 6.0071625933051136 6.0129304975271216 8.7019044831395131 6.9723821431398383
leaf_count=27 16 39 22 34 26 24 36 26
internal_value=0.000429959 0.00215975 0.0118878 0.00485615 -0.00302291 0.00653788 -0.0101852 -0.00354806
internal_weight=63.7939 58.1277 20.204 15.2236 37.9237 16.2422 21.6814 15.6743
internal_count=250 223 72 56 151 63 88 62
is_linear=0
shrinkage=0.05


Tree=180
num_leaves=7
num_cat=0
split_feature=17 15 13 24 23 25
split_gain=0.698749 1.09896 2.06511 1.68403 1.54444 1.41824
threshold=-9.9420338022226156e-05 0.0075177942944081033 53.791571444072368 -0.018221782193865606 -0.0037387814530928649 -0.0007289725619990527
decision_type=2 2 2 2 2 2
left_child=-1 2 -2 -4 -3 -5
right_child=1 4 3 5 -6 -7
leaf_value=-0.017508667708658644 -0.031321668213682638 0.035738016349969301 -0.028293394650995313 -0.0076800332592575323 -0.0006387438841001067 0.015459383175204046
leaf_weight=5.360979512333869 5.40149076655507 5.0405801460146904 3.9838764145970336 10.835697859525682 6.9286120198667032 17.028413791209463
leaf_count=27 31 19 19 51 31 72
internal_value=-0.000366798 0.00150032 -0.00273483 0.00211357 0.0146806 0.00646101
internal_weight=54.5797 49.2187 37.2495 31.848 11.9692 27.8641
internal_count=250 223 173 142 50 123
is_linear=0
shrinkage=0.05


Tree=181
num_leaves=9
num_cat=0
split_feature=25 19 26 16 32 26 20 30
split_gain=0.92763 1.39819 1.72717 1.637 1.35631 2.6023 1.0231 0.530285
threshold=-0.013357536330666551 0.035083059197488227 -0.0027505105221876098 0.0029614993533720563 -0.0040811597103695653 0.028204673365416547 0.069111618805610134 0.00283199757089081
decision_type=2 2 2 2 2 2 2 2
left_child=-1 2 3 -2 5 -4 -3 -5
right_child=1 6 4 7 -6 -7 -8 -9
leaf_value=0.018061993879867511 0.013383971064482723 -0.041200348314751306 0.014963779893335541 -0.01471324180566066 0.033266676777499005 -0.024499546030624018 -0.0018855348384363324 -0.043647239533259614
leaf_weight=6.0785329379141322 3.0531740337610227 3.7261892147362223 13.477941814810039 2.8023415505886078 4.4689241312444237 6.0537999495863906 2.9767921715974808 3.64103963971138
leaf_count=27 11 29 61 20 21 33 26 22
internal_value=-0.000142617 -0.00289527 0.001276 -0.0167734 0.00841776 0.00273225 -0.0237407 -0.0310633
internal_weight=46.2787 40.2002 33.4972 9.49656 24.0007 19.5317 6.70298 6.44338
internal_count=250 223 168 53 115 94 55 42
is_linear=0
shrinkage=0.05


Tree=182
num_leaves=10
num_cat=0
split_feature=22 22 16 34 0 10 3 12 27
split_gain=0.801628 1.81399 1.67203 1.98792 1.62927 1.46094 1.19769 1.11771 0.612904
threshold=0.00085918318370781243 0.0051204262257879005 0.0069626959798616264 0.2529909257254303 0.0025248110765860869 0.0094397958280780254 0.0089711547863126091 0.018148236723841006 0.0048540461422792456
decision_type=2 2 2 2 2 2 2 2 2
left_child=2 8 3 -1 7 6 -3 -5 -2
right_child=1 5 -4 4 -6 -7 -8 -9 -10
leaf_value=0.036690177827053215 -0.03408958039742721 0.0069050305941381731 -0.020169102521714551 0.022457213258386826 -0.017280704516173719 0.025105403662576888 -0.022511566611908847 -0.0064368075792620846 -0.010280727647491767
leaf_weight=5.8452132940292385 5.2569067329168337 8.6242820620536822 5.1703244596719733 10.015513941645624 6.4229835867881766 5.6487222313880912 5.7786885425448409 5.0268594175577155 5.5640513338148594
leaf_count=20 22 34 23 39 26 20 24 19 23
internal_value=0.000420179 -0.00534879 0.0059035 0.0108395 0.00380007 0.00355467 -0.00489735 0.0128014 -0.0218473
internal_weight=63.3535 30.8727 32.4809 27.3106 21.4654 20.0517 14.403 15.0424 10.821
internal_count=250 123 127 104 84 78 58 58 45
is_linear=0
shrinkage=0.05


Tree=183
num_leaves=9
num_cat=0
split_feature=8 16 8 8 10 5 14 32
split_gain=0.679921 1.12586 1.71013 2.08518 1.37156 1.68466 1.52176 1.06331
threshold=-0.0037264772288819123 0.0047460775807552221 0.00020768248968327924 0.0048895275105806197 0.0094397958280780254 0.0030684211450683683 0.66422254850213547 -0.093948365971808001
decision_type=2 2 2 2 2 2 2 2
left_child=-1 4 -3 -4 5 7 -7 -2
right_child=1 2 3 -5 -6 6 -8 -9
leaf_value=-0.014325752611245038 -0.03579408688096436 0.034167510415099203 -0.015627785232457392 0.019802009313489015 -0.029293858257660572 -0.0050169600518831332 0.030874783460045602 0.0011334898849995872
leaf_weight=7.5369809940457335 3.9725578837096691 5.5125347748398807 8.3334041684865969 8.2781627923250181 4.8638796135783187 6.1353234872221929 5.694077055901289 3.8276650980114999
leaf_count=36 24 22 39 30 24 31 22 22
internal_value=-0.000392326 0.00186038 0.0100362 0.0020282 -0.00552451 0.000365125 0.0122595 -0.0176733
internal_weight=54.1546 46.6176 22.1241 16.6116 24.4935 19.6296 11.8294 7.80022
internal_count=250 214 91 69 123 99 53 46
is_linear=0
shrinkage=0.05


Tree=184
num_leaves=11
num_cat=0
split_feature=16 22 2 19 16 32 30 28 8 7
split_gain=0.917688 1.6354 1.14908 1.47227 1.87636 1.1065 1.50358 0.769515 0.00701087 0.00315011
threshold=0.0057031696737131028 -0.010224915326078053 -0.0062748452457546114 -0.010052360297814309 0.0036961037130545417 -0.2634482508787514 1.0000000180025095e-35 0.030967893698327423 -0.0028248719523216803 183.34119873046879
decision_type=2 2 2 2 2 2 2 2 2 2
left_child=2 -2 -1 5 -5 -4 -7 8 -3 -6
right_child=1 7 3 4 9 6 -8 -9 -10 -11
leaf_value=0.025411392347856027 0.022116873021403402 -0.040168519446216508 0.02843902844748222 0.0011403430680472413 -0.036090858621708501 0.023342585343006754 -0.012724772143319622 -0.00087920974345804799 -0.036223940924432818 -0.038684129032119
leaf_weight=5.1147407814860335 2.2941424399614334 1.8463412448763845 5.3757195025682476 9.2420605570077914 2.9803129956126204 4.7084554657340032 7.4802314564585686 2.0163839273154736 2.8890399150550348 1.9289764724671838
leaf_count=20 9 14 19 34 36 18 32 19 34 15
internal_value=-8.54094e-05 -0.0143546 0.00341925 -0.000127387 -0.0121291 0.00954223 0.00120795 -0.0267471 -0.0377619 -0.0371098
internal_weight=45.8764 9.04591 36.8305 31.7158 14.1514 17.5644 12.1887 6.75177 4.73538 4.90929
internal_count=250 76 174 154 85 69 50 67 48 51
is_linear=0
shrinkage=0.05


Tree=185
num_leaves=9
num_cat=0
split_feature=29 28 22 7 17 33 7 28
split_gain=0.798763 1.18011 1.42874 1.328 1.0472 1.55517 1.66189 1.2001
threshold=0.01020575744528507 -0.010406029466580867 0.00050791732461208394 176.19570388793949 8.9456825443524763e-05 0.47500000000000003 183.75104904174808 0.0099984555456110753
decision_type=2 2 2 2 2 2 2 2
left_child=1 2 3 -1 5 7 -7 -3
right_child=-2 4 -4 -5 -6 6 -8 -9
leaf_value=0.0018953286372499411 -0.018710365979319431 -0.032059205934868593 -0.0051209081371116315 0.033268168390270157 -0.021502544406837909 0.029272906541032019 -0.0066160291231282461 -0.0013313231414296184
leaf_weight=5.6073709055781391 5.0299875587224951 4.4734391681849983 8.5778270512819272 8.465560242533682 6.6710774451494208 7.2090150564908964 5.8378361314535141 10.968971386551855
leaf_count=21 22 19 35 30 28 25 25 45
internal_value=0.000400448 0.00206323 0.0109637 0.0207676 -0.00367055 0.000505011 0.0132143 -0.0102327
internal_weight=62.8411 57.8111 22.6508 14.0729 35.1603 28.4893 13.0469 15.4424
internal_count=250 228 86 51 142 114 50 64
is_linear=0
shrinkage=0.05


Tree=186
num_leaves=9
num_cat=0
split_feature=0 0 30 29 4 27 5 26
split_gain=0.67326 1.20447 1.13528 1.77298 2.20064 1.21633 1.0297 0.663441
threshold=-0.0032192089313086698 -0.0015440340647152604 0.0020930687228998273 0.0010558219587901709 0.0029389900873799889 0.0094065978856880967 0.0043271328639964126 0.0088536452964012042
decision_type=2 2 2 2 2 2 2 2
left_child=-1 -2 6 5 -5 -4 7 -3
right_child=1 2 3 4 -6 -7 -8 -9
leaf_value=0.01310051848489238 -0.022562711544226399 -0.0087633392528198416 -0.037060117378025739 -0.02300116233413221 0.019696512453395529 -0.002563149654925892 0.030796010517401429 0.016433177759806218
leaf_weight=7.8642472699284545 6.5622039958834639 5.789683021605013 5.7734071612358111 4.4992993287742129 9.1644157543778402 4.5841015353798866 4.6747792884707442 4.7607812955975533
leaf_count=33 30 26 30 30 39 22 20 20
internal_value=-0.000414884 -0.00273515 0.000580113 -0.00619015 0.00563667 -0.0217922 0.0112617 0.00260631
internal_weight=53.6729 45.8087 39.2465 24.0212 13.6637 10.3575 15.2252 10.5505
internal_count=250 217 187 121 69 52 66 46
is_linear=0
shrinkage=0.05


Tree=187
num_leaves=6
num_cat=0
split_feature=21 16 27 1 1
split_gain=0.890993 1.05145 1.20243 1.63255 1.48142
threshold=0.0041028034896761776 0.0029614993533720563 -0.025565756823225868 -0.0045093929214865538 0.0066108318049749046
decision_type=2 2 2 2 2
left_child=1 -1 -3 -4 -5
right_child=-2 2 3 4 -6
leaf_value=0.01911936143428343 -0.02333101790060417 -0.027221138132533698 0.026726723870210037 -0.012187950264244999 0.013790525749410993
leaf_weight=7.3969125747680655 3.7795915082097045 4.0581820532679549 5.383776891976594 16.681989507749684 8.1778795123100263
leaf_count=28 28 22 26 99 47
internal_value=-8.52513e-05 0.00202175 -0.00166521 0.00176396 -0.00364209
internal_weight=45.4783 41.6987 34.3018 30.2436 24.8599
internal_count=250 222 194 172 146
is_linear=0
shrinkage=0.05


Tree=188
num_leaves=7
num_cat=0
split_feature=31 31 13 3 21 13
split_gain=0.786597 1.51126 1.31889 1.38279 1.77771 0.959669
threshold=-0.1696193232013079 -0.12228692610480486 69.923888621356937 0.012794040913308826 -0.0007087950948867493 53.791571444072368
decision_type=2 2 2 2 2 2
left_child=5 -2 3 4 -3 -1
right_child=1 2 -4 -5 -6 -7
leaf_value=0.0058007356226972787 0.026132493431045942 0.01444491809520386 -0.020434197153734818 0.022632670667076284 -0.012419861611974821 -0.019099222549524147
leaf_weight=6.4665256217122105 6.4753302484750739 10.38042479008436 6.5428920723497859 7.7418828457593909 15.138421863317491 9.6354736313223821
leaf_count=24 24 43 29 27 64 39
internal_value=0.00041912 0.00373095 8.66258e-05 0.00412338 -0.00149195 -0.00909946
internal_weight=62.381 46.279 39.8036 33.2607 25.5188 16.102
internal_count=250 187 163 134 107 63
is_linear=0
shrinkage=0.05


Tree=189
num_leaves=7
num_cat=0
split_feature=14 29 24 24 0 24
split_gain=0.678316 1.158 1.47264 1.56106 1.29366 0.897348
threshold=0.97373123807739648 -0.0093031486362166165 0.015935697666018548 0.010945829652386998 0.0018155390695802078 0.025053239671577802
decision_type=2 2 2 2 2 2
left_child=1 -1 3 4 -3 -4
right_child=-2 2 5 -5 -6 -7
leaf_value=0.021755300675369762 0.01439441838833516 0.0016036186999453918 -0.040451687810581553 0.024780492473876106 -0.022525519357144641 -0.0085949734039422222
leaf_weight=4.426502749323844 6.743049941956996 20.381064251065258 4.0785829536616784 5.2316658347845069 7.6361791342496863 4.8263863176107407
leaf_count=20 27 99 24 20 39 21
internal_value=-0.000427359 -0.00257298 -0.00512765 -0.000291203 -0.00497285 -0.0231857
internal_weight=53.3234 46.5804 42.1539 33.2489 28.0172 8.90497
internal_count=250 223 203 158 138 45
is_linear=0
shrinkage=0.05


Tree=190
num_leaves=11
num_cat=0
split_feature=19 16 27 26 26 24 24 12 10 24
split_gain=0.847952 1.44386 1.30687 1.25438 2.36911 2.46556 2.14269 0.859721 0.0108532 0.000767364
threshold=-0.0083345785689715162 0.0039904734844943496 0.012253084301473429 -0.0027505105221876098 0.012834827503857007 -0.017078451661609147 0.014415285199557594 0.011018634273244629 -0.0013339708308749778 -0.001535653720560026
decision_type=2 2 2 2 2 2 2 2 2 2
left_child=3 7 8 6 -5 -6 -1 -2 -3 -10
right_child=1 2 -4 4 5 -7 -8 -9 9 -11
leaf_value=-0.033371435817507671 -0.0077958838048866929 -0.040487642564359404 0.0031588176812598571 0.043821881562978025 0.032705932786663582 -0.015857659321361055 0.017416589237761085 0.019130900136413533 -0.036579975115746351 -0.035109183637377785
leaf_weight=4.4150399416685122 6.9891492165625113 2.0076962374150753 3.0524396784603596 4.8036584891378906 4.118498899042609 7.1524511426687196 3.9210922531783581 5.1476355753839016 1.8918155916035178 1.669386588037012
leaf_count=22 29 12 28 20 15 38 19 21 20 26
internal_value=-6.03612e-05 -0.0074894 -0.0231354 0.00625706 0.0144192 0.00188788 -0.00948212 0.00362471 -0.0375479 -0.0358905
internal_weight=45.1689 20.7581 8.62134 24.4107 16.0746 11.271 8.33613 12.1368 5.5689 3.5612
internal_count=250 136 86 114 73 53 41 50 58 46
is_linear=0
shrinkage=0.05


Tree=191
num_leaves=9
num_cat=0
split_feature=29 28 22 7 17 33 7 28
split_gain=0.754717 1.12183 1.30193 1.20001 0.948462 1.47428 1.50815 1.09448
threshold=0.01020575744528507 -0.010406029466580867 0.00050791732461208394 176.19570388793949 8.9456825443524763e-05 0.47500000000000003 183.75104904174808 0.0099984555456110753
decision_type=2 2 2 2 2 2 2 2
left_child=1 2 3 -1 5 7 -7 -3
right_child=-2 4 -4 -5 -6 6 -8 -9
leaf_value=0.0021171317887800573 -0.018258087447949125 -0.031151262917691904 -0.0047048250722731668 0.03211144927001635 -0.020736752422909049 0.028299540675112686 -0.0061353084097301525 -0.0015906912206815199
leaf_weight=5.5399168878793743 4.9786843433976165 4.3989516571164158 8.4551776349544507 8.3768309429287893 6.5440232455730429 7.0968896150588971 5.760833166539669 10.865953668951986
leaf_count=21 22 19 35 30 28 25 25 45
internal_value=0.000411413 0.002041 0.0107698 0.0201714 -0.00359206 0.000397436 0.0128712 -0.0101093
internal_weight=62.0173 57.0386 22.3719 13.9167 34.6667 28.1226 12.8577 15.2649
internal_count=250 228 86 51 142 114 50 64
is_linear=0
shrinkage=0.05


Tree=192
num_leaves=7
num_cat=0
split_feature=14 29 24 24 0 24
split_gain=0.650393 1.06295 1.38246 1.4452 1.20217 0.89488
threshold=0.97373123807739648 -0.0093031486362166165 0.015935697666018548 0.010945829652386998 0.0018155390695802078 0.025053239671577802
decision_type=2 2 2 2 2 2
left_child=1 -1 3 4 -3 -4
right_child=-2 2 5 -5 -6 -7
leaf_value=0.020859109816886469 0.014104075793574778 0.0014736884605801787 -0.040222782952513074 0.023850139679142346 -0.021905028126374602 -0.0081328483201566475
leaf_weight=4.3845407813787451 6.7027322351932517 20.312378089874986 3.9715385809540731 5.2039808630943289 7.5398786664009085 4.7961684092879295
leaf_count=20 27 99 24 20 39 21
internal_value=-0.000451149 -0.00256244 -0.0050178 -0.000336138 -0.00485516 -0.0226687
internal_weight=52.9112 46.2085 41.8239 33.0562 27.8523 8.76771
internal_count=250 223 203 158 138 45
is_linear=0
shrinkage=0.05


Tree=193
num_leaves=9
num_cat=0
split_feature=25 19 26 16 32 26 20 30
split_gain=0.866185 1.231 1.54182 1.49897 1.27867 2.3998 0.98491 0.465079
threshold=-0.013357536330666551 0.035083059197488227 -0.0027505105221876098 0.0029614993533720563 -0.0040811597103695653 0.028204673365416547 0.069111618805610134 0.00283199757089081
decision_type=2 2 2 2 2 2 2 2
left_child=-1 2 3 -2 5 -4 -3 -5
right_child=1 6 4 7 -6 -7 -8 -9
leaf_value=0.017800461012760942 0.013033956714225163 -0.040665939587270813 0.014220703967877796 -0.014914013664535739 0.032371763895633433 -0.024213736532397022 -0.0010414750287724682 -0.042586655927244033
leaf_weight=5.9126914367079726 2.9488837420940381 3.4968560747802249 13.183184280991556 2.7266790866851807 4.3687125816941288 5.8696707077324382 2.8434104807674885 3.4261516891419888
leaf_count=27 11 29 61 20 21 33 26 22
internal_value=-2.86684e-05 -0.00274119 0.00118783 -0.0162759 0.00797429 0.00238009 -0.0228956 -0.0303233
internal_weight=44.7762 38.8635 32.5233 9.10171 23.4216 19.0529 6.34027 6.15283
internal_count=250 223 168 53 115 94 55 42
is_linear=0
shrinkage=0.05


Tree=194
num_leaves=10
num_cat=0
split_feature=1 3 3 27 0 0 34 31 4
split_gain=0.74401 2.23951 1.00833 1.66193 1.55661 1.59715 1.33767 1.03223 0.764901
threshold=0.0059398264155492439 0.013694208017028366 0.0086687851114621867 0.013369589287541396 -0.0028784257212950411 -0.00036237761764257298 1.4704214444682686 0.025261276059599717 0.0035267491565922587
decision_type=2 2 2 2 2 2 2 2 2
left_child=2 -2 4 6 -1 -6 -4 -7 -3
right_child=1 8 3 -5 5 7 -8 -9 -10
leaf_value=-0.011958262501832814 -0.028207956583370938 -0.0080600863434865857 -0.00066477100395930205 0.017356073061805099 0.033863603550134395 0.020930828036394341 -0.035145691822928357 -0.0081418894787926525 0.0191736861264785
leaf_weight=6.1808723360300091 7.8574768528342274 4.624784015119074 6.1257971003651637 5.3320221975445738 8.135398551821714 5.6785672754049248 5.2007700353860855 6.6036160886287689 5.8264937028288841
leaf_count=25 33 18 25 23 32 23 22 27 22
internal_value=0.000408579 -0.0080401 0.00398452 -0.00566158 0.0100259 0.016681 -0.0164972 0.00529964 0.0071225
internal_weight=61.5658 18.3088 43.257 16.6586 26.5985 20.4176 11.3266 12.2822 10.4513
internal_count=250 73 177 70 107 82 47 50 40
is_linear=0
shrinkage=0.05


Tree=195
num_leaves=7
num_cat=0
split_feature=17 15 13 24 23 25
split_gain=0.640506 0.977078 1.86611 1.45512 1.35783 1.15696
threshold=-9.9420338022226156e-05 0.0075177942944081033 53.791571444072368 -0.018221782193865606 -0.0037387814530928649 -0.0007289725619990527
decision_type=2 2 2 2 2 2
left_child=-1 2 -2 -4 -3 -5
right_child=1 4 3 5 -6 -7
leaf_value=-0.017180977107584521 -0.030760510296518519 0.034340984501983023 -0.0268725485799815 -0.0070156842186667222 -0.0005089526382690276 0.014269833453959655
leaf_weight=5.1662127673625937 5.0867599733173838 4.7997969314455986 3.8372862711548796 10.409189336001875 6.6916619315743429 16.508956842124466
leaf_count=27 31 19 19 51 31 72
internal_value=-0.00046425 0.00136029 -0.00270733 0.0019325 0.0140473 0.00603877
internal_weight=52.4999 47.3337 35.8422 30.7554 11.4915 26.9181
internal_count=250 223 173 142 50 123
is_linear=0
shrinkage=0.05


Tree=196
num_leaves=10
num_cat=0
split_feature=16 22 7 34 1 31 2 8 22
split_gain=0.833532 1.59624 1.08246 1.06514 1.58383 3.24879 1.10436 0.391457 0.00136938
threshold=0.0047460775807552221 -0.0072886065952298398 184.22755050659183 1.9449044996885589 -0.0012332223745511459 0.042124243377993982 0.0029160427117009839 0.0064850944343266487 0.0010569714960984025
decision_type=2 2 2 2 2 2 2 2 2
left_child=3 -2 7 4 -1 6 -6 8 -3
right_child=1 2 -4 -5 5 -7 -8 -9 -10
leaf_value=0.018628098593206324 0.012471434636873696 -0.037113152263978946 0.011862756831240287 0.026591227325226938 -0.0095290647059406847 0.016469690004976095 -0.043891758932451258 -0.0079931422089857922 -0.035593614573302033
leaf_weight=8.2665946111083048 5.1752772927284232 3.2103008832782489 1.872938200831413 4.7169479690492144 4.4245027750730568 7.4902658164501181 4.9585760124027729 1.5207127742469309 2.7550779283046722
leaf_count=34 21 31 9 19 18 33 28 17 40
internal_value=8.54307e-06 -0.00981137 -0.0221331 0.00478887 0.000698144 -0.00808611 -0.0276884 -0.0306385 -0.0364114
internal_weight=44.3912 14.5343 9.35903 29.8569 25.1399 16.8733 9.38308 7.48609 5.96538
internal_count=250 118 97 132 113 79 46 88 71
is_linear=0
shrinkage=0.05


Tree=197
num_leaves=7
num_cat=0
split_feature=25 19 12 8 32 32
split_gain=0.736237 1.15423 1.495 1.34966 1.37801 1.00144
threshold=-0.012490013162696876 0.040467463007027978 -0.00033154011087706861 -0.0015945702780764443 -0.30575873132241521 -0.22955930697366506
decision_type=2 2 2 2 2 2
left_child=-1 2 -2 -4 -5 -3
right_child=1 5 3 4 -6 -7
leaf_value=-0.015824215870341635 0.018776781638837128 0.032052313203898425 -0.027970506267870038 -0.019291548431623905 0.0049987215717988351 0.0029059129768908274
leaf_weight=6.2790473997592917 7.4563875943422309 5.3589682579040527 5.7745110839605287 7.9935991168022147 21.660902157425888 6.5482520461082441
leaf_count=30 27 21 25 34 86 27
internal_value=0.00039288 0.0022513 -0.00157259 -0.00585532 -0.00154891 0.0160236
internal_weight=61.0717 54.7926 42.8854 35.429 29.6545 11.9072
internal_count=250 220 172 145 120 48
is_linear=0
shrinkage=0.05


Tree=198
num_leaves=10
num_cat=0
split_feature=19 29 29 3 8 12 22 25 12
split_gain=0.625955 1.02954 1.02214 1.90137 2.07506 1.83793 1.18247 0.919351 0.657533
threshold=-0.054426371374941822 0.0094423661162700307 0.00066787763764009089 0.013010550559635294 -0.0037264772288819123 0.0059906853781618195 0.0012587613250992782 0.004539819047931438 0.021480078808738329
decision_type=2 2 2 2 2 2 2 2 2
left_child=1 -1 3 4 -2 -4 -6 -7 -5
right_child=2 -3 5 8 6 7 -8 -9 -10
leaf_value=-0.028138091767129038 -0.025603475999530279 0.0062408198205304438 -0.01405431577039413 -0.037022427771481875 -0.0019652180804590048 0.0096457700392103291 0.028465593805685852 0.037133406377133825 -0.0097727673969642201
leaf_weight=4.8223228305578214 4.0841271877288845 3.9709073305130005 5.0333520397543934 4.3205854818224889 5.6412779204547423 6.8801737166941148 7.3534448854625225 5.4527000598609447 4.5399818867444992
leaf_count=28 20 17 31 21 29 30 33 22 19
internal_value=-0.00045046 -0.012613 0.00201916 -0.00426612 0.00548433 0.0114073 0.0152549 0.0217988 -0.0230602
internal_weight=52.0989 8.79323 43.3056 25.9394 17.0788 17.3662 12.9947 12.3329 8.86057
internal_count=250 45 205 122 82 83 62 52 40
is_linear=0
shrinkage=0.05


Tree=199
num_leaves=8
num_cat=0
split_feature=21 30 16 22 9 8 14
split_gain=0.825008 0.970789 1.17292 1.72557 1.09087 1.0803 1.33435
threshold=0.0041028034896761776 -0.012568522530608526 0.0045543315282093174 -0.010224915326078053 184.26502494812016 -0.0011109525607528479 0.79575363766126694
decision_type=2 2 2 2 2 2 2
left_child=1 -1 5 -4 -5 -3 -7
right_child=-2 2 3 4 -6 6 -8
leaf_value=0.022266144078123884 -0.022762799464454465 0.02557132119237317 0.019771339716727995 -0.036949129143476742 0.0037129358622432496 -0.013003185361524004 0.013585555115107362
leaf_weight=5.1924632787704459 3.6418123766779891 5.1615197136998168 2.7724779695272437 6.0144176334142667 2.2727282047271729 9.8282693028450065 9.0760700367391092
leaf_count=32 28 20 11 63 10 48 38
internal_value=2.81261e-05 0.00208677 -0.000896269 -0.0143742 -0.0257977 0.00529761 -0.000237795
internal_weight=43.9598 40.3179 35.1255 11.0596 8.28715 24.0659 18.9043
internal_count=250 222 190 84 73 106 86
is_linear=0
shrinkage=0.05


Tree=200
num_leaves=8
num_cat=0
split_feature=31 31 28 24 5 0 13
split_gain=0.734797 1.30315 1.22617 1.2652 1.20419 1.13931 0.839361
threshold=-0.1696193232013079 -0.12228692610480486 -0.010406029466580867 -0.0080746943692557287 0.0032671142157315813 0.0010608805484804142 53.791571444072368
decision_type=2 2 2 2 2 2 2
left_child=6 -2 5 -4 -5 -3 -1
right_child=1 2 3 4 -6 -7 -8
leaf_value=0.005110908798292413 0.02488124554030547 0.021068789683752913 -0.033423213655258237 -0.017751428178433188 0.0092321810412341904 -0.0044543964218899416 -0.01846955834945575
leaf_weight=6.3275633081793776 6.2103527262806884 9.9698017090558988 3.9628338217735282 7.1054353602230647 9.8888396397232992 7.7876320406794539 9.3507729768753034
leaf_count=24 24 39 20 31 40 33 39
internal_value=0.000366845 0.00361931 0.000208597 -0.00798234 -0.00204987 0.00987544 -0.0089528
internal_weight=60.6032 44.9249 38.7145 20.9571 16.9943 17.7574 15.6783
internal_count=250 187 163 91 71 72 63
is_linear=0
shrinkage=0.05


Tree=201
num_leaves=7
num_cat=0
split_feature=17 15 13 24 23 34
split_gain=0.591525 0.939337 1.73718 1.34322 1.25867 1.08642
threshold=-9.9420338022226156e-05 0.0075177942944081033 53.791571444072368 -0.018221782193865606 -0.0037387814530928649 1.9449044996885589
decision_type=2 2 2 2 2 2
left_child=-1 2 -2 -4 -3 -5
right_child=1 4 3 5 -6 -7
leaf_value=-0.016672792180621603 -0.030269215131433942 0.033581436326043122 -0.02619392518669373 0.010951566816044585 -0.0002366801751338521 -0.013827562691362108
leaf_weight=5.0658683553338042 4.9188383072614661 4.7152214348316193 3.7632782012224189 20.964393224567182 6.6062397956848127 5.6064772233366957
leaf_count=27 31 19 19 95 31 28
internal_value=-0.000446883 0.001318 -0.00270602 0.00176349 0.0138481 0.00572315
internal_weight=51.6403 46.5744 35.253 30.3341 11.3215 26.5709
internal_count=250 223 173 142 50 123
is_linear=0
shrinkage=0.05


Tree=202
num_leaves=9
num_cat=0
split_feature=16 22 2 34 15 31 28 8
split_gain=0.790731 1.39973 1.03945 1.27687 1.92197 1.29277 0.730952 0.0051807
threshold=0.0057031696737131028 -0.010224915326078053 -0.0062748452457546114 1.9321807914062326 0.0066551112955123273 0.042124243377993982 0.030967893698327423 -0.0028248719523216803
decision_type=2 2 2 2 2 2 2 2
left_child=2 -2 -1 4 5 -4 7 -3
right_child=1 6 3 -5 -6 -7 -8 -9
leaf_value=0.024645136350460232 0.020164028259169152 -0.039463716992411621 -0.012733613904068509 0.020984453012652511 -0.033008125699713592 0.013219866780839407 4.8072146403190437e-05 -0.035916529042919025
leaf_weight=4.9144672453403464 2.2375916689634323 1.6958126127719877 8.5052592456340879 5.7809814512729636 4.9389185048639765 11.008157342672346 1.879690036177635 2.619136378169058
leaf_count=20 9 14 40 28 37 49 19 34
internal_value=1.93565e-05 -0.0137311 0.00331821 -0.000148512 -0.00514473 0.00190759 -0.0259746 -0.0373106
internal_weight=43.58 8.43223 35.1478 30.2333 24.4523 19.5134 6.19464 4.31495
internal_count=250 76 174 154 126 89 67 48
is_linear=0
shrinkage=0.05


Tree=203
num_leaves=7
num_cat=0
split_feature=25 19 0 12 9 32
split_gain=0.708439 1.08018 1.34825 2.28743 1.37048 0.945483
threshold=-0.012490013162696876 0.040467463007027978 -0.0028784257212950411 -7.3413300511136967e-05 184.26502494812016 -0.22955930697366506
decision_type=2 2 2 2 2 2
left_child=-1 2 -2 -4 -5 -3
right_child=1 5 3 4 -6 -7
leaf_value=-0.015641119527997821 -0.020628515732276066 0.031412603185389645 0.032025138549230642 0.001633319781549543 -0.028610661762787294 0.0028252906277869503
leaf_weight=6.1968188136816016 7.5711801052093497 5.2488306313753128 5.5671983063220933 24.680735200643547 4.4158923104405394 6.4422992020845395
leaf_count=30 30 21 21 96 25 27
internal_value=0.000369803 0.00220967 -0.00151348 0.00266157 -0.0029567 0.0156598
internal_weight=60.123 53.9261 42.235 34.6638 29.0966 11.6911
internal_count=250 220 172 142 121 48
is_linear=0
shrinkage=0.05


Tree=204
num_leaves=8
num_cat=0
split_feature=14 15 2 29 24 23 21
split_gain=0.620635 0.98659 1.09778 1.08968 1.12579 1.35033 0.0638782
threshold=0.95059318943456372 0.0054610857350438869 0.0052470240717461545 -0.0093031486362166165 0.015935697666018548 0.0045796882368773781 -1.0000000180025095e-35
decision_type=2 2 2 2 2 2 2
left_child=1 2 6 -3 5 -5 -1
right_child=-2 3 -4 4 -6 -7 -8
leaf_value=-0.027604178957932313 0.012998273011452227 0.02703038279139916 0.0034400107772040774 -0.0045069360680564507 -0.019451618791687005 0.021076204642518678 -0.039021794365077286
leaf_weight=2.4229384027421474 7.3497121483087531 3.5950861498713449 3.4501404315233231 17.478994771838199 7.1710833795368663 7.3170807287096968 2.4777429308742267
leaf_count=22 30 16 20 78 35 31 18
internal_value=-0.000449452 -0.00270019 -0.018166 0.00093152 -0.00200361 0.0030424 -0.0333768
internal_weight=51.2628 43.9131 8.35082 35.5622 31.9672 24.7961 4.90068
internal_count=250 220 60 160 144 109 40
is_linear=0
shrinkage=0.05


Tree=205
num_leaves=6
num_cat=0
split_feature=21 16 27 1 1
split_gain=0.787568 0.951294 1.07162 1.41928 1.30101
threshold=0.0041028034896761776 0.0029614993533720563 -0.025565756823225868 -0.0045093929214865538 0.0066108318049749046
decision_type=2 2 2 2 2
left_child=1 -1 -3 -4 -5
right_child=-2 2 3 4 -6
leaf_value=0.018745349728819867 -0.02248010828946076 -0.026478615450410171 0.025524471702429941 -0.011752231013801198 0.013101035736054657
leaf_weight=7.0201905742287627 3.5668127648532382 3.8063516765832892 5.1540726609528056 15.729375133290892 7.9155512489378443
leaf_count=28 28 22 26 99 47
internal_value=2.38079e-05 0.00204945 -0.00154531 0.00175012 -0.00343217
internal_weight=43.1924 39.6255 32.6054 28.799 23.6449
internal_count=250 222 194 172 146
is_linear=0
shrinkage=0.05


Tree=206
num_leaves=9
num_cat=0
split_feature=31 31 28 22 27 30 6 0
split_gain=0.710029 1.18824 1.14411 1.15179 1.46084 1.07832 1.54866 1.05889
threshold=-0.1696193232013079 -0.12228692610480486 -0.010406029466580867 0.0053066394810199488 0.0099447874182597724 0.01096511336316275 1.041203696530945 0.0010608805484804142
decision_type=2 2 2 2 2 2 2 2
left_child=5 -2 7 4 -4 6 -1 -3
right_child=1 2 3 -5 -6 -7 -8 -9
leaf_value=0.0010405965278975637 0.024099934702077178 0.02054121826148923 -0.0028588061378747743 0.0095740136262770625 -0.035963115639532944 0.011374101884935097 -0.036782868720258516 -0.0041980365647268396
leaf_weight=5.5251706056296808 6.0904557704925528 9.8605311438441259 8.5295069143176132 6.5773816332221022 5.4694920182228079 4.6163841411471358 5.3044558987021446 7.7051295340061179
leaf_count=22 24 39 37 28 26 18 23 33
internal_value=0.00036884 0.00359166 0.000316938 -0.00768416 -0.0157929 -0.00886031 -0.0174857 0.00968941
internal_weight=59.6785 44.2325 38.142 20.5764 13.999 15.446 10.8296 17.5657
internal_count=250 187 163 91 63 63 45 72
is_linear=0
shrinkage=0.05


Tree=207
num_leaves=8
num_cat=0
split_feature=14 15 2 22 24 24 21
split_gain=0.588308 0.914891 1.05658 0.817972 1.65688 1.0736 0.0660884
threshold=0.95059318943456372 0.0054610857350438869 0.0052470240717461545 0.0082048974914769052 0.015935697666018548 0.010271905662118554 -1.0000000180025095e-35
decision_type=2 2 2 2 2 2 2
left_child=1 2 6 4 5 -3 -1
right_child=-2 3 -4 -5 -6 -7 -8
leaf_value=-0.027032848567883322 0.0126508012538961 -0.0021618912147132129 0.0033942703451169624 0.016364019685950755 -0.026809998541565995 0.025274923538111668 -0.038814053845091935
leaf_weight=2.3652069121599197 7.3266500681638709 18.321812484413392 3.4435635730624199 6.8344756290316573 5.7758788876235476 4.4269543290138236 2.3965189177542907
leaf_count=22 30 84 20 30 29 17 18
internal_value=-0.00045806 -0.0026627 -0.0177043 0.000827774 -0.00289469 0.00317737 -0.0329622
internal_weight=50.8911 43.5644 8.20529 35.3591 28.5246 22.7488 4.76173
internal_count=250 220 60 160 130 101 40
is_linear=0
shrinkage=0.05


Tree=208
num_leaves=9
num_cat=0
split_feature=25 21 22 24 16 32 30 14
split_gain=0.781093 1.11005 1.06209 1.88077 1.07032 0.894377 0.741698 0.721288
threshold=-0.013357536330666551 0.0029554208860244073 -0.0012032368139320291 -0.01445114893823962 0.0047460775807552221 -0.25595919612257423 -0.010803727486247415 0.86157207570492433
decision_type=2 2 2 2 2 2 2 2
left_child=-1 2 3 -2 5 -4 -6 -5
right_child=1 -3 4 7 6 -7 -8 -9
leaf_value=0.017275646750276746 0.013578262485157325 -0.02403286945962144 0.034990065823873207 -0.030885372952763026 0.011308528174592034 0.0067997124793499194 -0.035956419373825377 -0.003128464556329202
leaf_weight=5.6795624867081633 6.2969270609319237 5.2104832790791979 4.4700609780848017 6.6589689552783948 1.5091590322554114 7.5925370007753399 1.8444435391575087 3.6089641489088535
leaf_count=27 29 39 18 44 14 36 26 17
internal_value=5.19934e-06 -0.00263219 0.000854495 -0.00793571 0.0102997 0.0172463 -0.0146867 -0.0211294
internal_weight=42.8711 37.1915 31.9811 16.5649 15.4162 12.0626 3.3536 10.2679
internal_count=250 223 184 90 94 54 40 61
is_linear=0
shrinkage=0.05


Tree=209
num_leaves=11
num_cat=0
split_feature=22 22 11 29 14 31 32 1 19 9
split_gain=0.6767 1.50328 1.46258 1.29812 1.98838 1.80538 1.0316 0.924671 0.661962 0.55549
threshold=0.00085918318370781243 0.0051204262257879005 183.58015914916996 -0.0028343717650526341 0.90819034921840724 0.027346106485820167 -0.088147405897493716 -0.0010163234085666659 -0.016555003938435228 182.72824897766117
decision_type=2 2 2 2 2 2 2 2 2 2
left_child=3 9 6 -1 5 7 -3 -5 -7 -2
right_child=1 2 -4 4 -6 8 -8 -9 -10 -11
leaf_value=0.029099649018455298 -0.0075599049622499101 0.028271737197953742 -0.019542506423107044 0.0065976172757739072 -0.027247998242288785 0.0043460098409427179 0.00035198706752147496 0.035769799649578667 -0.02193645356029144 -0.031253812458977813
leaf_weight=4.9220040813088444 4.4464963674545306 5.5953869149088886 5.1285410560667506 5.1834238171577507 4.9917087927460662 5.1723047718405724 8.0949256643652898 5.7072651237249374 4.4629123881459218 5.5753722004592419
leaf_count=22 19 24 22 21 22 21 32 21 20 26
internal_value=0.000389476 -0.00509872 0.00323166 0.00558939 0.00105458 0.0079375 0.0117631 0.0218853 -0.0078277 -0.0207413
internal_weight=59.2803 28.8407 18.8189 30.4396 25.5176 20.5259 13.6903 10.8907 9.63522 10.0219
internal_count=250 123 78 127 105 83 56 42 41 45
is_linear=0
shrinkage=0.05


Tree=210
num_leaves=8
num_cat=0
split_feature=0 0 30 17 8 5 26
split_gain=0.577306 1.09737 0.971858 1.54098 1.41501 0.865808 0.551827
threshold=-0.0032192089313086698 -0.0015440340647152604 0.0020930687228998273 7.2933706233463665e-05 0.0032204795205120489 0.0043271328639964126 0.0088536452964012042
decision_type=2 2 2 2 2 2 2
left_child=-1 -2 5 4 -4 6 -3
right_child=1 2 3 -5 -6 -7 -8
leaf_value=0.012466030112800747 -0.022138912842763259 -0.0081359704817419321 -0.02897393876283404 0.014960596407292834 0.00059951653648361537 0.029400111705927837 0.015499276786420813
leaf_weight=7.4412372484803191 6.1670971103012553 5.390364892780779 8.0031613204628282 6.3970042690634719 8.1779213026165944 4.3664488419890395 4.5576566904783249
leaf_count=33 30 26 55 29 37 20 20
internal_value=-0.000393831 -0.00261617 0.000647321 -0.00581437 -0.0140275 0.0108393 0.00269245
internal_weight=50.5009 43.0597 36.8926 22.5781 16.1811 14.3145 9.94802
internal_count=250 217 187 121 92 66 46
is_linear=0
shrinkage=0.05


Tree=211
num_leaves=9
num_cat=0
split_feature=25 19 26 16 32 26 20 30
split_gain=0.712041 1.03527 1.27171 1.39837 1.13366 2.5702 0.912164 0.41643
threshold=-0.013357536330666551 0.035083059197488227 -0.0027505105221876098 0.0029614993533720563 -0.0040811597103695653 0.033085713841337967 0.069111618805610134 0.00283199757089081
decision_type=2 2 2 2 2 2 2 2
left_child=-1 2 3 -2 5 -4 -3 -5
right_child=1 6 4 7 -6 -7 -8 -9
leaf_value=0.016457652467046779 0.013477783325599062 -0.039902974910750399 0.011692994618165016 -0.014555070716968181 0.030654007537478614 -0.034163700326473367 -0.00028221991880690345 -0.041692609306009959
leaf_weight=5.6594976112246504 2.8155005425214785 3.1911849770694962 14.298975426703697 2.5553767438977957 4.2218228094279757 3.8860822804272166 2.666497714817524 3.1639757696539164
leaf_count=27 11 29 68 20 21 26 26 22
internal_value=-5.32038e-05 -0.00259246 0.00105648 -0.0153677 0.00731252 0.00189358 -0.0218671 -0.0295677
internal_weight=42.4589 36.7994 30.9417 8.53485 22.4069 18.1851 5.85768 5.71935
internal_count=250 223 168 53 115 94 55 42
is_linear=0
shrinkage=0.05


Tree=212
num_leaves=8
num_cat=0
split_feature=20 1 20 8 23 19 26
split_gain=0.688571 1.21546 1.49346 1.57919 0.984249 1.3205 1.94953
threshold=-0.15811136404967388 0.0052008089819738377 -0.03655062635746447 0.0068252871810265117 -0.0071184784285477911 0.035083059197488227 -0.017482027324603407
decision_type=2 2 2 2 2 2 2
left_child=-1 4 -3 -4 -2 6 -6
right_child=1 2 3 -5 5 -7 -8
leaf_value=0.018610496186711078 -0.016316162894895014 -0.037305109886461789 -0.017744239903476421 0.017423482464537701 -0.022296601618257007 0.025471215623118066 0.010170932395587381
leaf_weight=4.7585243731737128 5.1212034970521918 4.3804735839366939 7.9597962573170644 5.3294752165675163 6.3072955496609238 7.5938410386443129 17.319075383245949
leaf_count=21 26 19 31 22 28 33 70
internal_value=0.000376857 -0.00122957 -0.0119864 -0.00364072 0.00400056 0.00733321 0.0015034
internal_weight=58.7697 54.0112 17.6697 13.2893 36.3414 31.2202 23.6264
internal_count=250 229 72 53 157 131 98
is_linear=0
shrinkage=0.05


Tree=213
num_leaves=10
num_cat=0
split_feature=21 3 33 16 34 19 23 16 2
split_gain=0.568477 1.2701 1.2703 1.2409 1.43261 1.86106 1.25915 0.284775 0.00417272
threshold=0.00090965672952703091 0.017594729996738282 0.49500000000000005 0.0046283660097109292 1.7032591425851378 -0.0083345785689715162 -0.0066981410421429457 0.0038473272803645326 0.0059890948278777953
decision_type=2 2 2 2 2 2 2 2 2
left_child=3 2 -2 6 5 -5 -1 8 -8
right_child=1 -3 -4 4 -6 -7 7 -9 -10
leaf_value=0.0023920337004043942 0.024727205516865119 -0.014895270047809245 -0.0021478934163913746 -0.029341829150102913 0.02778076864216977 0.01381407316715056 -0.036050524221791801 -0.016635204793732643 -0.039031902061378847
leaf_weight=4.8475026935338974 9.2666053101420456 5.8588840737938872 8.3669092841446382 4.6398260667920104 4.5220755636692038 5.4121414422988883 2.1135657746344823 2.4200897589325905 2.6389783322811127
leaf_count=21 39 26 38 26 19 24 25 15 17
internal_value=-0.000393658 0.00527389 0.0119753 -0.00540018 0.00440849 -0.006106 -0.0172929 -0.0305966 -0.037706
internal_weight=50.0866 23.4924 17.6335 26.5942 14.574 10.052 12.0201 7.17263 4.75254
internal_count=250 103 77 147 69 50 78 57 42
is_linear=0
shrinkage=0.05


Tree=214
num_leaves=10
num_cat=0
split_feature=16 22 2 19 16 6 27 9 7
split_gain=0.705512 1.30568 0.974337 1.13372 1.66608 0.882214 0.707034 0.00428009 0.00305783
threshold=0.0057031696737131028 -0.010224915326078053 -0.0062748452457546114 -0.010052360297814309 0.0036961037130545417 0.99612705002064317 0.012016698030832386 183.24094924926763 183.34119873046879
decision_type=2 2 2 2 2 2 2 2 2
left_child=2 -2 -1 5 -5 -4 7 -3 -6
right_child=1 6 3 4 8 -7 -8 -9 -10
leaf_value=0.024051062263773612 0.019644443348191556 -0.035691587450397223 0.018923020579030548 0.0013720624166636555 -0.035698576580556682 -0.0043506613063448675 0.00028092935668059047 -0.038944733006241766 -0.038410171262841832
leaf_weight=4.7771894894540301 2.186026506125927 2.1107956897467357 8.9944738820195216 8.5049607530236262 2.5470345672219983 7.4397068321704856 1.8179837539792059 1.9406685866415498 1.7568106614053247
leaf_count=20 9 30 37 34 36 32 23 14 15
internal_value=-3.4856e-05 -0.0133403 0.00311568 -0.000304367 -0.0114558 0.00838709 -0.0256252 -0.0372499 -0.0368054
internal_weight=42.0757 8.05547 34.0202 29.243 12.8088 16.4342 5.86945 4.05146 4.30385
internal_count=250 76 174 154 85 69 67 44 51
is_linear=0
shrinkage=0.05


Tree=215
num_leaves=8
num_cat=0
split_feature=31 31 13 3 21 30 6
split_gain=0.651463 1.05566 1.16176 1.15149 1.5164 0.957528 1.39212
threshold=-0.1696193232013079 -0.12228692610480486 69.923888621356937 0.012794040913308826 -0.0007087950948867493 0.01096511336316275 1.041203696530945
decision_type=2 2 2 2 2 2 2
left_child=5 -2 3 4 -3 6 -1
right_child=1 2 -4 -5 -6 -7 -8
leaf_value=0.00082986160025864334 0.023122271133479005 0.014156481885840134 -0.019671938840570936 0.021474762193418696 -0.011520069294864547 0.010661535875309165 -0.035500004545665861
leaf_weight=5.4236721247434598 5.9086110144853583 9.68281088024378 6.0538179501891127 7.4099800884723654 14.157801665365698 4.523802049458026 5.1318703442811966
leaf_count=22 24 43 29 27 64 18 23
internal_value=0.000363402 0.00348583 0.000375637 0.00425922 -0.0010916 -0.00858458 -0.0168329
internal_weight=58.2924 43.213 37.3044 31.2506 23.8406 15.0793 10.5555
internal_count=250 187 163 134 107 63 45
is_linear=0
shrinkage=0.05


Tree=216
num_leaves=6
num_cat=0
split_feature=2 15 24 23 28
split_gain=0.561106 1.09382 1.18397 1.19519 1.28486
threshold=-0.0075171832316455181 0.0077411620165269155 -0.018221782193865606 -0.0086735165594201673 0.016853323304191762
decision_type=2 2 2 2 2
left_child=-1 2 -2 -4 -5
right_child=1 -3 3 4 -6
leaf_value=-0.015134802842962234 -0.025524838653102899 0.020346715082544889 0.026684422565618968 -0.010572938247743378 0.011188787023795381
leaf_weight=5.731995176523923 4.6120644621551028 6.5485745295882216 4.1280309036374048 17.421347223222263 11.107289124280213
leaf_count=30 27 29 18 93 53
internal_value=-0.000423749 0.00150069 -0.00181079 0.00153832 -0.00210027
internal_weight=49.5493 43.8173 37.2687 32.6567 28.5286
internal_count=250 220 191 164 146
is_linear=0
shrinkage=0.05


Tree=217
num_leaves=6
num_cat=0
split_feature=25 21 28 16 30
split_gain=0.677187 1.00485 0.982822 1.42612 1.06896
threshold=-0.013357536330666551 0.0029554208860244073 -0.048363642012562928 0.0029614993533720563 -0.011280597462065332
decision_type=2 2 2 2 2
left_child=-1 2 -2 -4 -5
right_child=1 -3 3 4 -6
leaf_value=0.016198025357666412 -0.015295123367695951 -0.023273516545818787 0.035559845795021618 0.028445109003188081 -0.0040109301946397299
leaf_weight=5.5720054842531672 7.2499095015227821 5.0253550801426163 3.4298505336046246 2.9691330604255262 17.428872697055336
leaf_count=27 34 39 15 21 114
internal_value=-2.57751e-05 -0.00252969 0.000824642 0.00572927 0.00071337
internal_weight=41.6751 36.1031 31.0778 23.8279 20.398
internal_count=250 223 184 150 135
is_linear=0
shrinkage=0.05


Tree=218
num_leaves=9
num_cat=0
split_feature=28 31 0 31 28 13 13 22
split_gain=0.652417 1.24151 1.36179 1.00016 0.882456 1.04039 2.00422 0.79427
threshold=-0.010406029466580867 -0.20369610133638258 0.0010608805484804142 0.01483836798767498 0.0063923203327502795 65.439168776898029 49.550040541646901 -0.00055784268839487161
decision_type=2 2 2 2 2 2 2 2
left_child=1 -1 3 -3 -2 6 -6 -8
right_child=4 2 -4 -5 5 -7 7 -9
leaf_value=-0.019111505176147892 -0.017575569846416252 0.0068021905566819883 -0.0028117289158993085 0.036593627236029366 0.015460017369991206 0.016914656179812384 -0.0035380118831646172 -0.031275179603117757
leaf_weight=3.9456224665045765 8.9726431593298894 5.156574450433256 9.1815129220485669 6.210163950920105 6.7377302944660249 7.077080897986888 4.4999704658985156 6.0522958859801257
leaf_count=17 39 20 39 26 27 32 20 30
internal_value=0.000381623 0.00657739 0.0115101 0.0230786 -0.00417025 0.000765961 -0.00584397 -0.0194468
internal_weight=57.8336 24.4939 20.5483 11.3667 33.3397 24.3671 17.29 10.5523
internal_count=250 102 85 46 148 109 77 50
is_linear=0
shrinkage=0.05


Tree=219
num_leaves=9
num_cat=0
split_feature=8 16 8 8 10 5 14 10
split_gain=0.539949 0.907648 1.38102 1.68272 1.12893 1.33226 1.09296 0.93175
threshold=-0.0037264772288819123 0.0047460775807552221 0.00020768248968327924 0.0048895275105806197 0.0094397958280780254 0.0030684211450683683 0.66422254850213547 0.0045013922233862105
decision_type=2 2 2 2 2 2 2 2
left_child=-1 4 -3 -4 5 7 -7 -2
right_child=1 2 3 -5 -6 6 -8 -9
leaf_value=-0.013467135816104245 -0.038444182441978433 0.031910229731806017 -0.015183166354279862 0.018183092867073144 -0.028223560186412762 -0.0044372021380002591 0.027272119618388775 -0.0014275212047391355
leaf_weight=6.8395416662096968 2.9022139646112981 5.0755678340792683 7.4381114244461042 7.6803501099348068 4.3260928988456717 5.5112377107143384 5.3608958721160889 4.1038020811975002
leaf_count=36 23 22 39 30 24 31 22 23
internal_value=-0.000430742 0.00167224 0.0093434 0.00176727 -0.00530442 0.000241469 0.0111982 -0.0167615
internal_weight=49.2378 42.3983 20.194 15.1185 22.2042 17.8781 10.8721 7.00602
internal_count=250 214 91 69 123 99 53 46
is_linear=0
shrinkage=0.05


Tree=220
num_leaves=10
num_cat=0
split_feature=16 22 7 32 27 5 23 20 25
split_gain=0.658407 1.36214 0.996687 0.928246 1.22524 1.41261 1.37571 0.366516 0.00156781
threshold=0.0047460775807552221 -0.0072886065952298398 184.83125000000004 -0.30575873132241521 0.0012001147166267325 0.0030232517685045237 -0.0044235722501997912 0.15110824446523666 -0.010648289944895027
decision_type=2 2 2 2 2 2 2 2 2
left_child=3 -2 7 -1 6 -6 -5 8 -3
right_child=1 2 -4 4 5 -7 -8 -9 -10
leaf_value=0.018863964148541232 0.01178079117209542 -0.037612513153726115 0.012727620609219829 -0.014265064822817856 0.0045945201110071266 -0.035218347564617447 0.022447415000197955 -0.0078826133917163956 -0.035693495483828018
leaf_weight=7.9219945073127738 4.9109815806150428 1.4861007593572124 1.7077510207891462 3.9182201176881799 4.485324062407015 4.4270853288471699 7.3168957643210932 1.4566400498151777 3.7500865571200843
leaf_count=35 21 12 8 20 21 24 32 19 58
internal_value=2.04025e-05 -0.00913799 -0.0213671 0.00436364 -0.00133788 -0.0151818 0.00964402 -0.0300668 -0.0362381
internal_weight=41.3811 13.3116 8.40058 28.0695 20.1475 8.91241 11.2351 6.69283 5.23619
internal_count=250 118 97 132 97 45 52 89 70
is_linear=0
shrinkage=0.05


Tree=221
num_leaves=9
num_cat=0
split_feature=29 28 22 7 17 33 7 28
split_gain=0.654551 0.946187 1.01231 0.97686 0.810336 1.18394 1.13917 0.919524
threshold=0.01020575744528507 -0.010406029466580867 0.00050791732461208394 176.19570388793949 8.9456825443524763e-05 0.47500000000000003 183.75104904174808 0.0099984555456110753
decision_type=2 2 2 2 2 2 2 2
left_child=1 2 3 -1 5 7 -7 -3
right_child=-2 4 -4 -5 -6 6 -8 -9
leaf_value=0.0018318996239798026 -0.017571126824976267 -0.029758729861924949 -0.0039890653148628146 0.029789823204330684 -0.020109540477991267 0.025797322050614319 -0.0052583421088808549 -0.0013982569591051233
leaf_weight=5.1690540611743945 4.677919089794158 4.009801395237452 7.8468040451407424 7.8985497504472733 5.9566703438758841 6.5986092835664731 5.3445701152086258 9.9507534280419332
leaf_count=21 22 19 35 30 28 25 25 45
internal_value=0.000354457 0.00194337 0.0102066 0.0187307 -0.00348091 0.000342907 0.0118999 -0.00954406
internal_weight=57.4527 52.7748 20.9144 13.0676 31.8604 25.9037 11.9432 13.9606
internal_count=250 228 86 51 142 114 50 64
is_linear=0
shrinkage=0.05


Tree=222
num_leaves=9
num_cat=0
split_feature=0 0 30 29 4 27 5 26
split_gain=0.537134 1.01496 0.798786 1.51928 1.72321 1.01554 0.773899 0.484608
threshold=-0.0032192089313086698 -0.0015440340647152604 0.0020930687228998273 0.0010558219587901709 0.0029389900873799889 0.0094065978856880967 0.0043271328639964126 0.0088536452964012042
decision_type=2 2 2 2 2 2 2 2
left_child=-1 -2 6 5 -5 -4 7 -3
right_child=1 2 3 4 -6 -7 -8 -9
leaf_value=0.012163056424977808 -0.021685673646536466 -0.0080678924189495679 -0.035232120065020051 -0.021343880266172795 0.01871681501925249 -0.0018567725202484186 0.027837533034931156 0.01435118482011731
leaf_weight=7.213576801121234 5.9753828123211852 5.2785890996456128 5.2437456101179141 3.9288273565471163 8.4746776111423952 4.0315406173467636 4.2088481783866873 4.4361920356750488
leaf_count=33 30 26 30 30 39 22 20 20
internal_value=-0.000431858 -0.00261702 0.00058339 -0.00541872 0.00602753 -0.0207254 0.00992855 0.00216963
internal_weight=48.7914 41.5778 35.6024 21.6788 12.4035 9.27529 13.9236 9.71478
internal_count=250 217 187 121 69 52 66 46
is_linear=0
shrinkage=0.05


Tree=223
num_leaves=9
num_cat=0
split_feature=27 4 30 2 12 13 20 7
split_gain=0.65247 0.99633 0.952796 1.47304 1.75844 1.46909 2.18082 0.757714
threshold=-0.025565756823225868 0.0021647214180127586 0.0068599290075537231 -0.0015655103236245636 0.019366018310828525 58.161939019989298 0.05962952566492364 183.98255004882813
decision_type=2 2 2 2 2 2 2 2
left_child=-1 -2 5 -4 -5 7 -7 -3
right_child=1 2 3 4 -6 6 -8 -9
leaf_value=-0.016294272439392191 0.02615296709840453 -0.037610294807854244 0.029040459213113691 -0.019003377836985386 0.023505885727065003 -0.016769433668124053 0.033687251169719927 -0.002587029060856838
leaf_weight=5.3348060250282279 3.9443403929471961 4.74351713433862 5.5131190344691285 6.4439030289649928 3.9082484059035778 5.0913571789860708 3.6962223090231419 2.2897566482424736
leaf_count=30 17 51 21 41 22 33 23 12
internal_value=1.34625e-05 0.00245515 -0.000494788 0.00816339 -0.00295485 -0.00917728 0.0044536 -0.0262081
internal_weight=40.9653 35.6305 31.6861 15.8653 10.3522 15.8209 8.78758 7.03327
internal_count=250 220 203 84 63 119 56 63
is_linear=0
shrinkage=0.05


Tree=224
num_leaves=9
num_cat=0
split_feature=29 28 22 7 27 7 14 27
split_gain=0.62651 0.890588 0.948195 0.89943 0.760171 1.41198 1.51075 0.985469
threshold=0.01020575744528507 -0.010406029466580867 0.00050791732461208394 176.19570388793949 -0.0026260437356631079 176.51705245971684 0.65268840968746467 -0.012429725590470784
decision_type=2 2 2 2 2 2 2 2
left_child=1 2 3 -1 7 -6 -7 -3
right_child=-2 4 -4 -5 5 6 -8 -9
leaf_value=0.0020150418294568677 -0.017264576406966894 -0.0078581259666258719 -0.0038094474709871647 0.028942895639843022 0.010751860841013939 -0.0036583326949948349 -0.035447854805737276 0.024414663701150145
leaf_weight=5.1410956084728259 4.6321210488677016 4.6694759130477905 7.7981765940785399 7.8146922662854195 6.6836276799440411 9.0671178661286813 6.3580742552876464 4.7938811257481593
leaf_count=21 22 22 35 30 28 39 33 20
internal_value=0.000360254 0.00192048 0.00996593 0.0182574 -0.0033682 -0.0084441 -0.0167616 0.0084904
internal_weight=56.9583 52.3261 20.754 12.9558 31.5722 22.1088 15.4252 9.46336
internal_count=250 228 86 51 142 100 72 42
is_linear=0
shrinkage=0.05


Tree=225
num_leaves=10
num_cat=0
split_feature=19 29 3 8 12 22 29 25 12
split_gain=0.546521 0.943313 1.59425 1.56021 1.45573 1.12724 0.912071 0.713139 0.698767
threshold=-0.054426371374941822 0.00066787763764009089 0.013010550559635294 -0.0016682387776921113 0.0059906853781618195 0.0012587613250992782 0.0094423661162700307 0.004539819047931438 0.022019388425907102
decision_type=2 2 2 2 2 2 2 2 2
left_child=6 2 3 -2 -3 -5 -1 -6 -4
right_child=1 4 8 5 7 -7 -8 -9 -10
leaf_value=-0.027563330076271791 -0.017723177876270518 -0.012609495592291943 -0.036261187154362953 -0.002725879306175545 0.0097672511647908869 0.030027712223739095 0.005794221286337161 0.034736890433189643 -0.0070551919173359795
leaf_weight=4.434166878461836 5.1202581208199254 4.5631682295352247 4.2502900399267656 4.6346927061676997 6.5182224325835687 6.0636501014232635 3.8098371997475624 5.0943533480167389 3.9524927586317062
leaf_count=28 28 31 22 26 30 28 17 22 18
internal_value=-0.000420448 0.00198468 -0.00430073 0.00497495 0.0113187 0.0158383 -0.0121477 0.0207213 -0.0221883
internal_weight=48.4411 40.1971 24.0214 15.8186 16.1757 10.6983 8.244 11.6126 8.20278
internal_count=250 205 122 82 83 54 45 52 40
is_linear=0
shrinkage=0.05


Tree=226
num_leaves=10
num_cat=0
split_feature=19 27 1 16 26 24 26 24 7
split_gain=0.640506 1.19335 1.25592 1.62153 0.967704 1.73426 1.45109 0.948542 0.00213298
threshold=-0.0083345785689715162 -0.021222573148696241 -0.0030187501705543625 0.0037703381678470343 -0.0027505105221876098 0.014415285199557594 0.016010884312195665 -0.0084446454129469811 183.85629959106447
decision_type=2 2 2 2 2 2 2 2 2
left_child=4 -2 -3 -4 5 -1 -6 -8 -5
right_child=1 2 3 8 6 -7 7 -9 -10
leaf_value=-0.03194433132622098 -0.041666116051761626 0.020702357513330993 0.0028616211414676605 -0.035338835486769436 0.033261027376110197 0.016284679551214952 0.019378325578335649 -0.013026771685803677 -0.037803531438586835
leaf_weight=3.9061860069632557 2.1738165132701424 4.3651488926261726 7.6705804541706986 2.8203926626592875 5.5820279829204074 3.5652172975242138 3.9712046794593334 5.2353252209722978 1.2744748294353483
leaf_count=22 16 27 32 50 24 19 18 31 11
internal_value=3.92821e-05 -0.00688929 -0.00220264 -0.0107007 0.00573666 -0.00893033 0.0131466 0.000951054 -0.0361059
internal_weight=40.5644 18.3044 16.1306 11.7654 22.26 7.4714 14.7886 9.20653 4.09487
internal_count=250 136 120 93 114 41 73 49 61
is_linear=0
shrinkage=0.05


Tree=227
num_leaves=8
num_cat=0
split_feature=1 1 3 23 0 7 2
split_gain=0.619823 1.31594 1.66869 0.9643 0.956681 1.14085 1.92536
threshold=0.0052008089819738377 0.0069199041975189788 0.013694208017028366 -0.0071184784285477911 -0.0032192089313086698 176.32650375366214 0.0038578511509625994
decision_type=2 2 2 2 2 2 2
left_child=3 -2 -3 -1 -5 -6 -7
right_child=1 2 -4 4 5 6 -8
leaf_value=-0.016309699770052973 -0.027573848129437847 -0.020593927830105854 0.015171302812902028 -0.011645584746027065 0.028316969533003746 0.016574189571637313 -0.016213906912671574
leaf_weight=5.0096382126212111 5.5183462128043201 5.3201744221150866 8.4274762496352178 5.5362954661250106 7.1290649697184589 12.633731178939344 6.935109168291091
leaf_count=27 21 26 35 22 30 57 32
internal_value=0.000332217 -0.00694849 0.00133059 0.00409848 0.00727019 0.0111927 0.00495424
internal_weight=56.5098 19.266 13.7477 37.2438 32.2342 26.6979 19.5688
internal_count=250 82 61 168 141 119 89
is_linear=0
shrinkage=0.05


Tree=228
num_leaves=10
num_cat=0
split_feature=19 29 3 29 12 31 23 26 12
split_gain=0.516887 0.887419 1.48767 1.47895 1.36086 1.29357 0.865128 0.687814 0.678109
threshold=-0.054426371374941822 0.00066787763764009089 0.013010550559635294 -0.0059586092946605764 0.0059906853781618195 0.042124243377993982 -0.0040759159234969302 0.013580369033831642 0.022019388425907102
decision_type=2 2 2 2 2 2 2 2 2
left_child=6 2 3 -2 -3 -5 -1 -6 -4
right_child=1 4 8 5 7 -7 -8 -9 -10
leaf_value=0.0054305914224312465 0.027070162593217859 -0.01228892287287719 -0.035701550698035218 -0.022862675669752454 0.007514509665970239 0.012102602495490996 -0.027186577007459928 0.031964923930577413 -0.006737449346880359
leaf_weight=3.825252465903759 5.0402544513344756 4.5084668528288629 4.1616155430674535 5.4318377561867255 5.5811807438731176 5.1560465339571238 4.3388883471488935 5.9350025281310081 3.928245835006237
leaf_count=16 25 31 22 31 28 26 29 24 18
internal_value=-0.000445142 0.0019088 -0.00423251 0.00477701 0.0109985 -0.00583542 -0.011904 0.0201153 -0.0216373
internal_weight=47.9068 39.7427 23.718 15.6281 16.0247 10.5879 8.16414 11.5162 8.08986
internal_count=250 205 122 82 83 57 45 52 40
is_linear=0
shrinkage=0.05


Tree=229
num_leaves=6
num_cat=0
split_feature=25 21 21 23 31
split_gain=0.629864 0.917802 0.82858 1.16991 0.992387
threshold=-0.013357536330666551 0.0029554208860244073 0.0019773403340929145 0.0045796882368773781 -0.081811059189085364
decision_type=2 2 2 2 2
left_child=-1 2 3 4 -2
right_child=1 -3 -4 -5 -6
leaf_value=0.015978461698335698 -0.013005648960187979 -0.022659546471982303 0.02359159165762531 -0.026247595896630862 0.0096705520537035093
leaf_weight=5.3755950592458239 7.0972335133701625 4.8208880908787242 3.5320347882807246 4.2430436871945849 15.068898111581804
leaf_count=27 49 39 21 33 81
internal_value=5.06174e-05 -0.00241246 0.000847563 -0.00219429 0.00241
internal_weight=40.1377 34.7621 29.9412 26.4092 22.1661
internal_count=250 223 184 163 130
is_linear=0
shrinkage=0.05


Tree=230
num_leaves=8
num_cat=0
split_feature=25 17 23 28 24 28 26
split_gain=0.641564 0.852593 0.89273 0.989769 1.50141 1.39873 0.433323
threshold=-0.013357536330666551 -9.9420338022226156e-05 -0.0073735535121085541 -0.010406029466580867 -0.013767256148029259 -1.0000000180025095e-35 0.026922991040097325
decision_type=2 2 2 2 2 2 2
left_child=-1 -2 6 4 -4 -5 -3
right_child=1 2 3 5 -6 -7 -8
leaf_value=-0.016709684878436933 0.019564953566961949 -0.025956906920503869 -0.008826894319773345 -0.029256179826437224 0.024952027599758939 0.0024408678750834907 -0.0025619621944532318
leaf_weight=5.0201910585165015 6.0987604707479468 4.4253884330391866 5.0617271959781638 4.3089170046150675 9.3963591158389992 18.1019393503666 3.5808334276080132
leaf_count=27 23 26 20 18 39 80 17
internal_value=0.000344566 0.00202416 -0.00035972 0.00292661 0.0131261 -0.0036535 -0.0154934
internal_weight=55.9941 50.9739 44.8752 36.8689 14.4581 22.4109 8.00622
internal_count=250 223 200 157 59 98 43
is_linear=0
shrinkage=0.05


Tree=231
num_leaves=8
num_cat=0
split_feature=21 3 15 3 33 15 0
split_gain=0.509789 1.07777 1.13763 1.05304 1.06325 0.992635 0.0709187
threshold=0.00090965672952703091 0.0098554302900960584 0.0063606001890939524 0.017594729996738282 0.49500000000000005 0.0061376056290877992 0.00084888718845821398
decision_type=2 2 2 2 2 2 2
left_child=1 5 -3 4 -2 6 -1
right_child=3 2 -4 -5 -6 -7 -8
leaf_value=-0.027290870673225394 0.023100006638432119 0.020017228375245541 -0.0091303449530608285 -0.013837739692404948 -0.0020049255299069389 -0.0042915829188557558 -0.039594151502635226
leaf_weight=2.1093923244625348 8.923953011631971 6.1876474451273662 7.2936065867543221 5.5649361424148074 7.9969664402306071 6.7677783407270908 2.6336558181792498
leaf_count=20 39 31 37 26 38 39 20
internal_value=-0.000432173 -0.0053466 0.00424785 0.00503 0.0112352 -0.0165834 -0.0341225
internal_weight=47.4779 24.9921 13.4813 22.4859 16.9209 11.5108 4.74305
internal_count=250 147 68 103 77 79 40
is_linear=0
shrinkage=0.05


Tree=232
num_leaves=10
num_cat=0
split_feature=16 22 11 34 1 31 2 0 1
split_gain=0.632392 1.24453 1.01427 0.815888 1.125 2.5066 0.93646 0.376395 0.00128772
threshold=0.0047460775807552221 -0.0072886065952298398 184.55852996826175 1.9449044996885589 -0.0012332223745511459 0.042124243377993982 0.0029160427117009839 -0.0021271817815864398 -0.0011916305667826752
decision_type=2 2 2 2 2 2 2 2 2
left_child=3 -2 7 4 -1 6 -6 -3 -9
right_child=1 2 -4 -5 5 -7 -8 8 -10
leaf_value=0.016332128268273113 0.011083777634619395 -0.0061296766171372481 0.015084167553547842 0.024158663674834241 -0.0082756868917781973 0.01538065048433343 -0.041727489715657318 -0.037038172884868201 -0.03542126540059972
leaf_weight=7.5588705763220814 4.7763385251164436 1.3202948179095981 1.5533783435821531 4.3767523653805247 4.0492215454578417 6.7519196961075059 4.3286429084837437 2.0648145657032724 3.0506890919059502
leaf_count=34 21 18 7 19 18 33 28 20 52
internal_value=6.64419e-05 -0.00910719 -0.0211784 0.00439322 0.000580372 -0.00728924 -0.0255594 -0.0299309 -0.0360739
internal_weight=39.8309 12.7655 7.98918 27.0654 22.6887 15.1298 8.37786 6.4358 5.1155
internal_count=250 118 97 132 113 79 46 90 72
is_linear=0
shrinkage=0.05


Tree=233
num_leaves=10
num_cat=0
split_feature=31 13 34 8 25 28 13 30 6
split_gain=0.613754 0.881096 1.18236 1.18347 1.12376 1.0293 0.979906 0.825338 1.25185
threshold=-0.1696193232013079 69.923888621356937 1.1352997895567059 9.6955652409157713e-05 0.001501405692066138 -0.0032323439705244645 61.231781239449241 0.01096511336316275 1.041203696530945
decision_type=2 2 2 2 2 2 2 2 2
left_child=7 2 3 4 -2 -5 -4 8 -1
right_child=1 -3 6 5 -6 -7 -8 -9 -10
leaf_value=0.00062411204461288578 0.024609091566441053 -0.012762072067533853 0.0016959205371458294 0.0016940441016855467 -0.0056657469598881127 -0.032019960730966697 0.029923574948589896 0.0096399695029510766 -0.034738210230221542
leaf_weight=5.178775526583193 6.2049946933984774 6.9805772118270388 5.0983078703284246 4.8159766495227814 6.0573251768946648 4.2722020559012872 7.745182603597641 4.3383969590067855 4.843309260904789
leaf_count=22 26 35 24 23 28 22 29 18 23
internal_value=0.000321819 0.00342605 0.00673079 -0.000480422 0.00965397 -0.0141544 0.0187184 -0.00857866 -0.0164652
internal_weight=55.535 41.1746 34.194 21.3505 12.2623 9.08818 12.8435 14.3605 10.0221
internal_count=250 187 152 99 54 45 53 63 45
is_linear=0
shrinkage=0.05


Tree=234
num_leaves=9
num_cat=0
split_feature=24 27 19 20 30 29 24 28
split_gain=0.497579 0.994273 1.48904 1.24108 1.49219 1.29027 0.965047 0.769241
threshold=0.015935697666018548 -0.015287047331454138 -0.051930076870410451 0.010893975772034438 0.0090850312336174816 -0.00067909459252551974 0.025053239671577802 -0.013345747581097465
decision_type=2 2 2 2 2 2 2 2
left_child=1 7 -3 4 -4 -5 -2 -1
right_child=6 2 3 5 -6 -7 -8 -9
leaf_value=0.0029602519799942981 -0.029197950607187384 -0.026561691928608296 0.037583168790141591 -0.023012864195978956 0.000777328788619217 0.01173612054025982 0.0019060164998441133 0.032944117680164607
leaf_weight=4.50289411470294 4.0433832667767984 5.1423797830939284 4.394745267927652 6.5358863472938538 7.3751272615045309 4.5180136822164041 6.5069849491119385 4.0747973620891553
leaf_count=25 27 29 18 36 43 25 30 17
internal_value=-0.000449317 0.00231218 -0.00225539 0.00322102 0.0145202 -0.00881006 -0.0100144 0.017204
internal_weight=47.0942 36.5438 27.9662 22.8238 11.7699 11.0539 10.5504 8.57769
internal_count=250 193 151 122 61 61 57 42
is_linear=0
shrinkage=0.05


Tree=235
num_leaves=10
num_cat=0
split_feature=16 22 2 34 15 19 17 22 24
split_gain=0.608277 1.14596 0.822665 1.01692 1.57592 1.00572 0.7234 0.00515518 0.00058197
threshold=0.0057031696737131028 -0.010224915326078053 -0.0062748452457546114 1.9321807914062326 0.0066551112955123273 -0.0036221400615467632 -5.709112967850908e-05 -0.0065167157848388104 -0.007673206138650023
decision_type=2 2 2 2 2 2 2 2 2
left_child=2 -2 -1 4 5 -4 -3 -8 -9
right_child=1 6 3 -5 -6 -7 7 8 -10
leaf_value=0.022758785462917489 0.018540252122364369 0.003966376094822633 0.011594605723394255 0.01932078318247751 -0.031872273794804805 -0.012689120760980058 -0.039275378052066406 -0.036133759604834753 -0.034625832551079087
leaf_weight=4.5638936944305923 2.1017219349741936 1.5355018731206653 10.475409265607604 5.3787738103419533 4.3543551787734023 7.1902963239699593 1.2641743682324889 1.2679983451962473 1.2916293628513802
leaf_count=20 9 14 45 28 37 44 9 16 28
internal_value=0.000103793 -0.012751 0.00310447 -0.0001694 -0.00493021 0.00171064 -0.0250222 -0.036663 -0.0353728
internal_weight=39.4238 7.46103 31.9627 27.3988 22.0201 17.6657 5.3593 3.8238 2.55963
internal_count=250 76 174 154 126 89 67 53 44
is_linear=0
shrinkage=0.05


Tree=236
num_leaves=8
num_cat=0
split_feature=1 1 3 23 0 7 2
split_gain=0.595201 1.17064 1.44787 0.836004 0.917323 1.0639 1.74829
threshold=0.0052008089819738377 0.0069199041975189788 0.013694208017028366 -0.0071184784285477911 -0.0032192089313086698 176.32650375366214 0.0038578511509625994
decision_type=2 2 2 2 2 2 2
left_child=3 -2 -3 -1 -5 -6 -7
right_child=1 2 -4 4 5 6 -8
leaf_value=-0.015265262703474926 -0.026633578075157968 -0.019812681950734982 0.013967640978331135 -0.011601484640133945 0.027747649528573004 0.016005501738966869 -0.015711252797356436
leaf_weight=4.8527798727154723 5.3735128492116955 5.1515520066022864 8.255206920206545 5.4578709751367596 6.9150335267186192 12.355449844151737 6.7014536969363681
leaf_count=27 21 26 35 22 30 57 32
internal_value=0.000309979 -0.00691556 0.00098754 0.00405 0.00703229 0.0109481 0.00485215
internal_weight=55.0629 18.7803 13.4068 36.2826 31.4298 25.9719 19.0569
internal_count=250 82 61 168 141 119 89
is_linear=0
shrinkage=0.05


Tree=237
num_leaves=9
num_cat=0
split_feature=17 31 16 28 25 2 2 24
split_gain=0.500475 0.692524 1.36157 0.914754 1.41895 1.07904 1.64952 0.939594
threshold=-9.9420338022226156e-05 -0.1934474705809596 0.0045543315282093174 -0.0082987728342607796 -0.0007289725619990527 0.010420278077282965 0.0068565275520794397 -0.018221782193865606
decision_type=2 2 2 2 2 2 2 2
left_child=-1 2 -2 4 -3 6 -5 -6
right_child=1 3 -4 5 7 -7 -8 -9
leaf_value=-0.01613795462979822 -0.0097574262043200969 -0.034663986412026303 0.027845668355170845 0.00089517582335615084 -0.024189039686977346 -0.018311734208379778 0.03879420614033844 0.010425084642455932
leaf_weight=4.5902684964239588 4.0260505191981775 4.6243630312383184 5.987320564687252 10.499153885990387 2.8775429837405673 3.9223621226847163 3.9516730308532706 6.1520488522946772
leaf_count=27 21 31 25 57 15 21 17 36
internal_value=-0.000461784 0.00124985 0.0127267 -0.00233842 -0.0121407 0.00494608 0.0112589 -0.000605716
internal_weight=46.6308 42.0405 10.0134 32.0271 13.654 18.3732 14.4508 9.02959
internal_count=250 223 46 177 82 95 74 51
is_linear=0
shrinkage=0.05


Tree=238
num_leaves=6
num_cat=0
split_feature=25 21 28 16 32
split_gain=0.58483 0.841687 0.792866 1.26599 0.917436
threshold=-0.013357536330666551 0.0029554208860244073 -0.048363642012562928 0.0029614993533720563 -0.0040811597103695653
decision_type=2 2 2 2 2
left_child=-1 2 -2 -4 -5
right_child=1 -3 3 4 -6
leaf_value=0.015671369581853924 -0.014021317672003944 -0.022110799573138204 0.034405829754190327 -0.0056664040705971036 0.019882557023131152
leaf_weight=5.2391317654401055 6.8530408143997219 4.6203162204474202 3.2234825119376209 14.481032030656939 4.6394783332943872
leaf_count=27 34 39 15 106 29
internal_value=0.000126809 -0.00228142 0.000856499 0.00541962 0.0005329
internal_weight=39.0565 33.8173 29.197 22.344 19.1205
internal_count=250 223 184 150 135
is_linear=0
shrinkage=0.05


Tree=239
num_leaves=9
num_cat=0
split_feature=25 25 29 19 31 22 23 22
split_gain=0.604149 0.805459 1.20695 1.39021 1.54551 0.730625 1.01389 1.38332
threshold=-0.013357536330666551 1.0000000180025095e-35 0.0036902644695857583 0.040467463007027978 -0.084818764247938355 -0.0060158955636722125 -0.0086735165594201673 -0.0012032368139320291
decision_type=2 2 2 2 2 2 2 2
left_child=-1 2 3 4 -2 -3 -7 -8
right_child=1 5 -4 -5 -6 6 7 -9
leaf_value=-0.016459047439938711 -0.033536699854710278 -0.018667563736859811 0.030117717197953833 0.023830446359704553 0.0064061425304535215 -0.021754774493617193 0.027463263478247898 -0.0029011787356388514
leaf_weight=4.8932771347463122 3.7802143171429634 6.2041813805699375 5.2700773626565924 5.1151941865682593 6.7392374351620692 4.1102217808365848 5.2339321672916475 13.237480934709305
leaf_count=27 17 28 20 23 31 23 23 58
internal_value=0.000303765 0.00195448 0.0094245 0.0024493 -0.00794751 -0.00347037 0.00070498 0.00570268
internal_weight=54.5838 49.6905 20.9047 15.6346 10.5195 28.7858 22.5816 18.4714
internal_count=250 223 91 71 48 132 104 81
is_linear=0
shrinkage=0.05


Tree=240
num_leaves=10
num_cat=0
split_feature=14 15 2 16 20 31 28 8 21
split_gain=0.487361 0.759274 0.85622 0.662033 1.10799 0.96612 0.953251 0.652661 0.059121
threshold=0.95059318943456372 0.0054610857350438869 0.0052470240717461545 0.00510758990791491 -0.041333395816720735 -0.19761675482772481 0.016853323304191762 0.003463904995063482 -0.00019971507347621428
decision_type=2 2 2 2 2 2 2 2 2
left_child=1 2 8 6 -5 -6 7 -3 -1
right_child=-2 3 -4 4 5 -7 -8 -9 -10
leaf_value=-0.025815563869837778 0.011990869369367002 0.0076093241837913135 0.0028102621662892935 0.010600655779207957 0.0040848272825364899 -0.028350976009536583 0.021561628076395559 -0.019474075795121362 -0.037868584315072396
leaf_weight=1.8935348428785799 6.6965444572269908 5.8229552060365695 3.0187549963593483 5.8735057152807704 3.5720552131533614 6.4251087605953208 7.0611678436398497 3.5994998216629028 2.198825327679514
leaf_count=21 30 31 20 26 17 36 32 18 19
internal_value=-0.000481131 -0.0025974 -0.0173905 0.000653954 -0.00663512 -0.0167614 0.00767198 -0.00273689 -0.0322917
internal_weight=46.162 39.4654 7.11112 32.3543 15.8707 9.99716 16.4836 9.42246 4.09236
internal_count=250 220 60 160 79 53 81 49 40
is_linear=0
shrinkage=0.05


Tree=241
num_leaves=10
num_cat=0
split_feature=16 22 11 32 27 5 5 0 25
split_gain=0.590483 1.137 0.94989 0.809799 1.04634 1.20987 1.15794 0.385754 0.00113912
threshold=0.0047460775807552221 -0.0072886065952298398 184.55852996826175 -0.30575873132241521 0.0012001147166267325 0.0030232517685045237 0.0030839133563355489 -0.0027852073663571781 -0.012490013162696876
decision_type=2 2 2 2 2 2 2 2 2
left_child=3 -2 7 -1 6 -6 -5 -3 -9
right_child=1 2 -4 4 5 -7 -8 8 -10
leaf_value=0.018352658392006033 0.010498651571662229 -0.0044484668597234373 0.01442151330532644 -0.0091157469188660641 0.0044499227101788622 -0.033769272938962633 0.023945257543982218 -0.03714718241334531 -0.035438659134820708
leaf_weight=7.4360502716153851 4.6845038309693336 1.2171575445681808 1.5306664481759069 4.7795990481972748 4.1859413608908635 4.0977842248976231 5.9398438297212124 1.3474181406199925 3.5352771691977964
leaf_count=35 21 16 7 22 21 24 30 13 61
internal_value=0.000151814 -0.00889136 -0.0207952 0.004364 -0.00110985 -0.0144563 0.00920397 -0.0296323 -0.0359101
internal_weight=38.7542 12.315 7.63052 26.4392 19.0032 8.28373 10.7194 6.09985 4.8827
internal_count=250 118 97 132 97 45 52 90 74
is_linear=0
shrinkage=0.05


Tree=242
num_leaves=7
num_cat=0
split_feature=25 19 0 12 9 17
split_gain=0.559838 0.772564 1.00098 1.39549 1.23 0.73483
threshold=-0.013357536330666551 0.040467463007027978 -0.0028784257212950411 -7.3413300511136967e-05 184.26502494812016 3.8069226234261601e-05
decision_type=2 2 2 2 2 2
left_child=-1 2 -2 -4 -5 -3
right_child=1 5 3 4 -6 -7
leaf_value=-0.015945901938216777 -0.018641060004499253 0.025486943918260421 0.025538188694614584 0.0021063776261026827 -0.02840002522451528 -0.0013140549364559621
leaf_weight=4.8284941315650931 6.8869208469986871 5.9523423388600332 5.4028656035661689 22.671549074351798 3.8678782060742369 4.4843595027923584
leaf_count=27 30 30 22 97 25 19
internal_value=0.000301815 0.00189424 -0.0013519 0.00237573 -0.00233965 0.0139713
internal_weight=54.0944 49.2659 38.8292 31.9423 26.5394 10.4367
internal_count=250 223 174 144 122 49
is_linear=0
shrinkage=0.05


Tree=243
num_leaves=10
num_cat=0
split_feature=21 16 34 19 23 3 33 16 2
split_gain=0.472423 0.985955 1.22102 1.4393 0.994362 0.910896 0.975818 0.27466 0.00240293
threshold=0.00090965672952703091 0.0046283660097109292 1.7032591425851378 -0.0083345785689715162 -0.0066981410421429457 0.017594729996738282 0.49500000000000005 0.0038473272803645326 0.0068565275520794397
decision_type=2 2 2 2 2 2 2 2 2
left_child=1 4 3 -3 -1 6 -2 8 -6
right_child=5 2 -4 -5 7 -7 -8 -9 -10
leaf_value=0.0013583358056875009 0.022231365211012891 -0.027847764820450663 0.026545774333410755 0.01191543464054759 -0.035815909474099634 -0.013103799263444602 -0.0021655969542556017 -0.015064790781887201 -0.038241190976743056
leaf_weight=4.5286481305956841 8.6788659021258407 4.196378167718648 4.098299838602542 4.9723775014281264 2.0226471256464738 5.313028708100318 7.766241665929555 2.180746778845787 2.0629925727844238
leaf_count=21 39 26 19 24 27 26 38 15 15
internal_value=-0.000444146 -0.00527196 0.00385774 -0.00628348 -0.0164923 0.00489489 0.0107098 -0.0293928 -0.0370405
internal_weight=45.8202 24.0621 13.2671 9.16876 10.795 21.7581 16.4451 6.26639 4.08564
internal_count=250 147 69 50 78 103 77 57 42
is_linear=0
shrinkage=0.05


Tree=244
num_leaves=9
num_cat=0
split_feature=27 4 30 13 20 2 12 7
split_gain=0.592969 0.84867 0.862878 1.31612 1.9244 1.26615 1.53907 0.677772
threshold=-0.025565756823225868 0.0021647214180127586 0.0068599290075537231 58.161939019989298 0.05962952566492364 -0.0015655103236245636 0.019366018310828525 183.98255004882813
decision_type=2 2 2 2 2 2 2 2
left_child=-1 -2 3 7 -5 -4 -7 -3
right_child=1 2 5 4 -6 6 -8 -9
leaf_value=-0.01584857171835435 0.025105502158497873 -0.037287604502694117 0.02795734598502906 -0.016489412736703627 0.032252028715310542 -0.018296052514456179 0.022853563699350522 -0.0029121389081378929
leaf_weight=5.0403654612600794 3.7071688622236243 4.2900722883641746 5.2552849352359781 4.7389752548187953 3.5361168030649424 5.942100385203954 3.6792946569621563 2.1538236811757088
leaf_count=30 17 51 21 33 23 41 22 12
internal_value=0.000134179 0.00255316 -0.000271759 -0.00885487 0.00433881 0.00822037 -0.00256013 -0.0257979
internal_weight=38.3432 33.3028 29.5957 14.719 8.27509 14.8767 9.6214 6.4439
internal_count=250 220 203 119 56 84 63 63
is_linear=0
shrinkage=0.05


Tree=245
num_leaves=7
num_cat=0
split_feature=25 19 12 8 8 17
split_gain=0.53517 0.794755 1.03782 1.01063 1.0591 0.682708
threshold=-0.012490013162696876 0.040467463007027978 -0.00033154011087706861 -0.0015945702780764443 0.0064850944343266487 2.4342251951391691e-05
decision_type=2 2 2 2 2 2
left_child=-1 2 -2 -4 -5 -3
right_child=1 5 3 4 -6 -7
leaf_value=-0.014432925541166104 0.016553363972246798 0.026157708984182418 -0.025657575990715432 0.0044611026635634991 -0.019003568591756531 0.00014833871602109921
leaf_weight=5.5395259857177725 6.6684639602899507 5.5719812884926778 5.0490560941398135 19.840024087578069 6.3474391549825659 4.6107207611203194
leaf_count=30 27 28 25 90 30 20
internal_value=0.00028355 0.00197883 -0.00135277 -0.00517542 -0.00122637 0.0143807
internal_weight=53.6272 48.0877 37.905 31.2365 26.1875 10.1827
internal_count=250 220 172 145 120 48
is_linear=0
shrinkage=0.05


Tree=246
num_leaves=7
num_cat=0
split_feature=24 24 24 27 31 2
split_gain=0.453896 0.947459 0.880124 0.748121 1.12685 1.1285
threshold=0.015935697666018548 0.011384922219943474 0.025053239671577802 -0.015287047331454138 -0.21039147547653703 -0.0038059454774247432
decision_type=2 2 2 2 2 2
left_child=1 3 -2 -1 -5 -6
right_child=2 -3 -4 4 5 -7
leaf_value=0.013435806272405263 -0.028637364658501155 0.021762690646267503 0.0017159817851158613 0.018687365997721476 -0.038790525255180903 -0.0052957599412001904
leaf_weight=6.7665834333747616 3.8350577354431135 5.2909605652093878 6.3301893398165703 3.9967775829136398 2.9771914333105149 16.188232813030481
leaf_count=36 27 24 30 19 25 89
internal_value=-0.000428115 0.00225821 -0.00973547 -0.00118989 -0.00546263 -0.0104989
internal_weight=45.385 35.2197 10.1652 29.9288 23.1622 19.1654
internal_count=250 193 57 169 133 114
is_linear=0
shrinkage=0.05


Tree=247
num_leaves=11
num_cat=0
split_feature=16 22 26 0 1 34 17 14 22 24
split_gain=0.57409 1.01776 0.728396 0.997663 1.83127 0.738761 0.693172 0.50396 0.00536619 0.000715756
threshold=0.0057031696737131028 -0.010224915326078053 0.032064421348831147 0.0011457124692959566 -0.0012332223745511459 0.85943971610940284 -6.7852449282269279e-05 0.78643774720402915 -0.0071443023183320733 -0.011082942364893987
decision_type=2 2 2 2 2 2 2 2 2 2
left_child=2 -2 3 4 -1 -5 -3 -6 -8 -10
right_child=1 6 -4 5 7 -7 8 -9 9 -11
leaf_value=0.016286669559904918 0.016905232264278185 0.0044728983495489318 -0.015040345240261 0.034856656814075487 -0.029232952227236694 0.0077212840726419221 -0.039483422793592314 -0.0041990876661249935 -0.036221346835641773 -0.034527006214938309
leaf_weight=7.3955107778310802 2.0660764947533607 1.4487160351127384 4.6980674732476464 4.0811083391308767 4.5152464695274848 6.5082342140376568 1.048352897167206 3.623921187594533 1.0724526010453703 1.4883223427459586
leaf_count=37 9 13 32 21 27 36 6 21 13 35
internal_value=0.000128186 -0.0126641 0.00308487 0.00634446 -0.00172278 0.0181792 -0.0247429 -0.0180868 -0.0364702 -0.0352366
internal_weight=37.946 7.12392 30.8221 26.124 15.5347 10.5893 5.05784 8.13917 3.60913 2.56077
internal_count=250 76 174 142 85 57 67 48 54 48
is_linear=0
shrinkage=0.05


Tree=248
num_leaves=9
num_cat=0
split_feature=31 31 13 21 2 23 30 6
split_gain=0.519822 0.81814 0.962279 0.859154 1.11458 1.07246 0.766922 1.14158
threshold=-0.1696193232013079 -0.12228692610480486 69.923888621356937 0.00020139240034111608 0.0050398487531976297 -0.00099286337003323655 0.01096511336316275 1.041203696530945
decision_type=2 2 2 2 2 2 2 2
left_child=6 -2 3 5 -5 -3 7 -1
right_child=1 2 -4 4 -6 -7 -8 -9
leaf_value=0.00067846109996803395 0.021317252371982443 0.00021863328939482736 -0.018853929798670885 -0.016446862638363435 0.014881935016634699 0.026368139694230699 0.0097943229068520442 -0.033832420270009822
leaf_weight=4.9984392486512643 5.3794414624571791 8.8931767717003769 5.4816630110144606 8.2962378039956075 4.315910890698432 7.0129561275243821 4.1792512089014044 4.602903239428997
leaf_count=22 24 41 29 40 19 34 18 23
internal_value=0.000274 0.00319886 0.000332179 0.00402005 -0.00572606 0.0117479 -0.00808406 -0.0158661
internal_weight=53.16 39.3794 33.9999 28.5183 12.6121 15.9061 13.7806 9.60134
internal_count=250 187 163 134 59 75 63 45
is_linear=0
shrinkage=0.05


Tree=249
num_leaves=9
num_cat=0
split_feature=8 16 8 8 10 5 32 2
split_gain=0.444508 0.735882 1.15203 1.36865 0.858823 1.12394 1.04096 0.843814
threshold=-0.0037264772288819123 0.0047460775807552221 0.00020768248968327924 0.0048895275105806197 0.0094397958280780254 0.0030684211450683683 -0.084334025285961747 0.0056492876846879767
decision_type=2 2 2 2 2 2 2 2
left_child=-1 4 -3 -4 5 6 -2 -7
right_child=1 2 3 -5 -6 7 -8 -9
leaf_value=-0.012833514462449971 -0.03490075805832598 0.03000681380308437 -0.014806421651987546 0.016693199316115719 -0.026518589906257647 -0.0030498269153965492 0.0060103212802987711 0.025944015698446739
leaf_weight=6.2342254612594834 3.492042038589716 4.7410254180431393 6.6860772445797902 7.1213848367333412 3.7860382348299018 5.4794618487358075 2.8028770927339854 4.6296964287757874
leaf_count=36 27 22 39 30 24 36 19 17
internal_value=-0.000442261 0.00155187 0.00874168 0.00143993 -0.00505334 -9.91958e-05 -0.0166847 0.0102285
internal_weight=44.9728 38.7386 18.5485 13.8075 20.1901 16.4041 6.29492 10.1092
internal_count=250 214 91 69 123 99 46 53
is_linear=0
shrinkage=0.05


Tree=250
num_leaves=11
num_cat=0
split_feature=16 32 22 27 32 27 5 5 8 22
split_gain=0.553485 1.04906 1.11696 0.788511 0.725826 0.935288 1.12987 1.04117 0.136018 0.00116232
threshold=0.0047460775807552221 -0.2190309994091385 -0.0071443023183320733 0.0080970102247741611 -0.30575873132241521 0.0012001147166267325 0.0030232517685045237 0.0030839133563355489 -0.0040743086363477623 -0.0055832014234467589
decision_type=2 2 2 2 2 2 2 2 2 2
left_child=4 8 -3 -4 -1 7 -7 -6 -2 -10
right_child=1 2 3 -5 5 6 -8 -9 9 -11
leaf_value=0.017623441099535616 -0.016119422316217342 0.021957629255630252 -0.036037234567226004 0.0073467856664896141 -0.0087696882725613167 0.0044474184283770654 -0.033098262832567081 0.022966208823396034 -0.037212267534445335 -0.035123740045450463
leaf_weight=7.277826126664876 1.254939988255501 3.6624984666705132 2.2457266394048911 1.9626734703779218 4.6602726057171875 4.1083384752273542 3.9115816093981266 5.8018809445202351 1.1628937702625992 1.5595891699194906
leaf_count=35 7 16 33 20 22 21 24 30 10 32
internal_value=0.000134845 -0.00880902 0.00176719 -0.0158042 0.00424859 -0.00101812 -0.0138649 0.00882974 -0.0297382 -0.0360158
internal_weight=37.6082 11.8483 7.8709 4.2084 25.7599 18.4821 8.01992 10.4622 3.97742 2.72248
internal_count=250 118 69 53 132 97 45 52 49 42
is_linear=0
shrinkage=0.05


Tree=251
num_leaves=9
num_cat=0
split_feature=28 28 21 13 28 13 13 30
split_gain=0.519519 0.992733 0.815228 1.0421 0.719459 0.83219 1.69235 0.760965
threshold=-0.010406029466580867 -0.024131775791238704 0.00055916833303382163 57.390467394517586 0.0063923203327502795 65.439168776898029 49.550040541646901 0.0093424494496364714
decision_type=2 2 2 2 2 2 2 2
left_child=1 2 3 -1 -2 6 -6 -8
right_child=4 -3 -4 -5 5 -7 7 -9
leaf_value=0.025181406039674056 -0.016797213162689957 0.021055008937389316 -0.015958333187779325 -0.0084610412183279502 0.014801806102874161 0.01574027682979812 -0.029427203475556048 -0.00010527182105774373
leaf_weight=4.4899722710251826 8.0516342371702212 7.3898045197129241 5.8290038332343093 4.7232894226908684 6.1944410502910641 6.4731091372668734 6.07664657384157 3.47977215051651
leaf_count=21 39 33 24 24 27 32 32 18
internal_value=0.000281145 0.00604809 -0.00132436 0.0079342 -0.00399175 0.000647607 -0.00555501 -0.0187502
internal_weight=52.7077 22.4321 15.0423 9.21326 30.2756 22.224 15.7509 9.55642
internal_count=250 102 69 45 148 109 77 50
is_linear=0
shrinkage=0.05


Tree=252
num_leaves=7
num_cat=0
split_feature=24 24 24 27 31 2
split_gain=0.438827 0.867413 0.824997 0.699559 1.0356 1.06972
threshold=0.015935697666018548 0.011384922219943474 0.025053239671577802 -0.015287047331454138 -0.21039147547653703 -0.0038059454774247432
decision_type=2 2 2 2 2 2
left_child=1 3 -2 -1 -5 -6
right_child=2 -3 -4 4 5 -7
leaf_value=0.013164720701853788 -0.028259363864539297 0.021048022238520637 0.0014465003368242329 0.018040015797222989 -0.038514304531919494 -0.0051411401791117825
leaf_weight=6.6470679938793173 3.7336387895047647 5.2055014297366133 6.2494105994701385 3.9347678869962719 2.8276455439627233 15.918616250157354
leaf_count=36 27 24 30 19 25 89
internal_value=-0.000430391 0.00223872 -0.00966343 -0.00109978 -0.00528024 -0.0101751
internal_weight=44.5166 34.5336 9.98305 29.3281 22.681 18.7463
internal_count=250 193 57 169 133 114
is_linear=0
shrinkage=0.05


Tree=253
num_leaves=9
num_cat=0
split_feature=27 4 30 13 20 2 3 7
split_gain=0.543937 0.777667 0.767693 1.19451 1.77805 1.14938 1.36544 0.65005
threshold=-0.025565756823225868 0.0021647214180127586 0.0068599290075537231 58.161939019989298 0.05962952566492364 -0.0015655103236245636 0.015368633968586455 183.98255004882813
decision_type=2 2 2 2 2 2 2 2
left_child=-1 -2 3 7 -5 -4 -7 -3
right_child=1 2 5 4 -6 6 -8 -9
leaf_value=-0.015401694716360249 0.024279821038319965 -0.037003137729684298 0.026903686671033739 -0.016341246697133542 0.031011648411666759 -0.020314449654044289 0.017991830404639312 -0.002576807882653805
leaf_weight=4.9147438500076523 3.6230297908186904 4.0224761394783881 5.0983527004718789 4.6070996951311809 3.4796699527651072 5.0314255580306018 4.3269515801221132 2.0803955420851707
leaf_count=30 17 51 21 33 23 35 28 12
internal_value=9.39724e-05 0.00245402 -0.000306386 -0.00856826 0.00403431 0.00780284 -0.00260311 -0.0252676
internal_weight=37.1841 32.2694 28.6464 14.1896 8.08677 14.4567 9.35838 6.10287
internal_count=250 220 203 119 56 84 63 63
is_linear=0
shrinkage=0.05


Tree=254
num_leaves=9
num_cat=0
split_feature=25 25 29 19 31 17 22 29
split_gain=0.499589 0.722159 1.03668 1.20748 1.36627 0.753809 1.17471 1.09391
threshold=-0.013357536330666551 1.0000000180025095e-35 0.0036902644695857583 0.040467463007027978 -0.084818764247938355 0.00016170494120048572 -0.0051930125324888268 -1.0000000180025095e-35
decision_type=2 2 2 2 2 2 2 2
left_child=-1 2 3 4 -2 6 -3 -8
right_child=1 5 -4 -5 -6 -7 7 -9
leaf_value=-0.015346900063985869 -0.032229846075466625 -0.028983817472328862 0.028701744458540214 0.02282540391214612 0.0062205623093818992 0.01681646280231135 0.01466940343037817 -0.010339307397475156
leaf_weight=4.6475633941590777 3.5808690413832664 4.7641686424613061 5.0281851366162291 4.9020463898777953 6.5113982856273669 3.9426127374172202 6.892963767051703 11.958663117140526
leaf_count=27 17 23 20 23 31 18 32 59
internal_value=0.000299937 0.00182827 0.00905494 0.00246659 -0.00742215 -0.00342224 -0.00680106 -0.00119505
internal_weight=52.2285 47.5809 20.0225 14.9943 10.0923 27.5584 23.6158 18.8516
internal_count=250 223 91 71 48 132 114 91
is_linear=0
shrinkage=0.05


Tree=255
num_leaves=9
num_cat=0
split_feature=21 16 9 3 33 31 2 21
split_gain=0.438656 0.909676 1.1156 0.827292 0.89511 0.727984 0.570409 0.517709
threshold=0.00090965672952703091 0.0063075018173740999 183.83017463684084 0.017594729996738282 0.49500000000000005 -0.054047866691239142 0.0056492876846879767 -0.0025521066969108603
decision_type=2 2 2 2 2 2 2 2
left_child=1 2 5 4 -2 7 -7 -1
right_child=3 -3 -4 -5 -6 6 -8 -9
leaf_value=0.022110916531618105 0.02154958681416284 0.01360806893462093 -0.037486468100814019 -0.012719896496022832 -0.0021703907084718874 -0.031565415175188079 -0.0041780900283190916 -0.0053583488746300747
leaf_weight=3.1488210931420326 8.4596200287342089 5.031534280627965 3.1463531237095586 5.108244262635707 7.5064707174897185 3.150486111640932 4.7944772206246853 3.7675985991954839
leaf_count=16 39 27 32 26 38 24 24 24
internal_value=-0.000419058 -0.00518763 -0.0104393 0.00479413 0.0103976 -0.00471308 -0.0150382 0.00714751
internal_weight=44.1136 23.0393 18.0077 21.0743 15.9661 14.8614 7.94496 6.91642
internal_count=250 147 120 103 77 88 48 40
is_linear=0
shrinkage=0.05


Tree=256
num_leaves=10
num_cat=0
split_feature=16 19 2 26 26 22 0 7 22
split_gain=0.539634 1.02391 1.45119 0.80759 1.56157 0.631185 0.81459 0.00382934 0.000895626
threshold=0.0036961037130545417 -0.0083345785689715162 -0.0046348463764896977 -0.0016088617798273306 0.018311682024720447 -0.0031215827720538765 0.00038406562544501815 184.09550018310549 -0.0051930125324888268
decision_type=2 2 2 2 2 2 2 2 2
left_child=5 3 -3 -2 -5 -1 -7 8 -4
right_child=1 2 7 4 -6 6 -8 -9 -10
leaf_value=-0.009749058356592951 -0.016729380841724584 0.010216663334796235 -0.036371414771916279 0.036993783169235635 -0.0048760724743914475 0.00026474898539786718 0.026396447987372326 -0.03820010655758746 -0.034614158410116121
leaf_weight=4.1929303258657482 3.6904753167182216 2.590176261961461 1.0464502088725578 3.5639043375849724 5.9359641559422016 6.2176381647586805 5.7311629727482796 1.4795009344816206 2.3611980834975812
leaf_count=20 28 15 12 16 38 26 26 11 58
internal_value=9.13948e-05 -0.0052588 -0.02004 0.00312037 0.0108315 0.00694172 0.0127986 -0.036076 -0.0351538
internal_weight=36.8094 20.6677 7.47733 13.1903 9.49987 16.1417 11.9488 4.88715 3.40765
internal_count=250 178 96 82 54 72 52 81 70
is_linear=0
shrinkage=0.05


Tree=257
num_leaves=9
num_cat=0
split_feature=29 28 22 17 33 9 24 1
split_gain=0.497589 0.780813 0.788976 0.682629 1.008 0.818577 0.744142 0.669787
threshold=0.01020575744528507 -0.010406029466580867 0.00050791732461208394 8.9456825443524763e-05 0.47500000000000003 183.34317359924322 0.016983875540142471 0.0045203252286408766
decision_type=2 2 2 2 2 2 2 2
left_child=1 2 7 4 6 -6 -3 -1
right_child=-2 3 -4 -5 5 -7 -8 -9
leaf_value=0.028197785841290887 -0.016189326509776145 -0.018178443159545771 -0.003502815858019303 -0.019584895321833981 0.026338866439734966 -0.001314264202292748 0.0076506881663062215 0.0042426167631272596
leaf_weight=6.5634065456688422 4.2070501521229735 8.2476755771786028 7.1409808769822112 5.3422296345233908 4.967294402420519 5.8020183369517326 4.2129209153354159 5.2535809054970741
leaf_count=29 22 46 35 28 21 29 18 22
internal_value=0.000292284 0.00175113 0.00961859 -0.00346903 0.000237167 0.0114406 -0.00944563 0.0175478
internal_weight=51.7372 47.5301 18.958 28.5721 23.2299 10.7693 12.4606 11.817
internal_count=250 228 86 142 114 50 64 51
is_linear=0
shrinkage=0.05


Tree=258
num_leaves=8
num_cat=0
split_feature=0 0 5 7 21 31 30
split_gain=0.422518 0.911039 0.638983 1.08646 1.17835 0.890584 0.606563
threshold=-0.0032192089313086698 -0.0015440340647152604 0.0046355379025429704 180.42219924926761 0.0030645095779661129 -0.15655898496536011 0.0060549121341574317
decision_type=2 2 2 2 2 2 2
left_child=-1 -2 3 6 -5 -4 -3
right_child=1 2 5 4 -6 -7 -8
leaf_value=0.011217774553027427 -0.021581248999714624 -0.0051084059923683905 0.032155422863617555 -0.0027169020900989654 0.030316800508141274 -0.0023989698279114312 -0.030401357774509353
leaf_weight=6.6020566150546065 5.3582090251147738 5.3544632568955475 3.4449271820485592 11.082118697464464 3.5690206401050082 4.0650751665234557 4.2532474584877491
leaf_count=33 30 30 17 74 16 24 26
internal_value=-0.000437246 -0.00250978 0.000706858 -0.00323861 0.00533011 0.0134515 -0.0163054
internal_weight=43.7291 37.1271 31.7689 24.2589 14.6511 7.51 9.60771
internal_count=250 217 187 146 90 41 56
is_linear=0
shrinkage=0.05


Tree=259
num_leaves=6
num_cat=0
split_feature=21 16 27 1 24
split_gain=0.507977 0.783591 0.780529 1.01545 0.978001
threshold=0.0041028034896761776 0.0029614993533720563 -0.025565756823225868 -0.0045093929214865538 -0.01445114893823962
decision_type=2 2 2 2 2
left_child=1 -1 -3 -4 -5
right_child=-2 2 3 4 -6
leaf_value=0.018349008141076494 -0.01978754449950337 -0.024845591042573008 0.023338031483901379 0.01475231150850136 -0.010125842532593026
leaf_weight=5.9252544343471518 2.9504523798823348 3.2156503908336189 4.3236616142094162 5.4187615122646156 14.578578745946283
leaf_count=28 28 22 26 29 117
internal_value=0.000100796 0.00185442 -0.00169484 0.00136609 -0.00338451
internal_weight=36.4124 33.4619 27.5367 24.321 19.9973
internal_count=250 222 194 172 146
is_linear=0
shrinkage=0.05


Tree=260
num_leaves=8
num_cat=0
split_feature=1 1 3 23 19 26 26
split_gain=0.477416 1.06411 1.28904 0.914222 0.682273 1.22721 1.28546
threshold=0.0052008089819738377 0.0069199041975189788 0.013694208017028366 -0.0073735535121085541 0.035083059197488227 -0.017482027324603407 0.013580369033831642
decision_type=2 2 2 2 2 2 2
left_child=3 -2 -3 -1 5 -5 -7
right_child=1 2 -4 4 -6 6 -8
leaf_value=-0.019128681568366543 -0.0256267627955045 -0.018927042998819605 0.014109448275942252 -0.016880646719884054 0.020587036818716598 0.025924705038194214 -0.0020061609631905389
leaf_weight=3.8549109771847716 5.0979421734809902 4.7807756587862951 7.7219105139374733 5.9736720342189136 6.8574668765068045 6.9880450330674675 10.034660562872885
leaf_count=24 21 26 35 30 35 33 46
internal_value=0.000301118 -0.00637351 0.00147696 0.0037862 0.00674511 0.00261747 0.00945983
internal_weight=51.3094 17.6006 12.5027 33.7088 29.8538 22.9964 17.0227
internal_count=250 82 61 168 144 109 79
is_linear=0
shrinkage=0.05


Tree=261
num_leaves=7
num_cat=0
split_feature=14 29 24 24 0 19
split_gain=0.428483 0.641806 0.891639 1.04957 0.843925 0.595158
threshold=0.97373123807739648 -0.0093031486362166165 0.015935697666018548 0.010945829652386998 0.0018155390695802078 -0.020483140892346704
decision_type=2 2 2 2 2 2
left_child=1 -1 3 4 -3 -4
right_child=-2 2 5 -5 -6 -7
leaf_value=0.017888486626539812 0.012407876763642273 0.0012463758053684994 -0.03860029038561287 0.022076330441538596 -0.020369187813774784 -0.0087950305742728937
leaf_weight=3.5432095415890208 5.6399442441761485 16.52688539586962 2.7247230298817158 4.377434901893138 6.213125728070735 4.3470011577010146
leaf_count=20 27 99 21 20 39 24
internal_value=-0.000446474 -0.00236784 -0.00446712 -0.000343687 -0.00465952 -0.0202789
internal_weight=43.3723 37.7324 34.1892 27.1174 22.74 7.07172
internal_count=250 223 203 158 138 45
is_linear=0
shrinkage=0.05


Tree=262
num_leaves=11
num_cat=0
split_feature=16 32 22 27 32 27 5 5 8 22
split_gain=0.505729 0.961144 1.00427 0.733561 0.645704 0.864689 1.04171 0.928936 0.142751 0.000963188
threshold=0.0047460775807552221 -0.2190309994091385 -0.0071443023183320733 0.0080970102247741611 -0.30575873132241521 0.0012001147166267325 0.0030232517685045237 0.0030839133563355489 -0.0040743086363477623 -0.0055832014234467589
decision_type=2 2 2 2 2 2 2 2 2 2
left_child=4 8 -3 -4 -1 7 -7 -6 -2 -10
right_child=1 2 3 -5 5 6 -8 -9 9 -11
leaf_value=0.016924885058456358 -0.015051167184789488 0.021093432204982988 -0.035887175566332211 0.0069829801333489627 -0.0082566475718688411 0.004205765515675159 -0.032594129662843668 0.022244453347804609 -0.037027933389126515 -0.035072500815258437
leaf_weight=7.043352434411644 1.2042872756719591 3.5332127958536148 2.0969621874392015 1.9037727583199737 4.5011412873864227 3.9786608628928652 3.7221344821155071 5.6044738534837961 1.1083729173988106 1.4583229301497338
leaf_count=35 7 16 33 20 22 21 24 30 10 32
internal_value=0.000121131 -0.00864633 0.00166812 -0.0154872 0.00410972 -0.000959334 -0.0135812 0.00865896 -0.0292533 -0.0359169
internal_weight=36.1547 11.3049 7.53395 4.00073 24.8498 17.8064 7.7008 10.1056 3.77098 2.5667
internal_count=250 118 69 53 132 97 45 52 49 42
is_linear=0
shrinkage=0.05


Tree=263
num_leaves=9
num_cat=0
split_feature=28 28 21 13 28 28 1 13
split_gain=0.477571 0.910964 0.722625 0.955398 0.659755 0.773733 1.00079 1.26507
threshold=-0.010406029466580867 -0.024131775791238704 0.00055916833303382163 57.390467394517586 0.0063923203327502795 0.016853323304191762 0.0052008089819738377 49.550040541646901
decision_type=2 2 2 2 2 2 2 2
left_child=1 2 3 -1 -2 -6 7 -7
right_child=4 -3 -4 -5 5 6 -8 -9
leaf_value=0.024402508496177408 -0.016344836257250719 0.020570550590037456 -0.015289080457246954 -0.0083510746141576692 0.016344241651900224 0.024105828976911919 -0.02581265344809789 -0.010210884153415867
leaf_weight=4.3401882648468035 7.7818869017064598 7.1234406381845465 5.6240397542715064 4.5714908093214035 5.7495009601116207 4.2820845842361432 4.2515417709946624 7.2034241333603859
leaf_count=21 39 33 24 24 27 20 22 40
internal_value=0.000294245 0.00592273 -0.00125565 0.00760066 -0.00387093 0.000646801 -0.00508823 0.00258324
internal_weight=50.9276 21.6592 14.5357 8.91168 29.2684 21.4866 15.7371 11.4855
internal_count=250 102 69 45 148 109 82 60
is_linear=0
shrinkage=0.05


Tree=264
num_leaves=8
num_cat=0
split_feature=17 15 24 3 3 29 20
split_gain=0.430011 0.618327 0.936781 1.02903 1.03997 0.986534 0.518267
threshold=-9.9420338022226156e-05 0.0077411620165269155 -0.018221782193865606 0.0086687851114621867 0.013010550559635294 -0.0010543446260813381 0.010893975772034438
decision_type=2 2 2 2 2 2 2
left_child=-1 2 -2 5 -5 -4 -3
right_child=1 6 3 4 -6 -7 -8
leaf_value=-0.01552219550350732 -0.024567623875754757 0.027197211403849692 0.011191495645894455 0.026650880042056083 0.00049487562038690112 -0.025642569032905661 0.0013705058860997651
leaf_weight=4.2536362595856181 3.9854282978922155 3.7523626796901217 2.7235151939094067 5.2838339637964991 13.535186696797608 5.4664317835122365 4.0272499807178974
leaf_count=27 26 19 16 26 74 40 22
internal_value=-0.000430914 0.00122465 -0.00193869 0.00140042 0.00783872 -0.0133936 0.0138276
internal_weight=43.0276 38.774 30.9944 27.009 18.819 8.18995 7.77961
internal_count=250 223 182 156 100 56 41
is_linear=0
shrinkage=0.05


Tree=265
num_leaves=8
num_cat=0
split_feature=25 21 22 24 32 24 21
split_gain=0.509748 0.673167 0.745937 1.37891 0.692594 1.38149 0.568235
threshold=-0.013357536330666551 0.0029554208860244073 -0.0012032368139320291 -0.01445114893823962 -0.29434835140338406 0.0071462870186247427 -0.0018007710176434764
decision_type=2 2 2 2 2 2 2
left_child=-1 2 3 -2 -4 -6 -5
right_child=1 -3 4 6 5 -7 -8
leaf_value=0.015239137220337923 0.012469390641081334 -0.020860635814124725 0.026181571709746901 -0.038120617330823184 -0.017000781162542802 0.022623800729358771 -0.010715718817860445
leaf_weight=4.8204851336777201 5.3402427695691594 4.1959879379719487 4.1325701158493766 2.8589099515229455 4.7400893270969373 4.1042970661073923 5.589984827674928
leaf_count=27 29 39 31 24 39 24 37
internal_value=0.000114616 -0.00224012 0.000678927 -0.00741849 0.00928313 0.00138727 -0.0199889
internal_weight=35.7826 30.9621 26.7661 13.7891 12.977 8.84439 8.44889
internal_count=250 223 184 90 94 63 61
is_linear=0
shrinkage=0.05


Tree=266
num_leaves=7
num_cat=0
split_feature=25 19 12 9 23 17
split_gain=0.486652 0.735878 0.872843 0.920831 0.988651 0.652673
threshold=-0.012490013162696876 0.040467463007027978 -0.00033154011087706861 184.26502494812016 -0.002937974055206793 3.8069226234261601e-05
decision_type=2 2 2 2 2 2
left_child=-1 2 -2 4 -4 -3
right_child=1 5 3 -5 -6 -7
leaf_value=-0.014151280482447157 0.015555314733851244 0.025819353030752029 -0.015183412449261644 -0.028182064932162368 0.00549270413295911 -0.00043815300014174983
leaf_weight=5.2324584703892461 6.2881467938423112 5.3675799146294576 8.7973673045635241 3.7301437221467486 16.865331195294864 4.2329856902360916
leaf_count=30 27 29 43 26 76 19
internal_value=0.00028586 0.00195413 -0.00135217 -0.00496927 -0.00159523 0.0142422
internal_weight=50.514 45.2816 35.681 29.3928 25.6627 9.60057
internal_count=250 220 172 145 119 48
is_linear=0
shrinkage=0.05


Tree=267
num_leaves=9
num_cat=0
split_feature=0 0 30 29 4 19 5 23
split_gain=0.421009 0.831545 0.626485 1.21458 1.36122 0.808035 0.649052 0.396685
threshold=-0.0032192089313086698 -0.0015440340647152604 0.0020930687228998273 0.0010558219587901709 0.0029389900873799889 0.0061805013539215645 0.0043271328639964126 0.0029060253165701382
decision_type=2 2 2 2 2 2 2 2
left_child=-1 -2 6 5 -5 -4 7 -3
right_child=1 2 3 4 -6 -7 -8 -9
leaf_value=0.011361548110429144 -0.02097187373488054 0.012757608599999574 -0.040072520961345767 -0.020759000901404076 0.017559599951837947 -0.0073661617935141454 0.027075089966347665 -0.0088581572021043317
leaf_weight=6.4636807255446902 5.2111595571041098 4.2191267684102076 3.0597667191177633 3.346243226900695 7.5398642718791962 4.933099053800106 3.6586997322738162 4.2711358368396759
leaf_count=33 30 22 23 30 39 29 20 24
internal_value=-0.000393824 -0.00249054 0.000613414 -0.00508599 0.00578098 -0.0198866 0.00947004 0.00188352
internal_weight=42.7028 36.2391 31.0279 18.879 10.8861 7.99287 12.149 8.49026
internal_count=250 217 187 121 69 52 66 46
is_linear=0
shrinkage=0.05


Tree=268
num_leaves=10
num_cat=0
split_feature=16 19 2 26 26 24 0 7 22
split_gain=0.509757 0.900763 1.37873 0.717333 1.41821 0.578756 0.867753 0.00305068 0.000737524
threshold=0.0036961037130545417 -0.0083345785689715162 -0.0046348463764896977 -0.0016088617798273306 0.018311682024720447 -1.0000000180025095e-35 0.00038406562544501815 184.09550018310549 -0.0051930125324888268
decision_type=2 2 2 2 2 2 2 2 2
left_child=5 3 -3 -2 -5 -1 -7 8 -4
right_child=1 2 7 4 -6 6 -8 -9 -10
leaf_value=-0.0046589426629642834 -0.016401633895362408 0.010202903365988406 -0.036181816677172914 0.035392534019582082 -0.0050894806343683057 -0.00024167404693015054 0.030541667480080015 -0.037858379473484756 -0.034536763534334977
leaf_weight=6.4175927191972741 3.5534586869180211 2.5142131708562365 0.98854318819940035 3.4532237816601956 5.7926793918013573 4.6473524644970858 4.5118903070688248 1.3865357413887975 2.192345986142759
leaf_count=31 28 15 12 16 38 21 20 11 58
internal_value=8.20368e-05 -0.00522456 -0.0195327 0.00269186 0.01003 0.00685494 0.0149224 -0.0359012 -0.035048
internal_weight=35.4578 19.881 7.08164 12.7994 9.2459 15.5768 9.15924 4.56742 3.18089
internal_count=250 178 96 82 54 72 41 81 70
is_linear=0
shrinkage=0.05


Tree=269
num_leaves=9
num_cat=0
split_feature=28 31 0 5 28 13 13 30
split_gain=0.459512 0.906605 1.09147 0.7462 0.605981 0.721045 1.47717 0.713028
threshold=-0.010406029466580867 -0.20369610133638258 0.0010608805484804142 0.0031551240203245416 0.0063923203327502795 65.439168776898029 49.550040541646901 0.0093424494496364714
decision_type=2 2 2 2 2 2 2 2
left_child=1 -1 3 -3 -2 6 -6 -8
right_child=4 2 -4 -5 5 -7 7 -9
leaf_value=-0.017738772960590673 -0.015924550879188037 0.0082458912669649484 -0.0033475597290244285 0.035735497198860537 0.01401791868645205 0.014800638685874759 -0.02880266054071462 0.00043289323243269517
leaf_weight=3.4244470670819309 7.6310115866363075 5.1354786083102244 8.0372539311647397 4.7538209147751331 5.8896042779088047 6.2284020092338315 5.7393855080008489 3.2759909555315971
leaf_count=17 39 24 39 22 27 32 32 18
internal_value=0.00027753 0.00583467 0.0103378 0.0214602 -0.00384738 0.000513543 -0.00545666 -0.0181791
internal_weight=50.1154 21.351 17.9266 9.8893 28.7644 21.1334 14.905 9.01538
internal_count=250 102 85 46 148 109 77 50
is_linear=0
shrinkage=0.05


Tree=270
num_leaves=9
num_cat=0
split_feature=16 21 19 19 20 22 22 26
split_gain=0.39794 0.697184 0.988163 0.560073 0.792459 1.01713 0.844951 0.708348
threshold=0.0037703381678470343 0.0031394862378542059 -0.022900162063845483 -0.054426371374941822 -0.070710886075212739 0.00085918318370781243 0.0053066394810199488 0.013580369033831642
decision_type=2 2 2 2 2 2 2 2
left_child=1 2 -1 -2 -5 7 -7 -6
right_child=3 -3 -4 4 5 6 -8 -9
leaf_value=0.0018941607453246856 -0.011528345078405772 0.011466931173861187 -0.036902086398911148 0.021390871031875314 -0.028576359701430687 0.029265473461228916 0.00082398199084346511 -0.00039725911386972079
leaf_weight=3.1371689327061176 6.0979380272328845 2.7784417010843754 3.4421895835548622 5.9300054609775534 3.7096915878355556 3.9702118113636953 7.6297154501080513 5.5916628018021584
leaf_count=24 36 13 38 27 24 18 41 29
internal_value=-0.00043575 -0.00953445 -0.0184033 0.00214991 0.00525856 0.000681588 0.0105584 -0.011636
internal_weight=42.287 9.3578 6.57936 32.9292 26.8313 20.9013 11.5999 9.30135
internal_count=250 75 62 175 139 112 59 53
is_linear=0
shrinkage=0.05


Tree=271
num_leaves=10
num_cat=0
split_feature=16 19 2 26 26 22 0 7 24
split_gain=0.480332 0.854843 1.3454 0.669804 1.33718 0.566068 0.694966 0.00269712 0.00044477
threshold=0.0036961037130545417 -0.0083345785689715162 -0.0046348463764896977 -0.0016088617798273306 0.018311682024720447 -0.0031215827720538765 0.00038406562544501815 183.85629959106447 -0.0031624900907590288
decision_type=2 2 2 2 2 2 2 2 2
left_child=5 3 -3 -2 -5 -1 -7 8 -4
right_child=1 2 7 4 -6 6 -8 -9 -10
leaf_value=-0.0095120539486932536 -0.015960228254767356 0.010094658915050292 -0.035560970805633883 0.034477058091124786 -0.004983188152430278 0.00059923398344198184 0.025234693384167423 -0.037453806282549733 -0.03430385501984002
leaf_weight=3.9943304955959329 3.5080080404877672 2.4998357892036429 1.2956215087324372 3.4225356001406873 5.7601399812847376 6.0056859329342807 5.470256507396698 1.5845811422914264 1.5397986629977867
leaf_count=20 28 15 20 16 38 26 26 15 46
internal_value=0.0001124 -0.00508409 -0.0192213 0.00262448 0.0097243 0.00669961 0.0123423 -0.0358016 -0.0348783
internal_weight=35.0808 19.6105 6.91984 12.6907 9.18268 15.4703 11.4759 4.42 2.83542
internal_count=250 178 96 82 54 72 52 81 66
is_linear=0
shrinkage=0.05


Tree=272
num_leaves=9
num_cat=0
split_feature=29 28 22 27 27 31 27 1
split_gain=0.462137 0.704469 0.701742 0.61644 1.05826 0.836475 0.773944 0.593325
threshold=0.01020575744528507 -0.010406029466580867 0.00050791732461208394 -0.0026260437356631079 0.004165866948583786 -0.00066438322753041839 -0.012429725590470784 0.0045203252286408766
decision_type=2 2 2 2 2 2 2 2
left_child=1 2 7 6 -5 -6 -3 -1
right_child=-2 3 -4 4 5 -7 -8 -9
leaf_value=0.02721657434584179 -0.015872649622936268 -0.0073008893559970665 -0.003340591467964003 -0.031593841886246317 0.0076607118769580172 -0.016014593759520249 0.023322419222613029 0.0042741481920114347
leaf_weight=6.2930238395929354 4.0605271980166426 4.1047462783753872 6.8137142583727828 3.8744181171059635 8.8332150317728537 6.4586984254419759 4.1483636870980281 5.1034747660160065
leaf_count=29 22 22 35 19 47 34 20 22
internal_value=0.000291476 0.0017299 0.00935331 -0.00333307 -0.00825262 -0.0023388 0.00809169 0.0169427
internal_weight=49.6902 45.6297 18.2102 27.4194 19.1663 15.2919 8.25311 11.3965
internal_count=250 228 86 142 100 81 42 51
is_linear=0
shrinkage=0.05


Tree=273
num_leaves=8
num_cat=0
split_feature=17 15 24 3 3 29 2
split_gain=0.392135 0.567205 0.86078 0.96276 0.966889 0.868106 0.476243
threshold=-9.9420338022226156e-05 0.0077411620165269155 -0.018221782193865606 0.0086687851114621867 0.013010550559635294 -0.0010543446260813381 -0.0046348463764896977
decision_type=2 2 2 2 2 2 2
left_child=-1 2 -2 5 -5 -4 -3
right_child=1 6 3 4 -6 -7 -8
leaf_value=-0.015057751531056193 -0.023927911113493579 0.0004603783054369353 0.010192927024259123 0.026072124111759538 0.00048035513487458271 -0.024939767804193207 0.025556730276982288
leaf_weight=4.1419230699539176 3.8729640115052488 3.6698017306625843 2.6347218379378319 5.1132038813084391 13.267034223303197 5.285728967748585 3.8985995389521113
leaf_count=27 26 21 16 26 74 40 20
internal_value=-0.000453619 0.00114908 -0.00192076 0.00131995 0.00759974 -0.0132529 0.0133879
internal_weight=41.884 37.7421 30.1737 26.3007 18.3802 7.92045 7.5684
internal_count=250 223 182 156 100 56 41
is_linear=0
shrinkage=0.05


Tree=274
num_leaves=8
num_cat=0
split_feature=25 4 16 21 32 13 5
split_gain=0.478891 0.633036 0.927467 1.00728 0.7453 0.921432 0.171661
threshold=-0.013357536330666551 0.0059263816960341128 0.0047121157180455833 -0.0046958093671182746 -0.31216786602352309 59.081528632906831 0.0029081630784586251
decision_type=2 2 2 2 2 2 2
left_child=-1 2 4 -4 -2 -6 -5
right_child=1 -3 3 6 5 -7 -8
leaf_value=0.014911622829618179 0.014932949362454571 0.017705977057557064 0.023093396644204109 -0.012946081830393016 -0.02246943327036699 0.0037047067161483575 -0.03602117777317114
leaf_weight=4.706021634861826 6.0411770790815416 3.5110254641622296 1.0225537028163669 1.0096775200217951 5.3395096398890045 9.0812367573380453 3.9950234452262521
leaf_count=27 31 22 7 14 35 47 67
internal_value=8.23521e-05 -0.00224386 -0.00488813 -0.0221266 0.000189628 -0.00598668 -0.0313659
internal_weight=34.7062 30.0002 26.4892 6.02725 20.4619 14.4207 5.0047
internal_count=250 223 201 88 113 82 81
is_linear=0
shrinkage=0.05


Tree=275
num_leaves=7
num_cat=0
split_feature=25 19 0 12 9 17
split_gain=0.464412 0.674637 0.840277 1.42984 0.883189 0.608276
threshold=-0.012490013162696876 0.040467463007027978 -0.0028784257212950411 -0.00033154011087706861 184.02539978027346 3.8069226234261601e-05
decision_type=2 2 2 2 2 2
left_child=-1 2 -2 -4 -5 -3
right_child=1 5 3 4 -6 -7
leaf_value=-0.013938587271763381 -0.017782102935073773 0.02527346842142968 0.029320318219510325 0.0019954236659104111 -0.023689159890937634 -0.00039143611134522227
leaf_weight=5.1126896329224101 6.2800741419196084 5.209307134151457 4.2107790634036055 20.304943088442098 4.0075206197798243 4.1461739465594292
leaf_count=30 30 29 19 95 28 19
internal_value=0.000327598 0.00197933 -0.00122487 0.00242061 -0.00223827 0.0138993
internal_weight=49.2715 44.1588 34.8033 28.5232 24.3125 9.35548
internal_count=250 220 172 142 123 48
is_linear=0
shrinkage=0.05


Tree=276
num_leaves=9
num_cat=0
split_feature=24 24 27 19 20 29 30 28
split_gain=0.378208 0.760567 0.744613 1.18073 1.01759 1.09109 1.07188 0.66019
threshold=0.015935697666018548 0.025053239671577802 -0.015287047331454138 -0.051930076870410451 0.010893975772034438 -0.00067909459252551974 0.0090850312336174816 -0.013345747581097465
decision_type=2 2 2 2 2 2 2 2
left_child=2 -2 7 -4 6 -6 -5 -1
right_child=1 -3 3 4 5 -7 -8 -9
leaf_value=0.0016563041477583047 -0.027970537598616285 0.0016395408186364625 -0.025261755332361458 0.034502238352096475 -0.022540513157630216 0.011799974055545184 0.0014251551325329412 0.030895176649550327
leaf_weight=4.0228834729641676 3.4346071351319534 5.883985660970211 4.4954464286565772 3.9346824288368278 5.7179882489144802 3.8843913469463569 6.4876418355852365 3.7119342535734168
leaf_count=25 27 30 29 18 36 25 43 17
internal_value=-0.000401435 -0.00927402 0.00216189 -0.00210489 0.00309371 -0.00864897 0.0139126 0.015688
internal_weight=41.5736 9.31859 32.255 24.5202 20.0247 9.60238 10.4223 7.73482
internal_count=250 57 193 151 122 61 61 42
is_linear=0
shrinkage=0.05


Tree=277
num_leaves=10
num_cat=0
split_feature=16 19 2 26 26 22 0 7 24
split_gain=0.454482 0.790363 1.28755 0.625783 1.24268 0.530246 0.648705 0.00246425 0.000395433
threshold=0.0036961037130545417 -0.0083345785689715162 -0.0046348463764896977 -0.0016088617798273306 0.018311682024720447 -0.0031215827720538765 0.00038406562544501815 183.85629959106447 -0.0031624900907590288
decision_type=2 2 2 2 2 2 2 2 2
left_child=5 3 -3 -2 -5 -1 -7 8 -4
right_child=1 2 7 4 -6 6 -8 -9 -10
leaf_value=-0.0093145062085090748 -0.015741428113227044 0.0097615894189567211 -0.035471638955397337 0.033343588503993583 -0.0050081416182199594 0.0005999785723130325 0.024607570627653147 -0.037332245743146746 -0.034255492829499808
leaf_weight=3.9269020557403573 3.454012332484127 2.4649044852703801 1.2422014884650698 3.3663367945700848 5.6693471390753984 5.9163230806589091 5.3656630590558052 1.527047127485275 1.4470304399728819
leaf_count=20 28 15 20 16 38 26 26 15 46
internal_value=5.56094e-05 -0.0050648 -0.0189455 0.00236049 0.00928019 0.00650991 0.0120179 -0.0357281 -0.0348173
internal_weight=34.3798 19.1709 6.68118 12.4897 9.03568 15.2089 11.282 4.21628 2.68923
internal_count=250 178 96 82 54 72 52 81 66
is_linear=0
shrinkage=0.05


Tree=278
num_leaves=9
num_cat=0
split_feature=29 28 22 17 33 9 24 5
split_gain=0.4305 0.651397 0.642646 0.595449 0.884908 0.703833 0.693224 0.574375
threshold=0.01020575744528507 -0.010406029466580867 0.00050791732461208394 8.9456825443524763e-05 0.47500000000000003 183.34317359924322 0.016983875540142471 0.0033461473728890428
decision_type=2 2 2 2 2 2 2 2
left_child=1 2 7 4 6 -6 -3 -1
right_child=-2 3 -4 -5 5 -7 -8 -9
leaf_value=0.0058141574107515078 -0.015408625337086765 -0.017760275272671273 -0.0031400487954787964 -0.01877415956573969 0.025149127777602295 -0.0011737313704983079 0.0079542131284241792 0.028490647908778529
leaf_weight=5.9759883061051386 4.002860575914382 7.7340936902910524 6.7223045527935019 5.0055594742298117 4.7583804875612241 5.4458202123641968 3.9644146598875523 5.2418135330080986
leaf_count=27 22 46 35 28 21 29 18 24
internal_value=0.000302495 0.00170476 0.00908465 -0.00321551 0.000340202 0.011101 -0.0090461 0.0164103
internal_weight=48.8512 44.8484 17.9401 26.9083 21.9027 10.2042 11.6985 11.2178
internal_count=250 228 86 142 114 50 64 51
is_linear=0
shrinkage=0.05


Tree=279
num_leaves=8
num_cat=0
split_feature=14 33 19 29 30 3 6
split_gain=0.381122 0.645229 0.648722 0.939307 1.14057 0.622837 0.420685
threshold=0.95059318943456372 0.085000000000000006 -0.041394857340756423 0.00066787763764009089 0.0020930687228998273 0.014855809928297605 0.84825452627091158
decision_type=2 2 2 2 2 2 2
left_child=1 6 -3 4 -4 -5 -1
right_child=-2 2 3 5 -6 -7 -8
leaf_value=-0.0037365948621384351 0.011138588189911666 -0.014157520739380728 0.0087882566494196738 0.0038934880376380204 -0.018949233420843439 0.030261517747392847 -0.032802027248880518
leaf_weight=2.3631570544093838 6.097661465406417 6.1293428335338858 8.3115049935877341 4.5471337828785163 6.6887752506881943 4.4130383804440498 2.6309026218950748
leaf_count=16 30 39 45 32 43 19 26
internal_value=-0.000399211 -0.00240451 0.000357916 0.00407112 -0.00358017 0.0168802 -0.0190485
internal_weight=41.1815 35.0839 30.0898 23.9605 15.0003 8.96017 4.99406
internal_count=250 220 178 139 88 51 42
is_linear=0
shrinkage=0.05


Tree=280
num_leaves=6
num_cat=0
split_feature=27 28 28 26 19
split_gain=0.449411 0.660151 0.766367 0.966924 0.661696
threshold=0.030911446345040065 0.066485840107594188 0.030967893698327423 0.035888600071919304 -0.0377800591992472
decision_type=2 2 2 2 2
left_child=1 2 3 4 -1
right_child=-2 -3 -4 -5 -6
leaf_value=0.015929754930387813 0.01509119808397013 -0.026158277923300145 0.025913360350061379 -0.027485219593774052 -0.0040019856417105037
leaf_weight=5.710185522213588 4.337836160324513 2.6090538371354333 2.6132279839366666 3.3599635455757371 15.37761331535876
leaf_count=34 28 21 23 30 114
internal_value=5.89228e-05 -0.00213883 0.000176972 -0.002574 0.00139516
internal_weight=34.0079 29.67 27.061 24.4478 21.0878
internal_count=250 222 201 178 148
is_linear=0
shrinkage=0.05


Tree=281
num_leaves=11
num_cat=0
split_feature=21 3 7 26 32 23 30 8 31 3
split_gain=0.425658 1.28412 1.00171 0.819615 0.785509 1.00915 0.916599 0.781849 0.528461 0.513594
threshold=0.00055916833303382163 0.017594729996738282 183.36825103759767 0.016010884312195665 -0.15862050181832119 -0.00099286337003323655 0.011426682116660649 0.0011091478601466646 0.042124243377993982 0.015505081699174974
decision_type=2 2 2 2 2 2 2 2 2 2
left_child=1 4 3 9 5 -1 8 -4 -6 -2
right_child=2 -3 7 -5 6 -7 -8 -9 -10 -11
leaf_value=0.0071840469247612063 0.0010512520429789218 -0.01593626901376545 -0.0049273954172527976 -0.013694164951814273 -0.019369684907112605 0.041665129951145435 0.022514783855962017 -0.036375173292064668 0.0063028905393155603 0.024652534391129844
leaf_weight=4.9586553499102592 5.0361092612147349 5.9169150888919821 4.4311863146722308 4.7424529194831839 4.2968799248337728 3.7091924138367212 3.75667903199792 3.5677602775394917 3.7573992535471916 4.2506944313645363
leaf_count=27 24 32 23 19 24 20 19 24 19 19
internal_value=0.000298123 0.00458058 -0.00483341 0.00321761 0.0105085 0.0219394 0.00211956 -0.018954 -0.00739318 0.0118539
internal_weight=48.4239 26.3957 22.0282 14.0293 20.4788 8.66785 11.811 7.99895 8.05428 9.2868
internal_count=250 141 109 62 109 47 62 47 43 43
is_linear=0
shrinkage=0.05


Tree=282
num_leaves=8
num_cat=0
split_feature=0 0 5 7 21 31 20
split_gain=0.36738 0.776092 0.581255 0.922184 0.96865 0.661197 0.530268
threshold=-0.0032192089313086698 -0.0015440340647152604 0.0046355379025429704 180.42219924926761 0.0030645095779661129 -0.16084106019785224 0.039020292288146415
decision_type=2 2 2 2 2 2 2
left_child=-1 -2 3 6 -5 -4 -3
right_child=1 2 5 4 -6 -7 -8
leaf_value=0.010772507657487959 -0.020669889727129031 -0.025273336400465987 0.032235281265497157 -0.0025987910576722264 0.028506269919377387 0.00083006821645117664 -0.00015708098443422596
leaf_weight=6.2251486629247657 4.9866947047412387 5.5423613954335504 2.7685470432043076 10.363499213010071 3.2998638786375514 4.2468700222671023 3.3849432542920113
leaf_count=33 30 37 15 74 16 26 19
internal_value=-0.000409509 -0.00242177 0.000651847 -0.00325229 0.00491345 0.0132237 -0.0157501
internal_weight=40.8179 34.5928 29.6061 22.5907 13.6634 7.01542 8.9273
internal_count=250 217 187 146 90 41 56
is_linear=0
shrinkage=0.05


Tree=283
num_leaves=10
num_cat=0
split_feature=16 22 2 30 34 15 17 22 24
split_gain=0.426865 0.832519 0.614172 0.788043 0.839953 0.896972 0.591958 0.00366499 0.000409133
threshold=0.0057031696737131028 -0.010224915326078053 -0.0062748452457546114 -0.012568522530608526 2.0831753222130103 0.0066551112955123273 -5.709112967850908e-05 -0.0071443023183320733 -0.011082942364893987
decision_type=2 2 2 2 2 2 2 2 2
left_child=2 -2 -1 -4 5 -5 -3 -8 -9
right_child=1 6 3 4 -6 -7 7 8 -10
leaf_value=0.021043327252030699 0.016549929218420092 0.0038909899910289213 0.021096228058301671 -0.0025450405178796321 0.020309533597613148 -0.030635506572214172 -0.038749131278043726 -0.035797519567389101 -0.034369603755960973
leaf_weight=3.9233687967062023 1.8171042576432226 1.3360975198447702 3.6355783529579666 13.42746792454273 2.9737548716366282 3.6047819517552844 0.92788988351821888 0.86093174479901802 1.2020708303898568
leaf_count=20 9 14 22 81 16 35 6 12 35
internal_value=6.6106e-05 -0.0118516 0.0027225 -0.000317881 -0.00420935 -0.00849023 -0.0237787 -0.0361393 -0.0349655
internal_weight=33.709 6.14409 27.565 23.6416 20.006 17.0322 4.32699 2.99089 2.063
internal_count=250 76 174 154 132 116 67 53 47
is_linear=0
shrinkage=0.05


Tree=284
num_leaves=9
num_cat=0
split_feature=25 25 33 13 4 33 1 1
split_gain=0.416763 0.662862 0.744311 0.619334 1.05363 0.694206 1.29335 0.395381
threshold=-0.012490013162696876 -0.0007289725619990527 0.26500000000000007 57.122273123638756 0.0053356876388764027 0.15500000000000003 0.0016126478480275044 0.0037154913085470924
decision_type=2 2 2 2 2 2 2 2
left_child=-1 2 -2 4 -3 -5 -7 -4
right_child=1 3 7 5 -6 6 -8 -9
leaf_value=-0.013410304564219142 0.025253851275533697 0.017130929196943818 0.012287333177133293 -0.025533457421781959 -0.013493649162637362 -0.023790328948173997 0.010372946857884591 -0.0084988364730756178
leaf_weight=4.9679016154259434 5.4146620631217948 7.7267183773219603 4.563042111694811 4.5369633585214642 4.4124856069684029 4.4491721391677839 7.3420049175620079 4.5879930593073368
leaf_count=30 25 39 21 27 24 25 36 23
internal_value=0.000301805 0.00188478 0.0105602 -0.00255409 0.00599919 -0.00891304 -0.0025179 0.00186591
internal_weight=48.0009 43.033 14.5657 28.4673 12.1392 16.3281 11.7912 9.15104
internal_count=250 220 69 151 63 88 61 44
is_linear=0
shrinkage=0.05


Tree=285
num_leaves=9
num_cat=0
split_feature=8 16 8 8 10 5 32 14
split_gain=0.375736 0.589449 0.856444 1.10955 0.732656 0.990936 0.839091 0.687159
threshold=-0.0037264772288819123 0.0047460775807552221 0.00020768248968327924 0.0048895275105806197 0.0094397958280780254 0.0030684211450683683 -0.084334025285961747 0.66422254850213547
decision_type=2 2 2 2 2 2 2 2
left_child=-1 4 -3 -4 5 6 -2 -7
right_child=1 2 3 -5 -6 7 -8 -9
leaf_value=-0.012434964521148423 -0.034031772403247153 0.027409449416715682 -0.014271642941363625 0.015653036028534986 -0.026004481693411647 -0.0037237063811843517 0.004693556648957091 0.02369656776865342
leaf_weight=5.6059564016759387 3.0827353866770864 4.3325947597622898 5.841936878859995 6.5940077528357506 3.3115449771285048 4.5042634457349759 2.5607785675674704 4.6369837690144777
leaf_count=36 27 22 39 30 24 31 19 22
internal_value=-0.000420362 0.00151148 0.00826525 0.00159555 -0.00474676 1.46269e-05 -0.0164599 0.0101855
internal_weight=40.4708 34.8648 16.7685 12.4359 18.0963 14.7848 5.64351 9.14125
internal_count=250 214 91 69 123 99 46 53
is_linear=0
shrinkage=0.05


Tree=286
num_leaves=6
num_cat=0
split_feature=21 16 27 1 24
split_gain=0.413492 0.704711 0.632151 0.883894 0.829779
threshold=0.0041028034896761776 0.0029614993533720563 -0.025565756823225868 -0.0045093929214865538 -0.012052754655787255
decision_type=2 2 2 2 2
left_child=1 -1 -3 -4 -5
right_child=-2 2 3 4 -6
leaf_value=0.018044219523602065 -0.018719651921273919 -0.023493762873270659 0.022465166289554177 0.012619714234217481 -0.010534810658162572
leaf_weight=5.450749825686219 2.6858210572972885 2.9589443225413588 3.9784576147794786 5.5465548262000182 12.795293612405645
leaf_count=28 28 22 26 33 113
internal_value=9.38719e-05 0.00173819 -0.00177775 0.00110109 -0.00353291
internal_weight=33.4158 30.73 25.2793 22.3203 18.3418
internal_count=250 222 194 172 146
is_linear=0
shrinkage=0.05


Tree=287
num_leaves=9
num_cat=0
split_feature=29 28 22 17 33 7 24 9
split_gain=0.412746 0.601766 0.583484 0.553662 0.843677 0.656408 0.638143 0.552498
threshold=0.01020575744528507 -0.010406029466580867 0.00050791732461208394 8.9456825443524763e-05 0.47500000000000003 183.75104904174808 0.016983875540142471 175.29137687683109
decision_type=2 2 2 2 2 2 2 2
left_child=1 2 7 4 6 -6 -3 -1
right_child=-2 3 -4 -5 5 -7 -8 -9
leaf_value=0.0023376362839432614 -0.015258718780470668 -0.017404179030957322 -0.0029424212601900559 -0.018345208494508131 0.022377739176629496 -0.0035126984148469808 0.0075541075311179959 0.025221457121140368
leaf_weight=4.4390334561467188 3.9162295982241622 7.5312922913581186 6.5412120521068564 4.8563903532922259 5.5749573484063131 4.3648916408419609 3.8808379992842674 6.4996710270643234
leaf_count=22 22 46 35 28 25 25 18 29
internal_value=0.000291476 0.0016854 0.00887081 -0.00310698 0.000358875 0.0110085 -0.0089168 0.015935
internal_weight=47.6045 43.6883 17.4799 26.2084 21.352 9.93985 11.4121 10.9387
internal_count=250 228 86 142 114 50 64 51
is_linear=0
shrinkage=0.05


Tree=288
num_leaves=8
num_cat=0
split_feature=14 33 19 29 30 3 6
split_gain=0.368931 0.572976 0.610052 0.847338 1.03403 0.596621 0.407702
threshold=0.95059318943456372 0.085000000000000006 -0.041394857340756423 0.00066787763764009089 0.0020930687228998273 0.014855809928297605 0.84825452627091158
decision_type=2 2 2 2 2 2 2
left_child=1 6 -3 4 -4 -5 -1
right_child=-2 2 3 5 -6 -7 -8
leaf_value=-0.0033616117436470042 0.011046383546923621 -0.014086314214590018 0.0083525322306901434 0.0032394273928609066 -0.018414871359631737 0.02933519847955255 -0.032535121160135898
leaf_weight=2.3140694051980963 5.9580824114382258 5.9682476129382875 8.1151523999869841 4.4383430946618301 6.4960299534723154 4.3242283016443253 2.482150093652308
leaf_count=16 30 39 45 32 43 19 26
internal_value=-0.000434033 -0.00243769 0.000181231 0.0038243 -0.00354807 0.0161174 -0.0184596
internal_weight=40.0963 34.1382 29.342 23.3738 14.6112 8.76257 4.79622
internal_count=250 220 178 139 88 51 42
is_linear=0
shrinkage=0.05


Tree=289
num_leaves=10
num_cat=0
split_feature=16 22 17 2 30 34 15 22 24
split_gain=0.411178 0.767567 0.593951 0.567104 0.746586 0.785079 0.843107 0.00314568 0.000362362
threshold=0.0057031696737131028 -0.010224915326078053 -6.7852449282269279e-05 -0.0062748452457546114 -0.012568522530608526 2.0831753222130103 0.0066551112955123273 -0.0071443023183320733 -0.011082942364893987
decision_type=2 2 2 2 2 2 2 2 2
left_child=3 -2 -3 -1 -5 6 -6 -4 -9
right_child=1 2 7 4 5 -7 -8 8 -10
leaf_value=0.020380511551453241 0.015622556810068702 0.0047833746748738868 -0.03847265677552944 0.020739686848623137 -0.0025082985319085311 0.019857787617992326 -0.030156281319095996 -0.035670225769950874 -0.03431845764079821
leaf_weight=3.8829295039176968 1.7907601594924925 1.2884963154792783 0.88954148814082135 3.5800905432552126 13.27235704939813 2.9162632673978797 3.4804474553093305 0.87459685839712631 1.1445728978142138
leaf_count=20 9 13 6 22 81 16 35 13 35
internal_value=7.51128e-05 -0.0117837 -0.0234767 0.00269232 -0.000261854 -0.00408448 -0.00825225 -0.0359953 -0.034904
internal_weight=33.1201 5.98797 4.19721 27.1321 23.2492 19.6691 16.7528 2.90871 2.01917
internal_count=250 76 67 174 154 132 116 54 48
is_linear=0
shrinkage=0.05


Tree=290
num_leaves=10
num_cat=0
split_feature=31 13 34 8 25 13 28 30 6
split_gain=0.420328 0.729252 0.911342 0.871163 0.813695 0.783451 0.729713 0.624308 0.963048
threshold=-0.1696193232013079 69.923888621356937 1.1352997895567059 9.6955652409157713e-05 0.001501405692066138 61.231781239449241 -0.0032323439705244645 0.012121920221580431 1.041203696530945
decision_type=2 2 2 2 2 2 2 2 2
left_child=7 2 3 4 -2 -4 -5 8 -1
right_child=1 -3 5 6 -6 -7 -8 -9 -10
leaf_value=0.00076913963225304534 0.022541255676055191 -0.01298200574686134 0.00084087757734353308 0.00088019501430591513 -0.0054457555476610155 0.028214395590053683 -0.030183648297644014 0.0097740925172820417 -0.032568834939298963
leaf_weight=4.6109550371766073 5.3052185773849541 5.8521755505353203 4.2502686381340009 4.1052377186715603 5.087725892663002 6.789365254342556 3.5043053552508345 3.6380586847662917 4.0857806131243706
leaf_count=23 26 35 24 23 28 29 22 17 23
internal_value=0.000315809 0.00312026 0.00636497 -0.000571006 0.00884059 0.0176756 -0.0134252 -0.00761779 -0.0148932
internal_weight=47.2291 34.8943 29.0421 18.0025 10.3929 11.0396 7.60954 12.3348 8.69674
internal_count=250 187 152 99 54 53 45 63 46
is_linear=0
shrinkage=0.05


Tree=291
num_leaves=9
num_cat=0
split_feature=17 5 3 3 7 27 23 7
split_gain=0.357862 0.495512 1.01497 1.17707 1.04156 1.01452 0.786104 0.425314
threshold=-9.9420338022226156e-05 0.0046560591050437269 0.0078272387636888503 0.012794040913308826 180.42219924926761 -0.0064433138516971069 -0.0086735165594201673 183.94314956665042
decision_type=2 2 2 2 2 2 2 2
left_child=-1 2 6 -4 -5 -3 -2 -8
right_child=1 5 3 4 -6 -7 7 -9
leaf_value=-0.014839800435116677 0.010006719255334216 0.033892135391399535 0.021642735338297907 -0.018221507365265455 0.0098961027086707631 -0.0011964327770946932 -0.038390421234873989 -0.0099312271368468905
leaf_weight=3.902398105710744 1.8705912828445432 3.1937386207282543 6.220542078837755 6.8691996149718744 6.3273709956556559 5.8030380867421609 3.4216596670448807 2.1300829043611884
leaf_count=27 11 18 32 40 37 33 29 23
internal_value=-0.000461195 0.00110457 -0.00229946 0.00371212 -0.00473993 0.0112596 -0.018026 -0.0274712
internal_weight=39.7386 35.8362 26.8394 19.4171 13.1966 8.99678 7.42233 5.55174
internal_count=250 223 172 109 77 51 63 52
is_linear=0
shrinkage=0.05


Tree=292
num_leaves=8
num_cat=0
split_feature=25 19 16 26 5 20 1
split_gain=0.407269 0.580534 0.908749 1.27791 0.965184 0.709791 0.293292
threshold=-0.013357536330666551 0.035083059197488227 0.0029614993533720563 -0.0019613125363632795 0.0039331210242307896 0.069111618805610134 -0.0010163234085666659
decision_type=2 2 2 2 2 2 2
left_child=-1 2 -2 6 -5 -3 -4
right_child=1 5 3 4 -6 -7 -8
leaf_value=0.014107821889238129 0.019024031730445107 -0.037990876658723381 -0.012211722907177622 -0.0075246537795843104 0.01897863456127017 0.0032672528443248765 -0.038755460896497937
leaf_weight=4.4722996931523076 5.3570900075137677 2.2974095707759252 1.7353087775409219 8.7954939026385492 5.6366492491215459 1.9083461211994288 2.5997878070920768
leaf_count=27 26 29 14 66 34 26 28
internal_value=8.56059e-05 -0.002128 0.00086051 -0.00432425 0.00282653 -0.0192702 -0.0281302
internal_weight=32.8024 28.3301 24.1243 18.7672 14.4321 4.20576 4.3351
internal_count=250 223 168 142 100 55 42
is_linear=0
shrinkage=0.05


Tree=293
num_leaves=10
num_cat=0
split_feature=21 3 7 21 8 32 23 30 31
split_gain=0.408725 1.16245 0.849997 0.753483 0.741877 0.696204 0.947994 0.817385 0.481479
threshold=0.00055916833303382163 0.017594729996738282 183.36825103759767 0.0027219469246382304 0.0011091478601466646 -0.15862050181832119 -0.00099286337003323655 0.011426682116660649 0.042124243377993982
decision_type=2 2 2 2 2 2 2 2 2
left_child=1 5 3 -2 -4 6 -1 8 -7
right_child=2 -3 4 -5 -6 7 -8 -9 -10
leaf_value=0.0069273458344373028 -0.012145458527382058 -0.015306612153160249 -0.0044277631079019386 0.012001650953057271 -0.035824028758596457 -0.018425085122035969 0.040981871418865237 0.021809918186464158 0.006440102579384978
leaf_weight=4.856616884469986 5.2561892494559315 5.7024851664900771 4.3124388121068469 8.383053105324505 3.3379007261246443 4.1712483055889606 3.5282371975481546 3.6594188548624516 3.6507976651191711
leaf_count=27 25 32 23 37 24 24 20 19 19
internal_value=0.000331193 0.00459228 -0.00478637 0.00269602 -0.0181262 0.0103041 0.021257 0.00230524 -0.00681971
internal_weight=46.8584 25.5688 21.2896 13.6392 7.65034 19.8663 8.38485 11.4815 7.82205
internal_count=250 141 109 62 47 109 47 62 43
is_linear=0
shrinkage=0.05


Tree=294
num_leaves=6
num_cat=0
split_feature=16 14 0 0 10
split_gain=0.362672 0.776087 0.562644 0.594293 0.879183
threshold=0.0090231654934771303 0.32917502104834462 -0.0032192089313086698 -0.0015440340647152604 0.011213334880671446
decision_type=2 2 2 2 2
left_child=1 -1 -3 -4 -5
right_child=-2 2 3 4 -6
leaf_value=-0.024490094236152931 0.015373226235221825 0.019991236627729149 -0.018776593921890673 0.0054195854726068159 -0.019881233490860472
leaf_weight=3.4450723016634575 3.3095274157822123 3.3138839304447165 4.3594492375850669 20.767274286597974 4.1137635484337798
leaf_count=27 16 18 27 135 27
internal_value=-0.00046645 -0.00192264 0.00046557 -0.00174731 0.00123642
internal_weight=39.309 35.9994 32.5544 29.2405 24.881
internal_count=250 234 207 189 162
is_linear=0
shrinkage=0.05


Tree=295
num_leaves=10
num_cat=0
split_feature=16 19 2 26 26 24 0 7 24
split_gain=0.399554 0.741435 1.13761 0.526138 1.11403 0.482948 0.725929 0.00203273 0.000330357
threshold=0.0036961037130545417 -0.0083345785689715162 -0.0046348463764896977 -0.0016088617798273306 0.018311682024720447 -1.0000000180025095e-35 0.00038406562544501815 183.85629959106447 -0.0031624900907590288
decision_type=2 2 2 2 2 2 2 2 2
left_child=5 3 -3 -2 -5 -1 -7 8 -4
right_child=1 2 7 4 -6 6 -8 -9 -10
leaf_value=-0.0045781438494720958 -0.014660968121485585 0.0084584582109206493 -0.035329987034656375 0.032268736084785477 -0.0048880254887061865 -0.0002965995703595964 0.029085317107515902 -0.037090180279260525 -0.034160802316538896
leaf_weight=5.9304830096662053 3.2460695020854482 2.3673772849142543 1.139163007959723 3.2147953100502455 5.4153837412595749 4.3046294152736628 4.1087308749556541 1.4232063163071869 1.286450271494691
leaf_count=31 28 15 20 16 38 21 20 15 46
internal_value=0.00011707 -0.00482406 -0.0188146 0.0024988 0.0089531 0.00634951 0.0140523 -0.0355901 -0.0347099
internal_weight=32.4363 18.0924 6.2162 11.8762 8.63018 14.3438 8.41336 3.84882 2.42561
internal_count=250 178 96 82 54 72 41 81 66
is_linear=0
shrinkage=0.05


Tree=296
num_leaves=8
num_cat=0
split_feature=31 13 34 3 13 32 16
split_gain=0.394366 0.68956 0.858031 0.807826 0.723212 0.571801 0.558473
threshold=-0.1696193232013079 69.923888621356937 1.1352997895567059 -0.0029201122758016891 61.231781239449241 -0.093948365971808001 0.0043902317757849264
decision_type=2 2 2 2 2 2 2
left_child=6 2 3 -2 -4 -5 -1
right_child=1 -3 4 5 -6 -7 -8
leaf_value=0.0046922277105088872 0.014282316126578111 -0.01277840587459116 0.0010341607963155156 -0.020104581578316169 0.027495190208181381 0.0021182905918830214 -0.016975187714640485
leaf_weight=5.3038207292556745 6.0225081369280842 5.7292156815528861 4.2093008458614332 5.4398603327572346 6.6802303045988083 6.1863699704408663 6.7698328047990799
leaf_count=26 33 35 24 34 29 32 37
internal_value=0.000313725 0.00305161 0.00622957 -0.000580564 0.0172668 -0.00827969 -0.00745693
internal_weight=46.3411 34.2675 28.5383 17.6487 10.8895 11.6262 12.0737
internal_count=250 187 152 99 53 66 63
is_linear=0
shrinkage=0.05


Tree=297
num_leaves=10
num_cat=0
split_feature=14 15 2 16 20 22 28 8 22
split_gain=0.354855 0.545648 0.653637 0.517825 0.936282 0.668829 0.636846 0.463437 0.0489434
threshold=0.95059318943456372 0.0054610857350438869 0.0052470240717461545 0.00510758990791491 -0.041333395816720735 0.0010569714960984025 0.016853323304191762 0.003463904995063482 0.00085918318370781243
decision_type=2 2 2 2 2 2 2 2 2
left_child=1 2 8 6 -5 -6 7 -3 -1
right_child=-2 3 -4 4 5 -7 -8 -9 -10
leaf_value=-0.02476763129450895 0.010874482760264308 0.0071458297045472359 0.0027007394768022528 0.010563492122867202 -0.032992584185122804 -0.0045637198389018125 0.01925622267732582 -0.017957692657664944 -0.037065779303540346
leaf_weight=1.5234492374584072 5.8304290845990172 4.909985579550268 2.5027335695922375 5.0103638246655455 3.6130616813898069 4.8407730162143707 6.1272505223751068 2.9389515742659569 1.7251141490414736
leaf_count=22 30 31 20 26 25 28 32 18 18
internal_value=-0.0005019 -0.00250027 -0.0165034 0.000434673 -0.00656327 -0.0167139 0.00717627 -0.00225392 -0.0312984
internal_weight=39.0221 33.1917 5.7513 27.4404 13.4642 8.45383 13.9762 7.84894 3.24856
internal_count=250 220 60 160 79 53 81 49 40
is_linear=0
shrinkage=0.05


Tree=298
num_leaves=10
num_cat=0
split_feature=16 22 17 26 26 10 19 22 24
split_gain=0.3872 0.735545 0.559988 0.531817 0.87252 0.648467 1.14672 0.00270737 0.00032566
threshold=0.0057031696737131028 -0.010224915326078053 -6.7852449282269279e-05 0.032064421348831147 0.023864787640002553 0.0074152847757944168 -0.0036221400615467632 -0.0071443023183320733 -0.011082942364893987
decision_type=2 2 2 2 2 2 2 2 2
left_child=3 -2 -3 4 5 6 -1 -4 -9
right_child=1 2 7 -5 -6 -7 -8 8 -10
leaf_value=0.019577650585090516 0.015682273743004582 0.0042390998884664901 -0.038243680578683228 -0.014154675192878372 0.030941352065207553 -0.013302260669624725 -0.0090914296487313306 -0.035590942748942964 -0.034277415474635364
leaf_weight=8.1804678104817921 1.7308434695005415 1.2675183145329354 0.84886389970779408 3.9665920156985512 2.9715054892003527 5.1794807864353052 6.0805250303819802 0.83882286772131887 1.0786795141175385
leaf_count=43 9 13 6 32 15 35 49 13 35
internal_value=0.000155417 -0.0115835 -0.0232826 0.00272082 0.00570754 0.00185051 0.00735388 -0.0358928 -0.034852
internal_weight=32.1433 5.76473 4.03388 26.3786 22.412 19.4405 14.261 2.76637 1.9175
internal_count=250 76 67 174 142 127 92 54 48
is_linear=0
shrinkage=0.05


Tree=299
num_leaves=6
num_cat=0
split_feature=29 0 27 27 1
split_gain=0.394973 0.578449 0.823413 0.724087 0.911376
threshold=0.01020575744528507 -0.0032192089313086698 -0.020411204130388324 -0.013281257467528005 0.0053686854489373168
decision_type=2 2 2 2 2
left_child=1 -1 -3 -4 -5
right_child=-2 2 3 4 -6
leaf_value=-0.013735059220541457 -0.015107986790316781 0.024175212781291675 -0.022292399350993301 0.010012502140043768 -0.0083858397452171666
leaf_weight=5.3028994239866725 3.807005211710929 4.4190703406929961 2.9858793430030302 19.147633129730828 10.37986335903406
leaf_count=29 22 22 18 106 53
internal_value=0.000316873 0.00170724 0.0039245 0.00117212 0.00354489
internal_weight=46.0424 42.2353 36.9324 32.5134 29.5275
internal_count=250 228 199 177 159
is_linear=0
shrinkage=0.05


Tree=300
num_leaves=8
num_cat=0
split_feature=16 23 24 1 14 14 20
split_gain=0.345828 0.868182 0.820622 0.816005 0.637391 1.22213 1.16012
threshold=0.0059697849598841632 -0.00095123756154930062 -0.018221782193865606 -0.0019976896169702214 0.77960461472283449 0.67351542943467435 -0.013208764432650065
decision_type=2 2 2 2 2 2 2
left_child=2 -2 -1 -4 5 -5 -6
right_child=1 -3 3 4 6 -7 -8
leaf_value=-0.024197908326572454 0.020582009164217874 -0.0066790812689528677 -0.019137691235354901 -0.00064548826773052682 0.015919371703260573 0.038098177297057667 -0.018552413412230243
leaf_weight=4.1077766492962864 5.7253700196743011 5.9615916553884727 4.4556310996413258 5.1172696389257926 4.2520559616386926 3.3797450065612793 5.7294231820851511
leaf_count=31 30 37 37 36 27 14 38
internal_value=-0.000511092 0.00667596 -0.00361719 6.90642e-05 0.0047003 0.0147651 -0.00386762
internal_weight=38.7289 11.687 27.0419 22.9341 18.4785 8.49701 9.98148
internal_count=250 67 183 152 115 50 65
is_linear=0
shrinkage=0.05


Tree=301
num_leaves=8
num_cat=0
split_feature=16 10 1 3 34 24 0
split_gain=0.390327 0.698487 1.11106 0.700623 1.08411 0.445465 0.677453
threshold=0.0036961037130545417 0.0097889088083185135 0.0067359823617493273 -0.0029201122758016891 0.44940629041341845 1.0000000180025095e-35 0.00038406562544501815
decision_type=2 2 2 2 2 2 2
left_child=5 2 3 -2 -5 -1 -7
right_child=1 -3 -4 4 -6 6 -8
leaf_value=-0.0042085472011911948 -0.028002777022821092 -0.029407117418712998 0.029229852142092113 0.022595362452713694 -0.012609795805267533 -0.00015667549236415102 0.028395353700680127
leaf_weight=5.8804375603795078 2.9956178739666965 2.4810522822663179 2.561773717403411 3.3606900051236135 6.2602511839941144 4.2584969103336316 4.0564893484115601
leaf_count=31 26 34 23 20 75 21 20
internal_value=0.000150675 -0.00481163 -0.000791248 -0.00688699 -0.000312285 0.00632388 0.0137725
internal_weight=31.8548 17.6594 15.1783 12.6166 9.62094 14.1954 8.31499
internal_count=250 178 144 121 95 72 41
is_linear=0
shrinkage=0.05


Tree=302
num_leaves=9
num_cat=0
split_feature=25 25 29 19 31 17 22 29
split_gain=0.390328 0.597756 0.774507 1.09503 0.859083 0.595171 1.00712 0.825436
threshold=-0.012490013162696876 1.0000000180025095e-35 0.0036902644695857583 0.040467463007027978 -0.069363828712494038 0.00016170494120048572 -0.0051930125324888268 -1.0000000180025095e-35
decision_type=2 2 2 2 2 2 2 2
left_child=-1 2 3 4 -2 6 -3 -8
right_child=1 5 -4 -5 -6 -7 7 -9
leaf_value=-0.013279132912686675 -0.025528403018369374 -0.028324893962314052 0.02726457083871682 0.023818264361200398 0.0067438741306056864 0.015963044515889504 0.014072513808397991 -0.0092066062901967182
leaf_weight=4.7261392883956423 3.7196053266525269 4.1685595996677938 4.3613962270319453 4.1386734917759886 4.6277018859982508 3.4882969856262198 5.9512211754918161 10.573475740849966
leaf_count=30 21 23 20 22 25 18 32 59
internal_value=0.000327708 0.00189509 0.0091255 0.00278945 -0.00763683 -0.00314237 -0.006363 -0.00082284
internal_weight=45.7551 41.0289 16.8474 12.486 8.34731 24.1816 20.6933 16.5247
internal_count=250 220 88 68 46 132 114 91
is_linear=0
shrinkage=0.05


Tree=303
num_leaves=11
num_cat=0
split_feature=21 29 34 29 16 34 19 23 16 3
split_gain=0.333097 0.653267 1.07249 0.92488 0.652879 0.887705 0.93612 0.732488 0.264826 0.0015771
threshold=0.00090965672952703091 0.00012071370189115084 1.0076782550326 0.0033149998586834433 0.0046283660097109292 1.7032591425851378 -0.0083345785689715162 -0.0066981410421429457 0.0039228278438309108 0.015505081699174974
decision_type=2 2 2 2 2 2 2 2 2 2
left_child=4 2 -2 -3 7 6 -6 -1 9 -9
right_child=1 3 -4 -5 5 -7 -8 8 -10 -11
leaf_value=0.0013012128439574945 0.0078837055038530213 0.033343540494601233 -0.026528611423484047 0.0003285920120922693 -0.025953302722617658 0.024308682758224159 0.0094645649263078689 -0.035231165742198471 -0.012295439689835545 -0.037447537053397033
leaf_weight=3.8469492457807064 6.2791902273893374 3.6768640168011171 3.5409556105732918 5.0141364596784115 3.3841128386557102 3.411793939769268 4.1577969491481763 1.6996223852038403 1.7914353646337984 1.5208126306533811
leaf_count=21 35 18 24 26 26 19 24 30 14 13
internal_value=-0.000510864 0.00431167 -0.00452471 0.0142961 -0.00501663 0.00314588 -0.0064277 -0.0151094 -0.0277056 -0.0362778
internal_weight=38.3237 18.5111 9.82015 8.691 19.8125 10.9537 7.54191 8.85882 5.01187 3.22044
internal_count=250 103 59 44 147 69 50 78 57 43
is_linear=0
shrinkage=0.05


Tree=304
num_leaves=10
num_cat=0
split_feature=16 19 2 26 26 22 0 7 24
split_gain=0.380358 0.675194 1.06021 0.494553 1.0283 0.445229 0.523072 0.00163597 0.000257417
threshold=0.0036961037130545417 -0.0083345785689715162 -0.0046348463764896977 -0.0016088617798273306 0.018311682024720447 -0.0031215827720538765 0.00038406562544501815 183.85629959106447 -0.0031624900907590288
decision_type=2 2 2 2 2 2 2 2 2
left_child=5 3 -3 -2 -5 -1 -7 8 -4
right_child=1 2 7 4 -6 6 -8 -9 -10
leaf_value=-0.0088568530804397846 -0.014631603092122959 0.00805180694179565 -0.035166486666724187 0.031309280593986848 -0.0049036723104613289 0.00091989438548040572 0.023303807724455755 -0.036804588515886978 -0.034098760126572134
leaf_weight=3.6173298805952081 3.14975804463029 2.293274803087118 1.0695406729355483 3.1270432807505131 5.2542018070816994 5.5269499868154526 4.9451114349067211 1.3447270672768352 1.195419417694205
leaf_count=20 28 15 20 16 38 26 26 15 46
internal_value=0.000156682 -0.00478072 -0.0185333 0.00225952 0.00860738 0.00626613 0.01149 -0.0354231 -0.034603
internal_weight=31.5234 17.434 5.90296 11.531 8.38125 14.0894 10.4721 3.60969 2.26496
internal_count=250 178 96 82 54 72 52 81 66
is_linear=0
shrinkage=0.05


Tree=305
num_leaves=8
num_cat=0
split_feature=23 23 24 22 11 26 34
split_gain=0.389584 0.776355 1.02709 0.966561 0.942145 0.513476 0.49924
threshold=-0.0073735535121085541 -0.0053980186425368051 -0.013767256148029259 -0.0031215827720538765 183.58015914916996 0.029291716310164698 1.3641718165115988
decision_type=2 2 2 2 2 2 2
left_child=5 -2 -3 6 -5 -1 -4
right_child=1 2 3 4 -6 -7 -8
leaf_value=-0.020994540548695231 0.022991147513008153 -0.019667240127789642 0.032166947136186397 0.0052147408320160175 -0.018090847188323652 0.005714094554674462 0.0068910726263419798
leaf_weight=4.4212067276239386 4.0769653767347327 5.5987384319305411 3.6617318466305724 14.056569334119564 6.2711485698819152 3.0347040630877018 4.1879666522145271
leaf_count=32 18 30 20 75 39 16 20
internal_value=0.000323094 0.00238077 -0.000107012 0.00377953 -0.00197509 -0.0101236 0.0186818
internal_weight=45.309 37.8531 33.7762 28.1774 20.3277 7.45591 7.8497
internal_count=250 202 184 154 114 48 40
is_linear=0
shrinkage=0.05


Tree=306
num_leaves=10
num_cat=0
split_feature=8 16 8 26 8 10 5 32 2
split_gain=0.328057 0.493262 0.770827 0.99142 1.44939 0.646712 0.845603 0.75993 0.591254
threshold=-0.0037264772288819123 0.0047460775807552221 0.00020768248968327924 0.030394714914133595 0.0048895275105806197 0.0094397958280780254 0.0030684211450683683 -0.084334025285961747 0.0056492876846879767
decision_type=2 2 2 2 2 2 2 2 2
left_child=-1 5 -3 4 -4 6 7 -2 -8
right_child=1 2 3 -5 -6 -7 8 -9 -10
leaf_value=-0.01213018374639906 -0.033528685843042118 0.026387404283517657 -0.010608747111592182 -0.021609541642332347 0.031169353296986974 -0.025486521904131733 -0.0026412585674606913 0.0048252905746768559 0.023585776174425987
leaf_weight=5.2249199580401173 2.8136074645444751 4.094022460281848 4.1128320731222612 3.3895190656185141 4.19191974401474 3.0340901352465144 4.6050422098487598 2.3873143019154694 4.0289797782897949
leaf_count=36 27 22 30 19 20 24 36 19 17
internal_value=-0.000497571 0.00136356 0.00771534 0.00117848 0.0104792 -0.00458129 3.35618e-06 -0.0159235 0.00959732
internal_weight=37.8822 32.6573 15.7883 11.6943 8.30475 16.869 13.8349 5.20092 8.63402
internal_count=250 214 91 69 50 123 99 46 53
is_linear=0
shrinkage=0.05


Tree=307
num_leaves=10
num_cat=0
split_feature=3 16 2 12 34 19 20 0 8
split_gain=0.371565 1.50137 1.21052 0.765204 0.801313 0.795707 0.520664 0.688749 0.288348
threshold=0.018057137803906168 0.0035594704558886089 0.0088721437620499239 0.0048430441497842999 0.2529909257254303 -0.0051572431413661737 0.05962952566492364 0.0022841759995084758 0.0015833739904981927
decision_type=2 2 2 2 2 2 2 2 2
left_child=3 -2 -3 4 5 -1 7 8 -5
right_child=1 2 -4 6 -6 -7 -8 -9 -10
leaf_value=0.00884490028707253 0.042659325613161284 0.020371820618491396 -0.035963394095357835 -0.016289744265651569 0.021776717467289337 -0.021128106025245275 0.0056440227974978415 -0.00097499180834996826 -0.040872402205827135
leaf_weight=5.3914877753704777 2.3396154642105094 1.8792229816317561 1.9359041089192031 2.0368265425786358 4.7904634913429609 3.7574713453650537 2.9410943780094376 3.2334344321861863 2.8790022693574429
leaf_count=32 10 12 31 22 30 29 36 24 24
internal_value=0.000118114 0.0111244 -0.00821427 -0.0025883 0.00520965 -0.00346499 -0.0123895 -0.0188979 -0.0306868
internal_weight=31.1845 6.15474 3.81513 25.0298 13.9394 9.14896 11.0904 8.14926 4.91583
internal_count=250 53 43 197 91 61 106 70 46
is_linear=0
shrinkage=0.05


Tree=308
num_leaves=8
num_cat=0
split_feature=25 17 23 28 24 28 26
split_gain=0.376718 0.581752 0.648183 0.631414 1.02134 0.916464 0.338533
threshold=-0.012490013162696876 -9.9420338022226156e-05 -0.0073735535121085541 -0.010406029466580867 -0.013767256148029259 0.0063923203327502795 0.026922991040097325
decision_type=2 2 2 2 2 2 2
left_child=-1 -2 6 4 -4 -5 -3
right_child=1 2 3 5 -6 -7 -8
leaf_value=-0.013159074299206942 0.017955208085246626 -0.02522099289545407 -0.0080028707044143346 -0.021542035622807723 0.023028246353688248 0.0040254080176051962 -0.0022378137155888841
leaf_weight=4.6356368493288747 4.9445767775177947 3.4939887672662726 4.1320435479283333 4.883839584887034 7.4011041522026044 12.41393308341503 2.9591884687542915
leaf_count=30 23 26 20 26 39 69 17
internal_value=0.000338037 0.00189334 -0.000357511 0.00284866 0.0119106 -0.00319328 -0.0146818
internal_weight=44.8643 40.2287 35.2841 28.8309 11.5331 17.2978 6.45318
internal_count=250 220 197 154 59 95 43
is_linear=0
shrinkage=0.05


Tree=309
num_leaves=7
num_cat=0
split_feature=14 22 24 27 28 29
split_gain=0.3245 0.474992 1.04246 0.782402 1.02474 0.718143
threshold=0.95059318943456372 0.0082048974914769052 0.015935697666018548 -1.0000000180025095e-35 -0.0082987728342607796 0.00066787763764009089
decision_type=2 2 2 2 2 2
left_child=1 2 3 5 -5 -1
right_child=-2 -3 -4 4 -6 -7
leaf_value=-0.0075501275817607032 0.010617633836584288 0.010416348950032244 -0.025953017420334415 -0.038080494988684377 -0.00088015359621686207 0.017617455405531845
leaf_weight=4.6134870313108021 5.5904611907899371 5.8580430392175904 4.9637627191841593 2.5988041590899273 6.435427721589801 7.3503971667960286
leaf_count=28 30 37 37 27 47 44
internal_value=-0.000492183 -0.00244407 -0.0053459 -0.000474568 -0.0115813 0.00791239
internal_weight=37.4104 31.8199 25.9619 20.9981 9.03423 11.9639
internal_count=250 220 183 146 74 72
is_linear=0
shrinkage=0.05


Tree=310
num_leaves=6
num_cat=0
split_feature=21 16 27 1 1
split_gain=0.362519 0.59696 0.522126 0.724998 0.712996
threshold=0.0041028034896761776 0.0029614993533720563 -0.025565756823225868 -0.0045093929214865538 0.0066108318049749046
decision_type=2 2 2 2 2
left_child=1 -1 -3 -4 -5
right_child=-2 2 3 4 -6
leaf_value=0.017383450249251985 -0.018292609921008004 -0.022356702249653974 0.020923080769576132 -0.010813618349616689 0.010845457446059265
leaf_weight=4.9890994690358701 2.4685547724366179 2.6980175636708834 3.7486837320029833 11.081434735096979 5.7823950052261344
leaf_count=28 28 22 26 99 47
internal_value=8.34954e-05 0.00168643 -0.00167317 0.00103414 -0.00338699
internal_weight=30.7682 28.2996 23.3105 20.6125 16.8638
internal_count=250 222 194 172 146
is_linear=0
shrinkage=0.05


Tree=311
num_leaves=10
num_cat=0
split_feature=21 3 7 26 8 32 23 2 24
split_gain=0.371641 1.01675 0.796059 0.679362 0.66702 0.598607 0.816122 0.797411 0.257497
threshold=0.00055916833303382163 0.017594729996738282 183.36825103759767 0.016010884312195665 0.0011091478601466646 -0.15862050181832119 -0.0025970891986756279 0.0025121536596478537 0.01560440255260165
decision_type=2 2 2 2 2 2 2 2 2
left_child=1 5 3 8 -4 6 -1 -7 -2
right_child=2 -3 4 -5 -6 7 -8 -9 -10
leaf_value=0.0044647233786041466 0.0014498272598692892 -0.01474691093278468 -0.0046720857899923618 -0.013259221123740589 -0.035345980286940366 0.01318328834104707 0.036567166475117499 -0.014486293580054236 0.018859938275728395
leaf_weight=3.9750187546014786 3.8917204234749097 5.3312118835747233 4.0907687805593005 4.3787959665060034 3.1271443143486977 6.6866901516914368 3.9442587010562464 4.2644834704697132 4.6750123426318169
leaf_count=23 21 32 23 19 24 36 24 26 22
internal_value=0.000357122 0.00453419 -0.0046565 0.00276183 -0.0179615 0.00998141 0.0204536 0.00240851 0.0109508
internal_weight=44.3651 24.2017 20.1634 12.9455 7.21791 18.8705 7.91928 10.9512 8.56673
internal_count=250 141 109 62 47 109 47 62 43
is_linear=0
shrinkage=0.05


Tree=312
num_leaves=6
num_cat=0
split_feature=29 27 24 24 30
split_gain=0.311409 0.672057 0.465092 0.742486 0.705621
threshold=-0.011664486998412603 0.024800363018661401 0.015935697666018548 0.010945829652386998 0.0020930687228998273
decision_type=2 2 2 2 2
left_child=-1 2 3 4 -2
right_child=1 -3 -4 -5 -6
leaf_value=0.014999285306448444 0.011256704847478266 -0.020636770648339461 -0.012600963931213738 0.022583442338502138 -0.0078466038437334726
leaf_weight=2.9748642630875102 7.9701968207955458 4.184346441179513 5.3489938881248227 4.2834193333983412 12.28405736107379
leaf_count=18 46 35 38 23 90
internal_value=-0.000514731 -0.00186932 0.000758261 0.00367045 -0.000329312
internal_weight=37.0459 34.071 29.8867 24.5377 20.2543
internal_count=250 232 197 159 136
is_linear=0
shrinkage=0.05


Tree=313
num_leaves=7
num_cat=0
split_feature=25 21 32 8 32 1
split_gain=0.352438 0.533261 0.601692 0.72614 0.924159 0.734678
threshold=-0.013357536330666551 0.0029554208860244073 -0.3578991688138895 0.0029664428967771028 -0.19558271205476482 0.0084007214599437514
decision_type=2 2 2 2 2 2
left_child=-1 2 -2 4 -4 -5
right_child=1 -3 3 5 -6 -7
leaf_value=0.01364263769419783 0.019858693290365603 -0.02017383772257493 -0.033490486328863471 0.021733378380987177 -0.0019735773309606237 -0.01112117808879234
leaf_weight=4.1587925124913481 3.4955463111400666 3.5066576367244116 3.1547159710899093 4.6510914405807844 8.8537103598937303 2.6831592069938779
leaf_count=27 29 39 33 30 65 27
internal_value=0.000115682 -0.00201968 0.000767773 -0.00268228 -0.0102533 0.00971388
internal_weight=30.5037 26.3449 22.8382 19.3427 12.0084 7.33425
internal_count=250 223 184 155 98 57
is_linear=0
shrinkage=0.05


Tree=314
num_leaves=7
num_cat=0
split_feature=25 25 1 13 5 15
split_gain=0.362496 0.589522 0.624023 0.581557 0.881691 0.768639
threshold=-0.012490013162696876 -0.0007289725619990527 0.0037154913085470924 49.550040541646901 0.0046355379025429704 0.0058827123101323599
decision_type=2 2 2 2 2 2
left_child=-1 2 -2 -3 5 -5
right_child=1 3 -4 4 -6 -7
leaf_value=-0.013005204383288105 0.02091958593414206 0.0098525938095013407 -0.00070257501828647952 -0.012707950830072834 -0.03253766742481249 0.009150904148041511
leaf_weight=4.5517697725445023 6.881874702870844 6.9847712852060821 6.4779104851186275 8.5925056450069004 2.8731532469391814 7.5601952485740176
leaf_count=30 35 36 34 51 19 45
internal_value=0.000353806 0.00189829 0.0104354 -0.0024866 -0.00701657 -0.00247702
internal_weight=43.9222 39.3704 13.3598 26.0106 19.0259 16.1527
internal_count=250 220 69 151 115 96
is_linear=0
shrinkage=0.05


Tree=315
num_leaves=11
num_cat=0
split_feature=21 24 23 16 6 29 34 29 5 14
split_gain=0.321348 0.631609 1.27859 0.968831 0.959953 0.577156 0.981824 0.859268 0.169441 0.0735051
threshold=0.00090965672952703091 -0.01445114893823962 -0.0071184784285477911 0.0041865793283076703 0.93949679644634798 0.00012071370189115084 0.92352311075304616 0.0033149998586834433 0.0043641396052002531 0.78643774720402915
decision_type=2 2 2 2 2 2 2 2 2 2
left_child=1 8 -3 9 -5 6 -2 -7 -1 -4
right_child=5 2 3 4 -6 7 -8 -9 -10 -11
leaf_value=-0.02913646635837705 0.0085934356086202462 0.026434244241007727 -0.021745190112855518 0.022245706052025378 -0.014770257816295779 0.032566879254875884 -0.024540757199836272 0.0002052418458959534 -0.010606175897166279 -0.03657940612215823
leaf_weight=2.6082537770271328 5.8116592355072516 3.5294087454676637 1.458463782444593 3.2365734204649925 3.8172565158456564 3.5476222522556764 3.6335656009614468 4.8628395721316338 2.3408111408352852 1.9537457842379806
leaf_count=21 33 19 20 16 31 18 26 26 19 21
internal_value=-0.000483253 -0.00501932 0.000409692 -0.00836643 0.00221412 0.00432942 -0.00415324 0.0138557 -0.020372 -0.0302389
internal_weight=36.8002 18.9445 13.9954 10.466 7.05383 17.8557 9.44522 8.41046 4.94906 3.41221
internal_count=250 147 107 88 47 103 59 44 40 41
is_linear=0
shrinkage=0.05


Tree=316
num_leaves=10
num_cat=0
split_feature=3 16 2 12 34 19 30 26 11
split_gain=0.343007 1.3969 1.13856 0.706882 0.727562 0.755193 0.511658 0.68977 0.398845
threshold=0.018057137803906168 0.0035594704558886089 0.0088721437620499239 0.0048430441497842999 0.2529909257254303 -0.0051572431413661737 0.011426682116660649 0.012834827503857007 180.44001953125004
decision_type=2 2 2 2 2 2 2 2 2
left_child=3 -2 -3 4 5 -1 7 -5 -9
right_child=1 2 -4 6 -6 -7 -8 8 -10
leaf_value=0.0088018954024620382 0.042042841804162054 0.019813245975789609 -0.035828910952459297 0.012287484884497759 0.021169489682229814 -0.02077524155823586 -0.028042119179623445 -0.031785477270622704 5.5070057399800766e-05
leaf_weight=5.2929834201931945 2.2384869307279578 1.8356676548719408 1.8418169552460311 3.3084004204720241 4.6262174444273105 3.6439717281609836 3.4250372517853975 2.3563451780937612 1.6881341375410555
leaf_count=32 10 12 31 33 30 29 29 27 17
internal_value=0.000102891 0.0109014 -0.00805435 -0.00252164 0.00507393 -0.00325794 -0.0120801 -0.0046448 -0.0184955
internal_weight=30.2571 5.91597 3.67748 24.3411 13.5632 8.93696 10.7779 7.35288 4.04448
internal_count=250 53 43 197 91 61 106 77 44
is_linear=0
shrinkage=0.05


Tree=317
num_leaves=9
num_cat=0
split_feature=21 3 7 8 21 32 23 2
split_gain=0.373903 0.94831 0.718268 0.644966 0.641935 0.546964 0.778834 0.734927
threshold=0.00055916833303382163 0.017594729996738282 183.36825103759767 0.0011091478601466646 0.0027219469246382304 -0.15862050181832119 -0.0025970891986756279 0.0025121536596478537
decision_type=2 2 2 2 2 2 2 2
left_child=1 5 4 -4 -2 6 -1 -7
right_child=2 -3 3 -5 -6 7 -8 -9
leaf_value=0.0043802814594839333 -0.01183677633441016 -0.014200511628431313 -0.0044558575213651452 -0.035016724289924479 0.011209308783545077 0.012957825236160559 0.036114231140134768 -0.013810367231206953
leaf_weight=3.9225936084985733 4.9125455245375651 5.2496238574385634 4.0306029655039302 3.0199392959475517 7.8499115128070116 6.6320587024092674 3.8128316551446959 4.1804694384336472
leaf_count=23 25 32 23 24 37 36 24 26
internal_value=0.000336401 0.00456078 -0.00473754 -0.0175459 0.00233837 0.00987078 0.0200221 0.00260839
internal_weight=43.6106 23.7976 19.813 7.05054 12.7625 18.548 7.73543 10.8125
internal_count=250 141 109 47 62 109 47 62
is_linear=0
shrinkage=0.05


Tree=318
num_leaves=10
num_cat=0
split_feature=8 16 8 26 8 10 5 32 14
split_gain=0.31098 0.444833 0.720365 0.875421 1.28189 0.607344 0.7655 0.694274 0.54195
threshold=-0.0037264772288819123 0.0047460775807552221 0.00020768248968327924 0.030394714914133595 0.0048895275105806197 0.0094397958280780254 0.0030684211450683683 -0.084334025285961747 0.66422254850213547
decision_type=2 2 2 2 2 2 2 2 2
left_child=-1 5 -3 4 -4 6 7 -2 -8
right_child=1 2 3 -5 -6 -7 8 -9 -10
leaf_value=-0.011985215660269036 -0.032897084811125667 0.0258335301882506 -0.010293828652530595 -0.020612573570791264 0.029892582937184865 -0.025274998069387811 -0.0035041027849616389 0.0046143313266445362 0.022103099248944241
leaf_weight=5.0554385278373948 2.6483076326549053 3.9659110307693473 3.9218370299786312 3.2964337766170502 4.0169847309589386 2.8673709928989402 4.0920263864099962 2.3089733710512581 4.1736271772533655
leaf_count=36 27 22 30 19 20 24 31 19 22
internal_value=-0.000478899 0.00138006 0.00751343 0.00104665 0.0100402 -0.00441439 0.000109203 -0.0154252 0.0094259
internal_weight=36.3469 31.2915 15.2012 11.2353 7.93882 16.0903 13.2229 4.95728 8.26565
internal_count=250 214 91 69 50 123 99 46 53
is_linear=0
shrinkage=0.05


Tree=319
num_leaves=7
num_cat=0
split_feature=25 21 32 8 10 1
split_gain=0.323982 0.498027 0.552985 0.656364 0.879896 0.67127
threshold=-0.013357536330666551 0.0029554208860244073 -0.3578991688138895 0.0029664428967771028 -0.0019738328168911854 0.0084007214599437514
decision_type=2 2 2 2 2 2
left_child=-1 2 -2 4 -4 -5
right_child=1 -3 3 5 -6 -7
leaf_value=0.013162234479239455 0.01924861641345578 -0.019729850678718394 0.0073514590900975564 0.020943460229556093 -0.0207415478858834 -0.010909856406436068
leaf_weight=4.0970945972949293 3.4202895034104648 3.424449390731751 4.5473479144275277 4.5444361912086597 7.2010214650072086 2.6003997884690762
leaf_count=27 29 39 32 30 66 27
internal_value=0.000103048 -0.00197578 0.000748936 -0.00260011 -0.00986781 0.00935028
internal_weight=29.835 25.7379 22.3135 18.8932 11.7484 7.14484
internal_count=250 223 184 155 98 57
is_linear=0
shrinkage=0.05


Tree=320
num_leaves=9
num_cat=0
split_feature=31 13 34 3 13 32 30 6
split_gain=0.371075 0.582634 0.739596 0.68379 0.613576 0.533188 0.507447 0.806228
threshold=-0.1696193232013079 69.923888621356937 1.1352997895567059 -0.0029201122758016891 61.231781239449241 -0.093948365971808001 0.012121920221580431 1.041203696530945
decision_type=2 2 2 2 2 2 2 2
left_child=6 2 3 -2 -4 -5 7 -1
right_child=1 -3 4 5 -6 -7 -8 -9
leaf_value=0.00044608441243318924 0.013762193609158611 -0.012129968412187362 0.0010708194739715107 -0.019759520955589624 0.026453855284208246 0.0024768485416330616 0.009070797142958378 -0.031402607252081778
leaf_weight=4.3041254170238954 5.5997679196298185 5.2448059711605302 3.8502486795186979 4.9916181452572381 6.238115131855011 5.8614112436771375 3.2905300632119179 3.6911702789366245
leaf_count=23 33 35 24 34 29 32 17 23
internal_value=0.000332749 0.00309812 0.00610735 -0.000428442 0.0167664 -0.00775029 -0.00745578 -0.0142574
internal_weight=43.0718 31.786 26.5412 16.4528 10.0884 10.853 11.2858 7.9953
internal_count=250 187 152 99 53 66 63 46
is_linear=0
shrinkage=0.05


Tree=321
num_leaves=7
num_cat=0
split_feature=14 29 24 24 0 16
split_gain=0.305054 0.515036 0.621666 0.79342 0.551475 0.412358
threshold=0.95059318943456372 -0.0093031486362166165 0.015935697666018548 0.010945829652386998 -0.0032192089313086698 0.0048840628172960093
decision_type=2 2 2 2 2 2
left_child=1 -1 3 4 -3 -4
right_child=-2 2 5 -5 -6 -7
leaf_value=0.017670916157560595 0.010472567572654556 0.01077918754830642 -0.033087285448887255 0.020690342362501186 -0.0097247122371814376 -0.0064310865677320653
leaf_weight=2.8935762383043793 5.4188535325229159 4.2912432104349234 2.7488312032073727 3.637121155858039 13.907836243510245 3.0725025422871113
leaf_count=20 30 24 25 20 111 20
internal_value=-0.000460655 -0.00239988 -0.00449972 -0.000629244 -0.00489001 -0.0190181
internal_weight=35.97 30.5511 27.6575 21.8362 18.1991 5.82133
internal_count=250 220 200 155 135 45
is_linear=0
shrinkage=0.05


Tree=322
num_leaves=8
num_cat=0
split_feature=16 2 22 22 27 24 0
split_gain=0.327308 0.606598 0.683618 0.927385 0.469013 0.402247 0.563187
threshold=0.0036961037130545417 0.011227351767943873 0.0085163432706611992 0.0025866700644602285 0.012016698030832386 1.0000000180025095e-35 0.00038406562544501815
decision_type=2 2 2 2 2 2 2
left_child=5 2 3 4 -2 -1 -7
right_child=1 -3 -4 -5 -6 6 -8
leaf_value=-0.0044541487981887614 -0.0054636174280096464 -0.028800557930399213 0.024354002947367191 -0.03668550166838578 0.020011101817657629 0.00026482161653848893 0.027266911887402247
leaf_weight=5.4508077166974562 7.4989824118092674 2.2414706414565435 2.2672955095767966 1.9968381579965342 2.380283416248858 4.0062240809202194 3.7280571572482586
leaf_count=31 66 39 23 30 20 21 20
internal_value=8.46285e-05 -0.0046343 -0.000804387 -0.00560744 0.000674192 0.00594875 0.0132803
internal_weight=29.57 16.3849 14.1434 11.8761 9.87927 13.1851 7.73428
internal_count=250 178 139 116 86 72 41
is_linear=0
shrinkage=0.05


Tree=323
num_leaves=10
num_cat=0
split_feature=31 13 34 8 0 28 13 30 6
split_gain=0.344178 0.547394 0.690867 0.655924 0.705631 0.653307 0.567553 0.478473 0.758705
threshold=-0.1696193232013079 69.923888621356937 1.1352997895567059 9.6955652409157713e-05 -0.0019871927737865609 -0.0032323439705244645 61.231781239449241 0.012121920221580431 1.041203696530945
decision_type=2 2 2 2 2 2 2 2 2
left_child=7 2 3 4 -2 -5 -4 8 -1
right_child=1 -3 6 5 -6 -7 -8 -9 -10
leaf_value=0.00038298183970713142 -0.0087408351305963937 -0.011842731225639232 0.0011510222788507962 0.0020601999010215863 0.019058455520949494 -0.029018177883312558 0.025680126489225269 0.0088534757648644057 -0.03076503209671377
leaf_weight=4.2636556327342969 3.7785209827125108 5.1891417652368537 3.8207601681351644 3.6691573821008205 5.7662726007401996 3.1364913918077937 6.1606011614203453 3.2702021598815918 3.6105995252728462
leaf_count=23 23 35 24 23 31 22 29 17 23
internal_value=0.000329712 0.00299997 0.00592499 -0.000402879 0.00805348 -0.0122628 0.0162906 -0.00722284 -0.0138994
internal_weight=42.6654 31.5209 26.3318 16.3504 9.54479 6.80565 9.98136 11.1445 7.87426
internal_count=250 187 152 99 54 45 53 63 46
is_linear=0
shrinkage=0.05


Tree=324
num_leaves=10
num_cat=0
split_feature=17 25 1 34 29 8 14 12 34
split_gain=0.302905 0.435645 0.744273 0.817656 1.04381 0.690113 1.09251 0.660324 0.506001
threshold=-9.9420338022226156e-05 0.0012177978034709771 -0.0011916305667826752 1.8121784038785937 -0.0030622976835565359 0.0012586743871447743 0.95059318943456372 0.0095367222235265055 1.7032591425851378
decision_type=2 2 2 2 2 2 2 2 2
left_child=-1 2 -2 4 -4 7 8 -3 -7
right_child=1 5 3 -5 -6 6 -8 -9 -10
leaf_value=-0.014458569827109172 -0.021863145729372323 0.0034089844277378403 0.036992192576119375 -0.021494222152364587 -0.0028777444422979003 -0.023931111106236705 0.019039137151668262 0.035225721766670423 0.0037274233277360411
leaf_weight=3.4968873560428611 4.6544901626184592 3.2809922806918648 2.5282068066298953 2.6237306036055088 4.6812497526407215 4.3103946447372419 4.159868597984314 3.2422159761190414 2.6828292887657881
leaf_count=27 35 26 16 24 36 33 20 17 16
internal_value=-0.000482947 0.00103649 -0.00539109 0.00240588 0.0111038 0.0063046 -0.00125097 0.0192228 -0.0133204
internal_weight=35.6609 32.164 14.4877 9.83319 7.20946 17.6763 11.1531 6.52321 6.99322
internal_count=250 223 111 76 52 112 69 43 49
is_linear=0
shrinkage=0.05


Tree=325
num_leaves=10
num_cat=0
split_feature=30 7 20 29 23 16 19 19 31
split_gain=0.313605 0.832771 1.35451 0.802896 0.889264 0.729868 0.830793 0.302303 0.259606
threshold=0.0068599290075537231 173.73339996337893 -0.029718292815429311 0.003175188418431341 -0.0040759159234969302 0.0036961037130545417 -0.010052360297814309 -0.0083345785689715162 -1.0000000180025095e-35
decision_type=2 2 2 2 2 2 2 2 2
left_child=1 -1 -3 7 -5 -4 -7 -2 -9
right_child=3 2 5 4 -6 6 -8 8 -10
leaf_value=-0.030458143372320213 0.02874002603889747 -0.037442275561207709 0.023074848917977255 -0.027805680004941453 0.0087252267488515303 0.012212246713812304 -0.02647828121749592 -0.0034907883469068369 0.019845196010193439
leaf_weight=2.6407668227329877 2.9983647577464581 1.9673390444368113 4.4461045265197736 2.9615883883088827 3.8078063847497106 3.3217360628768784 2.3827178482897597 2.3233733111992478 2.4470313051715475
leaf_count=32 16 19 22 20 27 25 47 24 18
internal_value=0.000118571 -0.00501575 0.000528733 0.00533076 -0.00725693 0.00788812 -0.00394857 0.0162992 0.00847966
internal_weight=29.2968 14.7587 12.1179 14.5382 6.76939 10.1506 5.70445 7.76877 4.7704
internal_count=250 145 113 105 47 94 72 58 42
is_linear=0
shrinkage=0.05


Tree=326
num_leaves=7
num_cat=0
split_feature=29 0 27 8 24 22
split_gain=0.335931 0.503466 0.675943 0.575816 0.655695 0.643058
threshold=0.01020575744528507 -0.0032192089313086698 -0.020411204130388324 9.6955652409157713e-05 -0.013767256148029259 0.0018302291153530217
decision_type=2 2 2 2 2 2
left_child=1 -1 -3 5 -5 -4
right_child=-2 2 3 4 -6 -7
leaf_value=-0.013277347115198122 -0.014554596909752719 0.022925207364629829 0.024426168402684627 -0.02245154094546313 0.00081093000742595055 -0.0030888724898170145
leaf_weight=4.9252673648297778 3.4809191375970832 4.0772783607244483 4.7551608085632342 3.6611004695296314 17.551080569624901 3.836922898888588
leaf_count=29 22 22 26 23 103 25
internal_value=0.000325119 0.00165981 0.00383118 0.00121909 -0.00320404 0.0121389
internal_weight=42.2877 38.8068 33.8815 29.8043 21.2122 8.59208
internal_count=250 228 199 177 126 51
is_linear=0
shrinkage=0.05


Tree=327
num_leaves=12
num_cat=0
split_feature=21 24 23 16 6 21 27 4 22 19 11
split_gain=0.293034 0.609713 1.15881 0.872511 0.845063 0.534284 0.571094 1.02696 0.870974 0.164135 0.0710271
threshold=0.00090965672952703091 -0.01445114893823962 -0.0071184784285477911 0.0041865793283076703 0.93949679644634798 0.0018356928570144595 -0.0072446442111588896 0.0027508637584676616 0.0061741923939917518 -0.0083345785689715162 178.15272064208986
decision_type=2 2 2 2 2 2 2 2 2 2 2
left_child=1 9 -3 10 -5 -2 -7 -8 -9 -1 -4
right_child=5 2 3 4 -6 6 7 8 -10 -11 -12
leaf_value=-0.030249124780975356 0.021310152185834472 0.02569698037848004 -0.021320579516426248 0.021131142166569819 -0.014302138778942895 0.016816520642699419 0.01876900276530663 -0.035148856856045033 -0.00013930951073917673 -0.011615023679100374 -0.03640564969955435
leaf_weight=2.2184223793447018 3.5999320484697845 3.4086807295680055 1.3953195186331835 3.1234490685164928 3.6479773223400116 3.5676462277770069 2.870063059031958 3.3625764511525631 3.7664104774594307 2.5288531742990044 1.7703721355646846
leaf_count=19 21 19 17 16 31 20 17 23 22 21 24
internal_value=-0.00049332 -0.00493325 0.000541024 -0.0080881 0.00204214 0.00418622 -0.000357626 -0.00648534 -0.0166525 -0.0203228 -0.0297567
internal_weight=35.2597 18.0931 13.3458 9.93712 6.77143 17.1666 13.5667 9.99905 7.12899 4.74728 3.16569
internal_count=250 147 107 88 47 103 82 62 45 40 41
is_linear=0
shrinkage=0.05


Tree=328
num_leaves=10
num_cat=0
split_feature=16 22 0 0 1 1 6 2 9
split_gain=0.30482 0.906794 0.441269 0.990825 0.848632 0.791813 0.650849 0.154036 0.000874536
threshold=0.0059697849598841632 -0.010224915326078053 -0.0018720200345230251 -0.00036237761764257298 0.0038456466573216779 0.0092050792388880271 0.84825452627091158 -0.0075171832316455181 183.83017463684084
decision_type=2 2 2 2 2 2 2 2 2
left_child=2 -2 -1 -4 6 -6 -5 -3 -9
right_child=1 7 3 4 5 -7 -8 8 -10
leaf_value=0.015455143354109189 0.020511178024402985 -0.010363008736462861 -0.024606689728528933 0.0092341328452192079 0.029089040508887012 -0.0037193583564893024 -0.019291198890630093 -0.034654701062751592 -0.036755982440732589
leaf_weight=5.0544999837875428 1.4329565465450285 0.8658766578882936 3.6507459804415783 3.521476953290394 4.6741360565647492 3.0319865830242634 4.6272624656558037 1.2219134825281792 0.83253995329141606
leaf_count=35 8 11 32 25 29 28 34 38 10
internal_value=0.000127946 -0.0120661 0.00228935 -0.00112231 0.00428521 0.0161805 -0.00696398 -0.0280513 -0.0355062
internal_weight=28.9134 4.35329 24.5601 19.5056 15.8549 7.70612 8.14874 2.92033 2.05445
internal_count=250 67 183 148 116 57 59 59 48
is_linear=0
shrinkage=0.05


Tree=329
num_leaves=8
num_cat=0
split_feature=31 31 13 2 2 30 6
split_gain=0.336434 0.527363 0.65359 0.568838 0.874261 0.446289 0.702517
threshold=-0.1696193232013079 -0.12228692610480486 69.923888621356937 0.0093450128927203852 0.0038578511509625994 0.012121920221580431 1.041203696530945
decision_type=2 2 2 2 2 2 2
left_child=5 -2 3 4 -3 6 -1
right_child=1 2 -4 -5 -6 -7 -8
leaf_value=5.339020021401153e-05 0.019373335368033248 0.0058378264767176072 -0.01762070025408936 0.018590047133539182 -0.020321507479490426 0.0084496301585956137 -0.030241409591250452
leaf_weight=4.2053949516266567 4.2394868209958103 13.202686058357367 4.2375507690012446 5.0355045422911635 4.213184453547 3.2111912667751312 3.5115533731877804
leaf_count=23 24 80 29 26 28 17 23
internal_value=0.000327188 0.00299179 0.000389614 0.00378894 -0.000490545 -0.00721407 -0.0137321
internal_weight=41.8566 30.9284 26.6889 22.4514 17.4159 10.9281 7.71695
internal_count=250 187 163 134 108 63 46
is_linear=0
shrinkage=0.05


Tree=330
num_leaves=6
num_cat=0
split_feature=14 0 0 21 31
split_gain=0.285439 0.595521 0.593254 0.563154 0.49987
threshold=0.32917502104834462 -0.0032192089313086698 -0.0015440340647152604 0.0050382526484205057 -0.1934474705809596
decision_type=2 2 2 2 2
left_child=-1 -2 -3 4 -4
right_child=1 2 3 -5 -6
leaf_value=-0.013000656650118157 0.02124320279773937 -0.019100351083467977 0.013234202600823065 0.022651488890848288 -0.0053077878541980998
leaf_weight=4.0212704557925454 3.297242812812331 3.9785347674042013 4.7049346957355835 2.8406239971518508 15.981301549822087
leaf_count=31 20 28 30 16 125
internal_value=-0.000472133 0.00116346 -0.00124362 0.00177606 -0.00109055
internal_weight=34.8239 30.8026 27.5054 23.5269 20.6862
internal_count=250 219 199 171 155
is_linear=0
shrinkage=0.05


Tree=331
num_leaves=10
num_cat=0
split_feature=3 16 2 12 12 24 20 0 8
split_gain=0.295543 1.25761 0.99933 0.663359 0.61692 0.680995 0.465557 0.589609 0.248577
threshold=0.018057137803906168 0.0035594704558886089 0.0088721437620499239 0.0048430441497842999 0.0014062132678172633 -0.003037238046769752 0.05962952566492364 0.0022841759995084758 0.0015833739904981927
decision_type=2 2 2 2 2 2 2 2 2
left_child=3 -2 -3 4 5 -1 7 8 -5
right_child=1 2 -4 6 -6 -7 -8 -9 -10
leaf_value=-0.018800136549106991 0.041182442776725628 0.018484871485865154 -0.035604078094260402 -0.015702308055792598 0.019381054046532481 0.010228782092954428 0.0057401186632884292 -0.0012002279183822232 -0.03971803914003981
leaf_weight=3.7733849976211777 2.0778284296393386 1.7343797227367761 1.6822128742933271 1.8195218062028269 4.7805739259347311 4.3486830899491968 2.7232423406094313 2.9798202542588115 2.6420466220006347
leaf_count=27 10 12 31 22 33 31 36 24 24
internal_value=8.67598e-05 0.0105081 -0.00814667 -0.00239552 0.00513028 -0.0032576 -0.0119485 -0.0184218 -0.0299239
internal_weight=28.5617 5.49442 3.41659 23.0673 12.9026 8.12207 10.1646 7.44139 4.46157
internal_count=250 53 43 197 91 58 106 70 46
is_linear=0
shrinkage=0.05


Tree=332
num_leaves=7
num_cat=0
split_feature=25 19 12 8 32 17
split_gain=0.337229 0.553761 0.623211 0.678421 0.663832 0.451262
threshold=-0.012490013162696876 0.040467463007027978 -0.00033154011087706861 -0.0015945702780764443 -0.30575873132241521 3.8069226234261601e-05
decision_type=2 2 2 2 2 2
left_child=-1 2 -2 -4 -5 -3
right_child=1 5 3 4 -6 -7
leaf_value=-0.013030075317818666 0.014158670413642382 0.024368502764903904 -0.023736092441528901 -0.016393112242000431 0.0043673165068050619 0.00025527860068062075
leaf_weight=4.2355781663209191 5.3339715525507954 4.364092130213975 3.9290243238210705 5.1981862969696584 14.852922178804869 3.4933988898992538
leaf_count=30 27 29 25 34 86 19
internal_value=0.000337224 0.00186038 -0.0012992 -0.00473754 -0.00101476 0.0136479
internal_weight=41.4072 37.1716 29.3141 23.9801 20.0511 7.85749
internal_count=250 220 172 145 120 48
is_linear=0
shrinkage=0.05


Tree=333
num_leaves=8
num_cat=0
split_feature=14 33 19 29 30 3 6
split_gain=0.284137 0.441069 0.501213 0.633535 0.743142 0.448469 0.323606
threshold=0.95059318943456372 0.085000000000000006 -0.041394857340756423 0.00066787763764009089 0.0020930687228998273 0.014855809928297605 0.84825452627091158
decision_type=2 2 2 2 2 2 2
left_child=1 6 -3 4 -4 -5 -1
right_child=-2 2 3 5 -6 -7 -8
leaf_value=-0.0033041161543415176 0.010270184084462331 -0.013760940439870846 0.0075868692316468124 0.0029509806077837285 -0.016838692975422856 0.027413412654503817 -0.031787480578052328
leaf_weight=1.9569772388786106 5.2438117302954188 5.206134786829355 7.0585823841393012 3.7535865381360045 5.5724044409580529 3.7407649680972099 2.0332000944763422
leaf_count=16 30 39 45 32 43 19 26
internal_value=-0.000449534 -0.00236662 6.72333e-05 0.00364438 -0.00318894 0.0151613 -0.0178179
internal_weight=34.5655 29.3217 25.3315 20.1253 12.631 7.49435 3.99018
internal_count=250 220 178 139 88 51 42
is_linear=0
shrinkage=0.05


Tree=334
num_leaves=8
num_cat=0
split_feature=16 30 30 26 30 32 2
split_gain=0.297712 0.438267 0.615418 1.15437 0.792861 0.572423 0.538353
threshold=0.0029614993533720563 0.02271561089046115 0.0068599290075537231 0.0055780761190641357 -0.012568522530608526 -0.31687600834577129 -0.00084791142719176083
decision_type=2 2 2 2 2 2 2
left_child=-1 2 4 -4 -2 -6 -5
right_child=1 -3 3 6 5 -7 -8
leaf_value=0.01024913324460771 0.013027691400749677 -0.024899843280046324 -0.016244865138687628 0.03835927691634157 0.0030238968648927836 -0.025011080109388406 0.0082517763204315916
leaf_weight=5.7348064370453384 3.2560421670787099 1.9925269670784462 2.9117512106895429 2.7579064294695854 2.6762045910581991 5.6962925549596486 3.2163263857364655
leaf_count=33 35 18 26 12 24 73 29
internal_value=7.91284e-05 -0.00251219 -0.000337734 0.00956908 -0.00790806 -0.0160499 0.0221504
internal_weight=28.2419 22.5071 20.5145 8.88598 11.6285 8.3725 5.97423
internal_count=250 217 199 67 132 97 41
is_linear=0
shrinkage=0.05


Tree=335
num_leaves=8
num_cat=0
split_feature=23 23 11 24 3 26 5
split_gain=0.318459 0.613809 0.886617 0.721635 0.788055 0.441467 0.252249
threshold=-0.0073735535121085541 -0.0053980186425368051 183.69871932983401 -0.012052754655787255 0.0086687851114621867 0.029291716310164698 0.0029804350525157596
decision_type=2 2 2 2 2 2 2
left_child=5 -2 3 -3 -5 -1 -4
right_child=1 2 6 4 -6 -7 -8
leaf_value=-0.020211949002237672 0.021361240654977215 -0.01393913491099997 -0.0071870046454595195 0.020373824010625444 0.00017204162964113521 0.0056219690181812665 -0.028510678056130702
leaf_weight=4.0036574937403193 3.7560641169548026 4.5915805175900486 2.7022771984338751 7.8859592266380849 12.446910865604876 2.8174397572875023 2.8492127601057291
leaf_count=32 18 26 19 49 69 16 21
internal_value=0.000324059 0.00228984 -6.06509e-05 0.00396421 0.00800716 -0.0095413 -0.018131
internal_weight=41.0531 34.232 30.4759 24.9245 20.3329 6.8211 5.55149
internal_count=250 202 184 144 118 48 40
is_linear=0
shrinkage=0.05


Tree=336
num_leaves=11
num_cat=0
split_feature=17 25 21 8 14 22 12 34 23 8
split_gain=0.268819 0.399951 0.705346 0.623438 0.994771 0.609312 0.60852 0.442944 0.38419 0.167059
threshold=-9.9420338022226156e-05 0.0012177978034709771 0.00040767674802122405 0.0012586743871447743 0.95059318943456372 0.0025866700644602285 0.0095367222235265055 1.7032591425851378 -0.0027669954116248392 0.0013854049328745641
decision_type=2 2 2 2 2 2 2 2 2 2
left_child=-1 2 8 6 7 -4 -3 -5 -2 -7
right_child=1 3 5 4 -6 9 -8 -9 -10 -11
leaf_value=-0.01386198479793814 -0.0060315284742442493 0.0032376578751152304 -0.014913422006819539 -0.023246639330041622 0.018374907793276503 0.0031019271909817512 0.034353264656178398 0.0031925523028777099 -0.036355638919318839 0.019394116361428067
leaf_weight=3.3623752146959296 1.9380305577069519 3.1683893101289895 3.3980372510850412 4.0955002661794406 4.0551090463995934 3.1044055186212063 3.1172193214297295 2.5833882559090853 2.2654930702410665 3.1905532069504261
leaf_count=27 15 26 25 33 20 18 17 16 31 22
internal_value=-0.000435627 0.0010246 -0.00526905 0.00616337 -0.00115956 0.0021491 0.0186688 -0.01302 -0.0223747 0.0113595
internal_weight=34.2785 30.9161 13.8965 17.0196 10.734 9.693 6.28561 6.67889 4.20352 6.29496
internal_count=250 223 111 112 69 65 43 49 46 40
is_linear=0
shrinkage=0.05


Tree=337
num_leaves=9
num_cat=0
split_feature=21 16 22 32 22 32 32 16
split_gain=0.296322 0.522299 0.435716 1.41617 0.793171 0.759255 0.680718 0.00259198
threshold=0.0041028034896761776 0.0029614993533720563 0.0051204262257879005 0.18184270144676543 -0.0014142978401038284 -0.31687600834577129 -0.2190309994091385 0.0042370824633223411
decision_type=2 2 2 2 2 2 2 2
left_child=1 -1 4 7 6 -6 -3 -4
right_child=-2 2 3 -5 5 -7 -8 -9
leaf_value=0.016901012724750909 -0.017313563561244531 -0.021104966529893993 -0.0383507074158023 0.018766229376983641 0.032268487583799958 -0.0022343058335243643 0.0051868900054677829 -0.035355537661075492
leaf_weight=4.5617284812033239 2.2632679082453242 4.4959900858812123 1.5390782058238976 1.8802273226901887 3.3544063493609428 3.0390647333115295 5.4414263973012567 1.3611115012317894
leaf_count=28 28 46 11 11 21 30 42 33
internal_value=2.99821e-05 0.00155894 -0.00175617 -0.0150327 0.00213018 0.015868 -0.00670835 -0.036945
internal_weight=27.9363 25.673 21.1113 4.78042 16.3309 6.39347 9.93742 2.90019
internal_count=250 222 194 55 139 51 88 44
is_linear=0
shrinkage=0.05


Tree=338
num_leaves=9
num_cat=0
split_feature=25 25 33 22 13 12 22 25
split_gain=0.315972 0.554881 0.598245 0.500173 0.722013 0.852497 0.712545 0.429894
threshold=-0.012490013162696876 -0.0007289725619990527 0.26500000000000007 -0.0072886065952298398 56.872859407589139 0.0141225906270085 -0.0012032368139320291 -0.004740509207992293
decision_type=2 2 2 2 2 2 2 2
left_child=-1 2 -2 -3 6 -6 -5 -4
right_child=1 3 7 4 5 -7 -8 -9
leaf_value=-0.012702964535565995 0.024667309941175622 -0.021162768149678993 -0.008307570112434241 0.032416872532358317 -0.021353263730324382 0.0047919497796214483 0.0013618108523647825 0.015243243382543884
leaf_weight=4.1644907034933558 4.6191878318786603 3.1551266908645621 4.4267621636390686 2.7502707168459892 5.8434254303574544 6.6842117384076118 5.6245451234281116 3.446208268404007
leaf_count=30 25 22 25 18 40 40 31 19
internal_value=0.000346195 0.00183302 0.0103824 -0.00260634 0.000194663 -0.0074033 0.0115602 0.00200125
internal_weight=40.7142 36.5497 12.4922 24.0576 20.9025 12.5276 8.37482 7.87297
internal_count=250 220 69 151 129 80 49 44
is_linear=0
shrinkage=0.05


Tree=339
num_leaves=10
num_cat=0
split_feature=19 29 3 8 12 22 23 32 26
split_gain=0.261153 0.494645 0.798548 0.925782 0.723159 0.488266 0.45682 0.358771 0.33481
threshold=-0.054426371374941822 0.00066787763764009089 0.013010550559635294 -0.0037264772288819123 0.0059906853781618195 0.0012587613250992782 -0.0040759159234969302 -0.22955930697366506 0.013580369033831642
decision_type=2 2 2 2 2 2 2 2 2
left_child=6 2 3 -2 -3 -5 -1 -4 -6
right_child=1 4 7 5 8 -7 -8 -9 -10
leaf_value=0.0043499122970808149 -0.021767468820376355 -0.010939145049343959 -0.031277519279699788 -0.0016542444589371756 0.0066347079086670653 0.022611942717854494 -0.024028490730420484 -0.0059701425842383247 0.026696152754498572
leaf_weight=2.759991429746151 2.6828634273260858 3.1403373768553129 2.9648391231894493 3.6945108156651276 3.9452918879687768 4.7230522586032748 2.9167752536013714 2.6540824044495812 4.3983646929264069
leaf_count=16 20 31 20 29 28 33 29 20 24
internal_value=-0.000446538 0.00152291 -0.00396495 0.00380946 0.0095126 0.0119614 -0.0102312 -0.0193236 0.0172101
internal_weight=33.8801 28.2033 16.7193 11.1004 11.484 8.41756 5.67677 5.61892 8.34366
internal_count=250 205 122 82 83 62 45 40 52
is_linear=0
shrinkage=0.05


Tree=340
num_leaves=10
num_cat=0
split_feature=3 16 2 12 12 24 30 13 13
split_gain=0.292548 1.16466 0.932017 0.581239 0.566064 0.644947 0.445378 0.56824 0.433681
threshold=0.018057137803906168 0.0035594704558886089 0.0088721437620499239 0.0048430441497842999 0.0014062132678172633 -0.003037238046769752 0.011426682116660649 57.122273123638756 63.340895521548028
decision_type=2 2 2 2 2 2 2 2 2
left_child=3 -2 -3 4 5 -1 7 -5 -9
right_child=1 2 -4 6 -6 -7 -8 8 -10
leaf_value=-0.018776199961460797 0.040755319601872592 0.018125542121820319 -0.035448060307857819 -0.026782716983716044 0.018644390919584568 0.0098902227220106585 -0.027184864472709604 0.019467079041197051 -0.010776232960263869
leaf_weight=3.665794575586915 1.992140233516692 1.6778217097744348 1.5728658949956296 1.986079488415269 4.5949202990159392 4.2217081272974664 3.1150753377005458 2.4890086660161614 2.263179031200707
leaf_count=27 10 12 31 35 33 31 29 23 19
internal_value=2.28367e-05 0.010652 -0.00779639 -0.00247213 0.00469408 -0.00343278 -0.0115504 -0.00432269 0.00506402
internal_weight=27.5786 5.24283 3.25069 22.3358 12.4824 7.8875 9.85334 6.73827 4.75219
internal_count=250 53 43 197 91 58 106 77 42
is_linear=0
shrinkage=0.05


Tree=341
num_leaves=9
num_cat=0
split_feature=28 28 21 15 28 7 27 28
split_gain=0.318514 0.620859 0.540535 0.927695 0.472535 0.541679 0.709108 0.711613
threshold=-0.010406029466580867 -0.024131775791238704 0.0014189416767858012 0.0054345787675536021 0.0063923203327502795 184.16865005493167 -0.0031445754787510212 0.044656754562935615
decision_type=2 2 2 2 2 2 2 2
left_child=1 2 3 -1 -2 6 -6 -8
right_child=4 -3 -4 -5 5 -7 7 -9
leaf_value=0.021501371186239127 -0.015368771526889063 0.019372254545686779 -0.017622711710963097 -0.012566560459884106 0.022514131900246176 -0.01817879152743581 0.0087321687378736426 -0.018500844172843017
leaf_weight=4.4025592207908648 6.1201440505683449 5.5036423541605464 3.4453548938035956 3.6590817868709564 4.0874904133379504 3.0794877503067246 5.9694878160953486 4.0102978851646185
leaf_count=23 39 33 19 27 21 26 35 27
internal_value=0.000359976 0.00556008 -0.0010461 0.00603835 -0.00344186 0.000815175 0.00497317 -0.0022112
internal_weight=40.2775 17.0106 11.507 8.06164 23.2669 17.1468 14.0673 9.97979
internal_count=250 102 69 50 148 109 83 62
is_linear=0
shrinkage=0.05


Tree=342
num_leaves=6
num_cat=0
split_feature=16 14 4 24 34
split_gain=0.258283 0.597027 0.448137 0.560814 0.576651
threshold=0.0090231654934771303 0.32917502104834462 0.0022590931055132464 -0.018221782193865606 1.9449044996885589
decision_type=2 2 2 2 2
left_child=1 -1 -3 -4 -5
right_child=-2 2 3 4 -6
leaf_value=-0.023398147490979904 0.014012347810768048 -0.017711386727121359 -0.017413875723714074 0.0088748297542626895 -0.014212676795524038
leaf_weight=2.8893711594864753 2.8329275697469702 3.0171537464484599 3.0407449342310491 18.567909380421042 3.1656857412308446
leaf_count=27 16 32 22 128 25
internal_value=-0.000432805 -0.0017666 0.000482343 0.00269807 0.00551194
internal_weight=33.5138 30.6809 27.7915 24.7743 21.7336
internal_count=250 234 207 175 153
is_linear=0
shrinkage=0.05


Tree=343
num_leaves=10
num_cat=0
split_feature=16 22 0 0 1 1 6 8 22
split_gain=0.289553 0.79557 0.403705 0.898655 0.777891 0.690815 0.571099 0.13526 0.00045881
threshold=0.0059697849598841632 -0.010224915326078053 -0.0018720200345230251 -0.00036237761764257298 0.0038456466573216779 0.0092050792388880271 0.84825452627091158 -0.0056756068176989629 -1.0000000180025095e-35
decision_type=2 2 2 2 2 2 2 2 2
left_child=2 -2 -1 -4 6 -6 -5 -3 -9
right_child=1 7 3 4 5 -7 -8 8 -10
leaf_value=0.015138882153911119 0.019022824436137072 -0.010059517843006474 -0.024178532365203502 0.0085544104093333434 0.028190102974901661 -0.0034167949527990323 -0.018940607108849407 -0.035706184083105538 -0.034154643474460171
leaf_weight=4.7733992710709634 1.3481849357485769 0.75334584154188644 3.4507138077169737 3.3463608045130897 4.4308960763737559 2.8348147319629788 4.3354513756930828 1.0908809714019296 0.84600591566413563
leaf_count=35 8 7 32 25 29 28 34 20 32
internal_value=2.88127e-05 -0.0123262 0.00218207 -0.00117955 0.00412988 0.0158582 -0.00696319 -0.0280364 -0.0350285
internal_weight=27.2101 4.03842 23.1716 18.3982 14.9475 7.26571 7.68181 2.69023 1.93689
internal_count=250 67 183 148 116 57 59 59 52
is_linear=0
shrinkage=0.05


Tree=344
num_leaves=9
num_cat=0
split_feature=2 21 16 29 10 29 21 29
split_gain=0.318511 0.787032 1.22238 0.761958 0.677764 0.609591 0.795214 0.413435
threshold=0.0038578511509625994 0.00020139240034111608 0.00510758990791491 -1.0000000180025095e-35 1.0000000180025095e-35 0.0033149998586834433 -0.0006068239891997006 -0.0045986094036672412
decision_type=2 2 2 2 2 2 2 2
left_child=1 4 -3 7 -1 -5 -7 -2
right_child=3 2 -4 5 -6 6 -8 -9
leaf_value=0.0023859141722503939 -0.0048247084941443839 -0.02356884560593317 0.013989608451749553 -0.025387302991815016 0.028041326842159056 -0.021056273197829 0.01097539832971382 0.018122064791058011
leaf_weight=5.5267572067677992 3.4660752937197685 4.6484037563204748 4.0571845546364784 4.887940362095831 4.8189059942960739 3.4213931411504754 4.4678222462534896 4.5262624695897129
leaf_count=33 24 30 25 32 31 24 24 27
internal_value=0.000344568 0.00501362 -0.00606496 -0.00393822 0.0143359 -0.0115125 -0.00291609 0.00817063
internal_weight=39.8207 19.0513 8.70559 20.7695 10.3457 12.7772 7.88922 7.99234
internal_count=250 119 55 131 64 80 48 51
is_linear=0
shrinkage=0.05


Tree=345
num_leaves=7
num_cat=0
split_feature=14 29 24 24 2 16
split_gain=0.251913 0.443286 0.586503 0.670863 0.480479 0.358845
threshold=0.95059318943456372 -0.0093031486362166165 0.015935697666018548 0.010945829652386998 0.0021375240689088808 0.0048840628172960093
decision_type=2 2 2 2 2 2
left_child=1 -1 3 4 -3 -4
right_child=-2 2 5 -5 -6 -7
leaf_value=0.017253727000719452 0.0098397082028885679 -0.014803250303638904 -0.032866179860120776 0.020125161381562544 0.0024479446376493349 -0.0069302335610111308
leaf_weight=2.6359707266092327 5.0700084045529357 6.7138342014514008 2.4912071973085395 3.331431169062852 10.120457257144151 2.870194474235177
leaf_count=20 30 64 25 20 71 20
internal_value=-0.000420259 -0.00226729 -0.00428306 -0.000375224 -0.00443216 -0.0189815
internal_weight=33.2331 28.1631 25.5271 20.1657 16.8343 5.3614
internal_count=250 220 200 155 135 45
is_linear=0
shrinkage=0.05


Tree=346
num_leaves=6
num_cat=0
split_feature=21 16 27 1 24
split_gain=0.284892 0.498331 0.397898 0.604708 0.597823
threshold=0.0041028034896761776 0.0029614993533720563 -0.025565756823225868 -0.0045093929214865538 -0.012052754655787255
decision_type=2 2 2 2 2
left_child=1 -1 -3 -4 -5
right_child=-2 2 3 4 -6
leaf_value=0.016809831805873258 -0.017234020192683712 -0.021175662755327562 0.020072116472924277 0.01147831311766051 -0.010359758019116348
leaf_weight=4.4012096486985746 2.1961865639314047 2.3329641092568734 3.3108962904661992 4.542443743906925 10.106523877009723
leaf_count=28 28 22 26 33 113
internal_value=2.33377e-05 0.00155814 -0.00174973 0.000773678 -0.00358807
internal_weight=26.8902 24.694 20.2928 17.9599 14.649
internal_count=250 222 194 172 146
is_linear=0
shrinkage=0.05


Tree=347
num_leaves=9
num_cat=0
split_feature=25 25 33 22 13 12 29 1
split_gain=0.315445 0.518354 0.53672 0.465481 0.662133 0.779715 0.640762 0.295433
threshold=-0.012490013162696876 -0.0007289725619990527 0.26500000000000007 -0.0072886065952298398 56.872859407589139 0.0141225906270085 0.00031498031954080302 0.0037154913085470924
decision_type=2 2 2 2 2 2 2 2
left_child=-1 2 -2 -3 6 -6 -5 -4
right_child=1 3 7 4 5 -7 -8 -9
leaf_value=-0.012859101081130571 0.024000815289104298 -0.020751618848666914 0.011907564212143909 0.027547577289955778 -0.02078246328029883 0.0046487825381750936 -0.000877292035008196 -0.0077630784703834419
leaf_weight=4.0613120160996905 4.4714133441448194 3.0411531403660765 3.8630945235490799 3.4686612784862572 5.6298372633755189 6.4866842143237591 4.6277663726359606 3.773193184286356
leaf_count=30 25 22 21 23 40 40 26 23
internal_value=0.000338354 0.00185408 0.0102436 -0.00251406 0.000229883 -0.00716763 0.0113005 0.00218803
internal_weight=39.4231 35.3618 12.1077 23.2541 20.2129 12.1165 8.09643 7.63629
internal_count=250 220 69 151 129 80 49 44
is_linear=0
shrinkage=0.05


Tree=348
num_leaves=7
num_cat=0
split_feature=0 0 31 7 10 17
split_gain=0.255397 0.596625 0.392452 0.435967 0.93805 0.508776
threshold=-0.0032192089313086698 -0.0015440340647152604 -0.1934474705809596 180.42219924926761 0.0045841156862704647 -1.6217353416146792e-05
decision_type=2 2 2 2 2 2
left_child=-1 -2 -3 4 -4 -5
right_child=1 2 3 5 -6 -7
leaf_value=0.0099126844581298394 -0.020160690307580512 0.012513048136238792 0.010613539400686559 -0.0085710667730020517 -0.024117189926260496 0.014059636347085664
leaf_weight=5.0649215113371602 4.0011521633714464 5.4328004512935903 3.0893747592344898 4.3989499118179145 5.2448384147137403 5.7036929959431211
leaf_count=33 30 37 25 44 39 42
internal_value=-0.000415705 -0.00229267 0.00070246 -0.00277777 -0.011243 0.00420565
internal_weight=32.9357 27.8708 23.8697 18.4369 8.33421 10.1026
internal_count=250 217 187 150 64 86
is_linear=0
shrinkage=0.05


Tree=349
num_leaves=10
num_cat=0
split_feature=16 19 2 26 26 24 0 7 22
split_gain=0.277702 0.532852 0.872841 0.390401 0.840784 0.349549 0.455954 0.00116421 0.000136991
threshold=0.0036961037130545417 -0.0083345785689715162 -0.0046348463764896977 -0.0016088617798273306 0.018311682024720447 1.0000000180025095e-35 0.00038406562544501815 183.85629959106447 -0.002301899024704845
decision_type=2 2 2 2 2 2 2 2 2
left_child=5 3 -3 -2 -5 -1 -7 8 -4
right_child=1 2 7 4 -6 6 -8 -9 -10
leaf_value=-0.0045777872555169009 -0.014215331960739638 0.0077613979384508099 -0.034905248916239709 0.03039771108440022 -0.0049714808617033323 0.00064259776598880403 0.02615338917715998 -0.036381407630241558 -0.034003844633097725
leaf_weight=4.8766912929713744 2.6566952345892787 1.9748403094708908 0.6935612577944984 2.6793033247813565 4.5061771515756845 3.660562627017498 3.3584819734096527 1.1878433153033254 1.0744840037077676
leaf_count=31 28 15 18 16 38 21 20 15 48
internal_value=1.89963e-05 -0.00455949 -0.0179757 0.00216177 0.00821689 0.00570486 0.012849 -0.0351708 -0.0343574
internal_weight=26.6686 14.7729 4.93073 9.84218 7.18548 11.8957 7.01904 2.95589 1.76805
internal_count=250 178 96 82 54 72 41 81 66
is_linear=0
shrinkage=0.05


Tree=350
num_leaves=7
num_cat=0
split_feature=31 31 13 2 2 16
split_gain=0.321291 0.460756 0.597104 0.480305 0.750051 0.395866
threshold=-0.1696193232013079 -0.12228692610480486 69.923888621356937 0.0093450128927203852 0.0038578511509625994 0.0043902317757849264
decision_type=2 2 2 2 2 2
left_child=5 -2 3 4 -3 -1
right_child=1 2 -4 -5 -6 -7
leaf_value=0.0040123908005035569 0.018856731352486111 0.0057872174092784747 -0.017428491457419398 0.017806482341359196 -0.019415291685125863 -0.015835572448871498
leaf_weight=4.4189677461981756 3.9696595966815975 12.332471419125804 3.908673543483018 4.7681872583925715 3.881302021443843 5.822141258046031
leaf_count=26 24 80 29 26 28 37
internal_value=0.000337198 0.00303709 0.000514107 0.00385659 -0.000245835 -0.00727131
internal_weight=39.1014 28.8603 24.8906 20.982 16.2138 10.2411
internal_count=250 187 163 134 108 63
is_linear=0
shrinkage=0.05


Tree=351
num_leaves=10
num_cat=0
split_feature=21 16 17 2 28 21 27 4 22
split_gain=0.253934 0.544811 0.762026 0.708198 0.681795 0.486703 0.473248 0.886668 0.74653
threshold=0.00090965672952703091 0.0063075018173740999 -1.3567725401404108e-05 0.0040442682558220486 -0.0032323439705244645 0.0018356928570144595 -0.0072446442111588896 0.0027508637584676616 0.0061741923939917518
decision_type=2 2 2 2 2 2 2 2 2
left_child=1 2 -1 -4 -5 -2 -7 -8 -9
right_child=5 -3 3 4 -6 6 7 8 -10
leaf_value=-0.033287342337976832 0.020870494330985503 0.012358274733758964 -0.02336459641126112 -0.0089926020713494963 0.021765985400262221 0.015793206674702794 0.017880742148466446 -0.034135601651454801 -0.00040462222592434433
leaf_weight=2.6798799159005275 3.3958475682884446 3.6386719420552245 3.1024473244324344 3.9097490105777961 3.3412688001990336 3.3049554824829093 2.7029495313763601 3.0720272418111563 3.5196671262383461
leaf_count=29 21 27 37 31 23 20 17 23 22
internal_value=-0.00043005 -0.00474799 -0.00952375 -0.00337281 0.00518095 0.00407053 -0.000457399 -0.00623573 -0.0161248
internal_weight=32.6675 16.672 13.0333 10.3535 7.25102 15.9954 12.5996 9.29464 6.59169
internal_count=250 147 120 91 54 103 82 62 45
is_linear=0
shrinkage=0.05


Tree=352
num_leaves=11
num_cat=0
split_feature=16 22 30 30 6 26 21 22 29 11
split_gain=0.273028 0.730456 0.386983 0.487834 0.943692 0.686787 0.630964 0.649636 0.131952 0.000294594
threshold=0.0059697849598841632 -0.010224915326078053 -0.012568522530608526 0.0068599290075537231 0.84258017630408599 1.0000000180025095e-35 0.0014189416767858012 -0.0012032368139320291 -0.0030622976835565359 182.01058944702152
decision_type=2 2 2 2 2 2 2 2 2 2
left_child=2 -2 -1 4 -4 -6 7 -5 -3 -10
right_child=1 8 3 6 5 -7 -8 -9 9 -11
leaf_value=0.018155980415044608 0.018206862297481679 -0.010469748477237003 0.01166356634761076 -0.013744973728336633 -0.00017901888901801781 -0.037611696437772228 0.02364050222871902 0.016658970403216202 -0.034516230095093539 -0.035804303995469897
leaf_weight=3.2396670524030986 1.3059645816683771 0.77155656414106544 3.2042315257713216 4.5217734975740367 2.0177091974765062 3.1203075721859932 3.5798857491463423 2.873329073190682 0.82225735858082638 0.96468579769134521
leaf_count=24 8 19 27 40 17 35 22 18 26 14
internal_value=6.03511e-05 -0.0122194 0.00216413 -0.000517836 -0.00963152 -0.0229118 0.00640961 -0.00193168 -0.0277503 -0.0352116
internal_weight=26.4214 3.86446 22.5569 19.3172 8.34225 5.13802 10.975 7.3951 2.5585 1.78694
internal_count=250 67 183 159 79 52 80 58 59 40
is_linear=0
shrinkage=0.05


Tree=353
num_leaves=8
num_cat=0
split_feature=23 23 11 24 3 26 21
split_gain=0.311703 0.578874 0.769714 0.635934 0.740847 0.44409 0.228435
threshold=-0.0073735535121085541 -0.0053980186425368051 183.69871932983401 -0.012052754655787255 0.0086687851114621867 0.032064421348831147 0.0013112881169073944
decision_type=2 2 2 2 2 2 2
left_child=5 -2 3 -3 -5 -1 -4
right_child=1 2 6 4 -6 -7 -8
leaf_value=-0.020562580221922963 0.021346708749300627 -0.013447283316610987 -0.0076485433922119086 0.020005751135630138 -0.00010980488176231476 0.0062491790992584033 -0.028669932371443482
leaf_weight=3.8283266574144355 3.556969240307807 4.3599333986640003 2.7677914947271338 7.4811567552387777 11.79209081456065 2.5887317955493927 2.4243231024593115
leaf_count=33 18 26 19 49 69 15 21
internal_value=0.000320987 0.00231599 -3.23563e-05 0.00379729 0.0076983 -0.00974634 -0.0174639
internal_weight=38.7993 32.3823 28.8253 23.6332 19.2732 6.41706 5.19211
internal_count=250 202 184 144 118 48 40
is_linear=0
shrinkage=0.05


Tree=354
num_leaves=10
num_cat=0
split_feature=19 29 3 29 20 12 29 25 32
split_gain=0.245666 0.425954 0.744283 0.790967 0.802958 0.654311 0.419243 0.314234 0.308821
threshold=-0.054426371374941822 0.00066787763764009089 0.013010550559635294 -0.0059586092946605764 0.021202393633159015 0.0059906853781618195 0.0094423661162700307 0.004539819047931438 -0.2353122432299263
decision_type=2 2 2 2 2 2 2 2 2
left_child=6 2 3 -2 -5 -3 -1 -7 -4
right_child=1 5 8 4 -6 7 -8 -9 -10
leaf_value=-0.023623020197321223 0.024415268209276256 -0.010793464905216339 -0.030491594076488035 0.0099475889698608863 -0.023523340472860144 0.007939173601995397 0.0041944246191424608 0.027988957286376289 -0.006520165633237901
leaf_weight=2.7878922205418339 3.285128425806759 2.9887825669720751 2.754186112433672 3.9673847081139719 3.2676218030974269 4.4998424798250198 2.6343565583229065 3.4544371198862791 2.6232588756829491
leaf_count=28 25 31 19 30 27 30 17 22 21
internal_value=-0.000400857 0.00156017 -0.0036657 0.00406913 -0.00516924 0.00915208 -0.0101081 0.0166465 -0.0187977
internal_weight=32.2629 26.8406 15.8976 10.5201 7.23501 10.9431 5.42225 7.95428 5.37744
internal_count=250 205 122 82 57 83 45 52 40
is_linear=0
shrinkage=0.05


Tree=355
num_leaves=9
num_cat=0
split_feature=3 16 24 10 16 19 0 28
split_gain=0.278587 1.19064 0.75886 0.543214 0.591157 0.61529 0.45623 0.399759
threshold=0.017827827799942856 0.0035594704558886089 -0.010831987329948721 0.0074152847757944168 0.0057031696737131028 0.025043031011993792 -0.0019871927737865609 0.0034062747645059459
decision_type=2 2 2 2 2 2 2 2
left_child=3 -2 -3 4 5 6 -1 -6
right_child=1 2 -4 -5 7 -7 -8 -9
leaf_value=0.027945481617036833 0.040002377480634357 0.023374727206188523 -0.027284330414059567 -0.021339624411272354 -0.036161183381040567 -0.012661501929993744 0.0048384671285215675 0.0010936842251079164
leaf_weight=2.9042962184175911 2.0577558726072303 1.1645509023219349 2.0241476763039827 3.2439904883503905 1.6225722185336047 3.6851214664056888 8.0768931955099124 1.2945716972462831
leaf_count=18 11 9 36 28 27 36 62 23
internal_value=5.39782e-05 0.0103515 -0.00878304 -0.00253998 0.000928389 0.00501711 0.0109498 -0.0196282
internal_weight=26.0739 5.24645 3.1887 20.8274 17.5835 14.6663 10.9812 2.91714
internal_count=250 56 45 194 166 116 80 50
is_linear=0
shrinkage=0.05


Tree=356
num_leaves=9
num_cat=0
split_feature=28 31 0 31 28 13 13 25
split_gain=0.31449 0.627773 0.724597 0.468979 0.433414 0.472591 1.20969 0.537972
threshold=-0.010406029466580867 -0.20369610133638258 0.0010608805484804142 0.01483836798767498 0.0063923203327502795 49.550040541646901 58.161939019989298 -0.0007289725619990527
decision_type=2 2 2 2 2 2 2 2
left_child=1 -1 3 -3 -2 -6 -7 -8
right_child=4 2 -4 -5 5 6 7 -9
leaf_value=-0.016997415119244044 -0.015228490532632763 0.0066292545623645536 -0.0029785363900566766 0.031653902460986399 0.014007086428795269 -0.030696202580665907 0.020569775987284242 -0.0052321038963394351
leaf_weight=2.583902724087241 5.8624415118247297 3.444990072399376 6.067909587174654 4.1009143237024546 4.6963374391198185 3.2466131076216689 3.4041714863851693 4.9691943041980222
leaf_count=17 39 20 39 26 27 24 23 35
internal_value=0.000300324 0.00559675 0.00988512 0.0202292 -0.00356779 0.000621894 -0.00478787 0.00525759
internal_weight=38.3765 16.1977 13.6138 7.5459 22.1788 16.3163 11.62 8.37337
internal_count=250 102 85 46 148 109 82 58
is_linear=0
shrinkage=0.05


Tree=357
num_leaves=10
num_cat=0
split_feature=16 25 28 6 32 6 2 25 14
split_gain=0.237069 0.421877 0.569073 0.355341 0.739535 0.604182 0.685514 0.783393 0.551052
threshold=0.0037703381678470343 0.0061438142466270227 0.0046989568551698566 1.1487420504224033 -0.27382870915070007 0.93949679644634798 0.0025121536596478537 0.0035624127750836236 0.75300101451481694
decision_type=2 2 2 2 2 2 2 2 2
left_child=1 2 -1 5 -5 6 -2 -8 -7
right_child=3 -3 -4 4 -6 8 7 -9 -10
leaf_value=-0.036445925424556304 -0.01373867049791523 0.0078848088142785787 -0.00021581946326220888 0.030738513361477166 -0.0038326858599253251 -0.00048661528077576237 0.029724808544925929 -0.002636451799926887 -0.026420203916812931
leaf_weight=2.1393333487212685 3.0232601910829597 2.4442727770656347 2.1968224607408047 2.8805325664579868 3.3413021471351376 4.7614191547036153 3.9649430103600025 3.5396318025887012 3.5948887970298529
leaf_count=32 26 21 22 18 26 34 22 22 27
internal_value=-0.000430889 -0.0087268 -0.0180907 0.00180961 0.0121728 -0.00160479 0.00636309 0.0144612 -0.0116433
internal_weight=31.8864 6.78043 4.33616 25.106 6.22183 18.8841 10.5278 7.50457 8.35631
internal_count=250 75 54 175 44 131 70 44 61
is_linear=0
shrinkage=0.05


Tree=358
num_leaves=9
num_cat=0
split_feature=3 16 24 10 16 19 0 28
split_gain=0.260647 1.13884 0.829431 0.51289 0.563085 0.564391 0.427569 0.386659
threshold=0.017827827799942856 0.0035594704558886089 -0.012052754655787255 0.0074152847757944168 0.0057031696737131028 0.025043031011993792 -0.0019871927737865609 0.0034062747645059459
decision_type=2 2 2 2 2 2 2 2
left_child=3 -2 -3 4 5 6 -1 -6
right_child=1 2 -4 -5 7 -7 -8 -9
leaf_value=0.02723623165626507 0.039710638928321822 0.026903042258601597 -0.027226393289800865 -0.020804174793107234 -0.036043788493010306 -0.012045747820342817 0.0047479832105156144 0.00095536384564134751
leaf_weight=2.869324845261878 1.9969714432954777 1.0790583714842799 2.0564252464100718 3.1964267808943978 1.5632606511935585 3.6504458058625451 8.025708360597493 1.2878616130910812
leaf_count=18 11 8 37 28 27 36 62 23
internal_value=0.000117029 0.0101982 -0.00859806 -0.00239553 0.000986843 0.00496946 0.0106705 -0.0193311
internal_weight=25.7255 5.13246 3.13548 20.593 17.3966 14.5455 10.895 2.85112
internal_count=250 56 45 194 166 116 80 50
is_linear=0
shrinkage=0.05


Tree=359
num_leaves=8
num_cat=0
split_feature=25 17 23 28 24 28 26
split_gain=0.312966 0.446679 0.512637 0.541409 0.812251 0.635264 0.279818
threshold=-0.013357536330666551 -9.9420338022226156e-05 -0.0073735535121085541 -0.010406029466580867 -0.013767256148029259 0.0063923203327502795 0.028204673365416547
decision_type=2 2 2 2 2 2 2
left_child=-1 -2 6 4 -4 -5 -3
right_child=1 2 3 5 -6 -7 -8
leaf_value=-0.014311852120076823 0.016907765778038576 -0.024656521091430187 -0.0073769406624288689 -0.019990761641828433 0.022868942432323389 0.0029798548327313618 -0.0019738626793080532
leaf_weight=3.3488689363002768 4.235024817287921 2.9702335111796883 3.4793655499815941 4.1256292928010216 6.1312475837767142 11.129405232146381 2.5074715837836266
leaf_count=27 23 27 20 26 39 72 16
internal_value=0.00028288 0.00169636 -0.000426697 0.0026236 0.0119189 -0.00323241 -0.0142733
internal_weight=37.9272 34.5784 30.3434 24.8656 9.61061 15.255 5.47771
internal_count=250 223 200 157 59 98 43
is_linear=0
shrinkage=0.05


Tree=360
num_leaves=10
num_cat=0
split_feature=19 29 3 8 12 22 23 26 32
split_gain=0.228832 0.399815 0.68201 0.778584 0.599426 0.501459 0.388221 0.312644 0.293985
threshold=-0.054426371374941822 0.00066787763764009089 0.013010550559635294 -0.0016682387776921113 0.0059906853781618195 0.0012587613250992782 -0.0040759159234969302 0.013580369033831642 -0.2353122432299263
decision_type=2 2 2 2 2 2 2 2 2
left_child=6 2 3 -2 -3 -5 -1 -6 -4
right_child=1 4 8 5 7 -7 -8 -9 -10
leaf_value=0.003930711951067885 -0.015946950688947338 -0.010397123236480881 -0.029961896790418871 -0.0018164413702511919 0.0056086305657578658 0.025246483651251157 -0.023175000606220374 0.025706950739319348 -0.0062630536499392779
leaf_weight=2.5848198384046555 3.356517754960807 2.9160354770719987 2.6662516556680202 3.0488810110837221 3.6746150571852922 3.9027887098491192 2.7016970589756992 4.0871366262435913 2.5699616707861415
leaf_count=16 28 31 19 26 28 28 29 24 21
internal_value=-0.000431851 0.00148136 -0.00363568 0.00382874 0.0089306 0.0133772 -0.00992178 0.0161919 -0.0183304
internal_weight=31.5087 26.2222 15.5444 10.3082 10.6778 6.95167 5.28652 7.76175 5.23621
internal_count=250 205 122 82 83 54 45 52 40
is_linear=0
shrinkage=0.05


Tree=361
num_leaves=9
num_cat=0
split_feature=21 16 22 32 22 30 22 16
split_gain=0.252608 0.426135 0.380996 1.2256 0.661833 0.673809 0.570054 0.0014468
threshold=0.0041028034896761776 0.0029614993533720563 0.0051204262257879005 0.18184270144676543 -0.0014142978401038284 0.0020930687228998273 -0.0068669980646993692 0.0041421574711125496
decision_type=2 2 2 2 2 2 2 2
left_child=1 -1 4 7 6 -6 -3 -4
right_child=-2 2 3 -5 5 -7 -8 -9
leaf_value=0.016046928759118902 -0.016693450613576112 0.0055149323338292682 -0.037773682879014753 0.017700036732552601 -0.0062714452084091923 0.028659745423122614 -0.019752573929042408 -0.035401760834727174
leaf_weight=4.1830079257488313 2.0557466484606257 4.7771626785397583 1.2149184122681611 1.7486172718927262 2.2327584885060743 3.6169494651257992 4.1900454512797296 1.3654861832037566
leaf_count=28 28 36 9 11 28 23 52 35
internal_value=0.000108913 0.00158954 -0.00156912 -0.0146181 0.00224337 0.015327 -0.00629164 -0.0365185
internal_weight=25.3847 23.3289 19.1459 4.32902 14.8169 5.84971 8.96721 2.5804
internal_count=250 222 194 55 139 51 88 44
is_linear=0
shrinkage=0.05


Tree=362
num_leaves=9
num_cat=0
split_feature=25 25 29 19 31 22 29 27
split_gain=0.298961 0.475626 0.577725 0.899033 0.64617 0.510493 0.578053 0.707061
threshold=-0.012490013162696876 1.0000000180025095e-35 0.0036902644695857583 0.040467463007027978 -0.069363828712494038 -0.0072886065952298398 0.0010558219587901709 0.0063316902180607934
decision_type=2 2 2 2 2 2 2 2
left_child=-1 2 3 4 -2 -3 -7 -8
right_child=1 5 -4 -5 -6 6 7 -9
leaf_value=-0.012855997138555978 -0.024945279121193081 -0.023890977202445044 0.026139927885921729 0.023749977904971006 0.0060372704134127814 0.012240515910290491 -0.015421863256939472 0.01186760233514497
leaf_weight=3.878163604065775 3.0117742903530589 2.5844899602234355 3.6004033610224715 3.428122453391552 3.8140315450727931 6.1415249593555989 7.595193160697816 3.4525652900338173
leaf_count=30 21 20 20 22 25 39 50 23
internal_value=0.00028908 0.00180504 0.00890905 0.00285887 -0.00763327 -0.00317233 -5.71824e-05 -0.00689356
internal_weight=37.5063 33.6281 13.8543 10.2539 6.82581 19.7738 17.1893 11.0478
internal_count=250 220 88 68 46 132 112 73
is_linear=0
shrinkage=0.05


Tree=363
num_leaves=6
num_cat=0
split_feature=0 0 15 13 24
split_gain=0.230527 0.529995 0.350258 0.432731 0.535851
threshold=-0.0032192089313086698 -0.0015440340647152604 0.0077411620165269155 53.791571444072368 0.025053239671577802
decision_type=2 2 2 2 2
left_child=-1 -2 3 -3 -5
right_child=1 2 -4 4 -6
leaf_value=0.0096338666112951252 -0.019698767025681296 -0.022712672966997485 0.012578892853587861 -0.0037232738878480278 0.02142994412413983
leaf_weight=4.8129300437867668 3.7407280094921651 2.3288905085064497 4.8170956112444392 12.882610242813824 2.5338251143693915
leaf_count=33 30 25 38 108 16
internal_value=-0.000427045 -0.00226798 0.000621948 -0.00262385 0.000410876
internal_weight=31.1161 26.3031 22.5624 17.7453 15.4164
internal_count=250 217 187 149 124
is_linear=0
shrinkage=0.05


Tree=364
num_leaves=10
num_cat=0
split_feature=3 16 2 12 12 24 30 13 13
split_gain=0.253361 0.955956 0.793962 0.453179 0.509112 0.550978 0.40757 0.500972 0.391085
threshold=0.018057137803906168 0.0035594704558886089 0.0088721437620499239 0.0048430441497842999 0.0014062132678172633 -0.003037238046769752 0.011426682116660649 57.122273123638756 63.340895521548028
decision_type=2 2 2 2 2 2 2 2 2
left_child=3 -2 -3 4 5 -1 7 -5 -9
right_child=1 2 -4 6 -6 -7 -8 8 -10
leaf_value=-0.01854127537881425 0.039595752531154681 0.017536693496271589 -0.035127489907674218 -0.025920106657968053 0.018094220980989166 0.0090386971900603321 -0.026556174704533905 0.019798749792530559 -0.010201390266165979
leaf_weight=3.3722516521811485 1.7671499997377385 1.5275410078465941 1.346516598947346 1.7742600617930273 4.2201991844922304 3.9110737815499359 2.7963879923336208 2.2947241421788931 2.0629532188177109
leaf_count=27 10 12 31 35 33 31 29 23 19
internal_value=0.000111019 0.0106567 -0.00713685 -0.00228449 0.00427577 -0.0037311 -0.0107369 -0.00352276 0.00559649
internal_weight=25.0731 4.64121 2.87406 20.4319 11.5035 7.28333 8.92833 6.13194 4.35768
internal_count=250 53 43 197 91 58 106 77 42
is_linear=0
shrinkage=0.05


Tree=365
num_leaves=9
num_cat=0
split_feature=31 31 13 21 23 2 30 6
split_gain=0.290735 0.419919 0.530377 0.435948 0.598265 0.549892 0.401261 0.5878
threshold=-0.1696193232013079 -0.12228692610480486 69.923888621356937 0.00020139240034111608 -0.00099286337003323655 0.0025121536596478537 0.012121920221580431 1.041203696530945
decision_type=2 2 2 2 2 2 2 2
left_child=6 -2 3 4 -3 -5 7 -1
right_child=1 2 -4 5 -6 -7 -8 -9
leaf_value=-0.00034288055643356323 0.018438472701113477 0.00033900606916944663 -0.017027031092813043 -0.01814643317549856 0.02386752515820207 0.0068376824241104242 0.008715826257559808 -0.029706765393818026
leaf_weight=3.7543926537036878 3.7599293366074589 6.3959803618490731 3.6676757261157027 4.0608982853591424 4.6776470374315995 4.8121659327298403 2.8231380023062229 3.1210871748626232
leaf_count=23 24 41 29 26 34 33 17 23
internal_value=0.000283344 0.00291891 0.000447852 0.00366103 0.0102778 -0.00459669 -0.00715553 -0.0136725
internal_weight=37.0729 27.3743 23.6144 19.9467 11.0736 8.87306 9.69862 6.87548
internal_count=250 187 163 134 75 59 63 46
is_linear=0
shrinkage=0.05


Tree=366
num_leaves=7
num_cat=0
split_feature=14 29 24 24 0 27
split_gain=0.231839 0.446221 0.623532 0.58825 0.416008 0.316925
threshold=0.95059318943456372 -0.010524650768621411 0.015935697666018548 0.010945829652386998 0.0018155390695802078 0.0064307750651532167
decision_type=2 2 2 2 2 2
left_child=1 -1 3 4 -3 -4
right_child=-2 2 5 -5 -6 -7
leaf_value=0.020038165376649573 0.0097884754359146512 0.00098664702879241854 -0.030654936034485422 0.019772442950681073 -0.017357909344389865 -0.0056743550649106002
leaf_weight=2.0662521608173909 4.711721744388341 11.575214200653141 2.8703459892421952 3.1437896080315104 4.2161764698103061 2.2767889723181725
leaf_count=17 30 100 27 20 37 19
internal_value=-0.000420867 -0.00226049 -0.00417371 2.09685e-05 -0.0039112 -0.019605
internal_weight=30.8603 26.1486 24.0823 18.9352 15.7914 5.14713
internal_count=250 220 203 157 137 46
is_linear=0
shrinkage=0.05


Tree=367
num_leaves=9
num_cat=0
split_feature=21 16 22 32 22 30 32 16
split_gain=0.241372 0.408505 0.355084 1.14888 0.623378 0.623496 0.533097 0.0011759
threshold=0.0041028034896761776 0.0029614993533720563 0.0051204262257879005 0.18184270144676543 -0.0014142978401038284 0.0020930687228998273 -0.2190309994091385 0.0041421574711125496
decision_type=2 2 2 2 2 2 2 2
left_child=1 -1 4 7 6 -6 -3 -4
right_child=-2 2 3 -5 5 -7 -8 -9
leaf_value=0.015907476244561288 -0.016422889052869382 -0.019823055286220814 -0.037508209744766152 0.01699077771943806 -0.0058701305327687756 0.028090477042408819 0.0049546566473671182 -0.035314844394760181
leaf_weight=4.0960174761712613 2.0205932138487688 3.9483029269613379 1.1563052535057061 1.7158939875662325 2.1963015077635601 3.5137458574026823 4.8220100607722998 1.2959192255511878
leaf_count=28 28 46 9 11 28 23 42 35
internal_value=0.000138331 0.00160961 -0.00153082 -0.0143906 0.00217082 0.0150279 -0.00620001 -0.0363491
internal_weight=24.7651 22.7445 18.6485 4.16812 14.4804 5.71005 8.77031 2.45222
internal_count=250 222 194 55 139 51 88 44
is_linear=0
shrinkage=0.05


Tree=368
num_leaves=8
num_cat=0
split_feature=25 17 23 28 26 28 26
split_gain=0.276679 0.421097 0.47632 0.489057 0.751713 0.569194 0.259624
threshold=-0.013357536330666551 -9.9420338022226156e-05 -0.0073735535121085541 -0.010406029466580867 0.023864787640002553 0.0063923203327502795 0.028204673365416547
decision_type=2 2 2 2 2 2 2
left_child=-1 -2 6 4 -4 -5 -3
right_child=1 2 3 5 -6 -7 -8
leaf_value=-0.013614987209226907 0.016638343866127225 -0.024259053137813905 0.022782769374467188 -0.01938502962077461 -0.0064982840036330661 0.0027890626064519843 -0.0020174929157980763
leaf_weight=3.272268032655119 4.0950641408562651 2.863704293966296 5.6981775742024201 3.9490327015519133 3.5621068961918354 10.833285456523297 2.4215353205800056
leaf_count=27 23 27 36 26 23 72 16
internal_value=0.000260587 0.00161907 -0.000478075 0.00250952 0.0115194 -0.00313465 -0.0140686
internal_weight=36.6952 33.4229 29.3278 24.0426 9.26028 14.7823 5.28524
internal_count=250 223 200 157 59 98 43
is_linear=0
shrinkage=0.05


Tree=369
num_leaves=6
num_cat=0
split_feature=14 0 0 21 15
split_gain=0.227305 0.506786 0.454945 0.438686 0.403247
threshold=0.32917502104834462 -0.0032192089313086698 -0.0015440340647152604 0.0050382526484205057 0.0077411620165269155
decision_type=2 2 2 2 2
left_child=-1 -2 -3 4 -4
right_child=1 2 3 -5 -6
leaf_value=-0.012347581892330173 0.020768696319457058 -0.018151674848787696 -0.0046809398830680591 0.021154062041922314 0.014661680187329508
leaf_weight=3.5464545334689346 2.9251786321401658 3.4237986057996812 14.875160893425344 2.5021364353597155 3.29057927802205
leaf_count=31 20 28 130 16 25
internal_value=-0.000446275 0.00111599 -0.00127022 0.00152633 -0.00117718
internal_weight=30.5633 27.0169 24.0917 20.6679 18.1657
internal_count=250 219 199 171 155
is_linear=0
shrinkage=0.05


Tree=370
num_leaves=10
num_cat=0
split_feature=3 16 2 30 12 30 24 30 26
split_gain=0.238857 1.03541 0.648607 0.461502 0.525967 0.780802 0.580529 0.363725 0.481251
threshold=0.017827827799942856 0.0035594704558886089 0.0088721437620499239 0.020731968326248244 0.0048430441497842999 0.0094787736272025098 0.0048123284416209397 0.010736037638181652 0.012834827503857007
decision_type=2 2 2 2 2 2 2 2 2
left_child=3 -2 -3 4 5 6 -1 8 -6
right_child=1 2 -4 -5 7 -7 -8 -9 -10
leaf_value=-0.021107284860586537 0.039215800921430684 0.012413358461889328 -0.035037713998291253 -0.02382298820145776 0.011562546139188343 0.02580846782008115 0.0098134808791769182 -0.030073179624292113 -0.017449399072670773
leaf_weight=2.5831443900242537 1.8718220517039288 1.6412242762744429 1.2832392300479112 2.204581080004572 2.7269614529795936 3.7925919126719236 3.6812198720872402 1.6845629811286924 3.0040902253240347
leaf_count=27 11 14 31 17 33 24 31 22 40
internal_value=0.000172878 0.0101779 -0.00840792 -0.00226585 0.0004541 0.00790333 -0.00293686 -0.00964844 -0.00364487
internal_weight=24.4734 4.79629 2.92446 19.6772 17.4726 10.057 6.26436 7.41561 5.73105
internal_count=250 56 45 194 177 82 58 95 73
is_linear=0
shrinkage=0.05


Tree=371
num_leaves=8
num_cat=0
split_feature=31 31 13 21 23 2 16
split_gain=0.278701 0.387446 0.50316 0.406619 0.54255 0.50801 0.356072
threshold=-0.1696193232013079 -0.12228692610480486 69.923888621356937 0.00020139240034111608 -0.00099286337003323655 0.0025121536596478537 0.0043902317757849264
decision_type=2 2 2 2 2 2 2
left_child=6 -2 3 4 -3 -5 -1
right_child=1 2 -4 5 -6 -7 -8
leaf_value=0.004124161862848706 0.017885020316761969 0.0005534629536541782 -0.016753496375570869 -0.017526880391344042 0.023200692020105728 0.0066715702979049376 -0.01546065256802898
leaf_weight=4.0465683378279191 3.6997588276863125 6.2885396331548726 3.587719607166945 4.0027166046202165 4.5637420807033795 4.7340625133365393 5.4418362677097321
leaf_count=26 24 41 29 26 34 33 37
internal_value=0.000258731 0.00285953 0.000460983 0.0036138 0.0100774 -0.00441484 -0.00710822
internal_weight=36.3649 26.8765 23.1768 19.5891 10.8523 8.73678 9.4884
internal_count=250 187 163 134 75 59 63
is_linear=0
shrinkage=0.05


Tree=372
num_leaves=8
num_cat=0
split_feature=14 33 19 29 30 12 2
split_gain=0.220413 0.365898 0.405555 0.460076 0.586591 0.336561 0.256469
threshold=0.95059318943456372 0.085000000000000006 -0.041394857340756423 0.00066787763764009089 0.0020930687228998273 0.018148236723841006 0.0053698347248888343
decision_type=2 2 2 2 2 2 2
left_child=1 6 -3 4 -4 -5 -1
right_child=-2 2 3 5 -6 -7 -8
leaf_value=-0.029740953098995299 0.0095607701771254928 -0.013084572667843977 0.0074879954167440315 0.005533738466660814 -0.015689900095053048 0.029200819680580782 -0.0021964587307969591
leaf_weight=1.9026623461395566 4.6329701356589785 4.6473839059472182 6.2253398858010716 4.1668318165466181 4.8615432898513973 2.3489582091569901 1.5204031504690645
leaf_count=26 30 39 45 37 43 14 16
internal_value=-0.000476898 -0.00228829 5.29805e-05 0.0035215 -0.0026754 0.0140658 -0.0175067
internal_weight=30.3061 25.6731 22.2501 17.6027 11.0869 6.51579 3.42307
internal_count=250 220 178 139 88 51 42
is_linear=0
shrinkage=0.05


Tree=373
num_leaves=6
num_cat=0
split_feature=21 16 27 1 1
split_gain=0.230255 0.391517 0.351313 0.484886 0.492074
threshold=0.0041028034896761776 0.0029614993533720563 -0.025565756823225868 -0.0045093929214865538 0.0066108318049749046
decision_type=2 2 2 2 2
left_child=1 -1 -3 -4 -5
right_child=-2 2 3 4 -6
leaf_value=0.015813723584100738 -0.016155616564383038 -0.020676874354483329 0.019190427567288205 -0.010162147046419392 0.010214848658964264
leaf_weight=4.0074586719274583 1.9733795034699131 2.101488798856745 3.0001821620389917 8.5448075509629984 4.5351897161453953
leaf_count=28 28 22 26 99 47
internal_value=0.000211357 0.00166695 -0.00145117 0.0010614 -0.00309689
internal_weight=24.1625 22.1891 18.1817 16.0802 13.08
internal_count=250 222 194 172 146
is_linear=0
shrinkage=0.05


Tree=374
num_leaves=9
num_cat=0
split_feature=2 21 16 10 29 29 21 29
split_gain=0.271205 0.630176 1.05136 0.60877 0.589665 0.494173 0.647246 0.336236
threshold=0.0038578511509625994 0.00020139240034111608 0.00510758990791491 1.0000000180025095e-35 -1.0000000180025095e-35 0.0033149998586834433 -0.0006068239891997006 -0.0045986094036672412
decision_type=2 2 2 2 2 2 2 2
left_child=1 3 -3 -1 7 -6 -7 -2
right_child=4 2 -4 -5 5 6 -8 -9
leaf_value=0.0017369427073892056 -0.0050203278420741897 -0.022671698378984279 0.013843136049483867 0.027270081998251056 -0.02426148453347525 -0.020276705377111997 0.010209658124887474 0.016690312498257805
leaf_weight=5.0546203833073395 3.1580739617347717 4.2211699504405251 3.6985474079847336 4.3378741517663002 4.3455335199832898 3.0471866466104993 4.0615439340472212 4.0968323461711433
leaf_count=33 24 30 25 31 32 24 24 27
internal_value=0.000259457 0.00476959 -0.00561909 0.0135293 -0.00391392 -0.0109784 -0.00285845 0.00723963
internal_weight=36.0214 17.3122 7.91972 9.39249 18.7092 11.4543 7.10873 7.25491
internal_count=250 119 55 64 131 80 48 51
is_linear=0
shrinkage=0.05


Tree=375
num_leaves=10
num_cat=0
split_feature=16 25 28 6 32 6 2 25 14
split_gain=0.217193 0.391418 0.505932 0.300434 0.679824 0.545131 0.605572 0.69868 0.500082
threshold=0.0037703381678470343 0.0061438142466270227 0.0046989568551698566 1.1487420504224033 -0.27382870915070007 0.93949679644634798 0.0025121536596478537 0.0035624127750836236 0.75300101451481694
decision_type=2 2 2 2 2 2 2 2 2
left_child=1 2 -1 5 -5 6 -2 -8 -7
right_child=3 -3 -4 4 -6 8 7 -9 -10
leaf_value=-0.036260019632660942 -0.013254630550539806 0.0078043852071496321 -0.00075078833719719297 0.029803163851845029 -0.0042364653138398751 -0.00054980059505448889 0.028817034338885602 -0.0025389212107660075 -0.026059531897344508
leaf_weight=1.9654969470575476 2.8487383425235802 2.2798740305006504 2.0486729945987463 2.725758533924818 3.1756927920505396 4.5287503236904731 3.7642015777528286 3.3644263967871666 3.3366634268313646
leaf_count=32 26 21 22 18 26 34 22 22 27
internal_value=-0.000482758 -0.00874065 -0.0181375 0.00170622 0.0114857 -0.00152833 0.00623132 0.0140183 -0.0113715
internal_weight=30.0383 6.29404 4.01417 23.7442 5.90145 17.8428 9.97737 7.12863 7.86541
internal_count=250 75 54 175 44 131 70 44 61
is_linear=0
shrinkage=0.05


Tree=376
num_leaves=8
num_cat=0
split_feature=19 16 26 34 13 26 24
split_gain=0.232691 0.436449 0.597546 0.668001 0.776811 0.525335 0.418268
threshold=0.035083059197488227 0.0029614993533720563 -0.0019613125363632795 0.40396951446877866 58.161939019989298 -0.01796537404307413 0.00060575428328957248
decision_type=2 2 2 2 2 2 2
left_child=1 -1 5 -4 -5 -3 -2
right_child=6 2 3 4 -6 -7 -8
leaf_value=0.017120092163918615 -0.030093496388857801 -0.0014214174448747366 0.020863939481285558 -0.035750960176518749 0.0042402644781133949 -0.037099166318008123 0.0014805896619346742
leaf_weight=4.0728480704128804 1.6493378924205888 2.2976605817675591 4.0772252790629793 1.5557293798774479 5.5329865999519825 1.8727059476077599 2.8811973533593118
leaf_count=27 29 28 28 24 54 22 38
internal_value=0.000189091 0.00257071 -0.00129316 0.00473847 -0.00453643 -0.0174425 -0.0100139
internal_weight=23.9397 19.4092 15.3363 11.1659 7.08872 4.17037 4.53054
internal_count=250 183 156 106 78 50 67
is_linear=0
shrinkage=0.05


Tree=377
num_leaves=9
num_cat=0
split_feature=29 28 31 27 27 27 12 0
split_gain=0.280616 0.448419 0.44172 0.390173 0.584738 0.548395 0.50052 0.334495
threshold=0.01020575744528507 -0.010406029466580867 -0.1934474705809596 -0.0026260437356631079 0.004165866948583786 -0.012429725590470784 0.016675694758207127 0.00050087829127321026
decision_type=2 2 2 2 2 2 2 2
left_child=1 2 -1 5 -5 -3 -6 -4
right_child=-2 3 7 4 6 -7 -8 -9
leaf_value=-0.009112024247413671 -0.014555238118115044 -0.0078648028251826485 0.022541487989918334 -0.028119001397001554 0.0040370693452284178 0.02257866768659457 -0.019649771605907362 0.0044667698125185132
leaf_weight=2.7094134725630274 2.9265513140708199 2.9065074827522039 5.1690207924693805 2.7998311445117023 8.018532292917369 3.0124388448894015 3.0895146112889043 5.0706628933548927
leaf_count=19 22 22 33 19 60 20 21 34
internal_value=0.000279376 0.00160395 0.00884067 -0.00312242 -0.00769818 0.00762936 -0.00255102 0.0135909
internal_weight=35.7025 32.7759 12.9491 19.8268 13.9079 5.91895 11.108 10.2397
internal_count=250 228 86 142 100 42 81 67
is_linear=0
shrinkage=0.05


Tree=378
num_leaves=8
num_cat=0
split_feature=28 2 4 8 25 26 29
split_gain=0.217422 0.378804 0.699989 0.546094 0.457274 0.571737 0.30487
threshold=0.069593755631414914 -0.0015655103236245636 0.0055209166986581034 0.00020768248968327924 0.0081513609403262039 0.020589032407623001 0.0040001644693997704
decision_type=2 2 2 2 2 2 2
left_child=1 2 -1 -3 5 -5 -6
right_child=-2 3 -4 4 6 -7 -8
leaf_value=-0.033302621166315299 0.0098001854862209692 0.019078764420008807 0.002877568062536604 -0.0043409681609265323 -0.027626269680754875 0.020575687456443101 -0.0036499256759098654
leaf_weight=2.5173535491339925 4.3517374470829955 3.4144157851114896 2.8508522287011147 7.9892842853441852 2.5091891661286345 3.2342995628714561 2.8113053794950247
leaf_count=28 34 30 24 70 19 22 23
internal_value=-0.00052409 -0.00229805 -0.0140887 0.00087326 -0.00288405 0.00283926 -0.0149574
internal_weight=29.6784 25.3267 5.36821 19.9585 16.5441 11.2236 5.32049
internal_count=250 216 52 164 134 92 42
is_linear=0
shrinkage=0.05


Tree=379
num_leaves=8
num_cat=0
split_feature=3 25 25 24 20 32 13
split_gain=0.224118 0.641537 0.610968 0.594751 0.685085 0.53377 0.351624
threshold=-0.0029201122758016891 -1.0000000180025095e-35 -0.013357536330666551 -0.017078451661609147 0.065802742179996279 -0.31216786602352309 59.081528632906831
decision_type=2 2 2 2 2 2 2
left_child=1 -1 -2 -4 5 -5 -6
right_child=2 -3 3 4 6 -7 -8
leaf_value=-0.02877367253476816 0.02502243707346993 0.0074564768361033013 0.017750718512730156 0.0039153137655515598 -0.0043427405343973418 -0.021830835906669385 0.026693762192276073
leaf_weight=2.2727085798978806 2.6343533126637402 2.6425571897998479 3.3630032651126447 3.0165932844393009 1.6982585168443614 6.0517519414424754 1.9725815458223221
leaf_count=20 22 22 31 33 23 80 19
internal_value=0.000207185 -0.00929553 0.00270009 -0.000951898 -0.00588918 -0.0132664 0.0123352
internal_weight=23.6518 4.91527 18.7365 16.1022 12.7392 9.06835 3.67084
internal_count=250 42 208 186 155 113 42
is_linear=0
shrinkage=0.05


Tree=380
num_leaves=8
num_cat=0
split_feature=25 19 32 31 1 29 19
split_gain=0.272638 0.476558 0.450183 0.591882 0.587334 0.392946 0.339974
threshold=-0.018524975789588945 0.040467463007027978 -0.30025275855775407 0.22051856371467932 -0.0011916305667826752 0.0036902644695857583 0.079538209541853658
decision_type=2 2 2 2 2 2 2
left_child=-1 2 5 4 -4 -2 -3
right_child=1 6 3 -5 -6 -7 -8
leaf_value=-0.015078576061997875 -0.02359213706029414 0.022772097444418354 -0.018330177303999034 0.020258906178435673 0.0038435516734888126 0.0010537364303799168 0.00077492670301677739
leaf_weight=2.6642186595126978 3.7264212518930426 3.9542750716209403 4.069566402584317 3.6874713972210875 11.220182297751309 2.8573917262256145 3.1603756546974182
leaf_count=24 28 25 30 22 75 21 25
internal_value=0.000301469 0.00155548 -0.0016302 0.00227818 -0.00205828 -0.0128958 0.0130008
internal_weight=35.3399 32.6757 25.561 18.9772 15.2897 6.58381 7.11465
internal_count=250 226 176 127 105 49 50
is_linear=0
shrinkage=0.05


Tree=381
num_leaves=6
num_cat=0
split_feature=14 0 0 5 28
split_gain=0.209618 0.447949 0.425423 0.402036 0.62361
threshold=0.32917502104834462 -0.0032192089313086698 -0.0015440340647152604 0.0046355379025429704 -0.0032323439705244645
decision_type=2 2 2 2 2
left_child=-1 -2 -3 4 -4
right_child=1 2 3 -5 -6
leaf_value=-0.012088972378352705 0.019947182877757819 -0.017999214722322587 -0.013774170616414 0.014611348605838754 0.0065073298966312077
leaf_weight=3.4246821678243604 2.8039125986397329 3.2456108964979711 6.7160956617444851 4.5322478339076033 8.6996008809655745
leaf_count=31 20 28 64 34 73
internal_value=-0.000461027 0.00107074 -0.00121127 0.0015202 -0.00232863
internal_weight=29.4222 25.9975 23.1936 19.9479 15.4157
internal_count=250 219 199 171 137
is_linear=0
shrinkage=0.05


Tree=382
num_leaves=6
num_cat=0
split_feature=21 16 27 1 1
split_gain=0.224191 0.378011 0.322334 0.431172 0.456221
threshold=0.0041028034896761776 0.0029614993533720563 -0.025565756823225868 -0.0045093929214865538 0.0066108318049749046
decision_type=2 2 2 2 2
left_child=1 -1 -3 -4 -5
right_child=-2 2 3 4 -6
leaf_value=0.01580165956095431 -0.016225510828651226 -0.020218455328265977 0.018332922781471844 -0.0099497582011697297 0.0099466656537749408
leaf_weight=3.8663077186793151 1.9113980722613622 2.0272056679241439 2.910130715928978 8.2569747813977141 4.4252818706445405
leaf_count=28 28 22 26 99 47
internal_value=0.000184073 0.00164388 -0.0014628 0.000975675 -0.0030072
internal_weight=23.3973 21.4859 17.6196 15.5924 12.6823
internal_count=250 222 194 172 146
is_linear=0
shrinkage=0.05


Tree=383
num_leaves=8
num_cat=0
split_feature=23 23 11 29 21 26 8
split_gain=0.267455 0.451341 0.674791 0.503127 0.479364 0.365227 0.270977
threshold=-0.0073735535121085541 -0.0053980186425368051 183.69871932983401 -0.0028343717650526341 0.00055916833303382163 0.032064421348831147 0.00091762169746775291
decision_type=2 2 2 2 2 2 2
left_child=5 -2 3 -3 -5 -1 -4
right_child=1 2 6 4 -6 -7 -8
leaf_value=-0.020044289343119359 0.019671175711190165 0.016485240942610002 -0.0064391434653446088 0.007818502292370343 -0.0097237023777962481 0.0055177759332689603 -0.030690445248998922
leaf_weight=3.4089208059012881 3.2840801700949696 5.6984724290669027 2.5895033087581387 7.8558957148343307 7.7227155379951 2.3680799081921577 2.0747733656316996
leaf_count=33 18 37 18 59 48 15 22
internal_value=0.000264484 0.00220768 -3.13243e-06 0.00377254 -0.000877617 -0.00956601 -0.0172267
internal_weight=35.0024 29.2254 25.9414 21.2771 15.5786 5.777 4.66428
internal_count=250 202 184 144 107 48 40
is_linear=0
shrinkage=0.05


Tree=384
num_leaves=7
num_cat=0
split_feature=14 33 19 5 4 6
split_gain=0.208981 0.342154 0.394429 0.402834 0.363872 0.238044
threshold=0.95059318943456372 0.085000000000000006 -0.041394857340756423 0.0033118771854073713 0.0033229143701105474 0.84825452627091158
decision_type=2 2 2 2 2 2
left_child=1 5 -3 -4 -5 -1
right_child=-2 2 3 4 -6 -7
leaf_value=-0.0040233303187685978 0.0094454987185479834 -0.01313547852860256 0.019377481659188286 -0.014753811848615331 0.0043605322245463072 -0.030889844284061885
leaf_weight=1.6747350627556508 4.5088507551699868 4.4837123546749451 3.2463277298957065 3.2734294403344384 10.401042617857454 1.6239253953099249
leaf_count=16 30 39 29 31 79 26
internal_value=-0.000453375 -0.00226013 4.99179e-05 0.00354381 -0.000215107 -0.0172497
internal_weight=29.212 24.7032 21.4045 16.9208 13.6745 3.29866
internal_count=250 220 178 139 110 42
is_linear=0
shrinkage=0.05


Tree=385
num_leaves=8
num_cat=0
split_feature=3 25 25 24 20 32 13
split_gain=0.21731 0.604028 0.56884 0.552999 0.646507 0.492907 0.335522
threshold=-0.0029201122758016891 -1.0000000180025095e-35 -0.013357536330666551 -0.017078451661609147 0.065802742179996279 -0.31216786602352309 59.081528632906831
decision_type=2 2 2 2 2 2 2
left_child=1 -1 -2 -4 5 -5 -6
right_child=2 -3 3 4 6 -7 -8
leaf_value=-0.028427171546902198 0.02439212245583898 0.0071043206245044845 0.017243407879358703 0.0036092172716141596 -0.0043207584955296426 -0.021325770197641074 0.026202420571282626
leaf_weight=2.2210211521014571 2.5838982230052414 2.5919997990131405 3.3165286434814361 2.9807303543202597 1.6746946992352598 5.9146291036158694 1.9471099581569431
leaf_count=20 22 22 31 33 23 80 19
internal_value=0.000167847 -0.00929208 0.00263998 -0.000909745 -0.00571958 -0.0129703 0.0120887
internal_weight=23.2306 4.81302 18.4176 15.8337 12.5172 8.89536 3.6218
internal_count=250 42 208 186 155 113 42
is_linear=0
shrinkage=0.05


Tree=386
num_leaves=8
num_cat=0
split_feature=23 23 11 24 3 26 2
split_gain=0.257336 0.424522 0.6277 0.487506 0.583695 0.342839 0.178527
threshold=-0.0073735535121085541 -0.0053980186425368051 183.69871932983401 -0.012052754655787255 0.0086687851114621867 0.032064421348831147 -1.0000000180025095e-35
decision_type=2 2 2 2 2 2 2
left_child=5 -2 3 -3 -5 -1 -4
right_child=1 2 6 4 -6 -7 -8
leaf_value=-0.019650411731525264 0.019182315719893161 -0.01228606870858915 -0.006887520788853233 0.018735346828753729 -0.00010147780804137034 0.0052194338795503031 -0.026591045864983148
leaf_weight=3.3690775260329238 3.2589755803346661 3.9053892455995145 2.3050654046237469 6.7603056319057968 10.500191349536179 2.3539645336568356 2.2934621693566433
leaf_count=33 18 26 16 49 69 15 24
internal_value=0.000268943 0.0021797 2.90133e-05 0.00366671 0.00727622 -0.00942111 -0.0167144
internal_weight=34.7464 29.0234 25.7644 21.1659 17.2605 5.72304 4.59853
internal_count=250 202 184 144 118 48 40
is_linear=0
shrinkage=0.05


Tree=387
num_leaves=6
num_cat=0
split_feature=16 14 4 10 3
split_gain=0.204225 0.470613 0.378586 0.478464 0.441061
threshold=0.0090231654934771303 0.32917502104834462 0.0022590931055132464 0.011213334880671446 0.0086687851114621867
decision_type=2 2 2 2 2
left_child=1 -1 -3 4 -4
right_child=-2 2 3 -5 -6
leaf_value=-0.022253588133166406 0.013481740926627276 -0.017580088433042203 -0.0027152416712276834 -0.014295387811036448 0.013031400176835429
leaf_weight=2.5100732496939662 2.4334391970187417 2.5844421321526196 8.0702662160620147 3.4792198650538912 9.9047778602689487
leaf_count=27 16 32 74 31 70
internal_value=-0.000381691 -0.0016524 0.000498732 0.00267656 0.00596162
internal_weight=28.9822 26.5488 24.0387 21.4543 17.975
internal_count=250 234 207 175 144
is_linear=0
shrinkage=0.05


Tree=388
num_leaves=10
num_cat=0
split_feature=16 19 2 24 0 26 26 7 20
split_gain=0.217905 0.452538 0.736848 0.32896 0.342116 0.325394 0.669062 0.000779092 0.000145492
threshold=0.0036961037130545417 -0.0083345785689715162 -0.0046348463764896977 1.0000000180025095e-35 0.00038406562544501815 -0.0016088617798273306 0.018311682024720447 184.09550018310549 -0.031745994280737315
decision_type=2 2 2 2 2 2 2 2 2
left_child=3 5 -3 -1 -5 -2 -7 8 -4
right_child=1 2 7 4 -6 6 -8 -9 -10
leaf_value=-0.0052237452897759837 -0.013659873402085805 0.0073576076759689149 -0.03500924508900994 0.0015389656145332379 0.025368456532472928 0.029452654424241997 -0.0043582325327273649 -0.036148413957670461 -0.033984564958137294
leaf_weight=4.173463314771654 2.3021077723242342 1.7477193530648936 0.50037807924672861 3.1220748275518417 2.9101791568100452 2.3425088515505177 3.8977700434625149 0.87754108291119326 1.1258808318525564
leaf_count=31 28 15 15 21 20 16 38 11 55
internal_value=0.000119415 -0.00422732 -0.0175568 0.00556849 0.0130352 0.00240673 0.00833388 -0.0349477 -0.0342998
internal_weight=22.9996 12.7939 4.25152 10.2057 6.03225 8.54239 6.24028 2.5038 1.62626
internal_count=250 178 96 72 41 82 54 81 70
is_linear=0
shrinkage=0.05


Tree=389
num_leaves=9
num_cat=0
split_feature=28 13 24 13 33 28 31 0
split_gain=0.2546 0.448443 0.722363 0.464168 0.763403 0.397981 0.397479 0.592115
threshold=-0.0088934477351565993 49.550040541646901 0.01560440255260165 59.081528632906831 0.47500000000000003 -0.024131775791238704 -0.11489084073357421 0.0011457124692959566
decision_type=2 2 2 2 2 2 2 2
left_child=5 -2 3 -3 -5 6 -1 -8
right_child=1 2 -4 4 -6 -7 7 -9
leaf_value=-0.016076190874154593 0.0083154635983376853 -0.03274775638013077 0.0065101938537186575 -0.022740557104078338 0.01540661914569454 0.01624532671675016 0.020329278199341647 -0.0093328059171991131
leaf_weight=2.972477361559867 5.6733795255422619 3.0807592347264272 5.126944411545991 3.5383154731243849 2.0839254222810268 5.2463439237326375 3.4526458848267785 3.2815125919878483
leaf_count=21 38 26 31 33 17 36 24 24
internal_value=0.000241342 -0.003522 -0.00837802 -0.0171487 -0.00860102 0.00514991 -0.000847053 0.00587513
internal_weight=34.4563 19.5033 13.8299 8.703 5.62224 14.953 9.70664 6.73416
internal_count=250 145 107 76 50 105 69 48
is_linear=0
shrinkage=0.05


Tree=390
num_leaves=9
num_cat=0
split_feature=16 25 28 19 20 22 12 3
split_gain=0.201712 0.341835 0.476655 0.275585 0.489071 0.433658 0.4286 0.350218
threshold=0.0037703381678470343 0.0061438142466270227 0.0046989568551698566 -0.054426371374941822 -0.070710886075212739 0.00085918318370781243 0.011249772241628349 0.013010550559635294
decision_type=2 2 2 2 2 2 2 2
left_child=1 2 -1 -2 -5 6 -6 -7
right_child=3 -3 -4 4 5 7 -8 -9
leaf_value=-0.036057788926669845 -0.0098237178016227413 0.0071774762085048439 -0.00057495553853188547 0.019314944764699901 -0.022621266173399338 0.016275481760866583 0.0037492262980061749 -0.0047518489679845601
leaf_weight=1.8237297381274431 4.1897005252540174 2.1875818157568574 1.9676199983805416 4.2288805767893871 3.2270565610378883 4.7637783139944059 2.9488194361329079 3.3889032825827599
leaf_count=32 36 21 22 27 31 35 22 24
internal_value=-0.000389283 -0.00856167 -0.017643 0.00175877 0.00437375 -3.5948e-05 -0.01003 0.00753485
internal_weight=28.7261 5.97893 3.79135 22.7471 18.5574 14.3286 6.17588 8.15268
internal_count=250 75 54 175 139 112 53 59
is_linear=0
shrinkage=0.05


Tree=391
num_leaves=8
num_cat=0
split_feature=19 16 26 34 13 26 24
split_gain=0.214538 0.404037 0.52317 0.603457 0.707245 0.484413 0.38455
threshold=0.035083059197488227 0.0029614993533720563 -0.0019613125363632795 0.40396951446877866 58.161939019989298 -0.01796537404307413 0.00060575428328957248
decision_type=2 2 2 2 2 2 2
left_child=1 -1 5 -4 -5 -3 -2
right_child=6 2 3 4 -6 -7 -8
leaf_value=0.016816950082699657 -0.029816005174651657 -0.0013760933189436173 0.020014815921502806 -0.035588749848814633 0.0037902513655345585 -0.03670931407895725 0.0014069907508030654
leaf_weight=3.8670078478753629 1.5548169533722092 2.2020823457278316 3.913075366988771 1.4512437758967278 5.3198217763565481 1.7337894625961823 2.6962825036607683
leaf_count=27 29 28 28 24 54 22 38
internal_value=0.000115445 0.00244441 -0.00135715 0.0043836 -0.00464986 -0.0169407 -0.0100127
internal_weight=22.7381 18.487 14.62 10.6841 6.77107 3.93587 4.2511
internal_count=250 183 156 106 78 50 67
is_linear=0
shrinkage=0.05


Tree=392
num_leaves=9
num_cat=0
split_feature=25 25 33 22 13 12 29 25
split_gain=0.256094 0.447261 0.425555 0.410821 0.548647 0.708485 0.515043 0.344968
threshold=-0.012490013162696876 -0.0007289725619990527 0.26500000000000007 -0.0072886065952298398 56.872859407589139 0.0141225906270085 0.00031498031954080302 -0.004740509207992293
decision_type=2 2 2 2 2 2 2 2
left_child=-1 2 -2 -3 6 -6 -5 -4
right_child=1 3 7 4 5 -7 -8 -9
leaf_value=-0.012496981302433234 0.023282300536356087 -0.021165181677829534 -0.0076405337285494028 0.026776699591615351 -0.021068003910590494 0.0049952522529645074 -0.00061810541514518188 0.015392281449015633
leaf_weight=3.5321031780913463 3.8642083220183867 2.6051083989441421 3.7305983304977417 2.9626715108752277 4.8779358994215709 5.6018075160682201 4.0764483269304037 2.8811154179275036
leaf_count=30 25 22 25 23 40 40 26 19
internal_value=0.00025072 0.00172217 0.0101004 -0.00263927 0.000115587 -0.00713624 0.010912 0.00239623
internal_weight=34.132 30.5999 10.4759 20.124 17.5189 10.4797 7.03912 6.61171
internal_count=250 220 69 151 129 80 49 44
is_linear=0
shrinkage=0.05


Tree=393
num_leaves=7
num_cat=0
split_feature=16 23 24 1 10 5
split_gain=0.194352 0.566439 0.516634 0.495957 0.478251 0.453428
threshold=0.0059697849598841632 -0.00095123756154930062 -0.015457737057011199 -0.0019976896169702214 0.011213334880671446 0.0030684211450683683
decision_type=2 2 2 2 2 2
left_child=2 -2 -1 -4 5 -5
right_child=1 -3 3 4 -6 -7
leaf_value=-0.020128018504363451 0.018723664251427186 -0.0066888678186450209 -0.016956339383200261 -0.0060759403249380896 -0.015141897888169054 0.016598982163029033
leaf_weight=3.6515736225992486 4.3090029209852219 4.4649286707863194 3.1799921733327254 3.1654581287875718 2.3754151239991179 7.264316838234663
leaf_count=37 30 37 36 32 21 57
internal_value=-0.000395137 0.00579159 -0.00315944 0.000716777 0.00510565 0.0097171
internal_weight=28.4107 8.77393 19.6368 15.9852 12.8052 10.4298
internal_count=250 67 183 146 110 89
is_linear=0
shrinkage=0.05


Tree=394
num_leaves=8
num_cat=0
split_feature=3 25 25 24 20 6 32
split_gain=0.208238 0.556215 0.528255 0.510358 0.607405 0.518824 0.135441
threshold=-0.0029201122758016891 -1.0000000180025095e-35 -0.013357536330666551 -0.017078451661609147 -0.061088419513442342 0.84825452627091158 -0.22955930697366506
decision_type=2 2 2 2 2 2 2
left_child=1 -1 -2 -4 6 -6 -5
right_child=2 -3 3 4 5 -7 -8
leaf_value=-0.028035424724622105 0.023884290972718179 0.0065721198244361638 0.016807902003201713 -0.013298920552225812 0.020347712926997646 -0.0065121641488376097 -0.03518146121485792
leaf_weight=2.1469061151146889 2.4922630274668398 2.528299160301688 3.2027005916461375 1.2490563141182067 2.4482422829605515 6.7674891643691808 1.6297858105972434
leaf_count=20 22 22 31 17 30 85 23
internal_value=7.02994e-05 -0.00932005 0.00253814 -0.000939614 -0.00563924 0.000623405 -0.0256872
internal_weight=22.4647 4.67521 17.7895 15.2973 12.0946 9.21573 2.87884
internal_count=250 42 208 186 155 115 40
is_linear=0
shrinkage=0.05


Tree=395
num_leaves=8
num_cat=0
split_feature=23 23 11 24 3 26 8
split_gain=0.249851 0.404435 0.605224 0.461406 0.538013 0.319319 0.247438
threshold=-0.0073735535121085541 -0.0053980186425368051 183.69871932983401 -0.012052754655787255 0.0086687851114621867 0.032064421348831147 0.00091762169746775291
decision_type=2 2 2 2 2 2 2
left_child=5 -2 3 -3 -5 -1 -4
right_child=1 2 6 4 -6 -7 -8
leaf_value=-0.019539064486984323 0.01900446615169344 -0.012093591442671263 -0.0062441923323851879 0.01838654761838486 6.4336399154869397e-05 0.0048279408520109438 -0.030003327141475179
leaf_weight=3.239382952451705 3.1740864291787174 3.7895382195711198 2.4994725659489623 6.5725245550274876 10.262825634330509 2.2984823696315289 1.9513625325635073
leaf_count=33 18 26 18 49 69 15 22
internal_value=0.000285514 0.0021892 6.07211e-05 0.00366922 0.00721733 -0.00942558 -0.0166608
internal_weight=33.7877 28.2498 25.0757 20.6249 16.8354 5.53787 4.45084
internal_count=250 202 184 144 118 48 40
is_linear=0
shrinkage=0.05


Tree=396
num_leaves=8
num_cat=0
split_feature=14 14 29 6 6 14 5
split_gain=0.192627 0.325543 0.666916 0.692122 0.429755 0.435907 0.265985
threshold=0.95059318943456372 0.77383615920621784 0.0033149998586834433 0.93949679644634798 0.66752582430275031 0.32917502104834462 0.0030684211450683683
decision_type=2 2 2 2 2 2 2
left_child=1 4 3 -3 -1 -6 -7
right_child=-2 2 -4 -5 5 6 -8
leaf_value=-0.020014965238979214 0.0093251071948687436 0.021745981077988669 -0.029715122340572414 -0.018696887868499618 -0.011504202179496822 -0.0073824020006094254 0.01275738888990233
leaf_weight=2.0015604151412942 4.3714243080466977 2.1172483367845407 2.8609005510807037 2.1142944544553757 3.2413442223332813 1.983087480533867 9.4596378142014128
leaf_count=23 30 19 27 23 31 26 71
internal_value=-0.000321391 -0.00209483 -0.0110683 0.00153866 0.00171945 0.00468203 0.00926705
internal_weight=28.1495 23.7781 7.09244 4.23154 16.6856 14.6841 11.4427
internal_count=250 220 69 42 151 128 97
is_linear=0
shrinkage=0.05


Tree=397
num_leaves=8
num_cat=0
split_feature=19 16 26 34 34 26 24
split_gain=0.208942 0.375289 0.480811 0.550655 0.634722 0.467605 0.36718
threshold=0.035083059197488227 0.0029614993533720563 -0.0019613125363632795 0.40396951446877866 1.3938633070054414 -0.01796537404307413 0.00060575428328957248
decision_type=2 2 2 2 2 2 2
left_child=1 -1 5 -4 -5 -3 -2
right_child=6 2 3 4 -6 -7 -8
leaf_value=0.016414962765388449 -0.029757856848783539 -0.0012102888662041701 0.019278492975997312 -0.027686378705428446 0.0057881466143021587 -0.036533287209767319 0.001134129608717544
leaf_weight=3.7636897508055034 1.5083892622496922 2.1601966326124971 3.8383856341242719 2.044894291087985 4.6053013647906482 1.6545245423913044 2.65494897775352
leaf_count=27 29 28 28 31 47 22 38
internal_value=3.97881e-05 0.00236674 -0.00132983 0.00419873 -0.00450506 -0.0165306 -0.0100581
internal_weight=22.2303 18.067 14.3033 10.4886 6.6502 3.81472 4.16334
internal_count=250 183 156 106 78 50 67
is_linear=0
shrinkage=0.05


Tree=398
num_leaves=9
num_cat=0
split_feature=31 31 13 21 26 23 8 9
split_gain=0.248009 0.384054 0.442643 0.426993 0.690067 0.433279 0.311959 0.363362
threshold=-0.1696193232013079 -0.097973335178572415 69.923888621356937 0.00020139240034111608 0.018311682024720447 -0.00099286337003323655 0.0041181914676206794 182.72824897766117
decision_type=2 2 2 2 2 2 2 2
left_child=6 -2 3 5 -5 -3 7 -1
right_child=1 2 -4 4 -6 -7 -8 -9
leaf_value=0.012735482093071676 0.015267355554542804 0.00072945504864044275 -0.019396336184419445 0.0039308348054277924 -0.029107024956855715 0.022112397213207503 -0.020303939261365062 -0.012221532805404892
leaf_weight=2.7908934168517572 4.9469030573964146 5.8176246099174067 2.633147992193698 4.9924586191773406 2.3127279803156853 3.9964788928627977 2.9266153145581484 3.054860457777977
leaf_count=20 36 41 22 38 17 33 22 21
internal_value=0.000243863 0.00280882 -0.000311359 0.00262413 -0.00652853 0.00943697 -0.00697799 -0.000306497
internal_weight=33.4717 24.6993 19.7524 17.1193 7.30519 9.8141 8.77237 5.84575
internal_count=250 187 151 129 55 74 63 41
is_linear=0
shrinkage=0.05


Tree=399
num_leaves=11
num_cat=0
split_feature=16 21 15 6 32 6 2 25 27 21
split_gain=0.18949 0.32168 0.558151 0.271833 0.621654 0.452141 0.496928 0.601417 0.448359 0.0518011
threshold=0.0037703381678470343 0.0031394862378542059 0.0050881596682315648 1.1487420504224033 -0.27382870915070007 0.93949679644634798 0.0025121536596478537 0.0035624127750836236 0.0056873440761435754 -0.0013156020959724233
decision_type=2 2 2 2 2 2 2 2 2 2
left_child=1 2 -1 5 -5 6 -2 -8 -7 -4
right_child=3 -3 9 4 -6 8 7 -9 -10 -11
leaf_value=0.010140894646155592 -0.012448101059412155 0.0089105619874646474 -0.021396198417383494 0.029472288050912822 -0.0042024134184040565 -0.020367813456476674 0.027531600745561054 -0.0026422947924464122 0.0052166554293993535 -0.035669054102055828
leaf_weight=1.3125287201255589 2.6439576335251385 1.8257687762379644 1.0805279593914749 2.5482091084122658 2.9653830965980879 4.5601011961698523 3.4752388205379248 3.146670151501894 2.7421895144507289 1.5442177876830099
leaf_count=19 26 13 15 18 26 38 22 22 23 28
internal_value=-0.000362846 -0.00843671 -0.0164809 0.00174433 0.011361 -0.00145593 0.00587664 0.0131932 -0.0107602 -0.0297934
internal_weight=27.8448 5.76304 3.93727 22.0817 5.51359 16.5682 9.26587 6.62191 7.30229 2.62475
internal_count=250 75 62 175 44 131 70 44 61 43
is_linear=0
shrinkage=0.05


Tree=400
num_leaves=6
num_cat=0
split_feature=21 16 27 1 1
split_gain=0.210806 0.313445 0.296728 0.367802 0.422354
threshold=0.0041028034896761776 0.0029614993533720563 -0.025565756823225868 -0.0045093929214865538 0.0066108318049749046
decision_type=2 2 2 2 2
left_child=1 -1 -3 -4 -5
right_child=-2 2 3 4 -6
leaf_value=0.014857232793439618 -0.016392485349543271 -0.019996581862770695 0.017492754318378587 -0.0097689782879315026 0.0098995282892587449
leaf_weight=3.6061381287872853 1.7928768196143199 1.9007842587307173 2.7473050933331313 7.7025260913651294 4.2274765153415501
leaf_count=28 28 22 26 99 47
internal_value=3.82437e-05 0.00149771 -0.00140831 0.000998967 -0.00279931
internal_weight=21.9771 20.1842 16.5781 14.6773 11.93
internal_count=250 222 194 172 146
is_linear=0
shrinkage=0.05


Tree=401
num_leaves=9
num_cat=0
split_feature=28 31 0 31 28 27 3 12
split_gain=0.23983 0.498791 0.591957 0.358453 0.338749 0.399912 0.459705 0.528473
threshold=-0.010406029466580867 -0.20369610133638258 0.0010608805484804142 0.01483836798767498 0.0063923203327502795 -0.0031445754787510212 0.0026144552746122378 0.016675694758207127
decision_type=2 2 2 2 2 2 2 2
left_child=1 -1 3 -3 -2 -6 -7 -8
right_child=4 2 -4 -5 5 6 7 -9
leaf_value=-0.016522353723151386 -0.014473282547259348 0.0067765500437359768 -0.0030028911593632094 0.030531294934507798 0.013084430452762927 -0.020752538489361226 0.013568545256980494 -0.015368393360849603
leaf_weight=2.2031648680567733 5.0359940230846432 2.9331142008304578 5.2619421370327473 3.4631120134145021 4.4295351244509211 3.1505481489002687 4.0976479053497314 2.5657931137830019
leaf_count=17 39 20 39 26 32 24 32 21
internal_value=0.000279501 0.00529582 0.00941903 0.0196381 -0.00332707 0.000613828 -0.00501477 0.00242622
internal_weight=33.1409 13.8613 11.6582 6.39623 19.2795 14.2435 9.81399 6.66344
internal_count=250 102 85 46 148 109 77 53
is_linear=0
shrinkage=0.05


Tree=402
num_leaves=10
num_cat=0
split_feature=24 22 26 24 17 16 30 11 1
split_gain=0.187936 0.434459 0.58007 0.411137 0.354233 0.601823 0.377912 0.661797 0.440999
threshold=0.015935697666018548 0.0085163432706611992 -0.0019613125363632795 0.011384922219943474 -1.6217353416146792e-05 0.0059120405078420517 0.00070828999060523767 183.4865794372559 -0.0019976896169702214
decision_type=2 2 2 2 2 2 2 2 2
left_child=3 2 -2 4 5 -1 8 -8 -6
right_child=1 -3 -4 -5 6 -7 7 -9 -10
leaf_value=-0.031162643502522333 -0.036950620343673989 0.010531367566664535 0.00065134270752105613 0.017985506606433065 -0.0033319792678803794 0.0072519294160803263 -0.011956860621994754 0.019662808329822201 0.025843222420832521
leaf_weight=2.2853917581960639 1.9836717061698435 2.0815193597227335 2.12370398081839 3.3205749429762355 2.2855756767094135 1.84079098328948 6.4027318255975825 2.2315828753635287 2.9892537482082853
leaf_count=30 22 17 18 24 19 15 59 22 24
internal_value=-0.000405945 -0.00807792 -0.0175087 0.00181738 -0.00115942 -0.014025 0.00265718 -0.0037846 0.0132017
internal_weight=27.5448 6.1889 4.10738 21.3559 18.0353 4.12618 13.9091 8.63431 5.27483
internal_count=250 57 40 193 169 45 124 81 43
is_linear=0
shrinkage=0.05


Tree=403
num_leaves=8
num_cat=0
split_feature=3 25 25 24 20 32 13
split_gain=0.203184 0.513392 0.498046 0.456789 0.586987 0.443472 0.211887
threshold=-0.0029201122758016891 -1.0000000180025095e-35 -0.013357536330666551 -0.017078451661609147 0.065802742179996279 -0.31216786602352309 59.378244209699524
decision_type=2 2 2 2 2 2 2
left_child=1 -1 -2 -4 5 -5 -6
right_child=2 -3 3 4 6 -7 -8
leaf_value=-0.027714052694171994 0.023519930927898461 0.006119943550700742 0.016096570081920263 0.0035475997763539605 0.00020137843344708481 -0.020911605059520499 0.025130567770979606
leaf_weight=2.0692658126354218 2.4284950131550493 2.4471488278359201 3.118101736065003 2.8004085626453179 1.803090060129761 5.4789413497783137 1.6165653886273501
leaf_count=20 22 22 31 33 25 80 17
internal_value=5.91411e-05 -0.00938163 0.00253156 -0.000908388 -0.00544067 -0.0126385 0.0119861
internal_weight=21.762 4.51641 17.2456 14.8171 11.699 8.27935 3.41966
internal_count=250 42 208 186 155 113 42
is_linear=0
shrinkage=0.05


Tree=404
num_leaves=8
num_cat=0
split_feature=25 25 1 22 13 12 29
split_gain=0.249997 0.425401 0.397789 0.384109 0.514047 0.670374 0.481748
threshold=-0.012490013162696876 -0.0007289725619990527 0.0037154913085470924 -0.0072886065952298398 56.872859407589139 0.0141225906270085 0.00031498031954080302
decision_type=2 2 2 2 2 2 2
left_child=-1 2 -2 -3 6 -6 -5
right_child=1 3 -4 4 5 -7 -8
leaf_value=-0.012476623558328563 0.019425738717052866 -0.021015348312746686 -0.00045066763862362466 0.026512836716097461 -0.020929652982867961 0.004926265045093226 -0.00054216955480890987
leaf_weight=3.4282334847375742 5.3656245172023791 2.4601769223809269 4.7416817881166935 2.8344327025115517 4.6579812318086606 5.428485631942749 3.9221827760338783
leaf_count=30 35 22 34 23 40 40 26
internal_value=0.000301309 0.00179077 0.010101 -0.00256055 0.000135046 -0.00701413 0.0108075
internal_weight=32.8388 29.4106 10.1073 19.3033 16.8431 10.0865 6.75662
internal_count=250 220 69 151 129 80 49
is_linear=0
shrinkage=0.05


Tree=405
num_leaves=6
num_cat=0
split_feature=0 0 31 34 31
split_gain=0.190985 0.443561 0.331346 0.367379 0.442211
threshold=-0.0032192089313086698 -0.0015440340647152604 -0.1934474705809596 0.15040697685149831 0.15574889515352103
decision_type=2 2 2 2 2
left_child=-1 -2 -3 -4 -5
right_child=1 2 3 4 -6
leaf_value=0.0094956108851377771 -0.019315007690813492 0.01255400921202858 0.015545186977720416 -0.013246241859303141 0.0058188429765798563
leaf_weight=4.1690250448882606 3.2300547929480734 4.5238645318895658 2.3052530782297156 8.1302774921059591 4.8594369785860172
leaf_count=33 30 37 30 77 43
internal_value=-0.000352422 -0.00213371 0.000666483 -0.00284955 -0.00611402
internal_weight=27.2179 23.0489 19.8188 15.295 12.9897
internal_count=250 217 187 150 120
is_linear=0
shrinkage=0.05


Tree=406
num_leaves=8
num_cat=0
split_feature=19 16 26 34 34 26 24
split_gain=0.204042 0.35878 0.442115 0.509509 0.578556 0.441314 0.332722
threshold=0.035083059197488227 0.0029614993533720563 -0.0019613125363632795 0.40396951446877866 1.3938633070054414 -0.01796537404307413 0.00060575428328957248
decision_type=2 2 2 2 2 2 2
left_child=1 -1 5 -4 -5 -3 -2
right_child=6 2 3 4 -6 -7 -8
leaf_value=0.016346205262589102 -0.029215713015221245 -0.001199153210296006 0.018762016122155948 -0.027198457875702221 0.0053922769700621284 -0.036332079857387706 0.00072401659667728914
leaf_weight=3.6460032127797666 1.4534686054103065 2.0921749533154075 3.7362495716661144 1.9492104658856986 4.5183178447186947 1.5605518734082622 2.5665248753502965
leaf_count=27 29 28 28 31 47 22 38
internal_value=5.73142e-05 0.00239048 -0.00128163 0.00406203 -0.00443005 -0.016209 -0.010101
internal_weight=21.5225 17.5025 13.8565 10.2038 6.46753 3.65273 4.01999
internal_count=250 183 156 106 78 50 67
is_linear=0
shrinkage=0.05


Tree=407
num_leaves=8
num_cat=0
split_feature=23 23 11 29 21 26 2
split_gain=0.235273 0.369501 0.572609 0.433028 0.420242 0.301714 0.148026
threshold=-0.0073735535121085541 -0.0053980186425368051 183.69871932983401 -0.0028343717650526341 0.00055916833303382163 0.032064421348831147 -1.0000000180025095e-35
decision_type=2 2 2 2 2 2 2
left_child=5 -2 3 -3 -5 -1 -4
right_child=1 2 6 4 -6 -7 -8
leaf_value=-0.019467138158027905 0.01849590861137573 0.015831061907713041 -0.0073523336654643294 0.0076154837598503599 -0.0093845165342922934 0.0046915327648994112 -0.026044945919452018
leaf_weight=3.090995702892541 3.0634665861725834 5.3167413193732562 2.1344597861170769 7.305340910330413 7.2362262867391109 2.2210064753890038 2.1021990031003943
leaf_count=33 18 37 16 59 48 15 24
internal_value=0.000257423 0.00213972 6.01769e-05 0.00362039 -0.000844117 -0.00936613 -0.0166275
internal_weight=32.4704 27.1584 24.095 19.8583 14.5416 5.312 4.23666
internal_count=250 202 184 144 107 48 40
is_linear=0
shrinkage=0.05


Tree=408
num_leaves=9
num_cat=0
split_feature=16 25 28 19 20 22 12 22
split_gain=0.184841 0.298467 0.4412 0.253991 0.425863 0.365401 0.3695 0.317786
threshold=0.0037703381678470343 0.0061438142466270227 0.0046989568551698566 -0.054426371374941822 -0.070710886075212739 0.00085918318370781243 0.011249772241628349 0.005961149877537931
decision_type=2 2 2 2 2 2 2 2
left_child=1 2 -1 -2 -5 6 -6 -7
right_child=3 -3 -4 4 5 7 -8 -9
leaf_value=-0.035903279991975706 -0.0096808111281014939 0.0067350090401941459 -0.00040042641663917586 0.018584874598771669 -0.021738774762192645 0.020432726501855281 0.0035926226441231127 -0.00059698325819991342
leaf_weight=1.6731156716123252 3.9654635749757352 2.0352770402096212 1.8346557207405565 4.0339347571134647 2.9690976953133834 2.8523741811513901 2.7945118173956871 4.8525329269468784
leaf_count=32 36 21 22 27 31 21 22 38
internal_value=-0.000356749 -0.00849666 -0.0173344 0.00174499 0.00433369 6.53361e-05 -0.00945673 0.00718826
internal_weight=27.011 5.54305 3.50777 21.4679 17.5025 13.4685 5.76361 7.70491
internal_count=250 75 54 175 139 112 53 59
is_linear=0
shrinkage=0.05


Tree=409
num_leaves=9
num_cat=0
split_feature=30 29 23 7 14 7 23 19
split_gain=0.193513 0.491915 0.581274 0.461334 0.746391 0.45501 0.214298 0.332354
threshold=0.0068599290075537231 0.003175188418431341 -0.0040759159234969302 173.73339996337893 0.78643774720402915 183.40100021362306 -0.0027669954116248392 -0.0083345785689715162
decision_type=2 2 2 2 2 2 2 2
left_child=3 6 -3 -1 5 -5 -2 -8
right_child=1 2 -4 4 -6 -7 7 -9
leaf_value=-0.027531478155261614 0.028809101660599495 -0.026666841797268748 0.0082876338173765701 -0.03514820525025214 0.017575749723915093 -0.0026937414359288724 0.025245921160919851 -0.0045067433790504331
leaf_weight=1.8304533753544117 1.8508070884272454 2.0972279189154506 2.7475224868394434 1.5064320024102906 3.6088054017163813 3.8148847506381571 1.6288070231676104 2.2150811613537353
leaf_count=32 15 20 27 39 35 39 12 31
internal_value=5.20993e-05 0.00486762 -0.00684369 -0.00466446 2.27059e-05 -0.0118814 0.014831 0.00810063
internal_weight=21.3 10.5394 4.84475 10.7606 8.93012 5.32132 5.6947 3.84389
internal_count=250 105 47 145 113 78 58 43
is_linear=0
shrinkage=0.05


Tree=410
num_leaves=10
num_cat=0
split_feature=28 31 0 31 27 9 27 12 34
split_gain=0.233376 0.48042 0.539334 0.344001 0.312958 0.654186 0.506714 0.417842 0.638242
threshold=-0.010406029466580867 -0.20369610133638258 0.0010608805484804142 0.01483836798767498 -0.0026260437356631079 177.9173492431641 0.004165866948583786 0.016675694758207127 0.65617139131746327
decision_type=2 2 2 2 2 2 2 2 2
left_child=1 -1 3 -3 5 -2 -6 8 -8
right_child=4 2 -4 -5 6 -7 7 -9 -10
leaf_value=-0.016453422175840945 -0.013019536257310262 0.0065913852013021624 -0.0026570465002802648 0.030189213593550951 -0.027532984151907403 0.020246629396183796 -0.0098467844670452904 -0.018686741581623426 0.020018385959256809
leaf_weight=2.1362312696874133 2.5799845010042199 2.8702446743845922 5.0954895354807377 3.3433166686445475 2.5878275558352479 3.4595923963934183 3.9392169797793013 2.9249811312183738 3.27725775167346
leaf_count=17 20 20 39 26 20 26 34 22 26
internal_value=0.000264679 0.00529284 0.00940062 0.0192886 -0.0033373 0.006036 -0.00778459 -0.00274532 0.00371605
internal_weight=32.2141 13.4453 11.3091 6.21356 18.7689 6.03958 12.7293 10.1415 7.21647
internal_count=250 102 85 46 148 46 102 82 60
is_linear=0
shrinkage=0.05


Tree=411
num_leaves=8
num_cat=0
split_feature=0 0 30 17 29 26 23
split_gain=0.183906 0.418725 0.323465 0.575892 0.496079 0.383283 0.436238
threshold=-0.0032192089313086698 -0.0015440340647152604 0.0020930687228998273 7.2933706233463665e-05 0.00012071370189115084 -0.028138764563435611 -1.0000000180025095e-35
decision_type=2 2 2 2 2 2 2
left_child=-1 -2 5 4 -4 -3 -7
right_child=1 2 3 -5 -6 6 -8
leaf_value=0.0093418413288426441 -0.019041257057830101 -0.0076897243059619357 -0.02813878830878825 0.01258662681850025 -0.002657643230360475 0.030273515378795468 0.0013460006606792227
leaf_weight=4.1073886062949923 3.159645274281508 2.4635717365890741 2.9666766757145506 3.4394353795796624 5.3630997994914651 2.6863441579043865 2.5314163379371157
leaf_count=33 30 22 35 29 57 21 23
internal_value=-0.000390974 -0.00215905 0.000583386 -0.00462571 -0.0117328 0.00856468 0.0162392
internal_weight=26.7176 22.6102 19.4505 11.7692 8.32978 7.68133 5.21776
internal_count=250 217 187 121 92 66 44
is_linear=0
shrinkage=0.05


Tree=412
num_leaves=11
num_cat=0
split_feature=16 19 2 21 5 32 22 32 7 20
split_gain=0.19429 0.421425 0.629651 0.332332 0.578827 0.436867 0.276587 0.28941 0.00056463 9.77274e-05
threshold=0.0036961037130545417 -0.0083345785689715162 -0.0046348463764896977 -0.0040545534282730991 0.0030684211450683683 -0.035662668121894364 -0.0012032368139320291 -0.093948365971808001 184.09550018310549 -0.031745994280737315
decision_type=2 2 2 2 2 2 2 2 2 2
left_child=6 3 -3 -2 -5 -6 -1 -8 9 -4
right_child=1 2 8 4 5 -7 7 -9 -10 -11
leaf_value=-0.006615535254209156 0.021721268626656916 0.006415654052321855 -0.034810176824933835 0.019849417711408128 -0.026818457716602902 0.0057846585049272248 0.021229833468819889 -0.00059038714603451233 -0.035842509982596471 -0.033918589328603595
leaf_weight=3.1423812285065651 1.7343864650465546 1.5761134400963785 0.44287550635635886 1.9022008497267959 2.4871877487748857 1.7507033180445435 3.4472686816006899 2.7175858765840548 0.80630157515406597 1.00433408282697
leaf_count=26 12 15 15 15 37 18 25 21 11 55
internal_value=6.55394e-05 -0.00422202 -0.0178269 0.00239449 -0.00306473 -0.0133499 0.00545726 0.0116111 -0.0347822 -0.0341914
internal_weight=21.0113 11.7041 3.82962 7.87448 6.14009 4.23789 9.30724 6.16485 2.25351 1.44721
internal_count=250 178 96 82 70 55 72 46 81 70
is_linear=0
shrinkage=0.05


Tree=413
num_leaves=9
num_cat=0
split_feature=25 25 33 22 13 12 29 25
split_gain=0.231257 0.390197 0.370193 0.361851 0.471182 0.636482 0.450724 0.293646
threshold=-0.012490013162696876 -0.0007289725619990527 0.26500000000000007 -0.0072886065952298398 56.872859407589139 0.0141225906270085 0.00031498031954080302 -0.004740509207992293
decision_type=2 2 2 2 2 2 2 2
left_child=-1 2 -2 -3 6 -6 -5 -4
right_child=1 3 7 4 5 -7 -8 -9
leaf_value=-0.012205463378033162 0.022551802008174963 -0.020757294483092111 -0.007157462623825963 0.02608848466467514 -0.020599990021366393 0.0049665933367741381 -0.00053388928015637895 0.014776691713520744
leaf_weight=3.3196008559316423 3.6071970127522999 2.3692891001701417 3.4985020942986012 2.7221784740686372 4.5053438786417228 5.2957486361265182 3.8221145179122686 2.7062202095985413
leaf_count=30 25 22 25 23 40 40 26 19
internal_value=0.000284769 0.00173824 0.00981433 -0.00249597 0.000151034 -0.0067858 0.01054 0.00240923
internal_weight=31.8462 28.5266 9.81192 18.7147 16.3454 9.80109 6.54429 6.20472
internal_count=250 220 69 151 129 80 49 44
is_linear=0
shrinkage=0.05


Tree=414
num_leaves=8
num_cat=0
split_feature=29 27 23 19 23 19 6
split_gain=0.175782 0.403429 0.334713 0.451252 0.405858 0.735997 0.697338
threshold=-0.011664486998412603 0.024800363018661401 0.0045796882368773781 -0.0036221400615467632 -0.0044235722501997912 -0.030315482237622923 1.1330862531448631
decision_type=2 2 2 2 2 2 2
left_child=-1 2 4 -4 6 -6 -2
right_child=1 -3 3 -5 5 -7 -8
leaf_value=0.013565733932834676 -0.0048090613022049034 -0.018978162709367113 0.020571290141107073 -0.0063154591935465597 -0.03655114509631531 -0.0013625312398467557 0.02850464035834261
leaf_weight=2.0799728296697166 5.6389944963157239 2.9301752857863894 4.0401165969669819 2.5427546538412562 2.1384671023115578 4.8701168997213173 2.1774282045662403
leaf_count=18 51 35 30 24 26 49 17
internal_value=-0.00038579 -0.00157811 0.000803498 0.0101858 -0.0033626 -0.0120993 0.00447117
internal_weight=26.418 24.3381 21.4079 6.58287 14.825 7.00858 7.81642
internal_count=250 232 197 54 143 75 68
is_linear=0
shrinkage=0.05


Tree=415
num_leaves=8
num_cat=0
split_feature=19 16 26 34 34 26 26
split_gain=0.191798 0.340741 0.4074 0.463032 0.529914 0.411353 0.32654
threshold=0.035083059197488227 0.0029614993533720563 -0.0019613125363632795 0.40396951446877866 1.3938633070054414 -0.01796537404307413 -0.0016088617798273306
decision_type=2 2 2 2 2 2 2
left_child=1 -1 5 -4 -5 -3 -2
right_child=6 2 3 4 -6 -7 -8
leaf_value=0.0162350231235724 0.0031355541955225361 -0.0013774741378348018 0.018186618725832489 -0.026634752882702409 0.0051730702836476983 -0.036156278590835138 -0.02604907736507028
leaf_weight=3.5145692434161964 2.1370838545262818 2.0310655920766298 3.6124554248526621 1.863969071768224 4.4012052151374519 1.4623550260439557 1.737843251787125
leaf_count=27 31 28 28 31 47 22 36
internal_value=7.8973e-05 0.00238119 -0.00126028 0.00393007 -0.00429016 -0.015936 -0.00995329
internal_weight=20.7605 16.8856 13.3711 9.87763 6.26517 3.49342 3.87493
internal_count=250 183 156 106 78 50 67
is_linear=0
shrinkage=0.05


Tree=416
num_leaves=8
num_cat=0
split_feature=25 19 32 31 27 29 32
split_gain=0.224898 0.397021 0.387055 0.484202 0.511305 0.308257 0.295323
threshold=-0.018524975789588945 0.040467463007027978 -0.30025275855775407 0.22051856371467932 0.013147143999914348 0.0036902644695857583 -0.22955930697366506
decision_type=2 2 2 2 2 2 2
left_child=-1 2 5 4 -4 -2 -3
right_child=1 6 3 -5 -6 -7 -8
leaf_value=-0.014555567109625059 -0.02280244345366686 0.025317142422187397 -0.0074591716218523792 0.01941955801447745 0.015020854816460906 0.00023352347513988194 0.0034039976471769147
leaf_weight=2.3654426466673639 3.2906528618186774 2.6421314515173435 10.264303736388685 3.303064350038766 3.3566299751400939 2.5994464568793774 3.6777412444353095
leaf_count=24 28 21 78 22 27 21 29
internal_value=0.000271506 0.00147534 -0.00159671 0.00224535 -0.00191938 -0.0126361 0.0125652
internal_weight=31.4994 29.134 22.8141 16.924 13.6209 5.8901 6.31987
internal_count=250 226 176 127 105 49 50
is_linear=0
shrinkage=0.05


Tree=417
num_leaves=7
num_cat=0
split_feature=28 2 4 8 25 8
split_gain=0.176349 0.315729 0.645973 0.484335 0.413919 0.405701
threshold=0.069593755631414914 -0.0015655103236245636 0.005251074970357034 0.00020768248968327924 0.015367318666356879 0.0047789484831550861
decision_type=2 2 2 2 2 2
left_child=1 2 -1 -3 5 -5
right_child=-2 3 -4 4 -6 -7
leaf_value=-0.036670669188050321 0.0094578426269507753 0.019174603659812595 0.0014527598197096236 -0.0078723853356272386 -0.022988559666192399 0.0102120309039889
leaf_weight=1.8449496647808761 3.8717120187357059 3.0209903307259109 2.7936635296791792 6.5471603740006667 2.1663516005501142 5.8923112843185663
leaf_count=26 34 30 26 66 19 49
internal_value=-0.00039114 -0.00210377 -0.0137104 0.000950579 -0.00281878 0.000693815
internal_weight=26.1371 22.2654 4.63861 17.6268 14.6058 12.4395
internal_count=250 216 52 164 134 115
is_linear=0
shrinkage=0.05


Tree=418
num_leaves=8
num_cat=0
split_feature=3 25 25 20 24 13 16
split_gain=0.193466 0.463544 0.417731 0.420465 0.599075 0.44826 0.296805
threshold=-0.0029201122758016891 -1.0000000180025095e-35 -0.013357536330666551 0.05962952566492364 -0.012052754655787255 58.161939019989298 0.004033426204971313
decision_type=2 2 2 2 2 2 2
left_child=1 -1 -2 4 -4 -5 -6
right_child=2 -3 3 5 6 -7 -8
leaf_value=-0.027424834303829838 0.022352510193627446 0.005711098670546204 0.013005246938363309 -0.0067199983641444069 -0.0061409119357587576 0.027257590012159147 -0.027318506586195918
leaf_weight=1.9438774352893231 2.2871419377625051 2.3092640154063728 2.8885413692332831 1.670573550043627 4.4519125279039065 2.3170250095427036 2.6329493685625494
leaf_count=20 22 22 30 27 41 26 62
internal_value=6.00301e-05 -0.00943352 0.00254508 -0.000699849 -0.00618654 0.0130229 -0.0140111
internal_weight=20.5013 4.25314 16.2481 13.961 9.9734 3.9876 7.08486
internal_count=250 42 208 186 133 53 103
is_linear=0
shrinkage=0.05


Tree=419
num_leaves=9
num_cat=0
split_feature=28 13 24 13 33 28 31 0
split_gain=0.234167 0.382576 0.614883 0.397334 0.675586 0.329206 0.338185 0.424795
threshold=-0.0088934477351565993 49.550040541646901 0.01560440255260165 59.081528632906831 0.47500000000000003 -0.024131775791238704 -0.11489084073357421 0.0011457124692959566
decision_type=2 2 2 2 2 2 2 2
left_child=5 -2 3 -3 -5 6 -1 -8
right_child=1 2 -4 4 -6 -7 7 -9
leaf_value=-0.015260306530289702 0.0079411720202577068 -0.032284333696306552 0.0060715541231479474 -0.022568119346063086 0.015009956511005076 0.015828398512041153 0.018908375152765777 -0.0076148558997898843
leaf_weight=2.6906980872154227 5.1780889965593841 2.7089683413505536 4.7052048351615667 3.2194089945405722 1.9030762799084184 4.7605074215680387 3.113755900412797 2.9302786998450756
leaf_count=21 38 26 31 33 17 36 24 24
internal_value=0.000288132 -0.00349201 -0.00821433 -0.0167974 -0.00860733 0.0052502 -0.000515009 0.00604934
internal_weight=31.21 17.7147 12.5367 7.83145 5.12249 13.4952 8.73473 6.04403
internal_count=250 145 107 76 50 105 69 48
is_linear=0
shrinkage=0.05


Tree=420
num_leaves=8
num_cat=0
split_feature=16 23 24 23 28 23 27
split_gain=0.174161 0.478084 0.433571 0.418335 0.476473 0.467723 0.356907
threshold=0.0059697849598841632 -0.00095123756154930062 -0.015457737057011199 -0.0086735165594201673 -0.0010213444080534593 0.0080036353042441961 -0.0031445754787510212
decision_type=2 2 2 2 2 2 2
left_child=2 -2 -1 -4 6 -6 -5
right_child=1 -3 3 4 5 -7 -8
leaf_value=-0.01958003235951998 0.01818126645677088 -0.0061710406259378337 0.022545442742073041 0.0011002076277112144 -0.0050067199796585216 0.018958751800108996 -0.02976657971407147
leaf_weight=3.2659549601376101 3.9446250796318054 4.1208726242184621 1.886413671076302 1.5737715098075571 5.5645105419680387 3.2105518002063036 2.3127869502641287
leaf_count=37 30 37 16 17 55 23 35
internal_value=-0.000356786 0.00573904 -0.00311674 0.000579175 -0.00269351 0.00376158 -0.0172678
internal_weight=25.8795 8.0655 17.814 14.548 12.6616 8.77506 3.88656
internal_count=250 67 183 146 130 78 52
is_linear=0
shrinkage=0.05


Tree=421
num_leaves=8
num_cat=0
split_feature=21 27 16 22 23 33 3
split_gain=0.183658 0.281175 0.261701 0.499021 0.31348 0.278689 0.000336786
threshold=0.0041028034896761776 0.030911446345040065 0.0059697849598841632 -0.0092024519482153382 0.0045796882368773781 0.25500000000000006 -0.0018653079959010663
decision_type=2 2 2 2 2 2 2
left_child=1 2 4 -4 5 -1 -5
right_child=-2 -3 3 6 -6 -7 -8
leaf_value=-0.0058929756968171855 -0.015966137157650939 0.017811782228399201 0.014377698261793885 -0.036026700307799607 -0.013658919489017596 0.010748814437450335 -0.034390906771057252
leaf_weight=3.7458284185268074 1.6454971698112775 2.3038381375372401 0.8096965737640861 0.47838137112557899 2.7013397640548638 7.660571251064539 0.91938849887810525
leaf_count=41 28 21 8 7 37 72 36
internal_value=4.55128e-05 0.00146058 -0.000848346 -0.0168571 0.00165658 0.0052837 -0.0349508
internal_weight=20.2645 18.619 16.3152 2.20747 14.1077 11.4064 1.39777
internal_count=250 222 201 51 150 113 43
is_linear=0
shrinkage=0.05


Tree=422
num_leaves=8
num_cat=0
split_feature=23 23 11 24 28 26 21
split_gain=0.219695 0.347336 0.529594 0.378184 0.553677 0.281756 0.162205
threshold=-0.0073735535121085541 -0.0053980186425368051 183.69871932983401 -0.013767256148029259 -0.0088934477351565993 0.032064421348831147 0.0013112881169073944
decision_type=2 2 2 2 2 2 2
left_child=5 -2 3 -3 -5 -1 -4
right_child=1 2 6 4 -6 -7 -8
leaf_value=-0.01931756063380137 0.01843665456327323 -0.012273482337101153 -0.0070985201811965687 0.023102603338352165 0.0013683101394628479 0.0045813261857541544 -0.027256645468219459
leaf_weight=2.9299399107694652 2.900832533836371 3.1391360796988108 2.1578836143016806 3.8899532705545523 11.877248197793941 2.1297058910131454 1.8565009990707038
leaf_count=33 18 24 19 32 88 15 21
internal_value=0.000269133 0.00213595 7.2943e-05 0.00357508 0.00673041 -0.00925804 -0.0164209
internal_weight=30.8812 25.8216 22.9207 18.9063 15.7672 5.05965 4.01438
internal_count=250 202 184 144 120 48 40
is_linear=0
shrinkage=0.05


Tree=423
num_leaves=6
num_cat=0
split_feature=14 0 0 21 31
split_gain=0.172256 0.348695 0.345336 0.338425 0.347924
threshold=0.32917502104834462 -0.0032192089313086698 -0.0015440340647152604 0.0050382526484205057 -0.1934474705809596
decision_type=2 2 2 2 2
left_child=-1 -2 -3 4 -4
right_child=1 2 3 -5 -6
leaf_value=-0.011742936298616523 0.019016861708218813 -0.01737446458144664 0.012746612417468673 0.02011250942567127 -0.0051463617021424895
leaf_weight=2.9279580758884576 2.435815876349813 2.7800615802407327 3.5317441541701653 2.1627055425196877 11.774025902152045
leaf_count=31 20 28 30 16 125
internal_value=-0.000329588 0.00114358 -0.00100651 0.00159841 -0.00101763
internal_weight=25.6123 22.6844 20.2485 17.4685 15.3058
internal_count=250 219 199 171 155
is_linear=0
shrinkage=0.05


Tree=424
num_leaves=10
num_cat=0
split_feature=3 16 2 30 16 28 12 1 20
split_gain=0.179723 0.732407 0.625505 0.298083 0.324536 0.409945 0.4036 0.243055 5.43262e-05
threshold=0.018057137803906168 0.0035594704558886089 0.0088721437620499239 0.022410039908423388 0.0059697849598841632 0.066485840107594188 0.0048430441497842999 -0.0084325348672851224 -0.044341565688476851
decision_type=2 2 2 2 2 2 2 2 2
left_child=3 -2 -3 4 5 6 -1 -6 -9
right_child=1 2 -4 -5 7 -7 -8 8 -10
leaf_value=0.015470074921299939 0.038048547410355051 0.017171517270672159 -0.034881315257713458 -0.022324451041059235 0.0028986200102512965 -0.018425755326894288 -0.0038010273543096456 -0.034943507712056759 -0.034236409930747093
leaf_weight=5.8753914050757938 1.4279224649071687 1.2184494100511076 1.0965353106148539 1.6627148608677078 0.71523952204734076 1.9320652955211688 5.0540445381775498 0.49156553903594602 0.60714547359384496
leaf_count=47 10 12 31 16 8 24 62 11 29
internal_value=3.85107e-06 0.00988654 -0.00748427 -0.00226017 1.30915e-05 0.00280546 0.00655864 -0.0197857 -0.0345528
internal_weight=20.0811 3.74291 2.31498 16.3382 14.6755 12.8615 10.9294 1.81395 1.09871
internal_count=250 53 43 197 181 133 109 48 40
is_linear=0
shrinkage=0.05


Tree=425
num_leaves=8
num_cat=0
split_feature=31 31 13 21 4 23 16
split_gain=0.212073 0.376149 0.400259 0.404772 0.410416 0.382482 0.263133
threshold=-0.1696193232013079 -0.097973335178572415 69.923888621356937 0.00020139240034111608 0.0029623667849710028 -0.00099286337003323655 0.0043902317757849264
decision_type=2 2 2 2 2 2 2
left_child=6 -2 3 5 -5 -3 -1
right_child=1 2 -4 4 -6 -7 -8
leaf_value=0.003727870219643901 0.015597709142789802 0.00085031807804095659 -0.019272211631549341 0.0061957446436998118 -0.018680900578143721 0.021894842143489177 -0.014558698270674074
leaf_weight=3.4474030025303382 4.5517058139666942 5.3094263374805495 2.4504831936210385 3.1545652188360682 3.4947848543524742 3.6388580817729208 4.581681371666491
leaf_count=26 36 41 22 26 29 33 37
internal_value=0.000273081 0.00275294 -0.000486486 0.00246487 -0.006879 0.00940816 -0.0067071
internal_weight=30.6289 22.5998 18.0481 15.5976 6.64935 8.94828 8.02908
internal_count=250 187 151 129 55 74 63
is_linear=0
shrinkage=0.05


Tree=426
num_leaves=8
num_cat=0
split_feature=29 27 23 19 23 19 6
split_gain=0.166422 0.379877 0.291559 0.429214 0.366661 0.68866 0.646796
threshold=-0.011664486998412603 0.024800363018661401 0.0045796882368773781 -0.0036221400615467632 -0.0044235722501997912 -0.030315482237622923 1.1330862531448631
decision_type=2 2 2 2 2 2 2
left_child=-1 2 4 -4 6 -6 -2
right_child=1 -3 3 -5 5 -7 -8
leaf_value=0.013515818041716064 -0.0047020519944180258 -0.018769839295234712 0.020023841679894235 -0.0065691363866327681 -0.036314987330004198 -0.0012368515167675068 0.028049669306358816
leaf_weight=1.9859554283320928 5.4374005603604081 2.8200721135362974 3.8986810627393425 2.4841263070702544 1.9954860955476821 4.6821738597936857 2.0856515374034643
leaf_count=18 51 35 30 24 26 49 17
internal_value=-0.00038066 -0.00155987 0.000798002 0.00967411 -0.00319155 -0.0117193 0.00437786
internal_weight=25.3895 23.4036 20.5835 6.38281 14.2007 6.67766 7.52305
internal_count=250 232 197 54 143 75 68
is_linear=0
shrinkage=0.05


Tree=427
num_leaves=9
num_cat=0
split_feature=19 16 26 26 27 26 21 6
split_gain=0.179332 0.317317 0.364153 0.436289 0.45588 0.396157 0.309285 0.276259
threshold=0.035083059197488227 0.0029614993533720563 -0.0019613125363632795 0.018311682024720447 0.0068201055940260167 -0.01796537404307413 -0.00040527243065019419 1.0720289873670079
decision_type=2 2 2 2 2 2 2 2
left_child=1 -1 5 -4 -5 -3 -2 -8
right_child=6 2 3 4 -6 -7 7 -9
leaf_value=0.015878662940957567 -0.035669204396923553 -0.0010004123790096904 0.017269016462415038 -0.016102578765564198 0.01262915887963802 -0.036039458842764084 -0.017170657958838414 0.01421497019491625
leaf_weight=3.4029561318457189 0.88525989768095348 1.944081259891391 3.6414051796309579 3.5158889833837748 2.2732323966920376 1.3788124574348373 1.4290094873867922 1.3764699622988699
leaf_count=27 24 28 37 48 21 22 28 15
internal_value=4.17393e-05 0.00231336 -0.00130623 0.00370898 -0.0048204 -0.0155396 -0.00990237 -0.00177173
internal_weight=19.8471 16.1564 12.7534 9.43053 5.78912 3.32289 3.69074 2.80548
internal_count=250 183 156 106 69 50 67 43
is_linear=0
shrinkage=0.05


Tree=428
num_leaves=9
num_cat=0
split_feature=29 28 22 27 27 31 27 1
split_gain=0.208257 0.350351 0.351576 0.309649 0.45596 0.416207 0.411757 0.261393
threshold=0.01020575744528507 -0.010406029466580867 0.00050791732461208394 -0.0026260437356631079 0.004165866948583786 -0.017761918578757339 -0.012429725590470784 0.0045203252286408766
decision_type=2 2 2 2 2 2 2 2
left_child=1 2 7 6 -5 -6 -3 -1
right_child=-2 3 -4 4 5 -7 -8 -9
leaf_value=0.02421032644270675 -0.013633237562233599 -0.0072203116264250595 -0.0031917610001222885 -0.026832026891044899 0.0071838861900932836 -0.013857110042026128 0.021211432972355178 0.0046114465390955
leaf_weight=3.7809465825557762 2.4670173265039912 2.4871129300445318 4.0415092222392559 2.4062184952199415 5.1293318998068615 4.33789095282554 2.6095339432358804 3.0929534211754799
leaf_count=29 22 22 35 19 45 36 20 22
internal_value=0.000291125 0.00152301 0.00851103 -0.00297179 -0.00739683 -0.00245712 0.00733702 0.0153917
internal_weight=30.3525 27.8855 10.9154 16.9701 11.8734 9.46722 5.09665 6.8739
internal_count=250 228 86 142 100 81 42 51
is_linear=0
shrinkage=0.05


Tree=429
num_leaves=8
num_cat=0
split_feature=2 15 28 2 15 22 3
split_gain=0.164184 0.331769 0.400592 0.643869 0.38632 0.279764 0.486548
threshold=-0.0075171832316455181 0.0077411620165269155 -0.0032323439705244645 0.0098900339534048216 0.0051880448251898689 -0.0032360433571405607 0.016066445877240824
decision_type=2 2 2 2 2 2 2
left_child=-1 2 3 4 -2 -4 -7
right_child=1 -3 5 -5 -6 6 -8
leaf_value=-0.011730852346017652 -0.00053039375932758235 0.015459898770738417 0.020386880953231757 0.0083903207047212481 -0.029167256684809573 0.0092628130120090291 -0.016997928036102321
leaf_weight=2.8342442037537721 1.7321645247284392 3.3856485970318309 2.3195650465786501 3.1649788618087769 3.6792161278426647 5.3892134581692428 2.6219263914972544
leaf_count=30 28 29 18 30 37 53 25
internal_value=-0.000395664 0.00104547 -0.0015357 -0.00952341 -0.0200007 0.00509555 0.000668065
internal_weight=25.127 22.2927 18.9071 8.57636 5.41138 10.3307 8.01114
internal_count=250 220 191 95 65 96 78
is_linear=0
shrinkage=0.05


Tree=430
num_leaves=7
num_cat=0
split_feature=21 16 27 2 14 26
split_gain=0.179005 0.265473 0.24612 0.322903 0.626782 0.206597
threshold=0.0041028034896761776 0.0029614993533720563 -0.025565756823225868 -0.0015655103236245636 0.64093670027116534 0.0055780761190641357
decision_type=2 2 2 2 2 2
left_child=1 -1 -3 5 -5 -4
right_child=-2 2 3 4 -6 -7
leaf_value=0.014470017293323712 -0.016018067456559992 -0.019431883491681873 -0.0014078109865714428 -0.035494578465875594 0.001176813190376992 0.020088010025404245
leaf_weight=3.223822630941874 1.59259424638003 1.671994869364428 1.8611225346103335 1.3965961390640496 7.0327061286661774 2.7986135818064213
leaf_count=28 28 22 21 32 92 27
internal_value=4.86037e-05 0.00147134 -0.00136758 0.000939951 -0.00489903 0.0115025
internal_weight=19.5775 17.9849 14.761 13.089 8.4293 4.65974
internal_count=250 222 194 172 124 48
is_linear=0
shrinkage=0.05


Tree=431
num_leaves=7
num_cat=0
split_feature=25 25 1 22 5 0
split_gain=0.211267 0.335564 0.356171 0.332717 0.431016 0.398944
threshold=-0.012490013162696876 -0.0007289725619990527 0.0037154913085470924 -0.0072886065952298398 0.0027081159068422719 0.0018542999402341167
decision_type=2 2 2 2 2 2
left_child=-1 2 -2 -3 -5 -6
right_child=1 3 -4 4 5 -7
leaf_value=-0.012040919051107088 0.018560854541009336 -0.020546939422472023 -0.001001307235383102 -0.018202825359176927 -0.0017886704939077285 0.017422584401886192
leaf_weight=3.1096128653734949 4.9590634107589775 2.1965501271188321 4.3836976364254951 2.6243860712274829 8.9019618984311801 3.8802609555423251
leaf_count=30 35 22 34 22 74 33
internal_value=0.000299123 0.00172319 0.00938213 -0.00234175 0.000253804 0.00404323
internal_weight=30.0555 26.9459 9.34276 17.6032 15.4066 12.7822
internal_count=250 220 69 151 129 107
is_linear=0
shrinkage=0.05


Tree=432
num_leaves=8
num_cat=0
split_feature=16 23 24 23 28 23 27
split_gain=0.163554 0.444204 0.400291 0.396616 0.410459 0.418901 0.338915
threshold=0.0059697849598841632 -0.00095123756154930062 -0.015457737057011199 -0.0086735165594201673 -0.0010213444080534593 0.0080036353042441961 -0.0031445754787510212
decision_type=2 2 2 2 2 2 2
left_child=2 -2 -1 -4 6 -6 -5
right_child=1 -3 3 4 5 -7 -8
leaf_value=-0.019273480189551735 0.017878981406558813 -0.0060762787573721295 0.022192193529298743 0.0013882878111272209 -0.0051174952129115214 0.017992381743296738 -0.029210453601681605
leaf_weight=3.1369039807468715 3.7834196798503399 3.9613764872774473 1.8296534791588825 1.5409305007196965 5.3693644944578303 3.0890163592994213 2.192615665029737
leaf_count=37 30 37 16 17 55 23 35
internal_value=-0.000405117 0.00562613 -0.00312743 0.000484756 -0.0027729 0.00332227 -0.0165816
internal_weight=24.9033 7.7448 17.1585 14.0216 12.1919 8.45838 3.73355
internal_count=250 67 183 146 130 78 52
is_linear=0
shrinkage=0.05


Tree=433
num_leaves=7
num_cat=0
split_feature=3 25 3 24 26 14
split_gain=0.176275 0.423172 0.398198 0.435593 0.534051 0.436612
threshold=-0.0029201122758016891 -1.0000000180025095e-35 0.0011718597822201195 -0.017078451661609147 0.033085713841337967 0.79575363766126694
decision_type=2 2 2 2 2 2
left_child=1 -1 -2 -4 5 -5
right_child=2 -3 3 4 -6 -7
leaf_value=-0.027059596448001034 0.018511306301054249 0.0056128148239230936 0.016811735087076701 -0.014492940302712668 -0.035325657761146309 0.0084880677556846817
leaf_weight=1.8235446158796551 3.0965226842090479 2.170843766070905 2.5594084868207565 3.6948274690657836 1.3684608382172871 4.6905954545363784
leaf_count=20 32 22 30 60 29 57
internal_value=5.73246e-05 -0.00930301 0.00248362 -0.00154699 -0.0063643 -0.00163794
internal_weight=19.4042 3.99439 15.4098 12.3133 9.75388 8.38542
internal_count=250 42 208 176 146 117
is_linear=0
shrinkage=0.05


Tree=434
num_leaves=9
num_cat=0
split_feature=23 23 11 1 13 1 26 2
split_gain=0.207093 0.558559 0.464465 0.337255 0.491985 0.433331 0.251259 0.138834
threshold=-0.0073735535121085541 -0.0057079269505725385 183.69871932983401 0.0053686854489373168 65.439168776898029 0.00034805707346818876 0.032064421348831147 -1.0000000180025095e-35
decision_type=2 2 2 2 2 2 2 2
left_child=6 -2 3 5 -5 -3 -1 -4
right_child=1 2 7 4 -6 -7 -8 -9
leaf_value=-0.018734554586443113 0.025366112898415973 0.00061983783715916581 -0.0066973927783759157 -0.021903485756701035 0.0064105454771066443 0.019915370516116138 0.0041516877565940385 -0.02563417691535453
leaf_weight=2.8418989107012775 2.3470674455165925 7.9026566948741692 1.9653581008315089 2.8297362923622122 3.3511432707309723 4.6053318306803703 2.0748160257935524 1.9070592578500498
leaf_count=33 15 65 16 24 23 35 15 24
internal_value=0.000300969 0.00215205 -0.000262921 0.00300269 -0.00655221 0.00772428 -0.00907674 -0.0160232
internal_weight=29.8251 24.9084 22.5613 18.6889 6.18088 12.508 4.91671 3.87242
internal_count=250 202 187 147 47 100 48 40
is_linear=0
shrinkage=0.05


Tree=435
num_leaves=6
num_cat=0
split_feature=14 0 0 5 7
split_gain=0.167551 0.310376 0.329464 0.325831 0.493853
threshold=0.32917502104834462 -0.0032192089313086698 -0.0015440340647152604 0.0046355379025429704 180.42219924926761
decision_type=2 2 2 2 2
left_child=-1 -2 -3 4 -4
right_child=1 2 3 -5 -6
leaf_value=-0.011813195976296782 0.018328189570228193 -0.017299673042233819 -0.013673755275955921 0.014509660285237411 0.0060842234660593436
leaf_weight=2.8210970142390606 2.343311168253428 2.6555114509537878 5.4045651406049675 3.8109041824936858 7.6242275517433882
leaf_count=31 20 28 55 34 82
internal_value=-0.000346123 0.00113519 -0.000931396 0.00164978 -0.00211172
internal_weight=24.6596 21.8385 19.4952 16.8397 13.0288
internal_count=250 219 199 171 137
is_linear=0
shrinkage=0.05


Tree=436
num_leaves=7
num_cat=0
split_feature=21 27 34 6 21 21
split_gain=0.168893 0.261919 0.223153 0.269984 0.46889 0.385816
threshold=0.0041028034896761776 0.030911446345040065 1.9321807914062326 1.1172007189306246 0.0010274306455388962 0.0010122883526219042
decision_type=2 2 2 2 2 2
left_child=1 2 3 4 -1 -5
right_child=-2 -3 -4 5 -6 -7
leaf_value=0.0058344983979815015 -0.015808276695602055 0.017613438570086074 0.013451073175458871 -0.031425782622022544 -0.022022171693348271 0.003674216362143443
leaf_weight=8.0954847785178625 1.5530267735011865 2.1804399741813532 2.3047126401215783 1.7923313719220453 1.8571529102046032 1.3901034072041509
leaf_count=92 28 21 30 33 32 14
internal_value=-1.46536e-06 0.00139173 -0.000899136 -0.00341706 0.00063647 -0.0160939
internal_weight=19.1733 17.6202 15.4398 13.1351 9.95264 3.18243
internal_count=250 222 201 171 124 47
is_linear=0
shrinkage=0.05


Tree=437
num_leaves=10
num_cat=0
split_feature=31 4 13 20 3 26 21 7 14
split_gain=0.207771 0.324232 0.537022 0.458435 0.457061 0.523006 0.484715 0.292571 0.257837
threshold=-0.1696193232013079 0.003448899867239967 60.933609708244667 0.083074559037394594 0.0098554302900960584 0.018311682024720447 -0.0007087950948867493 183.36825103759767 0.71303016630882154
decision_type=2 2 2 2 2 2 2 2 2
left_child=8 4 3 -3 6 -6 -2 -8 -1
right_child=1 2 -4 -5 5 -7 7 -9 -10
leaf_value=0.00077279701789311742 0.019772172157304223 -0.013981443798532063 0.027193330837886932 0.018275902821169501 -5.3208706332899758e-05 -0.029798267542504843 0.0079845741546167165 -0.01792015048912143 -0.017747414513593365
leaf_weight=4.6537411762401488 3.616976041346792 2.524020191282033 3.0897509381175041 1.9542334508150814 3.7157427351921797 2.4536598119884729 2.176864027976988 2.1830061245709658 3.1522374898195267
leaf_count=37 27 29 23 17 32 19 17 23 26
internal_value=0.000290085 0.00280512 0.0111584 9.51117e-05 -0.00166373 -0.0118832 0.00624019 -0.00498604 -0.0067061
internal_weight=29.5202 21.7143 7.568 4.47825 14.1462 6.1694 7.97685 4.35987 7.80598
internal_count=250 187 69 46 118 51 67 40 63
is_linear=0
shrinkage=0.05


Tree=438
num_leaves=7
num_cat=0
split_feature=14 29 24 24 0 16
split_gain=0.166422 0.299397 0.400555 0.480077 0.315801 0.249441
threshold=0.95059318943456372 -0.0093031486362166165 0.015935697666018548 0.010945829652386998 0.0018155390695802078 0.0048840628172960093
decision_type=2 2 2 2 2 2
left_child=1 -1 3 4 -3 -4
right_child=-2 2 5 -5 -6 -7
leaf_value=0.017000357641003338 0.0092429773032883921 0.00057610536273481944 -0.031845507522952156 0.019458057874371187 -0.017469591366003085 -0.0067203710036675898
leaf_weight=1.8614212181419194 3.8147421255707732 8.8715546492021549 1.8037724718451493 2.5603181067854157 3.336103026289492 2.1838472094386816
leaf_count=20 30 98 25 20 37 20
internal_value=-0.000350548 -0.00212563 -0.00402381 -0.000226882 -0.00435541 -0.0180856
internal_weight=24.4318 20.617 18.7556 14.768 12.2077 3.98762
internal_count=250 220 200 155 135 45
is_linear=0
shrinkage=0.05


Tree=439
num_leaves=9
num_cat=0
split_feature=30 30 26 31 25 13 20 2
split_gain=0.168173 0.387412 0.564391 0.408903 0.375867 0.347869 0.284375 0.240238
threshold=0.020731968326248244 0.0068599290075537231 -0.0070349264332598685 0.22051856371467932 -0.0025020179624143375 58.161939019989298 0.069111618805610134 -0.00084791142719176083
decision_type=2 2 2 2 2 2 2 2
left_child=1 3 -3 4 6 -6 -1 -4
right_child=-2 2 7 -5 5 -7 -8 -9
leaf_value=-0.028339781933263575 -0.011765267214773799 -0.013518714444340142 0.030884816211920376 -0.025108601983665109 -0.0085373026786344283 0.019640279205562911 0.0029383499537165821 0.0091228178356642826
leaf_weight=1.5314644020982124 2.6043656053952864 1.7464697496034203 2.4081931561231613 1.9353419861290602 1.7267697867937402 2.9954092209227383 1.3828782341443 2.6789879999123505
leaf_count=27 30 24 16 28 34 37 19 35
internal_value=3.80033e-05 0.00191177 0.0110053 -0.0045804 0.000622107 0.00933652 -0.0134981 0.0194246
internal_weight=19.0099 16.4055 6.83365 9.57186 7.63652 4.72218 2.91434 5.08718
internal_count=250 220 75 145 117 71 46 51
is_linear=0
shrinkage=0.05


Tree=440
num_leaves=8
num_cat=0
split_feature=20 20 24 34 19 23 11
split_gain=0.206335 0.334053 0.234906 0.4977 0.594805 0.447209 0.781867
threshold=-0.15811136404967388 -0.1007623332812959 -0.00093329779586320816 -0.05051460574665808 0.040467463007027978 -0.00095123756154930062 183.58015914916996
decision_type=2 2 2 2 2 2 2
left_child=-1 -2 3 -3 -5 -4 -7
right_child=1 2 5 4 -6 6 -8
leaf_value=0.014819232652841864 -0.019495168904463483 0.028051631151652906 -0.018243007547949899 -0.0071764281156363784 0.023268540336012201 0.010425848526101525 -0.019535328580840228
leaf_weight=2.2488408535718944 2.2265510298311773 2.1231934987008581 3.754631629213697 6.0473458450287634 2.1835678666830063 7.5876802206039251 3.0538730463013053
leaf_count=21 18 17 34 52 20 59 29
internal_value=0.000268328 -0.000944663 0.000724151 0.00646788 0.000900276 -0.00340689 0.0018277
internal_weight=29.2257 26.9768 24.7503 10.3541 8.23091 14.3962 10.6416
internal_count=250 229 211 89 72 122 88
is_linear=0
shrinkage=0.05


Tree=441
num_leaves=8
num_cat=0
split_feature=4 3 3 3 29 17 33
split_gain=0.159826 0.242914 0.793107 0.581996 0.437778 0.343727 0.383335
threshold=0.0022590931055132464 0.0086687851114621867 0.013010550559635294 0.0050254096206036056 0.0010558219587901709 0.00011690046661096193 0.59500000000000008
decision_type=2 2 2 2 2 2 2
left_child=-1 3 -3 5 -4 6 -2
right_child=1 2 4 -5 -6 -7 -8
leaf_value=-0.012505400385541486 0.0044914501148267828 0.024645509527605722 -0.015532456818936677 -0.029230502715004165 0.0078991932630084038 0.018634278571544052 -0.022115996617303846
leaf_weight=2.4223986365832415 3.826026053400712 3.8140594437718383 3.7442911770194751 1.9480317486450065 4.2627659253776073 2.097011735662818 2.0948253981769085
leaf_count=36 42 31 35 23 39 17 27
internal_value=-0.000321761 0.00103288 0.00588048 -0.00471713 -0.00305801 0.00123868 -0.00492239
internal_weight=24.2094 21.787 11.8211 9.96589 8.00706 8.01786 5.92085
internal_count=250 214 105 109 74 86 69
is_linear=0
shrinkage=0.05


Tree=442
num_leaves=8
num_cat=0
split_feature=3 25 25 20 24 13 34
split_gain=0.161148 0.392085 0.385989 0.354691 0.494161 0.362925 0.27345
threshold=-0.0029201122758016891 -1.0000000180025095e-35 -0.013357536330666551 0.05962952566492364 -0.012052754655787255 58.161939019989298 2.0125644271874923
decision_type=2 2 2 2 2 2 2
left_child=1 -1 -2 4 -4 -5 -6
right_child=2 -3 3 5 6 -7 -8
leaf_value=-0.026637548877500878 0.022365912228381878 0.0054282409985626154 0.011897495257380071 -0.0061529096641708839 -0.019623048927392368 0.025794696596501156 0.0037863764401171139
leaf_weight=1.7439332855865362 2.077132474631072 2.1028101220726994 2.6966943927109233 1.5364067738410097 4.817579568829383 2.1095055271871388 1.6833923109807072
leaf_count=20 22 22 30 27 85 26 18
internal_value=1.60045e-05 -0.00910889 0.00236851 -0.000865573 -0.00609695 0.0123318 -0.0135613
internal_weight=18.7675 3.84674 14.9207 12.8436 9.19767 3.64591 6.50097
internal_count=250 42 208 186 133 53 103
is_linear=0
shrinkage=0.05


Tree=443
num_leaves=8
num_cat=0
split_feature=23 23 11 24 28 26 2
split_gain=0.199828 0.517574 0.419252 0.328263 0.440989 0.229875 0.134428
threshold=-0.0073735535121085541 -0.0057079269505725385 183.69871932983401 -0.013767256148029259 -0.0088934477351565993 0.032064421348831147 -1.0000000180025095e-35
decision_type=2 2 2 2 2 2 2
left_child=5 -2 3 -3 -5 -1 -4
right_child=1 2 6 4 -6 -7 -8
leaf_value=-0.018515370950369432 0.024809212126978675 -0.012392726475414608 -0.006205849054739818 0.020273949152659117 0.00082000758835314245 0.0037555529179850869 -0.025188988591122986
leaf_weight=2.7454695329070118 2.2733232676982942 2.9478017240762808 1.9005534797906878 3.9253002144396403 11.296667471528034 2.0046901293098927 1.8311274275183667
leaf_count=33 15 24 16 34 89 15 24
internal_value=0.000258921 0.00210111 -0.000255938 0.00287914 0.00583661 -0.00911647 -0.0155208
internal_weight=28.9249 24.1748 21.9015 18.1698 15.222 4.75016 3.73168
internal_count=250 202 187 147 123 48 40
is_linear=0
shrinkage=0.05


Tree=444
num_leaves=10
num_cat=0
split_feature=16 23 17 31 28 3 0 15 14
split_gain=0.167536 0.394987 0.359219 0.424909 0.313647 0.482188 0.462714 0.352609 0.453911
threshold=0.0059697849598841632 -0.00095123756154930062 -1.6217353416146792e-05 1.0000000180025095e-35 -0.0067650090957211409 0.013694208017028366 0.0025248110765860869 0.0068522219450024638 0.68492476317079609
decision_type=2 2 2 2 2 2 2 2 2
left_child=2 -2 3 -1 5 6 -4 8 -6
right_child=1 -3 4 -5 7 -7 -8 -9 -10
leaf_value=-0.00081918598009602371 0.017712288511322196 -0.0052504379432714602 -0.014674902489746719 -0.036795982513669036 -0.018035850617885263 -0.028140464610615104 0.022008704827077129 0.02352792731399617 0.011626709705818613
leaf_weight=1.7333215316757606 3.6518936976790428 3.843962467275559 1.8106784541159906 1.5587820699438451 2.1036399547010625 1.9959378773346541 1.6366068883799014 2.2932483237236738 3.3333499580621719
leaf_count=21 30 37 28 24 23 22 15 21 29
internal_value=-0.000259757 0.00593673 -0.00308067 -0.0178539 0.000611213 -0.00858288 0.00274073 0.00708521 0.000149891
internal_weight=23.9614 7.49586 16.4656 3.2921 13.1735 5.44322 3.44729 7.73024 5.43699
internal_count=250 67 183 45 138 65 43 73 52
is_linear=0
shrinkage=0.05


Tree=445
num_leaves=11
num_cat=0
split_feature=16 19 2 21 5 32 24 0 7 22
split_gain=0.163974 0.365817 0.543014 0.278144 0.494563 0.340659 0.248735 0.257492 0.000365328 6.50462e-05
threshold=0.0036961037130545417 -0.0083345785689715162 -0.0046348463764896977 -0.0040545534282730991 0.0030684211450683683 -0.035662668121894364 1.0000000180025095e-35 0.00038406562544501815 184.09550018310549 -0.002301899024704845
decision_type=2 2 2 2 2 2 2 2 2 2
left_child=6 3 -3 -2 -5 -6 -1 -8 9 -4
right_child=1 2 8 4 5 -7 7 -9 -10 -11
leaf_value=-0.0052890225665007604 0.021101414672450674 0.0061141021456964434 -0.034505992249894722 0.019329929681528052 -0.025927974962509759 0.0049200467780942912 0.0012836762769289703 0.024173030861658475 -0.035523681084785014 -0.033783365390979231
leaf_weight=3.3369096256792563 1.5398334024939684 1.3981848247349264 0.56452733348123718 1.7000672370195387 2.1782101886346936 1.5191258518025281 2.5307718180119991 2.3880663029849529 0.71322626620531071 0.69454234931617786
leaf_count=31 12 15 20 15 37 18 21 20 11 50
internal_value=-2.82249e-06 -0.00420839 -0.0177219 0.0023572 -0.00299037 -0.0132534 0.00524804 0.0123963 -0.0346195 -0.0341074
internal_weight=18.5635 10.3077 3.37048 6.93724 5.3974 3.69734 8.25575 4.91884 1.9723 1.25907
internal_count=250 178 96 82 70 55 72 41 81 70
is_linear=0
shrinkage=0.05


Tree=446
num_leaves=8
num_cat=0
split_feature=31 31 13 21 11 4 14
split_gain=0.201567 0.317409 0.387934 0.356338 0.36643 0.339226 0.249229
threshold=-0.1696193232013079 -0.097973335178572415 69.923888621356937 0.00020139240034111608 183.11230972290042 0.0030487661279071558 0.71303016630882154
decision_type=2 2 2 2 2 2 2
left_child=6 -2 3 5 -5 -3 -1
right_child=1 2 -4 4 -6 -7 -8
leaf_value=0.00070088529628373804 0.015005026079810564 -0.00041370766831601898 -0.019357137054034711 0.003123227202049756 -0.022032128193478662 0.019727967613367994 -0.017760317116274578
leaf_weight=4.520169683732095 4.2171213813126149 4.2866193838417512 2.3120653368532649 3.8034390062093726 2.337295706383884 4.0802375338971615 3.0697330646216869
leaf_count=37 36 34 22 28 27 40 26
internal_value=0.000219255 0.00273939 -0.000335927 0.00269547 -0.00645144 0.00940872 -0.00676574
internal_weight=28.6267 21.0368 16.8197 14.5076 6.14073 8.36686 7.5899
internal_count=250 187 151 129 55 74 63
is_linear=0
shrinkage=0.05


Tree=447
num_leaves=9
num_cat=0
split_feature=8 16 31 8 10 30 29 29
split_gain=0.159656 0.276669 0.390206 0.510973 0.418149 0.357086 0.404317 0.493187
threshold=-0.0037264772288819123 0.0047460775807552221 -0.18825226506411843 0.00053022615456805135 0.0097889088083185135 -0.0046712686240251147 -0.0041996269075724171 0.0020926648787336082
decision_type=2 2 2 2 2 2 2 2
left_child=-1 5 -3 -4 -5 -2 -7 -8
right_child=1 2 3 4 -6 6 7 -9
leaf_value=-0.010406498838998074 0.011643564334301013 0.024816738622361903 0.019577513832501073 -0.019449409731217858 0.0094795553878632283 0.011875869527029598 -0.032762687882525419 -0.0035236773194071876
leaf_weight=3.3372996994294253 2.565348947420719 2.4033913072198629 2.6572952158749086 3.0051258010789752 2.1376784518361092 1.655593985691669 2.529785353224721 3.3546553119085729
leaf_count=36 26 21 21 33 16 16 37 44
internal_value=-0.000271401 0.00139407 0.00720184 0.00177428 -0.00742468 -0.00447008 -0.00995243 -0.0160938
internal_weight=23.6462 20.3089 10.2035 7.8001 5.1428 10.1054 7.54003 5.88444
internal_count=250 214 91 70 49 123 97 81
is_linear=0
shrinkage=0.05


Tree=448
num_leaves=6
num_cat=0
split_feature=21 12 16 34 13
split_gain=0.162099 0.244941 0.50087 0.409673 0.335544
threshold=0.0041028034896761776 -0.00033154011087706861 0.0029614993533720563 0.44940629041341845 57.122273123638756
decision_type=2 2 2 2 2
left_child=1 -1 -3 -4 -5
right_child=-2 2 3 4 -6
leaf_value=-0.0099218627258304461 -0.015948828795228392 0.027231614569143497 0.017653521682302924 -0.026901496786035307 -0.000437267959281127
leaf_weight=3.7208534097299024 1.4625588725320984 2.0628167483955631 2.6251658136025062 1.4444556992966662 7.0132330534979701
leaf_count=36 28 22 25 43 96
internal_value=1.90229e-05 0.00140365 0.00460932 0.0003987 -0.00495699
internal_weight=18.3291 16.8665 13.1457 11.0829 8.45769
internal_count=250 222 186 164 139
is_linear=0
shrinkage=0.05


Tree=449
num_leaves=9
num_cat=0
split_feature=20 1 30 12 19 26 26 2
split_gain=0.190059 0.313832 0.45448 0.354354 0.293092 0.484389 0.562611 0.248745
threshold=-0.15811136404967388 0.0052008089819738377 0.0064075205522092791 0.019010720244459409 0.025043031011993792 -0.017482027324603407 0.010612370777896231 0.00052523542007965063
decision_type=2 2 2 2 2 2 2 2
left_child=-1 4 3 -3 5 -2 -7 -6
right_child=1 2 -4 -5 7 6 -8 -9
leaf_value=0.014405307892692369 -0.018137200326762557 -0.013835390591396268 -0.024049700529963376 0.01172756636110712 0.0225768851609119 0.021510752104502654 -0.0044992605471427033 0.00055114750762028911
leaf_weight=2.1779296584427383 3.1829295009374681 2.5248143188655359 3.1150710210204124 2.9276339821517467 2.8949539288878432 3.1780562922358495 6.0121895056217909 2.3004257855936885
leaf_count=21 27 23 26 23 24 29 52 25
internal_value=0.000214343 -0.000968196 -0.00881402 -0.000109633 0.00285792 -0.00132686 0.0044952 0.0128243
internal_weight=28.314 26.1361 8.56752 5.45245 17.5686 12.3732 9.19025 5.19538
internal_count=250 229 72 46 157 108 81 49
is_linear=0
shrinkage=0.05


Tree=450
num_leaves=10
num_cat=0
split_feature=19 29 29 3 8 31 25 22 12
split_gain=0.157749 0.302538 0.287575 0.456143 0.557512 0.358096 0.535633 0.245123 0.215159
threshold=-0.054426371374941822 0.0094423661162700307 0.00066787763764009089 0.013010550559635294 -0.0037264772288819123 -0.14566050991768056 0.0012177978034709771 0.0012587613250992782 0.021480078808738329
decision_type=2 2 2 2 2 2 2 2 2
left_child=1 -1 3 4 -2 -4 -7 -6 -5
right_child=2 -3 5 8 7 6 -8 -9 -10
leaf_value=-0.023223740783905721 -0.020665738386782671 0.0046144689965286747 0.021599213431508571 -0.028815550010009572 -0.00029252651733215041 -0.021758810721159424 0.013260433631399282 0.020477146412166185 -0.0056761801633117481
leaf_weight=1.9728750614449411 1.7813193514011834 1.9314460009336469 3.2641362436115742 1.9790080972015855 2.5369837945327145 1.7587482016533602 2.8799661980010569 3.2282040840946138 2.0403511766344309
leaf_count=28 20 17 27 21 29 25 31 33 19
internal_value=-0.000279743 -0.00945233 0.00155976 -0.00346343 0.00378321 0.00891123 -1.69591e-05 0.0113374 -0.0170693
internal_weight=23.373 3.90432 19.4687 11.5659 7.54651 7.90285 4.63871 5.76519 4.01936
internal_count=250 45 205 122 82 83 56 62 40
is_linear=0
shrinkage=0.05


Tree=451
num_leaves=7
num_cat=0
split_feature=21 27 9 16 22 21
split_gain=0.152678 0.232147 0.200307 0.357544 0.377607 0.223999
threshold=0.0041028034896761776 0.030911446345040065 171.86642074584964 0.0057031696737131028 0.00050791732461208394 -0.0046958093671182746
decision_type=2 2 2 2 2 2
left_child=1 2 -1 4 -4 -5
right_child=-2 -3 3 5 -6 -7
leaf_value=0.015480438840132914 -0.015546051474221565 0.017090598852315311 -0.0081910917589359793 0.0016013352964825058 0.010335461590593006 -0.034734386190221178
leaf_weight=1.666597125120467 1.4485825300216664 2.0601307107135645 5.8406847366131824 0.63106170296668995 5.1981744435615838 1.2936153116170306
leaf_count=22 28 21 70 10 56 43
internal_value=2.48273e-05 0.00137626 -0.000836547 -0.00293426 0.000533021 -0.0228207
internal_weight=18.1388 16.6903 14.6301 12.9635 11.0389 1.92468
internal_count=250 222 201 179 126 53
is_linear=0
shrinkage=0.05


Tree=452
num_leaves=9
num_cat=0
split_feature=28 31 0 28 13 13 25 31
split_gain=0.189932 0.395854 0.434292 0.306415 0.321642 0.73875 0.361004 0.287171
threshold=-0.010406029466580867 -0.20369610133638258 0.0010608805484804142 0.0063923203327502795 49.550040541646901 58.161939019989298 -0.0007289725619990527 0.01483836798767498
decision_type=2 2 2 2 2 2 2 2
left_child=1 -1 7 -2 -5 -6 -7 -3
right_child=3 2 -4 4 5 6 -8 -9
leaf_value=-0.015888439370191482 -0.01466966071369088 0.0062686420787282709 -0.0025726594775151036 0.013620258073887762 -0.028450706566136987 0.019154075872798437 -0.0053774443727150666 0.029390322431664031
leaf_weight=1.8840787075459946 4.3263279246166375 2.5118188820779341 4.3707937058061361 3.4958569295704356 2.3216978386044484 2.5287020462565142 3.6853712713345868 2.8856509448960423
leaf_count=17 39 20 39 27 24 23 35 26
internal_value=0.000217353 0.00509565 0.00914301 -0.00325763 0.000845904 -0.00438588 0.0046052 0.0186302
internal_weight=28.0103 11.6523 9.76826 16.358 12.0316 8.53577 6.21407 5.39747
internal_count=250 102 85 148 109 82 58 46
is_linear=0
shrinkage=0.05


Tree=453
num_leaves=8
num_cat=0
split_feature=24 24 24 17 16 28 30
split_gain=0.157439 0.359567 0.354968 0.259527 0.48204 0.294866 0.3134
threshold=0.015935697666018548 0.025053239671577802 0.011384922219943474 -1.6217353416146792e-05 0.0059120405078420517 -0.048363642012562928 0.00070828999060523767
decision_type=2 2 2 2 2 2 2
left_child=2 -2 3 4 -1 -5 -7
right_child=1 -3 -4 5 -6 6 -8
leaf_value=-0.030449518512492064 -0.025654799635989933 0.0018340522644328923 0.018036281582376752 0.02141165871830393 0.0072162684686044049 0.010835496154998949 -0.0076669971146919175
leaf_weight=1.8619156605564087 1.8516872441396106 3.3271330315619707 2.8644581921398631 1.7345282325986797 1.5620705336332319 3.5965349953621608 6.2935023992322385
leaf_count=30 27 30 24 22 15 35 67
internal_value=-0.000316275 -0.00799459 0.0019036 -0.00116722 -0.0132659 0.0023964 -0.000938523
internal_weight=23.0918 5.17882 17.913 15.0486 3.42399 11.6246 9.89004
internal_count=250 57 193 169 45 124 102
is_linear=0
shrinkage=0.05


Tree=454
num_leaves=10
num_cat=0
split_feature=30 7 20 16 19 29 15 23 21
split_gain=0.148616 0.366781 0.699668 0.381991 0.439954 0.353344 0.374984 0.162979 0.236908
threshold=0.0068599290075537231 173.73339996337893 -0.029718292815429311 0.0036961037130545417 -0.010052360297814309 0.003175188418431341 0.0055076405437369186 -0.0027669954116248392 0.0013112881169073944
decision_type=2 2 2 2 2 2 2 2 2
left_child=1 -1 -3 -4 -5 7 -7 -2 -9
right_child=5 2 3 4 -6 6 -8 8 -10
leaf_value=-0.02666202582178297 0.027191657737809377 -0.035667911023261493 0.020352632310041002 0.0098882666232094352 -0.026256466711233439 -0.024322179052956455 0.0064846497896975499 -0.0053551895211295534 0.021551990914418759
leaf_weight=1.5392358333338068 1.5490425918251274 1.1548383627086876 2.8222653716802597 2.1408298625610769 1.3875601176405328 1.6752894697710869 2.4069508707616478 1.7107520252466186 1.5677126254886387
leaf_count=32 15 19 22 25 47 16 31 22 21
internal_value=8.66574e-05 -0.00442828 0.000131441 0.00664139 -0.00432586 0.00467 -0.00615801 0.0138264 0.00751142
internal_weight=17.9545 9.04473 7.50549 6.35066 3.52839 8.90975 4.08224 4.82751 3.27846
internal_count=250 145 113 94 72 105 47 58 43
is_linear=0
shrinkage=0.05


Tree=455
num_leaves=7
num_cat=0
split_feature=25 17 12 23 19 26
split_gain=0.195607 0.311846 0.335799 0.404808 0.539103 0.4251
threshold=-0.012490013162696876 -9.9420338022226156e-05 -0.00033154011087706861 -0.0071184784285477911 0.040467463007027978 0.029291716310164698
decision_type=2 2 2 2 2 2
left_child=-1 -2 -3 5 -5 -4
right_child=1 2 3 4 -6 -7
leaf_value=-0.012187107419439706 0.016393319555830507 0.015228320658421555 -0.035511067516771841 -0.0044301910167320897 0.018223781542466976 -0.00072531067652225614
leaf_weight=2.8551300289109376 3.1274280026555124 2.9370275661349359 1.7704547848552565 11.901531884446724 3.3697304129600516 1.7428429108113048
leaf_count=30 23 23 25 105 29 15
internal_value=0.000207459 0.00163158 -0.000493779 -0.00295198 0.000568596 -0.0182549
internal_weight=27.7041 24.849 21.7216 18.7846 15.2713 3.5133
internal_count=250 220 197 174 134 40
is_linear=0
shrinkage=0.05


Tree=456
num_leaves=6
num_cat=0
split_feature=14 0 0 31 28
split_gain=0.149617 0.284332 0.295828 0.274301 0.344751
threshold=0.32917502104834462 -0.0032192089313086698 -0.0015440340647152604 -0.1934474705809596 -0.0032323439705244645
decision_type=2 2 2 2 2
left_child=-1 -2 -3 -4 -5
right_child=1 2 3 4 -6
leaf_value=-0.011501788842620474 0.018160611008464469 -0.017019446185942571 0.014017915356643677 -0.011625388148618078 0.0054295784479057403
leaf_weight=2.6418979177251485 2.1904879063367906 2.4625006206333717 3.4722088780254188 5.2111243670806342 6.8686422985046871
leaf_count=31 20 28 33 66 72
internal_value=-0.00031211 0.001151 -0.000917305 0.00163231 -0.00192781
internal_weight=22.8469 20.205 18.0145 15.552 12.0798
internal_count=250 219 199 171 138
is_linear=0
shrinkage=0.05


Tree=457
num_leaves=11
num_cat=0
split_feature=19 16 17 9 26 26 24 11 0 2
split_gain=0.143153 0.385016 0.47027 0.366251 0.310994 0.462986 0.457505 0.258386 0.0343889 0.000438866
threshold=-0.0083345785689715162 0.0039904734844943496 -0.00010723615079478905 184.02539978027346 0.012834827503857007 -0.0016088617798273306 -0.007673206138650023 183.53192932128908 -0.0026056697015843784 -0.0015655103236245636
decision_type=2 2 2 2 2 2 2 2 2 2
left_child=3 7 -3 4 5 -1 -6 -2 -4 -10
right_child=1 2 8 -5 6 -7 -8 -9 9 -11
leaf_value=-0.0098584437949912149 0.013181024998369076 0.017604408268349248 -0.019050665077852021 0.017805540569456119 0.0069880525612190953 0.027234839686380005 -0.029437387741938877 -0.01013488306166483 -0.035845199301708978 -0.034171660651389164
leaf_weight=1.7206719205714764 2.8170217720326027 0.63458878267556551 0.43734479695558692 3.2576981279999018 1.5681705065071585 1.6459256713278607 1.9143998632207511 2.0550988991744816 0.6342289494350567 1.0246128295548222
leaf_count=28 29 9 13 29 16 13 28 21 9 55
internal_value=0.000105484 -0.00507752 -0.0201067 0.0040044 -0.00255989 0.00827642 -0.0130353 0.00334619 -0.0315232 -0.0348115
internal_weight=17.7098 7.6029 2.73078 10.1069 6.84917 3.3666 3.48257 4.87212 2.09619 1.65884
internal_count=250 136 86 114 85 41 44 50 77 64
is_linear=0
shrinkage=0.05


Tree=458
num_leaves=7
num_cat=0
split_feature=25 17 23 19 29 26
split_gain=0.185418 0.29484 0.310227 0.353804 0.522008 0.20618
threshold=-0.012490013162696876 -9.9420338022226156e-05 -0.0073735535121085541 0.040467463007027978 0.0033149998586834433 0.032064421348831147
decision_type=2 2 2 2 2 2
left_child=-1 -2 5 4 -4 -3
right_child=1 2 3 -5 -6 -7
leaf_value=-0.011946235135109853 0.016015772255584149 -0.023499259859840936 -0.010714241397329037 0.015824967185391458 0.0087657258435248162 -0.00029352734390928578
leaf_weight=2.8219433338381377 3.0943363085389199 2.1739583853632278 7.1890947464853472 3.8065138868987551 6.5929721929132938 1.7101614307612178
leaf_count=30 23 29 63 33 58 14
internal_value=0.000192145 0.00158644 -0.000492902 0.00233131 -0.00139555 -0.0132819
internal_weight=27.389 24.567 21.4727 17.5886 13.7821 3.88412
internal_count=250 220 197 154 121 43
is_linear=0
shrinkage=0.05


Tree=459
num_leaves=8
num_cat=0
split_feature=24 24 24 0 10 12 27
split_gain=0.148293 0.339322 0.33563 0.224867 0.321358 0.751266 0.541695
threshold=0.015935697666018548 0.025053239671577802 0.010945829652386998 -0.0032192089313086698 0.0035011727604084288 0.013489163691759542 -0.00062016403197201464
decision_type=2 2 2 2 2 2 2
left_child=2 -2 3 -1 6 -6 -5
right_child=1 -3 -4 4 5 -7 -8
leaf_value=0.011135603150802345 -0.025249192645259062 0.0017350033528554878 0.016852828482630571 0.0017858089768207066 0.0236558394898581 -0.0095817818119080037 -0.035278237578950704
leaf_weight=2.8988568075001266 1.8035500515252341 3.2906269710510969 3.0821573808789244 2.052739434409887 2.5569719686172903 5.07320386916399 1.8966362741775826
leaf_count=26 27 30 27 24 26 55 35
internal_value=-0.000307774 -0.00781852 0.00187103 -0.00131829 -0.00443603 0.00155658 -0.0160137
internal_weight=22.6547 5.09418 17.5606 14.4784 11.5796 7.63018 3.94938
internal_count=250 57 193 166 140 81 59
is_linear=0
shrinkage=0.05


Tree=460
num_leaves=8
num_cat=0
split_feature=3 16 2 10 1 32 21
split_gain=0.146579 0.629634 0.533254 0.26164 0.356887 0.454838 0.405687
threshold=0.018057137803906168 0.0035594704558886089 0.0088721437620499239 0.0074152847757944168 0.0067359823617493273 -0.3578991688138895 -0.0012136963179997793
decision_type=2 2 2 2 2 2 2
left_child=3 -2 -3 4 5 -1 -7
right_child=1 2 -4 -5 -6 6 -8
leaf_value=0.023427448512166358 0.03735841843810863 0.016896134623399801 -0.034696066783271334 -0.017026069924179474 0.024196252235889237 -0.022498325275834431 0.00061543946785471695
leaf_weight=1.4752038386650372 1.2591289021074765 1.0486694113351407 0.95875076763331879 2.4348127013072363 1.4512591650709499 2.7523060727398816 6.118996361852628
leaf_count=18 10 12 31 30 20 39 90
internal_value=8.89325e-05 0.00964095 -0.00774448 -0.00210337 0.000976362 -0.00228059 -0.00655557
internal_weight=17.4991 3.26655 2.00742 14.2326 11.7978 10.3465 8.8713
internal_count=250 53 43 197 167 147 129
is_linear=0
shrinkage=0.05


Tree=461
num_leaves=8
num_cat=0
split_feature=28 21 13 28 7 27 28
split_gain=0.185721 0.320349 0.357872 0.281464 0.30937 0.435644 0.380092
threshold=-0.010406029466580867 0.00055916833303382163 57.390467394517586 0.0063923203327502795 184.16865005493167 -0.0031445754787510212 0.044656754562935615
decision_type=2 2 2 2 2 2 2
left_child=1 2 -1 -2 5 -5 -7
right_child=3 -3 -4 4 -6 6 -8
leaf_value=0.024882754544086064 -0.014408256454095564 -0.0055960946835390494 0.0019632688733185544 0.02088407219847566 -0.016773422115126647 0.0073779528770952663 -0.016790625667417666
leaf_weight=2.9699248671531695 4.1880451720207921 4.317618153989315 3.9931152742356062 2.8493479266762716 2.0814546085894099 4.0074871443212032 2.7383650746196508
leaf_count=30 39 36 36 21 26 35 27
internal_value=0.00019953 0.00510411 0.011739 -0.00328789 0.000700634 0.00449122 -0.00243287
internal_weight=27.1454 11.2807 6.96304 15.8647 11.6767 9.5952 6.74585
internal_count=250 102 66 148 109 83 62
is_linear=0
shrinkage=0.05


Tree=462
num_leaves=10
num_cat=0
split_feature=16 19 29 30 7 10 9 21 4
split_gain=0.146695 0.372344 0.45404 0.313121 0.56421 0.684569 0.303302 0.210185 0.20808
threshold=0.005615128553562913 -0.016555003938435228 0.00066787763764009089 0.0020930687228998273 180.42219924926761 0.0041244284402035857 174.65107536315921 -0.00040527243065019419 0.0035267491565922587
decision_type=2 2 2 2 2 2 2 2 2
left_child=3 -2 -3 6 7 -6 -1 -5 -8
right_child=1 2 -4 4 5 -7 8 -9 -10
leaf_value=0.024101971293793739 -0.0093168366002268962 0.0015897698313923699 0.031873578818719384 -0.011849862804261729 -0.022055988977045866 0.01593220260141958 -0.011881373348723467 -0.036939781748043209 0.010217852598648811
leaf_weight=1.5919615123420978 2.9173824293538928 3.3027714472264034 1.9794977493584154 1.5422137216664853 1.9472299823537467 3.0333494925871491 2.2598941307514906 1.8195757446810583 2.0148149989545345
leaf_count=14 30 34 15 22 32 33 26 23 21
internal_value=-0.000305261 0.00502016 0.0129384 -0.00337842 -0.00960278 0.00108017 0.00547258 -0.0254298 -0.00146526
internal_weight=22.4087 8.19965 5.28227 14.209 8.34237 4.98058 5.86667 3.36179 4.27471
internal_count=250 79 49 171 110 65 61 45 47
is_linear=0
shrinkage=0.05


Tree=463
num_leaves=10
num_cat=0
split_feature=22 22 21 7 16 32 32 24 27
split_gain=0.137787 0.392389 0.328402 0.309263 0.289422 0.380064 0.415976 0.268486 0.0237439
threshold=-0.0012032368139320291 -0.0076027317613067682 0.0013112881169073944 173.73339996337893 0.0029614993533720563 -0.2634482508787514 0.18184270144676543 -0.01445114893823962 -0.0039516722137676865
decision_type=2 2 2 2 2 2 2 2 2
left_child=1 -1 7 -2 -5 -6 -7 -3 -9
right_child=3 2 -4 4 5 6 -8 8 -10
leaf_value=0.0095017293912409827 -0.016268476973890295 -0.0027985952277648925 0.0081674876955675768 0.026387366900654654 0.018976375849206639 -0.024650749249862481 0.0085738318632513338 -0.02490065151938527 -0.035327087007446412
leaf_weight=2.9908676091581583 1.5414714764337967 1.2719216654077174 1.2876368835568426 1.7148743476718662 2.3460006844252352 1.7362252804450689 2.0596700264140964 0.87865804973989758 1.4424114625435347
leaf_count=30 32 16 19 18 29 39 24 15 28
internal_value=0.000121163 -0.00475891 -0.0134979 0.00420847 0.00822598 0.00315515 -0.00662294 -0.0212622 -0.0313801
internal_weight=17.2697 7.8715 4.88063 9.39824 7.85677 6.1419 3.7959 3.59299 2.32107
internal_count=250 108 78 142 110 92 63 59 43
is_linear=0
shrinkage=0.05


Tree=464
num_leaves=8
num_cat=0
split_feature=25 25 1 22 13 12 29
split_gain=0.18227 0.286214 0.315006 0.293664 0.383764 0.488559 0.36825
threshold=-0.012490013162696876 -0.0007289725619990527 0.0037154913085470924 -0.0072886065952298398 56.872859407589139 0.0141225906270085 0.00031498031954080302
decision_type=2 2 2 2 2 2 2
left_child=-1 2 -2 -3 6 -6 -5
right_child=1 3 -4 4 5 -7 -8
leaf_value=-0.012010875801841967 0.018225819320856422 -0.020430965939070247 -0.0012725343977539113 0.02564995917454535 -0.020116519859693829 0.0043774490146521175 -0.00047376051750041052
leaf_weight=2.7528149904683259 4.4135663956403786 1.9732203781604791 3.9033269230276346 2.3013962060213009 3.7081058993935567 4.5141898188740015 3.2597711170092225
leaf_count=30 35 22 34 23 40 40 26
internal_value=0.000176992 0.00157068 0.00907475 -0.00239022 0.000192464 -0.00666889 0.0103371
internal_weight=26.8264 24.0736 8.31689 15.7567 13.7835 8.2223 5.56117
internal_count=250 220 69 151 129 80 49
is_linear=0
shrinkage=0.05


Tree=465
num_leaves=9
num_cat=0
split_feature=19 29 6 12 29 20 30 1
split_gain=0.140727 0.285959 0.260155 0.392913 0.327455 0.328552 0.449732 0.197292
threshold=-0.054426371374941822 0.0094423661162700307 0.74209681745562739 0.0095367222235265055 0.0025370905464605635 -0.073099630655533696 0.0011659223562741074 0.0024714190546039076
decision_type=2 2 2 2 2 2 2 2
left_child=1 -1 3 -2 5 -4 -7 -6
right_child=2 -3 4 -5 7 6 -8 -9
leaf_value=-0.022994814082408378 0.0052938705470738073 0.0048015896744270448 0.018659204484046024 -0.026658776477345127 0.0046550006858939287 0.0051678088854225446 -0.019253272032382404 0.024234615951673852
leaf_weight=1.8627376933582156 2.0030459123663635 1.8384862318634985 1.7347106300294424 1.8513430152088401 2.5100445039570323 4.3421741332858756 3.3317740703932941 2.6395743116736412
leaf_count=28 28 17 17 18 25 47 46 24
internal_value=-0.000291342 -0.00918768 0.00149696 -0.0100536 0.00455505 -0.000992671 -0.00543502 0.0146911
internal_weight=22.1139 3.70122 18.4127 3.85439 14.5583 9.40866 7.67395 5.14962
internal_count=250 45 205 46 159 110 93 49
is_linear=0
shrinkage=0.05


Tree=466
num_leaves=6
num_cat=0
split_feature=21 30 30 28 21
split_gain=0.140772 0.222621 0.399531 0.280818 0.312448
threshold=0.0041028034896761776 -0.012568522530608526 -0.0034444174679946755 -0.048363642012562928 -0.0006068239891997006
decision_type=2 2 2 2 2
left_child=1 -1 -3 -4 -5
right_child=-2 2 3 4 -6
leaf_value=0.01637502780028181 -0.0152879583416256 -0.024991778988782101 -0.012245019507330651 0.017044482509377023 -0.001495235200577396
leaf_weight=2.1566483976785102 1.3645067191682745 1.5292174592614181 2.643517088610678 3.8888775948435041 5.4676828063093135
leaf_count=32 28 31 27 48 84
internal_value=0.000115851 0.00145581 -0.000922395 0.00214486 0.00621045
internal_weight=17.0505 15.6859 13.5293 12.0001 9.35656
internal_count=250 222 190 159 132
is_linear=0
shrinkage=0.05


Tree=467
num_leaves=7
num_cat=0
split_feature=20 20 1 28 23 19
split_gain=0.25073 0.292067 0.207055 0.379004 0.344843 0.309353
threshold=-0.17446092943932925 -0.1007623332812959 0.0052008089819738377 -0.0088934477351565993 -0.0073735535121085541 0.035083059197488227
decision_type=2 2 2 2 2 2
left_child=-1 -2 4 -4 -3 -6
right_child=1 2 3 -5 5 -7
leaf_value=0.018292344662332937 -0.01819873515188759 -0.01605286372836184 0.0073553030542194827 -0.015709444364764152 0.0023554905684587788 0.019970437583327613
leaf_weight=1.7801327165216232 2.2770951557904509 1.8849910032004178 3.0138893090188503 4.354331291280686 9.8567641717381722 3.3360757008194915
leaf_count=18 21 23 27 38 89 34
internal_value=0.00016856 -0.0011364 0.00059453 -0.00627506 0.00395156 0.00680979
internal_weight=26.5033 24.7231 22.4461 7.36822 15.0778 13.1928
internal_count=250 232 211 65 146 123
is_linear=0
shrinkage=0.05


Tree=468
num_leaves=8
num_cat=0
split_feature=16 23 23 24 25 19 17
split_gain=0.139156 0.384743 0.326323 0.527626 0.420977 0.284366 0.224925
threshold=0.0059697849598841632 -0.00095123756154930062 0.0045796882368773781 -0.015457737057011199 -0.0007289725619990527 -0.0036221400615467632 7.7395871840755162e-05
decision_type=2 2 2 2 2 2 2
left_child=2 -2 3 -1 -5 -4 -6
right_child=1 -3 5 4 6 -7 -8
leaf_value=-0.030356074791636753 0.01772212547127611 -0.0059366820569191937 0.018127659872453725 -0.01787406576255551 -0.0012695565737464859 -0.0045281174608426773 0.021733510090292767
leaf_weight=2.1552252387627959 3.3561681658029556 3.5214114524424067 2.7373132463544607 2.7085068672895432 2.9763003878761101 2.8035994931124142 1.6528327018022535
leaf_count=31 30 37 27 33 42 34 16
internal_value=-0.000282682 0.0056085 -0.00297775 -0.00860572 -0.00221716 0.00666426 0.00694369
internal_weight=21.9114 6.87758 15.0338 9.49287 7.33764 5.54091 4.62913
internal_count=250 67 183 122 91 61 58
is_linear=0
shrinkage=0.05


Tree=469
num_leaves=10
num_cat=0
split_feature=16 22 9 32 27 23 5 24 25
split_gain=0.141186 0.380768 0.362954 0.262964 0.339504 0.409022 0.358897 0.164541 0.000118467
threshold=0.0047460775807552221 -0.0072886065952298398 185.14869918823243 -0.30575873132241521 0.0012001147166267325 -0.0044235722501997912 0.0030232517685045237 -0.025872598355844153 -0.021786629683647082
decision_type=2 2 2 2 2 2 2 2 2
left_child=3 -2 7 -1 5 -5 -6 -3 -9
right_child=1 2 -4 4 6 -7 -8 8 -10
leaf_value=0.015174322600070601 0.0099650549974592845 -0.00010131668043470983 0.012781732398014271 -0.01334220042115959 0.0023245508518922558 0.017075090683701596 -0.029022495464244066 -0.035103062136861755 -0.03417500380267665
leaf_weight=3.2667588277254263 2.0037516336888075 0.43087794305756766 0.71989055350422848 1.6524711390957234 1.8606719449162485 3.3372229915112257 1.7929658358916638 0.45611467491835389 1.3972496036440119
leaf_count=35 21 8 7 20 21 32 24 8 74
internal_value=0.000127603 -0.00691644 -0.0181764 0.00308944 -0.00147806 0.00700159 -0.0130585 -0.027933 -0.0344034
internal_weight=16.918 5.00788 3.00413 11.9101 8.64333 4.98969 3.65364 2.28424 1.85336
internal_count=250 118 97 132 97 52 45 90 82
is_linear=0
shrinkage=0.05


Tree=470
num_leaves=7
num_cat=0
split_feature=25 17 23 19 29 26
split_gain=0.171708 0.288797 0.277038 0.349901 0.438385 0.192567
threshold=-0.018524975789588945 -9.9420338022226156e-05 -0.0073735535121085541 0.040467463007027978 0.0033149998586834433 0.032064421348831147
decision_type=2 2 2 2 2 2
left_child=-1 -2 5 4 -4 -3
right_child=1 2 3 -5 -6 -7
leaf_value=-0.014039602438818931 0.015896231602639668 -0.023273314753007444 -0.010268916076356896 0.015157991812644904 0.0076146388126358657 -0.00030671327075237941
leaf_weight=1.9711066079325998 2.9758026078343418 2.0731318127364022 7.2850916609167999 3.8721491433680049 6.4703563097864389 1.6305583659559486
leaf_count=24 23 29 66 35 59 14
internal_value=0.000153556 0.00130451 -0.000731101 0.00188077 -0.00185676 -0.0131622
internal_weight=26.2782 24.3071 21.3313 17.6276 13.7554 3.70369
internal_count=250 226 203 160 125 43
is_linear=0
shrinkage=0.05


Tree=471
num_leaves=9
num_cat=0
split_feature=24 24 24 17 16 15 15 16
split_gain=0.142133 0.323821 0.305526 0.234016 0.423736 0.266423 0.470838 0.438662
threshold=0.015935697666018548 0.025053239671577802 0.011384922219943474 -1.6217353416146792e-05 0.0059120405078420517 0.0069296183676417497 0.0052885947589548267 0.0052503565662728379
decision_type=2 2 2 2 2 2 2 2
left_child=2 -2 3 4 -1 6 -5 -7
right_child=1 -3 -4 5 -6 7 -8 -9
leaf_value=-0.029720037206979896 -0.025224724561234264 0.0017029428551176601 0.017354680905240175 0.013947096937098419 0.0069150503722719527 0.028486468401409511 -0.014630193911884524 -0.0023047126411244122
leaf_weight=1.7260282384231715 1.7220321679487813 3.1749003995209932 2.6906762849539509 2.2557804351672548 1.4543681256473062 2.0925047686323524 3.9922078084200621 2.5863960860297084
leaf_count=30 27 30 24 30 15 22 46 26
internal_value=-0.00027075 -0.00776631 0.00191435 -0.00103057 -0.0129671 0.0024437 -0.00431262 0.0114658
internal_weight=21.6949 4.89693 16.798 14.1073 3.1804 10.9269 6.24799 4.6789
internal_count=250 57 193 169 45 124 76 48
is_linear=0
shrinkage=0.05


Tree=472
num_leaves=8
num_cat=0
split_feature=16 10 1 3 34 24 7
split_gain=0.138348 0.291553 0.447734 0.328854 0.397905 0.202562 0.241794
threshold=0.0036961037130545417 0.0097889088083185135 0.0067359823617493273 -0.0029201122758016891 0.44940629041341845 1.0000000180025095e-35 183.40100021362306
decision_type=2 2 2 2 2 2 2
left_child=5 2 3 -2 -5 -1 -7
right_child=1 -3 -4 4 -6 6 -8
leaf_value=-0.0048837330378197017 -0.026300480216532481 -0.026975962426194273 0.024364474071638761 0.018239758912213629 -0.010859094502785797 4.4403375389749113e-05 0.023292760757181629
leaf_weight=3.0002781134098795 1.5462958957068611 1.1994746248237778 1.4727229450363664 1.8823387608863402 3.1255215808050707 2.191826906055212 2.2836989779025316
leaf_count=31 26 34 23 20 75 19 22
internal_value=0.000113058 -0.00398317 -0.000547303 -0.00614499 7.84908e-05 0.00516846 0.0119072
internal_weight=16.7022 9.22635 8.02688 6.55416 5.00786 7.4758 4.47553
internal_count=250 178 144 121 95 72 41
is_linear=0
shrinkage=0.05


Tree=473
num_leaves=8
num_cat=0
split_feature=28 21 13 28 7 27 28
split_gain=0.173382 0.290313 0.337364 0.243335 0.281174 0.402565 0.345492
threshold=-0.010406029466580867 0.00055916833303382163 57.390467394517586 0.0063923203327502795 184.16865005493167 -0.0031445754787510212 0.044656754562935615
decision_type=2 2 2 2 2 2 2
left_child=1 2 -1 -2 5 -5 -7
right_child=3 -3 -4 4 -6 6 -8
leaf_value=0.024533557349699947 -0.013913030727348931 -0.0053816244928063181 0.0017944559906606366 0.020201502370911797 -0.016463361573392898 0.0069685738732890622 -0.016583011530716122
leaf_weight=2.8335414687171596 3.9811073495075098 4.1616278439760208 3.8439177218824625 2.7489752843976003 2.0097847650758913 3.8121729604899883 2.63247992657125
leaf_count=30 39 36 36 21 26 35 27
internal_value=0.000153153 0.00498366 0.0114437 -0.00329498 0.00047812 0.00418163 -0.00265166
internal_weight=26.0236 10.8391 6.67746 15.1845 11.2034 9.19363 6.44465
internal_count=250 102 66 148 109 83 62
is_linear=0
shrinkage=0.05


Tree=474
num_leaves=6
num_cat=0
split_feature=29 27 24 24 30
split_gain=0.138804 0.317577 0.230896 0.3228 0.297884
threshold=-0.011664486998412603 0.024800363018661401 0.015935697666018548 0.010945829652386998 0.0020930687228998273
decision_type=2 2 2 2 2
left_child=-1 2 3 4 -2
right_child=1 -3 -4 -5 -6
leaf_value=0.013604608245543888 0.0097661902080158017 -0.018766994415855873 -0.011465389962290377 0.019330060203340164 -0.0065200943874346917
leaf_weight=1.659300429746511 4.6734478753060156 2.3354182075709096 3.1188239688053718 2.6423475313931695 7.0325793756637722
leaf_count=18 46 35 38 23 90
internal_value=-0.000286449 -0.00145041 0.000864873 0.00354503 -1.80506e-05
internal_weight=21.4619 19.8026 17.4672 14.3484 11.706
internal_count=250 232 197 159 136
is_linear=0
shrinkage=0.05


Tree=475
num_leaves=10
num_cat=0
split_feature=3 16 2 34 32 24 30 6 20
split_gain=0.1407 0.570203 0.486937 0.239704 0.31958 0.30931 0.396554 0.25712 0.240794
threshold=0.018057137803906168 0.0035594704558886089 0.0088721437620499239 1.0076782550326 -0.3578991688138895 0.0048123284416209397 0.0078152197171895716 0.98610080657598609 0.014874247912158968
decision_type=2 2 2 2 2 2 2 2 2
left_child=3 -2 -3 4 -1 6 -6 -7 -5
right_child=1 2 -4 8 5 7 -8 -9 -10
leaf_value=0.027712751178683173 0.037021347640333338 0.01655367528866715 -0.034569858365086435 -0.024063113753520732 -0.030504578020982775 -0.0060368834417829512 0.0011989698105010005 0.021607318489094335 -0.00085981691896524321
leaf_weight=1.1154002198018131 1.1815269254148 0.9963546381331978 0.87464193627238274 2.0599212641827753 1.5073701087385432 1.4287188439629974 2.8535322975367308 2.0452513804193586 2.4455510762054473
leaf_count=10 10 12 31 37 32 26 31 22 39
internal_value=0.000136039 0.00982754 -0.00734524 -0.00206254 0.0026723 -0.000892548 -0.00975954 0.0102383 -0.0114685
internal_weight=16.5083 3.05252 1.871 13.4557 8.95027 7.83487 4.3609 3.47397 4.50547
internal_count=250 53 43 197 121 111 63 48 76
is_linear=0
shrinkage=0.05


Tree=476
num_leaves=9
num_cat=0
split_feature=29 28 22 27 27 12 27 27
split_gain=0.171693 0.276914 0.270782 0.22767 0.362056 0.329347 0.318996 0.197704
threshold=0.01020575744528507 -0.010406029466580867 0.00050791732461208394 -0.0026260437356631079 0.004165866948583786 0.016675694758207127 -0.012429725590470784 -0.0029067971266946708
decision_type=2 2 2 2 2 2 2 2
left_child=1 2 7 6 -5 -6 -3 -1
right_child=-2 3 -4 4 5 -7 -8 -9
leaf_value=0.0055739088536644246 -0.013545727070482697 -0.0071297401482772471 -0.0030007217696975882 -0.025866773486394781 0.0041513618414913958 -0.018220742922649136 0.02005981018825442 0.0240008965996839
leaf_weight=2.9451396372169256 2.1011267639696589 2.1315402053296566 3.4467349760234356 2.0466410592198327 5.7012737067416293 2.3122311094775796 2.1841085292398956 2.8781035430729442
leaf_count=24 22 22 35 19 60 21 20 27
internal_value=0.000151551 0.00136867 0.00810685 -0.00297633 -0.00709756 -0.00230393 0.00663063 0.0146813
internal_weight=25.7469 23.6458 9.26998 14.3758 10.0601 8.0135 4.31565 5.82324
internal_count=250 228 86 142 100 81 42 51
is_linear=0
shrinkage=0.05


Tree=477
num_leaves=6
num_cat=0
split_feature=14 0 0 21 31
split_gain=0.14033 0.23905 0.278675 0.261136 0.262079
threshold=0.32917502104834462 -0.0032192089313086698 -0.0015440340647152604 0.0050382526484205057 -0.1934474705809596
decision_type=2 2 2 2 2
left_child=-1 -2 -3 4 -4
right_child=1 2 3 -5 -6
leaf_value=-0.011482266176909971 0.017402493984706325 -0.017032512549576877 0.012077455756702462 0.019640989511886246 -0.0047778461858755724
leaf_weight=2.4818045643623945 2.0233446825295749 2.2817111052572807 3.0292750471271637 1.7908599004149444 9.6618127371184332
leaf_count=31 20 28 30 16 125
internal_value=-0.000308021 0.00116812 -0.000791339 0.00176755 -0.000754602
internal_weight=21.2688 18.787 16.7637 14.4819 12.6911
internal_count=250 219 199 171 155
is_linear=0
shrinkage=0.05


Tree=478
num_leaves=9
num_cat=0
split_feature=21 16 22 32 22 32 32 16
split_gain=0.139102 0.22126 0.203053 0.683904 0.347895 0.349127 0.344464 0.000245507
threshold=0.0041028034896761776 0.0029614993533720563 0.0051204262257879005 0.18184270144676543 -0.0014142978401038284 -0.31687600834577129 -0.2190309994091385 0.0040669478481955247
decision_type=2 2 2 2 2 2 2 2
left_child=1 -1 4 7 6 -6 -3 -4
right_child=-2 2 3 -5 5 -7 -8 -9
leaf_value=0.014571241889791229 -0.015517854514522242 -0.019087016405469084 -0.035885162367911158 0.015236779368813803 0.028393901041783787 -0.0019995682133418405 0.0054569542070823374 -0.034618963654884545
leaf_weight=2.6703442931175259 1.301298739388584 2.6000021182699116 0.68884743377566271 1.1878781281411646 1.9822751502506437 1.8053829669952381 3.1754793957807128 0.86172909382730722
leaf_count=28 28 46 8 11 21 30 42 36
internal_value=0.000162318 0.00152517 -0.00130678 -0.0133112 0.00213075 0.0139069 -0.00559223 -0.0351815
internal_weight=16.2732 14.9719 12.3016 2.73845 9.56314 3.78766 5.77548 1.55058
internal_count=250 222 194 55 139 51 88 44
is_linear=0
shrinkage=0.05


Tree=479
num_leaves=7
num_cat=0
split_feature=25 17 12 19 8 7
split_gain=0.169767 0.270345 0.281808 0.336995 0.352045 0.104245
threshold=-0.012490013162696876 -9.9420338022226156e-05 -0.00033154011087706861 0.040467463007027978 -0.0015945702780764443 180.42219924926761
decision_type=2 2 2 2 2 2
left_child=-1 -2 -3 4 -4 -5
right_child=1 2 3 5 -6 -7
leaf_value=-0.011893565146710843 0.01585745023404226 0.014601520378476469 -0.025883681844846851 0.018436275234495914 -0.0032178419584480353 0.0021129723041769326
leaf_weight=2.6234206655062762 2.8800036348402562 2.6669883690774503 2.0165516696870425 1.9029104094952338 11.386254942975922 2.0125171430408955
leaf_count=30 23 23 21 21 113 19
internal_value=0.000153394 0.00153559 -0.000528285 -0.00285826 -0.00662809 0.0100462
internal_weight=25.4886 22.8652 19.9852 17.3182 13.4028 3.91543
internal_count=250 220 197 174 134 40
is_linear=0
shrinkage=0.05


Tree=480
num_leaves=9
num_cat=0
split_feature=19 29 8 25 0 4 30 29
split_gain=0.136324 0.270591 0.241113 0.449015 0.368232 0.268408 0.249935 0.410022
threshold=-0.054426371374941822 0.0094423661162700307 1.0000000180025095e-35 0.0029042696538627015 0.00089823838196201333 0.0031889651094572408 0.0078152197171895716 -0.00081754060861255462
decision_type=2 2 2 2 2 2 2 2
left_child=1 -1 3 -2 5 -4 7 -6
right_child=2 -3 4 -5 6 -7 -8 -9
leaf_value=-0.023188008286026362 -0.021049223929263165 0.0045924989542075779 0.025398928400288935 0.009594052278862333 -0.010915619373485919 0.004091814824538912 -0.015684014475447081 0.019794964072299054
leaf_weight=1.7568799243308633 2.8008737508207586 1.7493104040622709 2.8125371388159675 2.085614403244108 2.1901057455688751 3.1150684636086226 2.4347776249051094 2.1575523060746455
leaf_count=28 39 17 30 30 24 34 30 18
internal_value=-0.000324822 -0.00932774 0.00146905 -0.00797029 0.00509809 0.0142016 -0.00285809 0.0043247
internal_weight=21.1027 3.50619 17.5965 4.88649 12.71 5.92761 6.78244 4.34766
internal_count=250 45 205 69 136 64 72 42
is_linear=0
shrinkage=0.05


Tree=481
num_leaves=10
num_cat=0
split_feature=19 2 30 16 26 34 34 26 12
split_gain=0.13326 0.270752 0.29549 0.240359 0.289151 0.336846 0.398467 0.311568 0.0227892
threshold=0.035083059197488227 -0.0075171832316455181 -0.019523591221267841 0.0029614993533720563 -0.0019613125363632795 0.40396951446877866 1.3938633070054414 -0.01796537404307413 0.0079229741778186324
decision_type=2 2 2 2 2 2 2 2 2
left_child=3 -2 -3 -1 7 -6 -7 -5 -4
right_child=1 2 8 4 5 6 -8 -9 -10
leaf_value=0.015424883752231069 0.020028678677931726 0.0070485749918492314 -0.023015983910152405 -0.0010301031663056974 0.017489616434049515 -0.02641402483793184 0.0050448229360631957 -0.035506180577355197 -0.03543404054624414
leaf_weight=2.7624350860714939 0.61670880205929313 0.8160789556568494 0.63396775769069658 1.5915761478245261 2.8299729675054532 1.4269402702338991 3.4168592663481832 1.114019507775083 0.88548364606685936
leaf_count=27 7 16 17 28 28 31 47 22 27
internal_value=0.000161173 -0.00943812 -0.017219 0.00231761 -0.00117085 0.0037845 -0.00422267 -0.0152255 -0.0302528
internal_weight=16.094 2.95224 2.33553 13.1418 10.3794 7.67377 4.8438 2.7056 1.51945
internal_count=250 67 60 183 156 106 78 50 44
is_linear=0
shrinkage=0.05


Tree=482
num_leaves=9
num_cat=0
split_feature=29 28 22 27 7 14 27 1
split_gain=0.163156 0.267054 0.247131 0.21144 0.356986 0.545556 0.295671 0.198117
threshold=0.01020575744528507 -0.010406029466580867 0.00050791732461208394 -0.0026260437356631079 176.51705245971684 0.65268840968746467 -0.012429725590470784 0.0045203252286408766
decision_type=2 2 2 2 2 2 2 2
left_child=1 2 7 6 -5 -6 -3 -1
right_child=-2 3 -4 4 5 -7 -8 -9
leaf_value=0.022848880656906226 -0.013293138915450123 -0.0069491357801082709 -0.0026422745272809069 0.0074317858496256483 -0.0017606889449312615 -0.030567022360370118 0.019449132688650502 0.0041780189011236804
leaf_weight=3.1263451594859415 2.0669206846505395 2.1008711792528629 3.4060094449669123 2.9935828018933481 4.115414354018867 2.7365663666278124 2.1423916555941132 2.6044033542275429
leaf_count=29 22 22 35 28 39 33 20 22
internal_value=0.000168457 0.00136645 0.00802419 -0.00295117 -0.00697238 -0.0132655 0.00637915 0.0143637
internal_weight=25.2925 23.2256 9.13676 14.0888 9.84556 6.85198 4.24326 5.73075
internal_count=250 228 86 142 100 72 42 51
is_linear=0
shrinkage=0.05


Tree=483
num_leaves=9
num_cat=0
split_feature=16 19 2 5 16 28 10 17
split_gain=0.135077 0.353627 0.396071 0.286997 0.375272 0.391949 0.344174 0.264524
threshold=0.005615128553562913 -0.016555003938435228 0.0084498791037993532 0.0030684211450683683 0.00510758990791491 0.016853323304191762 0.0045013922233862105 0.00010488650687841084
decision_type=2 2 2 2 2 2 2 2
left_child=3 -2 -3 6 5 7 -1 -5
right_child=1 2 -4 4 -6 -7 -8 -9
leaf_value=-0.035265141161179236 -0.0095251029980382273 0.0010959493611274968 0.029879860247179965 -0.011270604482146146 -0.01973317782617728 0.01899772255615283 -0.0023528230159031195 0.013756169287309064
leaf_weight=1.3796720502432465 2.7284539034590125 2.9137662537395945 2.0262072831392288 3.3878898276016098 1.8191859554499377 3.2047642879188061 1.8722613202407954 1.5338584734126923
leaf_count=29 30 30 19 49 18 31 27 17
internal_value=-0.000355158 0.00492243 0.0129021 -0.00342168 0.000794449 0.00538973 -0.0163163 -0.00347103
internal_weight=20.8661 7.66843 4.93997 13.1976 9.9457 8.12651 3.25193 4.92175
internal_count=250 79 49 171 115 97 56 66
is_linear=0
shrinkage=0.05


Tree=484
num_leaves=6
num_cat=0
split_feature=21 16 27 1 25
split_gain=0.130154 0.204345 0.191952 0.268727 0.255955
threshold=0.0041028034896761776 0.0029614993533720563 -0.025565756823225868 -0.0045093929214865538 0.016607778053806758
decision_type=2 2 2 2 2
left_child=1 -1 -3 -4 -5
right_child=-2 2 3 4 -6
leaf_value=0.014260579460844922 -0.015133821960191333 -0.018686115386386447 0.017425031309027807 -0.0067047601493432822 0.016258617191267245
leaf_weight=2.5951077174395314 1.2727592219598598 1.3897048975341011 2.0322035313583884 7.1255195754347369 1.4625530263874678
leaf_count=28 28 22 26 126 20
internal_value=0.000201113 0.00153747 -0.00121172 0.00107487 -0.00279409
internal_weight=15.8778 14.6051 12.01 10.6203 8.58807
internal_count=250 222 194 172 146
is_linear=0
shrinkage=0.05


Tree=485
num_leaves=7
num_cat=0
split_feature=17 15 13 20 4 26
split_gain=0.250821 0.210079 0.263766 0.310163 0.626164 0.252094
threshold=-0.000146379226086789 0.0082872821697256814 55.182472208986901 0.069111618805610134 0.0034742937176983767 -0.017482027324603407
decision_type=2 2 2 2 2 2
left_child=-1 2 5 4 -4 -2
right_child=1 -3 3 -5 -6 -7
leaf_value=0.01848635598328827 -0.0028478234321457096 -0.012700572922681239 -0.0063802293704661884 -0.017171642494467551 0.019283421638308484 0.019368315635490185
leaf_weight=1.7388543859124208 2.1533974707126617 3.3921073134988537 8.3002154794521612 2.9550499478355041 3.3304855562746516 3.1372790476307335
leaf_count=15 18 39 82 33 32 31
internal_value=0.00016865 -0.00120023 0.000762417 -0.00270656 0.000968633 0.010326
internal_weight=25.0074 23.2685 19.8764 14.5858 11.6307 5.29068
internal_count=250 235 196 147 114 49
is_linear=0
shrinkage=0.05


Tree=486
num_leaves=9
num_cat=0
split_feature=24 24 27 19 20 29 30 28
split_gain=0.140324 0.287466 0.274067 0.457438 0.437532 0.400208 0.363631 0.202267
threshold=0.015935697666018548 0.025053239671577802 -0.015287047331454138 -0.051930076870410451 0.010893975772034438 -0.00067909459252551974 0.010064697192391227 -0.013345747581097465
decision_type=2 2 2 2 2 2 2 2
left_child=2 -2 7 -4 6 -6 -5 -1
right_child=1 -3 3 4 5 -7 -8 -9
leaf_value=0.0017678390367291683 -0.024858449568885617 0.0011251360311884853 -0.022535413614954713 0.028179318692647011 -0.02060513334993137 0.0090669033880915236 0.0016030729750354405 0.024905902865112319
leaf_weight=1.8459590896964075 1.641525057144462 3.0279597714543343 2.1839095028117308 2.188257417874409 2.7632832368835807 1.9301920556463299 3.1254457272589207 1.9341704286634929
leaf_count=25 27 30 29 21 36 25 40 17
internal_value=-0.000384755 -0.00800921 0.0018444 -0.00180282 0.00272174 -0.00840251 0.0125475 0.0136068
internal_weight=20.6407 4.66948 15.9712 12.1911 10.0072 4.69348 5.3137 3.78013
internal_count=250 57 193 151 122 61 61 42
is_linear=0
shrinkage=0.05


Tree=487
num_leaves=10
num_cat=0
split_feature=3 16 2 34 32 24 30 6 20
split_gain=0.130251 0.525511 0.453862 0.217664 0.301378 0.292474 0.37306 0.225018 0.222643
threshold=0.018057137803906168 0.0035594704558886089 0.0088721437620499239 1.0076782550326 -0.3578991688138895 0.0048123284416209397 0.0078152197171895716 0.98610080657598609 0.014874247912158968
decision_type=2 2 2 2 2 2 2 2 2
left_child=3 -2 -3 4 -1 6 -6 -7 -5
right_child=1 2 -4 8 5 7 -8 -9 -10
leaf_value=0.027700772986187224 0.036784689173242006 0.016231623957367488 -0.034500943255210019 -0.023534250287571733 -0.030303281966217913 -0.0054114743508777811 0.0011432490460851427 0.021106180716365924 -0.00072521190982636737
leaf_weight=1.0545650338754038 1.1105507276952278 0.9598937965929506 0.81528312806040049 1.9627668212633569 1.4342285566963253 1.3534651019144806 2.7544032926671207 1.9563155306968836 2.3518462495412678
leaf_count=10 10 12 31 37 32 26 31 22 39
internal_value=0.000207673 0.00980822 -0.00706825 -0.00194538 0.0026734 -0.000846413 -0.00962435 0.0102623 -0.0111013
internal_weight=15.7533 2.88573 1.77518 12.8676 8.55298 7.49841 4.18863 3.30978 4.31461
internal_count=250 53 43 197 121 111 63 48 76
is_linear=0
shrinkage=0.05


Tree=488
num_leaves=8
num_cat=0
split_feature=25 25 1 22 13 12 29
split_gain=0.169473 0.255006 0.285718 0.261667 0.33508 0.426238 0.324673
threshold=-0.012490013162696876 -0.0007289725619990527 0.0037154913085470924 -0.0072886065952298398 56.872859407589139 0.0141225906270085 0.00031498031954080302
decision_type=2 2 2 2 2 2 2
left_child=-1 2 -2 -3 6 -6 -5
right_child=1 3 -4 4 5 -7 -8
leaf_value=-0.011990548455934249 0.01802874074708103 -0.020064317129049238 -0.0013061851245210366 0.025171800833098657 -0.01954151651902096 0.0042525560897861006 -0.0004150348916237064
leaf_weight=2.5610995199531343 4.0770273581147256 1.8141108527779604 3.5959459319710732 2.108399460092178 3.4130553519353271 4.1961487233638763 3.0094515355303884
leaf_count=30 35 22 34 23 40 40 26
internal_value=0.000188498 0.00159264 0.00896741 -0.00229883 0.00023346 -0.00642011 0.010126
internal_weight=24.7752 22.2141 7.67297 14.5412 12.7271 7.6092 5.11785
internal_count=250 220 69 151 129 80 49
is_linear=0
shrinkage=0.05


Tree=489
num_leaves=8
num_cat=0
split_feature=29 24 24 2 0 4 10
split_gain=0.130718 0.290575 0.295471 0.282931 0.439037 0.32729 0.204227
threshold=-0.011664486998412603 0.015935697666018548 0.010945829652386998 0.0021375240689088808 0.0020609394807703523 0.0038195878958649115 0.0051659357219502296
decision_type=2 2 2 2 2 2 2
left_child=-1 2 3 5 -5 -2 -3
right_child=1 6 -4 4 -6 -7 -8
leaf_value=0.013586564694721998 -0.029657009136248625 -0.025728814939115704 0.016981975307321349 0.012006270640502673 -0.012413516775959348 -0.00089925749446791029 -0.0026916380196032406
leaf_weight=1.5506943929940487 1.6334455851465488 1.8516893908381455 2.5930907540023318 5.4637979255057854 2.7756083915010095 2.5092075308784842 2.0023754052817822
leaf_count=18 33 27 24 65 29 32 22
internal_value=-0.000367116 -0.00151628 0.00163478 -0.00157928 0.00377998 -0.0122384 -0.0137599
internal_weight=20.3799 18.8292 14.9752 12.3821 8.23941 4.14265 3.85406
internal_count=250 232 183 159 94 65 49
is_linear=0
shrinkage=0.05


Tree=490
num_leaves=10
num_cat=0
split_feature=19 2 30 16 26 26 26 27 24
split_gain=0.134982 0.253196 0.258798 0.208444 0.272414 0.319407 0.300508 0.283629 0.0225353
threshold=0.035083059197488227 -0.0075171832316455181 -0.019523591221267841 0.0029614993533720563 -0.0019613125363632795 0.018311682024720447 -0.01796537404307413 0.0068201055940260167 -0.0084446454129469811
decision_type=2 2 2 2 2 2 2 2 2
left_child=3 -2 -3 -1 6 -6 -5 -7 -4
right_child=1 2 8 4 5 7 -8 -9 -10
leaf_value=0.014852002871449164 0.01930445958823945 0.005835279882894528 -0.022570713894663585 -0.00080169488063245784 0.016847542366839524 -0.014422963790760527 -0.035377032155953551 0.011337781943415231 -0.035154518198556264
leaf_weight=2.6608994361013165 0.59603743162006173 0.7820940333185723 0.61752264760434672 1.5536975045688453 2.9275108161382377 2.7403097003698349 1.0552753915544579 1.751402501016855 0.8393705845810473
leaf_count=27 7 16 11 28 37 48 22 21 33
internal_value=0.000207477 -0.00965624 -0.0173658 0.00241125 -0.000889802 0.00399705 -0.0147867 -0.00437837 -0.0298207
internal_weight=15.5241 2.83502 2.23899 12.6891 10.0282 7.41922 2.60897 4.49171 1.45689
internal_count=250 67 60 183 156 106 50 69 44
is_linear=0
shrinkage=0.05


Tree=491
num_leaves=8
num_cat=0
split_feature=17 29 28 9 1 30 33
split_gain=0.234793 0.209418 0.298395 0.289097 0.395253 0.187175 0.287178
threshold=-0.000146379226086789 0.01020575744528507 -0.010406029466580867 183.96999969482422 -0.0028591696753669789 0.0078152197171895716 0.39500000000000007
decision_type=2 2 2 2 2 2 2
left_child=-1 2 5 4 -4 6 -2
right_child=1 -3 3 -5 -6 -7 -8
leaf_value=0.018150874517021787 0.011711540616425067 -0.017249008919018437 0.017612809018392791 -0.023108420801504301 -0.0063153298112596555 0.015404635345597554 -0.014089054235372159
leaf_weight=1.6908395066857362 2.4690405912697386 1.8576713316142548 2.1610111296176937 1.8081358955241746 8.5699941832572133 3.9937969204038382 1.9150725007057188
leaf_count=15 24 21 21 28 84 35 22
internal_value=0.000174159 -0.00116047 0.000268377 -0.00461308 -0.00149668 0.00757441 0.0004413
internal_weight=24.4656 22.7747 20.9171 12.5391 10.731 8.37791 4.38411
internal_count=250 235 214 133 105 81 46
is_linear=0
shrinkage=0.05


Tree=492
num_leaves=9
num_cat=0
split_feature=16 21 19 6 32 29 29 7
split_gain=0.12926 0.226657 0.33997 0.17886 0.38119 0.301749 0.302402 0.475809
threshold=0.0037703381678470343 0.0031394862378542059 -0.022900162063845483 1.1487420504224033 -0.27382870915070007 0.0036902644695857583 0.0010558219587901709 180.42219924926761
decision_type=2 2 2 2 2 2 2 2
left_child=1 2 -1 5 -5 6 7 -2
right_child=3 -3 -4 4 -6 -7 -8 -9
leaf_value=0.00047061053811376291 -0.016072656740514307 0.0087992556504318184 -0.034852661151291611 0.027179769916721244 -0.0037288659577657968 -0.014132329151057103 0.020766515085936854 0.010501452470240735
leaf_weight=1.410198076162487 3.0753855453804153 1.2967325905337928 1.3176423013210325 1.8784608216956256 2.1270504789426914 3.3707407601177684 1.9616191927343605 3.7242964636534452
leaf_count=24 32 13 38 18 26 39 19 41
internal_value=-0.00039402 -0.00841068 -0.0165918 0.00160527 0.0107663 -0.00141934 0.00347173 -0.00151758
internal_weight=20.1621 4.02457 2.72784 16.1376 4.00551 12.132 8.7613 6.79968
internal_count=250 75 62 175 44 131 92 73
is_linear=0
shrinkage=0.05


Tree=493
num_leaves=6
num_cat=0
split_feature=21 12 16 34 13
split_gain=0.126853 0.195087 0.389209 0.334594 0.281104
threshold=0.0041028034896761776 -0.00033154011087706861 0.0029614993533720563 0.44940629041341845 57.122273123638756
decision_type=2 2 2 2 2
left_child=1 -1 -3 -4 -5
right_child=-2 2 3 4 -6
leaf_value=-0.0094019762636210757 -0.015149879061468172 0.026756100189400746 0.017574547009110052 -0.026916268298700363 -0.00016490830925559006
leaf_weight=3.1430989289656273 1.2321933631319559 1.6951705645769823 2.2299008220434171 1.1799527658149598 5.8537376665044576
leaf_count=36 28 22 25 43 96
internal_value=0.000234868 0.00157916 0.00472867 0.000697812 -0.00465264
internal_weight=15.3341 14.1019 10.9588 9.26359 7.03369
internal_count=250 222 186 164 139
is_linear=0
shrinkage=0.05


Tree=494
num_leaves=8
num_cat=0
split_feature=23 23 11 29 21 27 29
split_gain=0.162434 0.270291 0.366036 0.296058 0.302088 0.17837 0.155351
threshold=-0.0073735535121085541 -0.0053980186425368051 183.69871932983401 -0.0028343717650526341 0.00055916833303382163 -0.022950688985176989 0.00012071370189115084
decision_type=2 2 2 2 2 2 2
left_child=5 -2 3 -3 -5 -1 -4
right_child=1 2 6 4 -6 -7 -8
leaf_value=0.0026986331736277417 0.018223863381167504 0.014949497889517424 -0.0032299178854071457 0.0073037966173687546 -0.0092814738592604199 -0.0187474445078675 -0.025714231965857311
leaf_weight=1.7566309981048109 2.2737167440354886 3.9351645316928687 1.3876310721971088 5.4612308954819948 5.5212756767868996 2.1638237833976772 1.7210849355906246
leaf_count=19 18 37 19 59 48 29 21
internal_value=0.000179302 0.00197873 -7.03099e-05 0.00318219 -0.00103418 -0.00913814 -0.015678
internal_weight=24.2206 20.3001 18.0264 14.9177 10.9825 3.92045 3.10872
internal_count=250 202 184 144 107 48 40
is_linear=0
shrinkage=0.05


Tree=495
num_leaves=6
num_cat=0
split_feature=14 0 0 5 7
split_gain=0.126207 0.22732 0.251017 0.241421 0.370958
threshold=0.32917502104834462 -0.0032192089313086698 -0.0015440340647152604 0.0046355379025429704 180.42219924926761
decision_type=2 2 2 2 2
left_child=-1 -2 -3 4 -4
right_child=1 2 3 -5 -6
leaf_value=-0.011354864764649355 0.017291721876928984 -0.016883899310070411 -0.013170930482784761 0.013885164609645312 0.0058948236364328452
leaf_weight=2.314856894779953 1.9224637746810973 2.12952656205744 4.3665270339697475 3.0814078310504565 6.1369838714599609
leaf_count=31 20 28 55 34 82
internal_value=-0.000378203 0.00106249 -0.00092295 0.00157904 -0.00203121
internal_weight=19.9518 17.6369 15.7144 13.5849 10.5035
internal_count=250 219 199 171 137
is_linear=0
shrinkage=0.05


Tree=496
num_leaves=10
num_cat=0
split_feature=19 2 30 26 26 34 34 4 24
split_gain=0.123759 0.23568 0.253776 0.197873 0.327821 0.267751 0.304726 0.282552 0.0227189
threshold=0.035083059197488227 -0.0075171832316455181 -0.019523591221267841 -0.0019613125363632795 -0.01796537404307413 0.40396951446877866 1.3938633070054414 0.0034742937176983767 -0.0084446454129469811
decision_type=2 2 2 2 2 2 2 2 2
left_child=3 -2 -3 4 -1 -5 -7 -8 -4
right_child=1 2 8 5 -6 6 7 -9 -10
leaf_value=0.0050263386905509185 0.018805178091683028 0.0060697305379888962 -0.022225776991269142 0.018805669303578444 -0.024396831404289016 -0.019226354828261395 0.01999061752396443 -0.006439214610545709 -0.035087317721854694
leaf_weight=2.3295135165099059 0.58578922506421838 0.77365532191470321 0.59908971656113907 2.9525301447138173 1.5947410797234614 1.4836240601725874 2.0995238348841667 1.9508552355691788 0.80433836299926043
leaf_count=37 7 16 11 31 28 34 24 29 33
internal_value=0.000223094 -0.00934736 -0.0169224 0.00235366 -0.00693067 0.00664682 0.000159761 0.00726075 -0.029597
internal_weight=15.1737 2.76287 2.17708 12.4108 3.92425 8.48653 5.534 4.05038 1.40343
internal_count=250 67 60 183 65 118 87 53 44
is_linear=0
shrinkage=0.05


Tree=497
num_leaves=8
num_cat=0
split_feature=25 25 29 19 22 23 22
split_gain=0.162131 0.237786 0.270839 0.347434 0.24648 0.423777 0.381178
threshold=-0.012490013162696876 -0.0007289725619990527 0.0036902644695857583 0.039165441810047892 -0.0060158955636722125 -0.0086735165594201673 -0.0012032368139320291
decision_type=2 2 2 2 2 2 2
left_child=-1 2 3 -2 -3 -6 -7
right_child=1 4 -4 -5 5 6 -8
leaf_value=-0.011907228627994135 -0.0075297083984358793 -0.014982180120704319 0.02382029287182303 0.018746461124546736 -0.020762786300638186 0.021256293881748392 -0.0010080967427946643
leaf_weight=2.4892966900952187 3.2201177850365701 2.9916003178805139 2.1397676318883896 2.0646205954253674 1.8349550310522342 2.7231379728764313 6.5377987325191356
leaf_count=30 30 31 19 20 25 29 66
internal_value=0.000173352 0.00157128 0.00881239 0.00273576 -0.002245 0.00118912 0.00553865
internal_weight=24.0013 21.512 7.42451 5.28474 14.0875 11.0959 9.26094
internal_count=250 220 69 50 151 120 95
is_linear=0
shrinkage=0.05


Tree=498
num_leaves=10
num_cat=0
split_feature=16 19 29 30 7 10 7 21 1
split_gain=0.127676 0.334545 0.372303 0.264921 0.459573 0.555999 0.245011 0.191737 0.155711
threshold=0.005615128553562913 -0.016555003938435228 0.00066787763764009089 0.0020930687228998273 180.42219924926761 0.0041244284402035857 177.03535079956058 -0.00040527243065019419 -0.00044304132910299993
decision_type=2 2 2 2 2 2 2 2 2
left_child=3 -2 -3 6 7 -6 -1 -5 -8
right_child=1 2 -4 4 5 -7 8 -9 -10
leaf_value=0.02143118651550225 -0.0095371876647027936 0.0019504070522457914 0.031083858111481233 -0.011041661477647435 -0.021677823756846418 0.015024816690435342 -0.014984372536135136 -0.036450743948491314 0.006399817113993002
leaf_weight=1.6036022510379568 2.5981831266544759 2.9360427958890787 1.7503731064498422 1.3827773714438083 1.6853845645673571 2.6610629418864846 1.4144422421231868 1.6033123377710579 2.1380993295460939
leaf_count=17 30 34 15 22 32 33 21 23 23
internal_value=-0.000407221 0.00485345 0.0128317 -0.00347575 -0.00958244 0.000792949 0.00520855 -0.0246845 -0.00211428
internal_weight=19.7733 7.2846 4.68642 12.4887 7.33254 4.34645 5.15614 2.98609 3.55254
internal_count=250 79 49 171 110 65 61 45 44
is_linear=0
shrinkage=0.05


Tree=499
num_leaves=7
num_cat=0
split_feature=21 0 21 23 23 12
split_gain=0.122894 0.355858 0.238811 0.315186 0.305531 0.451355
threshold=0.0029554208860244073 0.0012239995983152065 0.0021902928164430073 0.0045796882368773781 0.0018205661624105531 -0.00033154011087706861
decision_type=2 2 2 2 2 2
left_child=2 -2 3 4 5 -1
right_child=1 -3 -4 -5 -6 -7
leaf_value=-0.024298106960394486 -0.025112511299601133 0.013709594363409787 0.022158827322852289 -0.019194294691417847 0.024956902238525622 0.0056627402408551695
leaf_weight=1.564698211848732 1.5061802498530608 0.97070556227117766 1.3495608519297082 1.8123846473172296 1.4189430992119012 6.3931648223660904
leaf_count=20 32 20 18 39 19 102
internal_value=0.000279529 -0.00989791 0.00228996 -0.000106477 0.00358289 -0.000228249
internal_weight=15.0156 2.47689 12.5388 11.1892 9.37681 7.95786
internal_count=250 52 198 180 141 122
is_linear=0
shrinkage=0.05


Tree=500
num_leaves=7
num_cat=0
split_feature=31 13 13 22 8 6
split_gain=0.152662 0.267377 0.430831 0.227173 0.427062 0.211999
threshold=-0.1696193232013079 69.923888621356937 65.439168776898029 -0.0065167157848388104 9.6955652409157713e-05 1.0277532963066736
decision_type=2 2 2 2 2 2
left_child=5 2 3 -2 -5 -1
right_child=1 -3 -4 4 -6 -7
leaf_value=0.0033925936778978387 -0.013112906572308198 -0.011374771639319669 0.027533017140127861 0.015978574906257724 -0.0041515164413861083 -0.015051661374066841
leaf_weight=2.8950821077451137 2.0826247539371279 2.8759201611392191 1.8967719599604596 4.8069700300693494 5.8305269237607718 3.3731629885733128
leaf_count=28 24 35 15 46 67 35
internal_value=0.000162231 0.00256132 0.00530329 0.00198848 0.00494505 -0.00653291
internal_weight=23.7611 17.4928 14.6169 12.7201 10.6375 6.26825
internal_count=250 187 152 137 113 63
is_linear=0
shrinkage=0.05


Tree=501
num_leaves=6
num_cat=0
split_feature=29 27 24 24 30
split_gain=0.124124 0.272273 0.203933 0.272709 0.252944
threshold=-0.011664486998412603 0.024800363018661401 0.015935697666018548 0.010945829652386998 -0.0043147934207384822
decision_type=2 2 2 2 2
left_child=-1 2 3 4 -2
right_child=1 -3 -4 -5 -6
leaf_value=0.013457370666375736 0.013845475184936663 -0.018455773664112367 -0.011403270425237609 0.018473987782388217 -0.0043595891494108792
leaf_weight=1.4928828701376939 2.4889498334378031 2.1027792524546376 2.8625441594049326 2.422407502308487 8.1745789088308793
leaf_count=18 28 35 38 23 108
internal_value=-0.000398385 -0.00154429 0.00068546 0.00332987 -0.000110387
internal_weight=19.5441 18.0513 15.9485 13.0859 10.6635
internal_count=250 232 197 159 136
is_linear=0
shrinkage=0.05


Tree=502
num_leaves=10
num_cat=0
split_feature=3 16 2 34 3 25 25 13 20
split_gain=0.121538 0.487948 0.430371 0.200198 0.230587 0.320903 0.236652 0.329448 0.209454
threshold=0.018057137803906168 0.0035594704558886089 0.0088721437620499239 1.0076782550326 -0.0029201122758016891 -1.0000000180025095e-35 -0.011994860945266637 57.122273123638756 0.014874247912158968
decision_type=2 2 2 2 2 2 2 2 2
left_child=3 -2 -3 4 5 -1 -6 -8 -5
right_child=1 2 -4 8 6 -7 7 -9 -10
leaf_value=-0.026228528992353523 0.036572601796599068 0.016307082700079235 -0.034452079018977511 -0.023230634645500028 0.028593320189753371 0.0064646765551711607 -0.0087255398814689734 0.021516840257531068 -0.00052165699014100923
leaf_weight=1.3538030874915423 1.0504772104322921 0.91513710189610697 0.76808415865525603 1.8597765665035684 1.2120433934032897 1.6845320775173585 2.2844115495681785 1.4865100067108867 2.2364135095849633
leaf_count=20 10 12 31 37 15 22 44 20 39
internal_value=0.000309718 0.00983276 -0.00685524 -0.00183867 0.00275396 -0.00810257 0.00937366 0.00319611 -0.0108321
internal_weight=14.8512 2.7337 1.68322 12.1175 8.0213 3.03834 4.98296 3.77092 4.09619
internal_count=250 53 43 197 121 42 79 64 76
is_linear=0
shrinkage=0.05


Tree=503
num_leaves=7
num_cat=0
split_feature=25 17 23 19 29 26
split_gain=0.157691 0.254731 0.250487 0.277864 0.349622 0.153759
threshold=-0.018524975789588945 -9.9420338022226156e-05 -0.0073735535121085541 0.040467463007027978 0.0033149998586834433 0.029291716310164698
decision_type=2 2 2 2 2 2
left_child=-1 -2 5 4 -4 -3
right_child=1 2 3 -5 -6 -7
leaf_value=-0.014341937128737953 0.01583960528336336 -0.023076371094097166 -0.0095213641345118609 0.014405587787502859 0.0073539950698714406 -0.0014623263161992978
leaf_weight=1.7414647084660853 2.6442817561328438 1.8025857619941317 6.549607526510945 3.4690467789769182 5.7759679052978754 1.5138605926185844
leaf_count=24 23 28 66 35 59 15
internal_value=0.00013561 0.0012945 -0.000718013 0.00190501 -0.00161329 -0.0132102
internal_weight=23.4968 21.7554 19.1111 15.7946 12.3256 3.31645
internal_count=250 226 203 160 125 43
is_linear=0
shrinkage=0.05


Tree=504
num_leaves=9
num_cat=0
split_feature=14 14 29 6 2 3 4 22
split_gain=0.121527 0.213057 0.373309 0.410397 0.244355 0.361851 0.516553 0.281646
threshold=0.95059318943456372 0.77383615920621784 0.0033149998586834433 0.93949679644634798 0.0010787871603357149 0.0086687851114621867 0.005251074970357034 0.0036277120853195348
decision_type=2 2 2 2 2 2 2 2
left_child=1 4 3 -3 5 6 -1 -6
right_child=-2 2 -4 -5 7 -7 -8 -9
leaf_value=-0.031200945771083011 0.0088762391463327803 0.019776441687175836 -0.027572670983152577 -0.018109613135505576 -7.1322356235492232e-06 0.013902336124906635 0.0031094602846348561 0.023377630244861315
leaf_weight=2.045370684936648 3.0109145175665608 1.4186085648834699 1.976443759165704 1.4407656695693729 3.1749777351506054 1.7811001725494859 2.3658862207084894 2.1659936513751745
leaf_count=40 30 19 27 23 39 20 31 21
internal_value=-0.000355684 -0.00205379 -0.0108632 0.000686626 0.00163992 -0.00511912 -0.0127993 0.00947639
internal_weight=19.3801 16.3691 4.83582 2.85937 11.5333 6.19236 4.41126 5.34097
internal_count=250 220 69 42 151 91 71 60
is_linear=0
shrinkage=0.05


Tree=505
num_leaves=7
num_cat=0
split_feature=21 0 21 23 23 12
split_gain=0.121571 0.323509 0.225114 0.294568 0.286332 0.417326
threshold=0.0029554208860244073 0.0012239995983152065 0.0021902928164430073 0.0045796882368773781 0.0018205661624105531 -0.00033154011087706861
decision_type=2 2 2 2 2 2
left_child=2 -2 3 4 5 -1
right_child=1 -3 -4 -5 -6 -7
leaf_value=-0.02373076176511045 -0.024770903460933281 0.012766571921608773 0.021911649894666835 -0.018754583464981642 0.024523437503039779 0.0055228547326437198
leaf_weight=1.5131564768962524 1.4574709101580094 0.9468771326355635 1.3081785535905499 1.7627921898383636 1.3834836874157188 6.2745365884620714
leaf_count=20 32 20 18 39 19 102
internal_value=0.000291004 -0.00998795 0.00230978 -3.54546e-05 0.00356255 -0.000161152
internal_weight=14.6465 2.40435 12.2421 10.934 9.17118 7.78769
internal_count=250 52 198 180 141 122
is_linear=0
shrinkage=0.05


Tree=506
num_leaves=9
num_cat=0
split_feature=29 28 22 17 7 28 8 9
split_gain=0.147283 0.23306 0.222944 0.193984 0.250039 0.36612 0.297273 0.180064
threshold=0.01020575744528507 -0.010406029466580867 0.00050791732461208394 -5.709112967850908e-05 180.92050018310547 0.0099984555456110753 9.6955652409157713e-05 175.0434261322022
decision_type=2 2 2 2 2 2 2 2
left_child=1 2 7 -3 5 -5 -6 -1
right_child=-2 3 -4 4 6 -7 -8 -9
leaf_value=0.0025346476384303777 -0.013165359044897924 0.008090216453799896 -0.0027347903314407572 -0.014127120874304172 -0.00068608263539071169 0.010951575602719593 -0.028318606109485674 0.021491002186092775
leaf_weight=2.0564664024859702 1.9163744039833535 3.0617724135518083 3.1509606502950191 2.5529986843466741 1.7480328036472204 3.3847184218466282 2.1961486083455384 3.2052866769954562
leaf_count=20 22 32 35 25 22 33 30 31
internal_value=0.00011305 0.00130456 0.00778346 -0.00290638 -0.00631353 0.000168664 -0.0160721 0.0140822
internal_weight=23.2728 21.3564 8.41271 12.9437 9.8819 5.93772 3.94418 5.26175
internal_count=250 228 86 142 110 58 52 51
is_linear=0
shrinkage=0.05


Tree=507
num_leaves=9
num_cat=0
split_feature=16 19 29 5 30 7 32 33
split_gain=0.12348 0.297827 0.361185 0.252141 0.326185 0.46429 0.309492 0.165876
threshold=0.005615128553562913 -0.016555003938435228 0.00066787763764009089 0.0030684211450683683 0.0020930687228998273 180.42219924926761 -0.084334025285961747 0.50500000000000012
decision_type=2 2 2 2 2 2 2 2
left_child=3 -2 -3 6 7 -6 -1 -5
right_child=1 2 -4 4 5 -7 -8 -9
leaf_value=-0.031104940307496332 -0.0089137603478655937 0.0016571577925294284 0.030787287905444622 0.022125581738801282 -0.024318043405846763 0.0056574319072044792 0.0013485515084445303 0.0014297350556558943
leaf_weight=1.5922237611375751 2.5194673449732363 2.8553560292348257 1.6962447501718996 1.9179937066510304 2.2955187084153295 2.9543922692537308 1.3639120198786283 1.9550847345963118
leaf_count=31 30 34 15 20 31 39 25 25
internal_value=-0.000368997 0.00487856 0.0125131 -0.00344089 0.000671242 -0.00744932 -0.0161314 0.0116786
internal_weight=19.1502 7.07107 4.5516 12.0791 9.12299 5.24991 2.95614 3.87308
internal_count=250 79 49 171 115 70 56 45
is_linear=0
shrinkage=0.05


Tree=508
num_leaves=11
num_cat=0
split_feature=26 32 16 22 32 22 25 21 2 25
split_gain=0.120976 0.446178 0.24565 0.300857 0.214624 0.261229 0.381498 0.269357 0.0557468 4.3311e-05
threshold=0.033085713841337967 -0.0093521091960413159 0.0051812185011020301 -0.0072886065952298398 -0.29698826507291409 0.00085918318370781243 -0.0004555242770711842 -0.0007087950948867493 -0.0075171832316455181 -0.021786629683647082
decision_type=2 2 2 2 2 2 2 2 2 2
left_child=2 -2 4 -4 -1 7 -7 -6 -5 -10
right_child=1 -3 3 8 5 6 -8 -9 9 -11
leaf_value=0.018223960977755048 -0.030126741329146545 0.01218148964376828 0.0085640512295848369 -0.011662250548613754 -0.025920918309089547 -0.0068317244645675389 0.023731218900987908 0.0042915251762159082 -0.034714510610927257 -0.034016150782058795
leaf_weight=2.5940613858401758 1.2900320580229165 1.205464725848288 0.99841570481658015 0.38273747637867939 1.3921173065900805 1.9023722116835395 2.203918782295661 1.5694063901901243 0.35620677284896385 0.58932177280075715
leaf_count=35 34 18 11 10 19 29 23 23 8 40
internal_value=0.000326169 -0.0096895 0.002411 -0.012174 0.00592322 0.00140855 0.00957195 -0.00991038 -0.0277622 -0.0342792
internal_weight=14.4841 2.4955 11.9886 2.32668 9.66188 7.06781 4.10629 2.96152 1.32827 0.945529
internal_count=250 52 198 69 129 94 52 42 58 48
is_linear=0
shrinkage=0.05


Tree=509
num_leaves=7
num_cat=0
split_feature=25 17 23 19 29 26
split_gain=0.148207 0.221266 0.252155 0.249097 0.35006 0.150105
threshold=-0.012490013162696876 -9.9420338022226156e-05 -0.0073735535121085541 0.040467463007027978 0.0033149998586834433 0.029291716310164698
decision_type=2 2 2 2 2 2
left_child=-1 -2 5 4 -4 -3
right_child=1 2 3 -5 -6 -7
leaf_value=-0.011730442906246799 0.015160599386533025 -0.023033357336453536 -0.0094091810994143613 0.014631537331992062 0.0079805823251890215 -0.0014954993937800558
leaf_weight=2.3735094252042499 2.5796053297817769 1.7529040612280451 6.0777031118050093 3.1982219740748414 5.524568822234869 1.5022651478648184
leaf_count=30 23 28 63 33 58 15
internal_value=0.000101792 0.00146276 -0.000494246 0.00227681 -0.00112882 -0.0130936
internal_weight=23.0088 20.6353 18.0557 14.8005 11.6023 3.25517
internal_count=250 220 197 154 121 43
is_linear=0
shrinkage=0.05


Tree=510
num_leaves=6
num_cat=0
split_feature=14 0 0 10 2
split_gain=0.11772 0.205778 0.236871 0.226939 0.383079
threshold=0.32917502104834462 -0.0032192089313086698 -0.0015440340647152604 0.011213334880671446 0.011227351767943873
decision_type=2 2 2 2 2
left_child=-1 -2 -3 4 -4
right_child=1 2 3 -5 -6
leaf_value=-0.011192354515152832 0.017024247954331568 -0.016741672422702105 0.00074676790081355262 -0.012554008677187409 0.027333616989346429
leaf_weight=2.2083663630764958 1.8072867877781451 2.0241626393981322 8.9933472969569141 2.3070344291627416 1.595175809226929
leaf_count=31 20 28 122 31 18
internal_value=-0.000342304 0.00109016 -0.000839998 0.00165602 0.00475211
internal_weight=18.9354 16.727 14.9197 12.8956 10.5885
internal_count=250 219 199 171 140
is_linear=0
shrinkage=0.05


Tree=511
num_leaves=10
num_cat=0
split_feature=19 27 9 1 16 26 24 26 33
split_gain=0.117132 0.326788 0.291577 0.261837 0.407117 0.239276 0.379733 0.340318 6.17285e-05
threshold=-0.0083345785689715162 -0.021222573148696241 184.02539978027346 -0.0030187501705543625 0.0037703381678470343 0.012834827503857007 -0.007673206138650023 -0.0016088617798273306 0.03500000000000001
decision_type=2 2 2 2 2 2 2 2 2
left_child=2 -2 5 -3 -5 7 -7 -1 -6
right_child=1 3 -4 4 8 6 -8 -9 -10
leaf_value=-0.0094313767976157981 -0.035710459560715231 0.016719153573515753 0.017756845972164152 0.0023973360689217536 -0.034823470130124094 0.0076239320922842626 -0.029423101439132161 0.026060528341416773 -0.033987943988153822
leaf_weight=1.3568824573885652 0.75572100933641095 1.5523103300947685 2.6753167668357491 2.7671468853950532 0.31772962491959311 1.2646565400063994 1.52670481801033 1.3448035405017416 0.72654491488356143
leaf_count=28 16 27 29 32 7 16 28 13 54
internal_value=0.00030216 -0.00492826 0.00422061 -0.000591215 -0.00764136 -0.00237204 -0.0126385 0.00823524 -0.0342422
internal_weight=14.2878 6.11945 8.16836 5.36373 3.81142 5.49305 2.79136 2.70169 1.04427
internal_count=250 136 114 120 93 85 44 41 61
is_linear=0
shrinkage=0.05


Tree=512
num_leaves=9
num_cat=0
split_feature=29 28 22 17 7 24 8 27
split_gain=0.146505 0.212915 0.194791 0.175869 0.239247 0.352041 0.281777 0.169808
threshold=0.01020575744528507 -0.010406029466580867 0.00050791732461208394 -5.709112967850908e-05 180.92050018310547 0.01560440255260165 9.6955652409157713e-05 -0.0029067971266946708
decision_type=2 2 2 2 2 2 2 2
left_child=1 2 7 -3 5 -5 -6 -1
right_child=-2 3 -4 4 6 -7 -8 -9
leaf_value=0.0047074919892137312 -0.013267198112169934 0.0077869401227491728 -0.002388577608680522 -0.0091322177142963961 -0.00070673498533194536 0.01632510582559529 -0.027995311642845123 0.022880947276788799
leaf_weight=2.6527276486158371 1.8816619552671898 3.0061867740005264 3.0774178076535463 3.6563418693840486 1.7130884723737838 2.160447645932436 2.1125563345849514 2.4936087587848341
leaf_count=24 22 32 35 40 22 18 30 27
internal_value=9.51234e-05 0.00129975 0.00756263 -0.00277219 -0.00606417 0.000323035 -0.0157757 0.0135133
internal_weight=22.754 20.8724 8.22375 12.6486 9.64243 5.81679 3.82564 5.14634
internal_count=250 228 86 142 110 58 52 51
is_linear=0
shrinkage=0.05


Tree=513
num_leaves=8
num_cat=0
split_feature=14 33 14 3 6 14 6
split_gain=0.116971 0.205226 0.215308 0.283624 0.253213 0.413718 0.104674
threshold=0.95059318943456372 0.085000000000000006 0.77383615920621784 0.016066445877240824 0.69461096186048865 0.39149481654514878 0.82711966815918603
decision_type=2 2 2 2 2 2 2
left_child=1 6 4 -4 -3 -6 -1
right_child=-2 2 3 -5 5 -7 -8
leaf_value=-0.0048874283810569942 0.0087822536556065658 -0.014454969365627816 -0.027716910881634162 0.0013736095980330469 -0.0082422486515418402 0.014822290662293522 -0.027651977370539933
leaf_weight=0.95424367254600229 2.9404170317575327 1.6174293844960619 1.4331391658633941 2.0172476870939136 2.925759233068673 5.7956748534925282 1.0725188064388929
leaf_count=13 30 26 23 25 40 64 29
internal_value=-0.000375253 -0.00207776 0.000105819 -0.0107093 0.00371515 0.00708488 -0.0169339
internal_weight=18.7564 15.816 13.7893 3.45039 10.3389 8.72143 2.02676
internal_count=250 220 178 48 130 104 42
is_linear=0
shrinkage=0.05


Tree=514
num_leaves=10
num_cat=0
split_feature=3 16 2 34 3 25 8 13 20
split_gain=0.117983 0.456894 0.401696 0.187566 0.2025 0.288817 0.20514 0.349432 0.184609
threshold=0.018057137803906168 0.0035594704558886089 0.0088721437620499239 1.0076782550326 -0.0029201122758016891 -1.0000000180025095e-35 -0.0021555766361635734 59.081528632906831 0.014874247912158968
decision_type=2 2 2 2 2 2 2 2 2
left_child=3 -2 -3 4 5 -1 -6 -8 -5
right_child=1 2 -4 8 6 -7 7 -9 -10
leaf_value=-0.025633646560906238 0.036386076322548352 0.016088757971764733 -0.034382257649310348 -0.022804260340776233 0.021899385508069264 0.0062573529561346132 -0.014010544180261758 0.021464481648969507 -0.00089243876087165871
leaf_weight=1.2652157680131497 1.0033064708113681 0.87331628659740068 0.71864430606365204 1.753156027523801 1.8794833468273271 1.617665301542728 1.6808754235971721 1.1824971316382287 2.1280444024596363
leaf_count=20 10 12 31 37 25 22 39 15 39
internal_value=0.000329822 0.0099598 -0.00669491 -0.00184212 0.00271206 -0.00773871 0.00906442 0.000639703 -0.0107901
internal_weight=14.1022 2.59527 1.59196 11.5069 7.62574 2.88288 4.74286 2.86337 3.8812
internal_count=250 53 43 197 121 42 79 54 76
is_linear=0
shrinkage=0.05


Tree=515
num_leaves=7
num_cat=0
split_feature=25 19 12 9 23 17
split_gain=0.143663 0.217201 0.228953 0.337805 0.339289 0.186712
threshold=-0.018524975789588945 0.040467463007027978 -0.00033154011087706861 184.26502494812016 -0.002937974055206793 3.8069226234261601e-05
decision_type=2 2 2 2 2 2
left_child=-1 2 -2 4 -4 -3
right_child=1 5 3 -5 -6 -7
leaf_value=-0.014024327345794983 0.010784569068929311 0.020085902231063942 -0.013406390667777286 -0.026608059244764184 0.0045782347867225036 -0.00048373584547168713
leaf_weight=1.6657882039435232 3.1082429550588211 2.4973209649324408 3.9416705705225512 1.5035591805353767 7.8355697179213069 1.9762213286012409
leaf_count=24 28 31 43 27 78 19
internal_value=0.000105964 0.00123421 -0.00143121 -0.0042902 -0.00144096 0.0109991
internal_weight=22.5284 20.8626 16.389 13.2808 11.7772 4.47354
internal_count=250 226 176 148 121 50
is_linear=0
shrinkage=0.05


Tree=516
num_leaves=11
num_cat=0
split_feature=16 19 2 17 30 7 15 22 21 21
split_gain=0.115876 0.279707 0.351591 0.233443 0.280612 0.601388 0.322622 0.279782 0.195201 0.175337
threshold=0.005615128553562913 -0.016555003938435228 0.0084498791037993532 -1.6217353416146792e-05 0.0020930687228998273 180.42219924926761 0.0064539883533378884 0.0039113057008812744 -0.00040527243065019419 0.00020139240034111608
decision_type=2 2 2 2 2 2 2 2 2 2
left_child=3 -2 -3 7 6 8 -5 -1 -6 -7
right_child=1 2 -4 4 5 9 -8 -9 -10 -11
leaf_value=-0.035546706053038439 -0.008720410634267305 0.00059567193646168856 0.029247100554460871 -0.0061401386579793375 -0.0095022959202115884 -0.0045693259995451211 0.023182001312922779 3.7361083490264829e-05 -0.036238494290820676 0.020055064499005397
leaf_weight=1.1212465255521249 2.462230087723583 2.6214533764868966 1.8100712262094019 1.6533821336925032 1.2736759493127467 1.3329866272397342 2.1683471901342273 1.0888044182211158 1.4713095258921383 1.5795129332691429
leaf_count=27 30 30 19 21 21 22 24 15 23 18
internal_value=-0.000350137 0.00479118 0.0122984 -0.00338223 2.95518e-05 -0.00704103 0.0104965 -0.0180158 -0.0238329 0.00878503
internal_weight=18.583 6.89375 4.43152 11.6893 9.47921 5.65749 3.82173 2.21005 2.74499 2.9125
internal_count=250 79 49 171 129 84 45 42 44 40
is_linear=0
shrinkage=0.05


Tree=517
num_leaves=10
num_cat=0
split_feature=3 16 24 10 16 19 21 28 29
split_gain=0.114173 0.509614 0.30688 0.222713 0.267155 0.262553 0.410325 0.236305 0.1284
threshold=0.017827827799942856 0.0035594704558886089 -0.010831987329948721 0.0074152847757944168 0.0057031696737131028 -0.010555299724805454 -1.0000000180025095e-35 0.017842288638760365 0.004945750951052986
decision_type=2 2 2 2 2 2 2 2 2
left_child=3 -2 -3 4 5 8 -7 -6 -1
right_child=1 2 -4 -5 7 6 -8 -9 -10
leaf_value=0.021967417058801279 0.036246846383981755 0.018073413388794129 -0.025822772829310937 -0.01802790097591218 -0.034623581081707745 -0.031957229173814758 0.0054499636847581386 0.0061619244955072715 0.0046077011925670826
leaf_weight=2.1122005935758326 1.0747202970087539 0.67048099730163813 0.98029462876729645 1.8081322452053417 0.88982422766275682 1.0210314863361398 2.599528328748423 0.59102966112550348 2.1487951772287488
leaf_count=25 11 9 36 28 31 25 42 19 24
internal_value=0.0002759 0.00945119 -0.00799385 -0.00196277 0.00113983 0.0048009 -0.00509921 -0.0183455 0.013213
internal_weight=13.896 2.7255 1.65078 11.1705 9.36241 7.88156 3.62056 1.48085 4.261
internal_count=250 56 45 194 166 116 67 50 49
is_linear=0
shrinkage=0.05


Tree=518
num_leaves=7
num_cat=0
split_feature=25 25 1 22 23 17
split_gain=0.138265 0.21226 0.25689 0.226312 0.384166 0.439977
threshold=-0.012490013162696876 -0.0007289725619990527 0.0037154913085470924 -0.0060158955636722125 0.0066468461892038597 -4.8715974615662877e-05
decision_type=2 2 2 2 2 2
left_child=-1 2 -2 -3 5 -5
right_child=1 3 -4 4 -6 -7
leaf_value=-0.011466818581547768 0.017729149612998055 -0.01489364654429794 -0.0016937500453745894 0.018193157615110447 0.02064577632901855 -0.00966823517777924
leaf_weight=2.3081150269135859 3.6242044121027055 2.7910507507622269 3.2103979904204607 1.8108663391321922 2.030951188877224 6.5145337805151824
leaf_count=30 35 31 34 18 22 80
internal_value=0.000119905 0.00145828 0.00860569 -0.00225725 0.00114827 -0.00360807
internal_weight=22.2901 19.982 6.8346 13.1474 10.3564 8.3254
internal_count=250 220 69 151 120 98
is_linear=0
shrinkage=0.05


Tree=519
num_leaves=10
num_cat=0
split_feature=24 22 26 27 19 20 29 30 28
split_gain=0.116955 0.252546 0.368817 0.248755 0.383232 0.388834 0.33005 0.297703 0.178144
threshold=0.015935697666018548 0.0085163432706611992 -0.0016088617798273306 -0.015287047331454138 -0.051930076870410451 0.010893975772034438 -0.00067909459252551974 0.010064697192391227 -0.013345747581097465
decision_type=2 2 2 2 2 2 2 2 2
left_child=3 2 -2 8 -5 7 -7 -6 -1
right_child=1 -3 -4 4 5 6 -8 -9 -10
leaf_value=0.0019034442234056655 -0.035673675374352148 0.0095177731606276433 0.001184122241238145 -0.021874451606935227 0.027332312538921679 -0.020394131149154199 0.0083179362839318812 0.0019025503314299573 0.025008164962536425
leaf_weight=1.6279857787303629 1.3146620197221637 1.396263384260237 1.4031066270545116 1.9602505611255772 1.9453638216946254 2.4489321177825332 1.6927352468483148 2.8181681949645281 1.7111890390515334
leaf_count=25 23 17 17 29 21 36 25 40 17
internal_value=-0.000342043 -0.00776563 -0.016645 0.00180802 -0.00186004 0.00254562 -0.00865926 0.0122877 0.0137437
internal_weight=18.3187 4.11403 2.71777 14.2046 10.8654 8.9052 4.14167 4.76353 3.33917
internal_count=250 57 40 193 151 122 61 61 42
is_linear=0
shrinkage=0.05


Tree=520
num_leaves=7
num_cat=0
split_feature=21 16 33 26 22 24
split_gain=0.112656 0.176117 0.171919 0.314208 0.299954 0.0872795
threshold=0.0041028034896761776 0.0029614993533720563 0.92500000000000016 0.033085713841337967 0.0051204262257879005 -0.01445114893823962
decision_type=2 2 2 2 2 2
left_child=1 -1 3 4 -3 -5
right_child=-2 2 -4 5 -6 -7
leaf_value=0.014437110911403338 -0.015005591303737851 0.0055141831151439948 0.015988938800199991 -0.01026835085263432 -0.019621648145160729 -0.034649170821811882
leaf_weight=2.2158344704657784 1.1055488067213453 6.1052054329775256 1.2899970551952709 0.63422465836629272 1.4732986103044821 0.87145601341035195
leaf_count=28 28 96 18 13 40 27
internal_value=0.00029758 0.00164137 -0.00109168 -0.00351721 0.000627653 -0.0243795
internal_weight=13.6956 12.59 10.3742 9.08418 7.5785 1.50568
internal_count=250 222 194 176 136 40
is_linear=0
shrinkage=0.05


Tree=521
num_leaves=7
num_cat=0
split_feature=31 13 13 22 8 6
split_gain=0.136642 0.254781 0.283346 0.221754 0.337808 0.186476
threshold=-0.1696193232013079 69.923888621356937 65.183754518465165 -0.0065167157848388104 9.6955652409157713e-05 1.0277532963066736
decision_type=2 2 2 2 2 2
left_child=5 2 3 -2 -5 -1
right_child=1 -3 -4 4 -6 -7
leaf_value=0.0031665563312931327 -0.013111167176623698 -0.011671139831090756 0.023447782880959799 0.015567496511892299 -0.0031308285151099833 -0.014808374075036174
leaf_weight=2.6879498306661871 1.9308563768863702 2.6636756812222293 1.8463850207626809 4.4591231737285835 5.2704803110100329 3.1149563603103161
leaf_count=28 24 35 17 46 65 35
internal_value=9.96769e-05 0.00246165 0.00524877 0.00236703 0.0054387 -0.00648225
internal_weight=21.9734 16.1705 13.5068 11.6605 9.7296 5.80291
internal_count=250 187 152 135 111 63
is_linear=0
shrinkage=0.05


Tree=522
num_leaves=10
num_cat=0
split_feature=29 24 2 28 19 4 12 25 10
split_gain=0.113146 0.248957 0.241228 0.357344 0.294481 0.288796 0.272853 0.169837 0.161798
threshold=-0.011664486998412603 0.015935697666018548 0.0021375240689088808 -0.0032323439705244645 0.0061805013539215645 0.0053356876388764027 0.017445157650960195 0.0077943764213005426 0.0051659357219502296
decision_type=2 2 2 2 2 2 2 2 2
left_child=-1 2 4 6 5 -2 -4 -5 -3
right_child=1 8 3 7 -6 -7 -8 -9 -10
leaf_value=0.01341322636103867 -0.013063431487039657 -0.025126828705240925 0.0091331870216631635 0.026002717586176838 -0.027055702645505386 0.017876218641016663 -0.014589257355935997 0.0052951755402997954 -0.0032082988241909152
leaf_weight=1.3785992451012159 1.6912634284235566 1.6036818092688911 2.4016242017969516 2.3471677536144808 1.3861712813377378 1.3613027827814219 2.4473277041688561 1.7127189729362724 1.7725918581709263
leaf_count=18 31 27 31 30 26 16 29 20 22
internal_value=-0.000354753 -0.00148969 0.00157849 0.00632312 -0.00794429 0.000734216 -0.00283983 0.017267 -0.0136193
internal_weight=18.1024 16.7238 13.3476 8.90884 4.43874 3.05257 4.84895 4.05989 3.37627
internal_count=250 232 183 110 73 47 60 50 49
is_linear=0
shrinkage=0.05


Tree=523
num_leaves=9
num_cat=0
split_feature=3 16 2 26 17 10 14 32
split_gain=0.108602 0.41254 0.381214 0.172295 0.395524 0.215476 0.29236 0.371706
threshold=0.018057137803906168 0.0035594704558886089 0.0088721437620499239 0.028204673365416547 -1.0000000180025095e-35 0.0074152847757944168 0.79575363766126694 -0.3578991688138895
decision_type=2 2 2 2 2 2 2 2
left_child=3 -2 -3 5 -5 6 7 -1
right_child=1 2 -4 4 -6 -7 -8 -9
leaf_value=0.027266179408570398 0.036144275943649766 0.016070038714435252 -0.034310428543864416 0.0080624365860309417 -0.032123388218632198 -0.016598925627036892 0.025067922948183122 -0.0058827194774218466
leaf_weight=1.0269189379177959 0.92689256370067719 0.85082988906651713 0.67206622078083456 1.1434248583391311 1.3181994950864453 1.3769695060327647 1.4490819508209822 4.7914081887574875
leaf_count=14 10 12 31 18 38 18 17 92
internal_value=0.00031518 0.00984405 -0.00616326 -0.00178672 -0.0134571 0.00153659 0.00497277 -3.20288e-05
internal_weight=13.5558 2.44979 1.5229 11.106 2.46162 8.64438 7.26741 5.81833
internal_count=250 53 43 197 56 141 123 106
is_linear=0
shrinkage=0.05


Tree=524
num_leaves=8
num_cat=0
split_feature=25 25 1 13 4 8 33
split_gain=0.133471 0.202516 0.243788 0.211734 0.354858 0.238326 0.347158
threshold=-0.012490013162696876 -0.0007289725619990527 0.0037154913085470924 56.872859407589139 0.0053356876388764027 0.0013854049328745641 0.25500000000000006
decision_type=2 2 2 2 2 2 2
left_child=-1 2 -2 4 -3 -5 -7
right_child=1 3 -4 5 -6 6 -8
leaf_value=-0.011428310635526968 0.017464814983249664 0.014891500602746278 -0.001688612290851642 -0.0221472381344484 -0.011739038111276686 -0.017397015284842332 0.0084982713109886809
leaf_weight=2.2513624895364073 3.5475000962615075 3.4611143842339462 3.124676676467061 2.0684037767350674 1.9589504674077032 2.1994266454130411 3.1449320632964373
leaf_count=30 35 37 34 26 24 29 35
internal_value=9.87933e-05 0.00142931 0.00849499 -0.00224435 0.00526654 -0.00773617 -0.00215872
internal_weight=21.7564 19.505 6.67218 12.8328 5.42006 7.41276 5.34436
internal_count=250 220 69 151 61 90 64
is_linear=0
shrinkage=0.05


Tree=525
num_leaves=9
num_cat=0
split_feature=16 19 29 5 16 28 32 30
split_gain=0.109911 0.262931 0.33227 0.226756 0.309989 0.328965 0.287028 0.206825
threshold=0.005615128553562913 -0.016555003938435228 0.00066787763764009089 0.0030684211450683683 0.00510758990791491 0.016853323304191762 -0.084334025285961747 0.0020930687228998273
decision_type=2 2 2 2 2 2 2 2
left_child=3 -2 -3 6 5 7 -1 -5
right_child=1 2 -4 4 -6 -7 -8 -9
leaf_value=-0.030947260837860615 -0.0085773217223174148 0.001399260746780965 0.030310022364667611 0.010215446324227898 -0.019251250002296019 0.018694715731154599 0.0014135384917737322 -0.012597022138303705
leaf_weight=1.4679243678692731 2.3742689094506204 2.6606388706713906 1.5863992646336553 1.6395550332963447 1.587508496828377 2.7430225759744644 1.2850715606473411 2.5217627719976008
leaf_count=31 30 34 15 23 18 31 25 43
internal_value=-0.000362098 0.00474859 0.0121983 -0.00337142 0.000671301 0.00525207 -0.0158416 -0.00360893
internal_weight=17.8662 6.62131 4.24704 11.2448 8.49185 6.90434 2.753 4.16132
internal_count=250 79 49 171 115 97 56 66
is_linear=0
shrinkage=0.05


Tree=526
num_leaves=11
num_cat=0
split_feature=19 16 17 9 26 24 26 11 0 2
split_gain=0.109059 0.28928 0.321803 0.251746 0.211887 0.344199 0.315114 0.162066 0.0286341 0.000192157
threshold=-0.0083345785689715162 0.0039904734844943496 -0.00010723615079478905 184.02539978027346 0.012834827503857007 -0.007673206138650023 -0.0016088617798273306 183.53192932128908 -0.0032192089313086698 -0.00063053869170637256
decision_type=2 2 2 2 2 2 2 2 2 2
left_child=3 7 -3 4 6 -6 -1 -2 -4 -10
right_child=1 2 8 -5 5 -7 -8 -9 9 -11
leaf_value=-0.009534155104054573 0.01248515148559157 0.015787177145363925 -0.017701032579627976 0.017140104182485388 0.0073865922395257083 -0.029228090642189154 0.025812775773709253 -0.008779253662126384 -0.035151902243264151 -0.033898366098487648
leaf_weight=1.258056497666985 2.1265138951130216 0.48093800735659931 0.32105778483673941 2.54022819083184 1.19996028020978 1.3800429981201885 1.2640661390032617 1.5485277550760654 0.55444093851838261 0.68149958655703768
leaf_count=28 29 9 12 29 16 28 13 21 12 53
internal_value=0.000372516 -0.00485331 -0.0199622 0.00427904 -0.00212418 -0.0121986 0.00818142 0.00352511 -0.0310048 -0.0344607
internal_weight=13.3553 5.71298 2.03794 7.64235 5.10213 2.58 2.52212 3.67504 1.557 1.23594
internal_count=250 136 86 114 85 44 41 50 77 65
is_linear=0
shrinkage=0.05


Tree=527
num_leaves=7
num_cat=0
split_feature=7 11 31 2 31 4
split_gain=0.147598 0.221443 0.2747 0.297874 0.274589 0.223098
threshold=171.94414901733401 171.61750625610355 -0.1696193232013079 0.0084498791037993532 -0.12228692610480486 0.003448899867239967
decision_type=2 2 2 2 2 2
left_child=-1 -2 3 -3 -4 -6
right_child=1 2 4 -5 5 -7
leaf_value=0.013538396444981582 -0.017876318507820139 0.00014456983074954139 0.021628232558855359 -0.0255672647662578 -0.0034201898089141719 0.012015208677579008
leaf_weight=1.8581894990056778 1.8084418326616312 2.9071747809648576 1.9317610021680653 1.8389852955006061 7.8052245639264459 3.3439206331968307
leaf_count=24 21 31 21 22 88 43
internal_value=6.9519e-05 -0.0012051 0.000486092 -0.00981794 0.00422472 0.00120929
internal_weight=21.4937 19.6355 17.8271 4.74616 13.0809 11.1491
internal_count=250 226 205 53 152 131
is_linear=0
shrinkage=0.05


Tree=528
num_leaves=9
num_cat=0
split_feature=23 1 31 14 16 30 20 0
split_gain=0.110331 0.163925 0.437138 0.26147 0.429967 0.427679 0.171534 0.167561
threshold=-0.0093579012357998242 -0.0032168156804835419 -0.20369610133638258 0.77383615920621784 0.0049267524184035535 0.0090850312336174816 -0.013208764432650065 0.00050087829127321026
decision_type=2 2 2 2 2 2 2 2
left_child=-1 2 -2 5 6 7 -5 -3
right_child=1 3 -4 4 -6 -7 -8 -9
leaf_value=0.0086721701673216026 0.0096544989721297492 0.02712382519040565 -0.027845487353811673 -0.0087712122622159543 0.0051835719095511832 -0.0092636582868114211 -0.035275212782985066 0.0058233607517758192
leaf_weight=2.8330415878444937 1.3375933505594733 2.1891806712374042 1.8547121938318039 1.1506689230445775 3.1035217614844441 2.2818635308649391 1.3003789810463784 1.5966752911917863
leaf_count=36 13 25 32 23 32 38 25 26
internal_value=-0.000368376 -0.00209723 -0.0121328 0.000659249 -0.00717906 0.00783467 -0.0228326 0.0181404
internal_weight=17.6476 14.8146 3.19231 11.6223 5.55457 6.06772 2.45105 3.78586
internal_count=250 214 45 169 80 89 48 51
is_linear=0
shrinkage=0.05


Tree=529
num_leaves=8
num_cat=0
split_feature=19 16 26 26 34 34 26
split_gain=0.103355 0.181362 0.223694 0.2581 0.251014 0.319417 0.180735
threshold=0.035083059197488227 0.0029614993533720563 -0.0019613125363632795 -0.01796537404307413 0.40396951446877866 1.3938633070054414 -0.0016088617798273306
decision_type=2 2 2 2 2 2 2
left_child=1 -1 3 -3 -4 -6 -2
right_child=6 2 4 -5 5 -7 -8
leaf_value=0.015017055330295171 0.0031334472091927774 -0.00047977780065104549 0.016682346787683277 -0.035073666395187025 -0.0263054856224052 0.0051959248817038811 -0.024675393062809109
leaf_weight=2.2615746445953837 1.3280094875954094 1.3313661958090963 2.3903410173952579 0.90613950649276187 1.1298324286472055 2.7964203818701208 1.0432721105171374
leaf_count=27 31 28 28 22 31 47 36
internal_value=0.000352287 0.00242495 -0.000904209 -0.0144895 0.00390807 -0.00386903 -0.00910137
internal_weight=13.187 10.8157 8.5541 2.23751 6.31659 3.92625 2.37128
internal_count=250 183 156 50 106 78 67
is_linear=0
shrinkage=0.05


Tree=530
num_leaves=7
num_cat=0
split_feature=7 11 31 2 31 4
split_gain=0.138632 0.205563 0.248937 0.280604 0.257028 0.205199
threshold=171.94414901733401 171.61750625610355 -0.1696193232013079 0.0084498791037993532 -0.12228692610480486 0.003448899867239967
decision_type=2 2 2 2 2 2
left_child=-1 -2 3 -3 -4 -6
right_child=1 2 4 -5 5 -7
leaf_value=0.013184230277838688 -0.017315819074746306 0.00026548604561734719 0.021075146534779224 -0.024912856959618944 -0.0033122957315562754 0.011561645183223872
leaf_weight=1.8451818805187965 1.787104813382032 2.8806737232953372 1.8930581118911565 1.7967788111418483 7.7518375865183646 3.3084628051146865
leaf_count=24 21 31 21 22 88 43
internal_value=8.7258e-05 -0.00115728 0.000480594 -0.00940643 0.00405079 0.00113694
internal_weight=21.2631 19.4179 17.6308 4.67745 12.9534 11.0603
internal_count=250 226 205 53 152 131
is_linear=0
shrinkage=0.05


Tree=531
num_leaves=10
num_cat=0
split_feature=24 22 26 27 19 20 29 30 28
split_gain=0.111271 0.234096 0.365839 0.226567 0.340598 0.354573 0.299764 0.278784 0.155942
threshold=0.015935697666018548 0.0085163432706611992 1.0000000180025095e-35 -0.015287047331454138 -0.051930076870410451 0.010893975772034438 -0.00067909459252551974 0.010064697192391227 -0.013345747581097465
decision_type=2 2 2 2 2 2 2 2 2
left_child=3 2 -2 8 -5 7 -7 -6 -1
right_child=1 -3 -4 4 5 6 -8 -9 -10
leaf_value=0.0021288265215962622 -0.035475985857221427 0.0092645376016150249 0.0021835695644917938 -0.021146719264134473 0.026959706312062875 -0.019997945221348342 0.0080899845857853453 0.0017289773485027124 0.024274723046537564
leaf_weight=1.5570289525203409 1.2860091542825101 1.3251387663185594 1.2935388032346962 1.8685222845524556 1.8407329140463824 2.3310206485912208 1.6032311485614625 2.7018246739171445 1.6240139156579978
leaf_count=25 24 17 16 29 21 36 25 40 17
internal_value=-0.00038125 -0.00781653 -0.0165912 0.00176511 -0.0018232 0.00243624 -0.00855195 0.011953 0.0134349
internal_weight=17.4311 3.90469 2.57955 13.5264 10.3453 8.47681 3.93425 4.54256 3.18104
internal_count=250 57 40 193 151 122 61 61 42
is_linear=0
shrinkage=0.05


Tree=532
num_leaves=6
num_cat=0
split_feature=21 30 30 28 21
split_gain=0.103798 0.160742 0.29167 0.195223 0.204899
threshold=0.0041028034896761776 -0.012568522530608526 -0.0034444174679946755 -0.048363642012562928 -0.0006068239891997006
decision_type=2 2 2 2 2
left_child=1 -1 -3 -4 -5
right_child=-2 2 3 4 -6
leaf_value=0.01604281203574006 -0.01481101851029995 -0.02451806164066251 -0.011391093416800405 0.015982188797583573 -0.001127513266718505
leaf_weight=1.6692852861015115 1.0411611865274615 1.1413594696205098 2.0329992659389937 3.0502495572436565 4.1043601054698282
leaf_count=32 28 31 27 48 84
internal_value=0.000332784 0.0016469 -0.000679648 0.00228175 0.00616693
internal_weight=13.0394 11.9983 10.329 9.18761 7.15461
internal_count=250 222 190 159 132
is_linear=0
shrinkage=0.05


Tree=533
num_leaves=8
num_cat=0
split_feature=23 23 11 29 3 12 29
split_gain=0.134987 0.232819 0.318824 0.251046 0.2505 0.163146 0.110343
threshold=-0.0073735535121085541 -0.0053980186425368051 183.69871932983401 -0.0028343717650526341 0.010451508420931456 0.0059906853781618195 0.00031498031954080302
decision_type=2 2 2 2 2 2 2
left_child=5 -2 3 -3 -5 -1 -4
right_child=1 2 6 4 -6 -7 -8
leaf_value=0.0047647462459618692 0.017970250783909261 0.014660632715056632 -0.0049995884859416473 0.0074992612353800524 -0.0087574728983478255 -0.017666953491979009 -0.025292303846731163
leaf_weight=1.3222805485129385 1.992235567420727 3.4359860476106432 1.254600283224135 4.4756775284185917 5.035855719819665 2.0945765264332294 1.4373694262467323
leaf_count=16 18 37 20 56 51 32 20
internal_value=0.00010957 0.00187224 -0.00017841 0.00307678 -0.00110782 -0.00898617 -0.0158348
internal_weight=21.0486 17.6317 15.6395 12.9475 9.51153 3.41686 2.69197
internal_count=250 202 184 144 107 48 40
is_linear=0
shrinkage=0.05


Tree=534
num_leaves=8
num_cat=0
split_feature=24 22 26 24 27 31 2
split_gain=0.104876 0.224463 0.355555 0.213372 0.161135 0.274981 0.270223
threshold=0.015935697666018548 0.0085163432706611992 1.0000000180025095e-35 0.010945829652386998 -0.015287047331454138 -0.21039147547653703 -0.00084791142719176083
decision_type=2 2 2 2 2 2 2
left_child=3 2 -2 4 -1 -6 -7
right_child=1 -3 -4 -5 5 6 -8
leaf_value=0.010050324307720349 -0.035402237168763472 0.0090647455982092902 0.0020758926400829178 0.015439533012753285 0.013991739679932761 -0.027593860936622305 -0.0035958019598360106
leaf_weight=2.4774342495948067 1.2446851236745713 1.3230302641168235 1.2873787377029655 2.3424082882702342 1.63726241653785 1.4977168703917403 5.4109882509801572
leaf_count=36 24 17 16 27 19 33 78
internal_value=-0.000360668 -0.00762608 -0.0163472 0.00173489 -0.00117727 -0.00443209 -0.00879827
internal_weight=17.2209 3.85509 2.53206 13.3658 11.0234 8.54597 6.90871
internal_count=250 57 40 193 166 130 111
is_linear=0
shrinkage=0.05


Tree=535
num_leaves=9
num_cat=0
split_feature=27 4 30 13 20 2 3 7
split_gain=0.10293 0.177918 0.188849 0.319 0.456361 0.271353 0.401206 0.178021
threshold=-0.025565756823225868 0.0021647214180127586 0.0068599290075537231 58.161939019989298 0.05962952566492364 -0.0015655103236245636 0.015368633968586455 183.98255004882813
decision_type=2 2 2 2 2 2 2 2
left_child=-1 -2 3 7 -5 -4 -7 -3
right_child=1 2 5 4 -6 6 -8 -9
leaf_value=-0.010885645015754683 0.019204981720996717 -0.03450089846396074 0.021017767765718828 -0.015371705449668774 0.025134742683249375 -0.018699146629628974 0.016968740078673137 -0.0018568711353591128
leaf_weight=1.7658271605614579 1.3387906085699786 1.2394192147767151 1.9603478554636238 1.5191107245627793 1.2822883268818257 1.7496420626994225 1.4350713719613848 0.62989576393738378
leaf_count=30 17 51 21 33 23 35 28 12
internal_value=0.000330788 0.00210641 -0.000225695 -0.00750464 0.00316937 0.00638217 -0.00262675 -0.023501
internal_weight=12.9204 11.1546 9.81578 4.67071 2.8014 5.14506 3.18471 1.86931
internal_count=250 220 203 119 56 84 63 63
is_linear=0
shrinkage=0.05


Tree=536
num_leaves=9
num_cat=0
split_feature=29 28 22 27 27 9 12 9
split_gain=0.131034 0.195368 0.197082 0.176169 0.286996 0.271703 0.240253 0.152062
threshold=0.01020575744528507 -0.010406029466580867 0.00050791732461208394 -0.0026260437356631079 0.004165866948583786 177.9173492431641 0.016675694758207127 175.0434261322022
decision_type=2 2 2 2 2 2 2 2
left_child=1 2 7 5 -5 -3 -6 -1
right_child=-2 3 -4 4 6 -7 -8 -9
leaf_value=0.0027537471786785502 -0.012969157425110098 -0.0098485598886904682 -0.0028754606457106219 -0.025451910094909574 0.0040659143895428315 0.018565272740800064 -0.017364471628717973 0.021068861625450595
leaf_weight=1.8816662989556832 1.7579923216253508 1.4500350970774936 2.8411976676434278 1.6503206286579315 4.5696426928043365 2.004273016937077 1.8321911599487064 2.8494589794427156
leaf_count=20 22 18 35 19 60 24 21 31
internal_value=9.29659e-05 0.00129656 0.00753358 -0.00280798 -0.00686016 0.00663783 -0.00206742 0.0137846
internal_weight=20.8368 19.0788 7.57232 11.5065 8.05215 3.45431 6.40183 4.73113
internal_count=250 228 86 142 100 42 81 51
is_linear=0
shrinkage=0.05


Tree=537
num_leaves=9
num_cat=0
split_feature=16 5 23 34 8 15 7 16
split_gain=0.107318 0.231707 0.276921 0.211262 0.293959 0.369996 0.287162 0.277716
threshold=0.005615128553562913 0.0032671142157315813 -0.0040759159234969302 1.9770031867266977 9.6955652409157713e-05 0.0064539883533378884 180.42219924926761 0.0037703381678470343
decision_type=2 2 2 2 2 2 2 2
left_child=3 -2 -3 4 5 -1 -6 -8
right_child=1 2 -4 -5 6 -7 7 -9
leaf_value=-0.03487719700568459 0.019521757975766926 0.015367425877095262 -0.010710823437210991 -0.023021314886078517 -0.0078717197508044231 0.0019375278476452653 -0.0020834787937611585 0.024460860389806133
leaf_weight=1.2430401867022758 1.8769836598075915 1.5802694670855997 2.8609367292374372 1.2186581594869483 2.709465246880427 1.5134310033172367 1.714038369245827 2.3178466688841581
leaf_count=33 22 18 39 23 36 24 29 26
internal_value=-0.000375448 0.0047931 -0.00143166 -0.0034227 -0.000908022 -0.0146642 0.00471674 0.0131763
internal_weight=17.0347 6.31819 4.44121 10.7165 9.49782 2.75647 6.74135 4.03189
internal_count=250 79 57 171 148 57 91 55
is_linear=0
shrinkage=0.05


Tree=538
num_leaves=10
num_cat=0
split_feature=19 2 30 16 26 26 34 34 34
split_gain=0.096515 0.190879 0.205409 0.178814 0.207193 0.24506 0.238676 0.286561 0.022579
threshold=0.035083059197488227 -0.0075171832316455181 -0.019523591221267841 0.0029614993533720563 -0.0019613125363632795 -0.01796537404307413 0.40396951446877866 1.3938633070054414 0.92352311075304616
decision_type=2 2 2 2 2 2 2 2 2
left_child=3 -2 -3 -1 5 -5 -6 -8 -4
right_child=1 2 8 4 6 -7 7 -9 -10
leaf_value=0.015026893919719992 0.018737864676873325 0.0063217827807869852 -0.020727471359863262 -0.00053855200610567464 0.016351354308093157 -0.034984890266954984 -0.025828392019556296 0.0046607031017672348 -0.03487081267317034
leaf_weight=2.2059083748608819 0.48929251264780793 0.63762602221686404 0.48272825824096843 1.288097102660686 2.3147611771710217 0.86176489084027519 1.0781945788767191 2.7019998021423817 0.67927677766419947
leaf_count=27 7 16 16 28 28 22 31 47 28
internal_value=0.000345906 -0.00895331 -0.0164821 0.00238262 -0.00100036 -0.0143462 0.00370711 -0.00403546 -0.0289953
internal_weight=12.7396 2.28892 1.79963 10.4507 8.24482 2.14986 6.09496 3.78019 1.16201
internal_count=250 67 60 183 156 50 106 78 44
is_linear=0
shrinkage=0.05


Tree=539
num_leaves=7
num_cat=0
split_feature=25 17 23 7 19 27
split_gain=0.131273 0.196064 0.223755 0.219751 0.229053 0.130469
threshold=-0.012490013162696876 -9.9420338022226156e-05 -0.0073735535121085541 172.0082847595215 0.040467463007027978 -0.020411204130388324
decision_type=2 2 2 2 2 2
left_child=-1 -2 5 -4 -5 -3
right_child=1 2 3 4 -6 -7
leaf_value=-0.01172222659470515 0.015021356138925933 -0.0010669304038350216 0.019418050856616978 -0.0040067248593232364 0.012667060551970075 -0.022365210732266022
leaf_weight=2.1089293551631298 2.3248138986527946 1.2797099519521 1.63473294116556 8.9329793178476375 2.6769559755921355 1.6412422284483987
leaf_count=30 23 16 21 104 29 27
internal_value=9.65525e-05 0.00144455 -0.000507966 0.00225453 -0.000162174 -0.0130341
internal_weight=20.5994 18.4904 16.1656 13.2447 11.6099 2.92095
internal_count=250 220 197 154 133 43
is_linear=0
shrinkage=0.05


Tree=540
num_leaves=11
num_cat=0
split_feature=16 19 2 17 30 7 15 21 21 8
split_gain=0.101025 0.229151 0.299784 0.211358 0.259646 0.532967 0.260408 0.249124 0.168302 0.159203
threshold=0.005615128553562913 -0.016555003938435228 0.0084498791037993532 -1.6217353416146792e-05 0.0020930687228998273 180.42219924926761 0.0067091530095798211 0.0014189416767858012 -0.00040527243065019419 0.0017569809875059479
decision_type=2 2 2 2 2 2 2 2 2 2
left_child=3 -2 -3 7 6 8 -5 -1 -6 -7
right_child=1 2 -4 4 5 9 -8 -9 -10 -11
leaf_value=-0.035446563468433508 -0.0080615886218885369 0.00047346607261506118 0.028325956105778878 -0.0032467087207355785 -0.0098832850568837949 -0.0036949393909721153 0.02420114967319334 -0.00012276251872417459 -0.035985536317669299 0.020872647714279075
leaf_weight=1.0111682044807828 2.2624960653483868 2.36516529507935 1.6332094017416237 1.7082085423171522 1.1631821463815868 1.3234741485212 1.748770357109606 0.98570726253092278 1.3165014074184 1.314260598272085
leaf_count=26 30 30 19 23 21 22 22 16 23 18
internal_value=-0.000378659 0.00465474 0.0118503 -0.00335971 5.214e-05 -0.00709911 0.0106382 -0.0180099 -0.0237414 0.00854595
internal_weight=16.8321 6.26087 3.99837 10.5713 8.5744 5.11742 3.45698 1.99688 2.47968 2.63773
internal_count=250 79 49 171 129 84 45 42 44 40
is_linear=0
shrinkage=0.05


Tree=541
num_leaves=7
num_cat=0
split_feature=21 0 21 23 23 12
split_gain=0.0966493 0.273551 0.189022 0.240576 0.247925 0.354238
threshold=0.0029554208860244073 0.0012239995983152065 0.0021902928164430073 0.0045796882368773781 0.0018205661624105531 -0.00033154011087706861
decision_type=2 2 2 2 2 2
left_child=2 -2 3 4 5 -1
right_child=1 -3 -4 -5 -6 -7
leaf_value=-0.023351316219303232 -0.024627888960892463 0.012658834628522376 0.021721853432277265 -0.018451415931400435 0.024384051758667979 0.0053913188056004327
leaf_weight=1.3376565016806097 1.2233029485214513 0.82269964390434314 1.1135607484029595 1.4960932853864504 1.1962289840448646 5.3970354546327153
leaf_count=20 32 20 18 39 19 102
internal_value=0.000309903 -0.00963486 0.00224025 -6.09982e-05 0.00340818 -0.000317595
internal_weight=12.5866 2.046 10.5406 9.42701 7.93092 6.73469
internal_count=250 52 198 180 141 122
is_linear=0
shrinkage=0.05


Tree=542
num_leaves=6
num_cat=0
split_feature=25 17 23 19 29
split_gain=0.123107 0.188232 0.209032 0.225569 0.35683
threshold=-0.012490013162696876 -9.9420338022226156e-05 -0.0086735165594201673 0.040467463007027978 0.0033149998586834433
decision_type=2 2 2 2 2
left_child=-1 -2 -3 4 -4
right_child=1 2 3 -5 -6
leaf_value=-0.011381162088271037 0.014788684488261325 -0.01490828689969164 -0.010331432495484641 0.013754998844157868 0.0078992125793990089
leaf_weight=2.0878976951353279 2.3059816360473677 2.1727952361106917 5.6245804294012398 3.0592646040022364 5.1341488566249609
leaf_count=30 23 34 68 35 60
internal_value=0.000121318 0.0014339 -0.000491953 0.00177493 -0.00163163
internal_weight=20.3847 18.2968 15.9908 13.818 10.7587
internal_count=250 220 197 163 128
is_linear=0
shrinkage=0.05


Tree=543
num_leaves=8
num_cat=0
split_feature=29 24 24 2 0 9 19
split_gain=0.107866 0.227825 0.233826 0.197522 0.323347 0.257186 0.142174
threshold=-0.011664486998412603 0.015935697666018548 0.010945829652386998 0.0021375240689088808 0.0020609394807703523 173.68649902343753 -0.020483140892346704
decision_type=2 2 2 2 2 2 2
left_child=-1 2 3 5 -5 -2 -3
right_child=1 6 -4 4 -6 -7 -8
leaf_value=0.013772253078493205 0.0073916985528502 -0.027588578790038745 0.016609339902586652 0.010985611477113811 -0.012077322320835339 -0.021753940260010374 -0.005387712250530338
leaf_weight=1.2500124983489538 1.1623479917179778 1.1480513578280809 2.1306734904646865 4.5390031922142953 2.2847788305953145 2.1699272331316024 1.9393168096430589
leaf_count=18 18 23 24 65 29 47 26
internal_value=-0.000352503 -0.00150094 0.00155013 -0.00160919 0.00326354 -0.0115875 -0.0136432
internal_weight=16.6241 15.3741 12.2867 10.1561 6.82378 3.33228 3.08737
internal_count=250 232 183 159 94 65 49
is_linear=0
shrinkage=0.05


Tree=544
num_leaves=9
num_cat=0
split_feature=27 16 23 22 31 0 6 27
split_gain=0.095027 0.180626 0.182509 0.352087 0.20026 0.377669 0.197916 0.0377599
threshold=0.030911446345040065 0.0026074048489300988 0.0045796882368773781 -0.0080930277520570009 -0.027126977648964778 -0.0016496594512689919 1.041203696530945 -0.00172329788296377
decision_type=2 2 2 2 2 2 2 2
left_child=1 -1 4 -4 5 -3 -6 -5
right_child=-2 2 3 7 6 -7 -8 -9
leaf_value=0.017552081017419625 0.011966681679276725 0.013224742631990364 0.015718573786196146 -0.018714348318675671 0.015940491012913935 -0.02082024600065998 -0.0067651984410430493 -0.035242349687101431
leaf_weight=1.1362981013953675 1.535503153223545 1.2686730900313685 0.60546618327498469 0.53442468005232524 2.6037443403620282 2.2759908186271782 1.5200065664248539 0.97786464367527481
leaf_count=14 28 19 7 20 43 58 27 34
internal_value=0.00031993 -0.00131739 -0.00350838 -0.0165017 7.99388e-05 -0.00863518 0.00757122 -0.0294016
internal_weight=12.458 10.9225 9.78617 2.11776 7.66841 3.54466 4.12375 1.51229
internal_count=250 222 208 61 147 77 70 54
is_linear=0
shrinkage=0.05


Tree=545
num_leaves=10
num_cat=0
split_feature=29 28 31 27 27 9 31 22 27
split_gain=0.127184 0.194718 0.187247 0.158649 0.263663 0.247337 0.233461 0.138718 0.16278
threshold=0.01020575744528507 -0.010406029466580867 -0.1934474705809596 -0.0026260437356631079 0.004165866948583786 177.9173492431641 -0.017761918578757339 0.00050791732461208394 -0.0029067971266946708
decision_type=2 2 2 2 2 2 2 2 2
left_child=1 2 -1 5 -5 -3 -6 8 -4
right_child=-2 3 7 4 6 -7 -8 -9 -10
leaf_value=-0.007586822604310409 -0.012970411103233041 -0.0097467552852517209 0.0073480389113007478 -0.025091121113552429 0.0068735868893121197 0.017814599936744294 -0.012624440763907891 0.00011493974173656 0.027541106166843521
leaf_weight=1.5891301929950712 1.7054745750501741 1.4046819061040916 2.0995710175484414 1.5722065027803145 3.3150245845317872 1.9357809592038391 2.8594983858056335 1.7635557092726228 1.9022073661908554
leaf_count=19 22 18 20 19 45 24 36 24 23
internal_value=9.30337e-05 0.00130113 0.00760938 -0.00288331 -0.00681086 0.00622491 -0.00215619 0.011798 0.0169466
internal_weight=20.1471 18.4417 7.35446 11.0872 7.74673 3.34046 6.17452 5.76533 4.00178
internal_count=250 228 86 142 100 42 81 67 43
is_linear=0
shrinkage=0.05


Tree=546
num_leaves=6
num_cat=0
split_feature=29 27 24 24 30
split_gain=0.102941 0.219513 0.161668 0.216254 0.203715
threshold=-0.011664486998412603 0.024800363018661401 0.015935697666018548 0.010945829652386998 -0.0043147934207384822
decision_type=2 2 2 2 2
left_child=-1 2 3 4 -2
right_child=1 -3 -4 -5 -6
leaf_value=0.013502845642197562 0.013430350147264328 -0.018197052609903851 -0.011234703918570258 0.017944226108678948 -0.0042497258444491835
leaf_weight=1.2379730045795465 2.1278677331283662 1.7411116026341904 2.3535527060739687 2.0300743337720624 6.9533076380612338
leaf_count=18 28 35 38 23 108
internal_value=-0.000361954 -0.00149074 0.000669524 0.00319104 -0.000106995
internal_weight=16.4439 15.2059 13.4648 11.1112 9.08118
internal_count=250 232 197 159 136
is_linear=0
shrinkage=0.05


Tree=547
num_leaves=7
num_cat=0
split_feature=27 4 4 30 13 2
split_gain=0.0968781 0.161753 0.188222 0.202687 0.46469 0.191249
threshold=-0.025565756823225868 0.0021647214180127586 0.0023545452411787319 0.0068599290075537231 58.161939019989298 -0.0027713742117398961
decision_type=2 2 2 2 2 2
left_child=-1 -2 -3 4 -4 -5
right_child=1 2 3 5 -6 -7
leaf_value=-0.010789181507487845 0.018910978053096258 -0.02275543113958306 -0.026391106911864672 0.02255677807937935 0.0081026337622994472 0.0012662008036818054
leaf_weight=1.6914671732811264 1.2602295046672214 0.83971822098828752 1.6571514701936374 1.7057897979393599 2.3767782709328458 2.7638123095966876
leaf_count=30 17 18 59 18 52 56
internal_value=0.000323323 0.00209599 -0.000172037 0.00205806 -0.00606751 0.00939159
internal_weight=12.2949 10.6035 9.34325 8.50353 4.03393 4.4696
internal_count=250 220 203 185 111 74
is_linear=0
shrinkage=0.05


Tree=548
num_leaves=6
num_cat=0
split_feature=25 17 23 19 29
split_gain=0.127798 0.171117 0.197055 0.232077 0.295197
threshold=-0.018524975789588945 -9.9420338022226156e-05 -0.0086735165594201673 0.040467463007027978 0.0033149998586834433
decision_type=2 2 2 2 2
left_child=-1 -2 -3 4 -4
right_child=1 2 3 -5 -6
leaf_value=-0.014185572707696116 0.014167431999541198 -0.014762183887884087 -0.0095925529395651903 0.013482615749755428 0.006863155450840451
leaf_weight=1.4517137696966553 2.2426715344190624 2.1248276494443497 5.8151280628517181 3.1702986620366582 5.1291702687740326
leaf_count=24 23 34 71 37 61
internal_value=9.9163e-05 0.00122119 -0.000566695 0.00157031 -0.0018804
internal_weight=19.9338 18.4821 16.2394 14.1146 10.9443
internal_count=250 226 203 169 132
is_linear=0
shrinkage=0.05


Tree=549
num_leaves=9
num_cat=0
split_feature=14 14 6 10 15 32 24 20
split_gain=0.100316 0.16439 0.379005 0.174396 0.308997 0.21098 0.101506 0.101349
threshold=0.97373123807739648 0.77383615920621784 0.93949679644634798 0.0035011727604084288 0.0061376056290877992 -0.072203465561822985 -0.003037238046769752 -0.0077711965930201124
decision_type=2 2 2 2 2 2 2 2
left_child=1 3 -3 4 7 -6 -4 -1
right_child=-2 2 6 -5 5 -7 -8 -9
leaf_value=-0.034877374169693387 0.0093856105133741027 0.0049875105627678502 -0.013331451591144964 0.011106991098755722 0.01127539296866179 -0.0097759091520564258 -0.034930693412539064 -0.0090061093389686413
leaf_weight=0.81077205936890095 2.2743493663147083 2.1183629189617923 1.0331450309604409 3.2538342783227563 3.0103768082335591 1.9684902476146815 1.1487578321248291 0.71008945093490339
leaf_count=25 27 31 16 39 41 28 25 18
internal_value=-0.000356546 -0.00193313 -0.0100773 0.00165754 -0.00307295 0.00295236 -0.0247033 -0.0227981
internal_weight=16.3282 14.0538 4.30027 9.75356 6.49973 4.97887 2.1819 1.52086
internal_count=250 223 72 151 112 69 41 43
is_linear=0
shrinkage=0.05


Tree=550
num_leaves=7
num_cat=0
split_feature=21 0 21 23 23 12
split_gain=0.092035 0.247877 0.178667 0.209021 0.236449 0.325631
threshold=0.0029554208860244073 0.0012239995983152065 0.0021902928164430073 0.0045796882368773781 0.0018205661624105531 -0.00033154011087706861
decision_type=2 2 2 2 2 2
left_child=2 -2 3 4 5 -1
right_child=1 -3 -4 -5 -6 -7
leaf_value=-0.022912641659434109 -0.024218185126019726 0.012082400586733657 0.021414667968805669 -0.017555274493510974 0.024070998223141619 0.0050693933430634355
leaf_weight=1.2966402014717431 1.1699538773391402 0.78635336714796711 1.0828282439615566 1.4391721404390407 1.1540980089921502 5.2467543772654617
leaf_count=20 32 20 18 39 19 102
internal_value=0.000308721 -0.00962687 0.00221068 -6.52712e-05 0.00320477 -0.000475532
internal_weight=12.1758 1.95631 10.2195 9.13666 7.69749 6.54339
internal_count=250 52 198 180 141 122
is_linear=0
shrinkage=0.05


Tree=551
num_leaves=9
num_cat=0
split_feature=29 28 22 17 33 9 24 1
split_gain=0.121978 0.193621 0.167232 0.153022 0.284548 0.213046 0.175807 0.139838
threshold=0.01020575744528507 -0.010406029466580867 0.00050791732461208394 8.9456825443524763e-05 0.47500000000000003 183.34317359924322 0.015935697666018548 0.0045203252286408766
decision_type=2 2 2 2 2 2 2 2
left_child=1 2 7 4 6 -6 -3 -1
right_child=-2 3 -4 -5 5 -7 -8 -9
leaf_value=0.021475276958347778 -0.012784003320719771 -0.016699351521782493 -0.0021740160702221185 -0.015581963810567249 0.021119279795364154 -0.001272946195619976 0.0031656279167675233 0.0038129651469382972
leaf_weight=2.4871639609336897 1.6799302278086532 2.7724782917648536 2.7173686102032661 1.9570637084543712 1.9913173690438268 2.276678703725338 1.8616561032831667 2.0396744348108768
leaf_count=29 22 44 35 28 21 29 20 22
internal_value=0.000104271 0.00130026 0.00763122 -0.00292315 -0.000140211 0.00917459 -0.00871906 0.0135171
internal_weight=19.7833 18.1034 7.24421 10.8592 8.90213 4.268 4.63413 4.52684
internal_count=250 228 86 142 114 50 64 51
is_linear=0
shrinkage=0.05


Tree=552
num_leaves=11
num_cat=0
split_feature=16 5 23 34 8 22 7 16 4 28
split_gain=0.0991532 0.209743 0.282037 0.195434 0.275478 0.342612 0.257134 0.259061 0.19216 0.0369827
threshold=0.005615128553562913 0.00313363201935642 -0.0040759159234969302 1.9770031867266977 9.6955652409157713e-05 0.0053829731033915315 180.42219924926761 0.0037703381678470343 0.0045175397284366566 0.013559911783023739
decision_type=2 2 2 2 2 2 2 2 2 2
left_child=3 -2 -3 4 5 9 -6 -8 -4 -1
right_child=1 2 8 -5 6 -7 7 -9 -10 -11
leaf_value=-0.020483899743536396 0.019686069109295413 0.015786766447903909 -0.024997655441527423 -0.022941546125104292 -0.0074980377620766855 0.0092284923031951387 -0.0021518244307013952 0.024203162413422491 0.0013573699619226561 -0.035564591871581251
leaf_weight=0.75886821560561857 1.6869116034358729 1.5831092745065687 1.2692652791738512 1.133580034598707 2.5912065426819026 0.94734535121824581 1.6305220390204342 2.1778680998831987 1.5197696369141338 0.87560172658413649
leaf_count=25 19 19 20 23 36 17 29 26 21 15
internal_value=-0.000348689 0.00470949 -0.00106895 -0.00337863 -0.000909511 -0.014696 0.00465244 0.0129196 -0.0106366 -0.0285628
internal_weight=16.174 6.05906 4.37214 10.115 8.98141 2.58182 6.3996 3.80839 2.78903 1.63447
internal_count=250 79 60 171 148 57 91 55 41 40
is_linear=0
shrinkage=0.05


Tree=553
num_leaves=10
num_cat=0
split_feature=16 19 2 22 32 9 26 9 22
split_gain=0.093011 0.202958 0.360272 0.139373 0.161025 0.133179 0.165838 9.60461e-05 2.54032e-05
threshold=0.0036961037130545417 -0.0083345785689715162 -0.0046348463764896977 -0.0012032368139320291 -0.093948365971808001 184.02539978027346 0.018311682024720447 184.26502494812016 -0.002301899024704845
decision_type=2 2 2 2 2 2 2 2 2
left_child=3 5 -3 -1 -5 6 -2 8 -4
right_child=1 2 7 4 -6 -7 -8 -9 -10
leaf_value=-0.0061732066612480872 0.008039313721971638 0.0070615606220790651 -0.034163535040168044 0.020560467152782869 -0.00072707403506871613 0.017819320518916461 -0.013951870513480758 -0.034885374930034872 -0.033618208209203387
leaf_weight=1.7942097112536428 1.8068662649020555 0.93580829259008202 0.4611094086430968 1.9571079369634388 1.6267307437956335 1.0679464470595119 1.631257676053792 0.35843555442988873 0.39778981939889457
leaf_count=26 36 15 23 25 21 13 33 8 50
internal_value=0.000311966 -0.00363782 -0.0162655 0.00520268 0.0108979 0.00239609 -0.00239466 -0.0341979 -0.033911
internal_weight=12.0373 6.65921 2.15314 5.37805 3.58384 4.50607 3.43812 1.21733 0.858899
internal_count=250 178 96 72 46 82 69 81 73
is_linear=0
shrinkage=0.05


Tree=554
num_leaves=7
num_cat=0
split_feature=7 31 13 0 29 13
split_gain=0.119878 0.16154 0.215351 0.235513 0.272302 0.186951
threshold=171.94414901733401 -0.1696193232013079 69.923888621356937 -0.0030049073528364829 -0.0045986094036672412 53.791571444072368
decision_type=2 2 2 2 2 2
left_child=-1 5 3 -3 -5 -2
right_child=1 2 -4 4 -6 -7
leaf_value=0.012730800092868791 0.0020486845534711958 -0.011447459284037391 -0.013405182086955915 -0.0092342099634556505 0.012074068445904487 -0.018040369410097769
leaf_weight=1.713165976107123 2.0892771026119634 1.9340273942798401 1.9968412662856287 1.8823626246303327 7.3679678072221479 2.5984641723334789
leaf_count=24 22 22 29 28 90 35
internal_value=9.62351e-05 -0.00111509 0.00171999 0.00442042 0.00773802 -0.00908689
internal_weight=19.5821 17.8689 13.1812 11.1844 9.25033 4.68774
internal_count=250 226 169 140 118 57
is_linear=0
shrinkage=0.05


Tree=555
num_leaves=9
num_cat=0
split_feature=14 14 6 2 3 4 22 24
split_gain=0.0984945 0.155051 0.357329 0.164701 0.251793 0.348004 0.248476 0.0983265
threshold=0.97373123807739648 0.77383615920621784 0.93949679644634798 0.0021375240689088808 0.0086687851114621867 0.005251074970357034 0.0036277120853195348 -0.003037238046769752
decision_type=2 2 2 2 2 2 2 2
left_child=1 3 -3 4 5 -1 -5 -4
right_child=-2 2 7 6 -6 -7 -8 -9
leaf_value=-0.026202942967968681 0.0093842913063268817 0.0047282958234991929 -0.013235749213449456 -0.0002125287968302532 0.013528539336998859 0.0037687653072530102 0.024963111170748162 -0.034858321954687299
leaf_weight=1.8997265069046974 2.2325996011495599 2.0822946673724791 1.0110908485949042 2.6983930552378297 1.4455820163711903 1.9757841248065231 1.5391004243865607 1.0953598087653516
leaf_count=43 27 31 16 38 21 31 18 25
internal_value=-0.000356458 -0.00193838 -0.00995984 0.00157677 -0.00428024 -0.010923 0.00893152 -0.0244795
internal_weight=15.9799 13.7473 4.18875 9.55859 5.32109 3.87551 4.23749 2.10645
internal_count=250 223 72 151 95 74 56 41
is_linear=0
shrinkage=0.05


Tree=556
num_leaves=6
num_cat=0
split_feature=25 33 26 17 30
split_gain=0.0924718 0.181681 0.331459 0.20895 0.18418
threshold=-0.013357536330666551 0.92500000000000016 0.039486646221794881 -2.709041014583238e-05 -0.012568522530608526
decision_type=2 2 2 2 2
left_child=-1 2 3 -2 -5
right_child=1 -3 -4 4 -6
leaf_value=0.011381354978085054 -0.018313597630896499 0.019575129838435026 -0.031454036198255868 0.024728413760548421 7.8319342002980101e-05
leaf_weight=1.6307311865966774 1.3583918059011892 0.93533701449632722 0.95466887112706977 0.86393917334498471 6.1672129431972289
leaf_count=27 32 17 26 20 128
internal_value=0.000319967 -0.00143479 -0.00353784 -0.000361186 0.00310715
internal_weight=11.9103 10.2795 9.34421 8.38954 7.03115
internal_count=250 223 206 180 148
is_linear=0
shrinkage=0.05


Tree=557
num_leaves=10
num_cat=0
split_feature=25 25 21 8 33 13 26 22 20
split_gain=0.120018 0.16739 0.329985 0.236007 0.376135 0.241766 0.195521 0.229396 0.110743
threshold=-0.013357536330666551 0.0012177978034709771 -0.00040527243065019419 0.0013854049328745641 0.25500000000000006 49.550040541646901 0.0088536452964012042 0.0041996305164008216 0.0080559888906920358
decision_type=2 2 2 2 2 2 2 2 2
left_child=-1 2 -2 5 -5 -3 7 -4 -6
right_child=1 3 6 4 8 -7 -8 -9 -10
leaf_value=-0.012795908356826475 0.024029138633468526 0.00086488584502740116 0.019833020354083838 -0.013297600880229266 0.022192278613577764 -0.022732798013989721 -0.012311473348556643 -0.0045732538531424848 0.0043641941695275631
leaf_weight=1.6510849609039748 2.0439270902425051 2.0348375588655454 1.8552659898996382 2.0269154403358698 1.8450977625325324 2.3263180879876018 1.9343872200697658 2.0013585053384304 1.650008166208863
leaf_count=27 24 21 23 29 20 34 27 23 22
internal_value=9.73337e-05 0.00129881 0.0067571 -0.00302828 0.00383823 -0.0117225 0.000660964 0.00716762 0.0137758
internal_weight=19.3692 17.7181 7.83494 9.88318 5.52202 4.36116 5.79101 3.85662 3.49511
internal_count=250 223 97 126 71 55 73 46 42
is_linear=0
shrinkage=0.05


Tree=558
num_leaves=9
num_cat=0
split_feature=16 2 26 6 32 6 27 27
split_gain=0.0936767 0.168729 0.27424 0.138705 0.315775 0.226081 0.254526 0.244756
threshold=0.0037703381678470343 0.0067122651609566883 0.0088536452964012042 1.1487420504224033 -0.28228935841792163 0.93949679644634798 0.0014385872062956386 0.0056873440761435754
decision_type=2 2 2 2 2 2 2 2
left_child=1 2 -1 5 -5 6 -2 -7
right_child=3 -3 -4 4 -6 7 -8 -9
leaf_value=-0.019118856513974047 0.016393098531806562 -0.024721923896105318 0.017213980608119787 0.027790699386932152 -0.0039273640163904671 -0.01936525120443202 -0.00544019824025952 0.0057448365266292208
leaf_weight=0.98446346726268696 2.6426998665556294 1.0259191226214168 1.0993278895039109 1.4510241672396662 1.7088105948641885 2.6476619346067309 2.6972620533779263 1.5319780507124958
leaf_count=31 34 23 21 17 27 38 36 23
internal_value=-0.000346448 -0.00812317 4.8946e-05 0.00156084 0.0106379 -0.00145209 0.00536491 -0.0101616
internal_weight=15.7891 3.10971 2.08379 12.6794 3.15983 9.5196 5.33996 4.17964
internal_count=250 75 52 175 44 131 70 61
is_linear=0
shrinkage=0.05


Tree=559
num_leaves=9
num_cat=0
split_feature=22 16 22 21 0 1 0 1
split_gain=0.0889966 0.333092 0.209184 0.186079 0.160902 0.322192 0.123932 1.54922e-05
threshold=-0.0076027317613067682 0.0051812185011020301 -0.0014142978401038284 -0.00019971507347621428 0.0012239995983152065 -0.0012332223745511459 -0.0010968252422363654 -0.0011916305667826752
decision_type=2 2 2 2 2 2 2 2
left_child=-1 2 3 -2 5 -4 -3 -8
right_child=1 6 4 -5 -6 -7 7 -9
leaf_value=0.0097680275179358369 -0.024975622076826173 -0.0045893804131046248 0.015800775258591849 0.002915704189020445 0.018718059921018642 -0.013493207705857225 -0.034413090172126543 -0.033999911675940429
leaf_weight=2.0624358765780935 1.1207533858250829 0.56347975181415677 1.8960617696866375 1.2820608145557324 2.049204473849386 1.8588527264073509 0.37135263509117067 0.58310956589411833
leaf_count=30 25 27 29 23 34 32 11 39
internal_value=0.000333913 -0.00166686 0.00231281 -0.0100937 0.00744893 0.00129893 -0.0231834 -0.0341607
internal_weight=11.7873 9.72488 8.20693 2.40281 5.80412 3.75491 1.51794 0.954462
internal_count=250 220 143 48 95 61 77 50
is_linear=0
shrinkage=0.05


Tree=560
num_leaves=9
num_cat=0
split_feature=29 28 22 1 12 7 8 9
split_gain=0.114442 0.175332 0.151441 0.142821 0.247565 0.279802 0.217811 0.134273
threshold=0.01020575744528507 -0.010406029466580867 0.00050791732461208394 0.0052008089819738377 0.017714080542168768 184.16865005493167 0.0068252871810265117 175.0434261322022
decision_type=2 2 2 2 2 2 2 2
left_child=1 2 7 4 5 -3 -5 -1
right_child=-2 3 -4 6 -6 -7 -8 -9
leaf_value=0.0024246927650806074 -0.012610716253812319 0.01296207374050283 -0.0021188605163398374 -0.022716365670688635 -0.017878604425312562 -0.012261333368511923 0.0018508026793212725 0.020239923504755768
leaf_weight=1.7731450861319942 1.6255318988114584 4.0208345055580139 2.6296764202415943 1.8731567366048696 1.341221939306706 1.5132609684951601 1.7405697796493766 2.6211155280470848
leaf_count=20 22 55 35 23 18 25 21 31
internal_value=8.01624e-05 0.00125811 0.00737173 -0.00283584 0.00139406 0.0060649 -0.0108835 0.0130512
internal_weight=19.1385 17.513 7.02394 10.489 6.87532 5.5341 3.61373 4.39426
internal_count=250 228 86 142 98 80 44 51
is_linear=0
shrinkage=0.05


Tree=561
num_leaves=6
num_cat=0
split_feature=29 27 24 24 30
split_gain=0.095768 0.205712 0.144952 0.187566 0.183652
threshold=-0.011664486998412603 0.024800363018661401 0.015935697666018548 0.010945829652386998 0.0020930687228998273
decision_type=2 2 2 2 2
left_child=-1 2 3 4 -2
right_child=1 -3 -4 -5 -6
leaf_value=0.013371734755767015 0.0089012395832203505 -0.018047090697483208 -0.010923566501196949 0.017302380923978646 -0.0059667606479334011
leaf_weight=1.1765415798872716 3.467037287540732 1.6555224726907898 2.2216862635686985 1.9112890986725677 5.1802626488497481
leaf_count=18 46 35 38 23 90
internal_value=-0.000345387 -0.00146336 0.000684857 0.00312744 -5.6038e-06
internal_weight=15.6123 14.4358 12.7803 10.5586 8.6473
internal_count=250 232 197 159 136
is_linear=0
shrinkage=0.05


Tree=562
num_leaves=10
num_cat=0
split_feature=30 31 25 26 28 25 4 10 20
split_gain=0.0914581 0.251494 0.235857 0.308529 0.238846 0.223209 0.171678 0.179919 0.144856
threshold=0.0068599290075537231 0.22051856371467932 -0.0074187843487615304 0.0021583050964145705 -0.0056053388432018561 -0.0025020179624143375 0.0024555985594087175 0.0042349793112675255 0.069111618805610134
decision_type=2 2 2 2 2 2 2 2 2
left_child=1 5 -2 -4 -5 8 -7 -8 -1
right_child=2 -3 3 4 -6 6 7 -9 -10
leaf_value=-0.027134053455981882 0.023412922669445769 -0.024798861276810396 -0.022458586398148947 -0.0068356695615119567 0.01957817202009839 0.031626299658946394 -0.015624250908431237 0.014163179467788356 0.0021713467720087258
leaf_weight=0.88878263137303271 1.3058406359050421 1.1780180349014697 1.2008690547663716 1.6352782575413582 1.7955894651822748 0.68006417667493257 0.81952089222613755 1.3290527064818887 0.80234448006376624
leaf_count=27 20 28 26 28 31 11 30 30 19
internal_value=0.000302472 -0.00422278 0.00464497 -0.000646342 0.00698836 0.00114011 0.00973158 0.00280149 -0.0132303
internal_weight=11.6354 5.69778 5.93758 4.63174 3.43087 4.51976 2.82864 2.14857 1.69113
internal_count=250 145 105 85 59 117 71 60 46
is_linear=0
shrinkage=0.05


Tree=563
num_leaves=7
num_cat=0
split_feature=25 19 0 12 9 17
split_gain=0.117267 0.166107 0.18248 0.307106 0.281609 0.158047
threshold=-0.018524975789588945 0.040467463007027978 -0.0028784257212950411 -7.3413300511136967e-05 184.02539978027346 3.8069226234261601e-05
decision_type=2 2 2 2 2 2
left_child=-1 2 -2 -4 -5 -3
right_child=1 5 3 4 -6 -7
leaf_value=-0.013957998347143591 -0.01339475592226802 0.019676972155319966 0.01958140834974606 0.001333484848638163 -0.022845167042668264 -0.00091128254939268826
leaf_weight=1.3758999081328536 2.5583252944052246 2.0904913097620006 1.9249408356845403 7.8887224467471189 1.4212266313843427 1.6822905130684374
leaf_count=24 30 31 22 95 29 19
internal_value=9.88777e-05 0.00119992 -0.00134296 0.00140138 -0.00235755 0.0104966
internal_weight=18.9419 17.566 13.7932 11.2349 9.30995 3.77278
internal_count=250 226 176 146 124 50
is_linear=0
shrinkage=0.05


Tree=564
num_leaves=7
num_cat=0
split_feature=14 33 24 24 23 17
split_gain=0.0919616 0.139375 0.157579 0.297416 0.222686 0.290332
threshold=0.97373123807739648 0.03500000000000001 0.015935697666018548 0.027404198940852779 0.0045796882368773781 -3.2540974511080356e-05
decision_type=2 2 2 2 2 2
left_child=1 -1 4 -4 5 -3
right_child=-2 2 3 -5 -6 -7
leaf_value=-0.018823259193155216 0.0092312277212353161 -0.023657040866137902 -0.023535752294586557 0.0082200432723025102 0.014968306799231855 0.0031034013971267885
leaf_weight=1.1103767736349244 2.1724447263404736 1.2582031870260806 1.7574531501159065 1.2702434845268724 2.7118359969463199 5.2126531017711395
leaf_count=22 27 24 34 17 39 87
internal_value=-0.000307549 -0.0018632 -0.000320902 -0.0102129 0.00294066 -0.00209994
internal_weight=15.4932 13.3208 12.2104 3.0277 9.18269 6.47086
internal_count=250 223 201 51 150 111
is_linear=0
shrinkage=0.05


Tree=565
num_leaves=11
num_cat=0
split_feature=16 19 2 21 22 4 24 0 2 20
split_gain=0.0914401 0.190975 0.335998 0.155448 0.245912 0.342787 0.123535 0.14176 9.2079e-05 2.39028e-05
threshold=0.0036961037130545417 -0.0083345785689715162 -0.0046348463764896977 -0.0040545534282730991 0.0085163432706611992 0.0029745739687741762 1.0000000180025095e-35 0.00038406562544501815 -0.0015655103236245636 -0.031745994280737315
decision_type=2 2 2 2 2 2 2 2 2 2
left_child=6 3 -3 -2 5 -5 -1 -8 -4 -10
right_child=1 2 8 4 -6 -7 7 -9 9 -11
leaf_value=-0.0042949407713360199 0.019833560879748975 0.0067214450071924146 -0.035041898510202021 0.012988758583497776 0.018920954621061591 -0.026188057315968225 0.0012374322481017049 0.022647306255681714 -0.034284554000811825 -0.033747099422891794
leaf_weight=2.0511580538004637 0.9718220718204974 0.89159357454627786 0.23433050862513494 0.89575587864965278 0.9276401544921099 1.4823242882266638 1.6089882142841818 1.4883161662146447 0.31487055588513624 0.60314863536041186
leaf_count=31 12 15 6 14 14 42 21 20 16 59
internal_value=0.000275638 -0.00375326 -0.0163255 0.00225412 -0.00291392 -0.0114313 0.00522248 0.0115253 -0.0341573 -0.0339314
internal_weight=11.4699 6.32149 2.04394 4.27754 3.30572 2.37808 5.14846 3.0973 1.15235 0.918019
internal_count=250 178 96 82 70 56 72 41 81 75
is_linear=0
shrinkage=0.05


Tree=566
num_leaves=7
num_cat=0
split_feature=23 23 24 28 11 26
split_gain=0.112262 0.329067 0.270585 0.307094 0.254714 0.137768
threshold=-0.0073735535121085541 -0.0057079269505725385 -0.013767256148029259 -0.018112666604498281 183.53192932128908 0.032064421348831147
decision_type=2 2 2 2 2 2
left_child=5 -2 -3 -4 -5 -1
right_child=1 2 3 4 -6 -7
leaf_value=-0.018107149980179926 0.02420935634178302 -0.016180945255119584 0.018254493386503323 0.0033763417405787543 -0.015137155870549214 0.0032958277118177483
leaf_weight=1.7089131996035605 1.4822946041822458 2.3166419379413137 2.4543143389746538 6.9200107092037726 2.5397383966483176 1.3425446134060619
leaf_count=33 15 30 30 87 40 15
internal_value=8.54466e-05 0.00178974 -0.000545531 0.00249471 -0.00159413 -0.00869052
internal_weight=18.7645 15.713 14.2307 11.9141 9.45975 3.05146
internal_count=250 202 187 157 127 48
is_linear=0
shrinkage=0.05


Tree=567
num_leaves=11
num_cat=0
split_feature=16 14 8 17 30 7 17 21 21 7
split_gain=0.0912362 0.209331 0.297836 0.192167 0.211525 0.455569 0.229176 0.2112 0.162189 0.0686334
threshold=0.005615128553562913 0.85421152694845148 0.00053022615456805135 -1.6217353416146792e-05 0.0020930687228998273 180.42219924926761 4.9173122036505702e-05 0.0014189416767858012 -0.00040527243065019419 183.40100021362306
decision_type=2 2 2 2 2 2 2 2 2 2
left_child=3 2 -2 7 6 8 -5 -1 -6 -7
right_child=1 -3 -4 4 5 9 -8 -9 -10 -11
leaf_value=-0.035226649726082603 0.0092887380887538371 0.020633637387730129 -0.017894583584655947 0.021630364031414155 -0.008826922263105141 0.017118902042245931 -0.0057545138556498497 -0.00064247649422957632 -0.035720356873754827 0.00018166813667361623
leaf_weight=0.89697638759389409 2.6596415489912042 1.5114715434610841 1.6222919439896939 1.8144387099891894 1.0727031549904487 1.1706713084131481 1.3196337539702652 0.86925157625228167 1.1743807909078905 1.222962516127154
leaf_count=26 34 17 28 27 21 15 18 16 23 25
internal_value=-0.000312785 0.00463659 -0.00101018 -0.0033181 6.40444e-05 -0.00671344 0.0100997 -0.018206 -0.0228821 0.00846528
internal_weight=15.3344 5.79341 4.28193 9.54102 7.77479 4.64072 3.13407 1.76623 2.24708 2.39363
internal_count=250 79 62 171 129 84 45 42 44 40
is_linear=0
shrinkage=0.05


Tree=568
num_leaves=10
num_cat=0
split_feature=16 22 19 22 32 24 0 31 8
split_gain=0.087894 0.184288 0.261711 0.210467 0.17803 0.115506 0.135898 0.0575928 8.8732e-05
threshold=0.0036961037130545417 -0.0068669980646993692 -0.010052360297814309 0.0085163432706611992 -0.2634482508787514 1.0000000180025095e-35 0.00038406562544501815 -0.25351691293264111 -0.0039175125597877185
decision_type=2 2 2 2 2 2 2 2 2
left_child=5 -2 3 4 -3 -1 -7 -4 -9
right_child=1 2 7 -5 -6 6 -8 8 -10
leaf_value=-0.0041049995580630201 0.0085455027576260868 0.00693982436940136 -0.0078435162028472373 0.0183209215808448 -0.023441479105962233 0.0011640641783245622 0.022213165117328015 -0.034891609457852336 -0.033850121714555051
leaf_weight=2.0389811228960752 2.0491699166595936 0.83270193962380301 0.26239181007258583 0.91744256345555175 1.1455426884349436 1.6012161485850813 1.4714887356385586 0.28550569340586629 0.72087081219069671
leaf_count=31 34 17 9 14 32 21 20 5 67
internal_value=0.000265256 -0.0037299 -0.00977016 -0.00147323 -0.0106531 0.00512166 0.0112443 -0.0287061 -0.0341456
internal_weight=11.3253 6.21363 4.16446 2.89569 1.97824 5.11169 3.0727 1.26877 1.00638
internal_count=250 178 144 63 49 72 41 81 72
is_linear=0
shrinkage=0.05


Tree=569
num_leaves=9
num_cat=0
split_feature=25 25 29 19 31 22 23 6
split_gain=0.108747 0.170093 0.254838 0.356285 0.255566 0.216784 0.264684 0.304172
threshold=-0.012490013162696876 0.0012177978034709771 0.0036902644695857583 0.040467463007027978 -0.069363828712494038 -0.0060158955636722125 -0.0073735535121085541 1.0942186975148434
decision_type=2 2 2 2 2 2 2 2
left_child=-1 2 3 4 -2 -3 -7 -8
right_child=1 5 -4 -5 -6 6 7 -9
leaf_value=-0.011260997700359715 -0.023351750772746687 -0.017078673524377176 0.02318073552995116 0.020882050607024749 0.0036212668832934776 -0.017032064093945701 0.015666561368029783 -0.0076033795148103579
leaf_weight=1.8928286575246627 1.4520589169114826 2.1243514437228477 1.8500877572223542 1.6582232378423212 2.2220342606306107 1.5880449265241656 3.3850638135336251 2.3999927379190922
leaf_count=30 21 27 22 22 29 25 44 30
internal_value=9.65011e-05 0.00138535 0.00719146 0.00164386 -0.00703889 -0.00300549 0.0010493 0.00601278
internal_weight=18.5727 16.6799 7.1824 5.33232 3.67409 9.49745 7.3731 5.78506
internal_count=250 220 94 72 50 126 99 74
is_linear=0
shrinkage=0.05


Tree=570
num_leaves=7
num_cat=0
split_feature=8 5 17 5 16 27
split_gain=0.0924395 0.176595 0.231348 0.256083 0.178675 0.164955
threshold=-0.0037264772288819123 0.0046355379025429704 0.00016170494120048572 0.0038157683318350327 0.0048840628172960093 -1.0000000180025095e-35
decision_type=2 2 2 2 2 2
left_child=-1 2 3 4 -2 -3
right_child=1 5 -4 -5 -6 -7
leaf_value=-0.0099055361488406476 -0.0024689577353649997 0.024925283443678541 -0.021187213374863925 -0.017008402242117634 0.013624743601509623 0.0016099607044331042
leaf_weight=2.1610156607348481 3.6095800135517475 1.3367435168474915 1.3555505331605662 1.5945441229268906 3.3025155374780297 1.7540709329769004
leaf_count=36 73 22 24 31 42 22
internal_value=-0.000332161 0.00126501 -0.0020033 0.00105369 0.00522042 0.0116936
internal_weight=15.114 12.953 9.86219 8.50664 6.9121 3.09081
internal_count=250 214 170 146 115 44
is_linear=0
shrinkage=0.05


Tree=571
num_leaves=7
num_cat=0
split_feature=21 0 21 23 23 12
split_gain=0.087942 0.220318 0.153642 0.166594 0.200475 0.277903
threshold=0.0029554208860244073 0.0012239995983152065 0.0021902928164430073 0.0045796882368773781 0.0018205661624105531 -0.00033154011087706861
decision_type=2 2 2 2 2 2
left_child=2 -2 3 4 5 -1
right_child=1 -3 -4 -5 -6 -7
leaf_value=-0.022179633825679668 -0.024246676251525809 0.01164578603130572 0.020796658303646475 -0.016367127166025137 0.023350030085185346 0.0048449451415593673
leaf_weight=1.1811242387630017 1.0675383955240256 0.71316894656047214 0.99777181650279168 1.3061374943354165 1.0394986434839664 4.8888391486834726
leaf_count=20 32 20 18 39 19 102
internal_value=0.000317609 -0.00987183 0.00224512 4.5613e-05 0.00306093 -0.000413634
internal_weight=11.1941 1.78071 9.41337 8.4156 7.10946 6.06996
internal_count=250 52 198 180 141 122
is_linear=0
shrinkage=0.05


Tree=572
num_leaves=8
num_cat=0
split_feature=23 23 11 24 28 26 29
split_gain=0.103719 0.300664 0.272154 0.192976 0.258246 0.132795 0.116154
threshold=-0.0073735535121085541 -0.0057079269505725385 183.69871932983401 -0.013767256148029259 -0.0088934477351565993 0.032064421348831147 0.00012071370189115084
decision_type=2 2 2 2 2 2 2
left_child=5 -2 3 -3 -5 -1 -4
right_child=1 2 6 4 -6 -7 -8
leaf_value=-0.017896670231608118 0.023518754065479441 -0.011923609741550895 -0.0035411098611691999 0.01913317779160352 0.00059862084398549088 0.0033999870312078915 -0.025938206108982256
leaf_weight=1.6548519637435704 1.4357857108116174 1.9008424747735251 1.0375664010643952 2.5560354981571409 7.0989266950637075 1.3125474667176602 1.3094527157954869
leaf_count=33 15 24 19 34 89 15 21
internal_value=8.00255e-05 0.0017354 -0.00051423 0.00263848 0.00550542 -0.00847668 -0.0160369
internal_weight=18.306 15.3386 13.9028 11.5558 9.65496 2.9674 2.34702
internal_count=250 202 187 147 123 48 40
is_linear=0
shrinkage=0.05


Tree=573
num_leaves=6
num_cat=0
split_feature=29 27 24 24 30
split_gain=0.0925937 0.18577 0.123895 0.18478 0.161538
threshold=-0.011664486998412603 0.024800363018661401 0.015935697666018548 0.010945829652386998 -0.0043147934207384822
decision_type=2 2 2 2 2
left_child=-1 2 3 4 -2
right_child=1 -3 -4 -5 -6
leaf_value=0.013486760716543041 0.012385776552315847 -0.01754377827109976 -0.010296157157205575 0.017335106617396286 -0.004052986786626636
leaf_weight=1.130821509286762 1.9535222249105526 1.5777108068577934 2.1248229756020001 1.8364195711910714 6.3590857504168552
leaf_count=18 28 35 38 23 108
internal_value=-0.000270202 -0.0013933 0.000682721 0.00298128 -0.00018976
internal_weight=14.9824 13.8516 12.2739 10.149 8.31261
internal_count=250 232 197 159 136
is_linear=0
shrinkage=0.05


Tree=574
num_leaves=11
num_cat=0
split_feature=16 19 2 21 5 32 22 32 2 20
split_gain=0.0834539 0.178059 0.308933 0.145869 0.219931 0.188867 0.115637 0.162548 7.04875e-05 1.99821e-05
threshold=0.0036961037130545417 -0.0083345785689715162 -0.0046348463764896977 -0.0040545534282730991 0.0030684211450683683 -0.035662668121894364 -0.0012032368139320291 -0.093948365971808001 -0.0015655103236245636 -0.031745994280737315
decision_type=2 2 2 2 2 2 2 2 2 2
left_child=6 3 -3 -2 -5 -6 -1 -8 -4 -10
right_child=1 2 8 4 5 -7 7 -9 9 -11
leaf_value=-0.0057110883040638796 0.019528277941298366 0.0059915519045785799 -0.034906635647025362 0.016212728505656266 -0.025033693869502906 0.0047245688681118135 0.020477292272651736 -0.0016590263004346282 -0.034230973066554253 -0.033723259710856011
leaf_weight=1.6776593774557111 0.93547981651499856 0.86848652455955733 0.21706281881779399 1.0198964187875392 1.2127257420215758 0.95154520822688926 1.8173942267894743 1.5253133904188874 0.29559002304449644 0.56274574663257271
leaf_count=26 12 15 6 15 37 18 25 21 16 59
internal_value=0.00023227 -0.0037155 -0.0161889 0.00217015 -0.00292951 -0.0119502 0.00500034 0.0103763 -0.0341017 -0.0338981
internal_weight=11.0839 6.06353 1.94389 4.11965 3.18417 2.16427 5.02037 3.34271 1.0754 0.858336
internal_count=250 178 96 82 70 55 72 46 81 75
is_linear=0
shrinkage=0.05


Tree=575
num_leaves=9
num_cat=0
split_feature=29 28 1 12 12 13 22 1
split_gain=0.102789 0.157451 0.181354 0.251253 0.224678 0.161428 0.133958 0.124434
threshold=0.01020575744528507 -0.0088934477351565993 0.0052008089819738377 0.017714080542168768 0.0052778967111892011 65.439168776898029 0.00050791732461208394 0.0045203252286408766
decision_type=2 2 2 2 2 2 2 2
left_child=1 6 3 4 -3 -4 7 -1
right_child=-2 2 5 -5 -6 -7 -8 -9
leaf_value=0.020381844576647584 -0.012354180277352179 -0.0025214376742620451 -0.023143427330954702 -0.017855634309250818 0.018517885663986093 -0.00095910022366326386 -0.0016273490380461595 0.0030488580435452045
leaf_weight=2.3074591690674469 1.5221969364210952 2.8198666856624186 1.7005282253958287 1.2750956371892241 2.3071324718184769 1.5837182812392709 2.7334378361701965 1.8783525526523588
leaf_count=30 22 45 24 18 33 19 37 22
internal_value=8.13012e-05 0.00122123 -0.00289372 0.00200645 0.00694619 -0.0124458 0.0069818 0.0126038
internal_weight=18.1278 16.6056 9.68634 6.40209 5.127 3.28425 6.91925 4.18581
internal_count=250 228 139 96 78 43 89 52
is_linear=0
shrinkage=0.05


Tree=576
num_leaves=10
num_cat=0
split_feature=21 3 33 16 34 19 23 0 23
split_gain=0.0886305 0.219399 0.251866 0.199138 0.277199 0.300372 0.212766 0.141845 0.027617
threshold=0.00090965672952703091 0.017594729996738282 0.49500000000000005 0.0046283660097109292 1.7032591425851378 -0.0083345785689715162 -0.010390825446515149 -0.001426474619146356 -0.0044235722501997912
decision_type=2 2 2 2 2 2 2 2 2
left_child=3 2 -2 6 5 -5 -1 -8 -9
right_child=1 -3 -4 4 -6 -7 7 8 -10
leaf_value=0.0061350418009640797 0.018840080278202161 -0.011512192764427682 -0.0026930906287066579 -0.023071398847281158 0.021710428143851157 0.0084597253319126618 -0.0022402231366250337 -0.02062026536310654 -0.034594767422112621
leaf_weight=0.9610704239457849 2.8691943967714906 1.7938505774363873 2.5782597223296762 1.3551428685896099 1.3485144618898628 1.7063530487939715 0.64774385467171747 0.52799405436962876 1.0700514038326208
leaf_count=12 39 26 38 26 19 24 11 17 38
internal_value=-0.000306374 0.00365421 0.00864851 -0.00407167 0.00282246 -0.00549724 -0.0135523 -0.0219774 -0.0299776
internal_weight=14.8582 7.2413 5.44745 7.61687 4.41001 3.0615 3.20686 2.24579 1.59805
internal_count=250 103 77 147 69 50 78 66 55
is_linear=0
shrinkage=0.05


Tree=577
num_leaves=9
num_cat=0
split_feature=30 31 25 26 28 7 14 0
split_gain=0.0829651 0.225053 0.211672 0.280413 0.210174 0.203843 0.214794 0.187055
threshold=0.0068599290075537231 0.22051856371467932 -0.0074187843487615304 0.0021583050964145705 -0.0056053388432018561 173.73339996337893 0.78643774720402915 -0.0018720200345230251
decision_type=2 2 2 2 2 2 2 2
left_child=1 5 -2 -4 -5 -1 7 -7
right_child=2 -3 3 4 -6 6 -8 -9
leaf_value=-0.023908389337647083 0.022932534240809911 -0.024365524645999261 -0.022049623668709922 -0.0063894382755392033 0.019017465746281628 0.014631470616357171 0.020022865359502498 -0.016684278971725162
leaf_weight=0.68653873191215087 1.2205792323220519 1.098225357418414 1.1316925627179442 1.5636721584014592 1.6977819921448829 0.76784267812035989 1.5256963813444597 1.2582735789474104
leaf_count=24 20 28 26 28 31 21 30 42
internal_value=0.00026952 -0.00419422 0.00451289 -0.000604776 0.00683638 0.00103249 0.00585338 -0.00481647
internal_weight=10.9503 5.33658 5.61373 4.39315 3.26145 4.23835 3.55181 2.02612
internal_count=250 145 105 85 59 117 93 63
is_linear=0
shrinkage=0.05


Tree=578
num_leaves=10
num_cat=0
split_feature=25 25 1 8 33 13 6 20 20
split_gain=0.104992 0.159749 0.243779 0.208706 0.343697 0.23281 0.169706 0.109247 0.0927764
threshold=-0.012490013162696876 0.0012177978034709771 0.0037154913085470924 0.0013854049328745641 0.25500000000000006 49.550040541646901 0.92862211736288303 -0.0077711965930201124 0.0080559888906920358
decision_type=2 2 2 2 2 2 2 2 2
left_child=-1 2 7 5 -5 -3 -4 -2 -6
right_child=1 3 6 4 8 -7 -8 -9 -10
leaf_value=-0.011242091664519503 0.023406462866353391 0.0013963829500858536 -0.016843346703525969 -0.013230606896510662 0.021641383523393343 -0.022651481083168654 0.0073268707595207415 0.0069393953988566822 0.0047311696590387389
leaf_weight=1.8354853733908409 1.9894618429243562 1.8845589086413363 1.3565684594213965 1.888258629478514 1.7033073715865614 2.1599651877768338 1.5629601422697303 2.0399953015148666 1.5484976842999456
leaf_count=30 28 21 16 29 20 34 24 26 22
internal_value=8.90886e-05 0.00137822 0.00709817 -0.00294945 0.0037364 -0.0114463 -0.0039039 0.0150697 0.0135888
internal_weight=17.9691 16.1336 6.94899 9.18459 5.14006 4.04452 2.91953 4.02946 3.25181
internal_count=250 220 94 126 71 55 40 54 42
is_linear=0
shrinkage=0.05


Tree=579
num_leaves=7
num_cat=0
split_feature=8 5 17 5 16 27
split_gain=0.0873222 0.161896 0.208872 0.23176 0.165306 0.155651
threshold=-0.0037264772288819123 0.0046355379025429704 0.00016170494120048572 0.0038157683318350327 0.0048840628172960093 -1.0000000180025095e-35
decision_type=2 2 2 2 2 2
left_child=-1 2 3 4 -2 -3
right_child=1 5 -4 -5 -6 -7
leaf_value=-0.0097353082193808015 -0.0024984032433197937 0.024558626424071875 -0.020569261428545333 -0.016508553750359086 0.013201008650914206 0.001530323584174942
leaf_weight=2.1083214103709915 3.5020241601159778 1.284451427869499 1.2973012048751105 1.5361750531010328 3.2169556124135852 1.7115840902551998
leaf_count=36 73 22 24 31 42 22
internal_value=-0.000319884 0.00126204 -0.00191856 0.00101241 0.00501826 0.0114029
internal_weight=14.6568 12.5485 9.55246 8.25515 6.71898 2.99604
internal_count=250 214 170 146 115 44
is_linear=0
shrinkage=0.05


Tree=580
num_leaves=11
num_cat=0
split_feature=16 19 2 21 5 32 14 29 2 20
split_gain=0.0829632 0.166256 0.298005 0.134541 0.20622 0.17619 0.106131 0.179317 5.95679e-05 1.69859e-05
threshold=0.0036961037130545417 -0.0083345785689715162 -0.0046348463764896977 -0.0040545534282730991 0.0030684211450683683 -0.035662668121894364 0.80253557454074664 0.0017180215788457078 -0.0015655103236245636 -0.031745994280737315
decision_type=2 2 2 2 2 2 2 2 2 2
left_child=6 3 -3 -2 -5 -6 7 -1 -4 -10
right_child=1 2 8 4 5 -7 -8 -9 9 -11
leaf_value=0.01080629795314164 0.018943556579734479 0.0058932150522962804 -0.034823779933301741 0.015839927367104358 -0.024746394557707958 0.0043737172826976761 0.014144538381880262 -0.01389733547207888 -0.03418872914487639 -0.033710158347915652
leaf_weight=1.5521284937858584 0.91132663702592243 0.85337155032902945 0.20664765499532189 0.99526269175112281 1.167022191686556 0.93609788734465826 1.9530311087146399 1.3946099206805227 0.28215391538105872 0.54075750056654259
leaf_count=25 12 15 6 15 37 18 28 19 16 59
internal_value=0.000298058 -0.00369942 -0.0159553 0.00205583 -0.00291135 -0.011785 0.00510557 -0.00088525 -0.0340648 -0.0338742
internal_weight=10.7924 5.89264 1.88293 4.00971 3.09838 2.10312 4.89977 2.94674 1.02956 0.822911
internal_count=250 178 96 82 70 55 72 44 81 75
is_linear=0
shrinkage=0.05


Tree=581
num_leaves=9
num_cat=0
split_feature=7 31 14 32 22 22 31 6
split_gain=0.102446 0.147786 0.234462 0.20038 0.178861 0.317075 0.267162 0.177981
threshold=171.94414901733401 -0.1696193232013079 0.71303016630882154 -0.049113685401854505 0.00050791732461208394 0.0053066394810199488 0.27990060147750045 1.041203696530945
decision_type=2 2 2 2 2 2 2 2
left_child=-1 2 -2 4 6 -6 -3 -5
right_child=1 3 -4 7 5 -7 -8 -9
leaf_value=0.012218229000288048 -0.00029613273576889585 0.012549445169443358 -0.024755518626354809 -0.00031181429887758706 -0.02768425606206942 0.0020000769257030359 -0.014988635061166098 0.020577195376119274
leaf_weight=1.5838351836428071 2.7190262214280709 2.8879046034999227 1.5316848494112489 1.9317874591797517 1.6019454118795695 2.0518328864127398 1.2672029118984935 2.1597768124192953
leaf_count=24 35 45 22 29 26 27 16 26
internal_value=8.2984e-05 -0.00110704 -0.00910973 0.00175144 -0.00294496 -0.0110146 0.00415103 0.0107147
internal_weight=17.735 16.1512 4.25071 11.9005 7.80889 3.65378 4.15511 4.09156
internal_count=250 226 57 169 114 53 61 55
is_linear=0
shrinkage=0.05


Tree=582
num_leaves=9
num_cat=0
split_feature=14 14 6 2 22 3 23 23
split_gain=0.0860232 0.132292 0.309006 0.153471 0.223538 0.215713 0.310928 0.0825641
threshold=0.97373123807739648 0.77383615920621784 0.93949679644634798 0.0021375240689088808 0.0036277120853195348 0.0086687851114621867 -0.00034140121039938348 -0.0025970891986756279
decision_type=2 2 2 2 2 2 2 2
left_child=1 3 -3 5 -5 6 -1 -4
right_child=-2 2 7 4 -6 -7 -8 -9
leaf_value=0.0016905267421551753 0.0092200974033007643 0.0045607739225777223 -0.013626462559051237 -0.00014362605640907576 0.024923371407242507 0.012975582446971532 -0.028280769255989321 -0.034608851773050731
leaf_weight=2.0785652175545675 2.0224114544689664 1.8851940920576447 0.93882877845317125 2.4519756585359578 1.3955796314403413 1.3050495060160754 1.4825612750137227 0.93651929730549432
leaf_count=35 27 31 16 38 18 21 39 25
internal_value=-0.000345592 -0.00189644 -0.00973446 0.00148617 0.00894864 -0.00441421 -0.0107871 -0.0241047
internal_weight=14.4967 12.4743 3.76054 8.71373 3.84756 4.86618 3.56113 1.87535
internal_count=250 223 72 151 56 95 74 41
is_linear=0
shrinkage=0.05


Tree=583
num_leaves=8
num_cat=0
split_feature=16 14 1 26 6 23 12
split_gain=0.0819344 0.143886 0.187518 0.221343 0.229077 0.204142 0.165327
threshold=0.0029614993533720563 0.97373123807739648 0.0067359823617493273 -0.0039593647185910399 0.78144343052385179 0.0029060253165701382 0.014976283757207396
decision_type=2 2 2 2 2 2 2
left_child=-1 2 3 5 -5 -2 -4
right_child=1 -3 6 4 -6 -7 -8
leaf_value=0.0088663147063166425 -0.034676049448428503 -0.021491891755160884 0.029716859468164498 0.025730566294663155 -0.0035380504388065497 -0.0016664220910800728 -0.0014068486875922354
leaf_weight=2.2138161584734926 0.93758155312389024 0.84665998187847424 0.89124191016890086 0.84663604060187836 3.1777620578650385 0.93590966949705034 0.81856760405935347
leaf_count=33 29 24 19 16 79 29 21
internal_value=0.000303283 -0.00193899 0.00023705 -0.00398955 0.00261936 -0.018186 0.0148165
internal_weight=10.6682 8.45436 7.6077 5.89789 4.0244 1.87349 1.70981
internal_count=250 217 193 153 95 58 40
is_linear=0
shrinkage=0.05


Tree=584
num_leaves=10
num_cat=0
split_feature=25 25 29 19 31 8 33 13 20
split_gain=0.100642 0.151402 0.229359 0.333544 0.230241 0.20163 0.322121 0.216867 0.0873519
threshold=-0.012490013162696876 0.0012177978034709771 0.0036902644695857583 0.040467463007027978 -0.069363828712494038 0.0013854049328745641 0.25500000000000006 49.550040541646901 0.0080559888906920358
decision_type=2 2 2 2 2 2 2 2 2
left_child=-1 2 3 4 -2 7 -7 -3 -8
right_child=1 5 -4 -5 -6 6 8 -9 -10
leaf_value=-0.011102407580667569 -0.023038236935513018 0.0011585146479671463 0.022595339186897975 0.020784947655496586 0.0033200516934257292 -0.01285947433484769 0.021401926010485892 -0.02229683582376963 0.0047667858388353475
leaf_weight=1.7989814192988003 1.364776339381933 1.8527237381786092 1.7521370658650992 1.5615533851087091 2.1084178164601322 1.8380693159997461 1.6529763862490656 2.10533766169101 1.5100801233202217
leaf_count=30 21 21 22 22 29 29 20 34 22
internal_value=0.000101138 0.00138114 0.00701426 0.0015919 -0.00703732 -0.00288614 0.00378685 -0.0113177 0.0134601
internal_weight=17.5451 15.7461 6.78688 5.03475 3.47319 8.95919 5.00113 3.95806 3.16306
internal_count=250 220 94 72 50 126 71 55 42
is_linear=0
shrinkage=0.05


Tree=585
num_leaves=8
num_cat=0
split_feature=4 10 3 3 3 12 16
split_gain=0.08535 0.120227 0.250244 0.318308 0.240467 0.206028 0.18778
threshold=0.0022590931055132464 0.011213334880671446 0.0086687851114621867 0.0050254096206036056 0.013010550559635294 0.019872125334382981 0.0071173302531282066
decision_type=2 2 2 2 2 2 2
left_child=-1 2 3 6 -4 -6 -2
right_child=1 -3 4 -5 5 -7 -8
leaf_value=-0.012371219455529216 -0.004039491265075015 -0.010901323308237027 0.023383722406080026 -0.028254265990697993 -0.011247391100895327 0.015069444322374432 0.019322905520194847
leaf_weight=1.3400946713518358 3.6883732894202677 1.8545465189963568 2.2064329888671637 1.1138376756571231 1.5231570587493481 1.4532973608002064 1.1216789716854689
leaf_count=36 70 34 30 23 23 18 16
internal_value=-0.000358557 0.000883453 0.00285121 -0.00416884 0.0108749 0.00160219 0.0014085
internal_weight=14.3014 12.9613 11.1068 5.92389 5.18289 2.97645 4.81005
internal_count=250 214 180 109 71 41 86
is_linear=0
shrinkage=0.05


Tree=586
num_leaves=10
num_cat=0
split_feature=3 16 2 34 20 24 12 28 2
split_gain=0.0864481 0.324874 0.288335 0.134479 0.130762 0.128102 0.174098 0.165099 0.213711
threshold=0.018057137803906168 0.0035594704558886089 0.0088721437620499239 1.0076782550326 0.014874247912158968 -0.003037238046769752 -7.3413300511136967e-05 -0.0088934477351565993 -0.0080004367531023562
decision_type=2 2 2 2 2 2 2 2 2
left_child=3 -2 -3 5 -5 6 -1 -7 -9
right_child=1 2 -4 4 -6 7 -8 8 -10
leaf_value=-0.020164217935411271 0.035466835179816615 0.015600045950379039 -0.034121158286430253 -0.022122346544142437 -0.00082541498759362516 0.024172320902764461 0.0051170594130246407 0.022393016549551403 -0.014635674850409161
leaf_weight=1.1245438680052759 0.75561414100229818 0.65544908423908033 0.52522447379305959 1.3306099158944564 1.5725658792071042 1.2071050344966343 1.7264770681504149 0.63869953900575527 0.99936967669054977
leaf_count=19 10 12 31 37 39 21 36 9 36
internal_value=0.000321025 0.00986579 -0.00651851 -0.00182813 -0.0105864 0.00263569 -0.00485477 0.0101416 -0.000197818
internal_weight=10.5357 1.93629 1.18067 8.59937 2.90318 5.6962 2.85102 2.84517 1.63807
internal_count=250 53 43 197 76 121 55 66 45
is_linear=0
shrinkage=0.05


Tree=587
num_leaves=6
num_cat=0
split_feature=29 0 8 5 28
split_gain=0.09758 0.149041 0.239958 0.214289 0.198053
threshold=0.01020575744528507 -0.0039325818619203581 -0.0037264772288819123 0.0046560591050437269 -0.0088934477351565993
decision_type=2 2 2 2 2
left_child=1 -1 -3 4 -4
right_child=-2 2 3 -5 -6
leaf_value=-0.014316346566115919 -0.012283874376415784 0.019977826774587485 0.011070091689393205 -0.013214300802817873 -0.0028469930416145546
leaf_weight=1.4038155097514398 1.4567388417199243 1.7729796092025942 4.6720731332898113 2.3710011648945502 5.6452028688509026
leaf_count=20 22 24 59 34 91
internal_value=0.000100779 0.00123794 0.00274787 0.000340259 0.00345522
internal_weight=17.3218 15.8651 14.4613 12.6883 10.3173
internal_count=250 228 208 184 150
is_linear=0
shrinkage=0.05


Tree=588
num_leaves=11
num_cat=0
split_feature=21 24 29 25 16 2 6 29 29 8
split_gain=0.087184 0.207317 0.256953 0.379983 0.187375 0.276116 0.19436 0.163722 0.152682 8.69052e-05
threshold=0.00090965672952703091 -0.013767256148029259 0.00012071370189115084 -0.0077114248005051836 0.0063075018173740999 0.0040442682558220486 0.90241603341449517 0.0020926648787336082 -1.0000000180025095e-35 -0.0015945702780764443
decision_type=2 2 2 2 2 2 2 2 2 2
left_child=4 -2 3 -3 5 8 -7 -8 -1 -10
right_child=1 2 -4 -5 -6 6 7 -9 9 -11
leaf_value=-0.0045582775070833643 0.021017230000995767 0.0071436169254934928 0.010603457235096161 -0.029082854453789983 0.010609335294987546 -0.016421343324544375 -0.005088696969962541 0.020804423798127768 -0.035071317849283849 -0.034222678947780395
leaf_weight=0.64138231053948414 1.3745294492691753 1.448091206140816 2.6399556314572692 1.447331076487899 1.6472328570671377 1.2918764888308945 1.2499619857408109 1.1933073746040461 0.67371546558570106 0.54629413061775234
leaf_count=13 15 23 35 30 27 21 25 19 18 24
internal_value=-0.000380586 0.00363732 -0.00067841 -0.0109649 -0.00421331 -0.00857607 -0.000735969 0.00755766 -0.0243083 -0.0346913
internal_weight=14.1537 6.90991 5.53538 2.89542 7.24377 5.59654 3.73515 2.44327 1.86139 1.22001
internal_count=250 103 88 53 147 120 65 44 55 42
is_linear=0
shrinkage=0.05


Tree=589
num_leaves=10
num_cat=0
split_feature=21 0 22 24 32 23 13 22 33
split_gain=0.0843438 0.196653 0.134297 0.265774 0.213863 0.252705 0.343915 0.190604 0.0621172
threshold=0.0029554208860244073 0.0012239995983152065 -0.0014142978401038284 -0.01445114893823962 -0.31687600834577129 0.0024291938876954693 60.933609708244667 -0.0076027317613067682 0.25500000000000006
decision_type=2 2 2 2 2 2 2 2 2
left_child=2 -2 3 -1 -4 6 -6 -5 -9
right_child=1 -3 4 7 5 -7 -8 8 -10
leaf_value=0.011091458164930436 -0.024133947153912771 0.011120895931906518 0.024979725495103133 0.0034006304102158907 -0.027211063577142286 0.023674952219994404 0.010370401427319445 -0.013887569320511332 -0.034435095655274743
leaf_weight=1.6482105562463401 0.98772284446749903 0.65976440813392401 1.336951658129691 0.88723096251487721 1.1349838171154267 0.92068166087847192 1.3129892901051787 0.63441469823010199 0.87528700969414786
leaf_count=28 32 20 29 17 32 20 24 15 33
internal_value=0.000362806 -0.0100155 0.00231672 -0.00436397 0.00805972 0.00134451 -0.00705395 -0.0149916 -0.0258005
internal_weight=10.3982 1.64749 8.75075 4.04514 4.70561 3.36865 2.44797 2.39693 1.5097
internal_count=250 52 198 93 105 76 56 65 48
is_linear=0
shrinkage=0.05


Tree=590
num_leaves=8
num_cat=0
split_feature=23 23 11 24 28 26 33
split_gain=0.097234 0.276273 0.265281 0.18777 0.218931 0.129652 0.0878177
threshold=-0.0073735535121085541 -0.0057079269505725385 183.69871932983401 -0.013767256148029259 -0.0088934477351565993 0.032064421348831147 0.16500000000000004
decision_type=2 2 2 2 2 2 2
left_child=5 -2 3 -3 -5 -1 -4
right_child=1 2 6 4 -6 -7 -8
leaf_value=-0.018153282790229444 0.023425188719968137 -0.012041326091508747 -0.0060030506760836416 0.018752461937501588 0.0010455192456022388 0.0035867348147838847 -0.025992991934225093
leaf_weight=1.5399176366627245 1.3336253315210367 1.7911971174180497 1.0667250056285404 2.3644672664813671 6.6701865391805741 1.2364635672420261 1.1329198894090948
leaf_count=33 15 24 19 34 89 15 21
internal_value=9.41993e-05 0.00175037 -0.000468817 0.00274759 0.00567962 -0.00847135 -0.0162988
internal_weight=17.1355 14.3591 13.0255 10.8259 9.03465 2.77638 2.19964
internal_count=250 202 187 147 123 48 40
is_linear=0
shrinkage=0.05


Tree=591
num_leaves=11
num_cat=0
split_feature=21 27 16 2 6 33 33 25 29 8
split_gain=0.0804076 0.197073 0.178724 0.265652 0.180245 0.17073 0.156057 0.154668 0.151148 7.55559e-05
threshold=0.00090965672952703091 -0.013281257467528005 0.0063075018173740999 0.0040442682558220486 0.90241603341449517 0.49500000000000005 0.28000000000000008 0.004539819047931438 -1.0000000180025095e-35 -0.0015945702780764443
decision_type=2 2 2 2 2 2 2 2 2 2
left_child=2 -2 3 8 -5 6 -3 -6 -1 -10
right_child=1 5 -4 4 7 -7 -8 -9 9 -11
leaf_value=-0.0044838383950240894 0.021438058572181094 -0.00183444675610491 0.010453844557623724 -0.015888105098784241 -0.0056695295229309732 -0.01039170444796427 0.020996623535140087 0.019657704078045894 -0.034998823498908253 -0.034193145868340373
leaf_weight=0.64261586498469125 1.2570427637547252 1.8788835369050505 1.6400334727950392 1.2685829945839944 1.1689441488124432 2.4400866185314953 1.244029317051172 1.2445768397301433 0.64858759834896762 0.52779589639976587
leaf_count=13 18 34 27 21 26 36 15 18 18 24
internal_value=-0.00032484 0.00355798 -0.00403308 -0.00835204 -0.00062932 -0.000482286 0.00726043 0.00739093 -0.0239847 -0.0346373
internal_weight=13.9612 6.82004 7.14114 5.5011 3.6821 5.563 3.12291 2.41352 1.819 1.17638
internal_count=250 103 147 120 65 85 49 44 55 42
is_linear=0
shrinkage=0.05


Tree=592
num_leaves=12
num_cat=0
split_feature=3 16 24 12 12 0 16 16 19 31 19
split_gain=0.0811412 0.306844 0.283122 0.128488 0.166268 0.16954 0.153916 0.195391 0.0836628 0.0658389 4.2989e-06
threshold=0.018057137803906168 0.0035594704558886089 -0.013767256148029259 0.0048430441497842999 -0.00033154011087706861 -0.0010968252422363654 0.0047121157180455833 0.0035315437919651157 -0.092036739209486337 0.089984312645445166 -0.012292146278990666
decision_type=2 2 2 2 2 2 2 2 2 2 2
left_child=3 -2 -3 4 5 -1 7 -5 -8 -6 -10
right_child=1 2 -4 6 9 -7 8 -9 10 -11 -12
leaf_value=0.0092629418186188275 0.035352530278919297 0.024712744100246792 -0.026187680341986833 -0.015491213087625367 0.0036666678276149308 -0.018534534910742601 -0.0016487215397991244 0.012050339026493764 -0.034117722691829361 0.019825283721595748 -0.03387704762464195
leaf_weight=0.97652571648359332 0.71956187114119607 0.44844712829217304 0.69906161760445673 1.3553417576476938 1.1706227667164042 1.2515475321561096 0.27271885215304703 1.2269417784409595 0.40245445678010494 1.3660156200639901 0.34424051857786409
leaf_count=18 10 7 36 22 24 24 8 27 16 25 33
internal_value=0.000330614 0.00975533 -0.00629576 -0.00177263 0.00361461 -0.00635138 -0.00889945 -0.00240517 -0.0253502 0.0123683 -0.0340068
internal_weight=10.2335 1.86707 1.14751 8.36641 4.76471 2.22807 3.6017 2.58228 1.01941 2.53664 0.746695
internal_count=250 53 43 197 91 42 106 49 57 49 49
is_linear=0
shrinkage=0.05


Tree=593
num_leaves=6
num_cat=0
split_feature=25 17 23 19 29
split_gain=0.0949404 0.145528 0.180714 0.184095 0.260393
threshold=-0.012490013162696876 -9.9420338022226156e-05 -0.0086735165594201673 0.040467463007027978 0.0033149998586834433
decision_type=2 2 2 2 2
left_child=-1 -2 -3 4 -4
right_child=1 2 3 -5 -6
leaf_value=-0.011031163447226029 0.014350046184475343 -0.015184814436236269 -0.0097324126612415088 0.01359606356587079 0.0073813015497266963
leaf_weight=1.7295193884056086 1.8810328394174582 1.8116809530183662 4.6734108803793735 2.570207044482232 4.2386066680774093
leaf_count=30 23 34 68 35 60
internal_value=6.81375e-05 0.00133315 -0.000508689 0.00180693 -0.00159303
internal_weight=16.9045 15.1749 13.2939 11.4822 8.91202
internal_count=250 220 197 163 128
is_linear=0
shrinkage=0.05


Tree=594
num_leaves=8
num_cat=0
split_feature=8 5 17 7 3 29 27
split_gain=0.0807864 0.146737 0.182782 0.223234 0.240885 0.182949 0.138294
threshold=-0.0037264772288819123 0.0046355379025429704 0.00016170494120048572 180.92050018310547 0.0086687851114621867 0.0020926648787336082 0.0014385872062956386
decision_type=2 2 2 2 2 2 2
left_child=-1 2 3 5 -5 -2 -3
right_child=1 6 -4 4 -6 -7 -8
leaf_value=-0.0096284977642759773 -0.018607991758849453 0.022342527271172426 -0.019991672212522148 -0.0061759112504371008 0.019092002910159826 0.0033045212589059591 0.00025906587134197785
leaf_weight=1.986772675765679 1.9133333156350985 1.4029691144824021 1.2039440795779226 1.5452549412148076 2.4209405567962676 1.8969195215031502 1.4331174241378901
leaf_count=36 36 25 24 40 39 31 19
internal_value=-0.000299855 0.00126862 -0.00186256 0.00094418 0.00924746 -0.00769893 0.0111834
internal_weight=13.8033 11.8165 8.98039 7.77645 3.9662 3.81025 2.83609
internal_count=250 214 170 146 79 67 44
is_linear=0
shrinkage=0.05


Tree=595
num_leaves=10
num_cat=0
split_feature=3 16 24 10 16 28 21 1 5
split_gain=0.0789204 0.346139 0.287269 0.148679 0.178737 0.186321 0.183381 0.166265 0.13197
threshold=0.017827827799942856 0.0035594704558886089 -0.013767256148029259 0.0074152847757944168 0.0057031696737131028 0.028584771563586856 -0.00040527243065019419 -0.00044304132910299993 0.0043271328639964126
decision_type=2 2 2 2 2 2 2 2 2
left_child=3 -2 -3 4 6 -6 7 -1 -8
right_child=1 2 -4 -5 5 -7 8 -9 -10
leaf_value=-0.017935965537000532 0.035285247045746947 0.024303086733811281 -0.026533519391038159 -0.017065501743822688 -0.034268446677834317 0.0085242041991996191 0.019747342912804559 0.0085673274333602084 -0.0010128465447562099
leaf_weight=1.3035797653719785 0.77595792710781175 0.44228245457634319 0.7476503268117084 1.3420988138532264 0.6532437087735159 0.41658370953518897 2.1236254908144478 1.0836882521398346 1.1970052551478145
leaf_count=26 11 7 38 28 33 17 38 23 29
internal_value=0.000315261 0.00930413 -0.00763822 -0.00186103 0.0011497 -0.0176053 0.00466493 -0.00590493 0.0122638
internal_weight=10.0857 1.96589 1.18993 8.11982 6.77773 1.06983 5.7079 2.38727 3.32063
internal_count=250 56 45 194 166 50 116 49 67
is_linear=0
shrinkage=0.05


Tree=596
num_leaves=8
num_cat=0
split_feature=7 31 13 34 32 13 23
split_gain=0.0942998 0.132242 0.179549 0.205191 0.260037 0.150589 0.137326
threshold=171.94414901733401 -0.1696193232013079 69.923888621356937 1.1352997895567059 -0.093948365971808001 53.791571444072368 -0.0046649395293827936
decision_type=2 2 2 2 2 2 2
left_child=-1 5 3 4 -3 -2 -5
right_child=1 2 -4 6 -6 -7 -8
leaf_value=0.012027656783748959 0.001921995185547085 -0.013739587492498012 -0.013290906505037406 0.0015942058075452037 0.0079286709523898498 -0.017563588628651882 0.02076984763854732
leaf_weight=1.4978394526988292 1.7844202853739268 2.5094966217875467 1.700779408914969 1.5487041156738999 3.0888927988707979 2.2314558932557702 2.3510593073442578
leaf_count=24 22 44 29 19 45 35 32
internal_value=5.74018e-05 -0.00112102 0.00167039 0.00434942 -0.0017842 -0.00890534 0.0131547
internal_weight=16.7126 15.2148 11.1989 9.49815 5.59839 4.01588 3.89976
internal_count=250 226 169 140 89 57 51
is_linear=0
shrinkage=0.05


Tree=597
num_leaves=9
num_cat=0
split_feature=14 14 6 2 3 4 22 23
split_gain=0.0790753 0.120446 0.287742 0.138679 0.204594 0.338835 0.173626 0.0757468
threshold=0.97373123807739648 0.77383615920621784 0.93949679644634798 0.0010787871603357149 0.0086687851114621867 0.005251074970357034 0.0036277120853195348 -0.0025970891986756279
decision_type=2 2 2 2 2 2 2 2
left_child=1 3 -3 4 5 -1 -5 -4
right_child=-2 2 7 6 -6 -7 -8 -9
leaf_value=-0.029862735055645673 0.0092072927192688066 0.0045384837482906762 -0.013682535589051387 -0.0002267161023763013 0.012691495218574182 0.0033087935340201423 0.021398251476037584 -0.034499972990889548
leaf_weight=1.384926220751366 1.8897451460361487 1.796252278145402 0.8853964670561254 2.3289848798885946 1.2250614203512666 1.733342300634831 1.5432609450072048 0.86276896111667134
leaf_count=40 27 31 16 39 20 31 21 25
internal_value=-0.000286288 -0.00181184 -0.00951573 0.00151183 -0.00462193 -0.0114238 0.00839179 -0.0239565
internal_weight=13.6497 11.76 3.54442 8.21558 4.34333 3.11827 3.87225 1.74817
internal_count=250 223 72 151 91 71 60 41
is_linear=0
shrinkage=0.05


Tree=598
num_leaves=8
num_cat=0
split_feature=21 0 21 9 22 24 24
split_gain=0.078149 0.18324 0.127167 0.144172 0.216675 0.207677 0.17356
threshold=0.0029554208860244073 0.0012239995983152065 0.0021902928164430073 171.86642074584964 0.00050791732461208394 0.00060575428328957248 -0.016343668715552592
decision_type=2 2 2 2 2 2 2
left_child=2 -2 3 -1 6 -6 -5
right_child=1 -3 -4 4 5 -7 -8
leaf_value=0.019959767646094424 -0.023811862163735813 0.010848005134145799 0.020332231135104604 0.0040886233808962507 -0.010112094656873885 0.017772657054292176 -0.018314199360264675
leaf_weight=0.81711696775164266 0.94791328092105753 0.63798972452059388 0.86995587131241325 1.3514074878767122 1.0327288400148975 1.889202249702066 2.399704032170122
leaf_count=17 32 20 18 27 31 37 68
internal_value=0.000307336 -0.00986861 0.0022377 0.000136085 -0.00229133 0.00791706 -0.0102432
internal_weight=9.94602 1.5859 8.36012 7.49016 6.67304 2.92193 3.75111
internal_count=250 52 198 180 163 68 95
is_linear=0
shrinkage=0.05


Tree=599
num_leaves=10
num_cat=0
split_feature=25 25 1 8 33 13 6 34 20
split_gain=0.0912834 0.144099 0.209625 0.192794 0.29637 0.189285 0.139652 0.0985061 0.0979506
threshold=-0.012490013162696876 0.0012177978034709771 0.0037154913085470924 0.0013854049328745641 0.25500000000000006 55.182472208986901 0.92862211736288303 1.7032591425851378 -0.0077711965930201124
decision_type=2 2 2 2 2 2 2 2 2
left_child=-1 2 8 5 -5 -3 -4 -6 -2
right_child=1 3 6 4 7 -7 -8 -9 -10
leaf_value=-0.010962705315194948 0.022981444790334205 -0.0036231891454191175 -0.015903829987876924 -0.012675125104463628 0.020855424371501646 -0.027642349673347107 0.0070191423929262253 0.0024395349660808027 0.0066906724214033653
leaf_weight=1.6888078113552207 1.8174765734001996 2.5101623106747852 1.2461146190762522 1.7417738623917101 1.7606783546507361 1.2183614904060958 1.4233552217483518 1.2358027910813687 1.8742215791717161
leaf_count=30 28 35 16 29 25 20 24 17 26
internal_value=5.15226e-05 0.00130597 0.00699255 -0.0029664 0.00372654 -0.0114719 -0.00368135 0.0132604 0.0147109
internal_weight=16.5168 14.8279 6.36117 8.46678 4.73826 3.72852 2.66947 2.99648 3.6917
internal_count=250 220 94 126 71 55 40 42 54
is_linear=0
shrinkage=0.05


end of trees

feature_importances:
range_pct=343
x_tnx_ret_5=247
x_gold_ret_1=211
x_vix_ret_1=209
x_dxy_ret_5=209
x_dxy_ret_1=203
x_tnx_ret_1=197
x_spx_ret_1=183
x_gold_ret_5=173
ret_10=171
x_oil_ret_5=165
ret_1=151
x_oil_ret_1=151
rsi_14=143
x_spx_ret_5=137
dist_sma_10=129
corr_vix=127
sma_10=116
ret_20=115
corr_dxy=113
ret_5=108
dist_sma_50=102
body_pct=101
bb_pctb=97
trend_strength=82
x_vix_ret_5=74
vol_20=72
vol_ratio=71
sma_20=63
vol_percentile=59
vol_10=58
dist_sma_20=44
atr_pct=44
sma_50=36

parameters:
[boosting: gbdt]
[objective: multiclass]
[metric: multi_logloss]
[tree_learner: serial]
[device_type: cpu]
[data_sample_strategy: bagging]
[data: ]
[valid: ]
[num_iterations: 200]
[learning_rate: 0.05]
[num_leaves: 31]
[num_threads: 2]
[seed: 0]
[deterministic: 0]
[force_col_wise: 0]
[force_row_wise: 0]
[histogram_pool_size: -1]
[max_depth: 5]
[min_data_in_leaf: 20]
[min_sum_hessian_in_leaf: 0.001]
[bagging_fraction: 1]
[pos_bagging_fraction: 1]
[neg_bagging_fraction: 1]
[bagging_freq: 0]
[bagging_seed: 3]
[bagging_by_query: 0]
[feature_fraction: 1]
[feature_fraction_bynode: 1]
[feature_fraction_seed: 2]
[extra_trees: 0]
[extra_seed: 6]
[early_stopping_round: 0]
[early_stopping_min_delta: 0]
[first_metric_only: 0]
[max_delta_step: 0]
[lambda_l1: 0]
[lambda_l2: 0]
[linear_lambda: 0]
[min_gain_to_split: 0]
[drop_rate: 0.1]
[max_drop: 50]
[skip_drop: 0.5]
[xgboost_dart_mode: 0]
[uniform_drop: 0]
[drop_seed: 4]
[top_rate: 0.2]
[other_rate: 0.1]
[min_data_per_group: 100]
[max_cat_threshold: 32]
[cat_l2: 10]
[cat_smooth: 10]
[max_cat_to_onehot: 4]
[top_k: 20]
[monotone_constraints: ]
[monotone_constraints_method: basic]
[monotone_penalty: 0]
[feature_contri: ]
[forcedsplits_filename: ]
[refit_decay_rate: 0.9]
[cegb_tradeoff: 1]
[cegb_penalty_split: 0]
[cegb_penalty_feature_lazy: ]
[cegb_penalty_feature_coupled: ]
[path_smooth: 0]
[interaction_constraints: ]
[verbosity: -1]
[saved_feature_importance_type: 0]
[use_quantized_grad: 0]
[num_grad_quant_bins: 4]
[quant_train_renew_leaf: 0]
[stochastic_rounding: 1]
[linear_tree: 0]
[max_bin: 255]
[max_bin_by_feature: ]
[min_data_in_bin: 3]
[bin_construct_sample_cnt: 200000]
[data_random_seed: 1]
[is_enable_sparse: 1]
[enable_bundle: 1]
[use_missing: 1]
[zero_as_missing: 0]
[feature_pre_filter: 1]
[pre_partition: 0]
[two_round: 0]
[header: 0]
[label_column: ]
[weight_column: ]
[group_column: ]
[ignore_column: ]
[categorical_feature: ]
[forcedbins_filename: ]
[precise_float_parser: 0]
[parser_config_file: ]
[objective_seed: 5]
[num_class: 3]
[is_unbalance: 0]
[scale_pos_weight: 1]
[sigmoid: 1]
[boost_from_average: 1]
[reg_sqrt: 0]
[alpha: 0.9]
[fair_c: 1]
[poisson_max_delta_step: 0.7]
[tweedie_variance_power: 1.5]
[lambdarank_truncation_level: 30]
[lambdarank_norm: 1]
[label_gain: ]
[lambdarank_position_bias_regularization: 0]
[eval_at: ]
[multi_error_top_k: 1]
[auc_mu_weights: ]
[num_machines: 1]
[local_listen_port: 12400]
[time_out: 120]
[machine_list_filename: ]
[machines: ]
[gpu_platform_id: -1]
[gpu_device_id: -1]
[gpu_device_id_list: ]
[gpu_use_dp: 0]
[num_gpu: 1]

end of parameters

pandas_categorical:[]
