tree
version=v4
num_class=3
num_tree_per_iteration=3
label_index=0
max_feature_idx=34
objective=multiclass num_class:3
feature_names=ret_1 ret_5 ret_10 ret_20 vol_10 vol_20 vol_ratio sma_10 dist_sma_10 sma_20 dist_sma_20 sma_50 dist_sma_50 rsi_14 bb_pctb atr_pct range_pct body_pct vol_z x_vix_ret_1 x_vix_ret_5 x_dxy_ret_1 x_dxy_ret_5 x_tnx_ret_1 x_tnx_ret_5 x_gold_ret_1 x_gold_ret_5 x_oil_ret_1 x_oil_ret_5 x_spx_ret_1 x_spx_ret_5 corr_vix corr_dxy vol_percentile trend_strength
feature_infos=[-0.10779554287274529:0.060697222287814823] [-0.12104152623129605:0.10599732515288141] [-0.1602602167081586:0.15318214107995187] [-0.15746416385011752:0.22101482144224183] [0.0053936057970402004:0.045433603015078441] [0.0069247959970794417:0.034752308781986575] [0.50914808993393057:1.3946158357826022] [3116.0899902343749:5187.7601074218746] [-0.10244144101994211:0.086360286526662597] [3082.1199951171875:5134.4100830078123] [-0.12604644238479223:0.13491629741628694] [2987.5960107421874:4966.8200390624997] [-0.1173380393080355:0.19841502582315637] [18.992797489949211:94.234103922515672] [-0.31798773539458947:1.2278919990960748] [0.010317846729085877:0.061554167714509771] [0.0046817849305047553:0.16433800697985637] [-0.14012347235249356:0.049442755825734548] [-3.0359526615819998:2.9953030774125224] [-0.18386344627110762:0.3183201123002275] [-0.42442194180549409:0.54047468020857092] [-0.013395944759003298:0.014450913200693138] [-0.035057163196705932:0.028083565298270496] [-0.03211016950357426:0.02639967548160671] [-0.049773815210716665:0.059181234366852298] [-0.10779554287274529:0.060697222287814823] [-0.12104152623129605:0.10599732515288141] [-0.16414337128869971:0.12208368261757263] [-0.13421195174671341:0.356311639494584] [-0.027111673211413612:0.032558782749008364] [-0.038252079517042792:0.083058190857498992] [-0.49868124287710769:0.69617962529620903] [-0.89804360008172679:0.14786010163248006] [0.01:1] [-2.3835394601606512:3.5471777750188287]
tree_sizes=1179 849 1075 1202 1092 994 1199 1214 1203 1191 1095 997 1298 1208 997 1203 1215 1092 1092 1222 1093 1101 988 1000 1306 1096 994 1097 1103 1194 1203 1104 1104 1092 1093 782 1199 1106 1099 1102 1101 1101 984 1099 1105 1209 995 1096 1099 1106 1102 1204 999 783 982 1210 1204 1103 1105 996 1213 1108 993 885 1106 996 1095 1105 1092 1102 1108 891 1107 1113 1001 883 1329 1094 1000 1099 997 886 1311 784 1316 1228 1095 1099 1314 785 785 1110 1001 1102 1113 782 888 1329 996 1092 1214 1101 997 1106 1099 787 992 776 786 1323 996 891 1332 782 784 1221 1102 988 1207 996 997 1316 893 783 1110 1100 988 1208 995 996 1111 1099 786 1102 1093 894 1006 1000 986 1213 792 1211 1006 1106 787 1102 785 1216 1006 1097 893 1010 995 997 1007 997 893 1008 784 1204 1005 1101 889 1430 900 1106 1317 983 791 1004 787 1097 1109 897 984 1098 790 1113 1000 890 888 1006 998 1209 1324 896 892 1431 1004 1211 1325 898 792 1113 1206 892 1325 1115 1112 1217 1208 786 1115 793 891 1222 895 896 1223 892 998 1018 1097 996 1109 792 1002 1328 1208 1206 1114 895 994 1008 1221 898 1227 1213 1005 1225 999 999 1221 1009 1211 1438 899 1117 1223 892 1001 1316 792 1116 1005 1213 893 1545 794 891 1223 896 893 1010 897 990 1327 894 1114 1228 1109 898 1002 1006 1111 1004 894 1119 1555 1010 1000 1000 892 901 1551 1006 1104 1006 1105 897 1002 790 1109 1554 900 1004 1223 898 1102 898 900 1219 1557 1108 1096 1110 1212 1213 1448 891 903 1005 892 1217 1333 894 898 1335 1004 1221 1108 898 1225 1556 901 1001 1010 790 1114 1563 794 898 1005 1107 1118 1560 799 1006 1348 1109 1113 1346 895 1114 1116 899 901 1234 1113 1109 1010 897 1221 1106 1007 1118 1229 894 1321 1228 900 1211 1006 786 1213 1348 1002 1105 1012 1008 1117 1002 898 794 1112 1006 1003 1225 896 893 1010 1118 1210 1000 1095 1104 1228 901 1117 1337 895 797 1559 896 788 1336 1117 894 1229 798 790 1231 900 899 1452 790 1119 1565 1211 894 1345 1007 1216 1227 790 1117 1242 788 1120 1342 1218 1116 1107 1108 1222 1558 797 1118 1114 1113 797 1352 801 1012 1010 786 903 1346 1111 1323 1449 898 1217 1120 891 899 1342 796 899 1456 1107 1225 1458 797 1221 1224 1117 1216 1459 794 1111 1457 793 1006 1018 795 797 1228 795 902 1463 798 1118 1582 1109 1223 1344 898 1211 1455 797 1110 1117 897 1121 1352 792 1006 1225 1009 1108 1353 890 797 1014 898 794 1343 793 1124 1237 1099 1109 1355 794 797 1360 1007 1007 1227 903 1118 1119 794 798 1238 792 797 1241 798 995 1359 895 1120 1117 1109 1004 1576 1104 1009 1245 797 1222 1222 898 1115 1465 902 1111 1577 895 1112 1120 1001 1112 1227 1109 895 1574 1107 1222 1227 796 1002 1017 1314 901 1354 797 1226 1568 793 1104 1119 796 1114 1360 799 1013 1363 1222 1005 1246 1316 1114 1249 903 794 1243 1104 1220 1250 1108 1105 1025 1108 1120 1024 1109 1112 1241 1001 895 1127 797 902 1019 1112 1008 1240 897 1012 1128 1211 1116 1364 1006 1003 1353 1008

Tree=0
num_leaves=10
num_cat=0
split_feature=5 14 0 7 1 22 0 24 16
split_gain=6.73738 8.34605 4.74177 4.31723 4.24724 3.71351 4.77055 7.18419 2.4585
threshold=0.015175815717479712 0.49990174047588692 -0.0049156172271392897 4547.624975585938 -0.023910047806975917 -0.0083786479075978453 -0.0016703033581055291 0.0048397577591891014 0.015717894106065586
decision_type=2 2 2 2 2 2 2 2 2
left_child=5 4 -3 -4 -2 -1 -7 8 -8
right_child=1 2 3 -5 -6 6 7 -9 -10
leaf_value=-0.90881772225064028 -0.91516550645170913 -0.92699546791733733 -0.86074768370981936 -0.90881772225064028 -0.96825606522428465 -0.97281853511880279 -0.93693263554846506 -0.90255649874322241 -0.97519403597297338
leaf_weight=8.2518480718135816 7.534296065568924 8.2518480718135852 10.763280093669893 8.2518480718135816 7.5342960655689222 11.480832099914549 8.9694000780582481 10.76328009366989 7.8930720686912528
leaf_count=23 21 23 30 23 21 32 25 30 22
internal_value=-0.926341 -0.911847 -0.895344 -0.881608 -0.941711 -0.939298 -0.945729 -0.934471 -0.954842
internal_weight=89.694 42.3356 27.267 19.0151 15.0686 47.3584 39.1066 27.6258 16.8625
internal_count=250 118 76 53 42 132 109 77 47
is_linear=0
shrinkage=1


Tree=1
num_leaves=7
num_cat=0
split_feature=15 28 16 0 13 23
split_gain=5.87132 5.93334 4.72813 3.52292 1.6 0.465184
threshold=0.01967247212534011 0.013339568855629926 0.014571024925539569 0.0024512262357069274 39.633933617132229 -0.0098002246374394569
decision_type=2 2 2 2 2 2
left_child=1 3 -3 -1 -2 -6
right_child=4 2 -4 -5 5 -7
leaf_value=-2.7700695035131511 -2.7925844191424356 -2.7897700546887751 -2.6715667476350307 -2.8488717082156474 -2.8207280636790415 -2.8488717082156474
leaf_weight=2.5380000472068804 1.776600033044814 1.6920000314712527 1.6920000314712522 3.2148000597953796 1.776600033044814 8.4600001573562604
leaf_count=30 21 20 20 38 21 100
internal_value=-2.81341 -2.7832 -2.73067 -2.81411 -2.83639 -2.84399
internal_weight=21.15 9.1368 3.384 5.7528 12.0132 10.2366
internal_count=250 108 40 68 142 121
is_linear=0
shrinkage=1


Tree=2
num_leaves=9
num_cat=0
split_feature=0 15 16 24 18 22 8 13
split_gain=4.30766 5.84782 5.98384 4.50807 4.09947 4.02024 3.95571 3.84325
threshold=-0.00033551514938506827 0.022152729778764452 0.019310912013077594 -0.0037174288462306078 -0.26055126372133752 0.0065591886787134132 0.011250404497018125 52.023542877026351
decision_type=2 2 2 2 2 2 2 2
left_child=5 2 3 -2 -3 6 7 -1
right_child=1 4 -4 -5 -6 -7 -8 -9
leaf_value=-0.59232283205443093 -0.59521259395237081 -0.62218370499980924 -0.56992717734539711 -0.6384315329259711 -0.66846805806514575 -0.56820443467547144 -0.5767432461698857 -0.63571441305318388
leaf_weight=8.930304050445562 11.534976065158844 13.395456075668337 8.9303040504455549 12.651264071464539 7.441920042037963 9.6744960546493513 8.5582080483436567 11.90707206726074
leaf_count=24 31 36 24 34 20 26 23 32
internal_value=-0.608806 -0.617962 -0.604905 -0.617819 -0.638714 -0.596162 -0.605363 -0.617118
internal_weight=93.024 53.9539 33.1165 24.1862 20.8374 39.0701 29.3956 20.8374
internal_count=250 145 89 65 56 105 79 56
is_linear=0
shrinkage=1


Tree=3
num_leaves=10
num_cat=0
split_feature=5 14 0 1 31 22 0 24 16
split_gain=6.10429 7.49971 4.20799 4.06536 4.02368 3.48669 4.45992 6.52228 2.28754
threshold=0.015175815717479712 0.49990174047588692 -0.0049156172271392897 -0.023910047806975917 0.06684130609784622 -0.0083786479075978453 -0.0016703033581055291 0.0048397577591891014 0.015717894106065586
decision_type=2 2 2 2 2 2 2 2 2
left_child=5 3 -3 -2 -4 -1 -7 8 -8
right_child=1 2 4 -5 -6 6 7 -9 -10
leaf_value=0.017087115191223853 0.011208555094388152 -0.0006248781866944219 0.059822842501830065 -0.040862794061057126 0.012633307489855165 -0.045079110856896837 -0.010160201132335692 0.022397673651213125 -0.04725219430173272
leaf_weight=8.2707080543041211 7.531621128320694 8.2488735318183917 12.000443994998934 7.4621276855468732 7.2440417706966391 11.324611037969587 8.9424361586570793 10.840628445148466 7.7670110762119284
leaf_count=23 21 23 33 21 20 32 25 30 22
internal_value=-5.39674e-06 0.0137396 0.029253 -0.0147064 0.0420597 -0.0123923 -0.0186642 -0.00780616 -0.0274016
internal_weight=89.6325 42.4871 27.4934 14.9937 19.2445 47.1454 38.8747 27.5501 16.7094
internal_count=250 118 76 42 53 132 109 77 47
is_linear=0
shrinkage=0.05


Tree=4
num_leaves=9
num_cat=0
split_feature=15 22 1 13 6 28 6 29
split_gain=5.41558 5.58636 6.54506 1.53152 1.40338 0.477345 8.3992e-07 3.26324e-07
threshold=0.01967247212534011 -0.0012629562516405788 0.01857427860085992 39.633933617132229 1.046194654090735 -0.022415092388189502 0.91355626698219172 -0.00081754060861255462
decision_type=2 2 2 2 2 2 2 2
left_child=1 2 -1 -2 -3 -5 -7 -8
right_child=3 4 -4 5 -6 6 7 -9
leaf_value=0.015942008226118031 0.019579900546645851 -0.035515748233649523 0.13190827509445921 -0.006492368287972089 0.022274463560012864 -0.035371037939187437 -0.035419072623988981 -0.035393661058951316
leaf_weight=2.9116552621126175 1.8150605410337437 2.6746759340167063 2.0901485159993172 1.7297309264540661 1.7300228700041769 3.0117828100919706 2.1609763726592042 3.041469529271128
leaf_count=33 21 31 24 21 20 37 26 37
internal_value=-3.50579e-05 0.028243 0.0644019 -0.0226558 -0.0128176 -0.030365 -0.0353921 -0.0354042
internal_weight=21.1655 9.4065 5.0018 11.759 4.4047 9.94396 8.21423 5.20245
internal_count=250 108 57 142 51 121 100 63
is_linear=0
shrinkage=0.05


Tree=5
num_leaves=8
num_cat=0
split_feature=28 20 19 0 4 2 16
split_gain=4.01828 4.33812 3.63312 3.71048 3.43453 4.79589 3.32781
threshold=0.098565230738145729 0.14238316088760153 -0.054805799949304061 0.0080400305515768728 0.013614754966424664 1.0000000180025095e-35 0.016333922162544087
decision_type=2 2 2 2 2 2 2
left_child=1 2 3 -1 6 -6 -4
right_child=-2 -3 4 -5 5 -7 -8
leaf_value=0.043100887655868399 -0.034297634579412845 0.036995099717923134 -0.0068003418241479215 -0.0051846105017300838 0.005341024448578922 -0.038439703519322591 0.026030438407095537
leaf_weight=8.5381200611591321 7.8159129321575156 8.5261178314685804 23.443895250558853 7.4504973888397208 10.775776028633119 14.910781115293501 11.507094770669935
leaf_count=23 21 23 63 20 29 40 31
internal_value=1.31849e-05 0.00316249 -0.000602033 0.0206004 -0.0061926 -0.0200732 0.00400871
internal_weight=92.9682 85.1523 76.6262 15.9886 60.6375 25.6866 34.951
internal_count=250 229 206 43 163 69 94
is_linear=0
shrinkage=0.05


Tree=6
num_leaves=10
num_cat=0
split_feature=5 14 1 0 7 22 0 24 16
split_gain=5.52743 6.81644 3.84598 3.82631 3.78747 3.274 4.24233 6.05493 2.15722
threshold=0.015175815717479712 0.49990174047588692 -0.023910047806975917 -0.0049156172271392897 4547.624975585938 -0.0083786479075978453 -0.0016703033581055291 0.0048397577591891014 0.013700416979847934
decision_type=2 2 2 2 2 2 2 2 2
left_child=5 2 -2 -3 -5 -1 -7 8 -8
right_child=1 3 -4 4 -6 6 7 -9 -10
leaf_value=0.016662953291490232 0.010909887612962278 -0.00079114700423342705 -0.039850797454983093 0.059088596696926045 0.014493144237233666 -0.043939079000543141 -0.005714605398350254 0.021572805610348359 -0.042157743619570809
leaf_weight=8.2877077460288984 7.5432968139648438 8.2549449503421801 7.3847017586231214 11.035829961299898 8.373716473579405 11.176391988992689 7.1405816674232545 10.883884519338606 9.4146992266178113
leaf_count=23 21 23 21 30 23 32 20 30 27
internal_value=-1.07521e-05 0.0130289 -0.0142008 0.0277223 0.0398491 -0.0118519 -0.0179718 -0.00739498 -0.0264392
internal_weight=89.4958 42.5925 14.928 27.6645 19.4095 46.9033 38.6156 27.4392 16.5553
internal_count=250 118 42 76 53 132 109 77 47
is_linear=0
shrinkage=0.05


Tree=7
num_leaves=10
num_cat=0
split_feature=16 16 22 21 18 1 15 13 12
split_gain=5.08765 8.65659 4.39308 9.8828 1.72449 0.518848 5.62678e-05 6.62264e-06 5.95127e-06
threshold=0.017851990527882125 0.015717894106065586 -0.0012629562516405788 -1.0000000180025095e-35 -0.82191195877479717 0.047681800262499581 0.020222975607670494 48.272839059071877 0.026800749917009273
decision_type=2 2 2 2 2 2 2 2 2
left_child=1 2 3 -1 -2 6 -6 -8 -4
right_child=4 -3 8 -5 5 -7 7 -9 -10
leaf_value=-0.03552312532696205 0.024634453990884569 0.122490191476555 -0.035498397949214756 0.12239342189852978 -0.035648655584279286 -0.0044901116348027093 -0.035446169269541333 -0.035328460458580985 -0.035372442425450991
leaf_weight=2.0724047049880028 1.6647378504276265 1.8969329595565794 1.9721438363194486 1.8982397913932803 2.4312532991170865 1.6187540367245663 1.6776511669158933 4.1532134711742401 1.7881057932972906
leaf_count=24 20 21 23 21 27 20 20 52 22
internal_value=-6.18935e-05 0.0267778 0.00329278 0.0399718 -0.0224434 -0.0303751 -0.0354466 -0.0353623 -0.0354385
internal_weight=21.1734 9.62783 7.73089 3.97064 11.5456 9.88087 8.26212 5.83086 3.76025
internal_count=250 111 90 45 139 119 99 72 45
is_linear=0
shrinkage=0.05


Tree=8
num_leaves=10
num_cat=0
split_feature=22 5 17 31 19 19 1 18 2
split_gain=3.80553 5.43391 7.56915 3.77465 2.70201 3.59671 3.65984 2.42582 2.05434
threshold=-0.00075626678585982699 0.013491961794133532 -0.010061316895333046 0.10652724610648137 -0.024226086205487881 -0.0042854614325467102 0.027699433520321119 0.15066457996164315 0.0011401922588790694
decision_type=2 2 2 2 2 2 2 2 2
left_child=4 3 -3 -2 7 -6 -7 -1 -4
right_child=1 2 8 -5 5 6 -8 -9 -10
leaf_value=0.027507345470257905 0.058319515459718876 0.035735025145299838 -0.0036514604740988327 0.013219830954181997 -0.044607750240447996 0.0098767932793029905 -0.031902047189299038 -0.012914879789391773 -0.036722893199606754
leaf_weight=7.4211247861385328 7.3404724597930935 8.1522098481655139 8.524555057287218 12.608762204647062 9.3269523084163684 12.637016892433168 8.9575415551662427 7.4251920878887177 10.454867899417875
leaf_count=20 20 22 23 34 25 34 24 20 28
internal_value=2.44781e-05 0.0100049 -0.00456075 0.0298146 -0.0102422 -0.0186603 -0.0074533 0.0072907 -0.021869
internal_weight=92.8487 47.0809 27.1316 19.9492 45.7678 30.9215 21.5946 14.8463 18.9794
internal_count=250 127 73 54 123 83 58 40 51
is_linear=0
shrinkage=0.05


Tree=9
num_leaves=10
num_cat=0
split_feature=5 14 1 16 6 22 24 16 18
split_gain=4.94494 6.11817 3.68507 3.42021 3.37393 2.9829 4.06038 2.88199 0.977624
threshold=0.015175815717479712 0.49990174047588692 -0.023910047806975917 0.030405438266150834 0.8959533567059188 -0.0083786479075978453 0.014911151110892253 0.013700416979847934 0.1356182751407122
decision_type=2 2 2 2 2 2 2 2 2
left_child=5 2 -2 4 -3 -1 7 -7 -9
right_child=1 3 -4 -5 -6 6 -8 8 -10
leaf_value=0.015858494574694217 0.010890920125039659 0.015248082085430603 -0.038931943889572905 0.0001702749237719644 0.057411742885388188 -0.006453123957344065 0.012428042455462692 -0.023888173828310183 -0.047827907065556334
leaf_weight=8.3208090960979444 7.5412188470363617 8.8048069775104576 7.3077351450920087 8.7170716226100904 10.288935631513594 11.39437857270241 8.8941234648227674 6.9446494877338436 11.050261259078978
leaf_count=23 21 24 21 24 28 32 25 20 32
internal_value=-1.53503e-05 0.0122849 -0.0136288 0.026121 0.0379686 -0.0112746 -0.0171719 -0.0261298 -0.038589
internal_weight=89.264 42.6598 14.849 27.8108 19.0937 46.6042 38.2834 29.3893 17.9949
internal_count=250 118 42 76 52 132 109 84 52
is_linear=0
shrinkage=0.05


Tree=10
num_leaves=9
num_cat=0
split_feature=15 28 19 6 13 27 5 18
split_gain=4.77393 4.65284 3.64506 3.26349 1.46869 0.498673 6.04057e-06 4.69443e-06
threshold=0.01967247212534011 0.013339568855629926 -1.0000000180025095e-35 1.031446981122073 39.633933617132229 -0.016749179238866149 0.015175815717479712 -0.51885727625748734
decision_type=2 2 2 2 2 2 2 2
left_child=1 3 -3 -1 -2 -6 -7 -8
right_child=4 2 -4 -5 5 6 7 -9
leaf_value=-0.035551508488019953 0.018713556481160191 0.11563548520907163 0.018107657613682309 0.03871374932006505 -0.0051150639848498202 -0.03538241086529173 -0.035331043015574694 -0.035241594157975335
leaf_weight=3.2874731719493884 1.8422958329319943 1.9791053906083109 1.8569735288619993 2.6894786357879639 1.6559232249855984 1.793319284915923 2.4727149829268438 3.6057087033987063
leaf_count=38 21 20 20 30 21 22 31 47
internal_value=-0.000101747 0.0254483 0.0684241 -0.002134 -0.0221532 -0.0300553 -0.0353018 -0.035278
internal_weight=21.183 9.81303 3.83608 5.97695 11.37 9.52767 7.87174 6.07842
internal_count=250 108 40 68 142 121 100 78
is_linear=0
shrinkage=0.05


Tree=11
num_leaves=8
num_cat=0
split_feature=28 20 19 0 4 2 16
split_gain=3.73123 3.75518 3.23958 3.17578 3.02587 4.02398 3.00604
threshold=0.098565230738145729 0.14238316088760153 -0.054805799949304061 0.0080400305515768728 0.013614754966424664 1.0000000180025095e-35 0.016333922162544087
decision_type=2 2 2 2 2 2 2
left_child=1 2 3 -1 6 -6 -4
right_child=-2 -3 4 -5 5 -7 -8
leaf_value=0.040697280497735605 -0.033025475656471598 0.034795869173304926 -0.0063404886716599551 -0.0041001203201164261 0.0046479836636654122 -0.035481083803491319 0.024942355725499361
leaf_weight=8.4361279904842359 7.8131428360939017 8.4095307588577253 23.423054099082947 7.4501275420188895 10.735008656978609 14.942881405353544 11.425039470195768
leaf_count=23 21 23 63 20 29 40 31
internal_value=3.80583e-05 0.00308362 -0.000406462 0.0196888 -0.00568086 -0.0187046 0.00391567
internal_weight=92.6349 84.8218 76.4122 15.8863 60.526 25.6779 34.8481
internal_count=250 229 206 43 163 69 94
is_linear=0
shrinkage=0.05


Tree=12
num_leaves=11
num_cat=0
split_feature=5 14 1 0 7 31 32 18 16 2
split_gain=4.47323 5.57052 3.49049 3.28871 3.44081 2.78951 4.23967 3.38431 3.12383 1.40759
threshold=0.015175815717479712 0.49990174047588692 -0.023910047806975917 -0.0049156172271392897 4547.624975585938 0.23481960478856032 -0.22015684714245229 0.57352719239073091 0.013121764657758977 0.052086584490930739
decision_type=2 2 2 2 2 2 2 2 2 2
left_child=5 2 -2 -3 -5 6 9 8 -7 -1
right_child=1 3 -4 4 -6 7 -8 -9 -10 -11
leaf_value=-0.053243150136602108 0.010598094018883777 -0.001619203405720024 -0.038020757279275286 0.054159527467986295 0.011882436012062235 0.010752211834489822 0.0053491398945056268 0.028321709544668668 -0.034491283776135931 -0.022355008298944976
leaf_weight=8.0331717133522051 7.5507073998451233 8.2854956984519976 7.2230283915996534 11.171820253133776 8.4551177620887739 7.5358190238475817 8.4210599958896619 7.8058685660362235 7.7272948026657104 6.8194586634635916
leaf_count=23 21 23 21 30 23 21 24 22 22 20
internal_value=-2.27674e-05 0.0116551 -0.0131722 0.0247958 0.0359469 -0.0107792 -0.0229923 0.00154224 -0.0121533 -0.0390611
internal_weight=89.0288 42.6862 14.7737 27.9124 19.6269 46.3427 23.2737 23.069 15.2631 14.8526
internal_count=250 118 42 76 53 132 67 65 43 43
is_linear=0
shrinkage=0.05


Tree=13
num_leaves=10
num_cat=0
split_feature=16 16 32 23 18 1 15 22 13
split_gain=4.53156 6.88065 4.19355 1.77391 1.54849 0.533545 0.000108874 2.76548e-05 1.366e-05
threshold=0.017851990527882125 0.015717894106065586 -0.67209188520824192 0.0047532699056348502 -0.81336442997887726 0.047681800262499581 0.020222975607670494 -0.0012629562516405788 48.272839059071877
decision_type=2 2 2 2 2 2 2 2 2
left_child=1 2 -1 7 -2 6 -6 -4 -8
right_child=4 -3 3 -5 5 -7 8 -9 -10
leaf_value=0.065756117232802544 0.02088148944657911 0.10368595849848868 -0.035649007720359512 0.025963535019890717 -0.035647719685875365 -0.0034099167696364286 -0.035366023653548732 -0.035392261019385064 -0.03519253208992229
leaf_weight=1.9711300358176229 1.7737537845969189 2.1463967636227608 1.8838330730795854 1.6214682981371877 2.4125226214528066 1.5668360218405721 1.6142151132225988 2.3661955669522308 3.8184312209486961
leaf_count=22 21 21 21 18 27 20 20 29 51
internal_value=-0.000113881 0.024363 0.00265359 -0.0185307 -0.021972 -0.030048 -0.0353682 -0.0355061 -0.0352441
internal_weight=21.1748 9.98902 7.84263 5.8715 11.1858 9.412 7.84517 4.25003 5.43265
internal_count=250 111 90 68 139 118 98 50 71
is_linear=0
shrinkage=0.05


Tree=14
num_leaves=8
num_cat=0
split_feature=28 20 19 4 19 0 16
split_gain=3.40779 3.47237 3.14707 3.07892 3.22281 2.96913 2.7434
threshold=0.098565230738145729 0.13671793410276803 -0.054805799949304061 0.013614754966424664 -0.0042854614325467102 0.0080400305515768728 0.016333922162544087
decision_type=2 2 2 2 2 2 2
left_child=1 2 5 6 -5 -1 -4
right_child=-2 -3 3 4 -6 -7 -8
leaf_value=0.039601456920957658 -0.031536851058579646 0.031534814271757264 -0.0061204373724461037 -0.042645249122511386 -0.0053052443620272135 -0.0037876881232079326 0.023820580898285523
leaf_weight=8.3793703615665418 7.8175970613956443 9.4485768973827344 23.425460606813431 9.3103325366973895 15.233870506286619 7.4468693137168875 11.361087203025816
leaf_count=23 21 26 63 25 41 20 31
internal_value=4.80221e-05 0.00296648 -0.00062507 -0.00590937 -0.0194694 0.0191852 0.00365813
internal_weight=92.4232 84.6056 75.157 59.3308 24.5442 15.8262 34.7865
internal_count=250 229 203 160 66 43 94
is_linear=0
shrinkage=0.05


Tree=15
num_leaves=10
num_cat=0
split_feature=5 14 1 0 31 22 0 14 21
split_gain=4.04778 5.21569 3.25772 3.03779 3.32332 2.76038 4.03115 5.65148 2.88322
threshold=0.015175815717479712 0.49990174047588692 -0.023910047806975917 -0.0049156172271392897 0.06684130609784622 -0.0083786479075978453 -0.0016703033581055291 0.66639007024496988 -0.00081513905586688684
decision_type=2 2 2 2 2 2 2 2 2
left_child=5 2 -2 -3 -5 -1 -7 -8 -9
right_child=1 3 -4 4 -6 6 7 8 -10
leaf_value=0.015788870527895911 0.0098198738511094796 -0.0016553601277345183 -0.037242244522454726 0.050340656970794019 0.0078716536126363697 -0.041806130895450128 0.031188093064613405 -0.040879403869267208 -0.002237420195981527
leaf_weight=8.3098246455192548 7.5776998698711395 8.2777764201164263 7.1436773240566236 12.310342520475389 7.360868126153945 10.829305469989775 7.4990749061107662 8.8930504620075226 10.558546900749207
leaf_count=23 21 23 21 33 20 32 21 26 30
internal_value=-2.81384e-05 0.0110689 -0.0130174 0.0237558 0.034449 -0.0103019 -0.0160407 -0.0056876 -0.0199041
internal_weight=88.7602 42.6704 14.7214 27.949 19.6712 46.0898 37.78 26.9507 19.4516
internal_count=250 118 42 76 53 132 109 77 56
is_linear=0
shrinkage=0.05


Tree=16
num_leaves=10
num_cat=0
split_feature=15 21 7 32 13 28 22 18 16
split_gain=4.27112 3.99223 3.9433 2.86915 1.40138 0.515746 4.54074e-05 1.73043e-05 1.78208e-05
threshold=0.01967247212534011 0.0029543841542430953 4174.239965820313 -0.64600756419461625 39.633933617132229 -0.022415092388189502 -0.0014679640980916895 -0.81336442997887726 0.018681560161437388
decision_type=2 2 2 2 2 2 2 2 2
left_child=1 2 3 -1 -2 -6 -5 -7 -9
right_child=4 -3 -4 6 5 7 -8 8 -10
leaf_value=0.036462907570305646 0.017689697875326323 0.085425257519853109 0.071325221995629032 -0.035742358881575224 -0.0039528924575899299 -0.035369505934228843 -0.035411815402159291 -0.035329120163990063 -0.035132863216184321
leaf_weight=2.0704429894685736 1.8749900460243214 2.0591694191098204 1.8603778034448621 2.0239016413688651 1.5975702181458462 1.6170149743556956 2.1350044235587156 1.5749660879373557 4.3553956970572472
leaf_count=21 21 21 18 22 21 20 26 20 60
internal_value=-0.000134718 0.0232683 0.00744683 -0.0116303 -0.0216879 -0.0297615 -0.0355727 -0.0352245 -0.035185
internal_weight=21.1688 10.1489 8.08973 6.22935 11.0199 9.14495 4.15891 7.54738 5.93036
internal_count=250 108 87 69 142 121 48 100 80
is_linear=0
shrinkage=0.05


Tree=17
num_leaves=9
num_cat=0
split_feature=22 28 17 34 20 14 23 6
split_gain=3.31655 4.66226 2.60203 2.44068 2.2158 3.02113 2.9328 4.03276
threshold=1.0000000180025095e-35 0.042903524122921984 0.0032272959897254681 0.94954568769274783 0.0012316468289991225 0.82972373341760941 0.0025662273129757334 0.89126794042474455
decision_type=2 2 2 2 2 2 2 2
left_child=4 2 3 -2 6 -6 7 -1
right_child=1 -3 -4 -5 5 -7 -8 -9
leaf_value=0.03992037953715933 0.052102913229801741 -0.01444838077538978 0.0031905888378584734 0.015114728158548852 -0.042558087574745898 0.00027415888816254979 -0.020946495326458793 -0.0064315077107783324
leaf_weight=7.3509909212589291 8.7382682561874443 13.340431749820707 12.101083576679228 9.1089910864829999 9.3245055377483386 7.3714684545993796 11.871766984462736 12.975494861602781
leaf_count=20 24 36 33 25 25 20 32 35
internal_value=5.80299e-05 0.0101373 0.0210889 0.0332247 -0.0088657 -0.0236471 -0.00120098 0.0103315
internal_weight=92.183 43.2888 29.9483 17.8473 48.8942 16.696 32.1983 20.3265
internal_count=250 118 82 49 132 45 87 55
is_linear=0
shrinkage=0.05


Tree=18
num_leaves=9
num_cat=0
split_feature=5 0 5 22 32 1 7 23
split_gain=3.66556 4.83144 3.97585 2.60188 4.19856 3.38334 2.14707 1.65139
threshold=0.015175815717479712 0.0011382053501360902 0.021230004463058654 -0.0024115571994817171 -0.22015684714245229 0.016477600502263882 4547.624975585938 0.00093993267083458687
decision_type=2 2 2 2 2 2 2 2
left_child=3 2 -2 5 7 -1 -3 -5
right_child=1 6 -4 4 -6 -7 -8 -9
leaf_value=0.030458380880225223 0.0099165782063127556 0.042975249415422079 -0.03471096131451936 -0.020919387016626195 0.0090029239120905501 -0.013132853747337379 0.010837705949336859 -0.051302778039250665
leaf_weight=7.5257611274719265 14.037513732910158 10.95275464653969 7.743899166584014 11.237975895404821 8.7266045510768873 10.896037280559538 9.8898373842239362 7.4282408356666556
leaf_count=21 39 30 22 33 25 31 27 22
internal_value=-3.62187e-05 0.0105172 -0.00594976 -0.00985471 -0.0196262 0.00467525 0.0277259 -0.0330105
internal_weight=88.4386 42.624 21.7814 45.8146 27.3928 18.4218 20.8426 18.6662
internal_count=250 118 61 132 80 52 57 55
is_linear=0
shrinkage=0.05


Tree=19
num_leaves=10
num_cat=0
split_feature=16 16 22 21 12 34 15 5 18
split_gain=4.03227 5.62128 3.71819 7.25607 1.49093 0.587858 0.000146037 1.79431e-05 1.44943e-05
threshold=0.017851990527882125 0.015717894106065586 -0.0012629562516405788 -1.0000000180025095e-35 -1.0000000180025095e-35 2.2426413429003631 0.020222975607670494 0.011154295801878962 -0.69218129018539454
decision_type=2 2 2 2 2 2 2 2 2
left_child=1 2 3 -1 -2 6 -6 -4 -8
right_child=4 -3 7 -5 5 -7 8 -9 -10
leaf_value=-0.03551738368503838 0.020230610297965849 0.089636237473466676 -0.035474797771381732 0.094120658534081483 -0.035644686769378452 -0.00022351563735056304 -0.035258112263784662 -0.035249316693195164 -0.035079233381794889
leaf_weight=2.0342532247304916 1.7885672152042396 2.3783371895551682 2.0965921580791496 2.299529105424881 1.7700596749782525 1.4218988269567487 1.5365535244345645 1.523382134735584 4.3060446716845053
leaf_count=24 20 21 25 21 20 18 20 20 61
internal_value=-0.000149527 0.0221923 0.00202514 0.0332693 -0.0214777 -0.0297347 -0.0352468 -0.0353799 -0.0351263
internal_weight=21.1552 10.3321 7.95376 4.33378 10.8231 9.03456 7.61266 3.61997 5.8426
internal_count=250 111 90 45 139 119 101 45 81
is_linear=0
shrinkage=0.05


Tree=20
num_leaves=9
num_cat=0
split_feature=0 15 16 24 22 8 18 18
split_gain=3.0871 3.72571 4.90366 3.38146 3.08469 3.70979 3.0485 2.81976
threshold=-0.00033551514938506827 0.022152729778764452 0.019886396493562348 -0.0037174288462306078 0.0065591886787134132 0.011250404497018125 -0.31089516630764263 -0.26055126372133752
decision_type=2 2 2 2 2 2 2 2
left_child=4 2 3 -2 5 6 -1 -3
right_child=1 7 -4 -5 -6 -7 -8 -9
leaf_value=0.016360157650906537 0.010703987530916751 -0.010510211049964285 0.037974908574098687 -0.026000107230173559 0.035758851977025601 0.030771438132068354 -0.023414634625428327 -0.0489566905019089
leaf_weight=7.6737523674964931 12.415580391883852 13.320995032787325 7.6083511412143698 12.68743649125099 9.407027989625929 8.4238919019699079 12.94198861718178 7.428744673728942
leaf_count=21 34 36 21 34 26 23 35 20
internal_value=6.92692e-05 -0.00770177 0.00281089 -0.00784681 0.0108751 0.00281433 -0.00860935 -0.0242747
internal_weight=91.9078 53.4611 32.7114 25.103 38.4467 29.0396 20.6157 20.7497
internal_count=250 145 89 68 105 79 56 56
is_linear=0
shrinkage=0.05


Tree=21
num_leaves=9
num_cat=0
split_feature=22 3 0 0 24 22 5 5
split_gain=3.36081 4.86184 3.78302 3.68526 5.06626 3.1059 2.19265 2.07051
threshold=-0.0024115571994817171 0.016398422773980407 0.0089422337438602745 -0.0019206377730711097 0.0034558009544499728 0.0054258861086167185 0.013491961794133532 0.012180704607723391
decision_type=2 2 2 2 2 2 2 2
left_child=1 -1 -3 6 7 -6 -2 -5
right_child=3 2 -4 4 5 -7 -8 -9
leaf_value=0.037117786125144034 -0.048900738124218607 -0.018129984996161617 0.024600698213896977 -0.033941400675794452 -0.00098629944778788159 0.042279603382650917 -0.013417386536377519 0.00073390937163657799
leaf_weight=12.445076406002043 6.4674570262432125 13.702005654573442 8.3276668190956098 8.7412277460098284 7.8690382540226009 8.7718299329280836 13.321175366640089 8.4827497601509076
leaf_count=34 20 39 23 26 22 24 38 24
internal_value=-4.50652e-05 0.0121359 -0.00197691 -0.00787189 0.00214512 0.0218203 -0.0250143 -0.0168639
internal_weight=88.1282 34.4747 22.0297 53.6535 33.8648 16.6409 19.7886 17.224
internal_count=250 96 62 154 96 46 58 50
is_linear=0
shrinkage=0.05


Tree=22
num_leaves=8
num_cat=0
split_feature=16 7 21 28 2 33 29
split_gain=3.89658 3.05336 5.37623 2.65094 3.49574 9.29073e-05 2.34352e-06
threshold=0.024914742219005224 3347.7400024414069 0.00345933293059475 0.013339568855629926 0.014386357429077458 0.80500000000000016 0.00081768062265596974
decision_type=2 2 2 2 2 2 2
left_child=1 -1 3 4 -3 -2 -7
right_child=5 2 -4 -5 -6 6 -8
leaf_value=-0.035418729547350238 -0.035469999188936903 0.036043722805073584 0.10368319093667651 0.04423412417341821 -0.035585247102351995 -0.035113610800072019 -0.035024367924245084
leaf_weight=2.688866030424836 2.8072081282734862 2.7873606309294683 1.7847149446606625 3.7328555099666119 4.3798212371766567 1.4381886720657351 1.5059014596045015
leaf_count=34 34 32 17 39 52 20 22
internal_value=-0.000155114 0.0129793 0.0232385 0.0100669 -0.0077283 -0.0352642 -0.035068
internal_weight=21.1249 15.3736 12.6848 10.9 7.16718 5.7513 2.94409
internal_count=250 174 140 123 84 76 42
is_linear=0
shrinkage=0.05


Tree=23
num_leaves=8
num_cat=0
split_feature=28 19 22 20 32 19 29
split_gain=2.99477 3.10234 4.36435 2.72485 2.26978 4.57156 3.2258
threshold=0.098565230738145729 -0.054805799949304061 0.00085918318370781243 0.11884189159958426 -0.22015684714245229 -0.0042854614325467102 0.00063911916876946428
decision_type=2 2 2 2 2 2 2
left_child=1 2 -1 4 5 -3 -6
right_child=-2 3 -4 -5 6 -7 -8
leaf_value=-0.00058159190045473943 -0.029609825832896071 -0.019898102253168012 0.050329998042290519 0.023713368480122184 -0.044976440211199634 0.013434876257465301 0.0011222833170038647
leaf_weight=9.5549902617931384 7.7733421921730033 17.30645382404327 7.5243001878261557 8.9057927429676038 7.815311670303343 25.3578694164753 7.3769080638885498
leaf_count=26 21 47 21 25 21 69 20
internal_value=7.91167e-05 0.00283171 0.0218476 -0.00203296 -0.00599607 -8.63895e-05 -0.0225922
internal_weight=91.615 83.8416 17.0793 66.7623 57.8565 42.6643 15.1922
internal_count=250 229 47 182 157 116 41
is_linear=0
shrinkage=0.05


Tree=24
num_leaves=11
num_cat=0
split_feature=5 14 1 16 15 31 32 18 16 2
split_gain=3.10784 4.54782 3.08447 2.71529 2.93222 2.28883 3.78245 3.01596 2.62992 1.38853
threshold=0.015175815717479712 0.49990174047588692 -0.023910047806975917 0.030405438266150834 0.026488817922540406 0.23481960478856032 -0.22015684714245229 0.57352719239073091 0.013121764657758977 0.052086584490930739
decision_type=2 2 2 2 2 2 2 2 2 2
left_child=5 2 -2 4 -3 6 9 8 -7 -1
right_child=1 3 -4 -5 -6 7 -8 -9 -10 -11
leaf_value=-0.050590193398935238 0.0092556737671990255 0.010804722822453759 -0.036708464127697508 -0.0017147653145627472 0.049958878033781351 0.0097136398978956949 0.0063314178827393736 0.027235578115346062 -0.032179956887968431 -0.019218411488643779
leaf_weight=7.6636554598808306 7.5567049086093903 8.8543851375579887 7.0598337352275831 8.6957359910011274 10.395744472742079 7.5357761681079882 8.3034839928150159 7.7939198315143576 7.4493723213672638 6.534473717212677
leaf_count=23 21 24 21 24 28 21 24 22 22 20
internal_value=-4.62124e-05 0.00965417 -0.0129451 0.0214743 0.0319493 -0.00916426 -0.0204748 0.00200848 -0.0111124 -0.0361518
internal_weight=87.8431 42.5624 14.6165 27.9459 19.2501 45.2807 22.5016 22.7791 14.9851 14.1981
internal_count=250 118 42 76 52 132 67 65 43 43
is_linear=0
shrinkage=0.05


Tree=25
num_leaves=9
num_cat=0
split_feature=16 21 9 0 32 8 33 22
split_gain=3.68858 3.56183 2.9046 3.57695 2.35249 0.495512 8.50926e-05 2.00907e-06
threshold=0.024914742219005224 0.0041349393947776045 4089.3799743652348 0.0005742204483144554 -0.68871664002794064 0.02400075271297307 0.80500000000000016 0.0033177758749288748
decision_type=2 2 2 2 2 2 2 2
left_child=1 2 4 -4 -1 -6 -2 -8
right_child=6 -3 3 -5 5 -7 7 -9
leaf_value=0.031260594861780205 -0.03538982104305767 0.0803917394859998 -0.013109097739677989 0.072342453517837343 -0.035577978423940816 -0.0032860437122431843 -0.035037362247687796 -0.03495296674145526
leaf_weight=2.2284369878470889 2.7141553722321978 1.7091430649161328 2.196735803037881 2.7674902230501175 5.1178915090858963 1.5470842048525808 1.5167829394340517 1.3178709298372266
leaf_count=24 34 16 24 30 61 19 22 20
internal_value=-0.00018735 0.0122893 0.00388984 0.034529 -0.0132127 -0.0280823 -0.0351897 -0.0349981
internal_weight=21.1156 15.5668 13.8576 4.96423 8.89341 6.66498 5.54881 2.83465
internal_count=250 174 158 54 104 80 76 42
is_linear=0
shrinkage=0.05


Tree=26
num_leaves=8
num_cat=0
split_feature=28 19 22 20 32 20 13
split_gain=2.80465 2.86784 4.07703 2.57618 3.656 3.33551 2.01827
threshold=0.098565230738145729 -0.054805799949304061 0.00085918318370781243 0.029782552562043322 -0.22015684714245229 1.0000000180025095e-35 50.294975247295682
decision_type=2 2 2 2 2 2 2
left_child=1 2 -1 5 -5 6 -3
right_child=-2 3 -4 4 -6 -7 -8
leaf_value=-0.00050865030513741266 -0.02866020669384441 0.015651411791311604 0.04890829156199452 0.027474995986244474 -0.013682418646829383 -0.036438665487023507 -0.010215183728652152
leaf_weight=9.5387236773967761 7.7631378173828116 11.006565898656843 7.4209352135658255 14.081044286489488 8.7477992475032789 8.846691280603407 23.952292323112488
leaf_count=26 21 30 21 39 24 24 65
internal_value=8.77374e-05 0.00275748 0.0211144 -0.0019147 0.0117039 -0.00901188 -0.00207126
internal_weight=91.3572 83.5941 16.9597 66.6344 22.8288 43.8055 34.9589
internal_count=250 229 47 182 63 119 95
is_linear=0
shrinkage=0.05


Tree=27
num_leaves=9
num_cat=0
split_feature=22 3 0 24 3 5 5 16
split_gain=2.94486 4.46799 3.50398 4.50872 3.49766 3.08017 2.04343 0.638801
threshold=-0.0024115571994817171 0.016398422773980407 -0.0019206377730711097 0.012191260572280595 0.069156522768211062 0.015175815717479712 0.013491961794133532 0.015717894106065586
decision_type=2 2 2 2 2 2 2 2
left_child=1 -1 6 5 -3 7 -2 -4
right_child=2 4 3 -5 -6 -7 -8 -9
leaf_value=0.035206234957072008 -0.047806264626963774 -0.024471869855293212 -0.013615970395669709 0.030828274480621018 0.015645883328141801 0.013422710700604946 -0.013151516660188337 -0.034537849866939634
leaf_weight=12.493018805980681 6.2711330950260189 9.8029414713382739 7.6010416150093096 9.829353064298628 12.187981486320494 9.0786778926849347 13.22320446372032 7.0160244107246399
leaf_count=34 20 28 22 27 34 25 38 22
internal_value=-4.58103e-05 0.0113278 -0.00744324 0.00235849 -0.00223749 -0.00945121 -0.0242996 -0.0236582
internal_weight=87.5034 34.4839 53.0194 33.5251 21.9909 23.6957 19.4943 14.6171
internal_count=250 96 154 96 62 69 58 44
is_linear=0
shrinkage=0.05


Tree=28
num_leaves=9
num_cat=0
split_feature=16 21 9 0 32 18 33 22
split_gain=3.50287 3.00827 2.62959 3.04898 2.23623 0.492041 8.35429e-05 3.04419e-06
threshold=0.024914742219005224 0.0041349393947776045 4089.3799743652348 0.0005742204483144554 -0.68871664002794064 0.65335009779195652 0.80500000000000016 0.0033177758749288748
decision_type=2 2 2 2 2 2 2 2
left_child=1 2 4 -4 -1 -6 -2 -8
right_child=6 -3 3 -5 5 -7 7 -9
leaf_value=0.029747711560102419 -0.035324495886897386 0.071751249153627517 -0.012816660163015589 0.065221482551500107 -0.035476597777030133 -0.0030684881052668576 -0.034978586618384336 -0.034872577019125377
leaf_weight=2.2764433100819579 2.6361844092607489 1.8399060368537892 2.1711977943778029 2.9552990645170212 4.9677730165421989 1.5325135812163351 1.4684824645519259 1.2567866854369638
leaf_count=24 34 16 24 30 62 18 22 20
internal_value=-0.000218004 0.0116695 0.00371844 0.0321704 -0.0129004 -0.027836 -0.0351238 -0.0349297
internal_weight=21.1046 15.7431 13.9032 5.1265 8.77673 6.50029 5.36145 2.72527
internal_count=250 174 158 54 104 80 76 42
is_linear=0
shrinkage=0.05


Tree=29
num_leaves=10
num_cat=0
split_feature=0 5 22 2 22 8 13 6 30
split_gain=2.68234 3.04464 4.37204 2.97534 2.66316 3.43467 2.81716 1.87541 3.801
threshold=-0.00033551514938506827 0.01190145256438269 -0.00045884765114767573 0.059249588394837634 0.0065591886787134132 0.011250404497018125 52.023542877026351 1.1358050012126581 0.0085747351610141482
decision_type=2 2 2 2 2 2 2 2 2
left_child=4 2 -2 7 5 6 -1 8 -3
right_child=1 3 -4 -5 -6 -7 -8 -9 -10
leaf_value=0.013344945827145986 -0.014935585166879718 -0.057449852838759558 0.029849864247869354 0.010806489610447376 0.03359923334922351 0.029801315067695899 -0.02415020583656368 -0.0053688323345827916 -0.0088368677480166209
leaf_weight=8.6945579051971489 11.0503286421299 8.8512009680271237 10.751433432102202 7.2671259045600882 9.226554870605467 8.336538225412367 11.819893360137938 7.6768403351306906 7.3683400750160208
leaf_count=24 30 24 30 20 26 23 32 21 20
internal_value=9.45647e-05 -0.00718227 0.00715014 -0.0172091 0.0102165 0.00273874 -0.00825879 -0.025729 -0.0353656
internal_weight=91.0428 52.9653 21.8018 31.1635 38.0775 28.851 20.5145 23.8964 16.2195
internal_count=250 145 60 85 105 79 56 65 44
is_linear=0
shrinkage=0.05


Tree=30
num_leaves=10
num_cat=0
split_feature=22 20 3 0 24 23 2 5 30
split_gain=2.68904 4.30041 4.8534 3.20738 4.23775 2.79395 2.76362 1.98573 1.87247
threshold=-0.0024115571994817171 0.02048037076021603 0.016398422773980407 -0.0019206377730711097 0.0034558009544499728 0.0033813377423780326 0.038138615969859131 0.013491961794133532 -0.0028277343572259413
decision_type=2 2 2 2 2 2 2 2 2
left_child=1 2 -1 7 8 -6 -4 -2 -5
right_child=3 -3 6 4 5 -7 -8 -9 -10
leaf_value=0.029090263495481602 -0.046966517453390193 0.043842555305891644 -0.039280084840144829 -0.036390397218490508 0.037877881833846341 -0.0035647293173454437 0.0018637566712675175 -0.0124623263888235 -0.0021455460675719579
leaf_weight=9.9402628839015978 6.1092054545879391 7.6614564955234519 6.900075942277911 6.5474327504634884 9.4902601242065447 7.1166527867317191 9.9911730289459211 13.135081589221953 10.226585209369658
leaf_count=27 20 21 20 20 26 20 28 38 30
internal_value=-4.67963e-05 0.0108036 0.00136967 -0.00715864 0.00221374 0.0201182 -0.0149435 -0.0234159 -0.0155124
internal_weight=87.1182 34.493 26.8315 52.6252 33.3809 16.6069 16.8912 19.2443 16.774
internal_count=250 96 75 154 96 46 48 58 50
is_linear=0
shrinkage=0.05


Tree=31
num_leaves=9
num_cat=0
split_feature=15 21 22 28 27 24 16 11
split_gain=3.38896 3.58689 2.99129 3.21424 1.32904 0.592247 0.000114403 6.96255e-05
threshold=0.01967247212534011 0.00345933293059475 -0.0012629562516405788 0.013339568855629926 -0.015419140363013171 -0.01875576505210402 0.018681560161437388 4807.7500048828133
decision_type=2 2 2 2 2 2 2 2
left_child=1 2 3 -1 -2 -6 -7 -8
right_child=4 -3 -4 -5 5 6 7 -9
leaf_value=-0.0053307518976256265 0.016898595300097463 0.07639890651305617 -0.035305787725573551 0.071988370221898385 0.00045641269611111716 -0.03550787877512096 -0.034945897065392702 -0.035360875495104735
leaf_weight=3.2573754861950865 1.9141339547932137 2.197186440229415 3.0145092643797424 2.2884654700756073 1.3971159979701031 2.0804578885436049 3.5025995932519436 1.4207940921187399
leaf_count=34 26 17 39 18 19 25 54 18
internal_value=-0.000223947 0.0194107 0.00478357 0.0265746 -0.0207008 -0.0292677 -0.035197 -0.0350657
internal_weight=21.0726 10.7575 8.56035 5.54584 10.3151 8.40097 7.00385 4.92339
internal_count=250 108 91 52 142 116 97 72
is_linear=0
shrinkage=0.05


Tree=32
num_leaves=9
num_cat=0
split_feature=28 19 22 19 5 1 2 28
split_gain=2.46367 2.67908 3.68154 2.39562 3.20685 3.10437 2.53878 1.64786
threshold=0.098565230738145729 -0.054805799949304061 0.00085918318370781243 -0.0042854614325467102 0.018568455083414433 0.034107337487687135 -0.016273241577175409 0.0055941864955652018
decision_type=2 2 2 2 2 2 2 2
left_child=1 2 -1 4 7 6 -5 -3
right_child=-2 3 -4 5 -6 -7 -8 -9
leaf_value=-8.7009870763463775e-06 -0.026979391245270989 0.013010237078557403 0.047281669645808683 0.037958177130402448 -0.038124680373456642 -0.022788690395997811 0.0048417911369967193 -0.017809411014931109
leaf_weight=9.5079174339771289 7.6886496245861045 9.4131675660610252 7.2564879059791556 7.5623484551906577 8.8597086369991285 7.6649513840675345 24.656884968280792 8.0430117845535261
leaf_count=26 21 26 21 21 24 21 68 22
internal_value=9.70289e-05 0.00260631 0.020461 -0.00191518 -0.0136247 0.00581088 0.0126147 -0.00119005
internal_weight=90.6531 82.9645 16.7644 66.2001 26.3159 39.8842 32.2192 17.4562
internal_count=250 229 47 182 72 110 89 48
is_linear=0
shrinkage=0.05


Tree=33
num_leaves=9
num_cat=0
split_feature=15 14 11 32 8 21 30 1
split_gain=2.54039 4.80896 3.16493 5.37788 3.34488 2.98645 2.94788 2.09452
threshold=0.022152729778764452 0.56593871384754924 3371.8289990234375 -0.22915505244245757 0.0006974630954362307 -0.001836180035384327 0.0036756479101743848 0.031900648269778238
decision_type=2 2 2 2 2 2 2 2
left_child=2 6 4 7 -1 -3 -2 -4
right_child=1 5 3 -5 -6 -7 -8 -9
leaf_value=-0.012786572642680872 0.008167029720702542 0.050748350407946154 -0.045717157278196863 0.014196675901949557 0.029415068486590951 0.011152153356236217 -0.030847220729341408 -0.011559646310108281
leaf_weight=9.5706345140934008 11.522177875041963 7.7658991515636471 12.293152868747717 8.6377833783626539 9.217137008905409 12.310999453067778 8.350895017385481 7.0686253309249869
leaf_count=28 33 21 38 25 26 34 24 21
internal_value=-5.12248e-05 0.00920904 -0.00795822 -0.0186107 0.00791723 0.0264683 -0.00822721 -0.0332469
internal_weight=86.7373 39.95 46.7873 27.9996 18.7878 20.0769 19.8731 19.3618
internal_count=250 112 138 84 54 55 57 59
is_linear=0
shrinkage=0.05


Tree=34
num_leaves=9
num_cat=0
split_feature=16 7 21 13 14 7 33 22
split_gain=3.24649 2.63689 3.12601 2.49458 3.74281 2.72787 7.51671e-05 3.62318e-06
threshold=0.024914742219005224 3347.7400024414069 0.00345933293059475 58.875839048701891 0.63930701274204205 4238.6700195312505 0.80500000000000016 0.0033177758749288748
decision_type=2 2 2 2 2 2 2 2
left_child=1 -1 3 4 -3 -5 -2 -8
right_child=6 2 -4 5 -6 -7 7 -9
leaf_value=-0.035374889454812139 -0.035222073772990047 -0.00084174333612449406 0.073591689804499899 -0.035743270265628638 0.088186214891856449 0.034057289734458866 -0.034892018089073717 -0.034773005756369713
leaf_weight=2.584294646978381 2.5073852613568297 2.8752221725881082 2.2467047795653334 4.1178980469703674 2.0029506497085094 2.12053532153368 1.3962938226759436 1.1799137927591798
leaf_count=34 34 35 17 48 20 20 22 20
internal_value=-0.000232955 0.0108583 0.0197993 0.00892763 0.0357126 -0.012017 -0.0350272 -0.0348375
internal_weight=21.0312 15.9476 13.3633 11.1166 4.87817 6.23843 5.08359 2.57621
internal_count=250 174 140 123 55 68 76 42
is_linear=0
shrinkage=0.05


Tree=35
num_leaves=6
num_cat=0
split_feature=28 20 30 13 3
split_gain=2.31599 2.5087 2.60531 2.79501 4.474
threshold=0.098565230738145729 0.13671793410276803 -0.0069611763626215009 44.205578903182619 0.016398422773980407
decision_type=2 2 2 2 2
left_child=1 2 -1 -4 -5
right_child=-2 -3 3 4 -6
leaf_value=-0.02620092297831263 -0.026191791060103154 0.027503623564666138 0.032216999749952929 -0.024572568371099904 0.0073963919503699229
leaf_weight=8.6955533325672132 7.6630809009075156 8.9727364182472211 7.2439382672309867 14.675726205110548 43.040356427431107
leaf_count=24 21 26 20 40 119
internal_value=0.00010347 0.00254213 -0.000498679 0.00294183 -0.000732498
internal_weight=90.2914 82.6283 73.6556 64.96 57.7161
internal_count=250 229 203 179 159
is_linear=0
shrinkage=0.05


Tree=36
num_leaves=10
num_cat=0
split_feature=22 20 3 0 24 5 2 5 16
split_gain=2.37921 3.80433 4.45323 2.97704 3.95795 2.61817 2.51955 1.90297 0.587155
threshold=-0.0024115571994817171 0.02048037076021603 0.016398422773980407 -0.0019206377730711097 0.013207649438565007 0.015175815717479712 0.038138615969859131 0.013491961794133532 0.015717894106065586
decision_type=2 2 2 2 2 2 2 2 2
left_child=1 2 -1 7 5 8 -4 -2 -5
right_child=3 -3 6 4 -6 -7 -8 -9 -10
leaf_value=0.027744303735659354 -0.046122329060528856 0.041153633968983278 -0.038011513509977023 -0.012443023808637108 0.030236721134463181 0.011581197422164645 0.0015012352549772321 -0.01192600112804113 -0.03278597338876528
leaf_weight=9.9351039826869982 5.9146565198898342 7.6848068237304679 6.7840624153614071 7.4735247194767016 9.1439361572265607 9.7091346681117994 9.9543215930461866 13.032439708709715 6.7512712776660919
leaf_count=27 20 21 20 22 25 27 28 38 22
internal_value=-5.40064e-05 0.0101568 0.00122646 -0.00679744 0.00225486 -0.00843559 -0.0145133 -0.022601 -0.022098
internal_weight=86.3833 34.3583 26.6735 52.025 33.0779 23.9339 16.7384 18.9471 14.2248
internal_count=250 96 75 154 96 71 48 58 44
is_linear=0
shrinkage=0.05


Tree=37
num_leaves=9
num_cat=0
split_feature=16 7 17 22 22 0 33 22
split_gain=3.09187 2.45333 2.87829 4.33934 4.28139 0.473236 6.90271e-05 3.88333e-06
threshold=0.024914742219005224 3347.7400024414069 -0.0065871925413131622 -0.0012629562516405788 -0.0024115571994817171 0.0080400305515768728 0.80500000000000016 0.0033177758749288748
decision_type=2 2 2 2 2 2 2 2
left_child=1 -1 -3 4 -4 -5 -2 -8
right_child=6 2 3 5 -6 -7 7 -9
leaf_value=-0.035291227146441638 -0.035156446045326632 0.079226544198207266 0.0075487856100013911 -0.035549746700208593 0.090926862327024474 -0.0018902918388759332 -0.034838780606676716 -0.034713309523790724
leaf_weight=2.48800682649017 2.4262083657085887 1.7168019786477131 4.5597143471241024 3.5055782683193586 2.3245685175061226 1.4872823096811769 1.3519975543022158 1.1338493227958677
leaf_count=34 34 15 46 43 17 19 22 20
internal_value=-0.000247441 0.0103572 0.0187119 0.0099647 0.0357025 -0.0255232 -0.0349667 -0.0347816
internal_weight=20.994 16.082 13.5939 11.8771 6.88428 4.99286 4.91206 2.48585
internal_count=250 174 140 125 63 62 76 42
is_linear=0
shrinkage=0.05


Tree=38
num_leaves=9
num_cat=0
split_feature=0 33 0 24 17 22 8 13
split_gain=2.25949 2.71249 2.88179 2.92156 2.67473 2.29039 3.24592 2.4995
threshold=-0.00033551514938506827 0.90500000000000014 0.003342924397658154 0.0046789544047062268 0.0080230677748215993 0.0065591886787134132 0.011250404497018125 52.023542877026351
decision_type=2 2 2 2 2 2 2 2
left_child=5 2 -2 4 -4 6 7 -1
right_child=1 -3 3 -5 -6 -7 -8 -9
leaf_value=0.012331990790922039 -0.023908046365948205 -0.029673925267378227 0.039492352196813241 -0.013406724886122129 0.0025252759734529489 0.031435466197371704 0.029008576546586159 -0.023157366322764359
leaf_weight=8.5791127681732231 10.348795056343077 10.247971206903456 8.4289433956146294 11.687796622514723 11.664822340011595 9.0151945352554304 8.2385973036289197 11.765067309141157
leaf_count=24 28 28 24 32 33 26 23 32
internal_value=0.000109585 -0.00660343 -0.000991657 0.00647044 0.0180322 0.00946158 0.00253088 -0.00819155
internal_weight=89.9763 52.3783 42.1304 31.7816 20.0938 37.598 28.5828 20.3442
internal_count=250 145 117 89 57 105 79 56
is_linear=0
shrinkage=0.05


Tree=39
num_leaves=9
num_cat=0
split_feature=22 3 0 0 1 24 22 22
split_gain=2.21564 3.53412 3.05962 2.71914 3.44258 4.37041 1.34943 2.07067
threshold=-0.0024115571994817171 0.016398422773980407 0.0089422337438602745 0.001617250908317658 -0.0023732118167472112 0.0046789544047062268 0.0065591886787134132 0.0012189109172835446
decision_type=2 2 2 2 2 2 2 2
left_child=1 -1 -3 6 -5 -6 7 -2
right_child=3 2 -4 4 5 -7 -8 -9
leaf_value=0.030942705769118447 -0.03062005613919145 -0.017152189792262348 0.021428454286289922 0.032178896470895467 -0.026456147412698222 0.022564824897950399 -0.033770046844042216 0.0062755271174684268
leaf_weight=12.529851526021956 6.6723869740963009 13.43283933401108 8.3228845894336683 7.8802699744701412 11.526042312383654 7.5087178647518149 9.1890750527381879 8.8422810435295087
leaf_count=34 20 39 23 22 36 21 29 26
internal_value=-6.29341e-05 0.00978987 -0.00239275 -0.00660724 0.00438701 -0.00711865 -0.0185856 -0.00959214
internal_weight=85.9043 34.2856 21.7557 51.6188 26.915 19.0348 24.7037 15.5147
internal_count=250 96 62 154 79 57 75 46
is_linear=0
shrinkage=0.05


Tree=40
num_leaves=9
num_cat=0
split_feature=16 7 21 13 21 21 33 22
split_gain=2.95109 2.30244 2.49697 2.22405 3.40169 2.62806 5.85641e-05 3.75014e-06
threshold=0.024914742219005224 3347.7400024414069 0.00345933293059475 58.875839048701891 -0.00050283341367729484 -0.0024741167200255649 0.80500000000000016 0.0033177758749288748
decision_type=2 2 2 2 2 2 2 2
left_child=1 -1 3 4 -3 -5 -2 -8
right_child=6 2 -4 5 -6 -7 7 -9
leaf_value=-0.035221608111191509 -0.03508385925051067 -0.013656498887575017 0.063568048779138409 0.0322821853245506 0.068692680286304153 -0.035836706531402723 -0.034789643983964662 -0.034664317239162586
leaf_weight=2.4038673937320771 2.3396724686026564 2.2404435612261295 2.4509696662425986 2.1729314699769047 2.8483994118869287 4.064319405704734 1.3104171082377436 1.0962347835302351
leaf_count=34 34 26 17 22 29 46 22 20
internal_value=-0.000237771 0.00993132 0.0178098 0.00790765 0.0324372 -0.0121055 -0.0349057 -0.0347326
internal_weight=20.9273 16.1809 13.7771 11.3261 5.08884 6.23725 4.74632 2.40665
internal_count=250 174 140 123 55 68 76 42
is_linear=0
shrinkage=0.05


Tree=41
num_leaves=9
num_cat=0
split_feature=19 28 27 3 22 18 22 1
split_gain=2.21663 2.71011 3.69207 2.67872 2.63753 2.27836 2.98504 2.08554
threshold=-0.054805799949304061 0.044154480778802359 -0.0081993809289979663 0.062600627519828991 0.00085918318370781243 0.12958122386108403 -0.0024115571994817171 -0.0023732118167472112
decision_type=2 2 2 2 2 2 2 2
left_child=4 2 3 -2 -1 7 -7 -4
right_child=1 -3 5 -5 -6 6 -8 -9
leaf_value=-0.0015917198791284917 -0.032478647270764861 -0.024803555141075871 0.0024861759161548965 0.0061376046722781252 0.036972338093725569 -0.025423868683017742 0.014978975780526683 0.033823579845560003
leaf_weight=9.8001102209091204 11.586485385894777 12.66336017847061 9.3450754880905151 7.3330780863761893 8.0970098674297315 8.4802818596363085 9.918432265520094 12.293736428022385
leaf_count=27 32 35 26 21 24 23 28 34
internal_value=0.00011598 -0.00381712 0.00069054 -0.0175113 0.0158554 0.00929173 -0.00364339 0.02029
internal_weight=89.5176 71.6204 58.9571 18.9196 17.8971 40.0375 18.3987 21.6388
internal_count=250 199 164 53 51 111 51 60
is_linear=0
shrinkage=0.05


Tree=42
num_leaves=8
num_cat=0
split_feature=9 10 5 11 32 16 31
split_gain=2.16181 3.67709 3.59732 3.39684 3.59171 3.23868 2.81743
threshold=4951.1999755859388 -0.012994545433481939 0.018250028000697454 3371.8289990234375 -0.22915505244245757 0.026516912419238505 0.41295385483039171
decision_type=2 2 2 2 2 2 2
left_child=1 -1 3 6 -5 -4 -3
right_child=-2 2 5 4 -6 -7 -8
leaf_value=-0.03180840622159483 0.021834659985038953 0.032260070646982483 0.043209143459311816 -0.027682970673064723 0.0099228250877807095 -0.0019880420831907644 -0.0054816643923680849
leaf_weight=9.6326784789562208 9.9554283022880536 8.5626130104064959 8.434844106435774 20.572124034166333 9.183898746967321 7.4770255386829367 11.703366935253142
leaf_count=29 28 24 23 64 27 21 34
internal_value=-6.68802e-05 -0.00295227 0.00126349 -0.00532347 -0.0160763 0.0219709 0.0104647
internal_weight=85.522 75.5666 65.9339 50.022 29.756 15.9119 20.266
internal_count=250 222 193 149 91 44 58
is_linear=0
shrinkage=0.05


Tree=43
num_leaves=9
num_cat=0
split_feature=16 4 15 21 34 33 33 22
split_gain=2.81555 2.16015 2.59627 1.78771 3.0514 0.479528 5.61378e-05 3.59545e-06
threshold=0.024914742219005224 0.0077522434963797323 0.015495007375542451 -0.00050283341367729484 1.4555090482797901 0.78500000000000014 0.80500000000000016 0.0033177758749288748
decision_type=2 2 2 2 2 2 2 2
left_child=1 -1 -3 5 -5 -4 -2 -8
right_child=6 2 3 4 -6 -7 7 -9
leaf_value=-0.03629555987451271 -0.035027814393858527 0.051097799905208491 -0.035479556076396392 0.042432945277908724 -0.03559720870830712 0.0010595547472816783 -0.034734863200997654 -0.034609845316066361
leaf_weight=2.2245467528700891 2.2690438777208319 3.9513934999704352 2.597688488662246 4.3959596604108766 1.752322621643543 1.3722572103142736 1.2647561728954317 1.054697800427675
leaf_count=24 34 35 33 42 21 19 22 20
internal_value=-0.000253918 0.00948875 0.0167277 0.00330541 0.0201936 -0.0228494 -0.034851 -0.034678
internal_weight=20.8827 16.2942 14.0696 10.1182 6.14828 3.96995 4.5885 2.31945
internal_count=250 174 150 115 63 52 76 42
is_linear=0
shrinkage=0.05


Tree=44
num_leaves=9
num_cat=0
split_feature=28 19 22 19 5 2 11 28
split_gain=2.06906 2.27862 3.03285 2.16767 2.81192 2.74314 4.07965 1.61125
threshold=0.098565230738145729 -0.054805799949304061 0.00085918318370781243 -0.0042854614325467102 0.018568455083414433 -0.016273241577175409 3371.8289990234375 0.0055941864955652018
decision_type=2 2 2 2 2 2 2 2
left_child=1 2 -1 4 7 -5 -7 -3
right_child=-2 3 -4 5 -6 6 -8 -9
leaf_value=0.00070288174377891534 -0.024880671663588424 0.012940283891524872 0.044351501953469846 0.032313634378258856 -0.035999611771268515 -0.027734663940172839 0.011166529046672164 -0.017722300584687052
leaf_weight=9.4099747240543383 7.5709581077098838 9.2835168540477806 6.8963043689727774 7.7581839561462393 8.7597911655902845 9.7607263028621691 21.775020152330399 7.9561423957347861
leaf_count=26 21 26 21 22 24 27 61 22
internal_value=0.000123608 0.00244355 0.0191629 -0.00173192 -0.0129318 0.00567864 -0.000873899 -0.00121057
internal_weight=89.1706 81.5997 16.3063 65.2934 25.9995 39.2939 31.5357 17.2397
internal_count=250 229 47 182 72 110 88 48
is_linear=0
shrinkage=0.05


Tree=45
num_leaves=10
num_cat=0
split_feature=31 22 0 20 28 1 24 28 27
split_gain=2.16211 3.3994 2.99461 2.79394 2.9984 2.32993 3.41217 1.36021 1.94298
threshold=-0.35353985681262218 -0.0024115571994817171 0.0024512262357069274 0.02048037076021603 0.010908732969928893 -0.0023732118167472112 0.0046789544047062268 0.042903524122921984 -0.0029067971266946708
decision_type=2 2 2 2 2 2 2 2 2
left_child=-1 3 7 4 -2 -4 -7 8 -3
right_child=1 2 5 -5 -6 6 -8 -9 -10
leaf_value=-0.026582698034469238 0.020508095559857012 -0.0089626611337545077 0.029845652231462162 0.042644627162158971 -0.01888971599986268 -0.022495047739512608 0.022149040464457485 -0.0014792440207498534 -0.043604184910712489
leaf_weight=7.0517316758632651 13.951523393392568 7.9998323172330883 7.5021977424621609 7.3336906731128684 7.3859647512435904 10.038166403770449 7.461254507303237 8.1827328801155073 8.1935489177703875
leaf_count=21 39 25 21 20 21 32 21 24 26
internal_value=-6.85029e-05 0.00232706 -0.00562437 0.0160211 0.00687056 0.00653392 -0.00346008 -0.0180946 -0.0264906
internal_weight=85.1006 78.0489 49.3777 28.6712 21.3375 25.0016 17.4994 24.3761 16.1934
internal_count=250 229 149 80 60 74 53 75 51
is_linear=0
shrinkage=0.05


Tree=46
num_leaves=8
num_cat=0
split_feature=16 7 32 23 7 33 22
split_gain=2.68945 2.1093 2.21569 2.5021 3.04614 5.26799e-05 3.76381e-06
threshold=0.024914742219005224 3347.7400024414069 -0.67209188520824192 0.0049116788830946287 4238.6700195312505 0.80500000000000016 0.0033177758749288748
decision_type=2 2 2 2 2 2 2
left_child=1 -1 -3 4 -4 -2 -7
right_child=5 2 3 -5 -6 6 -8
leaf_value=-0.035160615026574346 -0.034974936010504852 0.058164799158703741 -0.035566024407070192 0.039518087237570693 0.029034497948564632 -0.034689376464011344 -0.034559120603408947
leaf_weight=2.3151592798531118 2.2004987187683573 2.5851090475916889 4.5670087039470619 3.8964992836117744 3.0391363762319088 1.2255495898425581 1.0129966922104356
leaf_count=34 34 19 57 34 30 22 20
internal_value=-0.000275048 0.00906861 0.0163372 0.00693681 -0.00975403 -0.0348012 -0.0346304
internal_weight=20.842 16.4029 14.0878 11.5026 7.60615 4.43905 2.23855
internal_count=250 174 140 121 87 76 42
is_linear=0
shrinkage=0.05


Tree=47
num_leaves=9
num_cat=0
split_feature=0 33 0 24 17 1 1 6
split_gain=2.03507 2.36593 2.51088 2.46121 2.40648 2.03763 2.6871 3.5894
threshold=-0.00033551514938506827 0.90500000000000014 0.003342924397658154 0.0046789544047062268 0.0080230677748215993 0.022232332119969115 0.0048020852025231217 0.92239681510797744
decision_type=2 2 2 2 2 2 2 2
left_child=5 2 -2 4 -4 6 7 -1
right_child=1 -3 3 -5 -6 -7 -8 -9
leaf_value=0.042488480652587826 -0.022397885886157598 -0.027931150796056976 0.037509961056252553 -0.012228181074619362 0.0020588134719717005 0.032021139094577905 -0.018970422811268289 -0.0020245821470369157
leaf_weight=6.9443862438201966 10.308420628309248 10.139600574970244 8.197911083698278 11.590356975793837 11.505104541778563 7.6728857755661002 9.3931822776794416 13.019870817661284
leaf_count=20 28 28 24 32 33 22 26 37
internal_value=0.000130246 -0.00627421 -0.000995765 0.00605436 0.0168091 0.00907901 0.00308283 0.0134589
internal_weight=88.7717 51.7414 41.6018 31.2934 19.703 37.0303 29.3574 19.9643
internal_count=250 145 117 89 57 105 83 57
is_linear=0
shrinkage=0.05


Tree=48
num_leaves=9
num_cat=0
split_feature=31 22 0 29 1 3 24 31
split_gain=2.02471 3.17881 2.73398 2.65068 2.51388 2.23847 1.77708 1.39821
threshold=-0.35353985681262218 -0.0024115571994817171 0.0024512262357069274 -0.00081754060861255462 0.020842713133192862 0.078032224747866211 0.0041983724455392233 0.088772665618327223
decision_type=2 2 2 2 2 2 2 2
left_child=-1 3 7 -2 -5 6 -4 -3
right_child=1 2 5 4 -6 -7 -8 -9
leaf_value=-0.02586655238511619 0.039920275446194753 -0.005737338807473436 0.0021865836091656057 0.024557284580423569 -0.010402131858953487 -0.013650203263265444 0.035834075438786618 -0.029806986245043823
leaf_weight=6.9815973937511435 7.9960611164569881 12.375918805599214 8.6259687244892138 9.6940441131591815 10.95170810818672 9.0802043229341489 7.1991630494594565 11.773356676101683
leaf_count=21 22 38 26 27 31 28 20 37
internal_value=-7.42767e-05 0.00224335 -0.00548456 0.0154789 0.00601278 0.00613885 0.0174935 -0.0174719
internal_weight=84.678 77.6964 49.0546 28.6418 20.6458 24.9053 15.8251 24.1493
internal_count=250 229 149 80 58 74 46 75
is_linear=0
shrinkage=0.05


Tree=49
num_leaves=9
num_cat=0
split_feature=16 7 28 19 28 23 33 22
split_gain=2.57924 1.99834 2.00133 2.96211 2.4152 1.47615 4.50823e-05 3.29772e-06
threshold=0.024914742219005224 3347.7400024414069 0.013339568855629926 0.012939101422696721 -0.033448733870370333 0.0077039173898337818 0.80500000000000016 0.0033177758749288748
decision_type=2 2 2 2 2 2 2 2
left_child=1 -1 4 -4 -3 -6 -2 -8
right_child=6 2 3 -5 5 -7 7 -9
leaf_value=-0.035102392110510437 -0.034913244715816937 0.039596044473884318 0.062981401460868933 -0.011917958358270654 -0.035475416621805832 0.019656410565842171 -0.034645370369589139 -0.034521588598100617
leaf_weight=2.2439057715237203 2.1249210834503165 2.6156343556940582 3.9374822489917269 1.9857524111866949 3.9325094036757902 1.7564160637557504 1.1877624578773978 0.98370331153273571
leaf_count=34 34 26 29 19 50 16 22 20
internal_value=-0.000248246 0.00875087 0.0156671 0.0378715 -0.000170244 -0.0184538 -0.0347495 -0.0345893
internal_weight=20.7681 16.4717 14.2278 5.92323 8.30456 5.68893 4.29639 2.17147
internal_count=250 174 140 48 92 66 76 42
is_linear=0
shrinkage=0.05


Tree=50
num_leaves=9
num_cat=0
split_feature=19 28 27 3 32 18 22 1
split_gain=1.91621 2.40807 3.36881 2.32059 2.27683 2.09079 2.60269 1.91435
threshold=-0.054805799949304061 0.044154480778802359 -0.0081993809289979663 0.062600627519828991 -0.50866616232016959 0.12958122386108403 -0.0024115571994817171 -0.0023732118167472112
decision_type=2 2 2 2 2 2 2 2
left_child=4 2 3 -2 -1 7 -7 -4
right_child=1 -3 5 -5 -6 6 -8 -9
leaf_value=-0.0067922076252995098 -0.030717552831531832 -0.023389525311298291 0.0024767522440580073 0.005480227549632258 0.029894415376877953 -0.023855462212723468 0.014061395768773299 0.032679465004656315
leaf_weight=7.1398846209049251 11.475248098373415 12.560113221406935 9.2463066875934601 7.2093630433082572 10.374008536338804 8.4062838256359118 9.8043767511844617 12.128267049789429
leaf_count=20 32 35 26 21 31 23 28 34
internal_value=0.000129553 -0.00353218 0.000748087 -0.0167508 0.0149384 0.00900774 -0.00344153 0.0196142
internal_weight=88.3439 70.83 58.2698 18.6846 17.5139 39.5852 18.2107 21.3746
internal_count=250 199 164 53 51 111 51 60
is_linear=0
shrinkage=0.05


Tree=51
num_leaves=10
num_cat=0
split_feature=31 22 0 20 22 3 30 19 31
split_gain=1.99847 2.78368 2.5706 2.0474 3.50545 2.0347 1.7588 1.42847 1.32017
threshold=-0.37133263744524581 -0.0024115571994817171 0.0024512262357069274 0.02048037076021603 -0.0056180986360817578 0.078032224747866211 -0.0028277343572259413 -0.0051572431413661737 0.088772665618327223
decision_type=2 2 2 2 2 2 2 2 2
left_child=-1 3 8 4 7 6 -4 -2 -3
right_child=1 2 5 -5 -6 -7 -8 -9 -10
leaf_value=-0.028231474001546172 0.0071551207326306975 -0.0055989970899456426 -0.002573267689319203 0.036414906269810719 0.035200093998741272 -0.012984083817494569 0.031151110806242773 -0.023858436888686604 -0.029076121827409165
leaf_weight=5.8629744052886954 7.9003548920154607 12.340522021055223 6.738254427909852 7.638121396303176 7.1335033178329477 9.0209000110626203 9.0699013769626617 7.0048457086086273 11.632381722331045
leaf_count=18 22 38 20 21 20 28 26 20 37
internal_value=-7.26173e-05 0.00203107 -0.00531227 0.0141068 0.0063753 0.00596358 0.016776 -0.00742001 -0.0169908
internal_weight=84.3418 78.4788 48.802 29.6768 22.0387 24.8291 15.8082 14.9052 23.9729
internal_count=250 232 149 83 62 74 46 42 75
is_linear=0
shrinkage=0.05


Tree=52
num_leaves=8
num_cat=0
split_feature=16 4 21 8 16 33 22
split_gain=2.46399 1.96181 2.18123 2.60569 2.10635 4.11243e-05 2.52233e-06
threshold=0.024914742219005224 0.0077522434963797323 0.0041349393947776045 0.02734549890626153 0.017851990527882125 0.80500000000000016 0.0033177758749288748
decision_type=2 2 2 2 2 2 2
left_child=1 -1 3 4 -3 -2 -7
right_child=5 2 -4 -5 -6 6 -8
leaf_value=-0.036300609531088289 -0.03485869249283758 0.012624318495402726 0.064701040714776045 0.058459224110467105 -0.035553112675899438 -0.034594042458631624 -0.034483977212717953
leaf_weight=2.1399054080247941 2.0539156310260287 7.0810382850468141 1.9146528281271447 2.081956334412097 3.3383020833134651 1.1450021527707579 0.95440144836902607
leaf_count=24 34 73 13 21 43 22 20
internal_value=-0.000265711 0.00837262 0.0150039 0.0073925 -0.00281148 -0.0346996 -0.034544
internal_weight=20.7092 16.5559 14.4159 12.5013 10.4193 4.15332 2.0994
internal_count=250 174 150 137 116 76 42
is_linear=0
shrinkage=0.05


Tree=53
num_leaves=6
num_cat=0
split_feature=28 20 30 13 3
split_gain=1.83097 2.07575 2.05149 2.30468 3.2859
threshold=0.098565230738145729 0.13671793410276803 -0.0069611763626215009 44.205578903182619 0.016398422773980407
decision_type=2 2 2 2 2
left_child=1 2 -1 -4 -5
right_child=-2 -3 3 4 -6
leaf_value=-0.023508271176409801 -0.02351866049746891 0.025579930368273763 0.029698041827005334 -0.021315913626790112 0.006354103041206852
leaf_weight=8.4998438954353315 7.4872138500213614 8.578139513731001 7.0056360960006705 14.40604320168495 42.040438860654831
leaf_count=24 21 26 20 40 119
internal_value=0.000132103 0.00233101 -0.000440734 0.00264932 -0.000707727
internal_weight=88.0173 80.5301 71.952 63.4521 56.4465
internal_count=250 229 203 179 159
is_linear=0
shrinkage=0.05


Tree=54
num_leaves=8
num_cat=0
split_feature=9 10 5 16 11 32 31
split_gain=1.90215 3.4356 3.00831 2.852 2.85007 3.3758 2.45624
threshold=4951.1999755859388 -0.012994545433481939 0.018250028000697454 0.026516912419238505 3371.8289990234375 -0.22915505244245757 0.41295385483039171
decision_type=2 2 2 2 2 2 2
left_child=1 -1 4 -4 6 -6 -3
right_child=-2 2 3 -5 5 -7 -8
leaf_value=-0.031135503028085938 0.020578354575513026 0.029993646404369734 0.040308677434499396 -0.002318837328002699 -0.026340255155042694 0.010542043412904548 -0.0053728531647466446
leaf_weight=9.3571469485759717 9.8435921072959882 8.5291475951671618 8.353112578392027 7.3998464941978446 19.950686618685719 9.0042080283165031 11.567787349224089
leaf_count=29 28 24 23 21 64 27 34
internal_value=-7.31604e-05 -0.00281426 0.00127504 0.0202847 -0.0048299 -0.0148708 0.0096367
internal_weight=84.0055 74.1619 64.8048 15.753 49.0518 28.9549 20.0969
internal_count=250 222 193 44 149 91 58
is_linear=0
shrinkage=0.05


Tree=55
num_leaves=10
num_cat=0
split_feature=16 16 15 28 17 32 7 33 22
split_gain=2.3524 1.87505 1.74176 2.67278 3.09068 1.72113 0.000155142 3.74235e-05 2.37326e-06
threshold=0.024914742219005224 0.010795918249056959 0.01967247212534011 0.013339568855629926 0.0020369556556761362 -0.26749259256953145 4451.4750488281252 0.80500000000000016 0.0033177758749288748
decision_type=2 2 2 2 2 2 2 2 2
left_child=1 -1 3 4 -3 6 -4 -2 -9
right_child=7 2 5 -5 -6 -7 -8 8 -10
leaf_value=-0.035827642906932904 -0.034804712778418685 0.043080875917410374 -0.034805010591073396 0.057685499036116229 -0.035629561690106504 0.021159452451533937 -0.035551465911730765 -0.034548558201689013 -0.034439867870141833
leaf_weight=2.1277254968881669 1.984399802982806 2.4625808484852296 1.2823091223835947 4.1055389083921909 2.5269756577908993 2.618062298744916 1.522613503038883 1.1065187081694605 0.91964160650968541
leaf_count=24 34 21 22 27 31 31 18 22 20
internal_value=-0.000274918 0.00800734 0.0144317 0.0278046 0.00321774 -0.00799655 -0.0352102 -0.0346504 -0.0344992
internal_weight=20.6564 16.6458 14.5181 9.0951 4.98956 5.42298 2.80492 4.01056 2.02616
internal_count=250 174 150 79 52 71 40 76 42
is_linear=0
shrinkage=0.05


Tree=56
num_leaves=10
num_cat=0
split_feature=0 33 0 18 34 5 21 23 23
split_gain=1.78283 2.1647 2.3297 2.3065 2.54637 1.94794 2.85542 2.7809 1.7869
threshold=-0.00033551514938506827 0.90500000000000014 0.003342924397658154 0.59748552426147894 1.3244336664654595 0.021230004463058654 0.0022411371037304177 -0.0019425690332788845 0.0067664066851379498
decision_type=2 2 2 2 2 2 2 2 2
left_child=5 2 -2 4 -4 6 7 -1 -8
right_child=1 -3 3 -5 -6 -7 8 -9 -10
leaf_value=0.039476452415728308 -0.021468092766014024 -0.026648699217090489 -0.00036820527671833485 -0.012568646914056323 0.035358392091977969 0.032728533319419904 -0.030507338150550962 -0.0030508624982186604 0.0048039545329461204
leaf_weight=7.6184018850326529 10.234538614749907 10.080751955509184 10.831099003553396 10.804614394903181 9.2441571950912458 6.7949400246143332 7.2273027598857862 7.7590929865837124 7.1046366095542908
leaf_count=23 28 28 31 31 27 20 20 22 20
internal_value=0.000134832 -0.00588501 -0.000794002 0.00605803 0.016083 0.00857729 0.00305358 0.0180183 -0.0130028
internal_weight=87.6995 51.1952 41.1144 30.8799 20.0753 36.5044 29.7094 15.3775 14.3319
internal_count=250 145 117 89 58 105 85 45 40
is_linear=0
shrinkage=0.05


Tree=57
num_leaves=9
num_cat=0
split_feature=31 22 0 24 30 29 1 31
split_gain=1.89919 2.45568 2.36904 1.93562 3.11232 1.90783 2.67382 1.24066
threshold=-0.37133263744524581 -0.0024115571994817171 0.0024512262357069274 0.013207649438565007 -0.0028277343572259413 -0.00081754060861255462 0.016477600502263882 0.088772665618327223
decision_type=2 2 2 2 2 2 2 2
left_child=-1 5 7 4 -4 -2 -7 -3
right_child=1 2 3 -5 -6 6 -8 -9
leaf_value=-0.027736770411879177 0.033718124253141794 -0.0052123462141117106 -0.030791304826806445 0.027543832297407169 0.013054755614020502 0.026932468573747981 -0.0092116667147299613 -0.028144559902066379
leaf_weight=5.7792917490005484 8.2638337612152117 12.208741486072542 6.4308778643608155 7.2649297118186942 10.919411733746527 8.5906383097171801 12.653441071510313 11.410072803497313
leaf_count=18 23 38 21 20 33 24 36 37
internal_value=-8.35551e-05 0.00197217 -0.0049784 0.005876 -0.00319677 0.0133337 0.00540423 -0.0162907
internal_weight=83.5212 77.7419 48.234 24.6152 17.3503 29.5079 21.2441 23.6188
internal_count=250 232 149 74 54 83 60 75
is_linear=0
shrinkage=0.05


Tree=58
num_leaves=9
num_cat=0
split_feature=16 4 15 21 16 33 33 22
split_gain=2.25446 1.8216 1.89994 1.52673 2.01964 0.490745 3.35133e-05 2.4016e-06
threshold=0.024914742219005224 0.0077522434963797323 0.015495007375542451 -0.00050283341367729484 0.017851990527882125 0.78500000000000014 0.80500000000000016 0.0033177758749288748
decision_type=2 2 2 2 2 2 2 2
left_child=1 -1 -3 5 -5 -4 -2 -8
right_child=6 2 3 4 -6 -7 7 -9
leaf_value=-0.036264603032061436 -0.034754305172927567 0.041594921151638202 -0.035537710423134215 0.040435861278793866 -0.016721210192411736 0.0019292741221706815 -0.034510651411211839 -0.034399472122085779
leaf_weight=2.0637372247874799 1.9183953069150441 4.3540245592594138 2.5344863496720822 3.7961937785148576 2.6068083941936493 1.333969999104738 1.0737590454518793 0.88694693893194188
leaf_count=24 34 35 33 31 32 19 22 20
internal_value=-0.000270188 0.00771048 0.0139156 0.00218247 0.0171659 -0.0226179 -0.0346057 -0.0344604
internal_weight=20.5683 16.6892 14.6255 10.2715 6.403 3.86846 3.8791 1.96071
internal_count=250 174 150 115 63 52 76 42
is_linear=0
shrinkage=0.05


Tree=59
num_leaves=8
num_cat=0
split_feature=19 28 27 22 21 21 3
split_gain=1.75737 2.14503 3.1385 2.05486 2.04054 2.51981 1.94492
threshold=-0.054805799949304061 0.044154480778802359 -0.0081993809289979663 0.00085918318370781243 0.0035495773375714417 -0.00061647896028110816 0.062600627519828991
decision_type=2 2 2 2 2 2 2
left_child=3 2 6 -1 5 -4 -2
right_child=1 -3 4 -5 -6 -7 -8
leaf_value=-0.0008895161603043847 -0.02915459553992349 -0.02221762559783963 0.01985452962723443 0.033889988072173763 0.031716310179372306 -0.0088853711650373462 0.0042170243796197295
leaf_weight=9.6291380226612109 11.348565787076952 12.425312668085096 13.034829825162886 7.5980538725852957 7.7289901673793784 18.382196098566059 7.0960534214973441
leaf_count=27 32 35 37 24 22 52 21
internal_value=0.00014369 -0.00337633 0.000688727 0.01445 0.00870083 0.00303873 -0.0163158
internal_weight=87.2431 70.0159 57.5906 17.2272 39.146 31.417 18.4446
internal_count=250 199 164 51 111 89 53
is_linear=0
shrinkage=0.05


Tree=60
num_leaves=10
num_cat=0
split_feature=31 22 0 20 22 1 24 19 12
split_gain=1.77632 2.2636 2.24415 1.88869 3.16781 1.82884 2.93512 1.24849 1.18981
threshold=-0.37133263744524581 -0.0024115571994817171 0.0024512262357069274 0.02048037076021603 -0.0056180986360817578 -0.0023732118167472112 0.0046789544047062268 -0.0051572431413661737 0.026800749917009273
decision_type=2 2 2 2 2 2 2 2 2
left_child=-1 3 8 4 7 -4 -7 -2 -3
right_child=1 2 5 -5 -6 6 -8 -9 -10
leaf_value=-0.02693540775868852 0.0058056278968932375 -0.027800067308375517 0.026388217450683517 0.034310308170433283 0.032832463448423777 -0.021391361472179057 0.020514415384319279 -0.023304509227888626 -0.0052319895472930748
leaf_weight=5.7347363233566275 7.8734539449214971 11.037929072976114 7.4800554215908077 7.5850241780281058 7.0918926596641549 9.6643071025609988 7.3611510396003714 6.9209946990013123 12.402333438396452
leaf_count=18 22 36 21 21 20 32 21 20 39
internal_value=-8.46689e-05 0.00190432 -0.00479879 0.0128093 0.00535787 0.00578084 -0.00327292 -0.00781239 -0.0158592
internal_weight=83.1519 77.4171 47.9458 29.4714 21.8863 24.5055 17.0255 14.7944 23.4403
internal_count=250 232 149 83 62 74 53 42 75
is_linear=0
shrinkage=0.05


Tree=61
num_leaves=9
num_cat=0
split_feature=16 16 4 15 28 32 33 22
split_gain=2.15707 1.77533 1.80439 2.71721 2.5973 1.64053 3.14885e-05 2.18591e-06
threshold=0.024914742219005224 0.010795918249056959 0.0077522434963797323 0.01967247212534011 -1.0000000180025095e-35 -0.26749259256953145 0.80500000000000016 0.0033177758749288748
decision_type=2 2 2 2 2 2 2 2
left_child=1 -1 -3 4 -4 -5 -2 -8
right_child=6 2 3 5 -6 -7 7 -9
leaf_value=-0.035800035206091235 -0.034708653236698417 -0.036305741549109032 0.0064092913162260724 -0.035142456554792117 0.064793550681018622 0.020228885085646981 -0.034467567512142229 -0.034359551604128589
leaf_weight=2.0824367403984132 1.8560165055096143 1.6160609051585186 3.4434768371284008 2.6962329447269462 4.2633223533630353 2.6548277847468831 1.0363486967980859 0.85462768003344525
leaf_count=24 34 19 34 40 26 31 22 20
internal_value=-0.000266809 0.00740223 0.0135332 0.0197014 0.0387069 -0.00767101 -0.0345623 -0.0344187
internal_weight=20.5034 16.7564 14.6739 13.0579 7.7068 5.35106 3.74699 1.89098
internal_count=250 174 150 131 60 71 76 42
is_linear=0
shrinkage=0.05


Tree=62
num_leaves=8
num_cat=0
split_feature=16 16 20 30 34 2 32
split_gain=1.76301 1.91468 2.15266 1.80772 4.39673 4.31848 0.756404
threshold=0.010795918249056959 0.013121764657758977 0.088356501377166899 0.0026166790787178766 1.3244336664654595 0.02253908909669378 -0.43659903592696409
decision_type=2 2 2 2 2 2 2
left_child=-1 -2 3 4 -3 -5 -4
right_child=1 2 6 5 -6 -7 -8
leaf_value=0.021823473949759239 -0.024693795443118702 -0.042796600005890834 0.0063987063404258269 0.018649197962844127 0.010644103537936404 -0.014336673981530471 0.029063316527228229
leaf_weight=8.4641262590885145 8.4392774701118451 8.4588253498077375 7.5156493782997131 19.244641840457916 7.0620626807212821 20.483376994729042 7.2155417501926404
leaf_count=24 24 24 22 56 20 58 22
internal_value=0.000143996 -0.00219596 0.000517176 -0.00401105 -0.0184809 0.00164201 0.0175001
internal_weight=86.8835 78.4194 69.9801 55.2489 15.5209 39.728 14.7312
internal_count=250 226 202 158 44 114 44
is_linear=0
shrinkage=0.05


Tree=63
num_leaves=7
num_cat=0
split_feature=9 10 3 15 32 14
split_gain=1.7532 3.15675 2.70289 3.34652 2.94901 2.0827
threshold=4951.1999755859388 -0.012994545433481939 0.016398422773980407 0.024423964133836972 -0.22915505244245757 0.53459596762571759
decision_type=2 2 2 2 2 2
left_child=1 -1 5 4 -4 -3
right_child=-2 2 3 -5 -6 -7
leaf_value=-0.030302170108854793 0.019822241020093442 -0.00074544245692346285 -0.021391008697785541 0.017785002565304901 0.013844749678336427 0.032845537140468471
leaf_weight=9.0977353155612928 9.7554470300674421 8.6117639392614382 26.056958913803093 11.584871202707289 7.6907642781734529 9.9414294362068159
leaf_count=29 28 26 83 33 23 28
internal_value=-8.5392e-05 -0.00274637 0.00117774 -0.00540165 -0.0133611 0.0172537
internal_weight=82.739 72.9835 63.8858 45.3326 33.7477 18.5532
internal_count=250 222 193 139 106 54
is_linear=0
shrinkage=0.05


Tree=64
num_leaves=9
num_cat=0
split_feature=16 7 23 1 2 29 33 22
split_gain=2.05809 1.70074 1.65741 3.35204 3.68388 0.327965 2.96296e-05 2.07496e-06
threshold=0.024914742219005224 3347.7400024414069 0.0097889685829603019 0.010167311406912962 0.024366782213238295 0.003175188418431341 0.80500000000000016 0.0033177758749288748
decision_type=2 2 2 2 2 2 2 2
left_child=1 -1 3 5 -5 -3 -2 -8
right_child=6 2 -4 4 -6 -7 7 -9
leaf_value=-0.035050450096268809 -0.034661394089637275 -0.036324493328055554 0.053652377844874137 0.066690851577236129 -0.0031650206517059333 -0.0092905210859941575 -0.034423464431860624 -0.034316155840054922
leaf_weight=2.0970479324460092 1.7944713793694966 3.0774358958005887 2.1493977308273307 3.2883696258068085 4.4295445345342159 1.7654960528016088 0.99838844686746575 0.82087426446378231
leaf_count=34 34 32 16 25 47 20 22 20
internal_value=-0.000285118 0.00707513 0.0130804 0.00613779 0.0265985 -0.0264692 -0.0345172 -0.034375
internal_weight=20.421 16.8073 14.7102 12.5608 7.71791 4.84293 3.61373 1.81926
internal_count=250 174 140 124 72 52 76 42
is_linear=0
shrinkage=0.05


Tree=65
num_leaves=8
num_cat=0
split_feature=28 19 22 27 28 5 10
split_gain=1.67262 1.87758 2.44316 1.78059 2.172 1.9306 1.79656
threshold=0.098565230738145729 -0.054805799949304061 0.00085918318370781243 -0.0081993809289979663 0.034849967132094768 0.011969136545495253 0.0026561433916659368
decision_type=2 2 2 2 2 2 2
left_child=1 2 -1 5 6 -3 -5
right_child=-2 3 -4 4 -6 -7 -8
leaf_value=0.0013622349153085864 -0.022640894114694401 0.0036574204356375328 0.041639794709090829 0.02311494079597938 -0.019346269535684388 -0.02876659933377761 0.00034743169407523808
leaf_weight=9.2107872962951642 7.3655650913715354 8.1829633712768572 6.3680032491683951 14.035875141620634 8.2412929534912092 10.458456367254255 22.642009526491165
leaf_count=26 21 24 21 41 23 30 64
internal_value=0.000148982 0.00227005 0.0178261 -0.00154276 0.00384839 -0.0145335 0.00906009
internal_weight=86.505 79.1394 15.5788 63.5606 44.9192 18.6414 36.6779
internal_count=250 229 47 182 128 54 105
is_linear=0
shrinkage=0.05


Tree=66
num_leaves=9
num_cat=0
split_feature=15 0 18 3 13 1 27 8
split_gain=1.7988 2.21701 2.57586 2.54178 2.17681 1.95008 2.13975 1.62546
threshold=0.013501094388670727 -0.00033551514938506827 0.1356182751407122 0.020567161413109551 56.619846137036255 -0.016868635283571628 0.0099447874182597724 0.026628326042680672
decision_type=2 2 2 2 2 2 2 2
left_child=-1 2 4 -4 -2 -3 7 -7
right_child=1 5 3 -5 -6 6 -8 -9
leaf_value=-0.028472111599331135 -0.03876936524419352 0.033001155252948132 0.027269561150762719 -0.012348938987415358 -0.002764303601310629 -0.013221568474536051 0.02143837771932661 0.014140062015682181
leaf_weight=5.2268245816230765 8.8283293992280978 7.1942532360553733 7.6334382593631771 8.6199695169925672 8.0036936402320844 16.221169605851177 12.410446256399153 8.1575625538825971
leaf_count=18 29 20 23 27 24 49 36 24
internal_value=-8.67777e-05 0.00183832 -0.00793946 0.00625795 -0.0216488 0.00919341 0.00453772 -0.00406587
internal_weight=82.2957 77.0689 33.0854 16.2534 16.832 43.9834 36.7892 24.3787
internal_count=250 232 103 50 53 129 109 73
is_linear=0
shrinkage=0.05


Tree=67
num_leaves=9
num_cat=0
split_feature=16 16 18 15 4 7 33 22
split_gain=1.9665 1.63036 1.3307 2.29743 2.74976 0.000156671 2.81013e-05 2.13878e-06
threshold=0.024914742219005224 0.010795918249056959 -0.82191195877479717 0.021807409286222566 0.012470654677532382 4424.8649902343759 0.80500000000000016 0.0033177758749288748
decision_type=2 2 2 2 2 2 2 2
left_child=1 -1 -3 4 -4 -5 -2 -8
right_child=6 2 3 5 -6 -7 7 -9
leaf_value=-0.035697040858453058 -0.034619678902872597 0.047107468127558123 0.0019944701839857428 -0.034787167305808143 0.063170696299841553 -0.035553497697141702 -0.034385801678702831 -0.034274748154810429
leaf_weight=1.9939504116773665 1.7374637909233563 2.3349048346281078 7.4250342063605732 1.3561989814043038 2.4405969679355621 1.3123470246791837 0.96492333337664582 0.78729582764208317
leaf_count=24 34 21 68 25 20 16 22 20
internal_value=-0.000312232 0.00675796 0.0124512 0.00599532 0.0171285 -0.035164 -0.0344772 -0.0343359
internal_weight=20.3527 16.863 14.8691 12.5342 9.86563 2.66855 3.48968 1.75222
internal_count=250 174 150 129 88 41 76 42
is_linear=0
shrinkage=0.05


Tree=68
num_leaves=9
num_cat=0
split_feature=0 33 0 18 34 1 1 6
split_gain=1.69843 1.9399 2.12098 2.21022 2.26341 1.91561 2.03122 3.16012
threshold=-0.00033551514938506827 0.90500000000000014 0.0027414873563184066 0.59748552426147894 1.3244336664654595 0.022232332119969115 0.0048020852025231217 0.92239681510797744
decision_type=2 2 2 2 2 2 2 2
left_child=5 2 -2 4 -4 6 7 -1
right_child=1 -3 3 -5 -6 -7 -8 -9
leaf_value=0.039788172027173441 -0.023396809308715995 -0.025537128247912034 0.00030039310657698675 -0.013217981773159047 0.033461684308989874 0.031120778691123941 -0.016775023052849766 -0.0028894658354064995
leaf_weight=6.6186191737651887 8.3113577365875226 9.9532233178615552 12.063992053270342 10.994744449853895 8.9728398621082288 7.4096850454807273 9.1792733669280988 12.585431039333342
leaf_count=20 23 28 35 32 27 22 26 37
internal_value=0.00015677 -0.00576772 -0.0008903 0.00494955 0.0144447 0.00848183 0.00257176 0.0118193
internal_weight=86.0892 50.2962 40.3429 32.0316 21.0368 35.793 28.3833 19.2041
internal_count=250 145 117 94 62 105 83 57
is_linear=0
shrinkage=0.05


Tree=69
num_leaves=9
num_cat=0
split_feature=15 0 18 23 22 1 27 8
split_gain=1.68335 1.96731 2.44903 2.11744 2.59935 1.79562 2.00663 1.51649
threshold=0.013501094388670727 -0.00033551514938506827 0.85043777353026295 -0.0051058424205646094 0.0065591886787134132 -0.016868635283571628 0.0099447874182597724 0.026628326042680672
decision_type=2 2 2 2 2 2 2 2
left_child=-1 2 3 -2 -5 -3 7 -7
right_child=1 5 -4 4 -6 6 -8 -9
leaf_value=-0.027790341823093548 -0.040962952226142192 0.031579060846592913 0.017354832022570502 0.0046811683550408703 -0.036062700464962384 -0.012990329638313314 0.020588565449970803 0.013458624523278931
leaf_weight=5.1408135443925849 5.9875192344188717 7.1683085262775412 7.616041660308837 13.756539613008501 5.4714985042810431 16.16932171583176 12.401551008224486 8.1518635302782041
leaf_count=18 20 20 22 41 20 49 36 24
internal_value=-9.1738e-05 0.00176421 -0.00749314 -0.0149982 -0.00691284 0.00868894 0.00422077 -0.00412529
internal_weight=81.8635 76.7226 32.8316 25.2156 19.228 43.891 36.7227 24.3212
internal_count=250 232 103 81 61 129 109 73
is_linear=0
shrinkage=0.05


Tree=70
num_leaves=9
num_cat=0
split_feature=16 4 15 21 13 29 33 22
split_gain=1.8855 1.56574 1.57283 1.28163 1.83005 0.466033 2.30502e-05 2.02529e-06
threshold=0.024914742219005224 0.0077522434963797323 0.015495007375542451 -0.00050283341367729484 58.875839048701891 0.0048372690279789863 0.80500000000000016 0.0033177758749288748
decision_type=2 2 2 2 2 2 2 2
left_child=1 -1 -3 5 -5 -4 -2 -8
right_child=6 2 3 4 -6 -7 7 -9
leaf_value=-0.036031603688383457 -0.034567113595584981 0.036300378063120683 -0.035446165730166894 0.035289586898947421 -0.018536167076744568 0.0013408764297547678 -0.034354874535570588 -0.03424518551783088
leaf_weight=1.9171056970954001 1.6706602796912187 4.5991889238357535 2.396951548755172 4.0605331733822778 2.5841093361377716 1.3434694521129129 0.93755931034684159 0.76353761553764343
leaf_count=24 34 35 33 37 26 19 22 20
internal_value=-0.000295834 0.00651484 0.0119583 0.00117801 0.0143567 -0.0222331 -0.0344352 -0.0343056
internal_weight=20.2731 16.9014 14.9843 10.3851 6.64464 3.74042 3.37176 1.7011
internal_count=250 174 150 115 63 52 76 42
is_linear=0
shrinkage=0.05


Tree=71
num_leaves=7
num_cat=0
split_feature=16 16 20 32 32 28
split_gain=1.56374 1.81144 2.02032 1.69102 2.17047 0.654511
threshold=0.010795918249056959 0.013121764657758977 0.088356501377166899 -0.22015684714245229 -0.50866616232016959 0.012697322317446915
decision_type=2 2 2 2 2 2
left_child=-1 -2 3 4 -3 -4
right_child=1 2 5 -5 -6 -7
leaf_value=0.020732060524159768 -0.02405911954906546 -0.0097475806394257784 0.02742443235133047 -0.01969145512044141 0.013103700466191382 0.0061486050019210897
leaf_weight=8.3365370631217939 8.3475429415702802 21.940959334373467 7.5232678055763227 12.817755475640302 19.740730926394463 6.9579951763153076
leaf_count=24 24 63 24 37 58 20
internal_value=0.000157678 -0.00206039 0.000601739 -0.00380912 0.00107494 0.0172018
internal_weight=85.6648 77.3283 68.9807 54.4994 41.6817 14.4813
internal_count=250 226 202 158 121 44
is_linear=0
shrinkage=0.05


Tree=72
num_leaves=9
num_cat=0
split_feature=31 22 22 28 12 20 22 19
split_gain=1.65478 1.89379 2.00118 2.24897 2.7621 1.71995 2.83578 1.18674
threshold=-0.37133263744524581 -0.0024115571994817171 -0.001409224330561065 -0.022415092388189502 0.02549619116515035 0.02048037076021603 -0.0056180986360817578 -0.0051572431413661737
decision_type=2 2 2 2 2 2 2 2
left_child=-1 5 -3 -4 -5 6 7 -2
right_child=1 2 3 4 -6 -7 -8 -9
leaf_value=-0.026290312662017402 0.0054799386772093374 -0.029893347505273213 -0.027738600303377547 -0.014942184450758634 0.015154839378961874 0.032540545203691901 0.030784507584624379 -0.023101438572318667
leaf_weight=5.6124552190303794 7.7830481529235875 6.6034757047891608 6.2557680606842032 11.569614022970198 22.348059460520744 7.4723187088966361 7.0377082228660592 6.8093650639057159
leaf_count=18 22 21 21 39 68 21 20 20
internal_value=-9.23197e-05 0.00184543 -0.00438508 -0.000192174 0.00488848 0.0118598 0.0047155 -0.0078572
internal_weight=81.4918 75.8794 46.7769 40.1734 33.9177 29.1024 21.6301 14.5924
internal_count=250 232 149 128 107 83 62 42
is_linear=0
shrinkage=0.05


Tree=73
num_leaves=9
num_cat=0
split_feature=16 13 22 23 24 15 33 22
split_gain=1.80001 1.17724 2.25721 2.36092 3.10437 0.000301419 2.01776e-05 1.85067e-06
threshold=0.024914742219005224 78.046463204507276 -0.0061618486561614829 0.010531519258500268 -0.011410014134778322 0.019083505032720705 0.80500000000000016 0.0033177758749288748
decision_type=2 2 2 2 2 2 2 2
left_child=1 2 5 4 -4 -1 -2 -8
right_child=6 -3 3 -5 -6 -7 7 -9
leaf_value=-0.036214803246544372 -0.034519482502078633 0.036953092576837168 0.053508080802447767 0.061275729116580871 -0.015488278106263478 -0.03525693968759868 -0.034318171888496965 -0.034211441008517696
leaf_weight=1.7215110473334818 1.6081993803381913 2.6329934336245051 2.1296374723315257 1.9539145231246937 6.9527092538774014 1.5706149786710737 0.90572993271052815 0.7363483551889658
leaf_count=18 34 22 20 14 77 23 22 20
internal_value=-0.00030754 0.00622431 0.000577566 0.0114164 0.000690055 -0.0357578 -0.0343936 -0.0342703
internal_weight=20.2117 16.9614 14.3284 11.0363 9.08235 3.29213 3.25028 1.64208
internal_count=250 174 152 111 97 41 76 42
is_linear=0
shrinkage=0.05


Tree=74
num_leaves=8
num_cat=0
split_feature=19 32 28 27 21 21 3
split_gain=1.53282 1.83992 1.78652 2.85598 1.73932 2.3398 1.70163
threshold=-0.054805799949304061 -0.50866616232016959 0.042903524122921984 -0.0081993809289979663 0.0035495773375714417 -0.00061647896028110816 0.062600627519828991
decision_type=2 2 2 2 2 2 2
left_child=1 -1 3 6 5 -5 -2
right_child=2 -3 -4 4 -6 -7 -8
leaf_value=-0.0059454072614372067 -0.027751594001684955 0.027709904383352885 -0.019921099033891276 0.01942444035206755 0.030039235213625604 -0.0087782140552370592 0.0037869828118788466
leaf_weight=6.9450563490390804 11.109495699405672 9.7791605889797193 12.891684681177138 12.779154181480406 7.5463193953037253 17.324046105146412 6.9538473039865485
leaf_count=20 32 31 37 37 22 50 21
internal_value=0.000161015 0.0137339 -0.00314774 0.000733534 0.00857486 0.00319414 -0.0156102
internal_weight=85.3288 16.7242 68.6045 55.7129 37.6495 30.1032 18.0633
internal_count=250 51 199 162 109 87 53
is_linear=0
shrinkage=0.05


Tree=75
num_leaves=7
num_cat=0
split_feature=9 10 3 15 32 14
split_gain=1.58046 2.95569 2.466 2.89529 2.65024 1.74041
threshold=4951.1999755859388 -0.012994545433481939 0.016398422773980407 0.024423964133836972 -0.22915505244245757 0.53459596762571759
decision_type=2 2 2 2 2 2
left_child=1 -1 5 4 -4 -3
right_child=-2 2 3 -5 -6 -7
leaf_value=-0.029735677516306982 0.01895303481520141 6.446084731463486e-06 -0.020438613781545469 0.016513406184971133 0.01314320601580974 0.031014213017662495
leaf_weight=8.8295507133007032 9.6017057299613935 8.4225360155105609 25.424101874232285 11.430261164903639 7.6407763659954133 9.7800111025571805
leaf_count=29 28 26 83 33 23 28
internal_value=-9.43452e-05 -0.00265124 0.00116299 -0.00517936 -0.0126784 0.0166665
internal_weight=81.1289 71.5272 62.6977 44.4951 33.0649 18.2025
internal_count=250 222 193 139 106 54
is_linear=0
shrinkage=0.05


Tree=76
num_leaves=11
num_cat=0
split_feature=16 1 23 0 17 29 31 23 33 22
split_gain=1.72015 1.14128 2.55754 2.13803 3.62488 2.959 0.406634 0.00116055 1.87928e-05 1.71167e-06
threshold=0.024914742219005224 0.010167311406912962 0.0085765641708744917 0.0027414873563184066 -0.00017840309094062397 0.0044184144934866785 0.40043601860863859 0.0025662273129757334 0.80500000000000016 0.0033177758749288748
decision_type=2 2 2 2 2 2 2 2 2 2
left_child=1 2 6 4 -3 -5 7 -1 -2 -10
right_child=8 3 -4 5 -6 -7 -8 -9 9 -11
leaf_value=-0.035227623979724072 -0.034481508567615671 4.6149921089206367e-05 0.041748321582060384 -0.035693727667427441 0.085125046921255831 0.045329191140868336 -0.0057028737916223629 -0.036999758948145556 -0.034283558188604714 -0.034179049860820807
leaf_weight=1.8473020419478481 1.5525888297706836 2.6812449432909489 1.8163403794169424 3.1420613527297974 2.3485889658331853 1.7569686472415922 1.5645973198115823 1.8481810390949247 0.87441401183605172 0.70985978841781616
leaf_count=28 34 30 14 38 13 16 18 17 22 20
internal_value=-0.000337116 0.00593849 -0.00940473 0.0168738 0.0397722 -0.00663599 -0.0270682 -0.0361139 -0.0343579 -0.0342367
internal_weight=20.1421 17.0053 7.07642 9.92886 5.02983 4.89903 5.26008 3.69548 3.13686 1.58427
internal_count=250 174 77 97 43 54 63 45 76 42
is_linear=0
shrinkage=0.05


Tree=77
num_leaves=9
num_cat=0
split_feature=0 1 22 33 0 18 34 18
split_gain=1.4836 1.79032 1.85508 1.73658 1.9115 2.00479 2.08641 1.37599
threshold=-0.00033551514938506827 0.022232332119969115 0.0065591886787134132 0.90500000000000014 0.0027414873563184066 0.59748552426147894 1.3244336664654595 -0.31089516630764263
decision_type=2 2 2 2 2 2 2 2
left_child=1 2 7 4 -2 6 -6 -1
right_child=3 -3 -4 -5 5 -7 -8 -9
leaf_value=0.012450088828709179 -0.022227104182361929 0.030078148041822253 0.023866693840374917 -0.024220564188696048 0.0003268350648712994 -0.012520736978268913 0.032408398915656708 -0.014730794446189459
leaf_weight=7.0877078771591231 8.2278224527835828 7.2918023318052283 7.333419755101203 9.8284482061862928 11.933231949806219 10.915747955441473 8.8090091645717603 13.572129368782043
leaf_count=21 23 22 23 28 35 32 27 39
internal_value=0.000169935 0.00801083 0.00226265 -0.0053952 -0.000756354 0.00482383 0.0139515 -0.00540593
internal_weight=84.9993 35.2851 27.9933 49.7143 39.8858 31.658 20.7422 20.6598
internal_count=250 105 83 145 117 94 62 60
is_linear=0
shrinkage=0.05


Tree=78
num_leaves=8
num_cat=0
split_feature=31 22 22 28 12 29 1
split_gain=1.51936 1.72804 1.83041 2.13305 2.55443 1.58977 2.28491
threshold=-0.37133263744524581 -0.0024115571994817171 -0.001409224330561065 -0.022415092388189502 0.02549619116515035 -0.00081754060861255462 0.016477600502263882
decision_type=2 2 2 2 2 2 2
left_child=-1 5 -3 -4 -5 -2 -7
right_child=1 2 3 4 -6 6 -8
leaf_value=-0.025424765629328345 0.030206668770062124 -0.028887972046135579 -0.027225305404422175 -0.014500687041580626 0.014619802662523607 0.024133218278423282 -0.0096165711719239759
leaf_weight=5.5177197605371466 8.0623527169227618 6.4739521294832221 6.1765467822551718 11.394989609718321 22.206670358777046 8.4293931424617785 12.3806234896183
leaf_count=18 23 21 21 39 68 24 36
internal_value=-0.000100895 0.00175908 -0.00423236 -0.000219628 0.00474447 0.0113571 0.00405426
internal_weight=80.6422 75.1245 46.2522 39.7782 33.6017 28.8724 20.81
internal_count=250 232 149 128 107 83 60
is_linear=0
shrinkage=0.05


Tree=79
num_leaves=9
num_cat=0
split_feature=16 7 23 1 2 11 33 22
split_gain=1.64932 1.50931 1.63676 2.69581 2.84293 0.323939 1.66033e-05 1.69623e-06
threshold=0.024914742219005224 3347.7400024414069 0.010531519258500268 0.010167311406912962 0.024366782213238295 3352.0919995117192 0.80500000000000016 0.0033177758749288748
decision_type=2 2 2 2 2 2 2 2
left_child=1 -1 3 5 -5 -3 -2 -8
right_child=6 2 -4 4 -6 -7 7 -9
leaf_value=-0.035062515011396782 -0.03444026437701448 -0.0086037017090172929 0.051632462330280404 0.054636222459546024 -0.0046191596167827328 -0.036001191800042187 -0.034253486408623968 -0.03414765710081466
leaf_weight=2.001784957945353 1.4989298488944762 1.7005322575569142 2.1414064057171336 3.6377248987555486 4.5635491423308849 2.9514313079416752 0.84726370126008965 0.68453878723084927
leaf_count=34 34 16 14 25 48 37 22 20
internal_value=-0.000342352 0.00571675 0.0111608 0.00441802 0.0216639 -0.025986 -0.034322 -0.0342062
internal_weight=20.0272 16.9964 14.9946 12.8532 8.20127 4.65196 3.03073 1.5318
internal_count=250 174 140 126 73 53 76 42
is_linear=0
shrinkage=0.05


Tree=80
num_leaves=8
num_cat=0
split_feature=19 32 28 27 11 32 31
split_gain=1.47693 1.66941 1.65217 2.61448 1.73123 1.72604 1.59171
threshold=-0.054805799949304061 -0.50866616232016959 0.044154480778802359 -0.0081993809289979663 3370.434995117188 -0.21116054579489379 0.060118693977113509
decision_type=2 2 2 2 2 2 2
left_child=1 -1 3 4 -2 6 -5
right_child=2 -3 -4 5 -6 -7 -8
leaf_value=-0.0051715973007855198 -0.035726708661585928 0.027040810008345406 -0.019864437865053288 0.034110300646011338 -0.003426823786749562 -0.0085051515472957754 0.0071407007165952682
leaf_weight=6.9094688594341305 6.5352666974067715 9.6251473277807218 12.062994718551634 7.6587810218334189 11.359202042222021 11.228823632001879 19.150455862283707
leaf_count=20 19 31 35 23 34 33 55
internal_value=0.000177366 0.0135799 -0.00308176 0.000537766 -0.0152231 0.00795225 0.0148453
internal_weight=84.5301 16.5346 67.9955 55.9325 17.8945 38.0381 26.8092
internal_count=250 51 199 164 53 111 78
is_linear=0
shrinkage=0.05


Tree=81
num_leaves=7
num_cat=0
split_feature=9 10 3 15 32 14
split_gain=1.45745 2.84053 2.21268 2.54132 2.4578 1.60646
threshold=4951.1999755859388 -0.012994545433481939 0.016398422773980407 0.024423964133836972 -0.22915505244245757 0.53459596762571759
decision_type=2 2 2 2 2 2
left_child=1 -1 5 4 -4 -3
right_child=-2 2 3 -5 -6 -7
leaf_value=-0.029327735631486575 0.018247738416271461 -0.00013586546679223826 -0.019540133382168704 0.015499564957559312 0.012927022236460865 0.029759162588706478
leaf_weight=8.701014891266821 9.5372384041547758 8.3742560148239154 25.002070635557168 11.350357413291929 7.6012413501739564 9.6978225111961347
leaf_count=29 28 26 83 33 23 28
internal_value=-0.000100213 -0.00257437 0.00117862 -0.00487688 -0.0119706 0.0159064
internal_weight=80.264 70.7268 62.0257 43.9537 32.6033 18.0721
internal_count=250 222 193 139 106 54
is_linear=0
shrinkage=0.05


Tree=82
num_leaves=11
num_cat=0
split_feature=16 11 16 31 29 3 33 7 33 22
split_gain=1.58056 0.990716 1.71518 2.04752 1.36663 1.20051 1.01541 0.000311883 1.57981e-05 1.45159e-06
threshold=0.024914742219005224 3347.1900000000005 0.01394624661794828 0.10098806955631572 0.0033149998586834433 0.034149177832164652 0.39500000000000007 3345.2399902343755 0.80500000000000016 0.0033177758749288748
decision_type=2 2 2 2 2 2 2 2 2 2
left_child=1 5 6 4 -4 7 -3 -1 -2 -10
right_child=8 2 3 -5 -6 -7 -8 -9 9 -11
leaf_value=-0.03481995437881772 -0.034406923600234528 -0.036365394272782091 -0.0098849115962423208 0.059083232054629342 0.043298317551140574 0.018647747938455566 0.013124927235337237 -0.035891514588531806 -0.034219192973693073 -0.034119540285815618
leaf_weight=1.2804034836590354 1.44959457963705 2.256413869559764 3.6988114081323129 2.9578238166868687 1.7937101721763609 1.6499558724462984 1.9169219881296156 1.4458139687776563 0.81700223498046376 0.66115598566830158
leaf_count=23 34 24 39 19 18 15 19 17 22 20
internal_value=-0.000358075 0.00548569 0.0125925 0.0255445 0.0074833 -0.015015 -0.0136332 -0.0353882 -0.0342896 -0.0341746
internal_weight=19.9276 16.9999 12.6237 8.45035 5.49252 4.37617 4.17334 2.72622 2.92775 1.47816
internal_count=250 174 119 76 57 55 43 40 76 42
is_linear=0
shrinkage=0.05


Tree=83
num_leaves=6
num_cat=0
split_feature=16 5 4 28 14
split_gain=1.46965 1.78563 1.75926 2.2073 2.97878
threshold=0.010795918249056959 0.022401748290521776 0.020844425310940221 0.071581386937631178 0.53459596762571759
decision_type=2 2 2 2 2
left_child=-1 2 3 4 -2
right_child=1 -3 -4 -5 -6
leaf_value=0.020309325861379564 0.02477685805992598 0.015983859460715979 -0.025474978631427527 -0.027664136198260476 -0.0048231491118986844
leaf_weight=8.1860530078411085 11.051398128271101 11.693715602159498 9.2172314524650556 7.2100222110748282 36.809133276343346
leaf_count=24 34 34 27 21 110
internal_value=0.000180344 -0.0019883 -0.00525737 -0.00187352 0.00201174
internal_weight=84.1676 75.9815 64.2878 55.0706 47.8605
internal_count=250 226 192 165 144
is_linear=0
shrinkage=0.05


Tree=84
num_leaves=11
num_cat=0
split_feature=31 22 0 3 20 22 30 19 22 22
split_gain=1.42922 1.64085 1.7604 1.7175 1.54816 2.53537 1.46158 1.14152 1.0056 1.72683
threshold=-0.37133263744524581 -0.0024115571994817171 0.0024512262357069274 0.078032224747866211 0.02048037076021603 -0.0056180986360817578 -0.0028277343572259413 -0.0051572431413661737 0.0065591886787134132 0.0012189109172835446
decision_type=2 2 2 2 2 2 2 2 2 2
left_child=-1 4 8 6 5 7 -4 -2 9 -3
right_child=1 2 3 -5 -6 -7 -8 -9 -10 -11
leaf_value=-0.024806376181962884 0.0054085417469472569 -0.026188846873136648 -0.0028755955425125209 -0.012812987623451698 0.030910148539013138 0.029154207199209126 0.028591746403375667 -0.022836609968550747 -0.028870092083061256 0.0085544502069908913
leaf_weight=5.4541853666305533 7.7163781672716176 6.3172249943017986 6.3504190444946298 8.3653707653284055 7.334479719400405 6.9157718122005472 8.8088733553886414 6.6684973537921906 7.6905365586280814 8.243188410997389
leaf_count=18 22 21 20 28 21 20 26 20 28 26
internal_value=-0.000100837 0.00171004 -0.00416241 0.0053737 0.0110976 0.00427557 0.0154097 -0.00768526 -0.0142444 -0.00651938
internal_weight=79.8649 74.4107 45.7756 23.5247 28.6351 21.3006 15.1593 14.3849 22.2509 14.5604
internal_count=250 232 149 74 83 62 46 42 75 47
is_linear=0
shrinkage=0.05


Tree=85
num_leaves=10
num_cat=0
split_feature=16 22 17 22 12 24 21 33 23
split_gain=1.51667 0.946334 3.02623 2.66275 1.97126 0.463294 0.000241497 1.44828e-05 1.37151e-06
threshold=0.024914742219005224 -0.0012629562516405788 -0.0044954895962925892 -0.0024115571994817171 0.042156635956867604 0.016385102754373996 0.00050603814963323679 0.80500000000000016 -0.00045192433087926082
decision_type=2 2 2 2 2 2 2 2 2
left_child=1 3 -3 4 -1 6 -4 -2 -9
right_child=7 2 5 -5 -6 -7 -8 8 -10
leaf_value=-0.03605814010630759 -0.03437176298567457 0.051381201250730472 -0.035107657110195319 0.048166854432711938 0.020652746476069905 -0.0024887694498087068 -0.035887497183099179 -0.034194141430298509 -0.034096123390066617
leaf_weight=2.8034553602337873 1.4045246820896857 1.611311540007591 1.9906579442322265 3.7897663004696369 3.3795172814279795 1.4517065174877641 1.9803782477974889 0.72097343020141125 0.70670279674231984
leaf_count=34 34 14 31 22 33 17 23 20 22
internal_value=-0.000380807 0.00526084 -0.00878299 0.0151663 -0.00506085 -0.0266601 -0.0354966 -0.0342578 -0.0341456
internal_weight=19.839 17.0068 7.03405 9.97274 6.18297 5.42274 3.97104 2.8322 1.42768
internal_count=250 174 85 89 67 71 54 76 42
is_linear=0
shrinkage=0.05


Tree=86
num_leaves=9
num_cat=0
split_feature=0 1 22 33 16 19 13 18
split_gain=1.43742 1.61674 1.66885 1.56915 1.79838 2.85603 2.74026 1.2115
threshold=-0.00033551514938506827 0.022232332119969115 0.0065591886787134132 0.90500000000000014 0.016333922162544087 -0.011298954547856009 69.356509379705543 -0.31089516630764263
decision_type=2 2 2 2 2 2 2 2
left_child=1 2 7 4 5 -2 -6 -1
right_child=3 -3 -4 -5 6 -7 -8 -9
leaf_value=0.012046035884353481 0.013890393032853457 0.029134569325953954 0.023211868234046286 -0.023320905590377125 -0.0061787846323689902 -0.02603153153188676 0.031367973769147059 -0.01363257424975084
leaf_weight=6.9901653528213545 6.9916257858276394 7.1631081104278556 7.1741895675659171 9.7120218873023969 11.50445204973221 12.471166938543318 8.413134500384329 13.395502507686615
leaf_count=21 21 22 23 28 34 36 26 39
internal_value=0.000186221 0.00797193 0.00247153 -0.0053206 -0.000881345 -0.0116904 0.00968086 -0.00482748
internal_weight=83.8154 34.723 27.5599 49.0924 39.3804 19.4628 19.9176 20.3857
internal_count=250 105 83 145 117 57 60 60
is_linear=0
shrinkage=0.05


Tree=87
num_leaves=9
num_cat=0
split_feature=15 0 18 3 13 27 23 21
split_gain=1.45124 1.74881 2.10456 2.16454 2.01844 1.54164 1.61062 2.3472
threshold=0.013501094388670727 -0.00033551514938506827 0.1356182751407122 0.020567161413109551 56.619846137036255 0.027760362936639641 0.0042449080137474402 -0.00081513905586688684
decision_type=2 2 2 2 2 2 2 2
left_child=-1 2 4 -4 -2 6 7 -3
right_child=1 5 3 -5 -6 -7 -8 -9
leaf_value=-0.026481104017458082 -0.037200552305381988 -0.0020023322738018895 0.025566598477911401 -0.011655960538414344 -0.0016835947738186826 0.029662732486102718 -0.013725627323514171 0.028384344496285231
leaf_weight=4.8968998044729224 8.273309558629995 15.618161514401434 7.3312108516693106 8.3586611896753293 7.7450366616249076 7.0067493319511405 9.422878757119177 10.715177997946741
leaf_count=18 29 48 23 27 24 20 29 32
internal_value=-0.000114727 0.00161901 -0.00727904 0.00573656 -0.0200277 0.0082168 0.00401428 0.0103622
internal_weight=79.3681 74.4712 31.7082 15.6899 16.0183 42.763 35.7562 26.3333
internal_count=250 232 103 50 53 129 109 80
is_linear=0
shrinkage=0.05


Tree=88
num_leaves=11
num_cat=0
split_feature=16 11 16 31 16 3 33 6 12 29
split_gain=1.45611 0.932572 1.53409 1.72656 1.2341 1.10919 0.986065 0.000307825 1.27372e-05 3.42875e-06
threshold=0.024914742219005224 3347.1900000000005 0.01394624661794828 0.10098806955631572 0.017851990527882125 0.034149177832164652 0.39500000000000007 0.92239681510797744 0.032348159236667264 0.00063911916876946428
decision_type=2 2 2 2 2 2 2 2 2 2
left_child=1 5 6 4 -4 7 -3 -1 -2 -10
right_child=8 2 3 -5 -6 -7 -8 -9 9 -11
leaf_value=-0.03479071282803211 -0.034392593327728462 -0.036305504311317773 0.029906771792250687 0.053869262785436745 -0.017520175782681072 0.016665894154733688 0.012925454570438744 -0.035874421552847195 -0.034214702262903816 -0.034081142775302761
leaf_weight=1.2945962771773403 0.79110952652990763 2.1747943945229045 2.856809947639702 3.0863381512463093 2.6384215131402016 1.683909688144922 1.9107232913374899 1.3268678970634935 1.0673863757401703 0.87401971593499173
leaf_count=23 19 24 23 19 34 15 19 17 29 28
internal_value=-0.000349243 0.00510441 0.0119373 0.0239433 0.00713571 -0.0149991 -0.0132811 -0.0353392 -0.0342235 -0.0341546
internal_weight=19.705 16.9725 12.6671 8.58157 5.49523 4.30537 4.08552 2.62146 2.73252 1.94141
internal_count=250 174 119 76 57 55 43 40 76 57
is_linear=0
shrinkage=0.05


Tree=89
num_leaves=6
num_cat=0
split_feature=16 5 4 28 14
split_gain=1.41012 1.73237 1.61636 2.08023 2.73018
threshold=0.010795918249056959 0.022401748290521776 0.020844425310940221 0.071581386937631178 0.53459596762571759
decision_type=2 2 2 2 2
left_child=-1 2 3 4 -2
right_child=1 -3 -4 -5 -6
leaf_value=0.019965127679847372 0.023842458140470112 0.015832871716271252 -0.024677478057622625 -0.02708121741605973 -0.0046925610280599212
leaf_weight=8.1361721158027631 10.884461134672163 11.588000714778898 9.1132119894027692 7.1422088444232932 36.467314869165421
leaf_count=24 34 34 27 21 110
internal_value=0.000191854 -0.00194763 -0.00518689 -0.00192741 0.00186661
internal_weight=83.3314 75.1952 63.6072 54.494 47.3518
internal_count=250 226 192 165 144
is_linear=0
shrinkage=0.05


Tree=90
num_leaves=6
num_cat=0
split_feature=19 9 21 13 3
split_gain=1.39926 1.75753 2.98662 2.85438 3.70856
threshold=-0.1079223621789006 5005.0375366210947 0.0037708410989416579 44.205578903182619 0.018494583862177619
decision_type=2 2 2 2 2
left_child=-1 2 3 -2 -5
right_child=1 -3 -4 4 -6
leaf_value=-0.025376741247851994 -0.023943306816575017 0.025753075431501595 -0.028355118411544672 0.030833920073088491 -0.00028480961486936882
leaf_weight=5.1264507770538321 8.2992081642150861 6.853826791048049 8.5915128886699659 12.886417359113691 37.248922124505043
leaf_count=18 27 20 30 38 117
internal_value=-0.000116186 0.00163662 -0.000829438 0.00321761 0.00771372
internal_weight=79.0063 73.8799 67.0261 58.4345 50.1353
internal_count=250 232 212 182 155
is_linear=0
shrinkage=0.05


Tree=91
num_leaves=9
num_cat=0
split_feature=16 3 15 4 20 9 12 29
split_gain=1.40132 1.12083 1.81568 1.68397 1.59815 0.00025571 1.07038e-05 3.17198e-06
threshold=0.024914742219005224 -0.016320476232267785 0.021807409286222566 0.013410300585694288 -0.039594974019638011 4090.6299743652348 0.032348159236667264 0.00063911916876946428
decision_type=2 2 2 2 2 2 2 2
left_child=1 -1 3 4 -3 -4 -2 -8
right_child=6 2 5 -5 -6 -7 7 -9
leaf_value=0.042431049507495315 -0.034351398345632125 0.026329414468707388 -0.034610918713405013 0.048121034188145811 -0.015036932280906093 -0.035558145944655922 -0.03418816290634983 -0.034057661267509809
leaf_weight=1.7835452258586943 0.76357820257544462 3.6927745938301104 1.2773185465484851 2.2397163063287726 6.3495936244726146 1.6112456470727918 1.0346432477235792 0.8466510698199271
leaf_count=16 19 31 26 19 62 20 29 28
internal_value=-0.000343599 0.00493702 0.00052902 0.00891768 0.00017428 -0.0351393 -0.0341935 -0.0341294
internal_weight=19.5991 16.9542 15.1706 12.2821 10.0424 2.88856 2.64487 1.88129
internal_count=250 174 158 112 93 46 76 57
is_linear=0
shrinkage=0.05


Tree=92
num_leaves=8
num_cat=0
split_feature=19 22 28 27 21 21 19
split_gain=1.44073 1.58818 1.41825 2.41745 1.5256 2.16031 1.51119
threshold=-0.054805799949304061 0.00085918318370781243 0.042903524122921984 -0.0081993809289979663 0.0035495773375714417 -0.00061647896028110816 0.02074166080827811
decision_type=2 2 2 2 2 2 2
left_child=1 -1 3 6 5 -5 -2
right_child=2 -3 -4 4 -6 -7 -8
leaf_value=-0.0001052553482836928 -0.025915927242447241 0.031445767575430175 -0.018231451280780749 0.018465952043078018 0.028201758458279897 -0.0089810854239534398 0.0045351747954205214
leaf_weight=9.2203204631805438 11.162315100431444 7.0292519181966773 12.513980388641356 12.452619612216948 7.3036708980798712 16.89672622084618 6.4162470847368231
leaf_count=27 33 24 37 37 22 50 20
internal_value=0.000191742 0.0135431 -0.00305872 0.000442398 0.00775311 0.0026644 -0.0148012
internal_weight=82.9951 16.2496 66.7456 54.2316 36.653 29.3493 17.5786
internal_count=250 51 199 162 109 87 53
is_linear=0
shrinkage=0.05


Tree=93
num_leaves=9
num_cat=0
split_feature=31 22 12 3 24 20 22 19
split_gain=1.31685 1.48111 1.62731 2.52542 2.47378 1.43622 2.32232 1.07965
threshold=-0.37133263744524581 -0.0024115571994817171 0.084022659231541411 0.064324435003997774 0.011742003858672747 0.02048037076021603 -0.0056180986360817578 -0.0051572431413661737
decision_type=2 2 2 2 2 2 2 2
left_child=-1 5 3 4 -3 6 7 -2
right_child=1 2 -4 -5 -6 -7 -8 -9
leaf_value=-0.024023377493996946 0.0052193342799027112 -0.01607634737536651 0.013276115897672686 -0.039357782821004522 0.013526746093929438 0.02980531224609664 0.027916631189455639 -0.022415582076173439
leaf_weight=5.3660639375448218 7.6641295105218923 16.180465787649158 10.453105255961416 5.792751044034957 12.515907153487204 7.2408546507358542 6.8473866283893594 6.5590551495552063
leaf_count=18 22 55 33 21 40 21 20 20
internal_value=-0.000114462 0.00163694 -0.00400595 -0.00924387 -0.00316497 0.0105946 0.0039929 -0.00752457
internal_weight=78.6197 73.2537 44.9422 34.4891 28.6964 28.3114 21.0706 14.2232
internal_count=250 232 149 116 95 83 62 42
is_linear=0
shrinkage=0.05


Tree=94
num_leaves=9
num_cat=0
split_feature=16 3 15 4 20 9 12 29
split_gain=1.34623 1.00204 1.73287 1.52461 1.47271 0.000233027 1.03511e-05 2.94335e-06
threshold=0.024914742219005224 -0.016320476232267785 0.021807409286222566 0.013410300585694288 -0.039594974019638011 4090.6299743652348 0.032348159236667264 0.00063911916876946428
decision_type=2 2 2 2 2 2 2 2
left_child=1 -1 3 4 -3 -4 -2 -8
right_child=6 2 5 -5 -6 -7 7 -9
leaf_value=0.03966955946298259 -0.034323630071683035 0.024881154170643498 -0.034560030536888303 0.045219065781075214 -0.014693083738776326 -0.035480695745196765 -0.034159310209219786 -0.03403133511427376
leaf_weight=1.8331049494445384 0.74042604863643591 3.7606009468436259 1.2293685935437673 2.3071990869939318 6.2712802961468661 1.5587141998112199 1.0001173950731752 0.81577520631253708
leaf_count=16 19 31 26 19 62 20 29 28
internal_value=-0.000341204 0.00475701 0.000526322 0.00857058 0.000141912 -0.0350747 -0.0341661 -0.0341018
internal_weight=19.5166 16.9603 15.1272 12.3391 10.0319 2.78808 2.55632 1.81589
internal_count=250 174 158 112 93 46 76 57
is_linear=0
shrinkage=0.05


Tree=95
num_leaves=6
num_cat=0
split_feature=16 5 4 30 28
split_gain=1.31806 1.57767 1.54439 1.87442 1.89389
threshold=0.010795918249056959 0.022401748290521776 0.020844425310940221 0.016199689362033868 0.071581386937631178
decision_type=2 2 2 2 2
left_child=-1 2 3 4 -2
right_child=1 -3 -4 -5 -6
leaf_value=0.019395871767641536 -0.001497315436962789 0.015128329059640906 -0.024131277813612965 0.020512933503502497 -0.030272760213610785
leaf_weight=8.0611314922571164 39.285995915532112 11.51788544654846 9.033887714147566 8.0179389715194684 6.6921419799327841
leaf_count=24 121 34 27 24 20
internal_value=0.000189545 -0.00188731 -0.00499669 -0.00179535 -0.0056856
internal_weight=82.609 74.5479 63.03 53.9961 45.9781
internal_count=250 226 192 165 141
is_linear=0
shrinkage=0.05


Tree=96
num_leaves=7
num_cat=0
split_feature=19 11 0 4 32 31
split_gain=1.30103 1.57844 2.62658 2.95785 2.27473 2.03662
threshold=-0.1079223621789006 4851.373022460938 -0.0049156172271392897 0.020844425310940221 -0.23987117030361244 0.060118693977113509
decision_type=2 2 2 2 2 2
left_child=-1 2 5 4 -4 -2
right_child=1 -3 3 -5 -6 -7
leaf_value=-0.024713605374865291 -0.038115328852852758 0.02421130062920826 -0.0075801505295522917 0.034416150501069352 0.01773868003060888 -0.0024971847649082287
leaf_weight=5.0292987227439871 7.1975088119506863 6.9688159525394431 30.161788150668141 7.2452800273895255 12.567613109946253 9.0718262791633588
leaf_count=18 24 21 97 21 38 31
internal_value=-0.00011376 0.00157611 -0.000805096 0.0048756 -0.000133351 -0.0182546
internal_weight=78.2421 73.2128 66.244 49.9747 42.7294 16.2693
internal_count=250 232 211 156 135 55
is_linear=0
shrinkage=0.05


Tree=97
num_leaves=11
num_cat=0
split_feature=16 16 22 21 34 2 16 33 29 30
split_gain=1.30141 2.25048 2.07034 2.32003 1.84923 0.837912 0.000883673 0.000361544 0.000274417 9.06206e-06
threshold=0.017851990527882125 0.015717894106065586 -0.0012629562516405788 0.001025673809258443 -0.73092358140588332 0.071331950986376805 0.023729476939610146 0.57500000000000007 0.00081768062265596974 0.0033555050217708442
decision_type=2 2 2 2 2 2 2 2 2 2
left_child=1 2 3 -1 -2 6 7 -6 -4 -8
right_child=4 -3 8 -5 5 -7 9 -9 -10 -11
leaf_value=-0.018176379050728709 0.041016298823276905 0.043902367373335076 -0.03588156559192892 0.048380641975405952 -0.036043361855195959 0.015711777131539557 -0.034309045960296498 -0.03500247884228945 -0.034956453181943979 -0.034097965665026229
leaf_weight=2.5914392340928307 1.1728237662464387 3.459822002798318 1.7455342188477545 2.6464153081178665 1.6722596362233146 0.95912002958357323 1.0024693943560126 1.6647651791572569 1.4823572635650633 1.0318655148148534
leaf_count=31 13 21 21 14 19 19 27 28 24 33
internal_value=-0.000338284 0.00992625 -0.00395927 0.0154514 -0.0166525 -0.0273366 -0.0350234 -0.0355241 -0.0354567 -0.034202
internal_weight=19.4289 11.9256 8.46575 5.23785 7.5033 6.33048 5.37136 3.33702 3.22789 2.03433
internal_count=250 111 90 45 139 126 107 47 45 60
is_linear=0
shrinkage=0.05


Tree=98
num_leaves=8
num_cat=0
split_feature=19 22 27 28 19 21 21
split_gain=1.3204 1.46781 1.32382 2.17676 1.7877 1.33341 2.02079
threshold=-0.054805799949304061 0.00085918318370781243 -0.0081993809289979663 0.042903524122921984 0.02074166080827811 0.0035495773375714417 -0.00061647896028110816
decision_type=2 2 2 2 2 2 2
left_child=1 -1 4 5 -2 6 -4
right_child=2 -3 3 -5 -6 -7 -8
leaf_value=-3.2107467038856878e-05 -0.026174893170356206 0.030525663399915914 0.018034225833298917 -0.017522517854447427 0.0062412775910148941 0.026732477837704112 -0.0085908012854919585
leaf_weight=9.175982743501665 11.656762689352037 6.8734383136034003 12.365902870893477 11.49185700714588 6.6964740455150595 7.1870365887880316 16.820188194513324
leaf_count=27 35 24 37 34 21 22 50
internal_value=0.000188085 0.0130548 -0.00293044 0.00144723 -0.0143473 0.0074406 0.00269
internal_weight=82.2676 16.0494 66.2182 47.865 18.3532 36.3731 29.1861
internal_count=250 51 199 143 56 109 87
is_linear=0
shrinkage=0.05


Tree=99
num_leaves=9
num_cat=0
split_feature=3 19 1 0 23 1 2 11
split_gain=1.21446 2.30408 1.69602 2.67331 2.86602 2.5253 2.07207 2.09234
threshold=0.10475743092017532 -0.089112126794671717 0.01344173506750468 0.0061238409259656299 -1.0000000180025095e-35 0.034107337487687135 0.02253908909669378 3335.248999023438
decision_type=2 2 2 2 2 2 2 2
left_child=1 -1 6 4 -4 -5 7 -3
right_child=-2 2 3 5 -6 -7 -8 -9
leaf_value=-0.033769803816238307 0.018520265419484275 -0.018135907084374181 -0.048229062696675477 -0.013764573720972541 -0.0035843905890711961 0.02885269418411808 0.02727849623509751 0.011024892005025003
leaf_weight=5.3416030704975119 7.8588501811027518 9.7217558324337023 6.557716578245163 7.1632960289716703 7.9564569145441073 6.7528855055570602 9.7496647238731367 16.749546527862549
leaf_count=19 24 31 22 24 25 21 30 54
internal_value=-0.000116683 -0.00220925 0.000398336 -0.0087425 -0.0237555 0.00691563 0.00757311 0.000315401
internal_weight=77.8518 69.9929 64.6513 28.4304 14.5142 13.9162 36.221 26.4713
internal_count=250 226 207 92 47 45 115 85
is_linear=0
shrinkage=0.05


Tree=100
num_leaves=10
num_cat=0
split_feature=16 4 21 31 0 32 11 5 18
split_gain=1.27239 1.31102 1.08799 1.80851 2.26131 1.1022 1.24395e-05 2.57851e-06 1.1122e-06
threshold=0.024914742219005224 0.0077522434963797323 0.0041349393947776045 0.17517932590980126 0.0005742204483144554 -0.71600739829036653 4807.7500048828133 0.01731659007621179 -0.36680518589029315
decision_type=2 2 2 2 2 2 2 2 2
left_child=1 -1 3 4 -3 -5 7 -2 -9
right_child=6 2 -4 5 -6 -7 -8 8 -10
leaf_value=-0.035863455878962079 -0.034143164498422258 -0.017624003721995476 0.041656739834089143 0.011663678866189599 0.039566433938433516 -0.035919796904473923 -0.034317167709289068 -0.033964295160771117 -0.034063172929659262
leaf_weight=1.7932969685643971 0.63368699327111189 2.6683279983699304 2.2229779176414004 1.9062029868364332 4.9069689959287643 3.3658994249999523 0.65489016287028778 0.52916408888995647 0.61484527401626088
leaf_count=24 19 34 13 20 42 41 17 20 20
internal_value=-0.000325585 0.00455083 0.00935992 0.00377162 0.0194216 -0.0187153 -0.0341309 -0.0340623 -0.0340174
internal_weight=19.2963 16.8637 15.0704 12.8474 7.5753 5.2721 2.43259 1.7777 1.14401
internal_count=250 174 150 137 76 61 76 59 40
is_linear=0
shrinkage=0.05


Tree=101
num_leaves=9
num_cat=0
split_feature=0 1 22 33 16 19 13 31
split_gain=1.26719 1.47393 1.48127 1.44365 1.67553 2.53735 2.48214 1.10951
threshold=-0.00033551514938506827 0.022232332119969115 0.0065591886787134132 0.90500000000000014 0.016333922162544087 -0.011298954547856009 69.356509379705543 0.060118693977113509
decision_type=2 2 2 2 2 2 2 2
left_child=1 2 7 4 5 -2 -6 -1
right_child=3 -3 -4 -5 6 -7 -8 -9
leaf_value=0.0099164458321018625 0.013181102388045844 0.028056922330803442 0.022170418865534572 -0.022449111893242866 -0.0056779078318972345 -0.024879930478643661 0.030479284395354796 -0.014226532203663173
leaf_weight=7.8806179016828599 6.8198509812355068 6.9874594807624808 6.9368880391120902 9.5355430841445905 11.230056643486025 12.233837574720381 8.2214478403329831 12.0123283714056
leaf_count=24 21 22 23 28 34 36 26 36
internal_value=0.000187722 0.00760245 0.00227536 -0.00503172 -0.000718429 -0.0112568 0.00960443 -0.00466226
internal_weight=81.858 33.8173 26.8298 48.0407 38.5052 19.0537 19.4515 19.8929
internal_count=250 105 83 145 117 57 60 60
is_linear=0
shrinkage=0.05


Tree=102
num_leaves=8
num_cat=0
split_feature=1 10 3 0 3 31 29
split_gain=1.17957 2.61262 2.11669 2.7119 2.7114 2.48032 2.37692
threshold=-0.03564531815114768 -0.0099782859641256473 0.016398422773980407 0.0089422337438602745 -0.0091855204346509827 0.10098806955631572 -0.0014699969061824911
decision_type=2 2 2 2 2 2 2
left_child=-1 -2 4 6 -3 -5 -4
right_child=1 2 3 5 -6 -7 -8
leaf_value=0.019838351268790431 -0.028174560142350258 -0.0050819984840627039 -0.037538970268794727 0.026824993157054767 0.033993208292497183 -0.010146299602222301 -0.0047085720392544541
leaf_weight=6.7572572082281104 8.4159513860940915 8.2152438163757342 7.9404297024011603 10.185699164867403 9.6592556387186033 8.1793867498636228 18.035685271024708
leaf_count=21 29 26 27 33 29 25 60
internal_value=-0.000119148 -0.00202846 0.00150834 -0.00434713 0.016034 0.0103588 -0.0147442
internal_weight=77.3889 70.6317 62.2157 44.3412 17.8745 18.3651 25.9761
internal_count=250 229 200 145 55 58 87
is_linear=0
shrinkage=0.05


Tree=103
num_leaves=9
num_cat=0
split_feature=16 3 15 4 20 9 11 18
split_gain=1.21649 0.873718 1.61929 1.37039 1.29706 0.00018739 1.14566e-05 2.09429e-06
threshold=0.024914742219005224 -0.016320476232267785 0.021807409286222566 0.013410300585694288 -0.039594974019638011 4090.6299743652348 4807.7500048828133 -0.34945866689697036
decision_type=2 2 2 2 2 2 2 2
left_child=1 -1 3 4 -3 -4 7 -2
right_child=6 2 5 -5 -6 -7 -8 -9
leaf_value=0.036573482256529968 -0.033954236694348806 0.022696391763484963 -0.034527519631019458 0.042189929307510102 -0.014446451886344051 -0.035372161959259428 -0.034281638278964049 -0.034071625552574099
leaf_weight=1.8738795220851958 0.57091444730758678 3.8226697817444819 1.1772546600550406 2.3679612167179576 6.1030196733772719 1.484940532594919 0.63144297152757634 1.1358812432736149
leaf_count=16 22 31 26 19 62 20 17 37
internal_value=-0.000306458 0.0043886 0.000356028 0.0080121 -0.00014167 -0.0349987 -0.0340997 -0.0340324
internal_weight=19.168 16.8297 14.9558 12.2937 9.92569 2.6622 2.33824 1.7068
internal_count=250 174 158 112 93 46 76 59
is_linear=0
shrinkage=0.05


Tree=104
num_leaves=9
num_cat=0
split_feature=16 16 0 20 23 29 9 31
split_gain=1.23412 2.20113 1.36838 2.3097 2.27385 3.26459 3.06565 2.0553
threshold=0.010795918249056959 0.012555804180735533 0.0005742204483144554 -0.097113893139754923 0.0025662273129757334 -0.00081754060861255462 4072.7174865722659 0.16553909846338141
decision_type=2 2 2 2 2 2 2 2
left_child=-1 -2 4 -4 6 -6 -3 -5
right_child=1 2 3 7 5 -7 -8 -9
leaf_value=0.018882426954957485 -0.031244464357941738 0.00015253179942319013 -0.033554909904771231 -0.011182667060928476 -0.030462688049393189 0.018094341106863265 0.041987111261333462 0.015421725502460482
leaf_weight=7.9622639268636695 5.8575498461723319 9.0914816707372719 6.2548207491636267 17.496960446238521 7.1020684838294983 6.7527492046356183 8.4487308412790281 12.407411247491835
leaf_count=24 18 28 19 54 21 22 27 37
internal_value=0.0001855 -0.00184237 0.000707048 -0.00592378 0.00834409 -0.0067963 0.0203033 -0.000144427
internal_weight=81.374 73.4118 67.5542 36.1592 31.395 13.8548 17.5402 29.9044
internal_count=250 226 208 110 98 43 55 91
is_linear=0
shrinkage=0.05


Tree=105
num_leaves=6
num_cat=0
split_feature=15 11 21 21 11
split_gain=1.13763 2.12453 2.59247 2.05127 1.88198
threshold=0.042023658091660969 4697.9039990234387 0.0037708410989416579 0.0018819967403077566 3977.0679956054692
decision_type=2 2 2 2 2
left_child=1 2 3 4 -1
right_child=-2 -3 -4 -5 -6
leaf_value=0.0039614096663015234 -0.017952502807589508 0.026359568703590658 -0.029308105010652098 0.021433801997936611 -0.019701905579080581
leaf_weight=30.896778926253319 8.0045079439878446 7.9001038074493399 7.229787364602088 11.377330422401426 11.541004881262777
leaf_count=100 25 24 27 35 39
internal_value=-0.000110131 0.00196137 -0.00119612 0.00258058 -0.00247386
internal_weight=76.9495 68.945 61.0449 53.8151 42.4378
internal_count=250 225 201 174 139
is_linear=0
shrinkage=0.05


Tree=106
num_leaves=8
num_cat=0
split_feature=7 7 34 18 23 7 5
split_gain=1.18602 1.336 1.31895 1.56751 1.42257 0.000986267 0.000226888
threshold=3347.7400024414069 3359.5100097656255 2.4078008602523187 0.39285680336203138 0.010531519258500268 3769.5250366210944 0.015586732291419183
decision_type=2 2 2 2 2 2 2
left_child=6 -2 3 4 -3 -5 -1
right_child=1 2 -4 5 -6 -7 -8
leaf_value=-0.035350104397705105 0.048362311203585806 -0.0041664345572325926 0.039912790930329962 -0.036624909823746908 0.046694455689828357 -0.034891008634773894 -0.03431738265839103
leaf_weight=0.88392840698361697 1.5517902188003088 8.5896069221198541 1.7973982710391272 1.5803449191153043 1.6368007138371456 1.7049238532781599 1.3352330103516576
leaf_count=14 9 109 18 16 12 35 37
internal_value=-0.000367208 0.00415532 -0.000325679 -0.00567842 0.00397417 -0.0357251 -0.0347287
internal_weight=19.08 16.8609 15.3091 13.5117 10.2264 3.28527 2.21916
internal_count=250 199 190 172 121 51 51
is_linear=0
shrinkage=0.05


Tree=107
num_leaves=6
num_cat=0
split_feature=3 19 7 9 4
split_gain=1.1814 1.87707 1.64047 1.97275 2.18319
threshold=0.10475743092017532 -0.089112126794671717 3334.7049926757818 3368.7699951171876 0.012704522064849901
decision_type=2 2 2 2 2
left_child=1 -1 -3 -4 -5
right_child=-2 2 3 4 -6
leaf_value=0.02957559469917774 -0.018202931648675088 0.020433218944181111 -0.02108363519314722 0.012777764350822627 -0.0088554748327452949
leaf_weight=5.7577037662267676 7.8795021623373023 8.4493731707334501 12.140007764101027 22.449909955263138 24.270711481571198
leaf_count=19 24 27 36 70 74
internal_value=0.000191246 0.00217484 -0.000169018 -0.00312644 0.0015396
internal_weight=80.9472 73.0677 67.31 58.8606 46.7206
internal_count=250 226 207 180 144
is_linear=0
shrinkage=0.05


Tree=108
num_leaves=6
num_cat=0
split_feature=15 4 28 2 14
split_gain=1.09589 2.00089 1.91287 3.13532 2.4149
threshold=0.042023658091660969 0.020844425310940221 0.080918333052147476 -0.016273241577175409 0.66639007024496988
decision_type=2 2 2 2 2
left_child=1 2 3 -1 -5
right_child=-2 -3 -4 4 -6
leaf_value=-0.042526141132820681 -0.017641131215643834 0.02239941478029232 0.024236729366791939 0.015283080808533443 -0.0087649776997417543
leaf_weight=4.9787430316209784 7.985423430800437 10.169481053948401 6.3691317439079276 15.604233190417288 31.54087920486927
leaf_count=19 25 31 19 50 106
internal_value=-0.000109796 0.00192909 -0.00162984 -0.00479053 -0.000805478
internal_weight=76.6479 68.6625 58.493 52.1239 47.1451
internal_count=250 225 194 175 156
is_linear=0
shrinkage=0.05


Tree=109
num_leaves=11
num_cat=0
split_feature=16 17 17 29 6 29 1 11 5 6
split_gain=1.15253 0.824094 3.17659 2.1714 2.08319 0.381223 0.000277974 1.09288e-05 2.45647e-06 9.12029e-07
threshold=0.024914742219005224 0.0025335113475300187 0.00076749843381133758 0.0033149998586834433 1.0582074997156865 0.0053127443568387065 0.031230376109483541 4807.7500048828133 0.01731659007621179 1.0480371494762635
decision_type=2 2 2 2 2 2 2 2 2 2
left_child=1 2 4 6 5 -1 -3 8 -2 -10
right_child=7 3 -4 -5 -6 -7 -8 -9 9 -11
leaf_value=-0.035835141436951684 -0.034085126616867703 -0.035207713448837823 0.058171909195704197 0.020857422494037048 0.03034162326652878 -0.0044040267642217875 -0.036087735866846056 -0.034252017933440793 -0.033906757980348187 -0.034000523481045139
leaf_weight=2.9788003545254522 0.58778750151395742 2.0455441735684867 2.8256969228386879 3.1986909508705139 2.6658412422984838 1.4267999716103075 1.5986268818378446 0.60607838630676258 0.48081015516072489 0.56300532631576061
leaf_count=39 19 31 17 32 20 17 18 17 20 20
internal_value=-0.000368853 0.00413617 0.0133607 -0.0092057 -0.00454553 -0.0256558 -0.0355938 -0.0340707 -0.0340034 -0.0339573
internal_weight=18.9777 16.74 9.89714 6.84286 7.07144 4.4056 3.64417 2.23768 1.6316 1.04382
internal_count=250 174 93 81 76 56 49 76 59 40
is_linear=0
shrinkage=0.05


Tree=110
num_leaves=8
num_cat=0
split_feature=16 16 20 30 34 2 22
split_gain=1.14427 2.06494 1.30526 1.6757 3.43101 2.99446 0.722735
threshold=0.010795918249056959 0.012555804180735533 0.088356501377166899 0.0026166790787178766 1.3244336664654595 0.02253908909669378 0.0047125331936265233
decision_type=2 2 2 2 2 2 2
left_child=-1 -2 3 4 -3 -5 -4
right_child=1 2 6 5 -6 -7 -8
leaf_value=0.018295339651383816 -0.030335438498788878 -0.038846733881109728 0.0030121043602941346 0.017461905753935431 0.0094190270554694276 -0.010587898622292624 0.025799268729012299
leaf_weight=7.8756418079137793 5.8197921812534323 8.1711936593055707 6.9982874989509565 18.063022300601006 6.7019264698028556 20.105454698204994 6.9208441078662872
leaf_count=24 18 25 22 57 20 61 23
internal_value=0.000191127 -0.00176794 0.000714956 -0.00286112 -0.0170979 0.00268652 0.0143423
internal_weight=80.6562 72.7805 66.9607 53.0416 14.8731 38.1685 13.9191
internal_count=250 226 208 163 45 118 45
is_linear=0
shrinkage=0.05


Tree=111
num_leaves=7
num_cat=0
split_feature=3 19 21 9 32 1
split_gain=1.09849 2.04441 1.55892 1.17657 2.77526 2.06678
threshold=0.10475743092017532 -0.089112126794671717 0.0035495773375714417 3396.369995117188 -0.21116054579489379 0.0048020852025231217
decision_type=2 2 2 2 2 2
left_child=1 -1 3 5 -5 -3
right_child=-2 2 -4 4 -6 -7
leaf_value=-0.032300582682875188 0.017719951546307827 -0.0016247569863292049 -0.017215850907888994 -0.013742656069195947 0.016650334880791842 0.029886671052103242
leaf_weight=5.1866822540760031 7.7669820785522452 11.156701102852823 10.528835311532019 19.760903358459473 12.116308957338335 9.7518532574176771
leaf_count=19 24 35 37 68 38 29
internal_value=-0.000100545 -0.00212111 0.000351166 0.00385515 -0.00219049 0.0130723
internal_weight=76.2683 68.5013 63.3146 52.7858 31.8772 20.9086
internal_count=250 226 207 170 106 64
is_linear=0
shrinkage=0.05


Tree=112
num_leaves=11
num_cat=0
split_feature=16 16 22 21 34 14 16 33 29 33
split_gain=1.10897 1.93508 1.80445 2.00877 1.54418 0.839211 0.000765807 0.000293609 0.000197768 8.82516e-06
threshold=0.017851990527882125 0.015717894106065586 -0.0012629562516405788 0.001025673809258443 -0.73092358140588332 1.0248740299372654 0.024157688573911984 0.57500000000000007 0.00081768062265596974 0.84500000000000008
decision_type=2 2 2 2 2 2 2 2 2 2
left_child=1 2 3 -1 -2 6 7 -6 -4 -8
right_child=4 -3 8 -5 5 -7 9 -9 -10 -11
leaf_value=-0.018642966693338047 0.035609605171081186 0.039759015080030817 -0.035700463329704411 0.043278872068613181 -0.0359018504084253 0.017134334778154438 -0.034167428585958802 -0.034939771273780479 -0.034886134426366865 -0.033937340675607656
leaf_weight=2.5363232661038628 1.1977094914764173 3.5620599687099448 1.5896100345999031 2.7082505151629448 1.3919947668910011 0.91950859874486912 0.75119773857295491 1.8429797645658252 1.4042034223675726 0.93605253752321005
leaf_count=31 13 21 21 14 17 16 23 33 24 37
internal_value=-0.000402581 0.00896681 -0.00434692 0.0133329 -0.0161088 -0.0267124 -0.0349033 -0.0353537 -0.0353185 -0.0340398
internal_weight=18.8399 11.8004 8.23839 5.24457 7.03944 5.84173 4.92222 3.23497 2.99381 1.68725
internal_count=250 111 90 45 139 126 110 50 45 60
is_linear=0
shrinkage=0.05


Tree=113
num_leaves=6
num_cat=0
split_feature=3 19 7 9 24
split_gain=1.15038 1.75607 1.48861 1.78183 2.0442
threshold=0.10475743092017532 -0.089112126794671717 3334.7049926757818 3368.7699951171876 -0.012962337938134392
decision_type=2 2 2 2 2
left_child=1 -1 -3 -4 -5
right_child=-2 2 3 4 -6
leaf_value=0.028778554591226593 -0.017980968273468605 0.019593292493082441 -0.020078514393829811 0.021297457448696617 -0.0040702252087928678
leaf_weight=5.7083810269832602 7.8573733717203131 8.3769041150808317 12.043717622756956 10.181848540902129 36.091732844710357
leaf_count=19 24 27 36 32 112
internal_value=0.000190044 0.00216202 -0.000116094 -0.00294722 0.00151158
internal_weight=80.26 72.4026 66.6942 58.3173 46.2736
internal_count=250 226 207 180 144
is_linear=0
shrinkage=0.05


Tree=114
num_leaves=6
num_cat=0
split_feature=9 10 31 32 11
split_gain=1.59606 2.39869 1.35884 1.95635 2.26214
threshold=5021.9224609375005 -0.012994545433481939 -0.35353985681262218 -0.21116054579489379 3371.8289990234375
decision_type=2 2 2 2 2
left_child=1 -1 -3 4 -4
right_child=-2 2 3 -5 -6
leaf_value=-0.026400263045287697 0.024484736069158911 -0.022593106341530195 0.011320548206774271 0.023449408036199326 -0.011095774435568766
leaf_weight=8.953126981854437 6.0748743265867224 5.414220616221427 20.812671422958374 10.185615584254263 24.506928011775017
leaf_count=32 19 19 65 31 84
internal_value=-9.76085e-05 -0.00223485 0.00131666 0.00364892 -0.000801254
internal_weight=75.9474 69.8726 60.9194 55.5052 45.3196
internal_count=250 231 199 180 149
is_linear=0
shrinkage=0.05


Tree=115
num_leaves=10
num_cat=0
split_feature=16 4 1 23 17 29 32 11 5
split_gain=1.08266 1.16906 0.901503 1.88984 1.34245 2.36253 0.403085 1.24205e-05 2.89518e-06
threshold=0.024914742219005224 0.0077522434963797323 0.010167311406912962 0.0085765641708744917 0.0025335113475300187 0.0044184144934866785 -0.63862346537398296 4807.7500048828133 0.018568455083414433
decision_type=2 2 2 2 2 2 2 2 2
left_child=1 -1 3 6 -4 -6 -3 8 -2
right_child=7 2 4 -5 5 -7 -8 -9 -10
leaf_value=-0.035669024703729776 -0.034046021597072533 -0.0022065689890062657 0.035818194277129109 0.037149567473847817 -0.035707210330121725 0.041600791331814845 -0.035569771138593997 -0.034232707353570251 -0.033905975260345271
leaf_weight=1.6779596526175797 0.61959250643849306 1.3254325482994311 4.9404089190065843 1.7293067593127487 2.3370414413511753 1.7123444266617296 2.8562144991010423 0.58934301696717728 0.91259013023227453
leaf_count=24 21 15 39 11 30 12 43 17 38
internal_value=-0.000406267 0.00389744 0.00835298 -0.00681388 0.0183255 -0.00301635 -0.0249948 -0.0340376 -0.0339626
internal_weight=18.7002 16.5787 14.9007 5.91095 8.98979 4.04939 4.18165 2.12153 1.53218
internal_count=250 174 150 69 81 42 58 76 59
is_linear=0
shrinkage=0.05


Tree=116
num_leaves=9
num_cat=0
split_feature=0 33 16 19 13 21 23 33
split_gain=1.07885 1.31449 1.56799 2.28673 2.28575 1.31291 2.68913 1.67336
threshold=-0.00033551514938506827 0.90500000000000014 0.016333922162544087 -0.011298954547856009 69.356509379705543 0.0027557726860134584 -0.0019425690332788845 0.62500000000000011
decision_type=2 2 2 2 2 2 2 2
left_child=5 2 3 -2 -4 6 -1 -7
right_child=1 -3 4 -5 -6 7 -8 -9
leaf_value=0.035759850589461288 0.012632553285777108 -0.02145463011709705 -0.0052841972769336618 -0.023908587260775042 0.029699073686977051 -0.022320586381254337 -0.0016500056187696993 0.012898515280850118
leaf_weight=8.8662397265434265 6.6680101901292828 9.3428741693496686 11.009532719850542 11.962349489331244 8.10793389379978 6.7908795326948148 10.484015822410583 6.7004068344831467
leaf_count=30 21 28 34 36 26 21 33 21
internal_value=0.000187789 -0.00466324 -0.000507242 -0.0108301 0.0095526 0.00714356 0.0154911 -0.00482913
internal_weight=79.9322 47.0907 37.7478 18.6304 19.1175 32.8415 19.3503 13.4913
internal_count=250 145 117 57 60 105 63 42
is_linear=0
shrinkage=0.05


Tree=117
num_leaves=8
num_cat=0
split_feature=9 10 5 11 1 31 2
split_gain=1.47599 2.26858 1.31493 1.55165 2.76403 2.00314 1.48679
threshold=5021.9224609375005 -0.012994545433481939 0.018250028000697454 3371.8289990234375 0.034107337487687135 0.41295385483039171 0.014656431304753139
decision_type=2 2 2 2 2 2 2
left_child=1 -1 3 5 -5 -3 -4
right_child=-2 2 6 4 -6 -7 -8
leaf_value=-0.025808160898712618 0.023588329452715301 0.027016390888653253 -0.0061025702579062049 -0.023322770057283077 0.01110454466180478 -0.0061947437069216496 0.025012940466700093
leaf_weight=8.8465262204408628 6.0526582300662986 7.8398595303297069 6.1295927166938808 16.547041624784473 9.0017213225364667 10.787822157144545 10.274233430624006
leaf_count=32 19 24 20 62 29 34 30
internal_value=-9.19968e-05 -0.00215646 0.0012974 -0.00319143 -0.0111928 0.00778287 0.0133861
internal_weight=75.4795 69.4268 60.5803 44.1764 25.5488 18.6277 16.4038
internal_count=250 231 199 149 91 58 50
is_linear=0
shrinkage=0.05


Tree=118
num_leaves=10
num_cat=0
split_feature=7 9 0 17 21 6 7 32 16
split_gain=1.07438 1.0924 1.08944 2.16904 1.99832 1.68433 0.000643526 0.000272797 0.000199765
threshold=3347.7400024414069 4797.8700439453132 0.0027414873563184066 0.0010131506301241267 0.00096570780090388119 0.96164996537233516 3731.3650390625003 -0.46867477490732357 0.024157688573911984
decision_type=2 2 2 2 2 2 2 2 2
left_child=7 2 3 4 -2 -4 -7 -1 -3
right_child=1 8 5 -5 -6 6 -8 -9 -10
leaf_value=-0.03426275404761412 -0.035972362037075087 -0.035204440517492601 0.016154335185885289 0.061704911726561777 0.024284663573682624 -0.03646303653259441 -0.034950318365840581 -0.035454532438253548 -0.034106023926553437
leaf_weight=1.2581403572112324 2.0441790986806172 0.87099267914891132 3.4260639566928139 2.2637729961425066 4.2087779361754656 1.1864354833960535 1.7256234176456926 0.77651838958263653 0.788792978040874
leaf_count=38 30 13 37 13 33 13 33 13 27
internal_value=-0.000435029 0.0037887 0.00808721 0.0197682 0.0045858 -0.00760893 -0.0355666 -0.0347176 -0.0346824
internal_weight=18.5493 16.5146 14.8549 8.51673 6.25296 6.33812 2.91206 2.03466 1.65979
internal_count=250 199 159 76 63 83 46 51 40
is_linear=0
shrinkage=0.05


Tree=119
num_leaves=8
num_cat=0
split_feature=16 16 0 20 1 31 14
split_gain=1.11027 1.89298 1.26641 2.11717 2.05773 1.94788 1.79517
threshold=0.010795918249056959 0.012555804180735533 0.0005742204483144554 -0.097113893139754923 0.022232332119969115 0.16553909846338141 0.62733553867538661
decision_type=2 2 2 2 2 2 2
left_child=-1 -2 4 -4 6 -5 -3
right_child=1 2 3 5 -6 -7 -8
leaf_value=0.018140024755724907 -0.029390160105947291 0.010605593701396489 -0.032594302529607572 -0.011081292691988862 0.032699472818255852 0.015058020423389794 -0.018845198964851637
leaf_weight=7.7710936814546576 5.7044933587312689 16.282052055001266 6.1014482229948035 17.158918291330341 6.6485534459352484 12.190574899315832 7.584637537598609
leaf_count=24 18 53 19 54 22 37 23
internal_value=0.000188986 -0.00175741 0.000632165 -0.00579532 0.00809926 -0.000224095 0.00124637
internal_weight=79.4418 71.6707 65.9662 35.4509 30.5152 29.3495 23.8667
internal_count=250 226 208 110 98 91 76
is_linear=0
shrinkage=0.05


Tree=120
num_leaves=8
num_cat=0
split_feature=9 10 32 20 32 31 22
split_gain=1.38842 2.15092 1.27218 2.05614 2.0535 2.50292 1.88029
threshold=5021.9224609375005 -0.012994545433481939 -0.23987117030361244 -0.0099799048861317612 -0.52354147888310276 0.13475311037919338 -0.0024115571994817171
decision_type=2 2 2 2 2 2 2
left_child=1 -1 4 -4 6 -6 -3
right_child=-2 2 3 -5 5 -7 -8
leaf_value=-0.025267458028815921 0.022954674355333732 0.019757613253198063 -0.007177522018023106 0.028547451507373884 -0.0012456825365690944 -0.03818018234838369 -0.0080557068300337927
leaf_weight=8.7390332967042905 6.0185441970825186 12.752836838364599 7.0799577087163952 9.3421771675348264 12.075327709317213 7.3966342508792868 11.607289135456083
leaf_count=32 19 39 23 29 43 26 39
internal_value=-7.68787e-05 -0.00208601 0.00127614 0.0131456 -0.00317088 -0.0152756 0.00650492
internal_weight=75.0118 68.9933 60.2542 16.4221 43.8321 19.472 24.3601
internal_count=250 231 199 52 147 69 78
is_linear=0
shrinkage=0.05


Tree=121
num_leaves=11
num_cat=0
split_feature=7 9 0 17 29 6 31 32 16 19
split_gain=1.02189 1.03125 1.01371 1.89709 1.63981 1.74602 1.51818 0.000238766 0.000174259 0.000131439
threshold=3347.7400024414069 4797.8700439453132 0.0027414873563184066 0.0010131506301241267 0.0033149998586834433 0.95681301092140703 0.41295385483039171 -0.46867477490732357 0.024157688573911984 0.0072025035381595446
decision_type=2 2 2 2 2 2 2 2 2 2
left_child=7 2 3 6 9 -6 -2 -1 -3 -4
right_child=1 8 4 -5 5 -7 -8 -9 -10 -11
leaf_value=-0.034230134827534085 -0.013883281938483436 -0.035126370090895684 -0.035878639468095809 0.057338231180380929 0.056664658411994751 -0.015319073941839826 0.037685296538140983 -0.035366797462308273 -0.034080886332301046 -0.035194602552750857
leaf_weight=1.2129378020763395 4.014552930369975 0.83825213648378738 1.2285878658294671 2.329693965613842 1.4813215509057047 1.9531006999313829 2.2145246602594852 0.7462587077170636 0.75985864456743002 1.639324029907584
leaf_count=38 52 13 15 13 14 26 11 13 27 28
internal_value=-0.000527156 0.00353616 0.00764034 0.0188462 -0.00757759 0.0157287 0.00445007 -0.0346631 -0.0346293 -0.0354876
internal_weight=18.4184 16.4592 14.8611 8.55877 6.30233 3.43442 6.22908 1.9592 1.59811 2.86791
internal_count=250 199 159 76 83 40 63 51 40 43
is_linear=0
shrinkage=0.05


Tree=122
num_leaves=7
num_cat=0
split_feature=18 16 29 7 21 22
split_gain=1.08332 2.04404 2.1508 1.96973 2.63212 1.64346
threshold=0.85043777353026295 0.034983122722560316 -0.0065532410594466564 3334.7049926757818 -0.00061647896028110816 -0.0038781620359074616
decision_type=2 2 2 2 2 2
left_child=1 2 -1 -4 -5 -2
right_child=5 -3 3 4 -6 -7
leaf_value=-0.029312720647159729 -0.030415180096449824 0.030025944522992006 0.027052445023075029 0.01376312596905485 -0.010997742966820047 0.0025882918678184989
leaf_weight=5.6093818545341483 6.6597142219543448 6.3340490013360968 7.459102898836135 18.343556016683575 25.868524104356769 8.6994628906249982
leaf_count=19 20 20 25 57 82 27
internal_value=0.000195966 0.00307344 9.30511e-05 0.00328532 -0.000724479 -0.011722
internal_weight=78.9738 63.6146 57.2806 51.6712 44.2121 15.3592
internal_count=250 203 183 164 139 47
is_linear=0
shrinkage=0.05


Tree=123
num_leaves=6
num_cat=0
split_feature=9 10 31 32 11
split_gain=1.27185 1.98155 1.22366 1.69543 1.96346
threshold=5021.9224609375005 -0.012994545433481939 -0.35353985681262218 -0.21116054579489379 3371.8289990234375
decision_type=2 2 2 2 2
left_child=1 -1 -3 4 -4
right_child=-2 2 3 -5 -6
leaf_value=-0.024415280673890802 0.022038629070889961 -0.021759241978134509 0.010588588131627354 0.02192391193059454 -0.010449585535466967
leaf_weight=8.6127897351980192 5.9887344092130652 5.2790672779083243 20.590437442064285 10.120563417673109 24.037169605493546
leaf_count=32 19 19 65 31 84
internal_value=-5.95098e-05 -0.00198754 0.00123043 0.00344719 -0.000742921
internal_weight=74.6288 68.64 60.0272 54.7482 44.6276
internal_count=250 231 199 180 149
is_linear=0
shrinkage=0.05


Tree=124
num_leaves=9
num_cat=0
split_feature=7 16 17 22 29 17 32 33
split_gain=0.97249 0.97232 0.997859 1.99377 1.17433 0.425497 0.000221226 8.11513e-06
threshold=3347.7400024414069 0.024914742219005224 -0.0065871925413131622 -0.0012629562516405788 0.0044184144934866785 0.0080230677748215993 -0.46867477490732357 0.80500000000000016
decision_type=2 2 2 2 2 2 2 2
left_child=6 2 -2 4 -4 -5 -1 -3
right_child=1 7 3 5 -6 -7 -8 -9
leaf_value=-0.034194452147027168 0.037464424120271358 -0.034100871212477013 0.0028049672732556293 -0.035415885095661133 0.043057190121792877 -0.0015043973986839346 -0.035309836805085336 -0.033867840541875492
leaf_weight=1.1652070749551056 2.3116333782672926 0.96908947639167198 5.3362502586096543 3.1005616672336993 2.7435535378754139 1.3182917982339857 0.71879342198372143 0.60799646470695734
leaf_count=38 15 32 46 46 17 16 13 27
internal_value=-0.000599466 0.00331176 0.00728611 0.00170461 0.0164729 -0.025299 -0.03462 -0.034011
internal_weight=18.2714 16.3874 14.8103 12.4987 8.0798 4.41885 1.884 1.57709
internal_count=250 199 140 125 63 62 51 59
is_linear=0
shrinkage=0.05


Tree=125
num_leaves=9
num_cat=0
split_feature=0 33 0 18 34 21 23 33
split_gain=1.06647 1.24171 1.46135 1.5075 1.51577 1.17805 2.4609 1.42121
threshold=-0.00033551514938506827 0.90500000000000014 0.003342924397658154 0.59748552426147894 1.3244336664654595 0.0027557726860134584 -0.0019425690332788845 0.62500000000000011
decision_type=2 2 2 2 2 2 2 2
left_child=5 2 -2 4 -4 6 -1 -7
right_child=1 -3 3 -5 -6 7 -8 -9
leaf_value=0.034879105469127723 -0.017474371527515475 -0.021052168613737612 0.00064475456853665567 -0.010330933995052628 0.030055366234415393 -0.020424790569873511 -0.0012892979684169875 0.012320821550410994
leaf_weight=8.6334984600543976 9.5143480002880079 9.2479012310504896 9.6401544362306648 9.9383336007595044 8.0301836282014829 6.7089835405349714 10.330323711037636 6.5471441596746445
leaf_count=30 28 28 31 31 27 21 33 21
internal_value=0.000195878 -0.00465922 -0.000575489 0.00524811 0.0140102 0.00718333 0.0151768 -0.00425187
internal_weight=78.5909 46.3709 37.123 27.6087 17.6703 32.2199 18.9638 13.2561
internal_count=250 145 117 89 58 105 63 42
is_linear=0
shrinkage=0.05


Tree=126
num_leaves=8
num_cat=0
split_feature=9 10 5 16 11 1 31
split_gain=1.1685 1.87864 1.18844 1.36373 1.30327 2.6272 1.88188
threshold=5021.9224609375005 -0.012994545433481939 0.018250028000697454 0.027226041635421278 3371.8289990234375 0.034107337487687135 0.41295385483039171
decision_type=2 2 2 2 2 2 2
left_child=1 -1 4 -4 6 -6 -3
right_child=-2 2 3 -5 5 -7 -8
leaf_value=-0.023891305838418902 0.021183916455990069 0.025775970867216849 0.025198304543045103 -0.0041672610700168892 -0.022565198504018204 0.011233805021859743 -0.0065637705590716015
leaf_weight=8.5059745609760267 5.9573188722133628 7.7466196268796947 9.3525243550539034 6.8487755805253974 16.116710394620899 8.937953054904936 10.728201642632483
leaf_count=32 19 24 29 21 62 29 34
internal_value=-5.26017e-05 -0.00190663 0.00122411 0.0127846 -0.00307861 -0.0105078 0.00699651
internal_weight=74.1941 68.2368 59.7308 16.2013 43.5295 25.0547 18.4748
internal_count=250 231 199 50 149 91 58
is_linear=0
shrinkage=0.05


Tree=127
num_leaves=10
num_cat=0
split_feature=7 16 16 1 33 2 15 16 32
split_gain=0.934748 0.951366 1.63341 1.22968 1.04737 0.844613 0.492933 0.000766755 0.000212816
threshold=3347.7400024414069 0.017851990527882125 0.01394624661794828 0.039865672502344414 0.39500000000000007 0.023597331378814815 0.015981468989435563 0.024448986849443296 -0.46867477490732357
decision_type=2 2 2 2 2 2 2 2 2
left_child=8 2 4 6 -2 -4 -3 -8 -1
right_child=1 3 5 -5 -6 -7 7 -9 -10
leaf_value=-0.034160948457443385 -0.03608443999602283 0.0070723967252031492 0.046916130543788653 0.026573086149677634 0.011598509302958184 0.0089177057729692838 -0.035570374533422516 -0.033975562002419447 -0.035271906449273152
leaf_weight=1.122750832699239 2.110823832452299 0.8697289414703836 3.2048622388392687 1.4564507175236938 2.5343069992959499 2.6897557936608791 2.3305831458419566 1.1138649582862852 0.69972314871847885
leaf_count=38 26 10 21 23 23 19 33 44 13
internal_value=-0.000626089 0.00316866 0.0121039 -0.0131512 -0.0100694 0.0295772 -0.0265619 -0.0350546 -0.0345875
internal_weight=18.1329 16.3104 10.5397 5.77063 4.64513 5.89462 4.31418 3.44445 1.82247
internal_count=250 199 89 110 49 40 87 77 51
is_linear=0
shrinkage=0.05


Tree=128
num_leaves=8
num_cat=0
split_feature=16 16 0 1 17 31 14
split_gain=1.07383 1.7461 1.24112 1.87547 1.85109 2.07936 1.64675
threshold=0.010795918249056959 0.012555804180735533 0.0005742204483144554 0.022232332119969115 0.0042940089050529772 0.16553909846338141 0.62733553867538661
decision_type=2 2 2 2 2 2 2
left_child=-1 -2 3 6 -4 -6 -3
right_child=1 2 4 -5 5 -7 -8
leaf_value=0.017961813449021435 -0.028551002367598173 0.010541583457029092 -0.029596462142860824 0.031812402743136736 -0.011317376375300461 0.016358639539513924 -0.017876276580472129
leaf_weight=7.6698579788207999 5.5904069244861594 15.939769268035894 6.6367481946945182 6.4974820017814627 16.979854181408886 11.305493354797362 7.4947984665632239
leaf_count=24 18 53 21 22 54 35 23
internal_value=0.000195297 -0.00173909 0.000572094 0.00804328 -0.00583153 -0.000255429 0.00145304
internal_weight=78.1144 70.4446 64.8541 29.932 34.9221 28.2853 23.4346
internal_count=250 226 208 98 110 89 76
is_linear=0
shrinkage=0.05


Tree=129
num_leaves=8
num_cat=0
split_feature=9 10 32 23 24 32 11
split_gain=1.10645 1.77837 1.15659 1.89449 1.87404 1.84052 1.79155
threshold=5021.9224609375005 -0.012994545433481939 -0.23987117030361244 -1.0000000180025095e-35 0.005796248179469444 -0.66094074463145314 3352.0919995117192
decision_type=2 2 2 2 2 2 2
left_child=1 -1 4 -4 6 -6 -3
right_child=-2 2 3 -5 5 -7 -8
leaf_value=-0.023359612025832161 0.020690829720251783 0.019263382126656577 -0.0099354784611941777 0.025473571848241967 0.00048110012621684246 -0.038438393980290184 -0.0057000571165467043
leaf_weight=8.4141521453857404 5.9216584563255301 11.343710318207743 5.9491628855466869 10.348154813051222 5.8545720875263214 6.3135530501604062 19.614995807409286
leaf_count=32 19 36 20 32 19 22 70
internal_value=-3.64045e-05 -0.0018457 0.00120056 0.0125479 -0.00308751 -0.0197127 0.0034469
internal_weight=73.76 67.8383 59.4241 16.2973 43.1268 12.1681 30.9587
internal_count=250 231 199 52 147 41 106
is_linear=0
shrinkage=0.05


Tree=130
num_leaves=9
num_cat=0
split_feature=16 4 21 31 0 32 33 22
split_gain=0.902393 1.05442 0.764277 1.37988 1.52636 0.933707 8.74721e-06 7.2919e-07
threshold=0.024914742219005224 0.0077522434963797323 0.0041349393947776045 0.17517932590980126 0.0005742204483144554 -0.71600739829036653 0.80500000000000016 0.0033177758749288748
decision_type=2 2 2 2 2 2 2 2
left_child=1 -1 3 4 -3 -5 -2 -8
right_child=6 2 -4 5 -6 -7 7 -9
leaf_value=-0.03570052657126873 -0.034053698735418941 -0.016543031451754422 0.034344459317758237 0.0095890278976430553 0.031376876120315422 -0.035690795701226338 -0.033874612229655356 -0.033782849422811727
leaf_weight=1.5832473915070355 0.95078102499246486 2.4652157723903638 2.2101831845939151 1.8383883852511642 5.0986475925892591 2.9906352441757917 0.503665367141366 0.37970784213393927
leaf_count=24 34 34 13 20 42 41 22 20
internal_value=-0.000709982 0.00305644 0.00725842 0.00242782 0.0157588 -0.018453 -0.0339484 -0.0338352
internal_weight=18.0205 16.1863 14.6031 12.3929 7.56386 4.82902 1.83415 0.883373
internal_count=250 174 150 137 76 61 76 42
is_linear=0
shrinkage=0.05


Tree=131
num_leaves=9
num_cat=0
split_feature=19 22 27 28 5 20 18 0
split_gain=1.06493 1.28946 1.28867 1.65029 1.61697 1.1791 1.43118 0.899435
threshold=-0.054805799949304061 0.00085918318370781243 -0.0081993809289979663 0.042903524122921984 0.012180704607723391 0.029782552562043322 0.12958122386108403 0.0005742204483144554
decision_type=2 2 2 2 2 2 2 2
left_child=1 -1 4 5 -2 6 -4 -7
right_child=2 -3 3 -5 -6 7 -8 -9
leaf_value=-0.00034617487885180718 0.0015267863920490647 0.029296993701851754 0.01186592153678769 -0.01529103137052684 -0.029161727211531503 0.034233478013149403 -0.013488843378783337 0.0069787048239793471
leaf_weight=8.7072787284851056 8.3061128407716769 6.3396323770284644 12.171741381287577 10.831377163529394 8.882365867495535 5.6378981024026853 10.254728406667708 6.536817729473114
leaf_count=27 27 24 38 34 29 20 31 20
internal_value=0.000199302 0.0121432 -0.00267064 0.00174115 -0.0143319 0.00707282 0.000272201 0.0195999
internal_weight=77.668 15.0469 62.621 45.4326 17.1885 34.6012 22.4265 12.1747
internal_count=250 51 199 143 56 109 69 40
is_linear=0
shrinkage=0.05


Tree=132
num_leaves=6
num_cat=0
split_feature=1 8 8 3 3
split_gain=1.08158 1.9045 1.21532 1.6706 1.76759
threshold=-0.03564531815114768 -0.013484873565105714 -0.0077773771284512004 0.10475743092017532 0.076243057432610964
decision_type=2 2 2 2 2
left_child=-1 -2 -3 4 -4
right_child=1 2 3 -5 -6
leaf_value=0.019672475767035565 -0.028045480417053733 0.023376995851196878 -1.2281238979585408e-05 0.021052079996183044 -0.024098828128189087
leaf_weight=6.357972875237464 6.3118803650140753 5.4331838339567176 38.524563975632191 7.2004244476556769 9.4938466623425466
leaf_count=21 23 17 131 23 35
internal_value=-3.56092e-05 -0.00190682 0.000813357 -0.00140676 -0.0047745
internal_weight=73.3219 66.9639 60.652 55.2188 48.0184
internal_count=250 229 206 189 166
is_linear=0
shrinkage=0.05


Tree=133
num_leaves=9
num_cat=0
split_feature=16 34 18 30 4 1 33 22
split_gain=0.873333 0.827985 1.57128 1.03682 1.3716 1.29848 7.9516e-06 6.9405e-07
threshold=0.024914742219005224 2.4078008602523187 0.39285680336203138 0.0067993525455957169 0.012470654677532382 0.010167311406912962 0.80500000000000016 0.0033177758749288748
decision_type=2 2 2 2 2 2 2 2
left_child=1 2 3 5 -5 -1 -2 -8
right_child=6 -3 -4 4 -6 -7 7 -9
leaf_value=-0.0066495762947698205 -0.034032813918642754 0.035063770224905359 -0.035694736626326183 -0.035973216521418626 0.016814935328211916 0.0380660955973963 -0.033860144759840803 -0.033769228651943525
leaf_weight=2.7543025091290527 0.91989212855696567 1.7903162408620108 2.6575319785624734 2.549744913354516 2.3783451691269875 3.9544224161654711 0.48920879419893026 0.3676941180601716
leaf_count=36 34 13 38 32 26 29 22 20
internal_value=-0.00066562 0.00300902 -0.00100573 0.0069163 -0.0104971 0.0197078 -0.0339307 -0.0338211
internal_weight=17.8615 16.0847 14.2943 11.6368 4.92809 6.70872 1.7768 0.856903
internal_count=250 174 161 123 58 65 76 42
is_linear=0
shrinkage=0.05


Tree=134
num_leaves=9
num_cat=0
split_feature=0 33 16 2 13 18 13 32
split_gain=0.993623 1.18061 1.41024 2.06026 1.88943 1.11873 1.4628 1.36451
threshold=-0.00033551514938506827 0.90500000000000014 0.016333922162544087 0.033333027154259794 69.356509379705543 0.1356182751407122 56.33644635439115 -0.4979904519187574
decision_type=2 2 2 2 2 2 2 2
left_child=5 2 3 -2 -4 6 -1 -7
right_child=1 -3 4 -5 -6 7 -8 -9
leaf_value=0.03053594930405092 0.00369417031238821 -0.020594637441741594 -0.0044912356747036381 -0.030643867200880821 0.027864783803214367 -0.021856578653400374 0.00055560543738115368 0.0089830787286242567
leaf_weight=8.4609687179327064 10.604022100567819 9.1423623114824277 10.661118179559709 7.4283732771873465 7.8224460631608954 5.7830979973077765 7.8374942392110816 9.443958103656767
leaf_count=29 34 28 34 23 26 19 25 32
internal_value=0.000187861 -0.00452613 -0.000503118 -0.0104512 0.00920218 0.00701512 0.0161192 -0.00272954
internal_weight=77.1838 45.6583 36.516 18.0324 18.4836 31.5255 16.2985 15.2271
internal_count=250 145 117 57 60 105 54 51
is_linear=0
shrinkage=0.05


Tree=135
num_leaves=7
num_cat=0
split_feature=9 10 31 32 22 3
split_gain=1.02626 1.64344 1.11117 1.55923 1.71097 1.19555
threshold=5021.9224609375005 -0.012994545433481939 -0.35353985681262218 -0.25120341139519403 -0.0024115571994817171 -0.0052678255109624974
decision_type=2 2 2 2 2 2
left_child=1 -1 -3 4 -4 -5
right_child=-2 2 3 5 -6 -7
leaf_value=-0.022696788919724577 0.020036265325561964 -0.021096701967707274 0.0093294139230886402 0.0021888447228535991 -0.011449921477838503 0.031552289322674086
leaf_weight=8.2498852238059026 5.8513887822628012 5.1316805928945533 18.531733244657509 6.5756371766328812 21.28454718738795 7.3315886706113798
leaf_count=32 19 19 58 21 78 23
internal_value=-4.60849e-05 -0.00179721 0.00113233 0.00325566 -0.00177857 0.0176686
internal_weight=72.9565 67.1051 58.8552 53.7235 39.8163 13.9072
internal_count=250 231 199 180 136 44
is_linear=0
shrinkage=0.05


Tree=136
num_leaves=8
num_cat=0
split_feature=7 32 20 34 18 16 21
split_gain=0.867514 0.840142 1.08219 1.01901 1.64254 0.000235452 0.000142898
threshold=3347.7400024414069 -0.67209188520824192 0.078246208741906256 2.4078008602523187 -0.82191195877479717 0.018572106312976119 0.0029543841542430953
decision_type=2 2 2 2 2 2 2
left_child=6 -2 3 4 -3 -4 -1
right_child=1 2 5 -5 -6 -7 -8
leaf_value=-0.034088006110260242 0.025870740771443197 0.032789405151421459 -0.035320597146691668 0.039925938619937061 -0.015675484226224858 -0.034280437097123688 -0.035015171716183881
leaf_weight=0.99270671233535057 3.2135825231671378 2.3811954986304054 1.1298815980553638 1.6536831930279721 6.5769141940399942 1.0493128579109905 0.71482339780777693
leaf_count=35 21 19 16 12 97 34 16
internal_value=-0.000598674 0.00301572 -0.00272633 0.00386424 -0.00279281 -0.0348197 -0.0344761
internal_weight=17.7121 16.0046 12.791 10.6118 8.95811 2.17919 1.70753
internal_count=250 199 178 128 116 50 51
is_linear=0
shrinkage=0.05


Tree=137
num_leaves=8
num_cat=0
split_feature=19 22 27 19 28 21 21
split_gain=1.01537 1.22661 1.20169 1.5008 1.4816 1.0941 1.76646
threshold=-0.054805799949304061 0.00085918318370781243 -0.0081993809289979663 0.02074166080827811 0.042903524122921984 0.0035495773375714417 -0.00061647896028110816
decision_type=2 2 2 2 2 2 2
left_child=1 -1 3 -2 5 6 -4
right_child=2 -3 4 -5 -6 -7 -8
leaf_value=-0.00029094670595990494 -0.025225451372263327 0.028809496932506895 0.017063423491493961 0.0056776698965249313 -0.014575445225793023 0.024848636790773839 -0.0085675431656352004
leaf_weight=8.6343462914228422 10.789817556738855 6.2368312776088706 11.682568565011023 6.178504765033721 10.719981193542479 6.6983217597007743 15.832269772887232
leaf_count=27 35 24 37 21 34 22 50
internal_value=0.000181913 0.0119135 -0.00263648 -0.013973 0.00164459 0.0067268 0.00231515
internal_weight=76.7726 14.8712 61.9015 16.9683 44.9331 34.2132 27.5148
internal_count=250 51 199 56 143 109 87
is_linear=0
shrinkage=0.05


Tree=138
num_leaves=8
num_cat=0
split_feature=1 8 1 20 11 8 11
split_gain=1.01907 1.75375 1.15425 2.67576 2.30002 2.96381 1.52874
threshold=-0.03564531815114768 -0.013484873565105714 0.01344173506750468 -0.047054593386037839 3352.0919995117192 0.02587749634575006 3335.248999023438
decision_type=2 2 2 2 2 2 2
left_child=-1 -2 3 -3 -4 -6 -5
right_child=1 2 4 6 5 -7 -8
leaf_value=0.019155860804456384 -0.02722327393301828 0.032064383067592704 0.018271862300331062 -0.023714172346142589 -0.02887968871121618 0.0041071257280660325 0.0084142871147951884
leaf_weight=6.3097360283136359 6.1856666505336753 8.3479102104902285 8.1391831487417203 5.6687642782926586 13.321244969964029 13.92996872961521 10.674318030476568
leaf_count=21 23 27 26 19 50 47 37
internal_value=-4.48022e-05 -0.00187303 0.000736902 0.00903395 -0.00505174 -0.0120179 -0.0027298
internal_weight=72.5768 66.2671 60.0814 24.691 35.3904 27.2512 16.3431
internal_count=250 229 206 83 123 97 56
is_linear=0
shrinkage=0.05


Tree=139
num_leaves=10
num_cat=0
split_feature=7 16 16 1 8 33 34 16 21
split_gain=0.833274 0.828527 1.45456 1.11635 0.915349 0.913457 0.486052 0.000430027 0.000120831
threshold=3347.7400024414069 0.017851990527882125 0.01394624661794828 0.039865672502344414 0.011250404497018125 0.39500000000000007 -0.57977213439063591 0.022066818937779585 0.0029543841542430953
decision_type=2 2 2 2 2 2 2 2 2
left_child=8 2 5 6 -4 -2 -3 -8 -1
right_child=1 3 4 -5 -6 -7 7 -9 -10
leaf_value=-0.034065813893695202 -0.035842472551524125 0.0082150645749341604 0.046171732415248419 0.024721452477942277 0.0067701256246778807 0.0096126473606436644 -0.035428143608165846 -0.034259763631912528 -0.034934206913738657
leaf_weight=0.96266931667924172 1.9610721804201583 0.81700127199292127 3.1129834614694118 1.461275504902005 2.7996388264000416 2.5326522961258888 1.8882512003183363 1.3509843768551943 0.6860534381121397
leaf_count=35 26 12 19 23 21 23 28 47 16
internal_value=-0.000589802 0.00291365 0.0112183 -0.0127494 0.027515 -0.0102241 -0.0262484 -0.0349408 -0.0344272
internal_weight=17.5726 15.9239 10.4063 5.51751 5.91262 4.49372 4.05624 3.23924 1.64872
internal_count=250 199 89 110 40 49 87 75 51
is_linear=0
shrinkage=0.05


Tree=140
num_leaves=6
num_cat=0
split_feature=16 16 20 30 22
split_gain=0.970979 1.63714 1.18268 2.50076 2.31487
threshold=0.010795918249056959 0.012555804180735533 -0.10113077917364348 0.012121920221580431 -0.0067090732066747419
decision_type=2 2 2 2 2
left_child=-1 -2 -3 4 -4
right_child=1 2 3 -5 -6
leaf_value=0.017220063516133977 -0.027997163122772291 -0.013693786968259451 -0.022354086692547823 0.033700777428761847 0.0055409705260990221
leaf_weight=7.5337884277105323 5.4448688626289359 11.81804984807968 9.3720090240240079 6.1731919646263114 36.026125177741051
leaf_count=24 18 39 29 20 120
internal_value=0.000178294 -0.0016869 0.000573038 0.00384241 -0.000217696
internal_weight=76.368 68.8342 63.3894 51.5713 45.3981
internal_count=250 226 208 169 149
is_linear=0
shrinkage=0.05


Tree=141
num_leaves=10
num_cat=0
split_feature=0 22 23 1 27 6 27 1 16
split_gain=0.994264 1.66388 1.82787 1.41414 1.32621 1.59339 1.07133 0.962051 0.898862
threshold=-0.00033551514938506827 0.0065591886787134132 -1.0000000180025095e-35 -0.016868635283571628 0.006402940619530507 0.77593117613902551 -0.0073145777874613618 0.01857427860085992 0.020805399854652015
decision_type=2 2 2 2 2 2 2 2 2
left_child=1 2 8 -2 5 -5 -7 -6 -1
right_child=3 -3 -4 4 7 6 -8 -9 -10
leaf_value=-0.030849288308376147 0.026215421332283217 -0.030515759529255473 0.012612813893264081 0.015450059607987097 0.029832027206406854 -0.0022881793607070632 -0.027632397759022976 0.0028533805108301585 -0.0021717234808194086
leaf_weight=5.1867329478263908 6.5162060856819144 6.0620103180408469 11.805531546473501 6.059160232543948 5.299546167254447 8.6665150821208972 8.0360838025808317 8.7774833589792234 5.7744878083467484
leaf_count=21 20 26 39 19 18 31 27 30 19
internal_value=-4.07171e-05 -0.00723699 -0.00103865 0.00474442 0.000946537 -0.0065141 -0.014482 0.01301 -0.0157416
internal_weight=72.1838 28.8288 22.7668 43.355 36.8388 22.7618 16.7026 14.077 10.9612
internal_count=250 105 79 145 125 77 58 48 40
is_linear=0
shrinkage=0.05


Tree=142
num_leaves=8
num_cat=0
split_feature=27 27 15 20 28 28 16
split_gain=0.822888 1.18852 1.80953 1.16289 1.10274 0.668525 0.000541131
threshold=-0.019963929817554734 -0.015419140363013171 0.01967247212534011 0.029782552562043322 -1.0000000180025095e-35 0.10810045619594301 0.024448986849443296
decision_type=2 2 2 2 2 2 2
left_child=-1 -2 3 4 -3 6 -4
right_child=1 2 5 -5 -6 -7 -8
leaf_value=-0.035022339610928356 0.043246179708561164 -0.0046049523979063561 -0.035157805599506264 -0.020571485249915207 0.036017733011035259 0.014925414657145711 -0.033828176946768457
leaf_weight=1.5788256190717245 1.6317763458937413 2.664127092808485 3.0324401147663602 2.2186848139390349 4.4798055347055143 0.81022887211292971 1.0234778737649319
leaf_count=33 15 29 53 28 29 12 51
internal_value=-0.000597888 0.00282887 -0.00180625 0.0110485 0.0208687 -0.0265391 -0.0348223
internal_weight=17.4394 15.8605 14.2288 9.36262 7.14393 4.86615 4.05592
internal_count=250 217 202 86 58 116 104
is_linear=0
shrinkage=0.05


Tree=143
num_leaves=9
num_cat=0
split_feature=19 27 5 28 31 20 22 0
split_gain=0.976542 1.13791 1.45859 1.34877 1.11836 1.01059 1.34945 0.853836
threshold=-0.054805799949304061 -0.0081993809289979663 0.012180704607723391 0.042903524122921984 -0.12784627009344193 0.029782552562043322 -0.0081105640461955324 0.0005742204483144554
decision_type=2 2 2 2 2 2 2 2
left_child=4 2 -2 5 -1 6 -3 -7
right_child=1 3 -4 -5 -6 7 -8 -9
leaf_value=0.027746862122237755 0.0015147879380894807 0.019981066767229213 -0.027995636836364846 -0.013966981781506061 -0.0001471950506116456 0.032784611789049664 -0.0076000063698489356 0.0058681205162238745
leaf_weight=6.2674111276864997 8.1203461140394229 6.1572528481483415 8.6447605043649656 10.617673665285109 8.4220282286405546 5.4443562775850278 15.853152900934225 6.4212871193885803
leaf_count=22 27 19 29 34 29 20 50 20
internal_value=0.000175987 -0.00260037 -0.013702 0.00158269 0.0117541 0.00645637 0.000115601 0.0182183
internal_weight=75.9483 61.2588 16.7651 44.4937 14.6894 33.876 22.0104 11.8656
internal_count=250 199 56 143 51 109 69 40
is_linear=0
shrinkage=0.05


Tree=144
num_leaves=6
num_cat=0
split_feature=9 10 12 12 24
split_gain=0.959478 1.49898 1.32455 2.04385 2.19417
threshold=5021.9224609375005 -0.0099782859641256473 0.013048710343382347 0.026800749917009273 0.005796248179469444
decision_type=2 2 2 2 2
left_child=1 -1 -3 -4 -5
right_child=-2 2 3 4 -6
leaf_value=-0.020596604181128908 0.019590311317333062 0.01853224975852551 -0.028720422836881178 0.0099755827778571782 -0.014560575489166609
leaf_weight=9.0888407528400403 5.7291444540023795 9.297393858432768 6.2622468471527091 27.791209198534489 13.556237421929834
leaf_count=35 19 30 23 97 46
internal_value=-3.7217e-05 -0.00174109 0.00127039 -0.00210057 0.00193112
internal_weight=71.7251 65.9959 56.9071 47.6097 41.3474
internal_count=250 231 196 166 143
is_linear=0
shrinkage=0.05


Tree=145
num_leaves=9
num_cat=0
split_feature=16 16 11 31 27 1 12 5
split_gain=0.792058 0.610208 0.926521 0.946171 1.01068 0.83862 9.0886e-06 2.71377e-06
threshold=0.024914742219005224 0.01394624661794828 3347.1900000000005 0.10098806955631572 -0.0098572736172467517 0.01857427860085992 0.026800749917009273 0.018568455083414433
decision_type=2 2 2 2 2 2 2 2
left_child=1 5 -3 4 -4 -1 -2 -8
right_child=6 2 3 -5 -6 -7 7 -9
leaf_value=-0.035391727540456039 -0.034080723067547745 -0.018192304614247489 0.032894591697701106 0.038304758783506337 -0.01268171473561148 0.0067058036763520349 -0.03390548180881655 -0.033751050798238973
leaf_weight=2.1335138864815262 0.46754661574959655 2.3812801223248234 1.916480679064988 3.248337659984827 3.3298693597316733 2.6554525550454855 0.51022456958889939 0.64295089058578014
leaf_count=35 17 38 16 19 41 25 22 37
internal_value=-0.00061997 0.0028227 0.00937105 0.0170978 0.00396721 -0.0120489 -0.0338948 -0.0338194
internal_weight=17.2857 15.6649 10.876 8.49469 5.24635 4.78897 1.62072 1.15318
internal_count=250 174 114 76 57 60 76 59
is_linear=0
shrinkage=0.05


Tree=146
num_leaves=6
num_cat=0
split_feature=5 4 28 2 3
split_gain=0.953982 1.62818 1.27136 2.13437 1.3457
threshold=0.022401748290521776 0.020844425310940221 0.044154480778802359 -0.018338885622767084 0.016398422773980407
decision_type=2 2 2 2 2
left_child=1 2 3 -1 -5
right_child=-2 -3 -4 4 -6
leaf_value=0.035658225191890568 0.014112567079364334 -0.02295744273759287 -0.016116532296733096 -0.012430309484578924 0.0066641162826896186
leaf_weight=4.8438565582036892 10.562778100371359 8.1711666435003263 9.1840543597936612 13.483553498983389 29.23173500597477
leaf_count=18 34 27 30 44 97
internal_value=0.000177351 -0.00209017 0.000914773 0.00420366 0.000636749
internal_weight=75.4771 64.9144 56.7432 47.5591 42.7153
internal_count=250 216 189 159 141
is_linear=0
shrinkage=0.05


Tree=147
num_leaves=10
num_cat=0
split_feature=0 22 23 1 27 6 27 1 16
split_gain=0.970945 1.58244 1.72486 1.29098 1.22162 1.46609 0.989815 0.901117 0.853132
threshold=-0.00033551514938506827 0.0065591886787134132 -1.0000000180025095e-35 -0.016868635283571628 0.006402940619530507 0.77593117613902551 -0.0073145777874613618 0.01857427860085992 0.020805399854652015
decision_type=2 2 2 2 2 2 2 2 2
left_child=1 2 8 -2 5 -5 -7 -6 -1
right_child=3 -3 -4 4 7 6 -8 -9 -10
leaf_value=-0.030469965951260045 0.025351671147375132 -0.030183151580638092 0.012153368371012954 0.014981668841029748 0.029035362953044208 -0.0021061577787547577 -0.026618626893963871 0.0028135902055468755 -0.0023553599757386106
leaf_weight=5.0800091624260002 6.4300205409526816 5.9356361553072921 11.693590238690375 6.0140999108552959 5.2500244677066794 8.5923739075660723 7.9091781973838797 8.7155400365591031 5.7553268373012543
leaf_count=21 20 26 39 19 18 31 27 30 19
internal_value=-5.52048e-05 -0.0072154 -0.00116415 0.00469441 0.00105345 -0.00615248 -0.013855 0.012671 -0.0155365
internal_weight=71.3758 28.4646 22.5289 42.9112 36.4812 22.5157 16.5016 13.9656 10.8353
internal_count=250 105 79 145 125 77 58 48 40
is_linear=0
shrinkage=0.05


Tree=148
num_leaves=8
num_cat=0
split_feature=27 27 15 20 28 32 16
split_gain=0.798283 1.04877 1.67128 1.06384 0.9941 0.679447 0.000413289
threshold=-0.019963929817554734 -0.015419140363013171 0.01967247212534011 0.029782552562043322 -1.0000000180025095e-35 0.041549108078086906 0.024157688573911984
decision_type=2 2 2 2 2 2 2
left_child=-1 -2 3 4 -3 6 -4
right_child=1 2 5 -5 -6 -7 -8
leaf_value=-0.034996967122589838 0.040341618838370508 -0.0045299265611512202 -0.035009865338092597 -0.020170434391693418 0.034112431972314373 0.016555616715688223 -0.033863446784192251
leaf_weight=1.5322272796183849 1.6640952993184335 2.6363489720970392 2.7775203399360193 2.1606726422905922 4.5141599830239958 0.77662496827542771 1.0965127553790806
leaf_count=33 15 29 51 28 29 10 55
internal_value=-0.000556063 0.0028211 -0.00165093 0.0105749 0.0198652 -0.0261285 -0.0346854
internal_weight=17.1582 15.6259 13.9618 9.31118 7.15051 4.65066 3.87403
internal_count=250 217 202 86 58 116 106
is_linear=0
shrinkage=0.05


Tree=149
num_leaves=9
num_cat=0
split_feature=0 1 13 18 0 33 24 17
split_gain=0.947964 1.53651 1.55217 2.18638 1.3276 1.45777 1.49464 1.38836
threshold=0.0005742204483144554 0.022232332119969115 56.33644635439115 0.15066457996164315 0.003342924397658154 0.90500000000000014 0.0046789544047062268 0.0080230677748215993
decision_type=2 2 2 2 2 2 2 2
left_child=1 2 3 -1 -2 6 7 -6
right_child=4 -3 -4 -5 5 -7 -8 -9
leaf_value=0.029711417437823934 -0.024854559025800818 0.027247796932816412 -0.012742448327937091 -0.0090179494211776005 0.031514400355411386 -0.018826449566482127 -0.010542418364107367 0.0020884957094945899
leaf_weight=7.8525357693433779 6.9096782058477393 7.0248225480318061 11.601297006011007 6.7993725538253784 6.7654967457056108 8.5395308881998044 9.8025464564561826 9.8366259634494764
leaf_count=28 21 24 37 24 24 27 32 33
internal_value=0.000179435 0.00647802 0.000920445 0.0117386 -0.00482857 -0.000868736 0.00493897 0.0140798
internal_weight=75.1319 33.278 26.2532 14.6519 41.8539 34.9442 26.4047 16.6021
internal_count=250 113 89 52 137 116 89 57
is_linear=0
shrinkage=0.05


Tree=150
num_leaves=7
num_cat=0
split_feature=1 8 16 5 12 3
split_gain=0.892996 1.59734 1.07496 1.67373 1.70088 1.2006
threshold=-0.03564531815114768 -0.013484873565105714 0.034983122722560316 0.018250028000697454 0.013048710343382347 0.0038189541251552055
decision_type=2 2 2 2 2 2
left_child=-1 -2 3 4 -3 -5
right_child=1 2 -4 5 -6 -7
leaf_value=0.018162589016233462 -0.026420836451464997 0.01811594331612144 -0.019968813216973139 -0.00065393500713852558 -0.0079889251410333439 0.028491784794596686
leaf_weight=6.1370749175548545 5.9763912782073012 7.8564145863056174 5.676117166876792 5.7819471657276145 30.324126750230789 9.0857164114713651
leaf_count=21 23 26 18 19 112 31
internal_value=-6.52896e-05 -0.00179426 0.00071199 0.00292482 -0.00261732 0.0171572
internal_weight=70.8378 64.7007 58.7243 53.0482 38.1805 14.8677
internal_count=250 229 206 188 138 50
is_linear=0
shrinkage=0.05


Tree=151
num_leaves=8
num_cat=0
split_feature=27 27 15 20 28 12 16
split_gain=0.766614 0.95323 1.5839 0.996861 0.928615 0.679193 0.000352932
threshold=-0.019963929817554734 -0.015419140363013171 0.01967247212534011 0.029782552562043322 -1.0000000180025095e-35 -0.042032187304495212 0.024157688573911984
decision_type=2 2 2 2 2 2 2
left_child=-1 -2 3 4 -3 -4 -7
right_child=1 2 5 -5 -6 6 -8
leaf_value=-0.034930312324904685 0.038164148089342889 -0.0045640441441189995 0.017187653952597366 -0.019883602851071682 0.032764784516807359 -0.034921796156495044 -0.033815243889960885
leaf_weight=1.4787458917126084 1.6925432104617364 2.6279337406158447 0.7604109942913041 2.1250881347805262 4.5517413876950688 2.7788068410009172 0.97286846581846464
leaf_count=33 15 29 10 28 29 54 52
internal_value=-0.000532089 0.00274762 -0.00159086 0.0101978 0.0191015 -0.0259013 -0.0346348
internal_weight=16.9881 15.5094 13.8168 9.30476 7.17968 4.51209 3.75168
internal_count=250 217 202 86 58 116 106
is_linear=0
shrinkage=0.05


Tree=152
num_leaves=8
num_cat=0
split_feature=16 16 0 17 31 1 14
split_gain=0.936797 1.50823 1.05095 1.70965 1.77331 1.64429 1.29813
threshold=0.010795918249056959 0.012555804180735533 0.0005742204483144554 0.0042940089050529772 0.16553909846338141 0.022232332119969115 0.62733553867538661
decision_type=2 2 2 2 2 2 2
left_child=-1 -2 5 -4 -5 6 -3
right_child=1 2 3 4 -6 -7 -8
leaf_value=0.017105805272458332 -0.027224270862091633 0.0095599118621799515 -0.029035852722885204 -0.01047608803194704 0.01558776023112475 0.030375239640417818 -0.01631031436162806
leaf_weight=7.3699083179235449 5.3181790709495536 15.087191924452787 6.2624121606349936 16.328647822141651 10.870630115270613 6.1939372271299353 7.1457244008779517
leaf_count=24 18 53 21 54 35 22 23
internal_value=0.000183223 -0.00167251 0.00052319 -0.00548227 -5.92507e-05 0.00759231 0.00124515
internal_weight=74.5766 67.2067 61.8885 33.4617 27.1993 28.4269 22.2329
internal_count=250 226 208 110 89 98 76
is_linear=0
shrinkage=0.05


Tree=153
num_leaves=8
num_cat=0
split_feature=9 10 32 19 24 32 11
split_gain=0.859564 1.37769 1.20051 1.8216 1.65331 1.6294 1.49342
threshold=5021.9224609375005 -0.0099782859641256473 -0.23987117030361244 -0.013755417450014016 0.005796248179469444 -0.66094074463145314 3352.0919995117192
decision_type=2 2 2 2 2 2 2
left_child=1 -1 4 -4 6 -6 -3
right_child=-2 2 3 -5 5 -7 -8
leaf_value=-0.020013816299244098 0.018821638355976427 0.01787147968598559 -0.0078074671037038417 0.027942811085761594 3.4004187831541501e-05 -0.037435179561815794 -0.0054123893269120158
leaf_weight=8.8364528119564039 5.5590950399637213 10.861318781971933 5.9911801964044562 8.7921193540096265 5.6685471832752228 5.9438768699765188 18.819074630737305
leaf_count=35 19 36 21 28 19 22 70
internal_value=-4.80327e-05 -0.00166403 0.00122753 0.0134544 -0.00314984 -0.0191448 0.00310817
internal_weight=70.4717 64.9126 56.0761 14.7833 41.2928 11.6124 29.6804
internal_count=250 231 196 49 147 41 106
is_linear=0
shrinkage=0.05


Tree=154
num_leaves=8
num_cat=0
split_feature=4 16 16 22 1 34 22
split_gain=0.740595 0.979068 1.21073 1.34676 1.08428 0.677773 0.000658543
threshold=0.0077522434963797323 0.017851990527882125 0.015717894106065586 -0.00075626678585982699 0.039865672502344414 -1.0341867719970248 -0.0081105640461955324
decision_type=2 2 2 2 2 2 2
left_child=-1 2 3 -2 5 -3 -7
right_child=1 4 -4 -5 -6 6 -8
leaf_value=-0.035335574589049214 0.014546428961952299 0.024011794833260505 0.036702840873693098 -0.035137128645868321 0.023038606028518423 -0.036157127369862055 -0.034521920725580461
leaf_weight=1.4067064747214342 4.5169040467590094 0.56470324657857363 3.3150225393474102 1.9540250636637191 1.4642275944352148 0.78612856194376934 2.8403043001890182
leaf_count=24 39 9 16 34 27 13 88
internal_value=-0.000603848 0.00256022 0.0121313 -0.000456504 -0.0140015 -0.0269419 -0.0348764
internal_weight=16.848 15.4413 9.78595 6.47093 5.65536 4.19114 3.62643
internal_count=250 226 89 73 137 110 101
is_linear=0
shrinkage=0.05


Tree=155
num_leaves=8
num_cat=0
split_feature=19 22 27 19 28 8 1
split_gain=0.9425 1.13985 1.07429 1.37422 1.22013 1.25611 1.37872
threshold=-0.054805799949304061 0.00085918318370781243 -0.0081993809289979663 0.02074166080827811 0.042903524122921984 -0.012239112632859836 0.019119769836520976
decision_type=2 2 2 2 2 2 2
left_child=1 -1 3 -2 5 -4 -7
right_child=2 -3 4 -5 -6 6 -8
leaf_value=-0.00018561502136142367 -0.024454098961648921 0.02836088403595895 0.028693126854139373 0.0056391992525901087 -0.013484914278062568 -0.0079034912739859835 0.014500499004497604
leaf_weight=8.4238093346357328 10.415241524577143 5.9788018763065329 5.232373714447017 5.9671003967523566 10.308454468846319 15.546688139438634 12.299737602472304
leaf_count=27 35 24 19 21 34 51 39
internal_value=0.000182799 0.0116646 -0.00258395 -0.0134929 0.0015351 0.00621584 0.00199233
internal_weight=74.1722 14.4026 59.7696 16.3823 43.3873 33.0788 27.8464
internal_count=250 51 199 56 143 109 90
is_linear=0
shrinkage=0.05


Tree=156
num_leaves=7
num_cat=0
split_feature=1 10 21 11 23 16
split_gain=0.871529 1.79573 1.22942 1.75769 3.52161 1.5251
threshold=-0.03031299405182469 -0.007632002399465967 0.0037708410989416579 3977.0679956054692 -1.0000000180025095e-35 0.021512203052845322
decision_type=2 2 2 2 2 2
left_child=-1 -2 3 5 -5 -3
right_child=1 2 -4 4 -6 -7
leaf_value=0.014781740036047328 -0.026857926247792142 0.0037787128057668721 -0.018580850421692285 -0.029732195436644016 0.014026366711795392 0.028577758094702334
leaf_weight=8.6869916468858701 6.5617738664150229 20.401558056473736 7.1071968600153914 9.4320394992828387 8.9709531366825086 8.9060566425323469
leaf_count=30 27 72 27 35 30 29
internal_value=-4.11487e-05 -0.00213902 0.000819873 0.0037099 -0.0084011 0.0113147
internal_weight=70.0666 61.3796 54.8178 47.7106 18.403 29.3076
internal_count=250 220 193 166 65 101
is_linear=0
shrinkage=0.05


Tree=157
num_leaves=8
num_cat=0
split_feature=27 27 15 20 28 28 16
split_gain=0.72476 0.852796 1.47222 0.888072 0.832681 0.644152 0.000388412
threshold=-0.019963929817554734 -0.015419140363013171 0.01967247212534011 0.029782552562043322 -1.0000000180025095e-35 0.10810045619594301 0.024448986849443296
decision_type=2 2 2 2 2 2 2
left_child=-1 -2 3 4 -3 6 -4
right_child=1 2 5 -5 -6 -7 -8
leaf_value=-0.034887114569768396 0.035834846960661491 -0.0046357047757775594 -0.034977615583613696 -0.019361700065795177 0.030753814006210984 0.015679731494015938 -0.033768847781059728
leaf_weight=1.4123048139736081 1.7091279905289418 2.6085389871150255 2.6750320401042713 2.0543705150485039 4.5813753530383057 0.77296164073050011 0.88426431827247132
leaf_count=33 15 29 53 28 29 12 51
internal_value=-0.00061718 0.00254916 -0.00164112 0.00963041 0.0179143 -0.0256926 -0.0346773
internal_weight=16.698 15.2857 13.5765 9.24428 7.18991 4.33226 3.5593
internal_count=250 217 202 86 58 116 104
is_linear=0
shrinkage=0.05


Tree=158
num_leaves=6
num_cat=0
split_feature=3 19 7 21 9
split_gain=0.927201 1.41685 1.19964 1.45947 1.9815
threshold=0.10475743092017532 -0.089112126794671717 3334.7049926757818 -0.0031141991286803834 3368.7699951171876
decision_type=2 2 2 2 2
left_child=1 -1 -3 -4 -5
right_child=-2 2 3 4 -6
leaf_value=0.027148746668061663 -0.016618711079986873 0.018405267730581206 0.015994716681485079 -0.027645822690639657 -0.0011720926115614868
leaf_weight=5.1836998611688605 7.3917099982500067 7.6776762604713431 8.7114416360855085 8.7963205575942975 35.975532218813896
leaf_count=19 24 27 31 29 120
internal_value=0.000178864 0.00205035 -7.687e-05 -0.00273003 -0.00637338
internal_weight=73.7364 66.3447 61.161 53.4833 44.7719
internal_count=250 226 207 180 149
is_linear=0
shrinkage=0.05


Tree=159
num_leaves=10
num_cat=0
split_feature=0 18 3 13 1 27 22 27 1
split_gain=0.877479 1.48736 1.37367 1.37206 1.17553 1.13944 1.32536 1.95627 0.810572
threshold=-0.00033551514938506827 0.1356182751407122 0.020567161413109551 56.619846137036255 -0.016868635283571628 0.006402940619530507 0.0047125331936265233 -0.0073145777874613618 0.01857427860085992
decision_type=2 2 2 2 2 2 2 2 2
left_child=1 3 -3 -1 -2 6 7 -6 -7
right_child=4 2 -4 -5 5 8 -8 -9 -10
leaf_value=-0.034093303699578269 0.024490673748853494 0.02196367185675115 -0.009610033447918595 -0.0025936677367672935 0.019075893559497702 0.028093985627003399 -0.026035976078880287 -0.015855919258670036 0.0029390209872747993
leaf_weight=7.003000237047674 6.2727254182100287 6.2673656195402128 7.6492843329906464 6.827302098274231 7.9635775089263943 5.1209993958473197 6.0102315992116919 8.0690396577119845 8.5480893254280073
leaf_count=30 20 23 28 24 28 18 21 28 30
internal_value=-3.17653e-05 -0.00693116 0.00460919 -0.0185436 0.00452793 0.00102152 -0.00601156 0.0014951 0.0123631
internal_weight=69.7316 27.747 13.9166 13.8303 41.9847 35.7119 22.0428 16.0326 13.6691
internal_count=250 105 51 54 145 125 77 56 48
is_linear=0
shrinkage=0.05


Tree=160
num_leaves=8
num_cat=0
split_feature=4 16 16 21 1 34 22
split_gain=0.710492 0.892971 1.06608 1.31965 1.02712 0.625121 0.000609013
threshold=0.0077522434963797323 0.017851990527882125 0.015717894106065586 -1.0000000180025095e-35 0.039865672502344414 -1.0341867719970248 -0.0081105640461955324
decision_type=2 2 2 2 2 2 2
left_child=-1 2 3 -2 5 -3 -7
right_child=1 4 -4 -5 -6 6 -8
leaf_value=-0.035275238349507347 -0.035234778107024425 0.022264896301069034 0.034314084363969363 0.014389116696609453 0.022052736863608535 -0.036078030356727707 -0.034470315231681363
leaf_weight=1.3608231469988847 1.9133615661412475 0.55717122554779042 3.3583878688514233 4.4687437284737808 1.46641428489238 0.75443259812891517 2.6869948217645283
leaf_count=24 35 9 16 38 27 13 88
internal_value=-0.000662497 0.00243518 0.0115112 -0.000488177 -0.0137413 -0.0268681 -0.0348228
internal_weight=16.5663 15.2055 9.74049 6.38211 5.46501 3.9986 3.44143
internal_count=250 226 89 73 137 110 101
is_linear=0
shrinkage=0.05


Tree=161
num_leaves=9
num_cat=0
split_feature=16 16 0 17 31 23 29 9
split_gain=0.89922 1.43096 1.04131 1.59856 1.68871 1.5606 2.20975 2.1921
threshold=0.010795918249056959 0.012555804180735533 0.0005742204483144554 0.0042940089050529772 0.16553909846338141 0.0025662273129757334 -0.00081754060861255462 4072.7174865722659
decision_type=2 2 2 2 2 2 2 2
left_child=-1 -2 5 -4 -5 7 -7 -3
right_child=1 2 3 4 -6 6 -8 -9
leaf_value=0.016856592741754311 -0.026802419351714429 0.00054895395901785778 -0.02851712645988376 -0.010482673302437892 0.015131634222887637 -0.025867937768409961 0.01647486655475067 0.038143232027339477
leaf_weight=7.2811691910028449 5.2118002325296393 8.2941913008689898 6.1485951095819464 16.109324380755428 10.714553967118261 6.4607341736555099 5.8905008137226087 7.2817953005433074
leaf_count=24 18 28 21 54 35 21 22 27
internal_value=0.000179721 -0.00165698 0.000494967 -0.00552219 -0.000251271 0.00759917 -0.00567398 0.0181243
internal_weight=73.3927 66.1115 60.8997 32.9725 26.8239 27.9272 12.3512 15.576
internal_count=250 226 208 110 89 98 43 55
is_linear=0
shrinkage=0.05


Tree=162
num_leaves=7
num_cat=0
split_feature=9 21 11 23 13 16
split_gain=0.816939 1.24311 1.66411 2.52809 1.65571 1.33195
threshold=5021.9224609375005 0.0035495773375714417 3977.0679956054692 -1.0000000180025095e-35 44.205578903182619 0.021512203052845322
decision_type=2 2 2 2 2 2
left_child=1 2 4 -4 -1 -6
right_child=-2 -3 3 -5 5 -7
leaf_value=-0.019726485294700936 0.018552415590162994 -0.019240789198875397 -0.028283080015151531 0.0075032016608507397 0.0044003175190076693 0.026389356162888167
leaf_weight=4.7834629938006392 5.4504081308841696 8.6477229818701726 9.9227120280265826 9.8183665722608549 20.183336757123474 10.453662782907484
leaf_count=19 19 35 38 33 72 34
internal_value=-2.78494e-05 -0.00161492 0.0011483 -0.0104845 0.00763168 0.0119032
internal_weight=69.2597 63.8093 55.1615 19.7411 35.4205 30.637
internal_count=250 231 196 71 125 106
is_linear=0
shrinkage=0.05


Tree=163
num_leaves=12
num_cat=0
split_feature=7 0 0 21 6 29 31 28 7 32 16
split_gain=0.694991 0.758509 1.86429 1.71523 1.1861 2.06106 1.16979 0.00131376 0.000677392 0.0001494 4.81784e-05
threshold=3347.7400024414069 0.0027414873563184066 0.0005742204483144554 0.00096570780090388119 0.96164996537233516 0.0033149998586834433 0.28138982799416506 0.0063923203327502795 3699.6450195312505 -0.46867477490732357 0.02030717690667639
decision_type=2 2 2 2 2 2 2 2 2 2 2
left_child=9 2 3 7 5 -3 -5 -2 -6 -1 -10
right_child=1 4 -4 6 8 -7 -8 -9 10 -11 -12
leaf_value=-0.033977714555055154 -0.034757245378830848 -0.035392841159285614 0.051937562221948425 -0.011446591932334688 -0.036270853418768255 0.041870803659761313 0.041568903779816292 -0.037148061523904742 -0.034858811556977169 -0.035031633432346991 -0.034341231686412801
leaf_weight=0.83524046558886766 1.0798049615696057 1.5187254473567002 2.1892916448414326 1.8975675683468578 0.95727044902741942 1.9995262660086153 2.3036721087992191 1.2281225267797706 1.0069453436881302 0.56286644190550095 0.81232106219977129
leaf_count=38 24 26 11 37 11 19 10 16 18 13 27
internal_value=-0.000686488 0.00245745 0.0120244 -0.00140002 -0.0107626 0.00851837 0.0176235 -0.0360295 -0.0351942 -0.034402 -0.0346277
internal_weight=16.3914 14.9932 8.69846 6.50917 6.29479 3.51825 4.20124 2.30793 2.77654 1.39811 1.81927
internal_count=250 199 98 87 101 45 47 40 56 51 45
is_linear=0
shrinkage=0.05


Tree=164
num_leaves=7
num_cat=0
split_feature=18 16 29 15 21 22
split_gain=0.886103 1.51534 1.96955 1.59211 1.49212 1.32039
threshold=0.85043777353026295 0.034983122722560316 -0.0065532410594466564 0.029030169733691161 -0.00051231168376147929 -0.0038781620359074616
decision_type=2 2 2 2 2 2
left_child=1 2 -1 4 -4 -2
right_child=5 -3 3 -5 -6 -7
leaf_value=-0.029337209380530967 -0.028238980594328607 0.026921308828367598 0.019211818952940041 -0.014891606471818086 -0.0007809105626586174 0.0022595655375732353
leaf_weight=5.0891587287187567 6.2412627041339865 5.9127874076366416 16.618818491697304 9.5149931758642179 21.285815238952644 8.2263924181461316
leaf_count=19 20 20 57 32 75 27
internal_value=0.00018084 0.00292426 0.000222061 0.00339441 0.00798465 -0.0108973
internal_weight=72.8892 58.4216 52.5088 47.4196 37.9046 14.4677
internal_count=250 203 183 164 132 47
is_linear=0
shrinkage=0.05


Tree=165
num_leaves=9
num_cat=0
split_feature=0 22 21 23 1 8 11 21
split_gain=0.816316 1.47043 1.51306 1.85563 1.10308 1.21014 2.0537 1.37809
threshold=-0.00033551514938506827 0.0065591886787134132 0.0017184121188301706 -0.0019425690332788845 -0.016868635283571628 0.0006974630954362307 3333.3110009765628 -0.0040496231731063084
decision_type=2 2 2 2 2 2 2 2
left_child=1 2 3 -1 -2 -6 -7 -8
right_child=4 -3 -4 -5 5 6 7 -9
leaf_value=-0.037558986419293144 0.023847599057808443 -0.029464170261194574 0.01220600606096784 0.0044290465793546448 -0.023488748463358869 0.029761035778435248 -0.024904173975144453 0.0040564458493776321
leaf_weight=4.737825587391856 6.1948582082986823 5.6482282802462569 10.984119445085524 5.9183951914310482 4.4227486401796332 6.3744932711124447 5.2139355689287212 19.361098513007164
leaf_count=21 20 26 38 20 15 21 20 69
internal_value=-2.66577e-05 -0.0067458 -0.0008162 -0.0142391 0.00438442 0.000975769 0.0044718 -0.00208795
internal_weight=68.8557 27.2886 21.6403 10.6562 41.5671 35.3723 30.9495 24.575
internal_count=250 105 79 41 145 125 110 89
is_linear=0
shrinkage=0.05


Tree=166
num_leaves=11
num_cat=0
split_feature=7 0 0 21 29 21 31 28 1 32
split_gain=0.669926 0.712431 1.72601 1.62953 1.14465 1.17502 1.0852 0.00115537 0.000237794 0.000137725
threshold=3347.7400024414069 0.0027414873563184066 0.0005742204483144554 0.00096570780090388119 0.0033149998586834433 -0.0032239439693927392 0.28138982799416506 0.0063923203327502795 0.032805648740432687 -0.46867477490732357
decision_type=2 2 2 2 2 2 2 2 2 2
left_child=9 2 3 7 8 -6 -5 -2 -3 -1
right_child=1 4 -4 6 5 -7 -8 -9 -10 -11
leaf_value=-0.033955518274138126 -0.034706338499313864 -0.0347977775079348 0.04987846683407815 -0.011222955309154195 0.042343053871348096 -0.01639541782575412 0.039937444895523741 -0.036985932214564976 -0.035756138777925758 -0.034983556625776811
leaf_weight=0.8051087474450469 1.0434755831956848 1.5782564235851162 2.2016940452158451 1.8813124764710663 1.4674219619482758 2.0281825410202146 2.308317743241787 1.18941034656018 1.0972725525498388 0.54721814580261952
leaf_count=38 24 35 11 37 11 37 10 16 18 13
internal_value=-0.000685452 0.00239353 0.0116747 -0.00142191 -0.010577 0.00826244 0.0169644 -0.0359206 -0.0351908 -0.0343715
internal_weight=16.1477 14.7953 8.62421 6.42252 6.17113 3.4956 4.18963 2.23289 2.67553 1.35233
internal_count=250 199 98 87 101 48 47 40 53 51
is_linear=0
shrinkage=0.05


Tree=167
num_leaves=8
num_cat=0
split_feature=8 2 5 8 7 5 8
split_gain=0.842538 1.85679 1.1805 1.57766 2.15927 1.3445 1.02082
threshold=0.02587749634575006 0.057309793785263137 0.022401748290521776 0.011664691807065905 3334.7049926757818 0.018713531766255918 0.017617540788772375
decision_type=2 2 2 2 2 2 2
left_child=2 -2 3 4 -1 -6 -5
right_child=1 -3 -4 6 5 -7 -8
leaf_value=0.022257327577849068 -0.027889383949053572 0.0053731167569676629 0.021786046083915656 0.029404694836539014 -0.0048996490800899892 -0.030379838527124767 0.0011935442882293839
leaf_weight=5.9684843495488158 7.6205812096595791 9.335161015391348 7.3752197772264472 6.4231465160846692 22.601519957184795 6.7154702618718138 6.4034062474966049
leaf_count=22 26 31 25 24 76 24 22
internal_value=0.000178126 -0.00957637 0.00315889 0.00030349 -0.00515543 -0.0107362 0.0153208
internal_weight=72.443 16.9557 55.4872 48.112 35.2855 29.317 12.8266
internal_count=250 57 193 168 122 100 46
is_linear=0
shrinkage=0.05


Tree=168
num_leaves=6
num_cat=0
split_feature=1 8 16 8 5
split_gain=0.796235 1.34057 0.853182 1.59165 1.37353
threshold=-0.03564531815114768 -0.013484873565105714 0.034983122722560316 -0.0063285269705198191 0.018250028000697454
decision_type=2 2 2 2 2
left_child=-1 -2 3 -3 -5
right_child=1 2 -4 4 -6
leaf_value=0.017540541133175675 -0.024835364888088279 0.030870687832343424 -0.018119694047844512 -0.0052353964667884861 0.014231266030178194
leaf_weight=5.8931875526905051 5.684523031115531 4.5488224625587454 5.479891061782836 34.428098797798157 12.29832938313484
leaf_count=21 23 16 18 129 43
internal_value=-2.78069e-05 -0.00168594 0.000632672 0.00263678 -0.000111799
internal_weight=68.3329 62.4397 56.7551 51.2753 46.7264
internal_count=250 229 206 188 172
is_linear=0
shrinkage=0.05


Tree=169
num_leaves=8
num_cat=0
split_feature=16 34 18 2 19 32 5
split_gain=0.648335 0.554989 1.26227 0.826229 0.72019 1.15783e-05 2.81382e-06
threshold=0.024914742219005224 2.4078008602523187 0.39285680336203138 0.032459580022046637 0.011424485563714228 -0.097008454651677192 0.018568455083414433
decision_type=2 2 2 2 2 2 2
left_child=1 2 3 4 -1 6 -2
right_child=5 -3 -4 -5 -6 -7 -8
leaf_value=0.0012095733613130849 -0.033837641299866189 0.028760207533831531 -0.035374406757206052 -0.020186504754938151 0.031302632895915616 -0.034090714081450701 -0.033671178620276201
leaf_weight=4.887593229301272 0.48240437638014533 1.7565404046326865 2.2325289938598862 2.3452020082622758 3.3514910060912371 0.33031041920185167 0.53586062602698803
leaf_count=57 24 13 38 32 34 13 39
internal_value=-0.000665872 0.00240336 -0.00120884 0.00599766 0.0134508 -0.0338335 -0.03375
internal_weight=15.9219 14.5734 12.8168 10.5843 8.23908 1.34858 1.01827
internal_count=250 174 161 123 91 76 63
is_linear=0
shrinkage=0.05


Tree=170
num_leaves=6
num_cat=0
split_feature=3 19 7 21 9
split_gain=0.840325 1.27856 1.07389 1.26648 1.75973
threshold=0.10475743092017532 -0.089112126794671717 3334.7049926757818 -0.0031141991286803834 3368.7699951171876
decision_type=2 2 2 2 2
left_child=1 -1 -3 -4 -5
right_child=-2 2 3 4 -6
leaf_value=0.026197917020552259 -0.015942518417457564 0.017718868478908772 0.015119839831759845 -0.026332907169313371 -0.0010622398559921424
leaf_weight=5.0287501364946356 7.2701328992843619 7.4368203505873671 8.4570493996143323 8.5699167400598508 35.120981454849243
leaf_count=19 24 27 31 29 120
internal_value=0.000173921 0.0019873 -5.59951e-05 -0.00259087 -0.00601905
internal_weight=71.8837 64.6135 59.5848 52.1479 43.6909
internal_count=250 226 207 180 149
is_linear=0
shrinkage=0.05


Tree=171
num_leaves=9
num_cat=0
split_feature=0 18 32 13 1 8 11 31
split_gain=0.788796 1.39039 1.3389 1.25146 1.02123 1.11952 1.90177 1.2878
threshold=-0.00033551514938506827 0.1356182751407122 -0.52354147888310276 56.619846137036255 -0.016868635283571628 0.0006974630954362307 3333.3110009765628 0.13475311037919338
decision_type=2 2 2 2 2 2 2 2
left_child=1 3 -3 -1 -2 -6 -7 -8
right_child=4 2 -4 -5 5 6 7 -9
leaf_value=-0.033433089394191207 0.023147576617632781 0.02419584767672097 -0.0079840798335469986 -0.0027686251979453643 -0.022655217146352893 0.028885682598656093 0.0068404082336277544 -0.017006390378878199
leaf_weight=6.6826614290475863 6.135820969939231 5.3008914142847052 8.2832597047090513 6.6265517622232437 4.3655168861150733 6.3034612983465221 15.396287679672243 8.9539453089237195
leaf_count=30 20 18 33 24 15 21 57 32
internal_value=-2.04716e-05 -0.00667983 0.00457337 -0.0181655 0.00433118 0.00103431 0.00440803 -0.00192842
internal_weight=68.0484 26.8934 13.5842 13.3092 41.155 35.0192 30.6537 24.3502
internal_count=250 105 51 54 145 125 110 89
is_linear=0
shrinkage=0.05


Tree=172
num_leaves=9
num_cat=0
split_feature=16 16 11 33 31 27 32 5
split_gain=0.624011 0.519001 0.76642 0.723257 0.604674 0.85695 1.05029e-05 2.57866e-06
threshold=0.024914742219005224 0.01394624661794828 3347.1900000000005 0.39500000000000007 0.10098806955631572 -0.0098572736172467517 -0.097008454651677192 0.018568455083414433
decision_type=2 2 2 2 2 2 2 2
left_child=1 3 -3 -1 5 -4 7 -2
right_child=6 2 4 -5 -6 -7 -8 -9
leaf_value=-0.0353843898521322 -0.033821712114192035 -0.017916761780885814 0.031191967327644832 0.0057012362732837682 0.032470526237113585 -0.012297837512086088 -0.034067007403376197 -0.033659658839030375
leaf_weight=1.8916958896443237 0.46795373503118753 2.1606399277225119 1.8387742713093738 2.4694721587002277 3.2014472633600235 2.9499016925692576 0.31855562981218166 0.51634922670200467
leaf_count=32 24 38 16 28 19 41 13 39
internal_value=-0.000670148 0.00230577 0.00850365 -0.01212 0.0156481 0.00440155 -0.0338175 -0.0337367
internal_weight=15.8148 14.5119 10.1508 4.36117 7.99012 4.78868 1.30286 0.984303
internal_count=250 174 114 60 76 57 76 63
is_linear=0
shrinkage=0.05


Tree=173
num_leaves=7
num_cat=0
split_feature=18 16 29 7 21 22
split_gain=0.839626 1.32873 1.73555 1.47821 2.04662 1.21902
threshold=0.85043777353026295 0.034983122722560316 -0.0065532410594466564 3334.7049926757818 -0.00061647896028110816 -0.0038781620359074616
decision_type=2 2 2 2 2 2
left_child=1 2 -1 -4 -5 -2
right_child=5 -3 3 4 -6 -7
leaf_value=-0.02786882294831014 -0.027475147802757956 0.025579241328042637 0.025315978413765258 0.013019803235553434 -0.0099006926099172929 0.0020208994758539639
leaf_weight=4.9374523833394042 6.1504756212234488 5.7910888940095893 6.5553006157279006 16.760896578431126 23.248486340045933 8.1372440904378873
leaf_count=19 20 20 25 57 82 27
internal_value=0.000167521 0.00287175 0.00031844 0.00330726 -0.000298743 -0.0106763
internal_weight=71.5809 57.2932 51.5021 46.5647 40.0094 14.2877
internal_count=250 203 183 164 139 47
is_linear=0
shrinkage=0.05


Tree=174
num_leaves=8
num_cat=0
split_feature=1 8 11 7 31 3 2
split_gain=0.772581 1.2469 0.805227 1.6 1.46546 1.56229 1.25225
threshold=-0.03564531815114768 -0.013484873565105714 3371.8289990234375 3365.9850219726563 0.077118183057173426 0.069156522768211062 0.020196269596137854
decision_type=2 2 2 2 2 2 2
left_child=-1 -2 3 6 5 -4 -3
right_child=1 2 4 -5 -6 -7 -8
leaf_value=0.017413052953121351 -0.02418263235592287 -0.011235984267545757 -0.0055175155039453158 0.030257005790442788 -0.021098653012932601 0.022489352369504518 0.017672479860679071
leaf_weight=5.8169232457876197 5.5836299732327452 9.7914889156818408 18.272024676203731 5.935237079858779 9.3223875910043699 6.8445698022842398 6.0674317330121985
leaf_count=21 23 35 69 19 37 25 21
internal_value=-7.69564e-06 -0.00164698 0.000590684 0.0081119 -0.004169 0.00211469 -0.000175955
internal_weight=67.6337 61.8168 56.2331 21.7942 34.439 25.1166 15.8589
internal_count=250 229 206 75 131 94 56
is_linear=0
shrinkage=0.05


Tree=175
num_leaves=9
num_cat=0
split_feature=16 16 1 6 16 34 18 16
split_gain=0.65859 0.827302 0.842177 0.655069 0.62521 0.54247 0.411437 0.00035855
threshold=0.010795918249056959 0.017851990527882125 0.039865672502344414 0.89126794042474455 0.015717894106065586 -1.0341867719970248 -0.40233111500531227 0.024448986849443296
decision_type=2 2 2 2 2 2 2 2
left_child=-1 3 5 6 -5 -3 -2 -7
right_child=1 2 -4 4 -6 7 -8 -9
leaf_value=-0.03496639990413497 0.013946140547749489 0.020798216367752642 0.017689736791788355 0.0073992978960081297 0.040654395360080087 -0.034964943144663467 -0.020662284832147479 -0.03371077052605588
leaf_weight=1.28855857718736 1.5049457475543024 0.51362942066043427 1.5040771411731837 3.3105380535125732 2.4662502631545067 2.3630133131518978 2.0001058503985387 0.75097486469894636
leaf_count=24 15 9 28 35 12 50 25 52
internal_value=-0.000718663 0.00234306 -0.0137672 0.01125 0.0215967 -0.0268099 -0.00580265 -0.0346625
internal_weight=15.7021 14.4135 5.13169 9.28184 5.77679 3.62762 3.50505 3.11399
internal_count=250 226 139 87 47 111 40 102
is_linear=0
shrinkage=0.05


Tree=176
num_leaves=6
num_cat=0
split_feature=3 19 11 21 23
split_gain=0.790337 1.18637 0.998819 1.3178 1.36851
threshold=0.10475743092017532 -0.089112126794671717 4851.373022460938 0.0035495773375714417 0.0085765641708744917
decision_type=2 2 2 2 2
left_child=1 -1 3 4 -3
right_child=-2 2 -4 -5 -6
leaf_value=0.025494557657520941 -0.015535517239881986 0.0023001923146264659 -0.019894322790202798 0.020630401251889405 -0.022641310304568906
leaf_weight=4.9312415570020667 7.2030869573354712 38.761485002934933 5.7174626886844626 8.1280874460935575 6.4091104865074149
leaf_count=19 24 135 21 29 22
internal_value=0.000165916 0.00193454 -3.40777e-05 0.00209637 -0.00123868
internal_weight=71.1505 63.9474 59.0161 53.2987 45.1706
internal_count=250 226 207 186 157
is_linear=0
shrinkage=0.05


Tree=177
num_leaves=9
num_cat=0
split_feature=0 22 21 23 28 33 24 16
split_gain=0.772572 1.34133 1.37703 1.69633 0.972216 1.20368 1.1561 0.829018
threshold=-0.00033551514938506827 0.0065591886787134132 0.0017184121188301706 -0.0019425690332788845 -0.033448733870370333 0.90500000000000014 0.0041983724455392233 0.015717894106065586
decision_type=2 2 2 2 2 2 2 2
left_child=1 2 3 -1 -2 6 7 -6
right_child=4 -3 -4 -5 5 -7 -8 -9
leaf_value=-0.03694054966440409 -0.012270043550605765 -0.028750538532053272 0.011569156766972311 0.0038976268478882977 0.0067377846720632593 0.024924554619502139 0.014508025650967059 -0.017622023712017161
leaf_weight=4.5238078385591534 7.2718194872140876 5.4598886892199507 10.764744296669958 5.8068539351224926 6.2363265752792376 7.9244961142539969 11.351226672530172 7.9387845769524574
leaf_count=21 26 26 38 20 23 26 39 31
internal_value=-2.70559e-05 -0.00666213 -0.000945229 -0.0139855 0.00429968 0.00790175 0.00261712 -0.00690495
internal_weight=67.2779 26.5553 21.0954 10.3307 40.7227 33.4508 25.5263 14.1751
internal_count=250 105 79 41 145 119 93 54
is_linear=0
shrinkage=0.05


Tree=178
num_leaves=8
num_cat=0
split_feature=16 16 34 14 32 1 16
split_gain=0.635918 0.789047 0.799662 0.98835 0.618526 0.972809 0.000355938
threshold=0.010795918249056959 0.017851990527882125 -0.73092358140588332 1.0545751799218641 -0.67209188520824192 0.01344173506750468 0.024157688573911984
decision_type=2 2 2 2 2 2 2
left_child=-1 4 -3 6 -2 -6 -4
right_child=1 2 3 -5 5 -7 -8
leaf_value=-0.034906318412110691 0.031860528130746475 0.024538064982852232 -0.034883235034339218 0.034850725112005536 -0.021400023088338799 0.017860142510102768 -0.033740061691729682
leaf_weight=1.2441595112904913 2.5715374611318111 1.0821335958316902 2.4083711355924624 0.60531555023044337 2.5366227906197292 4.1744578070938587 0.94930359022691835
leaf_count=24 18 13 53 10 32 37 63
internal_value=-0.000617654 0.00235983 -0.0135561 -0.0239581 0.0110102 0.00302077 -0.03456
internal_weight=15.5719 14.3277 5.04512 3.96299 9.28262 6.71108 3.35767
internal_count=250 226 139 126 87 69 116
is_linear=0
shrinkage=0.05


Tree=179
num_leaves=7
num_cat=0
split_feature=31 20 18 32 19 12
split_gain=0.762972 0.915946 1.47064 1.76031 2.39064 1.59068
threshold=-0.37133263744524581 0.11884189159958426 1.3163298153540046 -0.23987117030361244 0.02430142124238233 0.032348159236667264
decision_type=2 2 2 2 2 2
left_child=-1 2 3 4 -2 -5
right_child=1 -3 -4 5 -6 -7
leaf_value=0.019045785472642025 -0.0019999345474772134 0.012704145799687178 -0.026076133299343031 0.0010152433529395037 0.028841248718991869 -0.031650283361707297
leaf_weight=4.9729844480752936 26.159465715289116 9.9586362317204458 6.5186339616775504 7.5267729386687261 8.2697139084339124 7.3820647150278091
leaf_count=18 93 39 21 26 29 24
internal_value=0.000161585 -0.0012653 -0.0037559 -0.000806909 0.00540796 -0.015159
internal_weight=70.7883 65.8153 55.8567 49.338 34.4292 14.9088
internal_count=250 232 193 172 122 50
is_linear=0
shrinkage=0.05


Tree=180
num_leaves=7
num_cat=0
split_feature=9 21 11 23 13 16
split_gain=0.75762 1.1446 1.43953 2.14638 1.41236 1.09275
threshold=5021.9224609375005 0.0035495773375714417 3977.0679956054692 -1.0000000180025095e-35 44.205578903182619 0.021512203052845322
decision_type=2 2 2 2 2 2
left_child=1 2 4 -4 -1 -6
right_child=-2 -3 3 -5 5 -7
leaf_value=-0.018602825301768492 0.018304932120469155 -0.018790627990752422 -0.026948977452518355 0.0066444575151937751 0.0043243377932667354 0.024555519324316339
leaf_weight=4.5812985673546782 5.1937414556741706 8.3517060875892621 9.3763938844203967 9.6469068676233274 19.572709113359455 10.128302827477453
leaf_count=19 19 35 38 33 72 34
internal_value=-3.48362e-05 -0.0015797 0.00111684 -0.00991341 0.00723754 0.0112233
internal_weight=66.8511 61.6573 53.3056 19.0233 34.2823 29.701
internal_count=250 231 196 71 125 106
is_linear=0
shrinkage=0.05


Tree=181
num_leaves=8
num_cat=0
split_feature=27 27 15 5 17 30 16
split_gain=0.620019 0.723864 1.21982 0.756941 0.643801 0.573747 0.000277233
threshold=-0.019963929817554734 -0.015419140363013171 0.01967247212534011 0.010884052485134415 0.0016062747293571157 0.038035975177774024 0.018572106312976119
decision_type=2 2 2 2 2 2 2
left_child=-1 -2 3 4 -3 6 -4
right_child=1 2 5 -5 -6 -7 -8
leaf_value=-0.034762052558620575 0.033480144604330207 0.012777351460544227 -0.035025497623897957 0.026734982139964225 -0.022336434636495737 0.015440405791179702 -0.03407763663264831
leaf_weight=1.2208779612556107 1.6521889064460982 2.8390245381742698 1.4056205525994299 3.4651320073753595 2.4164657527580857 0.7051397063769399 1.7097878134809432
leaf_count=33 15 24 26 26 36 11 79
internal_value=-0.000570571 0.0023705 -0.00172793 0.00859345 -0.00336791 -0.0252871 -0.0345053
internal_weight=15.4142 14.1934 12.5412 8.72062 5.25549 3.82055 3.11541
internal_count=250 217 202 86 60 116 105
is_linear=0
shrinkage=0.05


Tree=182
num_leaves=8
num_cat=0
split_feature=19 22 27 19 28 3 24
split_gain=0.744028 1.05432 1.00321 1.2661 1.05925 0.799952 1.66333
threshold=-0.054805799949304061 0.00085918318370781243 -0.0081993809289979663 0.02074166080827811 0.042903524122921984 0.069156522768211062 0.014911151110892253
decision_type=2 2 2 2 2 2 2
left_child=1 -1 3 -2 5 6 -4
right_child=2 -3 4 -5 -6 -7 -8
leaf_value=-0.00091920599172331391 -0.023933003025303896 0.027431912169211793 0.020547179312922104 0.0057866450328857523 -0.01268079142329775 -0.0051827804124747086 -0.01066248932087124
leaf_weight=8.0164806693792325 9.9129215478897077 5.5492308512330046 15.175288304686552 5.6125933676958075 9.748524144291876 10.38402374088764 5.9402471929788581
leaf_count=27 35 24 54 21 34 34 21
internal_value=0.000158144 0.0106782 -0.00235556 -0.0131891 0.00172213 0.00617956 0.0117672
internal_weight=70.3393 13.5657 56.7736 15.5255 41.2481 31.4996 21.1155
internal_count=250 51 199 56 143 109 75
is_linear=0
shrinkage=0.05


Tree=183
num_leaves=10
num_cat=0
split_feature=0 22 21 23 1 27 1 34 1
split_gain=0.739589 1.2717 1.32354 1.5697 0.961214 1.00418 1.07685 1.03844 0.742443
threshold=-0.00033551514938506827 0.0065591886787134132 0.0017184121188301706 -0.0019425690332788845 -0.016868635283571628 0.006402940619530507 0.026841080934217557 1.116996523641318 0.01857427860085992
decision_type=2 2 2 2 2 2 2 2 2
left_child=1 2 3 -1 -2 6 7 -6 -7
right_child=4 -3 -4 -5 5 8 -8 -9 -10
leaf_value=-0.036517379498833491 0.022677420705736577 -0.028352481762198595 0.011294907433653063 0.0031844177171159813 -0.0017984472107139876 0.027170221543974377 0.0059205886448457316 -0.032625213821598151 0.0026192423107540908
leaf_weight=4.374309919774535 6.0027600824832907 5.3368990272283545 10.675807870924471 5.7784422338008907 5.6703867837786692 4.936560407280921 10.220289796590803 5.2717463970184326 8.1854001283645612
leaf_count=21 20 26 38 20 20 18 37 20 30
internal_value=-3.09234e-05 -0.00657621 -0.000996473 -0.0139211 0.00422007 0.00098842 -0.0057498 -0.0166503 0.0118555
internal_weight=66.4526 26.1655 20.8286 10.1528 40.2871 34.2844 21.1624 10.9421 13.122
internal_count=250 105 79 41 145 125 77 40 48
is_linear=0
shrinkage=0.05


Tree=184
num_leaves=11
num_cat=0
split_feature=16 4 1 23 1 13 29 11 5 4
split_gain=0.570036 0.486121 0.548435 1.34752 0.701174 0.966388 0.423193 1.09975e-05 2.82249e-06 1.3532e-07
threshold=0.024914742219005224 0.0082442092521698134 0.010167311406912962 0.010531519258500268 0.019119769836520976 73.602569263826879 0.0046988529719249614 4923.2910302734381 0.018568455083414433 0.022844953517868669
decision_type=2 2 2 2 2 2 2 2 2 2
left_child=1 -1 3 6 -4 -6 -3 8 -2 -10
right_child=7 2 4 -5 5 -7 -8 -9 9 -11
leaf_value=-0.019341971313441578 -0.033797949640997089 -0.035591060903887237 0.03635771632100316 0.033922462183229869 -0.013032654615243314 0.035163065659132124 0.003591830081249216 -0.034049725471650548 -0.033592401584293351 -0.033646670913936867
leaf_weight=2.20355475321412 0.41932020336389608 2.3745892345905291 2.4980538785457611 1.4192957654595373 3.0366330118849874 1.5819393359124658 0.97084497474133957 0.31181140709668398 0.23795892205089331 0.22205597162246704
leaf_count=32 23 43 16 7 46 11 19 13 23 17
internal_value=-0.000581463 0.00222734 0.00622765 -0.00690092 0.0150175 0.0034752 -0.0242202 -0.0337946 -0.0337041 -0.0336186
internal_weight=15.2761 14.0849 11.8814 4.76473 7.11663 4.61857 3.34543 1.19115 0.879335 0.460015
internal_count=250 174 142 69 73 57 62 76 63 40
is_linear=0
shrinkage=0.05


Tree=185
num_leaves=7
num_cat=0
split_feature=16 16 20 32 19 30
split_gain=0.716161 1.32166 0.901912 1.34901 1.96387 1.48898
threshold=0.010795918249056959 0.012555804180735533 0.11884189159958426 -0.22015684714245229 -0.0020142956723152024 0.0041410092022451392
decision_type=2 2 2 2 2 2
left_child=-1 -2 3 4 -3 -5
right_child=1 2 -4 5 -6 -7
leaf_value=0.015339613828157204 -0.026333403824929325 -0.0072853329608505314 0.014828166180040278 -0.03373767639252559 0.016165931686597891 0.0013820613511586948
leaf_weight=6.9900324046611777 4.9484799504280081 21.090296968817704 9.3286208733916265 6.1957550197839719 15.479749396443372 5.8844256699085236
leaf_count=24 18 75 36 21 55 21
internal_value=0.000156433 -0.00153013 0.000586823 -0.00214394 0.00264136 -0.0166304
internal_weight=69.9174 62.9273 57.9788 48.6502 36.57 12.0802
internal_count=250 226 208 172 130 42
is_linear=0
shrinkage=0.05


Tree=186
num_leaves=7
num_cat=0
split_feature=9 21 11 23 13 16
split_gain=0.737787 1.08832 1.33911 1.96965 1.30661 1.03594
threshold=5021.9224609375005 0.0035495773375714417 3977.0679956054692 -1.0000000180025095e-35 44.205578903182619 0.021512203052845322
decision_type=2 2 2 2 2 2
left_child=1 2 4 -4 -1 -6
right_child=-2 -3 3 -5 5 -7
leaf_value=-0.018071970811842107 0.018213023955242887 -0.018451846961821224 -0.026193008795193262 0.0062210332207386053 0.0041079352074650582 0.023906257134418331
leaf_weight=4.5037428662180892 5.1127247363328925 8.2464200183749181 9.1772312074899691 9.5779381245374662 19.411738716065887 10.016613289713858
leaf_count=19 19 35 38 33 72 34
internal_value=-3.07017e-05 -0.00156147 0.00108215 -0.00963972 0.00700842 0.0108467
internal_weight=66.0464 60.9337 52.6873 18.7552 33.9321 29.4284
internal_count=250 231 196 71 125 106
is_linear=0
shrinkage=0.05


Tree=187
num_leaves=12
num_cat=0
split_feature=7 0 0 21 6 31 29 28 7 23 16
split_gain=0.591874 0.616658 1.4618 1.45214 1.04698 0.91168 0.816805 0.000967763 0.000490153 0.00016382 3.6251e-05
threshold=3347.7400024414069 0.0027414873563184066 0.0005742204483144554 0.00096570780090388119 0.96164996537233516 0.28138982799416506 0.0044184144934866785 0.0063923203327502795 3699.6450195312505 0.0095181820269889545 0.02030717690667639
decision_type=2 2 2 2 2 2 2 2 2 2 2
left_child=9 2 3 7 6 -5 -3 -2 -6 -1 -10
right_child=1 4 -4 5 8 -7 -8 -9 10 -11 -12
leaf_value=-0.033925862377948646 -0.0345755055132509 -0.014903473706542304 0.046531428654740206 -0.010786804044128045 -0.03600923837190402 0.037399034252291422 0.034919692942367429 -0.036759648734332094 -0.034728997384973946 -0.035129423647820471 -0.034247931894728689
leaf_weight=0.73029282409697838 0.93685698043554877 1.7807921152561896 2.1510527301579714 1.7591133830137553 0.84748898260295424 2.2209625914692879 1.5288411537185309 1.1057565156370399 0.90780005045235135 0.46132918773218989 0.68869903963059187
leaf_count=37 24 28 11 37 11 10 17 16 18 14 27
internal_value=-0.000570649 0.00232308 0.0111502 -0.00148653 -0.0102169 0.0161019 0.00811168 -0.0357579 -0.0350374 -0.0343918 -0.0345215
internal_weight=15.119 13.9274 8.17374 6.02269 5.75362 3.98008 3.30963 2.04261 2.44399 1.19162 1.5965
internal_count=250 199 98 87 101 47 45 40 56 51 45
is_linear=0
shrinkage=0.05


Tree=188
num_leaves=8
num_cat=0
split_feature=19 22 27 5 28 3 24
split_gain=0.733052 0.995207 0.94145 1.22894 1.00237 0.766395 1.53663
threshold=-0.054805799949304061 0.00085918318370781243 -0.0081993809289979663 0.012180704607723391 0.042903524122921984 0.069156522768211062 0.014911151110892253
decision_type=2 2 2 2 2 2 2
left_child=1 -1 3 -2 5 6 -4
right_child=2 -3 4 -5 -6 -7 -8
leaf_value=-0.00064987807566324032 0.0015271921821830138 0.027053588808926395 0.020028012501754344 -0.026819435334231048 -0.012468340636415743 -0.0051629551744619548 -0.010177839286711904
leaf_weight=7.9487570971250516 7.4942450076341611 5.4744895026087761 14.924446232616907 7.8063426613807678 9.6494489014148694 10.317247360944746 5.8650795966386786
leaf_count=27 27 24 54 29 34 34 21
internal_value=0.000153359 0.0106486 -0.00235981 -0.0129352 0.00161038 0.00597766 0.0115064
internal_weight=69.4801 13.4232 56.0568 15.3006 40.7562 31.1068 20.7895
internal_count=250 51 199 56 143 109 75
is_linear=0
shrinkage=0.05


Tree=189
num_leaves=10
num_cat=0
split_feature=0 18 32 13 1 27 6 22 1
split_gain=0.706398 1.22857 1.21745 1.1116 0.912768 0.956293 1.04756 0.84828 0.675515
threshold=-0.00033551514938506827 0.1356182751407122 -0.52354147888310276 56.619846137036255 -0.016868635283571628 0.006402940619530507 0.77593117613902551 -0.00075626678585982699 0.01857427860085992
decision_type=2 2 2 2 2 2 2 2 2
left_child=1 3 -3 -1 -2 6 -6 -8 -7
right_child=4 2 -4 -5 5 8 7 -9 -10
leaf_value=-0.032527672031529009 0.022257305468671978 0.023090487225341429 -0.0080598880011971859 -0.0028984514606827374 0.012487868846639561 0.026315268930632463 -0.0034237702919003455 -0.027897231879511403 0.0027876232485674339
leaf_weight=6.2773143202066439 5.9222823828458777 5.1843633502721786 7.9412835538387281 6.3858269602060318 5.7726376056671169 4.8878455907106391 9.5012006536126119 5.6439631879329673 8.1174988895654661
leaf_count=30 20 18 33 24 19 18 35 23 30
internal_value=-2.76868e-05 -0.00647536 0.00424388 -0.0175861 0.00414538 0.000983416 -0.00563601 -0.012544 0.0116301
internal_weight=65.6342 25.7888 13.1256 12.6631 39.8454 33.9231 20.9178 15.1452 13.0053
internal_count=250 105 51 54 145 125 77 58 48
is_linear=0
shrinkage=0.05


Tree=190
num_leaves=11
num_cat=0
split_feature=16 4 1 23 7 14 29 11 4 32
split_gain=0.535658 0.456399 0.492299 1.25029 0.649274 0.69536 0.411135 9.24974e-06 2.53943e-06 4.3812e-07
threshold=0.024914742219005224 0.0082442092521698134 0.010167311406912962 0.010531519258500268 4174.239965820313 0.77937036654839464 0.0046988529719249614 4923.2910302734381 0.014906151697964484 -0.43659903592696409
decision_type=2 2 2 2 2 2 2 2 2 2
left_child=1 -1 3 6 5 -4 -3 8 -2 -10
right_child=7 2 4 -5 -6 -7 -8 -9 9 -11
leaf_value=-0.019096910211551372 -0.033826896493372949 -0.03546658255391353 0.024058839547262401 0.032729966476872228 0.030226139908677868 -0.019839805183532136 0.0035824636690940876 -0.034010977596032492 -0.033593338785007795 -0.033679417139111351
leaf_weight=2.1395558640360823 0.2283317330293364 2.2581771910190569 1.6306864526122811 1.4043056294322012 3.3637152835726738 2.0189588479697704 0.96089617628604163 0.29498068429529667 0.33782161353155971 0.26283555617555976
leaf_count=32 12 43 17 7 25 31 19 13 32 19
internal_value=-0.000580642 0.00212723 0.00602954 -0.00663683 0.0143795 -0.000225591 -0.0238104 -0.0337705 -0.033685 -0.033631
internal_weight=14.9003 13.7763 11.6367 4.62338 7.01336 3.64965 3.21907 1.12397 0.828989 0.600657
internal_count=250 174 142 69 73 48 62 76 63 51
is_linear=0
shrinkage=0.05


Tree=191
num_leaves=7
num_cat=0
split_feature=18 16 29 7 21 22
split_gain=0.694182 1.22257 1.58787 1.40196 1.89799 1.09504
threshold=0.85043777353026295 0.034983122722560316 -0.0065532410594466564 3334.7049926757818 -0.00061647896028110816 -0.0038781620359074616
decision_type=2 2 2 2 2 2
left_child=1 2 -1 -4 -5 -2
right_child=5 -3 3 4 -6 -7
leaf_value=-0.027571986568682944 -0.026025844263330003 0.024868728497674918 0.025114355003731149 0.012529249095605302 -0.0099224879033182889 0.0023056433081095396
leaf_weight=4.6702227666974059 5.9623295068740845 5.5762561708688727 6.209873527288436 16.243761360645291 22.385173812508587 7.9691439718008024
leaf_count=19 20 20 25 57 82 27
internal_value=0.000151686 0.00267348 0.000173608 0.00306347 -0.000481362 -0.00981954
internal_weight=69.0168 55.0853 49.509 44.8388 38.6289 13.9315
internal_count=250 203 183 164 139 47
is_linear=0
shrinkage=0.05


Tree=192
num_leaves=6
num_cat=0
split_feature=1 8 8 3 3
split_gain=0.693737 1.11865 0.887825 1.27563 1.41556
threshold=-0.03564531815114768 -0.013484873565105714 -0.0077773771284512004 0.10475743092017532 0.076243057432610964
decision_type=2 2 2 2 2
left_child=-1 -2 -3 4 -4
right_child=1 2 3 -5 -6
leaf_value=0.016887624111868709 -0.023543724026870251 0.020992707672668517 -9.2714075613959044e-05 0.019041285132415358 -0.022906177510389078
leaf_weight=5.5549122095108023 5.2866608053445807 4.8378396183252326 34.504893645644188 6.5869685113430014 8.4684290364384633
leaf_count=21 23 17 131 23 35
internal_value=-1.30771e-05 -0.00158604 0.00054791 -0.00144781 -0.00458839
internal_weight=65.2397 59.6848 54.3981 49.5603 42.9733
internal_count=250 229 206 189 166
is_linear=0
shrinkage=0.05


Tree=193
num_leaves=9
num_cat=0
split_feature=16 34 18 2 19 11 5 4
split_gain=0.513028 0.437614 1.10923 0.709627 0.611386 7.75474e-06 2.26952e-06 1.04037e-07
threshold=0.024914742219005224 2.4078008602523187 0.39285680336203138 0.032459580022046637 0.011424485563714228 4923.2910302734381 0.018568455083414433 0.022844953517868669
decision_type=2 2 2 2 2 2 2 2
left_child=1 2 3 4 -1 6 -2 -8
right_child=5 -3 -4 -5 -6 -7 7 -9
leaf_value=0.00077534704786817548 -0.033761152317442943 0.02561355108834646 -0.035190686105768448 -0.019881614916558776 0.029240851721977774 -0.033978046187313794 -0.033568336824584391 -0.033618343036934811
leaf_weight=4.5755486255511624 0.38327025249600477 1.7167678521946061 2.0169381480664006 2.1598736708983779 3.2094795498996973 0.28261821530759335 0.21482655545696616 0.20163639960810542
leaf_count=57 23 13 38 32 34 13 23 17
internal_value=-0.000615384 0.0020067 -0.00138136 0.00547555 0.0125106 -0.0337529 -0.0336734 -0.0335925
internal_weight=14.761 13.6786 11.9618 9.9449 7.78503 1.08235 0.799733 0.416463
internal_count=250 174 161 123 91 76 63 40
is_linear=0
shrinkage=0.05


Tree=194
num_leaves=10
num_cat=0
split_feature=0 1 8 0 33 24 17 6 33
split_gain=0.682215 1.15901 1.18839 1.11359 1.1484 1.1763 1.08964 1.05638 0.953294
threshold=0.0005742204483144554 0.022232332119969115 0.0054051867519174443 0.003342924397658154 0.90500000000000014 0.0046789544047062268 0.0080230677748215993 0.92934876811335898 0.75500000000000012
decision_type=2 2 2 2 2 2 2 2 2
left_child=1 2 7 -2 5 6 -5 -1 -9
right_child=3 -3 -4 4 -6 -7 -8 8 -10
leaf_value=0.02331101252104199 -0.023444134013234877 0.024657977422581107 -0.019196034040464199 0.029348275808550619 -0.017173541465531999 -0.0095067081784980124 0.0022567068479844854 -0.015469826057049212 0.013326276922601361
leaf_weight=6.3916567564010718 6.3225431740283957 6.4054981023073188 5.7052056044340125 6.2445344626903561 7.8151088505983344 9.0025797635316831 9.1500191390514356 6.1555752009153348 5.3913399279117584
leaf_count=25 21 24 20 24 27 32 33 22 22
internal_value=0.000144885 0.00579202 0.000680918 -0.00425873 -0.000493066 0.00485017 0.0132459 0.00700261 -0.00202471
internal_weight=68.5841 30.0493 23.6438 38.5348 32.2122 24.3971 15.3946 17.9386 11.5469
internal_count=250 113 89 137 116 89 57 69 44
is_linear=0
shrinkage=0.05


Tree=195
num_leaves=7
num_cat=0
split_feature=9 21 11 23 21 12
split_gain=0.669016 1.03105 1.26728 1.8424 1.24386 1.54963
threshold=5021.9224609375005 0.0035495773375714417 3977.0679956054692 -1.0000000180025095e-35 0.0022411371037304177 0.029706898216113806
decision_type=2 2 2 2 2 2
left_child=1 2 4 -4 5 -1
right_child=-2 -3 3 -5 -6 -7
leaf_value=-0.011625586206759938 0.017572303935144837 -0.018121470308728519 -0.025674812545653587 0.0059526612870145178 0.027517654546326292 0.01249312873788676
leaf_weight=11.44939708709717 4.9983554482460013 8.0456283353269082 8.9514464214444178 9.4823290556669217 6.0136223658919326 15.919830940663813
leaf_count=45 19 35 38 33 21 59
internal_value=-1.29944e-06 -0.00146865 0.00111705 -0.00940565 0.00692761 0.00240352
internal_weight=64.8606 59.8623 51.8166 18.4338 33.3829 27.3692
internal_count=250 231 196 71 125 104
is_linear=0
shrinkage=0.05


Tree=196
num_leaves=11
num_cat=0
split_feature=16 4 1 23 1 13 29 11 4 32
split_gain=0.491846 0.433768 0.456721 1.15387 0.612054 0.845001 0.400157 6.66291e-06 2.05078e-06 3.71041e-07
threshold=0.024914742219005224 0.0082442092521698134 0.010167311406912962 0.010531519258500268 0.019119769836520976 73.602569263826879 0.0046988529719249614 4923.2910302734381 0.014906151697964484 -0.43659903592696409
decision_type=2 2 2 2 2 2 2 2 2 2
left_child=1 -1 3 6 -4 -6 -3 8 -2 -10
right_child=7 2 4 -5 5 -7 -8 -9 9 -11
leaf_value=-0.019034765169564132 -0.033793986857711678 -0.035367269320165977 0.033773075198719131 0.031060213231388013 -0.013064427551771519 0.032454708646128004 0.0034957724274188571 -0.033950292101541622 -0.033575677625408869 -0.033657739966384763
leaf_weight=2.095481699332594 0.21342275058850713 2.1766436574980603 2.463944710791111 1.4008097499608991 2.9316193908452988 1.5631959997117517 0.95209030807018269 0.27098394650965929 0.31297558126971126 0.24602217273786664
leaf_count=32 12 43 16 7 46 11 19 13 32 19
internal_value=-0.000655244 0.00188585 0.00570179 -0.00665502 0.013745 0.00276611 -0.023541 -0.033737 -0.0336621 -0.0336118
internal_weight=14.6272 13.5838 11.4883 4.52954 6.95876 4.49482 3.12873 1.0434 0.772421 0.558998
internal_count=250 174 142 69 73 57 62 76 63 51
is_linear=0
shrinkage=0.05


Tree=197
num_leaves=9
num_cat=0
split_feature=19 22 27 19 28 23 19 12
split_gain=0.668422 0.934399 0.916164 1.20693 0.962461 1.32972 2.20053 0.576366
threshold=-0.054805799949304061 0.00085918318370781243 -0.0081993809289979663 0.02074166080827811 -0.017235182105305832 -1.0000000180025095e-35 -0.0020142956723152024 0.050506111768960853
decision_type=2 2 2 2 2 2 2 2
left_child=1 -1 3 -2 -4 7 -7 -6
right_child=2 -3 4 -5 5 6 -8 -9
leaf_value=-0.00069144565609464319 -0.023443122717765386 0.026497864987053373 0.01809654635481163 0.0060497944427519643 0.019879965788524467 -0.031524813337321191 0.0034178360496886998 -0.00042925149452615799
leaf_weight=7.8316088169813138 9.610060974955557 5.2972800806164742 7.298322267830371 5.4282606542110434 6.9585900530219025 7.5605363994836763 11.150929927825937 7.015352874994278
leaf_count=27 35 24 27 21 26 26 40 24
internal_value=0.000141871 0.010279 -0.00227696 -0.0127973 0.00167986 -0.00198582 -0.0107011 0.00968411
internal_weight=68.1509 13.1289 55.0221 15.0383 39.9837 32.6854 18.7115 13.9739
internal_count=250 51 199 56 143 116 66 50
is_linear=0
shrinkage=0.05


Tree=198
num_leaves=9
num_cat=0
split_feature=0 22 21 23 28 33 24 16
split_gain=0.661786 1.15929 1.24974 1.68731 0.81986 1.03882 0.978867 0.979628
threshold=-0.00033551514938506827 0.0065591886787134132 0.0017184121188301706 -1.0000000180025095e-35 -0.033448733870370333 0.90500000000000014 0.0041983724455392233 0.013398875263592484
decision_type=2 2 2 2 2 2 2 2
left_child=1 2 3 -1 -2 6 7 -6
right_child=4 -3 -4 -5 5 -7 -8 -9
leaf_value=-0.036334367357145646 -0.01143610395716773 -0.027628265466464796 0.011184659906364228 0.0053696692156475975 0.011466973793269112 0.023578030417299597 0.013542446676523337 -0.016496337609299437
leaf_weight=4.4791248962283161 7.0121655017137519 5.0945834480226031 10.344863049685953 5.2896146774292019 4.8726183027029064 7.607980713248252 10.994362860918043 8.7677214369177801
leaf_count=23 26 26 38 18 18 26 39 36
internal_value=-1.15731e-06 -0.00632308 -0.000926682 -0.0137523 0.00405858 0.00742837 0.00244084 -0.00650725
internal_weight=64.463 25.2082 20.1136 9.76874 39.2548 32.2427 24.6347 13.6403
internal_count=250 105 79 41 145 119 93 54
is_linear=0
shrinkage=0.05


Tree=199
num_leaves=10
num_cat=0
split_feature=16 16 33 11 10 13 32 4 32
split_gain=0.472308 0.410394 0.625626 0.581733 0.479174 0.682719 5.66522e-06 1.78459e-06 3.5761e-07
threshold=0.024914742219005224 0.01394624661794828 0.39500000000000007 3347.1900000000005 0.019229719456634976 78.046463204507276 -0.097008454651677192 0.014982299200699522 -0.43659903592696409
decision_type=2 2 2 2 2 2 2 2 2
left_child=1 2 -1 -3 -5 -6 7 -2 -9
right_child=6 3 -4 4 5 -7 -8 8 -10
leaf_value=-0.035149868505736599 -0.033772582712438902 -0.016807891438077007 0.0052366765897674137 0.028650607465902801 -0.018988702308208635 0.020563282281506112 -0.033925630125946404 -0.033567577859539191 -0.033650483382177916
leaf_weight=1.6583651369437569 0.22026110393926501 1.9688642276450972 2.2735609170049429 3.1375547293573618 1.9530966477468608 2.4719487316906452 0.255226785317064 0.302088079508394 0.22842602385208011
leaf_count=32 13 38 28 29 31 16 13 32 18
internal_value=-0.000674869 0.00179447 -0.0117971 0.00740128 0.0137039 0.00310609 -0.0337221 -0.0336529 -0.0336033
internal_weight=14.4694 13.4634 3.93193 9.53146 7.5626 4.42505 1.006 0.750775 0.530514
internal_count=250 174 60 114 76 47 76 63 50
is_linear=0
shrinkage=0.05


Tree=200
num_leaves=10
num_cat=0
split_feature=0 1 8 0 33 24 17 6 33
split_gain=0.659522 1.08749 1.1109 1.06281 1.06662 1.10136 0.996651 0.97161 0.865116
threshold=0.0005742204483144554 0.022232332119969115 0.0054051867519174443 0.003342924397658154 0.90500000000000014 0.0046789544047062268 0.0080230677748215993 0.92934876811335898 0.75500000000000012
decision_type=2 2 2 2 2 2 2 2 2
left_child=1 2 7 -2 5 6 -5 -1 -9
right_child=3 -3 -4 4 -6 -7 -8 8 -10
leaf_value=0.022703603590589368 -0.023038024535223793 0.024129031288337717 -0.018564093936871372 0.028506137666005328 -0.016674327131488333 -0.0092543998113839981 0.0023801152046394485 -0.014666894986369226 0.012982227427507601
leaf_weight=6.2825026437640288 6.2602708488702765 6.3244921416044226 5.6419109255075446 6.0980639606714311 7.7237861901521674 8.9362724721431714 9.0943246483802778 6.077730715274809 5.2929190769791603
leaf_count=25 21 24 20 24 27 32 33 22 22
internal_value=0.000145271 0.00574198 0.000749984 -0.00420425 -0.000502661 0.00467402 0.0128668 0.00692272 -0.00179652
internal_weight=67.7323 29.6196 23.2951 38.1127 31.8524 24.1287 15.1924 17.6532 11.3706
internal_count=250 113 89 137 116 89 57 69 44
is_linear=0
shrinkage=0.05


Tree=201
num_leaves=6
num_cat=0
split_feature=1 10 12 12 0
split_gain=0.682407 1.257 1.08349 1.64235 1.09722
threshold=-0.03031299405182469 -0.007632002399465967 0.013048710343382347 0.027423508431780264 -0.0049156172271392897
decision_type=2 2 2 2 2
left_child=-1 -2 -3 -4 -5
right_child=1 2 3 4 -6
leaf_value=0.013896001279690835 -0.023995940033634422 0.018323845305011504 -0.02832177102770228 -0.015206594035645943 0.0056889327574493383
leaf_weight=7.7749755382537833 5.7790411673486224 7.3799895495176306 5.3551098480820647 7.9671174436807588 29.709730535745624
leaf_count=30 27 26 22 32 113
internal_value=1.24297e-05 -0.0019086 0.000623414 -0.00241221 0.00127038
internal_weight=63.966 56.191 50.4119 43.032 37.6768
internal_count=250 220 193 167 145
is_linear=0
shrinkage=0.05


Tree=202
num_leaves=9
num_cat=0
split_feature=16 4 30 22 28 3 32 5
split_gain=0.453601 0.394422 0.419691 0.880806 0.753387 0.845329 5.01499e-06 1.63621e-06
threshold=0.024914742219005224 0.0082442092521698134 0.0067993525455957169 -0.0022232471265162253 0.0219700531521595 0.057917092009554867 -0.097008454651677192 0.018568455083414433
decision_type=2 2 2 2 2 2 2 2
left_child=1 -1 4 -4 5 -3 7 -2
right_child=6 2 3 -5 -6 -7 -8 -9
leaf_value=-0.018543843993689406 -0.033717981913117825 0.0044668414788997289 -0.034807695140091376 0.010764680480828943 -0.011552707195525669 0.047016058389955519 -0.033903240146409476 -0.033567645057882893
leaf_weight=2.0400225119665256 0.35888257902115583 2.4968619877472502 1.7067162217572329 2.7992802923545241 2.1211027959361672 2.1921413764357567 0.24659149069339115 0.36512245191261172
leaf_count=32 24 39 36 27 27 13 13 39
internal_value=-0.000705413 0.00169294 0.00534115 -0.00649657 0.0131737 0.0243589 -0.0337085 -0.0336422
internal_weight=14.3267 13.3561 11.3161 4.506 6.81011 4.689 0.970597 0.724005
internal_count=250 174 142 63 79 52 76 63
is_linear=0
shrinkage=0.05


Tree=203
num_leaves=6
num_cat=0
split_feature=28 20 30 21 18
split_gain=1.09283 0.931358 1.32928 1.23096 1.50606
threshold=-0.063746158169736319 0.11884189159958426 -0.0087131139350996017 0.0037708410989416579 0.85043777353026295
decision_type=2 2 2 2 2
left_child=-1 2 -2 4 -4
right_child=1 -3 3 -5 -6
leaf_value=0.024143007215477495 -0.026807858120731099 0.01299150152523469 -0.00017841078995796015 0.01914717717336327 -0.025543788002152526
leaf_weight=4.4288793057203284 5.7534255385398856 9.3613717481493932 34.236628703773022 6.3408679291605941 7.0583929717540732
leaf_count=15 21 39 127 25 23
internal_value=0.000138601 -0.00155561 -0.00410632 -0.00136445 -0.00451401
internal_weight=67.1796 62.7507 53.3893 47.6359 41.295
internal_count=250 235 196 175 150
is_linear=0
shrinkage=0.05


Tree=204
num_leaves=7
num_cat=0
split_feature=9 21 11 23 2 16
split_gain=0.649552 0.945037 1.20914 1.70416 1.12478 1.31851
threshold=5021.9224609375005 0.0035495773375714417 3977.0679956054692 -1.0000000180025095e-35 -0.016273241577175409 0.021512203052845322
decision_type=2 2 2 2 2 2
left_child=1 2 4 -4 -1 -6
right_child=-2 -3 3 -5 5 -7
leaf_value=-0.014717356495187959 0.017536377103293234 -0.017567992559828934 -0.025259067262026959 0.0054449690614806756 0.0036831929173846444 0.027598954203701665
leaf_weight=5.1395059302449217 4.8774732947349539 7.8776221685111514 8.7124528139829653 9.3895727694034559 19.496426142752174 8.1815415769815427
leaf_count=22 19 35 38 33 73 30
internal_value=2.63612e-06 -0.00145186 0.00104142 -0.0093328 0.00676381 0.0107526
internal_weight=63.6746 58.7971 50.9195 18.102 32.8175 27.678
internal_count=250 231 196 71 125 103
is_linear=0
shrinkage=0.05


Tree=205
num_leaves=10
num_cat=0
split_feature=0 0 21 6 29 13 28 15 15
split_gain=0.447985 1.2584 1.08326 0.937048 1.49943 0.761078 0.000836805 0.00031776 6.72416e-05
threshold=0.0027414873563184066 0.0005742204483144554 0.00096570780090388119 0.96164996537233516 0.0033149998586834433 55.438462226740164 0.025376446867029005 0.01555576284555087 0.021807409286222566
decision_type=2 2 2 2 2 2 2 2 2
left_child=1 2 6 4 -2 -4 -1 -5 -9
right_child=3 -3 5 7 -6 -7 -8 8 -10
leaf_value=-0.034422530919004816 -0.035069337093092151 0.038917259218704231 -0.01926132353114739 -0.035684044768624822 0.034136445744010667 0.024798178811412882 -0.036477201917233762 -0.034757099264993992 -0.034132406991226404
leaf_weight=1.0135090220719556 1.3156217597424995 2.2224290575832129 1.5144023676402865 0.73550206981599364 1.9321112232282756 2.7783064735122025 0.96962621109560121 0.85574613930657484 0.86741326423361897
leaf_count=30 31 15 35 12 21 32 16 19 39
internal_value=-0.000691098 0.00658506 -0.00486456 -0.0115271 0.00610193 0.00925466 -0.0354271 -0.034814 -0.0344426
internal_weight=14.2047 8.49827 6.27584 5.70639 3.24773 4.29271 1.98314 2.45866 1.72316
internal_count=250 128 113 122 52 67 46 70 58
is_linear=0
shrinkage=0.05


Tree=206
num_leaves=7
num_cat=0
split_feature=28 20 18 0 4 33
split_gain=1.01896 0.862221 1.24703 1.02406 1.79097 1.35616
threshold=-0.063746158169736319 0.15828637096683099 1.3163298153540046 0.0005742204483144554 0.020844425310940221 0.63500000000000012
decision_type=2 2 2 2 2 2
left_child=-1 2 3 5 -5 -2
right_child=1 -3 -4 4 -6 -7
leaf_value=0.023405476500246172 -0.0060583408813386485 0.015187921552724979 -0.024493783384211213 -0.00066747192923654729 -0.031778280403413864 0.019211746784538498
leaf_weight=4.3983736336231223 9.9899699091911334 6.8921622633934012 6.3076256662607184 22.113662704825405 5.8497333228588095 11.331624180078505
leaf_count=15 39 27 21 82 21 45
internal_value=0.000144266 -0.00149312 -0.00356117 -0.000882156 -0.00717562 0.00737176
internal_weight=66.8832 62.4848 55.5926 49.285 27.9634 21.3216
internal_count=250 235 208 187 103 84
is_linear=0
shrinkage=0.05


Tree=207
num_leaves=7
num_cat=0
split_feature=1 10 12 8 29 13
split_gain=0.639868 1.17559 1.00867 0.982533 1.61845 0.973448
threshold=-0.03031299405182469 -0.007632002399465967 0.013048710343382347 0.01994867391397084 -0.0014699969061824911 70.525569114368423
decision_type=2 2 2 2 2 2
left_child=-1 -2 -3 4 -4 -5
right_child=1 2 3 5 -6 -7
leaf_value=0.013549997789930419 -0.023437194583327794 0.01774009622384563 -0.02855014432542808 0.018084231278560941 -0.00046784718774924548 -0.0050400111959633363
leaf_weight=7.6661026477813712 5.6684572659432879 7.3175281137228003 7.337616652250289 9.0344062894582766 17.058199249207977 9.1710851788520795
leaf_count=30 27 26 31 32 69 35
internal_value=8.28203e-06 -0.00185927 0.000590978 -0.00235469 -0.00891426 0.00643531
internal_weight=63.2534 55.5873 49.9188 42.6013 24.3958 18.2055
internal_count=250 220 193 167 100 67
is_linear=0
shrinkage=0.05


Tree=208
num_leaves=10
num_cat=0
split_feature=0 0 21 6 29 13 28 15 15
split_gain=0.431658 1.16858 1.03821 0.900129 1.40881 0.710548 0.000744404 0.00028204 5.81539e-05
threshold=0.0027414873563184066 0.0005742204483144554 0.00096570780090388119 0.96164996537233516 0.0033149998586834433 55.438462226740164 0.025376446867029005 0.01555576284555087 0.021807409286222566
decision_type=2 2 2 2 2 2 2 2 2
left_child=1 2 6 4 -2 -4 -1 -5 -9
right_child=3 -3 5 7 -6 -7 -8 8 -10
leaf_value=-0.034379451309952028 -0.035015913955264759 0.037566939843094477 -0.018879513191969271 -0.035597302668732546 0.032632416488518064 0.023884778740515963 -0.036353432763937009 -0.034706905617963496 -0.034116594747224692
leaf_weight=0.97473487863316932 1.2757956893183302 2.2213973701000214 1.4910197453573344 0.71213057450950179 1.9398026443086562 2.7868808750063181 0.93642419204115868 0.82610570220276691 0.84291336173191667
leaf_count=30 31 15 35 12 21 32 16 19 39
internal_value=-0.00070244 0.00645771 -0.00470811 -0.0114623 0.00579279 0.00897971 -0.0353467 -0.0347642 -0.0344088
internal_weight=14.0072 8.41046 6.18906 5.59675 3.2156 4.2779 1.91116 2.38115 1.66902
internal_count=250 128 113 122 52 67 46 70 58
is_linear=0
shrinkage=0.05


Tree=209
num_leaves=7
num_cat=0
split_feature=28 20 18 0 4 33
split_gain=0.951787 0.817106 1.17233 0.959489 1.7134 1.26955
threshold=-0.063746158169736319 0.15828637096683099 1.3163298153540046 0.0005742204483144554 0.020844425310940221 0.63500000000000012
decision_type=2 2 2 2 2 2
left_child=-1 2 3 5 -5 -2
right_child=1 -3 -4 4 -6 -7
leaf_value=0.02268228479387685 -0.0058529648445650399 0.01484275174127403 -0.023811354587496697 -0.0006139441498087179 -0.031233485202236528 0.018679776561676839
leaf_weight=4.3743326365947715 9.9435733705759066 6.8474351465702048 6.2773294001817694 21.997381672263149 5.766471490263938 11.228398658335207
leaf_count=15 39 27 21 82 21 45
internal_value=0.000140218 -0.00144866 -0.00346909 -0.000859648 -0.00697353 0.00715779
internal_weight=66.4349 62.0606 55.2132 48.9358 27.7639 21.172
internal_count=250 235 208 187 103 84
is_linear=0
shrinkage=0.05


Tree=210
num_leaves=8
num_cat=0
split_feature=30 21 32 20 30 28 8
split_gain=0.627674 1.78872 0.991926 2.42871 1.58342 1.30074 0.932878
threshold=-0.01322337341609031 0.0037708410989416579 -0.23987117030361244 -0.032260571795772568 0.0030269241125201467 0.0084322621694238337 0.01994867391397084
decision_type=2 2 2 2 2 2 2
left_child=-1 2 4 -4 5 -2 -6
right_child=1 -3 3 -5 6 -7 -8
leaf_value=0.012637957996350242 -0.039342682694227811 -0.026281497764575269 -0.010918779133579984 0.03038436047103818 -0.0031954545220262056 -0.0041245578595878627 0.018203601357241576
leaf_weight=8.5129641741514188 4.5744538679718953 6.6382675543427458 6.318301521241664 8.1504048109054548 14.760266520082952 6.1420049369335175 7.77620044350624
leaf_count=36 20 31 24 29 58 24 28
internal_value=1.37471e-05 -0.00196325 0.00141951 0.0123478 -0.0033355 -0.0191579 0.00418828
internal_weight=62.8729 54.3599 47.7216 14.4687 33.2529 10.7165 22.5365
internal_count=250 214 183 53 130 44 86
is_linear=0
shrinkage=0.05


Tree=211
num_leaves=8
num_cat=0
split_feature=16 4 29 29 17 33 32
split_gain=0.419348 0.370337 0.381251 0.700782 0.848698 4.12459e-06 6.09495e-08
threshold=0.024914742219005224 0.0082442092521698134 0.0055267861700197827 0.0044184144934866785 -0.0065871925413131622 0.80500000000000016 -0.4979904519187574
decision_type=2 2 2 2 2 2 2
left_child=1 -1 3 4 -3 -2 -7
right_child=5 2 -4 -5 -6 6 -8
leaf_value=-0.018396901124891753 -0.033775486569164286 0.031464493429479407 -0.016435041976288096 0.037177982778816267 -0.0074311809906346289 -0.033539132983181862 -0.033579007254078461
leaf_weight=1.9672256745398033 0.51881680125370699 1.8774125613272152 1.7212961046025146 1.8008933272212742 5.5437203506007808 0.19026802480220795 0.19309334037825465
leaf_count=32 34 17 34 10 81 23 19
internal_value=-0.000726866 0.00157612 0.00516657 0.00919852 0.00240872 -0.0336836 -0.0335592
internal_weight=13.8127 12.9105 10.9433 9.22203 7.42113 0.902178 0.383361
internal_count=250 174 142 108 98 76 42
is_linear=0
shrinkage=0.05


Tree=212
num_leaves=9
num_cat=0
split_feature=28 32 19 17 32 3 4 14
split_gain=0.88705 0.79831 1.2592 1.62586 1.06347 1.16104 1.19822 1.0843
threshold=-0.063746158169736319 -0.52354147888310276 0.0094030112652686588 -0.0050406917370384961 -0.36451410750881891 0.057917092009554867 0.0098422487880058789 0.88203010641992885
decision_type=2 2 2 2 2 2 2 2
left_child=-1 2 3 -2 -3 6 -6 -7
right_child=1 4 -4 -5 5 7 -8 -9
leaf_value=0.021971836407284555 0.0044680410625553765 0.018200927523166013 0.005477901597320093 -0.031418174796340931 0.026759209106435485 0.0016143342087773503 -0.0017569999757933259 -0.028160931429770771
leaf_weight=4.346074551343917 4.9452787563204756 8.8466988503932935 9.2164794206619245 8.7243663221597689 5.2235998138785424 6.0721249729394895 12.4965957775712 6.1588168740272522
leaf_count=15 20 36 36 30 20 23 49 21
internal_value=0.000138962 -0.00139932 -0.00880538 -0.0184356 0.00296938 -0.00152958 0.00664907 -0.0133788
internal_weight=66.03 61.684 22.8861 13.6696 38.7978 29.9511 17.7202 12.2309
internal_count=250 235 86 50 149 113 69 44
is_linear=0
shrinkage=0.05


Tree=213
num_leaves=8
num_cat=0
split_feature=9 10 32 24 20 5 9
split_gain=0.634428 0.89901 0.871527 1.53513 1.24598 1.18463 0.937349
threshold=5021.9224609375005 -0.012994545433481939 -0.23987117030361244 0.005796248179469444 0.0012316468289991225 0.011969136545495253 3383.9224975585944
decision_type=2 2 2 2 2 2 2
left_child=1 -1 3 5 -4 -3 -5
right_child=-2 2 4 6 -6 -7 -8
leaf_value=-0.019014787955552444 0.017456221649664233 -0.010272324944723063 -0.0039252787231403357 -0.0044931926056417165 0.025684999577023755 0.011393575349050807 -0.034606565760512138
leaf_weight=6.4584331251680842 4.8151106387376776 10.239603728055956 6.9091140329837781 5.1445473134517652 7.3134286254644394 16.436449781060219 5.1923889368772507
leaf_count=32 19 45 26 19 26 61 22
internal_value=2.00341e-05 -0.00143518 0.000780794 -0.00326158 0.0113007 0.00307712 -0.0196196
internal_weight=62.5091 57.694 51.2355 37.013 14.2225 26.6761 10.3369
internal_count=250 231 199 147 52 106 41
is_linear=0
shrinkage=0.05


Tree=214
num_leaves=9
num_cat=0
split_feature=16 34 18 30 4 1 33 6
split_gain=0.402424 0.359708 0.952172 0.604766 0.968975 0.586005 3.67487e-06 5.6374e-08
threshold=0.024914742219005224 2.4078008602523187 0.39285680336203138 0.0067993525455957169 0.012470654677532382 0.010167311406912962 0.80500000000000016 1.1436700690058699
decision_type=2 2 2 2 2 2 2 2
left_child=1 2 3 5 -5 -1 -2 -8
right_child=6 -3 -4 4 -6 -7 7 -9
leaf_value=-0.0063963666182204146 -0.033759471817576429 0.023355766086029149 -0.03501086184101556 -0.035477737490911182 0.014650317736039621 0.027491659521104883 -0.033530948022272189 -0.033570036096706272
leaf_weight=1.9967036340385655 0.49994897237047631 1.6370312431827176 1.8035987569019187 1.9380126073956492 1.9182117776945231 3.5328444233164191 0.17411790578626096 0.19616436352953315
leaf_count=36 34 13 38 32 26 29 22 20
internal_value=-0.000767693 0.0014647 -0.00173802 0.00465579 -0.0105424 0.0152548 -0.033671 -0.0335517
internal_weight=13.6966 12.8264 11.1894 9.38577 3.85622 5.52955 0.870231 0.370282
internal_count=250 174 161 123 58 65 76 42
is_linear=0
shrinkage=0.05


Tree=215
num_leaves=6
num_cat=0
split_feature=16 16 20 30 22
split_gain=0.620959 1.22809 0.807755 1.97726 1.65291
threshold=0.010795918249056959 0.012555804180735533 -0.10113077917364348 0.012121920221580431 -0.0067090732066747419
decision_type=2 2 2 2 2
left_child=-1 -2 -3 4 -4
right_child=1 2 3 -5 -6
leaf_value=0.014597646695094843 -0.026088244693082421 -0.012376900688266586 -0.020617410516415531 0.031808238840427092 0.0048006073468477607
leaf_weight=6.672930344939231 4.6737725138664237 9.7947697415947896 8.0564847439527458 5.4119403362274161 31.031989336013797
leaf_count=24 18 39 29 20 120
internal_value=0.000141107 -0.0014948 0.000622227 0.0034834 -0.000438274
internal_weight=65.6419 58.969 54.2952 44.5004 39.0885
internal_count=250 226 208 169 149
is_linear=0
shrinkage=0.05


Tree=216
num_leaves=8
num_cat=0
split_feature=9 10 32 24 32 20 5
split_gain=0.595958 0.839437 0.819012 1.42899 1.78577 1.18699 1.10048
threshold=5021.9224609375005 -0.012994545433481939 -0.23987117030361244 0.005796248179469444 -0.60144261524466625 0.0012316468289991225 0.011969136545495253
decision_type=2 2 2 2 2 2 2
left_child=1 -1 3 6 -5 -4 -3
right_child=-2 2 5 4 -6 -7 -8
leaf_value=-0.018453487862375058 0.016964639640200656 -0.0099850104816067431 -0.003913235259862197 -0.00014509143234922795 -0.042116715505484847 0.025026232451625881 0.010956829539699472
leaf_weight=6.4032942205667487 4.7917516976594916 10.166258648037912 6.8941288739442808 5.6259801089763641 4.6116342656314355 7.2901079803705215 16.382002472877502
leaf_count=32 19 45 26 21 20 26 61
internal_value=2.46803e-05 -0.00139012 0.000753521 -0.00318216 -0.0190516 0.0109604 0.00293747
internal_weight=62.1652 57.3734 50.9701 36.7859 10.2376 14.1842 26.5483
internal_count=250 231 199 147 41 52 106
is_linear=0
shrinkage=0.05


Tree=217
num_leaves=11
num_cat=0
split_feature=0 0 21 6 29 31 6 28 15 16
split_gain=0.387025 1.04798 0.982901 0.848649 1.29187 0.647708 0.93668 0.000665739 0.000233869 2.77734e-05
threshold=0.0027414873563184066 0.0005742204483144554 0.00096570780090388119 0.96164996537233516 0.0033149998586834433 0.41295385483039171 1.1869499666488184 0.025376446867029005 0.015981468989435563 0.022066818937779585
decision_type=2 2 2 2 2 2 2 2 2 2
left_child=1 2 7 4 -2 6 -4 -1 -5 -10
right_child=3 -3 5 8 -6 -7 -8 -9 9 -11
leaf_value=-0.034343995452883268 -0.034945819652353355 0.035753484772984775 -0.03475816854015789 -0.035322472790899589 0.031186795640423311 0.032710040046196848 0.026871132116333081 -0.036251705527463589 -0.034438270425562932 -0.033958306844540653
leaf_weight=0.9238277873955647 1.2030759598128509 2.1788743566721678 1.3922247611917558 0.88671241328120265 1.9121707822196183 1.67607134161517 1.1065650531090794 0.90562836173921824 0.90341684035956837 0.45231106085702777
leaf_count=30 31 15 41 16 21 15 11 16 22 32
internal_value=-0.00078939 0.00605041 -0.00472838 -0.0112363 0.00564707 0.00866324 -0.00746623 -0.0352884 -0.0346911 -0.0342781
internal_weight=13.5409 8.18319 6.00432 5.35769 3.11525 4.17486 2.49879 1.82946 2.24244 1.35573
internal_count=250 128 113 122 52 67 52 46 70 54
is_linear=0
shrinkage=0.05


Tree=218
num_leaves=10
num_cat=0
split_feature=28 32 19 17 32 31 31 18 27
split_gain=0.801164 0.772367 1.17254 1.48791 0.985967 1.37957 2.13973 1.16664 1.10226
threshold=-0.063746158169736319 -0.52354147888310276 0.0094030112652686588 -0.0050406917370384961 -0.23987117030361244 0.1533453389458572 -0.1722313526800402 0.12958122386108403 0.0033098994078742954
decision_type=2 2 2 2 2 2 2 2 2
left_child=-1 2 3 -2 5 6 -3 8 -6
right_child=1 4 -4 -5 7 -7 -8 -9 -10
leaf_value=0.021024636594966371 0.0039858910490594163 0.023147368287172999 0.0051656111068745592 -0.030512694141335967 -0.0096952414167756507 0.03101055629696664 -0.016110437190900207 -0.023359186351586087 0.020348350650952404
leaf_weight=4.290296107530593 4.9044909775257102 6.4942182153463364 9.1664360463619214 8.6163602471351641 6.9787058159708995 5.8975121080875388 7.4558419510722178 6.032049059867858 5.427166223526001
leaf_count=15 20 26 36 30 26 22 30 24 21
internal_value=0.000140275 -0.00132923 -0.00863961 -0.0179988 0.00300276 0.0107364 0.00216538 -0.00532219 0.00344785
internal_weight=65.2631 60.9728 22.6873 13.5209 38.2855 19.8476 13.9501 18.4379 12.4059
internal_count=250 235 86 50 149 78 56 71 47
is_linear=0
shrinkage=0.05


Tree=219
num_leaves=10
num_cat=0
split_feature=22 19 19 4 20 1 29 5 14
split_gain=0.57396 1.23422 1.68155 1.20385 1.12423 1.06283 1.00749 0.790535 0.970965
threshold=-0.0032460251132191416 0.0094030112652686588 -0.054805799949304061 0.017946255814469146 0.02048037076021603 0.016477600502263882 0.0020059961375012984 0.020371153066885878 0.6115258354358738
decision_type=2 2 2 2 2 2 2 2 2
left_child=4 2 -2 -4 5 -1 -7 8 -3
right_child=1 7 3 -5 -6 6 -8 -9 -10
leaf_value=0.014346604034508818 -0.017656099845481922 0.0099642363467022793 0.0018462053787416588 0.031050544700480406 0.025495383492562546 0.0050805387376894051 -0.025533715030814148 -0.031344202315962709 -0.018941198212989716
leaf_weight=7.5941898226738038 6.1762381643056896 4.9001354500651377 8.9048034027218801 5.8448795750737181 5.6732000708580008 5.4240050017833692 5.3265125453472137 4.7053152509033671 7.1363510116934776
leaf_count=28 31 19 37 22 20 21 21 20 31
internal_value=3.1075e-06 -0.00384814 0.00424729 0.0134191 0.00604309 2.73675e-05 -0.0100878 -0.0139668 -0.0071736
internal_weight=61.6856 37.6677 20.9259 14.7497 24.0179 18.3447 10.7505 16.7418 12.0365
internal_count=250 160 90 59 90 70 42 70 50
is_linear=0
shrinkage=0.05


Tree=220
num_leaves=9
num_cat=0
split_feature=16 16 33 11 31 27 33 23
split_gain=0.379628 0.358454 0.547263 0.476678 0.382891 0.58684 3.07336e-06 4.96552e-08
threshold=0.024914742219005224 0.01394624661794828 0.39500000000000007 3347.1900000000005 0.10098806955631572 -0.0098572736172467517 0.80500000000000016 -0.00045192433087926082
decision_type=2 2 2 2 2 2 2 2
left_child=1 2 -1 -3 5 -5 -2 -8
right_child=6 3 -4 4 -6 -7 7 -9
leaf_value=-0.03500480252825218 -0.033735317672604702 -0.016248372167625771 0.0044914667134214213 0.025462157744012833 0.026600799782839791 -0.012633098318566311 -0.033557405617527819 -0.033519690491494787
leaf_weight=1.4928979109972709 0.47003517253324467 1.7819314170628766 2.1260811155661941 1.7131515126675343 2.9113092944025993 2.4662367450073384 0.18556450540199876 0.16475826175883412
leaf_count=32 34 38 28 16 19 41 20 22
internal_value=-0.000703268 0.00146055 -0.0118015 0.00686989 0.0126796 0.00298233 -0.0336518 -0.0335397
internal_weight=13.312 12.4916 3.61898 8.87263 7.0907 4.17939 0.820358 0.350323
internal_count=250 174 60 114 76 57 76 42
is_linear=0
shrinkage=0.05


Tree=221
num_leaves=7
num_cat=0
split_feature=28 20 18 0 4 33
split_gain=0.738971 0.755159 1.07275 0.920351 1.60554 1.19796
threshold=-0.063746158169736319 0.15828637096683099 1.3163298153540046 0.0005742204483144554 0.020844425310940221 0.63500000000000012
decision_type=2 2 2 2 2 2
left_child=-1 2 3 5 -5 -2
right_child=1 -3 -4 4 -6 -7
leaf_value=0.020261850004178024 -0.0055644657347017875 0.014495791326531421 -0.022985115256493875 -0.00058441316633789202 -0.030727916782680831 0.018495666061612386
leaf_weight=4.2631069123744956 9.7673368528485316 6.7433198243379584 6.1066521406173697 21.30469618737698 5.5730175673961631 10.999986246228216
leaf_count=15 39 27 21 82 21 45
internal_value=0.000141607 -0.00127627 -0.00325493 -0.000726118 -0.00683458 0.00717965
internal_weight=64.7581 60.495 53.7517 47.645 26.8777 20.7673
internal_count=250 235 208 187 103 84
is_linear=0
shrinkage=0.05


Tree=222
num_leaves=8
num_cat=0
split_feature=9 10 32 24 32 20 11
split_gain=0.56125 0.816485 0.743259 1.33372 1.67937 1.08109 1.04611
threshold=5021.9224609375005 -0.012994545433481939 -0.23987117030361244 0.005796248179469444 -0.60144261524466625 0.0012316468289991225 3352.0919995117192
decision_type=2 2 2 2 2 2 2
left_child=1 -1 3 6 -5 -4 -3
right_child=-2 2 5 4 -6 -7 -8
leaf_value=-0.01842912070694316 0.016568135917838563 0.015982620861674263 -0.0037584416673511496 -0.00027567231372116507 -0.041444529527827012 0.023985239545571857 -0.0047316936959872595
leaf_weight=6.2471870332956305 4.718739539384841 9.6400408297777194 6.833961755037306 5.5807696506381035 4.45422839745879 7.2220878005027771 16.574279077351093
leaf_count=32 19 36 26 21 20 26 70
internal_value=1.56444e-06 -0.00138075 0.000736409 -0.00304814 -0.0185493 0.0104964 0.00288578
internal_weight=61.2713 56.5526 50.3054 36.2493 10.035 14.056 26.2143
internal_count=250 231 199 147 41 52 106
is_linear=0
shrinkage=0.05


Tree=223
num_leaves=8
num_cat=0
split_feature=4 17 17 22 24 18 33
split_gain=0.500207 0.518201 0.736625 1.08434 0.60709 0.548814 0.000155471
threshold=0.0077522434963797323 -0.010061316895333046 -0.0065871925413131622 -0.0012629562516405788 0.0048397577591891014 -1.2106348631441957 0.6150000000000001
decision_type=2 2 2 2 2 2 2
left_child=-1 6 -3 4 -4 -5 -2
right_child=1 2 3 5 -6 -7 -8
leaf_value=-0.034760388046919291 -0.035288220511402769 0.035449609739433556 0.019952658360003393 0.018540319602427965 -0.01582061448876397 -0.034691651007832655 -0.033966131457626884
leaf_weight=0.99590621143579561 0.42142296768724818 1.6883848374709476 4.9138175426050994 0.59862046316265782 1.563280791044235 2.5330656138248782 0.47076738788746297
leaf_count=24 10 15 56 6 28 79 32
internal_value=-0.000689624 0.00209406 0.00499122 -0.000360707 0.0113186 -0.0245164 -0.0345906
internal_weight=13.1853 12.1894 11.2972 9.60878 6.4771 3.13169 0.89219
internal_count=250 226 184 169 84 85 42
is_linear=0
shrinkage=0.05


Tree=224
num_leaves=10
num_cat=0
split_feature=28 0 15 0 22 1 8 29 22
split_gain=0.703506 0.712935 1.09428 2.07188 1.52425 1.04718 1.01112 0.945452 0.831871
threshold=-0.063746158169736319 0.0005742204483144554 0.022152729778764452 0.012133690496671014 -0.00045884765114767573 0.022232332119969115 0.0054051867519174443 -1.0000000180025095e-35 0.0065591886787134132
decision_type=2 2 2 2 2 2 2 2 2
left_child=-1 5 3 4 -3 6 8 -4 -2
right_child=1 2 7 -5 -6 -7 -8 -9 -10
leaf_value=0.019814312568770337 -0.0011037767682705293 -0.024048511890671892 -0.0014674726115398108 0.028006041363041974 0.0079865223759281803 0.025020996426017763 -0.01872938629120556 -0.028662852975964371 0.023743086151419821
leaf_weight=4.2438823729753485 11.396051712334165 7.5965530425310117 5.4723197817802429 5.3065220862627021 7.2635888755321538 5.1778727993369094 5.4097350239753714 7.6825128197669965 4.7822387143969527
leaf_count=15 44 27 21 20 29 21 20 31 22
internal_value=0.000139855 -0.00124972 -0.00613098 0.00118709 -0.00838989 0.00482707 -1.64262e-05 -0.0173498 0.00624086
internal_weight=64.3313 60.0874 33.3215 20.1667 14.8601 26.7659 21.588 13.1548 16.1783
internal_count=250 235 128 76 56 107 86 52 66
is_linear=0
shrinkage=0.05


Tree=225
num_leaves=7
num_cat=0
split_feature=1 10 12 8 29 13
split_gain=0.564166 1.01707 0.894364 0.894714 1.39063 0.827422
threshold=-0.03031299405182469 -0.007632002399465967 0.013048710343382347 0.01994867391397084 -0.0014699969061824911 70.525569114368423
decision_type=2 2 2 2 2 2
left_child=-1 -2 -3 4 -4 -5
right_child=1 2 3 5 -6 -7
leaf_value=0.012971634294660143 -0.022417772038485721 0.016802471294198932 -0.027213849774640583 0.017206580931414955 -0.0006998373077578661 -0.0045904545562946162
leaf_weight=7.3736865967512122 5.3708724565803996 7.1775769144296637 7.0855193175375453 8.6625000536441821 16.373227789998058 8.7533132582902891
leaf_count=30 27 26 31 32 69 35
internal_value=7.14297e-06 -0.00178228 0.000524191 -0.00233428 -0.00870817 0.00625123
internal_weight=60.7967 53.423 48.0521 40.8746 23.4587 17.4158
internal_count=250 220 193 167 100 67
is_linear=0
shrinkage=0.05


Tree=226
num_leaves=10
num_cat=0
split_feature=0 0 21 6 29 13 28 15 16
split_gain=0.380126 0.931935 0.933562 0.790482 1.18253 0.613923 0.000542568 0.000238253 2.01996e-05
threshold=0.0027414873563184066 0.0005742204483144554 0.00096570780090388119 0.96164996537233516 0.0033149998586834433 55.438462226740164 0.025376446867029005 0.015981468989435563 0.022066818937779585
decision_type=2 2 2 2 2 2 2 2 2
left_child=1 2 6 4 -2 -4 -1 -5 -9
right_child=3 -3 5 7 -6 -7 -8 8 -10
leaf_value=-0.034285395125806688 -0.03490294314769276 0.034426808907765748 -0.018316074731124381 -0.035305120498763609 0.029511727716525073 0.022988758508663009 -0.036063815517913385 -0.034365113246166576 -0.033942430867025371
leaf_weight=0.86405985150486209 1.1464409353211524 2.1315975710749626 1.3645997273270039 0.85093950200825963 1.8823490338400004 2.6400345182046294 0.85151146212592721 0.84903818741440751 0.42371050268411636
leaf_count=30 31 15 35 16 21 32 16 22 32
internal_value=-0.000716429 0.00620847 -0.0043069 -0.0112692 0.00512984 0.00891392 -0.0351681 -0.0346574 -0.0342244
internal_weight=13.0043 7.8518 5.72021 5.15248 3.02879 4.00463 1.71557 2.12369 1.27275
internal_count=250 128 113 122 52 67 46 70 54
is_linear=0
shrinkage=0.05


Tree=227
num_leaves=10
num_cat=0
split_feature=28 0 5 16 7 1 8 21 22
split_gain=0.661924 0.696158 1.04974 1.76988 1.04156 0.977785 0.941798 0.84076 0.786133
threshold=-0.063746158169736319 0.0005742204483144554 0.015175815717479712 0.019310912013077594 4547.624975585938 0.022232332119969115 0.0054051867519174443 0.0022411371037304177 -0.00045884765114767573
decision_type=2 2 2 2 2 2 2 2 2
left_child=-1 5 3 8 -4 6 7 -2 -3
right_child=1 2 4 -5 -6 -7 -8 -9 -10
leaf_value=0.019274570287919263 0.018624064693455102 -0.018290642854031067 -0.030506650700142874 0.02772895482915827 -0.0031842129262031277 0.024462950503199972 -0.018014897923057025 -0.0043249720190651252 0.0052717564011453806
leaf_weight=4.2203543633222571 7.3594500720501044 7.5954194962978345 6.7938579320907575 4.8272142857313147 7.1684159189462662 5.1110156774520865 5.364467740058898 8.7196772620081884 6.6299111098051107
leaf_count=15 31 27 28 21 27 21 20 35 25
internal_value=0.000139245 -0.00121645 -0.00606406 0.00156828 -0.016479 0.00481049 0.000126386 0.00617885 -0.00730906
internal_weight=63.7898 59.5694 33.0148 19.0525 13.9623 26.5546 21.4436 16.0791 14.2253
internal_count=250 235 128 73 55 107 86 66 52
is_linear=0
shrinkage=0.05


Tree=228
num_leaves=8
num_cat=0
split_feature=30 21 32 20 30 28 27
split_gain=0.555077 1.56385 0.823903 1.96995 1.36081 1.52304 0.832729
threshold=-0.01322337341609031 0.0037708410989416579 -0.23987117030361244 -0.032260571795772568 0.0030269241125201467 0.019235426896459743 -0.0081993809289979663
decision_type=2 2 2 2 2 2 2
left_child=-1 2 4 -4 5 -2 -6
right_child=1 -3 3 -5 6 -7 -8
leaf_value=0.012125716878795085 -0.036014789680603225 -0.025256579529761819 -0.0098100254087650739 0.028069538545422896 0.017198500059040282 0.0028396083694843624 -0.0032622582569194823
leaf_weight=8.1892509423196298 5.5037357956171018 6.2898399867117396 6.1095970869064331 7.8324926160275954 7.6794627010822287 4.6556541845202446 14.108988136053087
leaf_count=36 25 31 24 29 29 19 57
internal_value=2.33939e-05 -0.00187598 0.00132865 0.0114702 -0.00309716 -0.0182093 0.00394925
internal_weight=60.369 52.1798 45.8899 13.9421 31.9478 10.1594 21.7885
internal_count=250 214 183 53 130 44 86
is_linear=0
shrinkage=0.05


Tree=229
num_leaves=10
num_cat=0
split_feature=0 0 21 6 29 13 28 15 16
split_gain=0.36342 0.862998 0.892111 0.755738 1.11381 0.572991 0.000495693 0.000222243 2.9943e-05
threshold=0.0027414873563184066 0.0005742204483144554 0.00096570780090388119 0.96164996537233516 0.0033149998586834433 55.438462226740164 0.025376446867029005 0.01555576284555087 0.02030717690667639
decision_type=2 2 2 2 2 2 2 2 2
left_child=1 2 6 4 -2 -4 -1 -5 -9
right_child=3 -3 5 7 -6 -7 -8 8 -10
leaf_value=-0.034247045602019272 -0.034858505769306818 0.033183480453916329 -0.017953806692511069 -0.035401526696711892 0.028262418766349291 0.022122359799166838 -0.035978674477460421 -0.034468080743138819 -0.034004157881482873
leaf_weight=0.82941016461700179 1.1127798748202624 2.1212047319859266 1.3472172420006248 0.62671769503504071 1.8789709210395811 2.6389922457747161 0.82372535252943635 0.82168118469417073 0.60309693776071072
leaf_count=30 31 15 35 12 21 32 16 20 38
internal_value=-0.000793616 0.00599708 -0.00422892 -0.0112431 0.00478463 0.00857784 -0.0351099 -0.0346169 -0.0342717
internal_weight=12.8038 7.76055 5.63935 5.04325 2.99175 3.98621 1.65314 2.0515 1.42478
internal_count=250 128 113 122 52 67 46 70 58
is_linear=0
shrinkage=0.05


Tree=230
num_leaves=8
num_cat=0
split_feature=28 32 19 17 31 0 18
split_gain=0.61679 0.662495 1.02579 1.5726 0.878989 1.15976 1.17474
threshold=-0.063746158169736319 -0.52354147888310276 0.0094030112652686588 -0.0065871925413131622 0.16553909846338141 0.0074665761346558454 0.23664453570528929
decision_type=2 2 2 2 2 2 2
left_child=-1 2 3 -2 5 6 -3
right_child=1 4 -4 -5 -6 -7 -8
leaf_value=0.018670770772835476 0.0069213473725655804 -0.0032491048431453236 0.0050392840175121703 -0.029421848267760006 0.016330888553764158 -0.01629796036209653 0.02329133278536126
leaf_weight=4.1922749131917945 4.5425956919789305 12.587479121983057 8.9547180384397489 8.6339659541845339 9.1825760006904584 8.9784154593944532 6.2343055084347716
leaf_count=15 19 50 36 31 35 37 27
internal_value=0.000138201 -0.0011761 -0.00801856 -0.0168926 0.00291858 -0.00151159 0.00554184
internal_weight=63.3063 59.1141 22.1313 13.1766 36.9828 27.8002 18.8218
internal_count=250 235 86 50 149 114 77
is_linear=0
shrinkage=0.05


Tree=231
num_leaves=8
num_cat=0
split_feature=9 10 32 24 32 19 5
split_gain=0.550496 0.791744 0.635386 1.22988 1.13809 0.992199 0.94734
threshold=5021.9224609375005 -0.012994545433481939 -0.23987117030361244 0.005796248179469444 -0.66094074463145314 -0.013755417450014016 0.011969136545495253
decision_type=2 2 2 2 2 2 2
left_child=1 -1 3 6 -5 -4 -3
right_child=-2 2 5 4 -6 -7 -8
leaf_value=-0.01839603055976374 0.016564286541342288 -0.0092906484196747276 -0.005827615363669522 -0.0007939866712217236 -0.03494550426325848 0.021310014162200259 0.010479431289039914
leaf_weight=6.0713826864957801 4.6432641148567191 9.7965162098407763 5.8335328251123428 4.8661032617092133 4.89184672385454 7.9697989374399167 15.884102180600165
leaf_count=32 19 45 23 19 22 29 61
internal_value=2.82314e-05 -0.00135988 0.000740622 -0.00280404 -0.0179148 0.00984117 0.00293764
internal_weight=59.9565 55.3133 49.2419 35.4386 9.75795 13.8033 25.6806
internal_count=250 231 199 147 41 52 106
is_linear=0
shrinkage=0.05


Tree=232
num_leaves=10
num_cat=0
split_feature=0 1 17 32 6 29 23 15 16
split_gain=0.349983 0.812868 0.778114 0.746138 0.723694 1.04618 0.00045415 0.00019642 1.52951e-05
threshold=0.0027414873563184066 0.01344173506750468 0.00076749843381133758 -0.57860512363103 0.96164996537233516 0.0033149998586834433 0.0067664066851379498 0.015981468989435563 0.022066818937779585
decision_type=2 2 2 2 2 2 2 2 2
left_child=1 3 -3 -1 5 -2 -5 -6 -9
right_child=4 2 -4 6 7 -7 -8 8 -10
leaf_value=0.010769577571178102 -0.034805121007912269 -0.0018834208767915949 0.041675597219781563 -0.034177295183642091 -0.035177314395398618 0.027009405871750269 -0.035791324757480335 -0.034289099469789551 -0.033908620612168497
leaf_weight=1.8222056142985823 1.0769745963625612 1.9499617037363348 2.1619423991069198 0.86881332797929622 0.79540723562240589 1.8782302122563121 0.87452319916337729 0.78980152681469895 0.39686491130851209
leaf_count=25 31 36 10 39 16 21 18 22 32
internal_value=-0.000809797 0.00586888 0.0210189 -0.0116026 -0.0111951 0.00448214 -0.034987 -0.0345694 -0.0341619
internal_weight=12.6147 7.67745 4.1119 3.56554 4.93728 2.9552 1.74334 1.98207 1.18667
internal_count=250 128 46 82 122 52 57 70 54
is_linear=0
shrinkage=0.05


Tree=233
num_leaves=8
num_cat=0
split_feature=19 27 5 28 22 21 21
split_gain=0.616301 0.826764 1.13779 0.933463 0.777042 0.694141 1.31193
threshold=-0.054805799949304061 -0.0081993809289979663 0.012180704607723391 0.042903524122921984 0.00085918318370781243 0.0035495773375714417 -0.00061647896028110816
decision_type=2 2 2 2 2 2 2
left_child=4 2 -2 5 -1 6 -3
right_child=1 3 -4 -5 -6 -7 -8
leaf_value=-0.00011585563737429353 0.0018772054656691663 0.016201442666274161 -0.026778553089882081 -0.01263523925999901 0.025781621021198482 0.022417710448440903 -0.0079854314957431543
leaf_weight=7.1985376700758916 6.8146742209792119 9.7522307932376844 7.0451556891202927 8.751911446452139 4.8466012552380562 5.2711791396141043 13.188451513648038
leaf_count=27 27 37 29 34 24 22 50
internal_value=0.000135564 -0.00227447 -0.0126889 0.00163052 0.0103045 0.00605605 0.00229656
internal_weight=62.8687 50.8236 13.8598 36.9638 12.0451 28.2119 22.9407
internal_count=250 199 56 143 51 109 87
is_linear=0
shrinkage=0.05


Tree=234
num_leaves=10
num_cat=0
split_feature=22 19 19 4 20 1 29 5 24
split_gain=0.528135 1.09006 1.51463 1.08345 1.05908 0.921549 1.11709 0.723485 0.905988
threshold=-0.0032460251132191416 0.0094030112652686588 -0.054805799949304061 0.017946255814469146 0.02048037076021603 0.016477600502263882 0.0011913588246637021 0.020371153066885878 0.0041983724455392233
decision_type=2 2 2 2 2 2 2 2 2
left_child=4 2 -2 -4 5 -1 -7 8 -3
right_child=1 7 3 -5 -6 6 -8 -9 -10
leaf_value=0.013413093716167982 -0.017285744244946836 -0.022156692370461532 0.0016729368107679847 0.029826461417909012 0.025151848075425788 0.0075327968348466827 -0.025385917180693624 -0.030376652828648709 0.005941061322624043
leaf_weight=7.4334295690059724 5.9172561727464226 5.2537911236286181 8.6520483046770078 5.6481267660856238 5.4685207009315482 4.9307771325111371 5.3991711512207985 4.5336654111742964 6.3201588839292526
leaf_count=28 31 25 37 22 20 20 22 20 25
internal_value=2.36135e-05 -0.00374183 0.00398932 0.0127927 0.0059112 -1.21082e-05 -0.00967288 -0.0134456 -0.00681342
internal_weight=59.5569 36.325 20.2174 14.3002 23.2319 17.7634 10.3299 16.1076 11.574
internal_count=250 160 90 59 90 70 42 70 50
is_linear=0
shrinkage=0.05


Tree=235
num_leaves=12
num_cat=0
split_feature=29 17 29 6 16 21 28 18 31 1 0
split_gain=0.336977 0.559937 0.880735 0.792271 0.655726 0.36293 0.323432 0.280934 0.000249893 0.000186562 3.32107e-05
threshold=0.0055267861700197827 0.0025335113475300187 0.0033149998586834433 0.92934876811335898 0.011326841149261741 -0.0043047725503809189 -0.033448733870370333 -0.58308913867940138 0.46728699296526371 0.042951567868337544 0.0061238409259656299
decision_type=2 2 2 2 2 2 2 2 2 2 2
left_child=1 3 9 4 -1 -2 -5 -8 -7 10 -3
right_child=5 2 -4 6 -6 8 7 -9 -10 -11 -12
leaf_value=0.019011035089012078 0.012813769455829654 -0.034550424494687086 0.013169368817525302 0.042327326933242398 -0.035165156793998863 -0.034103228320760924 0.031780333709397139 -0.00013488489438352678 -0.035502119782889509 -0.035313207903799444 -0.03406870791055288
leaf_weight=0.96683990024030064 0.57898095902055491 0.62794678471982546 1.8049336988478897 1.5553117254748929 1.3225374631583688 0.7748846658505506 1.2299908008426417 1.5692091677337905 0.54293001024052501 0.61663856916129578 0.83166857692413032
leaf_count=11 12 16 23 9 35 38 11 30 12 14 39
internal_value=-0.000783636 0.00271239 -0.0123765 0.0115269 -0.0122857 -0.0201826 0.0240463 0.0138889 -0.0346796 -0.034584 -0.0342759
internal_weight=12.4219 10.5251 3.88119 6.64389 2.28938 1.8968 4.35451 2.7992 1.31781 2.07625 1.45962
internal_count=250 188 92 96 46 62 50 41 50 69 55
is_linear=0
shrinkage=0.05


Tree=236
num_leaves=7
num_cat=0
split_feature=18 16 15 19 18 22
split_gain=0.582143 0.992137 1.24545 1.27727 1.16231 0.865966
threshold=0.85043777353026295 0.034983122722560316 0.029030169733691161 0.042515213184090135 -0.38515544846301492 -0.0038781620359074616
decision_type=2 2 2 2 2 2
left_child=1 2 3 4 -1 -2
right_child=5 -3 -4 -5 -6 -7
leaf_value=-0.0023455974009230535 -0.024606018043038146 0.023620142304465512 -0.016081527285558159 -0.013574554756782278 0.018303087501270059 0.0018911955327621769
leaf_weight=11.931455448269841 5.3994201719760895 5.0279777944087973 9.3095580935478193 7.6885657608509055 15.893284827470783 7.1888581141829473
leaf_count=48 20 20 38 31 66 27
internal_value=0.000133376 0.00255945 0.000196976 0.00446427 0.00944878 -0.00947411
internal_weight=62.4391 49.8508 44.8229 35.5133 27.8247 12.5883
internal_count=250 203 183 145 114 47
is_linear=0
shrinkage=0.05


Tree=237
num_leaves=9
num_cat=0
split_feature=0 22 21 23 27 23 21 23
split_gain=0.532822 1.0096 1.16565 1.79186 0.691619 0.825488 1.48899 1.52249
threshold=-0.00033551514938506827 0.0065591886787134132 0.0018819967403077566 -1.0000000180025095e-35 0.027760362936639641 0.0042449080137474402 -0.00081513905586688684 -0.0072367996912103818
decision_type=2 2 2 2 2 2 2 2
left_child=1 2 3 -1 5 6 7 -2
right_child=4 -3 -4 -5 -6 -7 -8 -9
leaf_value=-0.036771020570088991 0.01252511831715206 -0.026727930472593371 0.012237880159125946 0.0066721072520794572 0.020740304184571404 -0.012955412132180141 0.02200321499529069 -0.020408996083644028
leaf_weight=4.3015514537692097 6.8790343850851077 4.6455087959766379 9.0158283561468107 5.2957063764333752 5.1797486096620551 7.8864973634481421 8.7489781677722949 7.1633522510528564
leaf_count=24 28 26 36 19 20 33 34 30
internal_value=1.78826e-05 -0.00587607 -0.000671801 -0.0127994 0.00384092 0.000987576 0.00581227 -0.00427535
internal_weight=59.1162 23.2586 18.6131 9.59726 35.8576 30.6779 22.7914 14.0424
internal_count=250 105 79 43 145 125 92 58
is_linear=0
shrinkage=0.05


Tree=238
num_leaves=10
num_cat=0
split_feature=16 16 1 16 28 2 24 33 22
split_gain=0.328166 0.341631 0.466218 0.377272 0.635121 0.285521 3.08865e-05 2.21513e-06 3.6463e-08
threshold=0.024914742219005224 0.01394624661794828 0.01857427860085992 0.017851990527882125 0.019235426896459743 0.014386357429077458 0.0048397577591891014 0.80500000000000016 0.0027437233214849814
decision_type=2 2 2 2 2 2 2 2 2
left_child=1 2 -1 5 6 -3 -5 -2 -9
right_child=7 3 -4 4 -6 -7 -8 8 -10
leaf_value=-0.034656119530378213 -0.033693499664605879 0.027248975845511853 0.0033802795699139493 -0.034016876034232001 0.012414689794434349 0.003790442116168722 -0.034510864975741344 -0.033530855549818182 -0.033496001192150252
leaf_weight=1.365501165390014 0.41055637737736184 2.4654382579028589 1.96483579557389 0.62519404198974393 1.7167635122314093 2.7371854428201914 0.64070477429777384 0.17096247663721442 0.13373572495765984
leaf_count=35 34 21 25 25 21 30 17 21 21
internal_value=-0.000755139 0.00128601 -0.0122154 0.0067793 -0.00739787 0.0149071 -0.0342669 -0.0336177 -0.0335156
internal_weight=12.2309 11.5156 3.33034 8.18529 2.98266 5.20262 1.2659 0.715255 0.304698
internal_count=250 174 60 114 63 51 42 76 42
is_linear=0
shrinkage=0.05


Tree=239
num_leaves=7
num_cat=0
split_feature=28 5 5 32 19 9
split_gain=0.584436 0.656144 1.00268 0.92807 0.981711 0.680419
threshold=-0.063746158169736319 0.022401748290521776 0.02005239646816475 -0.52354147888310276 -0.054805799949304061 3328.0099914550788
decision_type=2 2 2 2 2 2
left_child=-1 2 3 5 -5 -2
right_child=1 -3 -4 4 -6 -7
leaf_value=0.018300711129420128 0.0028489068261027006 0.012165670315116742 -0.020426665884480194 0.027012221267341679 0.0010674054970303704 -0.018560412815184626
leaf_weight=4.1311325430870047 6.1342322379350618 7.9598850235342971 7.2906839847564688 4.3428490981459609 22.724179968237884 9.3951859623193723
leaf_count=15 23 32 33 22 89 36
internal_value=0.000131964 -0.00116555 -0.00329266 -0.000360048 0.0052302 -0.0101036
internal_weight=61.9781 57.847 49.8871 42.5964 27.067 15.5294
internal_count=250 235 203 170 111 59
is_linear=0
shrinkage=0.05


Tree=240
num_leaves=8
num_cat=0
split_feature=9 10 32 24 32 20 12
split_gain=0.535911 0.758854 0.579744 1.17184 1.02078 0.934145 0.894297
threshold=5021.9224609375005 -0.012994545433481939 -0.23987117030361244 0.005796248179469444 -0.66094074463145314 0.0012316468289991225 0.084022659231541411
decision_type=2 2 2 2 2 2 2
left_child=1 -1 3 6 -5 -4 -3
right_child=-2 2 5 4 -6 -7 -8
leaf_value=-0.018294570718582148 0.016543883351977328 -0.00441265854282024 -0.0039642272655649995 -0.0013949878010024001 -0.034082126289126012 0.022305076654801363 0.015007464038438351
leaf_weight=5.8938220366835585 4.530492737889289 15.64841164648533 6.6103383898735029 4.8116718903183937 4.7427178062498552 6.934236541390419 9.5435317009687406
leaf_count=32 19 68 26 19 22 26 38
internal_value=2.40104e-05 -0.00135725 0.000709922 -0.00271053 -0.0176206 0.00948452 0.00294432
internal_weight=58.7152 54.1847 48.2909 34.7463 9.55439 13.5446 25.1919
internal_count=250 231 199 147 41 52 106
is_linear=0
shrinkage=0.05


Tree=241
num_leaves=11
num_cat=0
split_feature=29 17 14 6 16 3 23 13 13 31
split_gain=0.313124 0.520164 0.839933 0.7212 0.627739 0.582174 0.368609 0.300861 0.000266091 0.000232833
threshold=0.0055267861700197827 0.0025335113475300187 1.0545751799218641 0.92934876811335898 0.011326841149261741 -0.016320476232267785 -0.0095295079809938881 56.33644635439115 80.877832076601763 0.46728699296526371
decision_type=2 2 2 2 2 2 2 2 2 2
left_child=1 3 5 4 -1 -3 -2 -5 -7 -8
right_child=6 2 -4 7 -6 8 9 -9 -10 -11
leaf_value=0.018595031558815974 0.014420487073067607 0.026087352788304409 0.031656005267021531 0.007296976021211256 -0.035083478655617596 -0.034405556334119583 -0.034079928156868201 0.034151622203252179 -0.035591208968859346 -0.035456033662198648
leaf_weight=0.95549814961850499 0.54733255645260204 0.46913142036646682 0.84578313631936897 1.77533981250599 1.2666808501817284 1.8062951846513899 0.75651065818965502 2.5282065407373011 0.64119070302695025 0.51775828935205936
leaf_count=11 12 8 12 27 35 62 38 23 10 12
internal_value=-0.000790819 0.00259232 -0.0122142 0.011129 -0.0120027 -0.0249361 -0.0198983 0.0230733 -0.0347162 -0.0346391
internal_weight=12.1097 10.2881 3.7624 6.52573 2.22218 2.91662 1.8216 4.30355 2.44749 1.27427
internal_count=250 188 92 96 46 80 62 50 72 50
is_linear=0
shrinkage=0.05


Tree=242
num_leaves=6
num_cat=0
split_feature=16 16 20 30 22
split_gain=0.585024 1.10358 0.750692 1.69485 1.36953
threshold=0.010795918249056959 0.012555804180735533 -0.10113077917364348 0.012121920221580431 -0.0067090732066747419
decision_type=2 2 2 2 2
left_child=-1 -2 -3 4 -4
right_child=1 2 3 -5 -6
leaf_value=0.014449812414975642 -0.025549202837327024 -0.012494383089592279 -0.0193873424892885 0.030463119302879167 0.0045486467783368636
leaf_weight=6.394041880965232 4.3996224403381339 9.0551963523030263 7.5191514790058092 5.0765599608421317 29.118236012756828
leaf_count=24 18 39 29 20 120
internal_value=0.000132658 -0.0015267 0.000555081 0.00338784 -0.000363776
internal_weight=61.5628 55.1688 50.7691 41.7139 36.6374
internal_count=250 226 208 169 149
is_linear=0
shrinkage=0.05


Tree=243
num_leaves=9
num_cat=0
split_feature=0 22 21 23 1 20 2 30
split_gain=0.522508 0.965827 1.10833 0.913173 0.833862 0.836454 1.43478 0.851784
threshold=-0.00033551514938506827 0.0065591886787134132 0.0018819967403077566 0.0011060457034802742 -0.016868635283571628 1.0000000180025095e-35 0.033942829174169804 -0.0031263741727983736
decision_type=2 2 2 2 2 2 2 2
left_child=1 2 3 -1 -2 6 -6 -7
right_child=4 -3 -4 -5 5 7 -8 -9
leaf_value=-0.028868625725551246 0.022040258587213497 -0.026415236076894444 0.011863754015955876 0.0023025441788697746 -0.023710200163758154 -0.0029224528414730287 0.0066710334747610836 0.021321976572994852
leaf_weight=4.5336017310619408 5.3394203633069983 4.573179379105567 8.9486148059368116 4.8771849423646927 7.2492013871669796 7.2136287018656731 8.3765814006328565 7.2778980284929258
leaf_count=25 20 26 36 18 33 31 33 28
internal_value=2.55862e-05 -0.0058557 -0.000734488 -0.012714 0.00382947 0.000600921 -0.0074236 0.00925352
internal_weight=58.3893 22.9326 18.3594 9.41079 35.4567 30.1173 15.6258 14.4915
internal_count=250 105 79 43 145 125 66 59
is_linear=0
shrinkage=0.05


Tree=244
num_leaves=8
num_cat=0
split_feature=4 15 27 28 1 3 16
split_gain=0.434727 0.41759 0.69432 0.530603 0.59774 0.384803 0.00011501
threshold=0.0077522434963797323 0.01967247212534011 -0.015419140363013171 -1.0000000180025095e-35 0.023323893851323056 -0.078472054888504825 0.018572106312976119
decision_type=2 2 2 2 2 2 2
left_child=-1 3 -3 4 -2 -4 -7
right_child=1 2 5 -5 -6 6 -8
leaf_value=-0.034608311925542055 -0.034646131237555111 0.021433556644715811 0.013462817909409322 0.020059672734434479 0.011685126450791464 -0.034635940648086318 -0.033911453005959991
leaf_weight=0.8808874264359482 1.1967056496068837 1.1362033095210784 0.52225564513355438 4.3261093758046609 1.6643370063975451 1.1446315692737719 1.0505542142782358
leaf_count=24 27 26 9 37 20 29 78
internal_value=-0.000805777 0.00189115 -0.0113885 0.00901151 -0.00769413 -0.0251119 -0.0342892
internal_weight=11.9217 11.0408 3.85364 7.18715 2.86104 2.71744 2.19519
internal_count=250 226 142 84 47 116 107
is_linear=0
shrinkage=0.05


Tree=245
num_leaves=10
num_cat=0
split_feature=28 0 5 17 22 33 27 7 16
split_gain=0.54288 0.652498 0.974076 1.46677 1.28835 0.957168 1.2649 0.915418 0.775519
threshold=-0.063746158169736319 0.0005742204483144554 0.015175815717479712 0.010143705665102564 -0.00045884765114767573 0.62500000000000011 -0.0018051504428117091 4547.624975585938 0.014483657828631901
decision_type=2 2 2 2 2 2 2 2 2
left_child=-1 5 3 4 -3 8 -7 -4 -2
right_child=1 2 7 -5 -6 6 -8 -9 -10
leaf_value=0.017758685956161483 0.0070462366846390113 -0.021371094370048249 -0.029748545695835106 0.025367032586171137 0.0097339931766055564 -0.0026277709462469261 0.027037162141908235 -0.0035324458146004686 -0.019303047026549742
leaf_weight=4.0774059221148482 5.5577593222260493 7.1571075916290301 6.4470007419586164 4.7788206487894049 6.223894320428375 6.694592148065567 7.7573389858007413 6.8868635222315788 5.6125453487038612
leaf_count=15 23 27 28 20 26 28 32 27 24
internal_value=0.000132568 -0.00112573 -0.00594607 0.00158882 -0.00690321 0.00479922 0.0132954 -0.0162081 -0.00619302
internal_weight=61.1933 57.1159 31.4937 18.1598 13.381 25.6222 14.4519 13.3339 11.1703
internal_count=250 235 128 73 53 107 60 55 47
is_linear=0
shrinkage=0.05


Tree=246
num_leaves=7
num_cat=0
split_feature=1 10 12 8 2 12
split_gain=0.525069 0.898226 0.795374 0.818481 1.86109 1.15054
threshold=-0.03031299405182469 -0.007632002399465967 0.013048710343382347 0.02587749634575006 0.057309793785263137 0.026800749917009273
decision_type=2 2 2 2 2 2
left_child=-1 -2 -3 5 -5 -4
right_child=1 2 3 4 -6 -7
leaf_value=0.01282768414197712 -0.021736824208104188 0.016023776151147872 -0.030131643581718728 0.029587243870487084 -0.0090351592430415895 -0.0025429264222388967
leaf_weight=7.0384143590927115 5.0586977787315837 6.9650201871991149 4.5805606916546848 5.6131968796253187 7.0197794213891029 21.59556906670332
leaf_count=30 27 26 21 23 29 94
internal_value=2.8527e-05 -0.00174367 0.000465861 -0.0023263 0.00812589 -0.00737068
internal_weight=57.8712 50.8328 45.7741 38.8091 12.633 26.1761
internal_count=250 220 193 167 52 115
is_linear=0
shrinkage=0.05


Tree=247
num_leaves=13
num_cat=0
split_feature=29 17 29 6 16 21 28 11 31 1 0 17
split_gain=0.286878 0.481412 0.795287 0.657273 0.599685 0.409772 0.276655 0.246052 0.000276379 0.000155222 2.38006e-05 6.09113e-06
threshold=0.0055267861700197827 0.0025335113475300187 0.0033149998586834433 0.92934876811335898 0.011326841149261741 -0.005235862263145096 -0.033448733870370333 3475.5010107421881 0.48116540287126669 0.042951567868337544 0.0061238409259656299 0.0064402260448531978
decision_type=2 2 2 2 2 2 2 2 2 2 2 2
left_child=1 3 9 4 -1 -2 -5 -8 11 10 -3 -7
right_child=5 2 -4 6 -6 8 7 -9 -10 -11 -12 -13
leaf_value=0.018268957558255808 0.01909728597461929 -0.034425405059144154 0.012404319856899201 0.039387271410599084 -0.035048448294318961 -0.033867558103156066 0.029297107350715931 -0.00087830840159212799 -0.035517582341537672 -0.035166615932490007 -0.033996825621315195 -0.034148660118545886
leaf_weight=0.93455630354583119 0.4950990444049238 0.56633270950987957 1.7314954311586914 1.5024637784808863 1.2104614679701624 0.4216953823342926 1.2262628194876026 1.5042526400648055 0.48472732491791248 0.57098242174834002 0.75686266203410923 0.35489942319691181
leaf_count=11 9 16 23 9 35 25 10 31 11 14 39 17
internal_value=-0.000812902 0.00245936 -0.0120884 0.0107293 -0.0118187 -0.01945 0.0221552 0.0126733 -0.0345808 -0.0344776 -0.0341803 -0.033996
internal_weight=11.7601 10.0037 3.62567 6.378 2.14502 1.75642 4.23298 2.73052 1.26132 1.89418 1.3232 0.776595
internal_count=250 188 92 96 46 62 50 41 53 69 55 42
is_linear=0
shrinkage=0.05


Tree=248
num_leaves=6
num_cat=0
split_feature=16 16 20 30 22
split_gain=0.540995 0.763269 0.7186 1.94103 1.69462
threshold=0.010795918249056959 0.013121764657758977 -0.10113077917364348 0.012121920221580431 -0.0067090732066747419
decision_type=2 2 2 2 2
left_child=-1 -2 -3 4 -4
right_child=1 2 3 -5 -6
leaf_value=0.013977218079929977 -0.018421944299892273 -0.012234305300122452 -0.022501752017356193 0.03366023174527915 0.0049707887677481362
leaf_weight=6.3188928663730612 5.9233215749263755 8.9082062691450101 7.0364550799131349 4.6961662322282782 27.752479173243049
leaf_count=24 24 39 28 19 116
internal_value=0.000130434 -0.00148042 0.000593212 0.00348722 -0.000585843
internal_weight=60.6355 54.3166 48.3933 39.4851 34.7889
internal_count=250 226 202 163 144
is_linear=0
shrinkage=0.05


Tree=249
num_leaves=7
num_cat=0
split_feature=9 10 24 5 30 28
split_gain=0.503151 0.690703 0.559574 0.74381 1.09165 0.734171
threshold=5021.9224609375005 -0.012994545433481939 0.017986783531995679 0.015175815717479712 0.0060549121341574317 0.016165889978545404
decision_type=2 2 2 2 2 2
left_child=1 -1 3 4 -3 -5
right_child=-2 2 -4 5 -6 -7
leaf_value=-0.017707686036731493 0.016193667221750068 -0.013902125042022021 -0.013357931996312956 0.0022717800588035728 0.0070730481404684548 0.023932991680185974
leaf_weight=5.737868506461381 4.4417937994003287 11.559822108596565 6.1871197074651709 9.5817411392927188 13.386462852358816 6.6104980856180182
leaf_count=32 19 56 25 38 55 25
internal_value=2.83633e-05 -0.00132479 0.000661512 0.00277 -0.00264661 0.011115
internal_weight=57.5053 53.0635 47.3256 41.1385 24.9463 16.1922
internal_count=250 231 199 174 111 63
is_linear=0
shrinkage=0.05


Tree=250
num_leaves=10
num_cat=0
split_feature=16 16 28 33 1 8 3 16 14
split_gain=0.452715 0.418966 0.504092 0.421981 0.423711 0.418483 0.207772 4.27994e-05 1.45638e-06
threshold=0.010795918249056959 0.017851990527882125 0.019235426896459743 0.19500000000000003 0.019119769836520976 0.02734549890626153 0.0038189541251552055 0.023729476939610146 0.75506680672068838
decision_type=2 2 2 2 2 2 2 2 2
left_child=-1 3 7 -2 -5 6 -4 -3 -9
right_child=1 2 5 4 -6 -7 -8 8 -10
leaf_value=-0.034626194814608428 -0.016014855612537196 -0.034205207129598195 0.0091228824185123018 0.025202153421706452 -0.0027079320073293417 0.030521098029000639 -0.034599177736905358 -0.03352696288914804 -0.033711372376187175
leaf_weight=0.91401615319773633 1.372049845289437 1.0730619430541994 0.47478086315095402 3.6522119138389826 2.1664948631078005 0.86288643907755602 0.63532523042522371 0.22551705059595395 0.20383881544694304
leaf_count=24 24 37 11 33 30 15 29 30 17
internal_value=-0.000854582 0.00203941 -0.0122147 0.00892864 0.0148103 0.00440239 -0.0158997 -0.0340364 -0.0336145
internal_weight=11.5802 10.6662 3.47541 7.19076 5.81871 1.97299 1.11011 1.50242 0.429356
internal_count=250 226 139 87 63 55 40 84 47
is_linear=0
shrinkage=0.05


Tree=251
num_leaves=7
num_cat=0
split_feature=16 16 20 32 32 30
split_gain=0.509538 0.713524 0.664728 1.06427 1.02108 0.454483
threshold=0.010795918249056959 0.013121764657758977 0.088356501377166899 -0.22015684714245229 -0.50866616232016959 -0.01322337341609031
decision_type=2 2 2 2 2 2
left_child=-1 -2 3 4 -3 -4
right_child=1 2 5 -5 -6 -7
leaf_value=0.013618401370937425 -0.017871071432145915 -0.006470776989421727 0.0018164115384588142 -0.017416824631462328 0.012386992588073183 0.023005358507516917
leaf_weight=6.2785642296075812 5.8809213340282431 15.560639917850489 5.2914791479706764 9.0551292672753352 13.325466826558115 4.8504609018564206
leaf_count=24 24 63 25 37 58 19
internal_value=0.000137198 -0.0014313 0.000579403 -0.00246008 0.00222851 0.0119502
internal_weight=60.2427 53.9641 48.0832 37.9412 28.8861 10.1419
internal_count=250 226 202 158 121 44
is_linear=0
shrinkage=0.05


Tree=252
num_leaves=7
num_cat=0
split_feature=1 10 12 8 2 12
split_gain=0.495046 0.812357 0.756843 0.755849 1.70838 1.07331
threshold=-0.03031299405182469 -0.007632002399465967 0.013048710343382347 0.02587749634575006 0.057309793785263137 0.026800749917009273
decision_type=2 2 2 2 2 2
left_child=-1 -2 -3 5 -5 -4
right_child=1 2 3 4 -6 -7
leaf_value=0.012503181175999004 -0.020926368348317174 0.015646794471390137 -0.029495545261791701 0.028482366344983231 -0.0087533543103200818 -0.0025635333394245187
leaf_weight=6.9829519614577285 4.9547115452587596 6.8979057148098937 4.4710910767316845 5.5368576794862729 6.9431532174348831 21.43307039514184
leaf_count=30 27 26 21 23 29 94
internal_value=2.90175e-05 -0.0017049 0.00039829 -0.00234197 0.00776657 -0.00721203
internal_weight=57.2197 50.2368 45.2821 38.3842 12.48 25.9042
internal_count=250 220 193 167 52 115
is_linear=0
shrinkage=0.05


Tree=253
num_leaves=8
num_cat=0
split_feature=4 15 27 28 1 3 16
split_gain=0.400461 0.382058 0.626851 0.476721 0.551498 0.346737 0.000100662
threshold=0.0077522434963797323 0.01967247212534011 -0.015419140363013171 -1.0000000180025095e-35 0.023323893851323056 -0.078472054888504825 0.018572106312976119
decision_type=2 2 2 2 2 2 2
left_child=-1 3 -3 4 -2 -4 -7
right_child=1 2 5 -5 -6 6 -8
leaf_value=-0.034525734879917523 -0.034569651259620922 0.019947435913871048 0.011751409346326664 0.019134631462704443 0.011063594854753021 -0.03456667686465404 -0.033862958062607647
leaf_weight=0.82051100442186076 1.1223879465833309 1.1147679430432611 0.51298671029508058 4.2264608759433013 1.6144720229785887 1.0795489083975573 0.96010759309865523
leaf_count=24 27 26 9 37 20 29 78
internal_value=-0.000869695 0.00172798 -0.0113332 0.00860697 -0.00765063 -0.0249938 -0.0342354
internal_weight=11.4512 10.6307 3.66741 6.96332 2.73686 2.55264 2.03966
internal_count=250 226 142 84 47 116 107
is_linear=0
shrinkage=0.05


Tree=254
num_leaves=7
num_cat=0
split_feature=18 16 15 19 18 22
split_gain=0.496681 0.896351 1.16492 1.10243 0.99202 0.76568
threshold=0.85043777353026295 0.034983122722560316 0.029030169733691161 0.042515213184090135 -0.38515544846301492 -0.0038781620359074616
decision_type=2 2 2 2 2 2
left_child=1 2 3 4 -1 -2
right_child=5 -3 -4 -5 -6 -7
leaf_value=-0.0019992886161045221 -0.023584899792024897 0.022756645275454103 -0.015914607330253655 -0.012805378327447357 0.01746640164232709 0.0018922679696536011
leaf_weight=11.511920809745785 5.1251944601535797 4.8691167011857024 8.9636929184198362 7.3464757427573195 15.170376669615511 6.9456194341182691
leaf_count=48 20 20 38 31 66 27
internal_value=0.000138468 0.00242434 0.000121607 0.00434579 0.00906804 -0.00892518
internal_weight=59.9324 47.8616 42.9925 34.0288 26.6823 12.0708
internal_count=250 203 183 145 114 47
is_linear=0
shrinkage=0.05


Tree=255
num_leaves=8
num_cat=0
split_feature=30 21 11 23 18 18 31
split_gain=0.48978 1.3897 0.790861 1.79016 0.894389 1.06152 0.7671
threshold=-0.01322337341609031 0.0037708410989416579 4000.4179956054691 0.0031578632333191252 -0.72632978008356652 -0.107543324674823 -0.1722313526800402
decision_type=2 2 2 2 2 2 2
left_child=-1 2 4 6 -2 -6 -4
right_child=1 -3 3 -5 5 -7 -8
leaf_value=0.01178288270794374 0.025449346776003624 -0.024573578262822329 -0.037616131699025029 0.013400843020131468 -0.012424256833583456 0.01019661655216598 -0.0089442491745116565
leaf_weight=7.66090203821659 5.0294014140963546 5.8997304067015639 4.0874751210212699 6.1237166300415984 8.0566719993948954 14.556234251707794 5.4342711865901938
leaf_count=36 19 31 21 24 36 60 23
internal_value=2.31083e-05 -0.00180846 0.00129421 -0.00768897 0.00637867 0.00213711 -0.0212525
internal_weight=56.8484 49.1875 43.2878 15.6455 27.6423 22.6129 9.52175
internal_count=250 214 183 68 115 96 44
is_linear=0
shrinkage=0.05


Tree=256
num_leaves=11
num_cat=0
split_feature=16 16 28 8 6 31 18 12 16 14
split_gain=0.423123 0.390732 0.471126 0.392201 0.331299 0.260126 0.250998 0.240594 3.47833e-05 1.35492e-06
threshold=0.010795918249056959 0.017851990527882125 0.019235426896459743 0.02734549890626153 0.89126794042474455 0.17517932590980126 -0.40233111500531227 -0.015055758010121793 0.023729476939610146 0.75506680672068838
decision_type=2 2 2 2 2 2 2 2 2 2
left_child=-1 4 8 7 6 -6 -2 -4 -3 -10
right_child=1 2 3 -5 5 -7 -8 -9 9 -11
leaf_value=-0.034565278312480401 0.011610754990952592 -0.034151381298318094 0.013993206892664607 0.029459524069806689 0.029773086847667309 0.0057925548603262539 -0.020128638138179805 -0.034482061427854822 -0.033518542284756411 -0.033700624357759015
leaf_weight=0.86140324454754669 1.1223798030987384 1.0137141002342107 0.41405127570033062 0.84518733876757313 2.0541525334119797 2.5159257259219885 1.3996749389916638 0.67042217776179303 0.21421204670332361 0.19533537840470672
leaf_count=24 15 37 4 15 18 29 25 36 30 17
internal_value=-0.00088374 0.00189397 -0.0121707 0.00392566 0.0085433 0.0165713 -0.00600378 -0.0159742 -0.0339943 -0.0336054
internal_weight=11.3065 10.4451 3.35292 1.92966 7.09213 4.57008 2.52205 1.08447 1.42326 0.409547
internal_count=250 226 139 55 87 47 40 40 84 47
is_linear=0
shrinkage=0.05


Tree=257
num_leaves=7
num_cat=0
split_feature=5 23 28 29 24 31
split_gain=0.492636 0.862815 1.49953 0.999868 1.43897 0.665556
threshold=0.022401748290521776 -0.0098002246374394569 0.044154480778802359 0.0020059961375012984 0.0022466909518641391 -0.13719154520004201
decision_type=2 2 2 2 2 2
left_child=1 -1 3 4 -3 -5
right_child=-2 2 -4 5 -6 -7
leaf_value=-0.016846115528746028 0.011432680908447573 0.01372872253825955 -0.018875096105622571 0.031994853828141261 -0.013478070676261736 0.0086711657883766641
leaf_weight=7.9328115507960311 8.3173118978738767 8.4055122286081332 7.726404756307601 4.1693394407629976 11.521785177290438 11.481720246374604
leaf_count=34 34 35 33 21 47 46
internal_value=0.000145719 -0.00168647 0.00109055 0.00542641 -0.002002 0.0148844
internal_weight=59.5549 51.2376 43.3048 35.5784 19.9273 15.6511
internal_count=250 216 182 149 82 67
is_linear=0
shrinkage=0.05


Tree=258
num_leaves=9
num_cat=0
split_feature=0 22 21 16 21 21 4 23
split_gain=0.482187 0.908554 1.02814 0.920873 0.655144 1.1556 1.38583 0.966203
threshold=-0.00033551514938506827 0.0065591886787134132 0.0017184121188301706 0.019310912013077594 -0.0013036609250813289 -0.0026336282391610784 0.014906151697964484 0.0047532699056348502
decision_type=2 2 2 2 2 2 2 2
left_child=1 2 3 -1 5 6 -2 -6
right_child=4 -3 -4 -5 7 -7 -8 -9
leaf_value=-0.029962407371068419 -0.0089957751088599117 -0.025969328419430188 0.010895848880156676 0.0028613023219885218 0.021000303424011019 -0.020352223726957074 0.025205394997143027 -0.0040356834324814118
leaf_weight=4.1743006780743652 6.6301612332463282 4.4311440140008918 9.2413464933633787 4.3777485638856888 9.7297029867768305 6.168489806354045 5.3533843383193016 6.3811270594596854
leaf_count=22 30 26 38 19 39 25 24 27
internal_value=2.46992e-05 -0.00571114 -0.000666187 -0.0131601 0.00374524 -0.00276838 0.00628284 0.0110841
internal_weight=56.4874 22.2245 17.7934 8.55205 34.2629 18.152 11.9835 16.1108
internal_count=250 105 79 41 145 79 54 66
is_linear=0
shrinkage=0.05


Tree=259
num_leaves=10
num_cat=0
split_feature=16 16 24 24 12 32 3 22 16
split_gain=0.406521 0.36467 0.462337 0.458445 0.413434 0.319699 0.571777 0.000115588 3.41958e-05
threshold=0.010795918249056959 0.017851990527882125 -0.0026151902425762814 -0.0046641730588430344 -0.015055758010121793 -0.67209188520824192 0.057917092009554867 -0.0062940426726996726 0.023729476939610146
decision_type=2 2 2 2 2 2 2 2 2
left_child=-1 5 3 4 -3 -2 -7 -4 -9
right_child=1 2 7 -5 -6 6 -8 8 -10
leaf_value=-0.034530726208428501 0.024892102966367777 0.029848224099717255 -0.035108503940587767 0.035620409927076324 -0.034172864081218307 -0.020777510313756093 0.014271787901201517 -0.034228317473445659 -0.033641175749106182
leaf_weight=0.83163700159639198 2.0410415502265096 0.36008279211819161 0.30702259764075179 0.71308076987042968 0.84147961228154589 1.8376231943257133 3.1724731875583529 0.65519663412124074 0.39900638838298619
leaf_count=24 18 4 10 8 50 36 33 24 43
internal_value=-0.000900801 0.00180743 -0.0119773 0.00386092 -0.0149871 0.00821165 0.00141627 -0.0342547 -0.0340061
internal_weight=11.1586 10.327 3.27587 1.91464 1.20156 7.05114 5.0101 1.36123 1.0542
internal_count=250 226 139 62 54 87 69 77 67
is_linear=0
shrinkage=0.05


Tree=260
num_leaves=9
num_cat=0
split_feature=16 16 19 8 21 1 10 20
split_gain=0.466098 0.675721 0.669611 1.49043 1.59179 1.25228 1.06397 0.875005
threshold=0.010795918249056959 0.013121764657758977 -1.0000000180025095e-35 0.031084381216328883 0.00096570780090388119 0.016477600502263882 0.0026561433916659368 -0.05449106168792394
decision_type=2 2 2 2 2 2 2 2
left_child=-1 -2 5 4 -4 6 -3 -7
right_child=1 2 3 -5 -6 7 -8 -9
leaf_value=0.013190728005441502 -0.017501963864521516 -0.0014748499360055867 0.027979157658377413 -0.017534362131956849 -0.0028283223190314118 0.022697558529272983 -0.029997846374094601 -0.0043581270545464176
leaf_weight=6.1376720070838919 5.7792078107595435 6.5625611916184443 9.2647148221731239 4.7981407344341269 7.659144513309001 4.9825240522623062 6.5155470743775368 7.4665950238704664
leaf_count=24 24 30 39 20 33 22 27 31
internal_value=0.000146309 -0.00136349 0.000610457 0.00706307 0.0140368 -0.0048803 -0.0156851 0.0064704
internal_weight=59.1661 53.0284 47.2492 21.722 16.9239 25.5272 13.0781 12.4491
internal_count=250 226 202 92 72 110 57 53
is_linear=0
shrinkage=0.05


Tree=261
num_leaves=7
num_cat=0
split_feature=9 10 24 22 28 8
split_gain=0.461473 0.655088 0.531699 0.679321 1.09493 0.867368
threshold=5021.9224609375005 -0.012994545433481939 0.017986783531995679 0.0044847557986847928 0.016165889978545404 0.0031463691560094874
decision_type=2 2 2 2 2 2
left_child=1 -1 3 5 -5 -3
right_child=-2 2 -4 4 -6 -7
leaf_value=-0.017446288060968009 0.015752697460147153 0.019863571984502299 -0.013165161283697189 -0.024584679608699055 0.0094807185352399487 0.0011264266253057933
leaf_weight=5.5926098525524131 4.304945543408393 8.5824913904070872 6.0333887934684745 5.1321104168891889 4.3652201294898987 22.031295515596867
leaf_count=32 19 33 25 25 19 97
internal_value=2.36143e-05 -0.00128517 0.000673518 0.00275509 -0.00892734 0.00637933
internal_weight=56.0421 51.7371 46.1445 40.1111 9.49733 30.6138
internal_count=250 231 199 174 44 130
is_linear=0
shrinkage=0.05


Tree=262
num_leaves=8
num_cat=0
split_feature=27 27 15 15 16 3 9
split_gain=0.400174 0.326606 0.702701 0.553708 0.824286 0.48069 9.33435e-05
threshold=-0.019963929817554734 -0.015419140363013171 0.01967247212534011 0.017995939073881483 0.01394624661794828 -0.090284711171275386 4094.607476806641
decision_type=2 2 2 2 2 2 2
left_child=-1 -2 3 4 -3 -4 -7
right_child=1 2 5 -5 -6 6 -8
leaf_value=-0.034370640850300449 0.024816082137849811 -0.034741094734385018 0.027757703229099706 0.033317321530399652 0.011300642652643427 -0.03380515536647153 -0.034522639021512418
leaf_weight=0.82559637352824289 1.3410628754645575 1.3348785862326602 0.36891358066350033 1.5204382957890628 3.5770383481867611 0.68265608279034751 1.349335021106526
leaf_count=33 15 34 7 11 41 55 54
internal_value=-0.000891955 0.00182468 -0.00166587 0.00694996 -0.00121181 -0.0247489 -0.0342816
internal_weight=10.9999 10.1743 8.83326 6.43236 4.91192 2.4009 2.03199
internal_count=250 217 202 86 75 116 109
is_linear=0
shrinkage=0.05


Tree=263
num_leaves=8
num_cat=0
split_feature=19 27 5 3 15 27 22
split_gain=0.471198 0.750622 1.01701 0.794326 1.0716 1.45836 0.712468
threshold=-0.054805799949304061 -0.0081993809289979663 0.012180704607723391 -0.0091855204346509827 0.024423964133836972 0.0054391877774513384 0.00085918318370781243
decision_type=2 2 2 2 2 2 2
left_child=6 2 -2 -3 5 -5 -1
right_child=1 3 -4 4 -6 -7 -8
leaf_value=-0.00088193775981191484 0.0019753028029581288 0.016159425332661872 -0.02607782614335212 0.021490700711756218 -0.017110396445102604 -0.0069764143654302965 0.024923615674817944
leaf_weight=6.7205123230814916 6.3459687978029233 7.545466765761371 6.5813424959778786 7.5154014080762961 8.3264844045042974 11.209372222423552 4.4430167116224766
leaf_count=27 27 32 29 31 35 45 24
internal_value=0.000144631 -0.00202678 -0.0123066 0.00181436 -0.00218694 0.00444919 0.00938852
internal_weight=58.6876 47.524 12.9273 34.5967 27.0513 18.7248 11.1635
internal_count=250 199 56 143 111 76 51
is_linear=0
shrinkage=0.05


Tree=264
num_leaves=9
num_cat=0
split_feature=0 18 32 13 1 20 2 30
split_gain=0.463654 0.891162 1.06998 0.980888 0.78803 0.761847 1.21698 0.761423
threshold=-0.00033551514938506827 0.1356182751407122 -0.52354147888310276 56.619846137036255 -0.016868635283571628 1.0000000180025095e-35 0.033942829174169804 -0.0031263741727983736
decision_type=2 2 2 2 2 2 2 2
left_child=1 3 -3 -1 -2 6 -6 -7
right_child=4 2 -4 -5 5 7 -8 -9
leaf_value=-0.031117952771622989 0.021780818366531847 0.022939766192859236 -0.0086212556794404999 -0.00097153983859003487 -0.022886191510567311 -0.0028903426765685448 0.0058560601254328227 0.020553995569802214
leaf_weight=5.3400165103375929 5.1073386073112479 4.5439327210187912 6.5656674653291685 5.4543440863490105 6.8431566730141657 6.8910192027688026 7.9746029153466225 6.9625409394502622
leaf_count=30 20 18 33 24 33 31 33 28
internal_value=1.22402e-05 -0.00565364 0.0042875 -0.0158851 0.00368631 0.000463062 -0.00741772 0.00889234
internal_weight=55.6826 21.904 11.1096 10.7944 33.7787 28.6713 14.8178 13.8536
internal_count=250 105 51 54 145 125 66 59
is_linear=0
shrinkage=0.05


Tree=265
num_leaves=8
num_cat=0
split_feature=27 27 15 15 16 3 9
split_gain=0.388377 0.297305 0.67718 0.521749 0.788078 0.465923 8.47534e-05
threshold=-0.019963929817554734 -0.015419140363013171 0.01967247212534011 0.017995939073881483 0.01394624661794828 -0.090284711171275386 4090.6299743652348
decision_type=2 2 2 2 2 2 2
left_child=-1 -2 3 4 -3 -4 -7
right_child=1 2 5 -5 -6 6 -8
leaf_value=-0.034338223377850856 0.023814782425304486 -0.034682061554633957 0.027158723046319794 0.032553051664894188 0.010997220825525969 -0.033736389246228765 -0.03446050775952008
leaf_weight=0.80031443643383759 1.3361022332683195 1.2831659908406416 0.36656125122681071 1.513317171949893 3.5745099950581789 0.56908898940310093 1.3937196165788917
leaf_count=33 15 34 7 11 41 52 57
internal_value=-0.000817994 0.00185493 -0.00151741 0.00691728 -0.00106906 -0.0245869 -0.0342506
internal_weight=10.8368 10.0365 8.70036 6.37099 4.85768 2.32937 1.96281
internal_count=250 217 202 86 75 116 109
is_linear=0
shrinkage=0.05


Tree=266
num_leaves=7
num_cat=0
split_feature=18 16 15 24 21 22
split_gain=0.44181 0.808539 1.07504 1.04902 0.92864 0.71113
threshold=0.85043777353026295 0.034983122722560316 0.029030169733691161 0.017986783531995679 -0.00051231168376147929 -0.0038781620359074616
decision_type=2 2 2 2 2 2
left_child=1 2 3 4 -1 -2
right_child=5 -3 -4 -5 -6 -7
leaf_value=0.010544612189023243 -0.022751086159192149 0.021849655690550699 -0.015503924825788849 0.025580837787154132 -0.00773172550649299 0.002036883226416659
leaf_weight=12.65977685898542 5.0254277586936951 4.7649894282221785 8.7203045561909658 4.9011689797043791 15.411521859467033 6.8200147375464422
leaf_count=55 20 20 38 22 68 27
internal_value=0.00014035 0.00233815 0.000108216 0.0042372 0.000510656 -0.00847941
internal_weight=58.3032 46.4578 41.6928 32.9725 28.0713 11.8454
internal_count=250 203 183 145 123 47
is_linear=0
shrinkage=0.05


Tree=267
num_leaves=9
num_cat=0
split_feature=0 22 21 23 1 20 2 30
split_gain=0.448959 0.842623 0.944571 0.98751 0.746906 0.709476 1.14792 0.724329
threshold=-0.00033551514938506827 0.0065591886787134132 0.0018819967403077566 0.0042449080137474402 -0.016868635283571628 1.0000000180025095e-35 0.033942829174169804 -0.0031263741727983736
decision_type=2 2 2 2 2 2 2 2
left_child=1 2 3 -1 -2 6 -6 -7
right_child=4 -3 -4 -5 5 7 -8 -9
leaf_value=-0.027628311278851417 0.021327878295239185 -0.025428639254553187 0.011199235169645751 0.0057306380211976544 -0.022261665983199105 -0.0028641532142787006 0.0057497852284420711 0.020059158691515352
leaf_weight=4.7591883167624527 5.0681213289499274 4.2920545022934666 8.5266562402248365 4.1556189805269241 6.7728556729853171 6.8612798750400543 7.9512697905302048 6.9231832474470121
leaf_count=27 20 26 36 16 33 31 33 28
internal_value=1.68816e-05 -0.0055823 -0.000698448 -0.0120781 0.00364112 0.000496851 -0.00713502 0.00864897
internal_weight=55.3102 21.7335 17.4415 8.91481 33.5767 28.5086 14.7241 13.7845
internal_count=250 105 79 43 145 125 66 59
is_linear=0
shrinkage=0.05


Tree=268
num_leaves=13
num_cat=0
split_feature=7 0 6 0 21 31 4 17 7 12 5 16
split_gain=0.373144 0.308483 0.591719 0.58979 0.885301 0.526105 0.40997 0.000263729 0.000188185 0.000151138 1.07182e-05 1.53254e-06
threshold=3347.7400024414069 0.0027414873563184066 0.96164996537233516 0.0005742204483144554 0.00096570780090388119 0.28138982799416506 0.0098422487880058789 -0.00038215596638661501 3699.6450195312505 0.0050339536750087675 0.010884052485134415 0.017749816519977736
decision_type=2 2 2 2 2 2 2 2 2 2 2 2
left_child=9 3 6 4 7 -6 -3 -2 -4 -1 -10 -11
right_child=1 2 8 -5 5 -7 -8 -9 10 11 -12 -13
leaf_value=-0.035172529825650278 -0.034413386615651007 -0.016316927618003432 -0.035265178986575899 0.033866518944838636 -0.010168282643574666 0.032031592710622663 0.024875944072041377 -0.035829562272595421 -0.034306101370932263 -0.033814735071961713 -0.033951714100280923 -0.033636697757412105
leaf_weight=0.28949807956814844 0.64114266284741461 1.122125947847963 0.55049106292426564 1.6957149188965557 1.2892918183933946 1.7290468402206896 1.3081819037906823 0.67470570653676787 0.35064713843166828 0.24872466875240207 0.5449224621988833 0.23515009065158665
leaf_count=8 28 23 11 11 37 10 22 12 11 14 34 29
internal_value=-0.000819283 0.00179209 -0.00921247 0.00886646 -0.000914603 0.0140058 0.0058563 -0.0351395 -0.0345377 -0.0342689 -0.0340905 -0.0337282
internal_weight=10.6796 9.90627 3.87637 6.0299 4.33419 3.01834 2.43031 1.31585 1.44606 0.773373 0.89557 0.483875
internal_count=250 199 101 98 87 47 45 40 56 51 45 43
is_linear=0
shrinkage=0.05


Tree=269
num_leaves=8
num_cat=0
split_feature=19 27 5 3 15 27 22
split_gain=0.451212 0.718025 0.966086 0.701468 1.00781 1.37768 0.677391
threshold=-0.054805799949304061 -0.0081993809289979663 0.012180704607723391 -0.0091855204346509827 0.024423964133836972 0.0054391877774513384 0.00085918318370781243
decision_type=2 2 2 2 2 2 2
left_child=6 2 -2 -3 5 -5 -1
right_child=1 3 -4 4 -6 -7 -8
leaf_value=-0.00079631866043305087 0.0018289589178008114 0.015400950218060972 -0.025688663467667662 0.021231857692748449 -0.016534828948341306 -0.0066247748419630357 0.024581548759218284
leaf_weight=6.6407495290040952 6.2916478440165502 7.4028038457035974 6.4691539779305458 7.3829210698604681 8.2409628555178625 11.128971621394156 4.3531568422913551
leaf_count=27 27 32 29 31 35 45 24
internal_value=0.000134966 -0.0020015 -0.0121212 0.00177931 -0.00198995 0.00448502 0.00925232
internal_weight=57.9104 46.9165 12.7608 34.1557 26.7529 18.5119 10.9939
internal_count=250 199 56 143 111 76 51
is_linear=0
shrinkage=0.05


Tree=270
num_leaves=8
num_cat=0
split_feature=15 15 17 3 32 24 3
split_gain=0.440989 0.765485 0.986325 0.721236 0.988664 1.34545 0.85665
threshold=0.042023658091660969 0.027646331415706445 -0.010061316895333046 0.016398422773980407 -0.22915505244245757 0.005796248179469444 -0.0052678255109624974
decision_type=2 2 2 2 2 2 2
left_child=1 3 -3 6 5 -5 -1
right_child=-2 2 -4 4 -6 -7 -8
leaf_value=-0.004004954133820438 -0.013307045806139478 -0.0047373923984295177 0.024460279807978519 -0.0039792544163990192 0.011872894692089818 -0.03340107557691812 0.02176452036403409
leaf_weight=7.2472647670656443 5.5862243846058837 4.8936136774718761 7.0730543993413431 13.453330829739572 5.3468389287591007 5.4638026989996424 5.8108317703008634
leaf_count=31 25 22 32 65 23 26 26
internal_value=7.03643e-06 0.00151601 0.0125203 -0.00201231 -0.00711131 -0.0124771 0.00746242
internal_weight=54.875 49.2887 11.9667 37.3221 24.264 18.9171 13.0581
internal_count=250 225 54 171 114 91 57
is_linear=0
shrinkage=0.05


Tree=271
num_leaves=8
num_cat=0
split_feature=27 27 15 15 16 3 9
split_gain=0.367323 0.271629 0.64571 0.47948 0.745774 0.435284 7.53713e-05
threshold=-0.019963929817554734 -0.015419140363013171 0.01967247212534011 0.017995939073881483 0.01394624661794828 -0.090284711171275386 4090.6299743652348
decision_type=2 2 2 2 2 2 2
left_child=-1 -2 3 4 -3 -4 -7
right_child=1 2 5 -5 -6 6 -8
leaf_value=-0.034288164809714632 0.023054768031514232 -0.034628821757217883 0.02633515556689274 0.031600626047283316 0.010776435867666729 -0.033706879514272252 -0.034411315152366825
leaf_weight=0.75704040192067701 1.3094754489138711 1.2192397089675049 0.35302874352782776 1.4878689849283544 3.501563117839396 0.53068655298557343 1.3348148758523164
leaf_count=33 15 34 7 11 41 52 57
internal_value=-0.000739509 0.00186895 -0.00142305 0.00685028 -0.00095036 -0.0245764 -0.0342109
internal_weight=10.4937 9.73668 8.4272 6.20867 4.7208 2.21853 1.8655
internal_count=250 217 202 86 75 116 109
is_linear=0
shrinkage=0.05


Tree=272
num_leaves=7
num_cat=0
split_feature=5 23 28 32 20 12
split_gain=0.439483 0.745097 1.39187 1.02468 1.06632 0.795127
threshold=0.022401748290521776 -0.0098002246374394569 0.044154480778802359 -0.21116054579489379 0.029782552562043322 0.032348159236667264
decision_type=2 2 2 2 2 2
left_child=1 -1 3 4 -3 -5
right_child=-2 2 -4 5 -6 -7
leaf_value=-0.016045836523036656 0.010973136299564928 0.0046438825615068456 -0.01860369108414418 0.0060854601558984868 0.028659602552400298 -0.022574202900541879
leaf_weight=7.5917733013629904 8.0350443273782712 18.503604605793953 7.4541753157973281 4.739099748432638 6.1610643044114104 4.9457269906997681
leaf_count=34 34 78 33 21 30 20
internal_value=0.0001284 -0.00163569 0.000981273 0.0052314 0.0106428 -0.0085501
internal_weight=57.4305 49.3954 41.8037 34.3495 24.6647 9.68483
internal_count=250 216 182 149 108 41
is_linear=0
shrinkage=0.05


Tree=273
num_leaves=7
num_cat=0
split_feature=1 10 12 8 29 0
split_gain=0.42829 0.74765 0.744328 0.633532 1.14855 0.726831
threshold=-0.03031299405182469 -0.007632002399465967 0.013048710343382347 0.01994867391397084 -0.0014699969061824911 0.010651203163546953
decision_type=2 2 2 2 2 2
left_child=-1 -2 -3 4 -4 -5
right_child=1 2 3 5 -6 -7
leaf_value=0.011945007814782435 -0.020565154035886185 0.015836609942722981 -0.025848699498681856 -0.0055675059483261237 -0.00034291918285265182 0.015963930462171465
leaf_weight=6.5950867086648932 4.7084787748754016 6.6256393566727629 6.3353911228477946 7.8235261887311918 14.552226379513742 7.8544171899557114
leaf_count=30 27 26 31 33 69 34
internal_value=-8.54771e-07 -0.00164563 0.000416882 -0.00237716 -0.00807904 0.00521942
internal_weight=54.4948 47.8997 43.1912 36.5656 20.8876 15.6779
internal_count=250 220 193 167 100 67
is_linear=0
shrinkage=0.05


Tree=274
num_leaves=13
num_cat=0
split_feature=7 0 6 0 21 31 4 17 7 9 15 16
split_gain=0.354001 0.287253 0.568741 0.556603 0.846725 0.484 0.385191 0.000251428 0.000168767 0.000132523 9.6425e-06 1.36905e-06
threshold=3347.7400024414069 0.0027414873563184066 0.96164996537233516 0.0005742204483144554 0.00096570780090388119 0.28138982799416506 0.0098422487880058789 -0.00038215596638661501 3699.6450195312505 3347.2125061035163 0.017089573915035672 0.017749816519977736
decision_type=2 2 2 2 2 2 2 2 2 2 2 2
left_child=9 3 6 4 7 -6 -3 -2 -4 11 -10 -1
right_child=1 2 8 -5 5 -7 -8 -9 10 -11 -12 -13
leaf_value=-0.033795700428230178 -0.034387930925831166 -0.015909323720718398 -0.035185245116584274 0.03341376478069838 -0.009810978567402328 0.031240278652398208 0.024436201485868982 -0.035800635341141682 -0.034256469775230398 -0.03510417846784028 -0.03391092599518538 -0.033622335108970385
leaf_weight=0.23458499857224602 0.61119165387935936 1.0945893991738564 0.53019530605524756 1.6524222884327171 1.2453296277672055 1.6956894211471079 1.2874017523135988 0.64981701411306658 0.33347094897180796 0.27319531049579382 0.51168387988582253 0.22130736277904361
leaf_count=13 28 23 11 11 37 10 22 12 11 9 34 29
internal_value=-0.000643687 0.00190421 -0.00888533 0.00882885 -0.000839017 0.0138578 0.00589634 -0.0351159 -0.034486 -0.0342334 -0.0340473 -0.0337115
internal_weight=10.3409 9.61179 3.75734 5.85445 4.20203 2.94102 2.38199 1.26101 1.37535 0.729088 0.845155 0.455892
internal_count=250 199 101 98 87 47 45 40 56 51 45 42
is_linear=0
shrinkage=0.05


Tree=275
num_leaves=8
num_cat=0
split_feature=19 27 5 28 23 19 31
split_gain=0.423545 0.668871 0.9084 0.695728 1.0758 1.42821 0.647167
threshold=-0.054805799949304061 -0.0081993809289979663 0.012180704607723391 -0.017235182105305832 -0.0063913806691188171 -0.0020142956723152024 -0.12784627009344193
decision_type=2 2 2 2 2 2 2
left_child=6 2 -2 -3 -5 -6 -1
right_child=1 3 -4 4 5 -7 -8
leaf_value=0.023042460501846791 0.0017758663045090205 0.016904911207776943 -0.025130267846794715 0.017305443580219668 -0.023813627382077818 0.0028771579763929374 -0.0016544670375454431
leaf_weight=4.6748010143637657 6.2088191062211973 6.1533357501029924 6.340559184551239 5.8634143099188796 7.8804987668991098 13.769096102565534 6.1320722624659521
leaf_count=22 27 27 29 24 33 59 29
internal_value=0.000117548 -0.00196623 -0.0118184 0.00170625 -0.00169296 -0.00683834 0.00902885
internal_weight=57.0226 46.2157 12.5494 33.6663 27.513 21.6496 10.8069
internal_count=250 199 56 143 116 92 51
is_linear=0
shrinkage=0.05


Tree=276
num_leaves=9
num_cat=0
split_feature=0 18 32 13 21 7 23 28
split_gain=0.429934 0.852518 0.964065 0.87932 0.601771 1.06847 0.938314 0.90722
threshold=-0.00033551514938506827 0.1356182751407122 -0.52354147888310276 56.619846137036255 -0.00081513905586688684 3481.4900268554693 0.0047532699056348502 0.019235426896459743
decision_type=2 2 2 2 2 2 2 2
left_child=1 3 -3 -1 5 -2 -6 -7
right_child=4 2 -4 -5 6 7 -8 -9
leaf_value=-0.030408663875243366 0.010320267987379596 0.022131958063924762 -0.0081562866624141552 -0.0014238466755410843 0.02135538630176435 -0.027974251133123237 -0.0040525173638878663 0.003286081259286644
leaf_weight=5.1563927643001097 8.4257134795188922 4.4624385014176369 6.3883003853261453 5.3125382661819458 8.8855984061956388 5.2634073942899686 6.1478274539113036 4.1516644433140755
leaf_count=30 36 18 33 24 37 25 27 20
internal_value=9.11717e-06 -0.00552098 0.00429996 -0.0157001 0.00359551 -0.00261432 0.010965 -0.0141897
internal_weight=54.1939 21.3197 10.8507 10.4689 32.8742 17.8408 15.0334 9.41507
internal_count=250 105 51 54 145 81 64 45
is_linear=0
shrinkage=0.05


Tree=277
num_leaves=8
num_cat=0
split_feature=27 27 15 15 16 3 9
split_gain=0.348329 0.254746 0.606052 0.43479 0.70379 0.409341 6.47359e-05
threshold=-0.019963929817554734 -0.015419140363013171 0.01967247212534011 0.017995939073881483 0.01394624661794828 -0.090284711171275386 4090.6299743652348
decision_type=2 2 2 2 2 2 2
left_child=-1 -2 3 4 -3 -4 -7
right_child=1 2 5 -5 -6 6 -8
leaf_value=-0.034247371492496501 0.022504864177043126 -0.034579736514840469 0.025530983426067789 0.030485254154678024 0.010491402459334503 -0.033682888620777708 -0.034356127275198427
leaf_weight=0.71958164474926967 1.2880628034472454 1.1594772227108459 0.34278281079605033 1.4520672590006141 3.4235370736569166 0.49628828372806522 1.2728232641238717
leaf_count=33 15 34 7 11 41 52 57
internal_value=-0.000714974 0.00184244 -0.00142436 0.00664281 -0.000911346 -0.0244776 -0.0341673
internal_weight=10.1546 9.43504 8.14698 6.03508 4.58301 2.11189 1.76911
internal_count=250 217 202 86 75 116 109
is_linear=0
shrinkage=0.05


Tree=278
num_leaves=9
num_cat=0
split_feature=19 27 5 1 0 11 19 22
split_gain=0.402698 0.627611 0.860466 0.665378 1.30437 1.04704 1.60867 0.617834
threshold=-0.054805799949304061 -0.0081993809289979663 0.012180704607723391 0.019119769836520976 0.0074665761346558454 3335.248999023438 0.012939101422696721 0.00085918318370781243
decision_type=2 2 2 2 2 2 2 2
left_child=7 2 -2 5 -5 -3 -7 -1
right_child=1 3 -4 4 -6 6 -8 -9
leaf_value=-0.00077200671373332461 0.0017689239692811989 0.011783923730526329 -0.024510435319373081 0.025652153556773128 -0.0075669674113656472 -0.029902925466593636 0.0039115340085028932 0.023791611419514067
leaf_weight=6.5488832369446737 6.1697725579142553 7.2818434983491924 6.291011668741703 6.7345678061246854 5.2655050307512283 6.4779423698782903 7.6956016458570957 4.2027598470449448
leaf_count=27 27 30 29 28 23 27 35 24
internal_value=0.000119401 -0.0019202 -0.0114986 0.00164736 0.011076 -0.00362609 -0.0115432 0.00882978
internal_weight=56.6679 45.9162 12.4608 33.4555 12.0001 21.4554 14.1735 10.7516
internal_count=250 199 56 143 51 92 62 51
is_linear=0
shrinkage=0.05


Tree=279
num_leaves=7
num_cat=0
split_feature=9 21 11 23 21 12
split_gain=0.416745 0.627677 1.02664 1.37373 0.883908 0.795498
threshold=5021.9224609375005 0.0037708410989416579 3977.0679956054692 -1.0000000180025095e-35 0.0022411371037304177 0.029706898216113806
decision_type=2 2 2 2 2 2
left_child=1 2 4 -4 5 -1
right_child=-2 -3 3 -5 -6 -7
leaf_value=-0.0090502585677074681 0.015297819495427613 -0.016721248661843241 -0.025291669416489988 0.0047592653531358178 0.023982634179979128 0.0098506180116562925
leaf_weight=9.5358472950756603 4.1160573586821547 5.7966124825179568 7.329697348177433 7.9039211869239789 5.7026910595595828 13.375237375497816
leaf_count=45 19 32 39 33 23 59
internal_value=9.20207e-06 -0.0012584 0.000785784 -0.00969982 0.00636819 0.00198386
internal_weight=53.7601 49.644 43.8474 15.2336 28.6138 22.9111
internal_count=250 231 199 72 127 104
is_linear=0
shrinkage=0.05


Tree=280
num_leaves=8
num_cat=0
split_feature=27 34 18 30 4 1 15
split_gain=0.336278 0.238584 0.650468 0.400751 0.588041 0.327588 7.35993e-05
threshold=-0.019963929817554734 2.4078008602523187 0.39285680336203138 0.0067993525455957169 0.012470654677532382 0.010167311406912962 0.01555576284555087
decision_type=2 2 2 2 2 2 2
left_child=-1 2 3 5 -5 -2 -4
right_child=1 -3 6 4 -6 -7 -8
leaf_value=-0.034218127829555252 -0.0049763726116322689 0.0219887239189775 -0.034894950805759266 -0.035092249762508604 0.011064871847922956 0.025176547970983933 -0.034127487522081786
leaf_weight=0.6956602574791767 1.3681886508129517 1.2668325058184553 0.61539047351106979 1.2603037320077422 1.5249843676574526 2.6365674519911408 0.63446421315893531
leaf_count=33 41 20 15 30 42 33 36
internal_value=-0.00068553 0.00182097 -0.00135683 0.00474488 -0.00982058 0.0148751 -0.0345054
internal_weight=10.0024 9.30673 8.0399 6.79004 2.78529 4.00476 1.24985
internal_count=250 217 197 146 72 74 51
is_linear=0
shrinkage=0.05


Tree=281
num_leaves=6
num_cat=0
split_feature=28 20 18 27 6
split_gain=0.447888 0.536193 0.798135 0.645568 0.997169
threshold=-0.063746158169736319 0.15828637096683099 1.3163298153540046 -0.014721517926501447 0.86863549691279962
decision_type=2 2 2 2 2
left_child=-1 2 3 -2 -5
right_child=1 -3 -4 4 -6
leaf_value=0.01669251207237564 -0.013886696000380684 0.013076589505242715 -0.020920212770195221 0.014281188296525702 -0.0038205408804125396
leaf_weight=3.7983046919107428 7.39760748296976 5.9255081787705413 5.4240401089191428 11.616849694401024 22.046217009425163
leaf_count=15 35 27 21 52 100
internal_value=0.00011319 -0.00108836 -0.00289399 -0.000512763 0.00242622
internal_weight=56.2085 52.4102 46.4847 41.0607 33.6631
internal_count=250 235 208 187 152
is_linear=0
shrinkage=0.05


Tree=282
num_leaves=9
num_cat=0
split_feature=0 18 32 13 21 7 4 23
split_gain=0.426983 0.790815 0.904382 0.827533 0.560533 0.975489 0.911511 0.870736
threshold=-0.00033551514938506827 0.1356182751407122 -0.52354147888310276 56.619846137036255 -0.00081513905586688684 3481.4900268554693 0.014906151697964484 0.0047532699056348502
decision_type=2 2 2 2 2 2 2 2
left_child=1 3 -3 -1 5 -2 -7 -6
right_child=4 2 -4 -5 7 6 -8 -9
leaf_value=-0.029935463496051508 0.0099826096287649116 0.021376531519147954 -0.0081607276723139905 -0.0015435146906140835 0.02084924439433973 -0.030548471707770475 0.00088743505149278454 -0.003738575463941584
leaf_weight=5.0326497573405522 8.3416701927781123 4.3957054987549782 6.3138599619269353 5.2372820824384689 8.7689753100275976 4.2713326141238195 5.0114881098270416 6.1092717573046675
leaf_count=30 36 18 33 24 37 24 21 27
internal_value=1.72689e-05 -0.00554347 0.00396274 -0.0154566 0.00360655 -0.00242638 -0.0135773 0.0107531
internal_weight=53.4822 20.9795 10.7096 10.2699 32.5027 17.6245 9.28282 14.8782
internal_count=250 105 51 54 145 81 45 64
is_linear=0
shrinkage=0.05


Tree=283
num_leaves=13
num_cat=0
split_feature=7 0 6 0 21 31 4 17 7 18 10 23
split_gain=0.329152 0.257464 0.533039 0.523968 0.782017 0.445507 0.334855 0.000217957 0.00013678 0.000124433 7.42969e-06 1.76449e-06
threshold=3347.7400024414069 0.0027414873563184066 0.96164996537233516 0.0005742204483144554 0.00096570780090388119 0.28138982799416506 0.0098422487880058789 -0.00038215596638661501 3699.6450195312505 -0.89008060761719032 0.03926101325461006 0.0015968994034328834
decision_type=2 2 2 2 2 2 2 2 2 2 2 2
left_child=9 3 6 4 7 -6 -3 -2 -4 -1 -10 -11
right_child=1 2 8 -5 5 -7 -8 -9 10 11 -12 -13
leaf_value=-0.035105375268025013 -0.034367389603574314 -0.01524385653647343 -0.035059180751814814 0.032737756659854081 -0.0099664330540108238 0.030245934897401697 0.023175284129137969 -0.035718760547994985 -0.033857228991760573 -0.033592265846765189 -0.034163865988069343 -0.033792889408943608
leaf_weight=0.24400652362965047 0.57719966350123286 1.0364649808034307 0.4970910041593013 1.5913637913763521 1.1956839363556357 1.6246465295553205 1.2525536678731439 0.61766894860192934 0.42041149805299938 0.20957889035344202 0.37263787211850286 0.22972965764347464
leaf_count=8 28 23 11 11 37 10 22 12 28 25 17 18
internal_value=-0.000720683 0.00176981 -0.00870701 0.00845807 -0.00116482 0.0131978 0.00577914 -0.035066 -0.0344089 -0.0342 -0.0340013 -0.0336972
internal_weight=9.86904 9.18572 3.57916 5.60656 4.0152 2.82033 2.28902 1.19487 1.29014 0.683315 0.793049 0.439309
internal_count=250 199 101 98 87 47 45 40 56 51 45 43
is_linear=0
shrinkage=0.05


Tree=284
num_leaves=7
num_cat=0
split_feature=30 16 32 15 18 29
split_gain=0.399301 0.773415 0.920965 0.762322 0.557782 0.886801
threshold=-0.01322337341609031 0.027226041635421278 -0.40475372729654108 0.026877970200157402 0.85043777353026295 0.0011913588246637021
decision_type=2 2 2 2 2 2
left_child=-1 3 -3 4 5 -2
right_child=1 2 -4 -5 -6 -7
leaf_value=-0.010869959970537357 -0.0048167943118969762 0.027454507638805966 -0.0025632663574160718 -0.017322857893982451 -0.011542742123766631 0.013824657511374756
leaf_weight=7.2112314105033866 12.207551009953024 5.6548543870449066 4.6616074889898282 6.3725349679589263 6.4358778446912757 13.363934077322481
leaf_count=36 52 24 20 31 26 61
internal_value=0.000110698 0.00173678 0.0138906 -0.00153017 0.00161409 0.00492543
internal_weight=55.9076 48.6964 10.3165 38.3799 32.0074 25.5715
internal_count=250 214 44 170 139 113
is_linear=0
shrinkage=0.05


Tree=285
num_leaves=8
num_cat=0
split_feature=9 10 32 24 11 19 31
split_gain=0.401292 0.60984 0.526656 0.963691 0.804462 0.781301 0.711239
threshold=5021.9224609375005 -0.012994545433481939 -0.23987117030361244 0.005796248179469444 3352.0919995117192 -0.013755417450014016 0.24415817118959268
decision_type=2 2 2 2 2 2 2
left_child=1 -1 3 4 -3 -4 -5
right_child=-2 2 5 6 -6 -7 -8
leaf_value=-0.017470282174014574 0.015116671245106593 0.014919306549835781 -0.0053435242324280036 -0.033767711564659443 -0.0045288925297678681 0.020083730390650641 -0.0046437654662508376
leaf_weight=5.1714887600392094 4.0652589201927176 8.3921089470386523 5.2068914994597435 3.6533308923244459 14.512168880552052 7.1965127438306826 4.9186798390001059
leaf_count=32 19 36 23 18 70 29 23
internal_value=2.05221e-05 -0.00123062 0.000683328 -0.00275526 0.00259691 0.00940949 -0.0170562
internal_weight=53.1164 49.0512 43.8797 31.4763 22.9043 12.4034 8.57201
internal_count=250 231 199 147 106 52 41
is_linear=0
shrinkage=0.05


Tree=286
num_leaves=10
num_cat=0
split_feature=16 16 28 8 4 1 12 15 16
split_gain=0.320047 0.308569 0.377305 0.292971 0.260724 0.505811 0.194611 2.40704e-05 5.80801e-06
threshold=0.010795918249056959 0.017851990527882125 0.019235426896459743 0.02734549890626153 0.012470654677532382 0.01344173506750468 -0.015055758010121793 0.017089573915035672 0.024157688573911984
decision_type=2 2 2 2 2 2 2 2 2
left_child=-1 4 7 6 5 -2 -4 -3 -9
right_child=1 2 3 -5 -6 -7 -8 8 -10
leaf_value=-0.034319908162989299 -0.021372007831845733 -0.034222711189492577 0.013440160333264279 0.026386302360305387 0.02240268951180583 0.014477804820793076 -0.034368802321603185 -0.033840648404986198 -0.033558161369507386
leaf_weight=0.66132403491064984 1.5985001875087599 0.37768726982176326 0.34641822427511215 0.75040769227780402 2.0726608401164412 2.5590520980767906 0.55209339852444805 0.49423406552523375 0.28798101062420756
leaf_count=24 29 13 4 15 27 31 36 28 43
internal_value=-0.000743301 0.00171327 -0.0120453 0.00332437 0.00791618 0.00069423 -0.0159362 -0.0338949 -0.0337366
internal_weight=9.70036 9.03903 2.80882 1.64892 6.23021 4.15755 0.898512 1.1599 0.782215
internal_count=250 226 139 55 87 60 40 84 71
is_linear=0
shrinkage=0.05


Tree=287
num_leaves=7
num_cat=0
split_feature=16 16 32 30 19 13
split_gain=0.384557 0.880044 0.616851 1.39195 1.39257 0.922733
threshold=0.010795918249056959 0.012555804180735533 -0.22015684714245229 -0.01322337341609031 -0.0042854614325467102 56.33644635439115
decision_type=2 2 2 2 2 2
left_child=-1 -2 3 -3 -5 -4
right_child=1 2 5 4 -6 -7
leaf_value=0.012250679025752323 -0.024028988808426653 -0.02241649020031708 0.0027047533310258611 -0.0018994014922714356 0.019898487459515082 -0.025591323245143974
leaf_weight=5.8368613794445983 3.9276721626520148 4.3299294412136033 6.8470698334276658 16.238368690013885 13.351485013961797 4.9741972535848618
leaf_count=24 18 21 33 74 60 20
internal_value=0.000110263 -0.00131643 0.000633844 0.00406162 0.00793621 -0.00920178
internal_weight=55.5056 49.6687 45.7411 33.9198 29.5899 11.8213
internal_count=250 226 208 155 134 53
is_linear=0
shrinkage=0.05


Tree=288
num_leaves=9
num_cat=0
split_feature=0 18 32 13 27 24 34 10
split_gain=0.415789 0.752174 0.848572 0.757856 0.572763 0.759805 1.4508 1.26221
threshold=-0.00033551514938506827 0.1356182751407122 -0.52354147888310276 56.619846137036255 0.027760362936639641 0.0041983724455392233 1.2347948225964125 0.028146662798743591
decision_type=2 2 2 2 2 2 2 2
left_child=1 3 -3 -1 5 7 -7 -2
right_child=4 2 -4 -5 -6 6 -8 -9
leaf_value=-0.029364098398306362 -0.01991020927374967 0.020753997795372139 -0.0080108014917672984 -0.0019635189881270321 0.019786779500010572 0.030588843134131762 -0.0052178668187830421 0.0081982870896973679
leaf_weight=4.9063222073018569 8.1984234638512152 4.3495484292507172 6.2454240266233665 5.1960852146148682 4.6596793904900542 5.0803967565298063 6.3833320513367653 7.787658065557479
leaf_count=30 39 18 33 24 20 21 27 38
internal_value=1.65999e-05 -0.00550952 0.003798 -0.0152708 0.00357867 0.000827299 0.0106506 -0.00621709
internal_weight=52.8069 20.6974 10.595 10.1024 32.1095 27.4498 11.4637 15.9861
internal_count=250 105 51 54 145 125 48 77
is_linear=0
shrinkage=0.05


Tree=289
num_leaves=7
num_cat=0
split_feature=27 28 4 4 3 16
split_gain=0.315752 0.221931 0.353264 0.429147 0.359889 0.356305
threshold=-0.019963929817554734 -0.033448733870370333 0.0082442092521698134 0.014488256729574924 -0.090284711171275386 0.014153607679088813
decision_type=2 2 2 2 2 2
left_child=-1 -2 -3 5 -5 -4
right_child=1 2 3 4 -6 -7
leaf_value=-0.03419040950895904 0.01770355536039871 -0.034456311360942717 -0.010566258855595808 0.025605044654029793 -0.034075927196539617 0.018252107722230435
leaf_weight=0.65563726006075818 1.7537204093532626 0.75642894813790817 1.5888537745922802 0.31988126877695178 1.2010025910567503 3.3007612111978233
leaf_count=33 28 25 31 6 89 38
internal_value=-0.000700717 0.00176066 -0.00214051 0.00167271 -0.0215235 0.00888774
internal_weight=9.57629 8.92065 7.16693 6.4105 1.52088 4.88961
internal_count=250 217 189 164 95 69
is_linear=0
shrinkage=0.05


Tree=290
num_leaves=7
num_cat=0
split_feature=28 20 18 0 4 23
split_gain=0.418489 0.539138 0.735553 0.633767 1.20901 0.991369
threshold=-0.063746158169736319 0.15828637096683099 1.3163298153540046 0.0005742204483144554 0.020844425310940221 0.0025662273129757334
decision_type=2 2 2 2 2 2
left_child=-1 2 3 5 -5 -2
right_child=1 -3 -4 4 -6 -7
leaf_value=0.016270744977902277 0.018163004285252315 0.013244762969524752 -0.020362698855069233 -0.00025299076676628624 -0.028858466446971237 -0.0055532158603094203
leaf_weight=3.732893005013465 8.9747356362640875 5.8337727934122077 5.3250014036893836 17.999207012355331 4.6475520804524413 8.656625382602213
leaf_count=15 44 27 21 82 21 40
internal_value=0.000105741 -0.00106739 -0.00289827 -0.000589372 -0.00612339 0.00651884
internal_weight=55.1698 51.4369 45.6031 40.2781 22.6468 17.6314
internal_count=250 235 208 187 103 84
is_linear=0
shrinkage=0.05


Tree=291
num_leaves=10
num_cat=0
split_feature=22 19 19 5 20 22 28 32 21
split_gain=0.393837 0.898163 1.11964 0.926985 0.847318 0.898386 0.522626 0.5442 0.471718
threshold=-0.0032460251132191416 0.0094030112652686588 -0.054805799949304061 0.011154295801878962 0.02048037076021603 -0.0061618486561614829 0.028933030695949661 -0.27227018243514811 -0.00061647896028110816
decision_type=2 2 2 2 2 2 2 2 2
left_child=4 2 -2 -4 5 8 7 -3 -1
right_child=1 6 3 -5 -6 -7 -8 -9 -10
leaf_value=-0.016970349083507422 -0.015868565919952313 -0.032153698496118446 -0.0062492618113427177 0.02201142141080132 0.023673207236992812 0.018531263122524202 -0.00037973315571344636 -0.0073272220450984671 0.0036870237840444658
leaf_weight=6.2495968192815781 5.0605891719460514 4.6286820322275153 4.5042792558670071 8.1553701236844045 4.8478819280862799 4.5395726114511499 5.2319591343402854 4.2195715941488734 4.9544407576322556
leaf_count=29 31 26 22 37 20 18 23 21 23
internal_value=8.07513e-06 -0.0034803 0.00401002 0.0119563 0.00539535 -0.0002329 -0.012907 -0.0203144 -0.00783563
internal_weight=52.3919 31.8005 17.7202 12.6596 20.5915 15.7436 14.0802 8.84825 11.204
internal_count=250 160 90 59 90 70 70 47 52
is_linear=0
shrinkage=0.05


Tree=292
num_leaves=13
num_cat=0
split_feature=7 0 6 0 21 31 4 17 7 18 4 23
split_gain=0.306123 0.242811 0.50442 0.46668 0.735719 0.40348 0.306324 0.000191821 0.000122005 0.000112763 7.72535e-06 1.56779e-06
threshold=3347.7400024414069 0.0027414873563184066 0.96164996537233516 0.0005742204483144554 0.00096570780090388119 0.28138982799416506 0.0098422487880058789 -0.00038215596638661501 3699.6450195312505 -0.89008060761719032 0.011696586586569665 0.0042449080137474402
decision_type=2 2 2 2 2 2 2 2 2 2 2 2
left_child=9 3 6 4 7 -6 -3 -2 -4 -1 -10 -11
right_child=1 2 8 -5 5 -7 -8 -9 10 11 -12 -13
leaf_value=-0.035058474191660714 -0.03429513132892175 -0.015013792340914107 -0.034996429763940011 0.031752032183338962 -0.0093872674699098501 0.029559036115104909 0.022318009152714445 -0.035604362393750942 -0.034168161580796462 -0.033576054320187086 -0.033840554222385175 -0.033773144890431095
leaf_weight=0.2310406134929508 0.53674793383106589 0.99482908006757576 0.47350839246064402 1.5317535996437071 1.1498277252539995 1.5771971475332973 1.2275059809908269 0.58436305494978869 0.29958718502894044 0.20436954719480205 0.4506155694834888 0.19929763057734817
leaf_count=8 28 23 11 11 37 10 22 12 11 26 34 17
internal_value=-0.000638508 0.00177342 -0.00858874 0.00841082 -0.000880174 0.0131376 0.00560641 -0.0349775 -0.034368 -0.0341776 -0.0339714 -0.0336734
internal_weight=9.46064 8.82594 3.44605 5.37989 3.84814 2.72702 2.22234 1.12111 1.22371 0.634708 0.750203 0.403667
internal_count=250 199 101 98 87 47 45 40 56 51 45 43
is_linear=0
shrinkage=0.05


Tree=293
num_leaves=9
num_cat=0
split_feature=19 31 27 5 28 23 27 20
split_gain=0.396445 0.598474 0.542074 0.841416 0.645298 1.20469 0.644399 1.19459
threshold=-0.054805799949304061 -0.12784627009344193 -0.0081993809289979663 0.012180704607723391 0.014914210251467332 -1.0000000180025095e-35 0.00076366770152147556 0.029782552562043322
decision_type=2 2 2 2 2 2 2 2
left_child=1 -1 3 -2 6 -6 -4 -8
right_child=2 -3 4 -5 5 -7 7 -9
leaf_value=0.022589836336908035 0.0022335301565716307 -0.001581367876731396 0.022423828913701885 -0.024228842709961881 0.01108611294864136 -0.01777004732603191 -0.011696916268347617 0.020508699058903179
leaf_weight=4.5119446665048599 5.9939380139112455 5.9221523776650411 5.3504866957664516 6.021947905421257 6.0525763258337983 8.9879357069730723 7.0102906376123411 4.8863512724637985
leaf_count=22 27 29 25 29 28 38 30 22
internal_value=0.000102628 0.00887082 -0.0019624 -0.0110285 0.00141156 -0.0061578 0.00801248 0.00153101
internal_weight=54.7376 10.4341 44.3035 12.0159 32.2876 15.0405 17.2471 11.8966
internal_count=250 51 199 56 143 66 77 52
is_linear=0
shrinkage=0.05


Tree=294
num_leaves=9
num_cat=0
split_feature=0 18 3 13 27 24 34 10
split_gain=0.396348 0.67774 0.81102 0.729303 0.520856 0.67137 1.36009 1.16459
threshold=-0.00033551514938506827 0.1356182751407122 0.020567161413109551 56.619846137036255 0.027760362936639641 0.0041983724455392233 1.2347948225964125 0.028146662798743591
decision_type=2 2 2 2 2 2 2 2
left_child=1 3 -3 -1 5 7 -7 -2
right_child=4 2 -4 -5 -6 6 -8 -9
leaf_value=-0.028832630912737713 -0.019116349592313241 0.019586846141180309 -0.0085467535302364457 -0.0016816998809039019 0.019116205708842898 0.029729009118375966 -0.005212891373193345 0.0081002293694180539
leaf_weight=4.78452634252608 8.0325462818145805 4.4650938175618631 6.0091497972607613 5.1200803741812706 4.5790469050407401 4.9771470576524717 6.3228069990873337 7.6965111866593352
leaf_count=30 39 23 28 24 20 21 27 38
internal_value=1.66879e-05 -0.00542045 0.0034464 -0.0147972 0.00352221 0.000880391 0.0101775 -0.00579879
internal_weight=51.9869 20.3789 10.4742 9.90461 31.6081 27.029 11.3 15.7291
internal_count=250 105 51 54 145 125 48 77
is_linear=0
shrinkage=0.05


Tree=295
num_leaves=9
num_cat=0
split_feature=16 16 22 34 6 3 18 15
split_gain=0.299414 0.28851 0.441395 0.502989 0.241201 0.270012 0.20218 8.28534e-05
threshold=0.010795918249056959 0.017851990527882125 -0.022268457303672325 -0.73092358140588332 0.89126794042474455 0.034149177832164652 -0.40233111500531227 0.020222975607670494
decision_type=2 2 2 2 2 2 2 2
left_child=-1 4 -3 -4 6 -6 -2 -5
right_child=1 2 3 7 5 -7 -8 -9
leaf_value=-0.034293172646579884 0.011347525334385131 0.042374157872005207 0.018077167299836008 -0.034427769591392147 -0.0029797270475250652 0.024570260030255846 -0.019897544420638315 -0.033725033057870862
leaf_weight=0.61725092679262239 0.93653595168143544 0.32675855420529787 0.63823645771481063 0.83168931817636027 1.3570498749613764 2.58061912516132 1.1578208268620054 0.84617793851066381
leaf_count=24 15 4 13 31 21 26 25 91
internal_value=-0.000645926 0.0017482 -0.0120275 -0.0197025 0.00778386 0.0150756 -0.00592565 -0.0340734
internal_weight=9.29214 8.67489 2.64286 2.3161 6.03203 3.93767 2.09436 1.67787
internal_count=250 226 139 135 87 47 40 122
is_linear=0
shrinkage=0.05


Tree=296
num_leaves=10
num_cat=0
split_feature=28 0 2 0 33 16 13 10 7
split_gain=0.389098 0.487247 0.756739 0.848203 0.687871 0.963054 1.33854 0.923466 0.562649
threshold=-0.063746158169736319 -0.00033551514938506827 0.033333027154259794 -0.011070390373092818 0.90500000000000014 0.016333922162544087 69.356509379705543 0.027349606116931994 4080.1249755859376
decision_type=2 2 2 2 2 2 2 2 2
left_child=-1 2 3 -2 5 7 -7 -3 -5
right_child=1 4 -4 8 -6 6 -8 -9 -10
leaf_value=0.015749976604602645 -0.017164995540169342 -0.00045598616856343466 0.022486117349392189 -0.0017052949667569685 -0.020562484424144305 -0.0056635299987417079 0.027816124087075924 -0.028916976338859375 0.021687329467800498
leaf_weight=3.6984760910272589 5.0865007042884836 7.373867213726049 4.7082569897174826 6.4424314834177494 5.8064697682857505 7.0723780542612058 5.166253574192524 4.6457530930638313 4.2770408913493156
leaf_count=15 27 33 20 31 26 33 24 20 21
internal_value=9.45971e-05 -0.00105017 0.00489085 -0.0003504 -0.00510394 -0.00140377 0.00846913 -0.0114566 0.0076283
internal_weight=54.2774 50.579 20.5142 15.806 30.0647 24.2583 12.2386 12.0196 10.7195
internal_count=250 235 99 79 136 110 57 53 52
is_linear=0
shrinkage=0.05


Tree=297
num_leaves=10
num_cat=0
split_feature=22 19 19 5 20 15 22 5 3
split_gain=0.374173 0.837609 1.01844 0.862345 0.784178 0.859153 0.768324 0.534818 0.88305
threshold=-0.0032460251132191416 0.0094030112652686588 -0.054805799949304061 0.011154295801878962 0.02048037076021603 0.016465154815841442 -0.0081105640461955324 0.020371153066885878 0.015286934009455801
decision_type=2 2 2 2 2 2 2 2 2
left_child=4 2 -2 -4 5 -1 -7 8 -3
right_child=1 7 3 -5 -6 6 -8 -9 -10
leaf_value=0.01832761803169906 -0.015233939712032442 0.011567834062548871 -0.0061111016939061243 0.021320850803561713 0.023082725531302847 -0.021360809589766234 0.0050766259938590944 -0.028389702833683358 -0.018766760636665589
leaf_weight=4.4761764332652119 4.9857015274465111 4.0322224050760251 4.4615218453109291 8.0054489523172361 4.7493410855531684 5.3000971376895905 5.7077289819717389 3.8676007762551299 5.923456110060215
leaf_count=21 31 19 22 37 20 24 25 20 31
internal_value=1.11297e-05 -0.00341648 0.00386567 0.0115039 0.00530941 -0.000142128 -0.00765259 -0.0126106 -0.00648072
internal_weight=51.5093 31.276 17.4527 12.467 20.2333 15.484 11.0078 13.8233 9.95568
internal_count=250 160 90 59 90 70 49 70 50
is_linear=0
shrinkage=0.05


Tree=298
num_leaves=12
num_cat=0
split_feature=7 0 29 21 1 32 4 18 1 0 23
split_gain=0.290581 0.22008 0.492527 0.435887 0.423673 0.467629 0.00019297 0.000108646 0.00010232 3.80676e-06 1.32782e-06
threshold=3347.7400024414069 0.0027414873563184066 0.0033149998586834433 -0.0032239439693927392 0.01344173506750468 -0.57860512363103 0.0087480471307897576 -0.89008060761719032 0.039394509906704685 0.0086695662645596156 0.0042449080137474402
decision_type=2 2 2 2 2 2 2 2 2 2 2
left_child=7 4 8 -4 5 -2 -7 -1 9 -3 -9
right_child=1 2 3 -5 -6 6 -8 10 -10 -11 -12
leaf_value=-0.035043310169293684 0.011401546005798253 -0.034070128591756947 0.029741793982285075 -0.015250434484113853 0.020688890053390016 -0.035478073339203754 -0.033995823841526857 -0.033561326557809884 -0.034917013947392501 -0.033840698721877366 -0.033748614813309534
leaf_weight=0.22398378956131637 1.3083469253033402 0.36954083666205428 1.0155429663136604 1.1455527085345236 2.9434047944378108 0.33906701765954306 0.62307537090964615 0.19119607110042203 0.45163092482835054 0.35398833220824599 0.18738754407968372
leaf_count=8 15 17 11 37 34 6 43 26 12 24 17
internal_value=-0.000611149 0.00175393 -0.00827431 0.00589233 0.00817077 -0.00805739 -0.0345182 -0.0341704 -0.0343265 -0.0339579 -0.033654
internal_weight=9.15272 8.55015 3.33626 2.1611 5.21389 2.27049 0.962142 0.602567 1.17516 0.723529 0.378584
internal_count=250 199 101 48 98 64 49 51 53 41 43
is_linear=0
shrinkage=0.05


Tree=299
num_leaves=7
num_cat=0
split_feature=16 15 2 11 1 7
split_gain=0.38877 0.720509 0.714383 0.59826 0.970944 0.832128
threshold=0.034983122722560316 0.029030169733691161 -0.016273241577175409 3371.8289990234375 0.034107337487687135 3371.0950073242193
decision_type=2 2 2 2 2 2
left_child=1 2 -1 5 -5 -4
right_child=-2 -3 3 4 -6 -7
leaf_value=0.022246985191293187 0.010366235717398009 -0.015256810479941372 -0.00074025795122262066 0.013215038656108673 -0.010886308145468235 -0.026022702646711846
leaf_weight=3.6502932757139197 7.8629994392395011 8.0434515140950662 10.95602525025606 12.297980763018133 6.3295560106635085 4.6298962384462348
leaf_count=20 34 38 49 63 27 19
internal_value=9.33678e-05 -0.00166617 0.00122091 -0.0010224 0.00502551 -0.00825057
internal_weight=53.7702 45.9072 37.8638 34.2135 18.6275 15.5859
internal_count=250 216 178 158 90 68
is_linear=0
shrinkage=0.05


Tree=300
num_leaves=7
num_cat=0
split_feature=1 8 8 20 20 14
split_gain=0.372117 0.772506 0.803456 0.777408 0.845775 0.590006
threshold=-0.033282401952452793 -0.012239112632859836 -0.0077773771284512004 -1.0000000180025095e-35 0.025441883310397099 0.57926683578457927
decision_type=2 2 2 2 2 2
left_child=-1 -2 -3 5 -5 -4
right_child=1 2 3 4 -6 -7
leaf_value=0.013227779023159454 -0.022079105946945392 0.02407664397157671 -0.026052162206110265 0.024229463044908195 -0.00024673993687704382 -0.0040991563435850836
leaf_weight=4.8124441951513282 4.1078992653638116 3.3637588396668425 3.7569750584661952 4.736140772700316 13.852734973654149 16.512524288147688
leaf_count=24 23 14 19 20 69 81
internal_value=-5.50204e-06 -0.00138008 0.000633777 -0.00139555 0.0059894 -0.00816817
internal_weight=51.1425 46.33 42.2221 38.8584 18.5889 20.2695
internal_count=250 226 203 189 89 100
is_linear=0
shrinkage=0.05


Tree=301
num_leaves=8
num_cat=0
split_feature=16 16 22 34 4 1 15
split_gain=0.287734 0.270199 0.411914 0.470452 0.235764 0.438671 7.16287e-05
threshold=0.010795918249056959 0.017851990527882125 -0.022268457303672325 -0.73092358140588332 0.012470654677532382 0.01344173506750468 0.020222975607670494
decision_type=2 2 2 2 2 2 2
left_child=-1 4 -3 -4 5 -2 -5
right_child=1 2 3 6 -6 -7 -8
leaf_value=-0.034266170405014944 -0.020714123372151207 0.04137459271116297 0.017049027826703946 -0.034378786583663494 0.021816285585787128 0.013702848026768692 -0.033705593431153341
leaf_weight=0.58994151209481138 1.492675623390822 0.31813780963420812 0.63030434236861732 0.78449615067802503 1.9727297527715562 2.4380233236588538 0.79613722814247012
leaf_count=24 29 4 13 31 27 31 91
internal_value=-0.000508112 0.00185362 -0.0118207 -0.0194751 0.00771179 0.000633067 -0.0340397
internal_weight=9.02245 8.4325 2.52908 2.21094 5.90343 3.9307 1.58063
internal_count=250 226 139 135 87 60 122
is_linear=0
shrinkage=0.05


Tree=302
num_leaves=7
num_cat=0
split_feature=16 16 32 30 19 13
split_gain=0.361723 0.82332 0.570689 1.27559 1.2081 0.885532
threshold=0.010795918249056959 0.012555804180735533 -0.22015684714245229 -0.01322337341609031 -0.0042854614325467102 56.33644635439115
decision_type=2 2 2 2 2 2
left_child=-1 -2 3 -3 -5 -4
right_child=1 2 5 4 -6 -7
leaf_value=0.012087401153629959 -0.023674917151453131 -0.021914124336792587 0.002950607293910197 -0.0015486927735989693 0.01917512856191983 -0.025246421239197337
leaf_weight=5.6220972537994376 3.7920320853590956 4.1513020880520299 6.556883078068493 15.661146946251391 12.763835929334169 4.8396254330873489
leaf_count=24 18 21 33 74 60 20
internal_value=9.11422e-05 -0.00132086 0.000606859 0.00397595 0.00775705 -0.0090235
internal_weight=53.3869 47.7648 43.9728 32.5763 28.425 11.3965
internal_count=250 226 208 155 134 53
is_linear=0
shrinkage=0.05


Tree=303
num_leaves=10
num_cat=0
split_feature=0 18 32 13 1 27 20 2 1
split_gain=0.368459 0.637509 0.734699 0.693056 0.598782 0.600765 0.687654 0.825007 0.351651
threshold=-0.00033551514938506827 0.1356182751407122 -0.52354147888310276 56.619846137036255 -0.016868635283571628 0.006402940619530507 0.0012316468289991225 0.033942829174169804 0.02611721104091325
decision_type=2 2 2 2 2 2 2 2 2
left_child=1 3 -3 -1 -2 6 7 -6 -7
right_child=4 2 -4 -5 5 8 -8 -9 -10
leaf_value=-0.028430606799734161 0.020092792486691574 0.019368283011517787 -0.0078282083133727233 -0.0016669235061720522 -0.030431030688297108 0.020275411759705812 0.0059504992153182994 -7.0524378629500926e-05 0.0015218806488543147
leaf_weight=4.6474979240447301 4.581383682787421 4.2258969470858574 6.0219598617404682 5.0443231388926506 4.322921667248016 4.6092977598309499 7.3069662824273101 4.6385330632328987 5.4615753591060638
leaf_count=30 20 18 33 24 21 21 35 21 27
internal_value=-8.06919e-06 -0.00530763 0.00338678 -0.0145009 0.00340944 0.000507579 -0.00543372 -0.0147161 0.0101051
internal_weight=50.8604 19.9397 10.2479 9.69182 30.9207 26.3393 16.2684 8.96145 10.0709
internal_count=250 105 51 54 145 125 77 42 48
is_linear=0
shrinkage=0.05


Tree=304
num_leaves=11
num_cat=0
split_feature=7 23 8 2 18 29 7 18 33 23
split_gain=0.276674 0.219839 0.475892 0.510265 0.8341 0.323717 0.000183384 8.79669e-05 1.39903e-05 1.13344e-06
threshold=3347.7400024414069 0.010531519258500268 -0.0024306762857562825 0.024366782213238295 0.99879356312096201 -0.0012686815424449713 3387.5599853515628 -0.89008060761719032 0.53000000000000014 0.0042449080137474402
decision_type=2 2 2 2 2 2 2 2 2 2
left_child=7 2 6 5 -5 -4 -2 -1 -8 -9
right_child=1 -3 3 4 -6 -7 8 9 -10 -11
leaf_value=-0.034923418734762054 -0.035331522803150939 0.019521154060867813 0.034701217398886687 -0.034687798594895257 0.020749298706810738 0.0023629445888647752 -0.034146802385379822 -0.033551237666690013 -0.033668189016999903 -0.033728912077846319
leaf_weight=0.21202814020216465 0.35422931890934606 1.4542209438513962 1.4448344623669984 1.659444520948455 1.1478383326902983 1.66645754338242 0.29811951192095876 0.18164132290985513 0.31298362219240516 0.17745136586017907
leaf_count=8 7 24 14 54 20 32 12 26 36 17
internal_value=-0.000448912 0.00185711 -0.00187441 0.00343489 -0.0120207 0.0173803 -0.0344264 -0.0341159 -0.0339017 -0.033639
internal_weight=8.90925 8.33813 6.88391 5.91857 2.80728 3.11129 0.965332 0.571121 0.611103 0.359093
internal_count=250 199 175 120 74 46 55 51 48 43
is_linear=0
shrinkage=0.05


Tree=305
num_leaves=7
num_cat=0
split_feature=16 15 2 11 1 7
split_gain=0.356867 0.691273 0.640495 0.580463 0.888871 0.776259
threshold=0.034983122722560316 0.029030169733691161 -0.016273241577175409 3371.8289990234375 0.034107337487687135 3371.0950073242193
decision_type=2 2 2 2 2 2
left_child=1 2 -1 5 -5 -4
right_child=-2 -3 3 4 -6 -7
leaf_value=0.021438818357953856 0.0099880836489947399 -0.015026601604061943 -0.000812116405689003 0.013017100425269261 -0.010166985711228864 -0.025434933149287194
leaf_weight=3.5485206991434088 7.7633688375353804 7.9260567836463443 10.904843188822268 12.121152259409429 6.2742991223931304 4.5308252871036521
leaf_count=20 34 38 49 63 27 19
internal_value=8.30969e-05 -0.00161417 0.00122982 -0.000889882 0.0051095 -0.00803964
internal_weight=53.0691 45.3057 37.3796 33.8311 18.3955 15.4357
internal_count=250 216 178 158 90 68
is_linear=0
shrinkage=0.05


Tree=306
num_leaves=7
num_cat=0
split_feature=9 21 11 23 21 12
split_gain=0.3624 0.626813 0.812096 1.11646 0.821029 0.718571
threshold=5021.9224609375005 0.0035495773375714417 3977.0679956054692 -1.0000000180025095e-35 0.0022411371037304177 0.029706898216113806
decision_type=2 2 2 2 2 2
left_child=1 2 4 -4 5 -1
right_child=-2 -3 3 -5 -6 -7
leaf_value=-0.0088631427449830675 0.014736501729258767 -0.016006656568116884 -0.023791322669929407 0.0045115068195720814 0.024688151447144705 0.0096759072399283073
leaf_weight=8.9218483716249519 3.8452987223863593 6.2222831435501567 6.5333114862442017 7.4663719236850721 4.8920829407870761 12.620265908539293
leaf_count=45 19 35 38 33 21 59
internal_value=-1.72241e-05 -0.00123319 0.00104026 -0.00869673 0.00619703 0.0019978
internal_weight=50.5015 46.6562 40.4339 13.9997 26.4342 21.5421
internal_count=250 231 196 71 125 104
is_linear=0
shrinkage=0.05


Tree=307
num_leaves=11
num_cat=0
split_feature=7 23 8 2 18 29 7 3 33 34
split_gain=0.266909 0.204734 0.458892 0.480452 0.800742 0.310445 0.000164484 8.45021e-05 1.21177e-05 6.13428e-07
threshold=3347.7400024414069 0.010531519258500268 -0.0024306762857562825 0.024366782213238295 0.99879356312096201 -0.0012686815424449713 3387.5599853515628 -0.014498217471907547 0.53000000000000014 0.78761496709306766
decision_type=2 2 2 2 2 2 2 2 2 2
left_child=7 2 6 5 -5 -4 -2 -1 -8 -9
right_child=1 -3 3 4 -6 -7 8 9 -10 -11
leaf_value=-0.035003794338428533 -0.035257500008953412 0.018946856207342433 0.034018157077853287 -0.034634843388115233 0.020139677055166796 0.0022740774416262436 -0.034110839111411002 -0.033730159423088178 -0.033656625025118916 -0.033602845567237125
leaf_weight=0.17022181930951774 0.34144141618162294 1.4513906296342609 1.431274652015418 1.5998968367930504 1.144567009527236 1.6675078896805633 0.28603257099166512 0.17947147320956069 0.30173857614863664 0.20010326418559998
leaf_count=10 7 24 14 54 20 32 12 15 36 26
internal_value=-0.000349574 0.00190531 -0.00174682 0.00344336 -0.0117914 0.0169361 -0.0343847 -0.0340782 -0.0338777 -0.033663
internal_weight=8.77365 8.22385 6.77246 5.84325 2.74446 3.09878 0.929213 0.549797 0.587771 0.379575
internal_count=250 199 175 120 74 46 55 51 48 41
is_linear=0
shrinkage=0.05


Tree=308
num_leaves=8
num_cat=0
split_feature=19 6 27 5 28 23 19
split_gain=0.36775 0.580773 0.510482 0.781495 0.613505 0.92381 1.11582
threshold=-0.054805799949304061 0.9701938264296629 -0.0081993809289979663 0.012180704607723391 -0.017235182105305832 -0.0063913806691188171 -0.0020142956723152024
decision_type=2 2 2 2 2 2 2
left_child=1 -1 3 -2 -4 -6 -7
right_child=2 -3 4 -5 5 6 -8
leaf_value=-0.005115832271999448 0.0021543699296081857 0.019061029351913616 0.016279598988572643 -0.023894830734645343 0.016423535117187586 -0.022518409121615401 0.0020358227923539798
leaf_weight=4.3665346167981607 5.7220730260014516 5.7614723443984985 5.6464650481939307 5.7953425124287605 5.3921659067273167 7.272525437176232 12.718250572681427
leaf_count=21 27 30 27 29 24 33 59
internal_value=7.47393e-05 0.00863755 -0.00196358 -0.0109531 0.00137312 -0.00194285 -0.00689686
internal_weight=52.6748 10.128 42.5468 11.5174 31.0294 25.3829 19.9908
internal_count=250 51 199 56 143 116 92
is_linear=0
shrinkage=0.05


Tree=309
num_leaves=10
num_cat=0
split_feature=22 29 1 19 19 33 32 3 10
split_gain=0.365796 0.734014 1.19477 0.724045 0.957249 0.710018 0.641666 0.494023 0.585703
threshold=-0.0032460251132191416 -0.00081754060861255462 0.016477600502263882 0.0094030112652686588 -0.054805799949304061 0.34500000000000003 -0.4979904519187574 0.015286934009455801 0.03067926521145848
decision_type=2 2 2 2 2 2 2 2 2
left_child=1 -1 -3 4 -2 -6 -4 -5 -9
right_child=3 2 6 7 5 -7 -8 8 -10
leaf_value=0.020671154589092175 -0.015311713373300541 0.018709844826166791 0.0025753928839831255 0.00027535301693286732 -0.0054201843297714374 0.019871877403369501 -0.024056355952020117 -0.031125256819829306 -0.0045355371446787751
leaf_weight=5.5714278668165234 4.8702042102813747 5.0626109540462485 4.2488663196563721 5.0398871153593054 4.2930075917392987 7.8467363938689232 4.8362105414271337 4.7439678609371168 3.6757441833615303
leaf_count=27 31 22 18 27 21 38 23 24 19
internal_value=-7.21705e-06 0.00529889 -0.000754783 -0.00344119 0.00341502 0.0109278 -0.0116013 -0.0121059 -0.0195171
internal_weight=50.1887 19.7191 14.1477 30.4695 17.0099 12.1397 9.08508 13.4596 8.41971
internal_count=250 90 63 160 90 59 41 70 43
is_linear=0
shrinkage=0.05


Tree=310
num_leaves=9
num_cat=0
split_feature=16 16 22 34 6 18 31 22
split_gain=0.26408 0.241601 0.357639 0.443471 0.215429 0.231144 0.216177 6.60077e-05
threshold=0.010795918249056959 0.017851990527882125 -0.017702281161660002 -0.73092358140588332 0.89126794042474455 -0.51885727625748734 0.17517932590980126 -0.0091667515683992989
decision_type=2 2 2 2 2 2 2 2
left_child=-1 4 -3 -4 5 -2 -6 -5
right_child=1 2 3 7 6 -7 -8 -9
leaf_value=-0.0341770696871855 0.013824045368413583 0.037799834866972894 0.0167034342127023 -0.034725371984066951 0.027650554507081739 -0.020666906750389343 0.0034203840023671879 -0.033840306311366683
leaf_weight=0.54213526286184865 0.85262912930920709 0.31936367996968273 0.61181754223071005 0.25519993458874468 1.7090415954589846 1.1288775047287325 1.9951607799157498 1.20703899045475
leaf_count=24 13 6 13 9 18 27 29 111
internal_value=-0.000395439 0.00187142 -0.0114552 -0.0190395 0.00748131 -0.00582568 0.0145997 -0.0339948
internal_weight=8.62126 8.07913 2.39342 2.07406 5.68571 1.98151 3.7042 1.46224
internal_count=250 226 139 133 87 40 47 120
is_linear=0
shrinkage=0.05


Tree=311
num_leaves=7
num_cat=0
split_feature=28 20 18 0 4 23
split_gain=0.353517 0.480262 0.644442 0.57463 1.0236 0.885108
threshold=-0.063746158169736319 0.15828637096683099 1.3163298153540046 0.0005742204483144554 0.020416311811508586 0.0025662273129757334
decision_type=2 2 2 2 2 2
left_child=-1 2 3 5 -5 -2
right_child=1 -3 -4 4 -6 -7
leaf_value=0.015249817742358474 0.017714245927129665 0.012807402224703888 -0.019466480754481184 -0.00019775726902869305 -0.02660275240360311 -0.0053380542401480708
leaf_weight=3.5744118094444266 8.4725146293640154 5.5482183471322051 5.1240550950169554 16.711224496364597 4.7032310441136351 8.1882302835583669
leaf_count=15 44 27 21 80 23 40
internal_value=7.20809e-05 -0.00104083 -0.0028194 -0.000579082 -0.00599705 0.00638477
internal_weight=52.3219 48.7475 43.1993 38.0752 21.4145 16.6607
internal_count=250 235 208 187 103 84
is_linear=0
shrinkage=0.05


Tree=312
num_leaves=10
num_cat=0
split_feature=0 22 21 23 1 27 1 17 19
split_gain=0.357602 0.752567 0.749338 0.756059 0.538286 0.558695 0.653195 0.394979 0.351876
threshold=-0.00033551514938506827 0.0065591886787134132 0.0018819967403077566 0.0042449080137474402 -0.016868635283571628 0.006402940619530507 0.026841080934217557 0.0037510974212233697 0.018374494918796617
decision_type=2 2 2 2 2 2 2 2 2
left_child=1 2 3 -1 -2 6 7 -6 -7
right_child=4 -3 -4 -5 5 8 -8 -9 -10
leaf_value=-0.026061461383752999 0.019372126680849245 -0.025278328278799292 0.010593654264016835 0.0048138672692945679 -0.0028228955968180847 0.0016519537968279305 0.0054444915348432817 -0.024653633263146589 0.020689861680160987
leaf_weight=4.1354408748447913 4.4849691390991238 3.7952052894979706 7.7509421482682228 3.809047743678093 3.7732795700430888 5.5630278587341291 7.590962938964366 4.5952050611376762 4.3056482449173927
leaf_count=27 20 26 36 16 17 28 37 23 20
internal_value=-1.44496e-05 -0.00529819 -0.000466924 -0.011258 0.00338287 0.000606393 -0.00517632 -0.0148103 0.00995809
internal_weight=49.8037 19.4906 15.6954 7.94449 30.3131 25.8281 15.9594 8.36848 9.86868
internal_count=250 105 79 43 145 125 77 40 48
is_linear=0
shrinkage=0.05


Tree=313
num_leaves=13
num_cat=0
split_feature=7 0 6 0 21 31 4 0 3 7 10 23
split_gain=0.25484 0.196918 0.456024 0.398038 0.644524 0.356355 0.282742 0.00017998 8.58982e-05 8.1858e-05 7.2082e-06 5.96818e-07
threshold=3347.7400024414069 0.0027414873563184066 0.96164996537233516 0.0005742204483144554 0.00096570780090388119 0.28138982799416506 0.0098422487880058789 -0.00055976801351170769 -0.014498217471907547 3699.6450195312505 0.03926101325461006 0.0042449080137474402
decision_type=2 2 2 2 2 2 2 2 2 2 2 2
left_child=8 3 6 4 7 -6 -3 -2 -1 -4 -11 -10
right_child=1 2 9 -5 5 -7 -8 -9 11 10 -12 -13
leaf_value=-0.03502277063239391 -0.034143813188124199 -0.015188028398314721 -0.034809213838841356 0.030884233287260521 -0.0094833727607231827 0.028856815803059654 0.022414829469352967 -0.03548840470187789 -0.033589247159670814 -0.033755754123726882 -0.03408726188478365 -0.033718579304698369
leaf_weight=0.16598988580517471 0.53031901340000331 0.88841587491333562 0.42121072718873598 1.3779995618388055 1.0444168763933706 1.4439670424908397 1.1431543712969867 0.46895411983132396 0.19677549973130215 0.33886822639033198 0.31771604041568935 0.16316598653793335
leaf_count=10 31 23 11 11 37 10 22 9 25 28 17 16
internal_value=-0.000370852 0.0018523 -0.00797607 0.00813305 -0.000856119 0.0127648 0.00597091 -0.0347748 -0.0340818 -0.0342652 -0.0339162 -0.0336479
internal_weight=8.50095 7.97502 3.10937 4.86566 3.48766 2.48838 2.03157 0.999273 0.525931 1.07779 0.656584 0.359941
internal_count=250 199 101 98 87 47 45 40 51 56 45 41
is_linear=0
shrinkage=0.05


Tree=314
num_leaves=7
num_cat=0
split_feature=15 3 3 3 23 6
split_gain=0.342991 0.631308 0.639411 0.595963 0.815775 0.541076
threshold=0.042023658091660969 -0.02163270501552866 -0.0091855204346509827 0.016398422773980407 -0.0098002246374394569 0.95681301092140703
decision_type=2 2 2 2 2 2
left_child=1 -1 -3 5 -5 -4
right_child=-2 2 3 4 -6 -7
leaf_value=-0.021461143212963885 0.012256499828848525 0.019543847787079474 -0.00054002690360121033 -0.018731717736473526 0.0049162401748558092 -0.025956594704387201
leaf_weight=3.5787116810679427 5.1996245905756941 3.9586113058030596 4.1489526405930501 4.2265755683183661 26.590257011353973 4.227547362446785
leaf_count=17 25 21 20 19 128 20
internal_value=7.45661e-05 -0.00128089 0.000392712 -0.00154159 0.00167289 -0.0133675
internal_weight=51.9303 46.7307 43.1519 39.1933 30.8168 8.3765
internal_count=250 225 208 187 147 40
is_linear=0
shrinkage=0.05


Tree=315
num_leaves=8
num_cat=0
split_feature=9 10 32 24 32 11 19
split_gain=0.356353 0.628428 0.495475 0.951149 0.731943 0.708081 0.677039
threshold=5021.9224609375005 -0.012994545433481939 -0.23987117030361244 0.005796248179469444 -0.66094074463145314 3352.0919995117192 -0.013755417450014016
decision_type=2 2 2 2 2 2 2
left_child=1 -1 3 5 -5 -3 -4
right_child=-2 2 6 4 -6 -7 -8
leaf_value=-0.018559060076116504 0.014828028330699723 0.014798917806646507 -0.0047470471816213307 -0.002454046091551941 -0.032667377456185705 -0.0041044566505032088 0.019688812331297
leaf_weight=4.6937021147459737 3.7381992712616912 7.8087163195014027 4.8692564219236374 4.0553048327565193 3.9639907684177142 13.550042558461426 6.7838965132832545
leaf_count=32 19 36 23 19 22 70 29
internal_value=-1.47261e-05 -0.00122818 0.000754357 -0.0027061 -0.0173887 0.00280658 0.00947832
internal_weight=49.4631 45.7249 41.0312 29.3781 8.0193 21.3588 11.6532
internal_count=250 231 199 147 41 106 52
is_linear=0
shrinkage=0.05


Tree=316
num_leaves=8
num_cat=0
split_feature=4 15 27 28 32 24 1
split_gain=0.26437 0.217066 0.458762 0.299342 0.256105 0.224183 4.63943e-05
threshold=0.0077522434963797323 0.01967247212534011 -0.015419140363013171 1.0000000180025095e-35 -0.33449968023877408 -0.023578352058714055 0.0032318553269292676
decision_type=2 2 2 2 2 2 2
left_child=-1 3 -3 4 -2 -4 -7
right_child=1 2 5 -5 -6 6 -8
leaf_value=-0.034118453173944081 -0.022326997399914183 0.019891970614531795 0.010375438016076616 0.017164806944754408 0.01427130635683873 -0.033666415099535489 -0.034302224618059492
leaf_weight=0.54190941480919708 1.1781835765577851 0.86119717243127558 0.35785055463202287 3.256334702949971 0.80434385733678926 0.41178060998208799 0.94616904063150287
leaf_count=24 33 26 14 37 14 48 54
internal_value=-0.00034652 0.00199504 -0.00988558 0.00783912 -0.00747847 -0.0248316 -0.0341094
internal_weight=8.35777 7.81586 2.577 5.23886 1.98253 1.7158 1.35795
internal_count=250 226 142 84 47 116 102
is_linear=0
shrinkage=0.05


Tree=317
num_leaves=6
num_cat=0
split_feature=28 20 18 27 6
split_gain=0.342799 0.434501 0.592199 0.537184 0.776304
threshold=-0.063746158169736319 0.15828637096683099 1.3163298153540046 -0.014721517926501447 0.86863549691279962
decision_type=2 2 2 2 2
left_child=-1 2 3 -2 -5
right_child=1 -3 -4 4 -6
leaf_value=0.015116530229795803 -0.01342522575754964 0.012246752714474882 -0.018794520263683324 0.013073313631574341 -0.0035831158053344493
leaf_weight=3.526560701429843 6.6807064265012697 5.4583082497119895 5.0596591904759398 10.729596327990299 20.099517215043306
leaf_count=15 35 27 21 52 100
internal_value=7.03051e-05 -0.0010345 -0.00273744 -0.000571517 0.0022139
internal_weight=51.5543 48.0278 42.5695 37.5098 30.8291
internal_count=250 235 208 187 152
is_linear=0
shrinkage=0.05


Tree=318
num_leaves=9
num_cat=0
split_feature=0 22 21 23 27 0 1 19
split_gain=0.356787 0.704889 0.716333 0.689253 0.452657 0.603997 0.959624 1.09658
threshold=-0.00033551514938506827 0.0065591886787134132 0.0018819967403077566 0.0042449080137474402 0.027760362936639641 0.0027414873563184066 0.034107337487687135 0.0094030112652686588
decision_type=2 2 2 2 2 2 2 2
left_child=1 2 3 -1 5 -2 7 -7
right_child=4 -3 -4 -5 -6 6 -8 -9
leaf_value=-0.025543437804603737 0.017709089469425052 -0.024896202042706497 0.010233673460944732 0.0041469774248988275 0.018328409272071688 -0.00074927567777291232 0.011216409498967446 -0.031223189615848752
leaf_weight=4.0670678727328795 4.410412557423121 3.7132359910756341 7.6575411558151245 3.7636025846004486 4.341601349413394 8.966455642133953 7.87937357276678 4.4010179638862601
leaf_count=27 20 26 36 16 20 45 37 23
internal_value=-8.83868e-06 -0.00533085 -0.000640135 -0.0112735 0.00339763 0.000871118 -0.0026241 -0.0107823
internal_weight=49.2003 19.2014 15.4882 7.83067 29.9989 25.6573 21.2468 13.3675
internal_count=250 105 79 43 145 125 105 68
is_linear=0
shrinkage=0.05


Tree=319
num_leaves=13
num_cat=0
split_feature=7 0 29 0 21 21 31 0 13 1 31 23
split_gain=0.243175 0.187011 0.434139 0.375572 0.614403 0.369427 0.32935 0.000169201 7.13548e-05 6.91152e-05 2.99146e-06 5.49634e-07
threshold=3347.7400024414069 0.0027414873563184066 0.0033149998586834433 0.0005742204483144554 0.00096570780090388119 -0.0032239439693927392 0.28138982799416506 -0.00055976801351170769 42.207632829791102 0.039394509906704685 0.032218979123371218 0.0047532699056348502
decision_type=2 2 2 2 2 2 2 2 2 2 2 2
left_child=8 3 9 4 7 -4 -6 -2 -1 10 -3 -10
right_child=1 2 5 -5 6 -7 -8 -9 11 -11 -12 -13
leaf_value=-0.034843726364365696 -0.034117911089472604 -0.034003660395392342 0.028495526967658492 0.030269639379631202 -0.0092367964604191145 -0.014759331978277754 0.028096269449363422 -0.035447157224285847 -0.033546368277823417 -0.034727922045970631 -0.033785399512767142 -0.033677974702771674
leaf_weight=0.18472155649214972 0.50593521993141621 0.29985169460997008 0.93981490470468987 1.3529120059683917 1.0148364560445773 1.0397373184096066 1.4137168452143667 0.45444267196580801 0.16829044511541724 0.4031528253108263 0.32950388465542346 0.15008653316181153
leaf_count=10 31 16 11 11 37 37 10 9 26 12 25 15
internal_value=-0.000375758 0.00180991 -0.00793292 0.00799865 -0.000892264 0.0057764 0.0124956 -0.0347469 -0.034062 -0.0342168 -0.0338894 -0.0336084
internal_weight=8.257 7.7539 3.01206 4.74184 3.38893 1.97955 2.42855 0.960378 0.503099 1.03251 0.629356 0.318377
internal_count=250 199 101 98 87 48 47 40 51 53 41 41
is_linear=0
shrinkage=0.05


Tree=320
num_leaves=6
num_cat=0
split_feature=16 16 20 30 22
split_gain=0.338673 0.584967 0.540358 1.1694 1.07739
threshold=0.010795918249056959 0.013121764657758977 -0.10113077917364348 0.011873770381587103 -0.0067090732066747419
decision_type=2 2 2 2 2
left_child=-1 -2 -3 4 -4
right_child=1 2 3 -5 -6
leaf_value=0.011905254782446556 -0.017505005975497236 -0.011610224505810646 -0.020056287113319454 0.027205205187214854 0.0043804749193390629
leaf_weight=5.4062686860561362 4.9803267270326605 7.3728625774383536 5.5832800865173331 4.4515207111835471 23.474867593497041
leaf_count=24 24 39 27 21 115
internal_value=6.89987e-05 -0.00132625 0.000644655 0.003341 -0.000314845
internal_weight=51.2691 45.8629 40.8825 33.5097 29.0581
internal_count=250 226 202 163 142
is_linear=0
shrinkage=0.05


Tree=321
num_leaves=7
num_cat=0
split_feature=9 21 11 23 21 12
split_gain=0.352625 0.608124 0.746219 0.988101 0.751408 0.669568
threshold=5021.9224609375005 0.0035495773375714417 3977.0679956054692 -1.0000000180025095e-35 0.0022411371037304177 0.029706898216113806
decision_type=2 2 2 2 2 2
left_child=1 2 4 -4 5 -1
right_child=-2 -3 3 -5 -6 -7
leaf_value=-0.0086398511027221143 0.014867946814409198 -0.01595065018575113 -0.023012565880245483 0.0040927466634898746 0.024154004012350148 0.0095391379097871029
leaf_weight=8.6363535262644344 3.6834829822182646 6.0660402588546267 6.2514441460371017 7.2751064449548704 4.6976973414421073 12.249418847262858
leaf_count=45 19 35 38 33 21 59
internal_value=-7.7318e-06 -0.00122064 0.00106402 -0.00843427 0.00608597 0.00202205
internal_weight=48.8595 45.1761 39.11 13.5266 25.5835 20.8858
internal_count=250 231 196 71 125 104
is_linear=0
shrinkage=0.05


Tree=322
num_leaves=8
num_cat=0
split_feature=4 16 16 22 34 21 30
split_gain=0.249617 0.242172 0.281219 0.333317 0.404092 0.177524 0.367505
threshold=0.0077522434963797323 0.010795918249056959 0.017851990527882125 -0.022268457303672325 -0.73092358140588332 0.00096570780090388119 0.0030269241125201467
decision_type=2 2 2 2 2 2 2
left_child=-1 -2 5 -4 -5 6 -3
right_child=1 2 3 4 -6 -7 -8
leaf_value=-0.034082875992432267 -0.034229617146699462 0.018637843380825556 0.039263706406892494 0.016464697958150983 -0.03394080244419969 0.020117789673078101 -0.019902011327366652
leaf_weight=0.51257645315490652 0.43557792948558915 1.3724113455973568 0.2872850433923303 0.57205920410342503 1.3039256748743357 2.4974536132067442 1.126113837584853
leaf_count=24 19 17 4 13 120 25 28
internal_value=-0.000311723 0.0019675 0.00416978 -0.0108898 -0.0185702 0.0106906 0.00126749
internal_weight=8.1074 7.59483 7.15925 2.16327 1.87598 4.99598 2.49853
internal_count=250 226 207 137 133 70 45
is_linear=0
shrinkage=0.05


Tree=323
num_leaves=9
num_cat=0
split_feature=28 28 23 13 10 11 17 34
split_gain=0.755079 0.451366 0.407329 1.24434 1.1439 0.855432 0.724136 0.140805
threshold=-0.068588206371994961 -0.042997896892276781 -1.0000000180025095e-35 66.472043218511914 0.017727708891757205 3977.0679956054692 0.0084438744527620332 1.4555090482797901
decision_type=2 2 2 2 2 2 2 2
left_child=-1 -2 5 4 -4 6 -3 -7
right_child=1 2 3 -5 -6 7 -8 -9
leaf_value=0.025144359985165315 -0.019196075404551843 0.005658062110166109 -0.0043296349932218309 0.015531201393861081 -0.034610041866489992 0.025723858579476018 -0.019316702136338851 0.011598760556876524
leaf_weight=2.8323357179760924 3.3246934115886679 9.0375618822872656 14.438516464084392 5.8901587128639212 3.9783029407262793 3.7842335402965537 4.2754551693797103 3.3053410276770592
leaf_count=12 18 44 67 29 20 23 20 17
internal_value=5.71111e-05 -0.00142216 -0.000100452 -0.00447285 -0.0108706 0.00510868 -0.00236255 0.0191384
internal_weight=50.8666 48.0343 44.7096 24.307 18.4168 20.4026 13.313 7.08957
internal_count=250 238 220 116 87 104 64 40
is_linear=0
shrinkage=0.05


Tree=324
num_leaves=9
num_cat=0
split_feature=0 22 32 21 1 20 2 30
split_gain=0.340378 0.673204 0.837043 1.12139 0.518038 0.550197 0.893905 0.674563
threshold=-0.00033551514938506827 0.0065591886787134132 -0.20811364065993371 0.0017184121188301706 -0.016868635283571628 1.0000000180025095e-35 0.033942829174169804 -0.0031263741727983736
decision_type=2 2 2 2 2 2 2 2
left_child=1 2 3 -1 -2 6 -6 -7
right_child=4 -3 -4 -5 5 7 -8 -9
leaf_value=-0.025953770983658919 0.019220031607326386 -0.024535662720948613 0.019718964628213584 0.0058127755386216369 -0.021024359370461994 -0.0036987297485580658 0.00536953186202992 0.019731464659270878
leaf_weight=4.7532970979809761 4.3711287230253246 3.6541021578013888 3.7922475188970575 6.6857559978961945 5.8781288862228411 6.0734266266226768 7.0618704035878181 6.2159365788102132
leaf_count=28 20 26 19 32 33 31 33 28
internal_value=-1.74476e-05 -0.00526226 -0.000638422 -0.00738725 0.00332879 0.000575544 -0.00662017 0.00815222
internal_weight=48.4859 18.8854 15.2313 11.4391 29.6005 25.2294 12.94 12.2894
internal_count=250 105 79 60 145 125 66 59
is_linear=0
shrinkage=0.05


Tree=325
num_leaves=13
num_cat=0
split_feature=7 0 6 0 21 4 18 27 3 7 4 16
split_gain=0.230539 0.174442 0.42473 0.349532 0.579487 0.235085 0.221804 9.2172e-05 7.9571e-05 6.65882e-05 6.10375e-06 8.02907e-07
threshold=3347.7400024414069 0.0027414873563184066 0.96164996537233516 0.0005742204483144554 0.00096570780090388119 0.0098422487880058789 1.0000000180025095e-35 -0.00055803520281222363 -0.016320476232267785 3699.6450195312505 0.01005515343664116 0.015482906835191561
decision_type=2 2 2 2 2 2 2 2 2 2 2 2
left_child=8 3 5 4 7 -3 -6 -2 -1 -4 -11 -10
right_child=1 2 9 -5 6 -7 -8 -9 11 10 -12 -13
leaf_value=-0.035016616633652242 -0.034107560062875381 -0.013889779190119659 -0.03471340708493862 0.029749462687740414 0.026105471935493774 0.021430216805542409 -0.0045941067514302519 -0.035119722910492784 -0.033683366518392113 -0.034089339531978409 -0.033757601494118099 -0.033526469156100767
leaf_weight=0.14554148679599166 0.40416048816405237 0.83428177470341358 0.3917539445683359 1.312182420864701 1.3016149331815543 1.0822471647989003 1.0737053647171704 0.50718797044828567 0.18160278513096262 0.21589209698140621 0.38759302673861384 0.14798813685774803
leaf_count=8 23 23 11 11 20 22 27 17 14 9 36 29
internal_value=-0.000266347 0.00187041 -0.00770602 0.00793373 -0.000776067 0.00605511 0.0122285 -0.0346709 -0.0340429 -0.0342058 -0.0338763 -0.0336129
internal_weight=7.98575 7.51062 2.91177 4.59885 3.28667 1.91653 2.37532 0.911348 0.475132 0.995239 0.603485 0.329591
internal_count=250 199 101 98 87 45 47 40 51 56 45 43
is_linear=0
shrinkage=0.05


Tree=326
num_leaves=6
num_cat=0
split_feature=30 21 16 15 21
split_gain=0.327519 0.720274 0.504798 0.532649 0.535602
threshold=-0.01322337341609031 0.0043950211750843913 0.027226041635421278 0.026877970200157402 -0.00081513905586688684
decision_type=2 2 2 2 2
left_child=-1 2 3 4 -2
right_child=1 -3 -4 -5 -6
leaf_value=-0.010477527790325129 0.007604249293382612 0.019930545901834407 0.011422771024132106 -0.017316814806863087 -0.0066879393291656378
leaf_weight=6.4351612851023665 11.787528038024901 4.776963345706462 7.1115640848875037 5.5965241417288771 14.76763900741935
leaf_count=36 56 25 33 30 70
internal_value=5.88986e-05 0.00159848 -0.000631888 -0.00329823 -0.000343804
internal_weight=50.4754 44.0402 39.2633 32.1517 26.5552
internal_count=250 214 189 156 126
is_linear=0
shrinkage=0.05


Tree=327
num_leaves=8
num_cat=0
split_feature=9 10 32 24 32 15 20
split_gain=0.332653 0.583009 0.456874 0.875908 0.680888 0.658845 0.650569
threshold=5021.9224609375005 -0.012994545433481939 -0.23987117030361244 0.005796248179469444 -0.66094074463145314 0.015745757190439764 0.0012316468289991225
decision_type=2 2 2 2 2 2 2
left_child=1 -1 3 5 -5 -3 -4
right_child=-2 2 6 4 -6 -7 -8
leaf_value=-0.018132330637445768 0.014565725545797473 -0.011855676499647567 -0.0029892697646942664 -0.0024175380763536191 -0.031996827248074254 0.0081323498224750521 0.020952366171979916
leaf_weight=4.565777786076068 3.6146864667534819 5.6590907797217396 5.5666538625955599 3.9599558115005493 3.8245554715394965 15.185631725937126 5.7873775437474251
leaf_count=32 19 35 26 19 22 71 26
internal_value=-2.20727e-05 -0.00120572 0.000727168 -0.00263872 -0.0169499 0.00270584 0.00921426
internal_weight=48.1637 44.549 39.9833 28.6292 7.78451 20.8447 11.354
internal_count=250 231 199 147 41 106 52
is_linear=0
shrinkage=0.05


Tree=328
num_leaves=11
num_cat=0
split_feature=22 17 22 12 13 16 16 16 23 33
split_gain=0.165617 0.599254 0.41066 0.479177 0.350113 0.227101 7.09523e-05 6.19186e-05 4.81153e-05 4.55157e-06
threshold=-0.0012629562516405788 -0.0065871925413131622 -0.0024115571994817171 0.042156635956867604 39.100204123363639 0.016248459396748693 0.016695399545902299 0.015482906835191561 0.00081516680707138811 0.56500000000000006
decision_type=2 2 2 2 2 2 2 2 2 2
left_child=2 -2 3 7 -3 -5 8 -1 -6 -8
right_child=1 4 -4 5 6 -7 9 -9 -10 -11
leaf_value=-0.033969757363598301 0.022942972877000811 0.019462869215389755 0.022228610828629099 0.026344814412625945 -0.034138859139942683 -0.0098640791361705102 -0.03392949331752295 -0.03476466794171993 -0.034759827930640579 -0.033600500476518157
leaf_weight=0.41203409526497148 0.9734697540989149 0.36911076586693559 2.0883473413996398 0.89359797397628404 0.57772242301143684 0.84020831016823649 0.17683225404471148 0.60421608807519078 0.67809585528448224 0.25927445897832513
leaf_count=19 30 8 24 13 25 39 10 25 20 37
internal_value=-0.000230389 -0.00938756 0.00551272 -0.00718104 -0.0246579 0.00879786 -0.0342834 -0.0344424 -0.0344742 -0.0337339
internal_weight=7.87291 3.03451 4.8384 2.75006 2.06104 1.73381 1.69192 1.01625 1.25582 0.436107
internal_count=250 130 120 96 100 52 92 44 45 47
is_linear=0
shrinkage=0.05


Tree=329
num_leaves=9
num_cat=0
split_feature=28 19 22 19 4 18 16 31
split_gain=0.320002 0.533475 0.698192 0.436728 1.1483 0.911894 0.830256 0.976718
threshold=0.098565230738145729 -0.054805799949304061 -0.0038781620359074616 0.004140168272387835 0.018556174933324048 0.097799520701585319 0.013700416979847934 -0.1435896113276133
decision_type=2 2 2 2 2 2 2 2
left_child=1 2 -1 4 5 -3 -5 -8
right_child=-2 3 -4 6 -6 -7 7 -9
leaf_value=-0.0035206813302554236 -0.013459019900357028 0.011252546933747548 0.025195869938807642 -0.015292994681617676 -0.028980005886300189 -0.014199927028885562 -0.0091978882894496235 0.018642684745999154
leaf_weight=3.7973326966166496 4.0271878316998473 8.0688274055719393 4.7823873721063119 4.281598865985873 4.4297682940959922 6.2408507987856856 4.6252374872565261 9.8790538348257524
leaf_count=17 21 36 30 22 22 28 23 51
internal_value=5.73869e-05 0.00123802 0.0124861 -0.00133372 -0.00673443 0.000152011 0.00405364 0.00976467
internal_weight=50.1322 46.1051 8.57972 37.5253 18.7394 14.3097 18.7859 14.5043
internal_count=250 229 47 182 86 64 96 74
is_linear=0
shrinkage=0.05


Tree=330
num_leaves=9
num_cat=0
split_feature=0 22 21 23 24 12 21 1
split_gain=0.341784 0.643794 0.651532 0.624169 0.44748 0.728418 0.720737 0.646943
threshold=-0.00033551514938506827 0.0065591886787134132 0.0018819967403077566 0.0042449080137474402 0.014911151110892253 0.043412833433154156 -0.0013036609250813289 0.0011829397824293377
decision_type=2 2 2 2 2 2 2 2
left_child=1 2 3 -1 5 7 -7 -2
right_child=4 -3 -4 -5 -6 6 -8 -9
leaf_value=-0.025135014526846418 0.0041222962778210007 -0.024339365825731873 0.0096889220119936188 0.0036145406886963494 0.01507446920152237 -0.003529083955612139 0.019558079552970828 -0.02249015078880888
leaf_weight=3.875448130071165 4.0920532196760231 3.5913134897127739 7.4761747568845749 3.6811632513999939 6.3631927147507659 7.0989725850522545 6.4535908922553018 5.1676259636878967
leaf_count=27 17 26 36 16 31 38 30 29
internal_value=-2.806e-05 -0.00531988 -0.000776147 -0.0111298 0.00334997 7.956e-05 0.00746479 -0.0107295
internal_weight=47.7995 18.6241 15.0328 7.55661 29.1754 22.8122 13.5526 9.25968
internal_count=250 105 79 43 145 114 68 46
is_linear=0
shrinkage=0.05


Tree=331
num_leaves=11
num_cat=0
split_feature=22 17 22 12 13 16 16 16 23 33
split_gain=0.15728 0.572206 0.391968 0.461053 0.338016 0.211658 6.4187e-05 6.16531e-05 4.34499e-05 4.09556e-06
threshold=-0.0012629562516405788 -0.0065871925413131622 -0.0024115571994817171 0.042156635956867604 39.100204123363639 0.016248459396748693 0.016695399545902299 0.015296954520825213 0.00081516680707138811 0.56500000000000006
decision_type=2 2 2 2 2 2 2 2 2 2
left_child=2 -2 3 7 -3 -5 8 -1 -6 -8
right_child=1 4 -4 5 6 -7 9 -9 -10 -11
leaf_value=-0.033878637129803359 0.022317492049980146 0.018893695117230134 0.021745191646233782 0.02553190164257212 -0.034112694412922598 -0.00958742479429801 -0.033908392233792557 -0.034704011006547068 -0.034712640539681122 -0.033590279549035137
leaf_weight=0.35187634220346842 0.9670920288190249 0.36621291935443911 2.0741422260180116 0.88421937357634284 0.55921460688114144 0.83338312478736043 0.17016911529935885 0.63374171615578234 0.65558933163993061 0.24956617306452245
leaf_count=18 30 8 24 13 25 39 10 26 20 37
internal_value=-0.000220856 -0.00926077 0.00539502 -0.00715024 -0.0245246 0.00849196 -0.0342523 -0.0344093 -0.0344365 -0.0337192
internal_weight=7.74521 2.96784 4.77736 2.70322 2.00075 1.7176 1.63454 0.985618 1.2148 0.419735
internal_count=250 130 120 96 100 52 92 44 45 47
is_linear=0
shrinkage=0.05


Tree=332
num_leaves=7
num_cat=0
split_feature=3 7 21 13 27 16
split_gain=0.316451 0.561816 0.784111 0.777798 0.875758 0.677037
threshold=0.10475743092017532 3334.7049926757818 -0.0032239439693927392 59.672350258327405 0.004165866948583786 0.019886396493562348
decision_type=2 2 2 2 2 2
left_child=1 -1 -3 4 -4 -5
right_child=-2 2 3 5 -6 -7
leaf_value=0.016398098696280051 -0.011407421164533702 0.015429919224769252 -0.021274680617366051 -0.0024873956687993413 0.00013164919404466089 0.021364121599425974
leaf_weight=5.5046935454010955 5.3659317418932906 6.3317896910011759 9.2985712289810198 8.966104254126547 9.8277933523058874 4.4528075754642478
leaf_count=31 24 35 45 44 49 22
internal_value=6.13462e-05 0.00144797 -0.000668858 -0.00380093 -0.0102754 0.00542727
internal_weight=49.7477 44.3818 38.8771 32.5453 19.1264 13.4189
internal_count=250 226 195 160 94 66
is_linear=0
shrinkage=0.05


Tree=333
num_leaves=9
num_cat=0
split_feature=0 22 32 21 24 12 21 1
split_gain=0.333816 0.608353 0.752976 1.02316 0.414172 0.682171 0.669183 0.609454
threshold=-0.00033551514938506827 0.0065591886787134132 -0.20811364065993371 0.0017184121188301706 0.014911151110892253 0.043412833433154156 -0.0013036609250813289 0.0011829397824293377
decision_type=2 2 2 2 2 2 2 2
left_child=1 2 3 -1 5 7 -7 -2
right_child=4 -3 -4 -5 -6 6 -8 -9
leaf_value=-0.025338714845426227 0.0040401045283066329 -0.023913646231426906 0.018650228935894294 0.0053401868950446315 0.014634653093063131 -0.0032813691884647092 0.019007823163161502 -0.021884058484088743
leaf_weight=4.6280754879117012 4.0842045918107086 3.5401425175368777 3.7148387581110009 6.5839133933186531 6.325537033379077 7.0827265493571785 6.4194932132959321 5.0956599414348602
leaf_count=28 17 26 19 32 31 38 30 29
internal_value=-2.4156e-05 -0.0052789 -0.000859363 -0.00732342 0.00332114 0.000166054 0.0073158 -0.0103502
internal_weight=47.4746 18.467 14.9268 11.212 29.0076 22.6821 13.5022 9.17986
internal_count=250 105 79 60 145 114 68 46
is_linear=0
shrinkage=0.05


Tree=334
num_leaves=9
num_cat=0
split_feature=4 15 13 21 7 2 27 18
split_gain=0.229555 0.192971 0.332654 0.232679 0.369659 0.336843 4.7257e-05 3.78851e-06
threshold=0.0077522434963797323 0.021807409286222566 39.633933617132229 0.00096570780090388119 4238.6700195312505 0.0058144734065568313 0.031370949481721484 -1.2106348631441957
decision_type=2 2 2 2 2 2 2 2
left_child=-1 3 -3 4 5 -2 7 -4
right_child=1 2 6 -5 -6 -7 -8 -9
leaf_value=-0.034031396718392747 0.009235107647861172 0.012056480229735047 -0.033893449617604529 0.016685480761018692 0.021120736283521416 -0.034656643416780146 -0.034549110080998355 -0.033610615563122052
leaf_weight=0.47125341987702984 0.72928526904433999 0.71317331003956475 0.15245829126797583 2.7628871970809996 0.97167473717126984 1.0911159501411019 0.1992147722048685 0.52996620105113867
leaf_count=24 18 21 8 39 16 35 15 74
internal_value=-0.000230727 0.00199713 -0.0133333 0.00639846 -0.00378102 -0.0170728 -0.0338716 -0.0336738
internal_weight=7.62103 7.14978 1.59481 5.55496 2.79208 1.8204 0.881639 0.682424
internal_count=250 226 118 108 69 53 97 82
is_linear=0
shrinkage=0.05


Tree=335
num_leaves=7
num_cat=0
split_feature=16 15 2 30 19 5
split_gain=0.315729 0.651403 0.485974 0.601176 1.40743 1.15521
threshold=0.034983122722560316 0.029030169733691161 -0.014371311972799837 0.0060549121341574317 -0.013755417450014016 0.011154295801878962
decision_type=2 2 2 2 2 2
left_child=1 2 -1 5 -5 -4
right_child=-2 -3 3 4 -6 -7
leaf_value=0.018283821723718615 0.0096617287820425987 -0.015100794993083999 0.021603445462365697 0.010416126693548742 -0.020883302277812647 -0.0054994697836826872
leaf_weight=3.7409777715802184 7.2954028770327559 7.3750836849212638 6.7796020135283532 6.0861798152327529 8.7628762573003751 9.3591138869523984
leaf_count=23 34 38 37 32 41 45
internal_value=5.88101e-05 -0.0016051 0.00126087 -0.000794209 -0.00805461 0.00588601
internal_weight=49.3992 42.1038 34.7287 30.9878 14.8491 16.1387
internal_count=250 216 178 155 73 82
is_linear=0
shrinkage=0.05


Tree=336
num_leaves=7
num_cat=0
split_feature=1 8 8 20 28 11
split_gain=0.33636 0.603091 0.584029 0.607689 0.769127 0.526763
threshold=-0.03564531815114768 -0.013484873565105714 -0.0077773771284512004 -1.0000000180025095e-35 0.014914210251467332 3371.8289990234375
decision_type=2 2 2 2 2 2
left_child=-1 -2 -3 5 -5 -4
right_child=1 2 3 4 -6 -7
leaf_value=0.014190532808969503 -0.020614322572870165 0.019549805162394192 0.00086941339392262009 -0.0028977281933860993 0.018863616947955172 -0.015931142805075512
leaf_weight=3.8198103308677664 3.692138083279132 3.6574353054165831 9.1734028533101064 10.726053130812948 6.533746611326932 9.4945423342287523
leaf_count=21 23 17 44 57 32 56
internal_value=-3.22346e-05 -0.00128759 0.000515032 -0.0014227 0.00534009 -0.00767537
internal_weight=47.0971 43.2773 39.5852 35.9277 17.2598 18.6679
internal_count=250 229 206 189 89 100
is_linear=0
shrinkage=0.05


Tree=337
num_leaves=10
num_cat=0
split_feature=22 17 22 12 13 16 0 16 27
split_gain=0.14748 0.52916 0.356461 0.445034 0.35639 0.202986 5.82072e-05 4.77105e-05 1.22393e-05
threshold=-0.0012629562516405788 -0.0065871925413131622 -0.0024115571994817171 0.042156635956867604 37.884523324013003 0.016248459396748693 0.0011382053501360902 0.015482906835191561 -0.015419140363013171
decision_type=2 2 2 2 2 2 2 2 2
left_child=2 -2 3 7 -3 -5 -6 -1 -8
right_child=1 4 -4 5 6 -7 8 -9 -10
leaf_value=-0.033928705737719035 0.02131700386396369 0.022377042083287425 0.021071108194410756 0.025397529410783166 -0.034532777606680297 -0.0093747228656443551 -0.034158878791916834 -0.034653354067596016 -0.033768119720852294
leaf_weight=0.38232046179473433 0.95510425092652473 0.3377586668357252 2.0270603131502867 0.86742498865351059 0.74416045704856493 0.8131312089972198 0.33422646950930357 0.55962783563882113 0.50043769832700491
leaf_count=19 30 7 24 13 29 39 16 25 48
internal_value=-0.00017819 -0.00908719 0.00532423 -0.00684729 -0.0242387 0.0085731 -0.0342113 -0.0343592 -0.0339246
internal_weight=7.52125 2.87169 4.64956 2.6225 1.91658 1.68056 1.57882 0.941948 0.834664
internal_count=250 130 120 96 100 52 93 44 64
is_linear=0
shrinkage=0.05


Tree=338
num_leaves=9
num_cat=0
split_feature=28 19 22 27 1 28 0 22
split_gain=0.308374 0.467755 0.667944 0.429528 0.753532 1.0394 0.879135 0.733203
threshold=0.098565230738145729 -0.054805799949304061 -0.0038781620359074616 -0.0081993809289979663 0.019119769836520976 0.028933030695949661 0.0080400305515768728 -0.00045884765114767573
decision_type=2 2 2 2 2 2 2 2
left_child=1 2 -1 7 5 -5 -6 -3
right_child=-2 3 -4 4 6 -7 -8 -9
leaf_value=-0.0038812590370556135 -0.0133434797189821 -0.02406796227339008 0.02454063045276407 0.0034203482790083639 0.027519018281572067 -0.024479318033590367 -0.0032625002198550463 0.0026013916591893092
leaf_weight=3.7235154211521149 3.9466101303696624 4.8265307620167732 4.6470169462263566 12.399300817400226 5.1222257465124112 4.5682104825973502 4.2394643425941467 5.5298163667321152
leaf_count=17 21 26 30 64 24 19 21 28
internal_value=5.83308e-05 0.00123224 0.0118975 -0.00120126 0.00219189 -0.00409116 0.0135795 -0.00982775
internal_weight=49.0027 45.0561 8.37053 36.6855 26.3292 16.9675 9.36169 10.3563
internal_count=250 229 47 182 128 83 45 54
is_linear=0
shrinkage=0.05


Tree=339
num_leaves=9
num_cat=0
split_feature=22 19 19 33 19 16 3 7
split_gain=0.335825 0.663351 0.74315 0.668846 0.622836 1.25476 0.436569 0.485248
threshold=-0.0032460251132191416 0.0094030112652686588 -0.054805799949304061 0.34500000000000003 -0.013755417450014016 0.015482906835191561 0.015286934009455801 4201.6999755859388
decision_type=2 2 2 2 2 2 2 2
left_child=4 2 -2 -4 -1 -6 -3 -8
right_child=1 6 3 -5 5 -7 7 -9
leaf_value=-0.0051417563511477896 -0.014000641129438184 1.3900492565426166e-05 -0.0061530921626362063 0.01903231939586297 0.035740466130759062 -0.00027191490300045186 -0.030759978921296068 -0.0056938858312901809
leaf_weight=8.1001056656241435 4.4687660057097665 4.6502638347446901 4.1019109236076492 7.3771366328001022 3.8992838487029058 6.3705309070646763 4.2409417778253555 3.5444470010697842
leaf_count=39 31 27 21 38 17 34 25 18
internal_value=-4.25233e-05 -0.00345163 0.00329819 0.0100326 0.00522491 0.0134014 -0.0121078 -0.0193482
internal_weight=46.7534 28.3835 15.9478 11.479 18.3699 10.2698 12.4357 7.78539
internal_count=250 160 90 59 90 51 70 43
is_linear=0
shrinkage=0.05


Tree=340
num_leaves=8
num_cat=0
split_feature=16 16 22 34 32 3 22
split_gain=0.221185 0.190997 0.321843 0.340957 0.167741 0.356548 3.2374e-05
threshold=0.010795918249056959 0.017851990527882125 -0.022268457303672325 -0.73092358140588332 -0.67209188520824192 0.057917092009554867 -0.0091667515683992989
decision_type=2 2 2 2 2 2 2
left_child=-1 4 -3 -4 -2 -6 -5
right_child=1 2 3 6 5 -7 -8
leaf_value=-0.034072436797314969 0.021581144908442457 0.038919245217386773 0.014471071128467928 -0.034423069208795003 -0.019621592481162142 0.013548581093461458 -0.033748072629633627
leaf_weight=0.45014007750432927 1.4609585939906535 0.27817887603305247 0.5258983243256804 0.21731451363302712 1.2781768473796549 2.2124635456129909 0.97292374202516008
leaf_count=24 18 4 13 11 36 33 111
internal_value=-0.000106874 0.00209431 -0.0109702 -0.0190571 0.00735622 0.00140257 -0.0338713
internal_weight=7.39605 6.94591 1.99432 1.71614 4.9516 3.49064 1.19024
internal_count=250 226 139 135 87 69 122
is_linear=0
shrinkage=0.05


Tree=341
num_leaves=7
num_cat=0
split_feature=16 16 32 30 19 27
split_gain=0.305213 0.691294 0.491613 1.11914 1.02461 0.790678
threshold=0.010795918249056959 0.012555804180735533 -0.22015684714245229 -0.01322337341609031 -0.0042854614325467102 0.0047220670894556624
decision_type=2 2 2 2 2 2
left_child=-1 -2 3 -3 -5 -4
right_child=1 2 5 4 -6 -7
leaf_value=0.011554037511521675 -0.023023913226624077 -0.02161831366810198 -0.021572096847694604 -0.0013873918411929551 0.01860207509487714 0.0061804022269015772
leaf_weight=5.1601839512586585 3.3797183930873862 3.7835256308317176 5.6068936102092284 14.43680262565613 11.53077908605337 4.7328507490456104
leaf_count=24 18 21 29 74 60 24
internal_value=5.71358e-05 -0.00130761 0.00052311 0.0037872 0.00748883 -0.00886884
internal_weight=48.6308 43.4706 40.0909 29.7511 25.9676 10.3397
internal_count=250 226 208 155 134 53
is_linear=0
shrinkage=0.05


Tree=342
num_leaves=10
num_cat=0
split_feature=22 29 1 19 1 20 32 3 10
split_gain=0.322016 0.618712 0.995494 0.597746 0.704443 0.834872 0.54042 0.407078 0.476256
threshold=-0.0032460251132191416 -0.00081754060861255462 0.016477600502263882 0.0094030112652686588 -0.011689987496305674 -1.0000000180025095e-35 -0.4979904519187574 0.015286934009455801 0.03067926521145848
decision_type=2 2 2 2 2 2 2 2 2
left_child=1 -1 -3 4 -2 -6 -4 -5 -9
right_child=3 2 6 7 5 -7 -8 8 -10
leaf_value=0.020004676718519236 0.019602607752543692 0.017762944065643813 0.0025584109178752846 3.6872343690106155e-05 -0.020194033589350957 0.0075078698813586661 -0.022762250571043089 -0.029859095099482671 -0.0048025445877446652
leaf_weight=5.0528156869113472 4.5615964140743026 4.7444866970181456 3.9790338203310966 4.6361761391162855 4.5616888124495736 6.7360985688865194 4.4797019734978658 4.2678185701370239 3.4130423218011856
leaf_count=27 26 22 18 27 31 33 23 24 19
internal_value=-4.76305e-05 0.00512531 -0.000568955 -0.00339928 0.00301866 -0.00367728 -0.0108513 -0.011663 -0.018725
internal_weight=46.4325 18.256 13.2032 28.1764 15.8594 11.2978 8.45874 12.317 7.68086
internal_count=250 90 63 160 90 64 41 70 43
is_linear=0
shrinkage=0.05


Tree=343
num_leaves=9
num_cat=0
split_feature=16 20 33 11 3 8 18 28
split_gain=0.146422 0.308289 0.228869 0.188321 0.233752 0.203531 0.283317 1.91427e-05
threshold=0.01394624661794828 0.078246208741906256 0.39500000000000007 3347.1900000000005 0.034149177832164652 0.011250404497018125 0.99879356312096201 0.098565230738145729
decision_type=2 2 2 2 2 2 2 2
left_child=2 3 -1 4 -2 -5 -7 -3
right_child=1 7 -4 5 -6 6 -8 -9
leaf_value=-0.034285726198856913 -0.034650865713699568 -0.033602346697780082 0.0016301047997200101 0.025000655055125717 0.017316637551735712 -0.0123879586924052 0.023769695437708325 -0.034234854013357512
leaf_weight=0.71695824479684223 0.51812046306440596 0.27212774695362885 1.1632104292511938 1.7969458688748998 0.37156988005153835 1.3235697441268715 0.91719264769926656 0.21345118572935462
leaf_count=32 30 35 28 36 20 44 13 12
internal_value=-4.46961e-05 0.00413068 -0.0120656 0.00787655 -0.0129472 0.012465 0.00241215 -0.0338804
internal_weight=7.29315 5.41298 1.88017 4.9274 0.88969 4.03771 2.24076 0.485579
internal_count=250 190 60 143 50 93 57 47
is_linear=0
shrinkage=0.05


Tree=344
num_leaves=8
num_cat=0
split_feature=15 3 0 15 16 31 18
split_gain=0.298162 0.538719 0.53641 0.704767 0.925927 0.598508 0.609305
threshold=0.042023658091660969 -0.02163270501552866 -0.00033551514938506827 0.022152729778764452 0.019310912013077594 -0.13719154520004201 -0.31089516630764263
decision_type=2 2 2 2 2 2 2
left_child=1 -1 5 4 -4 -3 -7
right_child=-2 2 3 -5 -6 6 -8
leaf_value=-0.020711298914031642 0.011756532894190173 0.021883579858474649 -0.0054974965624919776 -0.018557021468672302 0.020958143074011601 0.019540141886352409 -0.007014988645500317
leaf_weight=3.2917953431606284 4.8904168382287017 4.9948559924960145 14.019418649375444 6.3724446520209304 4.3284920230507842 3.0643226243555537 7.3205967284738991
leaf_count=17 25 26 65 36 24 18 39
internal_value=5.25569e-05 -0.00126652 0.000329689 -0.00423166 0.000743706 0.00766128 0.000820747
internal_weight=48.2823 43.3919 40.1001 24.7204 18.3479 15.3798 10.3849
internal_count=250 225 208 125 89 83 57
is_linear=0
shrinkage=0.05


Tree=345
num_leaves=9
num_cat=0
split_feature=0 22 32 21 24 12 21 32
split_gain=0.307375 0.575189 0.665175 0.940312 0.372244 0.661146 0.617431 0.561524
threshold=-0.00033551514938506827 0.0065591886787134132 -0.20811364065993371 0.0017184121188301706 0.014911151110892253 0.043412833433154156 -0.0013036609250813289 -0.43271126025043188
decision_type=2 2 2 2 2 2 2 2
left_child=1 2 3 -1 5 7 -7 -2
right_child=4 -3 -4 -5 -6 6 -8 -9
leaf_value=-0.024692373013778603 0.0021683194713975995 -0.023602351457503397 0.017752247201662696 0.0052310625258471573 0.014071865045290677 -0.0030474152594915623 0.018677478486228378 -0.022979812715672548
leaf_weight=4.4411316327750683 4.4501103833317757 3.4256576327607027 3.6171034313738355 6.4212834388017654 6.1537848412990561 6.8705569766461876 6.2415776848792985 4.4287967979908043
leaf_count=28 22 26 19 32 31 38 30 24
internal_value=-5.65199e-05 -0.00517804 -0.000819104 -0.00700323 0.00320169 0.000159876 0.00729397 -0.0103756
internal_weight=46.05 17.9052 14.4795 10.8624 28.1448 21.991 13.1121 8.87891
internal_count=250 105 79 60 145 114 68 46
is_linear=0
shrinkage=0.05


Tree=346
num_leaves=10
num_cat=0
split_feature=16 20 33 16 24 24 2 22 28
split_gain=0.14441 0.295275 0.219583 0.179607 0.297552 0.17894 0.129397 2.50038e-05 1.71917e-05
threshold=0.01394624661794828 0.078246208741906256 0.39500000000000007 0.017851990527882125 -0.0026151902425762814 -0.0046641730588430344 0.014386357429077458 -0.0056180986360817578 0.098565230738145729
decision_type=2 2 2 2 2 2 2 2 2
left_child=2 3 -1 6 5 -5 -2 -6 -3
right_child=1 8 -4 4 7 -7 -8 -9 -10
leaf_value=-0.034258775254006009 0.024604360712138864 -0.033592079024553211 0.0013006474056592278 -0.0092927123051189837 -0.034454810780357163 0.032732831833407854 0.0047037677140559465 -0.033775214238199236 -0.034203480670919877
leaf_weight=0.69540407194290299 1.6110188202001157 0.26075362204574037 1.1555384532548485 0.53676103422185406 0.20875066192820602 0.47961661918088727 1.6569397959392516 0.38489925989415597 0.20565786107908934
leaf_count=32 18 35 28 41 8 7 26 43 12
internal_value=-2.27289e-05 0.00414587 -0.0120591 0.00777999 -0.00588889 0.0105386 0.0145142 -0.0340142 -0.0338617
internal_weight=7.19534 5.3444 1.85094 4.87799 1.61003 1.01638 3.26796 0.59365 0.466411
internal_count=250 190 60 143 99 48 44 51 47
is_linear=0
shrinkage=0.05


Tree=347
num_leaves=7
num_cat=0
split_feature=3 7 21 13 27 5
split_gain=0.305636 0.518575 0.721172 0.672472 0.745161 0.665946
threshold=0.10475743092017532 3334.7049926757818 -0.0032239439693927392 59.672350258327405 0.004165866948583786 0.008661238939029578
decision_type=2 2 2 2 2 2
left_child=1 -1 -3 4 -4 -5
right_child=-2 2 3 5 -6 -7
leaf_value=0.01607498652742605 -0.011308857844052497 0.015242189884726601 -0.020146653604883973 0.021194531248684461 -4.3474864467294204e-06 -0.0029161067047515287
leaf_weight=5.3139049224555484 5.2640300616621962 6.0115392245352259 8.948549818247562 4.2830258011817923 9.4308192245662195 8.6436881944537145
leaf_count=31 24 35 45 24 49 42
internal_value=5.77565e-05 0.00146128 -0.000619667 -0.00366553 -0.00981124 0.0050725
internal_weight=47.8956 42.6315 37.3176 31.3061 18.3794 12.9267
internal_count=250 226 195 160 94 66
is_linear=0
shrinkage=0.05


Tree=348
num_leaves=11
num_cat=0
split_feature=22 20 22 20 20 1 2 6 21 13
split_gain=0.314079 0.588587 0.673869 0.568689 1.2198 1.04608 0.769155 0.558244 0.361394 0.257532
threshold=-0.0032460251132191416 0.02048037076021603 -0.0061618486561614829 0.025441883310397099 1.0000000180025095e-35 -0.011689987496305674 0.026201147520373728 1.1234954541982731 -0.00061647896028110816 60.058237970803269
decision_type=2 2 2 2 2 2 2 2 2 2
left_child=1 2 8 4 5 -2 7 -5 -1 -7
right_child=3 -3 -4 6 -6 9 -8 -9 -10 -11
leaf_value=-0.015687619215159612 0.011867045678171911 0.021323304934840581 0.017349763033327466 0.0059256891691111153 0.027908038003851041 -0.0089888618213927046 -0.029452135517518987 -0.020234340259549712 0.0036793283090620723 -0.029709421694676542
leaf_weight=5.3938672095537186 4.9725742638111106 4.2588257342576972 3.9925982505083093 5.9764515431597811 3.7597956322133532 3.0594469401985434 3.9426467418670645 3.0956557393074036 4.3525323942303658 2.9411934576928616
leaf_count=29 28 20 18 32 18 21 23 19 23 19
internal_value=-6.13569e-05 0.00508286 4.86276e-05 -0.00339801 0.00332968 -0.0050917 -0.0110139 -0.00300084 -0.00703876 -0.019145
internal_weight=45.7456 17.9978 13.739 27.7478 14.733 10.9732 13.0148 9.07211 9.7464 6.00064
internal_count=250 90 70 160 86 68 74 51 52 40
is_linear=0
shrinkage=0.05


Tree=349
num_leaves=10
num_cat=0
split_feature=14 12 22 22 16 24 28 13 7
split_gain=0.1374 0.371105 0.207892 0.243323 0.463116 0.240674 0.135506 5.58377e-05 1.88826e-06
threshold=1.0545751799218641 0.078974471384370484 -0.0062940426726996726 -0.00075626678585982699 0.016248459396748693 -0.010642567255196854 -0.032447956668446791 76.80663403233784 4451.4750488281252
decision_type=2 2 2 2 2 2 2 2 2
left_child=1 2 6 5 -5 -4 -1 8 -3
right_child=-2 7 3 4 -6 -7 -8 -9 -10
leaf_value=0.0028380427718561786 0.022813779916604944 -0.033660177539742743 0.035920243492115735 -0.034258022004632092 0.012199224118181333 0.0039293016683350206 -0.034147176045662635 -0.034601247152692222 -0.03386823491048728
leaf_weight=0.43498968053609133 0.60542628960683931 0.23275611142162222 1.0486345950048419 0.84514613077044565 1.4686329037067478 1.3381478906376281 0.57504137663636334 0.35529698431491852 0.20518914586864412
leaf_count=12 14 28 10 38 55 34 30 12 17
internal_value=3.11089e-05 -0.00208967 0.00236172 0.00678394 -0.00477005 0.0179845 -0.0182188 -0.0341355 -0.0337577
internal_weight=7.10926 6.50383 5.71059 4.70056 2.31378 2.38678 1.01003 0.793242 0.437945
internal_count=250 236 179 137 93 44 42 57 45
is_linear=0
shrinkage=0.05


Tree=350
num_leaves=7
num_cat=0
split_feature=16 15 2 30 19 5
split_gain=0.289724 0.597922 0.478726 0.557139 1.2289 1.00554
threshold=0.034983122722560316 0.029030169733691161 -0.014371311972799837 0.0060549121341574317 -0.013755417450014016 0.011154295801878962
decision_type=2 2 2 2 2 2
left_child=1 2 -1 5 -5 -4
right_child=-2 -3 3 4 -6 -7
leaf_value=0.018477537594845207 0.0093835987678490291 -0.014806176094202483 0.020832943008505231 0.0096255319640766532 -0.020156273007432737 -0.0050043271620345171
leaf_weight=3.5848766267299643 7.0828755721449843 7.0538871400058261 6.4311571307480362 5.8628614246845236 8.4649100452661497 9.0857090950012189
leaf_count=23 34 38 37 32 41 45
internal_value=5.43589e-05 -0.00157786 0.00121342 -0.000860316 -0.00796969 0.00570425
internal_weight=47.5663 40.4834 33.4295 29.8446 14.3278 15.5169
internal_count=250 216 178 155 73 82
is_linear=0
shrinkage=0.05


Tree=351
num_leaves=10
num_cat=0
split_feature=0 18 32 13 1 27 1 34 1
split_gain=0.301844 0.55151 0.669064 0.583039 0.413294 0.431446 0.665996 0.724669 0.426166
threshold=-0.00033551514938506827 0.1356182751407122 -0.52354147888310276 56.619846137036255 -0.016868635283571628 0.0068201055940260167 0.026841080934217557 1.116996523641318 0.01857427860085992
decision_type=2 2 2 2 2 2 2 2 2
left_child=1 3 -3 -1 -2 6 7 -6 -7
right_child=4 2 -4 -5 5 8 -8 -9 -10
leaf_value=-0.027841133591351763 0.017995521127279316 0.019029055874316164 -0.008317720176850436 -0.0016304775501576 7.5816822092239698e-06 0.022682210258919196 0.0065272898275658218 -0.030469120026574616 0.0001781199856985408
leaf_weight=4.1224967157468217 4.0282586440444019 3.8993053771555424 5.2453704522922617 4.3715617805719376 4.0810148082673567 3.6082145348191244 7.1884433217346668 3.7361600697040558 5.0455601885914803
leaf_count=30 20 18 33 24 20 18 38 21 28
internal_value=-6.58787e-05 -0.00517793 0.00334299 -0.0143515 0.00319081 0.000670156 -0.00445736 -0.0145585 0.00956126
internal_weight=45.3264 17.6387 9.14468 8.49406 27.6877 23.6594 15.0056 7.81717 8.65377
internal_count=250 105 51 54 145 125 79 41 46
is_linear=0
shrinkage=0.05


Tree=352
num_leaves=8
num_cat=0
split_feature=16 16 22 34 14 6 22
split_gain=0.12869 0.248899 0.284478 0.325241 0.217133 0.162576 2.15026e-05
threshold=0.01394624661794828 0.017851990527882125 -0.022268457303672325 -0.73092358140588332 0.76677648244887042 0.92934876811335898 -0.0091667515683992989
decision_type=2 2 2 2 2 2 2
left_child=4 5 -3 -4 -1 -2 -5
right_child=1 2 3 6 -6 -7 -8
leaf_value=-0.034146546767597673 -0.0029428945510829949 0.037663461316395072 0.014640533624694427 -0.034303041519768381 0.001927524204789581 0.020209697003032802 -0.033722361622740817
leaf_weight=0.66471610427834082 1.1596353542990985 0.26234005717560593 0.5061330297030503 0.19367435923777454 1.1199309993535278 2.1904076021164656 0.90154019754845782
leaf_count=33 26 4 13 11 27 25 111
internal_value=8.01231e-05 0.00404697 -0.0105999 -0.0185067 -0.0115088 0.0121953 -0.033825
internal_weight=6.99838 5.21373 1.86369 1.60135 1.78465 3.35004 1.09521
internal_count=250 190 139 135 60 51 122
is_linear=0
shrinkage=0.05


Tree=353
num_leaves=6
num_cat=0
split_feature=1 20 27 0 0
split_gain=0.293835 0.449502 0.61324 0.515531 0.677709
threshold=0.053999121234828314 0.15828637096683099 0.027760362936639641 0.012021950437482999 0.0080400305515768728
decision_type=2 2 2 2 2
left_child=1 2 3 4 -1
right_child=-2 -3 -4 -5 -6
leaf_value=0.001908619392067757 -0.012841140233555925 0.01549426969787409 -0.018864332954154947 0.015408174177584317 -0.020802537332650556
leaf_weight=24.634877301752571 4.0404894724488249 4.914044387638568 4.0907040685415259 5.6570314839482299 3.7901364266872397
leaf_count=132 21 27 20 29 21
internal_value=5.1463e-05 0.00126047 -0.000571867 0.00162369 -0.00111964
internal_weight=47.1273 43.0868 38.1727 34.082 28.425
internal_count=250 229 202 182 153
is_linear=0
shrinkage=0.05


Tree=354
num_leaves=10
num_cat=0
split_feature=22 29 1 19 19 5 32 5 3
split_gain=0.280952 0.563453 0.921658 0.55714 0.665118 0.621444 0.498725 0.382665 0.653669
threshold=-0.0032460251132191416 -0.00081754060861255462 0.016477600502263882 0.0094030112652686588 -0.054805799949304061 0.011154295801878962 -0.4979904519187574 0.020371153066885878 0.015286934009455801
decision_type=2 2 2 2 2 2 2 2 2
left_child=1 -1 -3 4 -2 -6 -4 8 -5
right_child=3 2 6 7 5 -7 -8 -9 -10
leaf_value=0.019253968450768089 -0.013594942921708656 0.01726263781595214 0.0022360113663950115 0.010694119278485927 -0.0061452086823196922 0.018489139461284561 -0.022380026957399924 -0.026005353160634612 -0.017290341528896306
leaf_weight=4.9023973494768169 4.3244533464312545 4.6001753062009803 3.9248577728867531 3.5237739607691747 4.0230899052694458 7.0401609465479851 4.3250176347792131 3.24952408671379 5.1167996749281883
leaf_count=27 31 22 18 19 22 37 23 20 31
internal_value=-6.34174e-05 0.00483222 -0.000669789 -0.00324951 0.00303184 0.009531 -0.010669 -0.0113786 -0.0058778
internal_weight=45.0302 17.7524 12.8501 27.2778 15.3877 11.0633 8.24988 11.8901 8.64057
internal_count=250 90 63 160 90 59 41 70 50
is_linear=0
shrinkage=0.05


Tree=355
num_leaves=11
num_cat=0
split_feature=22 17 13 22 12 16 16 16 23 33
split_gain=0.124164 0.445456 0.337602 0.289559 0.409239 0.182579 3.98384e-05 3.88275e-05 2.77885e-05 2.3294e-06
threshold=-0.0012629562516405788 -0.0065871925413131622 37.884523324013003 -0.0024115571994817171 0.042156635956867604 0.016248459396748693 0.015482906835191561 0.016695399545902299 0.00081516680707138811 0.56500000000000006
decision_type=2 2 2 2 2 2 2 2 2 2
left_child=3 -2 -3 4 6 -6 -1 8 -4 -9
right_child=1 2 7 -5 5 -7 -8 9 -10 -11
leaf_value=-0.033857568224640443 0.020042975864280554 0.022337387225888322 -0.033996096554238346 0.019920357599822316 0.02509561762752446 -0.0091796272621536817 -0.034558910397747299 -0.033810736062702434 -0.034510411395123758 -0.033545134177430491
leaf_weight=0.33744787937030229 0.8975472092861313 0.32686758507043112 0.49980155623052247 1.8928910507820544 0.82484176987782099 0.73452891281340271 0.50624300225172192 0.1391913357656448 0.55345642636530101 0.20286509196739644
leaf_count=19 30 7 26 24 13 39 25 10 20 37
internal_value=6.24932e-05 -0.00851681 -0.0234013 0.00529426 -0.00622671 0.00895054 -0.0342784 -0.034116 -0.0342664 -0.0336532
internal_weight=6.91568 2.61973 1.72218 4.29595 2.40306 1.55937 0.843691 1.39531 1.05326 0.342056
internal_count=250 130 100 120 96 52 44 93 46 47
is_linear=0
shrinkage=0.05


Tree=356
num_leaves=8
num_cat=0
split_feature=16 16 32 27 15 20 0
split_gain=0.295095 0.492905 0.445501 0.700428 0.599688 1.4039 1.08612
threshold=0.010491242468589951 0.012555804180735533 -0.22015684714245229 0.0047220670894556624 0.022541552720463241 -0.032260571795772568 -0.004441307962451845
decision_type=2 2 2 2 2 2 2
left_child=-1 -2 4 -4 5 -3 -6
right_child=1 2 3 -5 6 -7 -8
leaf_value=0.012468293255349094 -0.018303775599672514 -0.008975038882762184 -0.02086904707720981 0.0057659149792790359 0.012660540043936708 0.023055225977700045 -0.015364634595268406
leaf_weight=4.3414632752537718 3.8393332958221427 5.5408654883503869 5.3768835254013556 4.5629897341132164 5.9380760714411727 8.9419065639376658 8.2748237587511522
leaf_count=21 21 30 29 24 33 48 44
internal_value=5.17665e-05 -0.00121736 0.000480572 -0.00864202 0.00364054 0.010801 -0.00365586
internal_weight=46.8163 42.4749 38.6355 9.93987 28.6957 14.4828 14.2129
internal_count=250 229 208 53 155 78 77
is_linear=0
shrinkage=0.05


Tree=357
num_leaves=9
num_cat=0
split_feature=0 18 32 13 1 17 27 16
split_gain=0.283835 0.521669 0.615501 0.556063 0.374728 0.398611 0.850582 0.745532
threshold=-0.00033551514938506827 0.1356182751407122 -0.52354147888310276 56.619846137036255 -0.016868635283571628 0.017756248768387568 0.0068201055940260167 0.015482906835191561
decision_type=2 2 2 2 2 2 2 2
left_child=1 3 -3 -1 -2 6 7 -6
right_child=4 2 -4 -5 5 -7 -8 -9
leaf_value=-0.027427951551286467 0.017357659099357246 0.018411019856384513 -0.0079878501008581928 -0.0016022439509767443 0.0027492554460655807 0.0147669157717824 0.011749215056313858 -0.02191651032519612
leaf_weight=4.0327253704890627 3.9460148215293911 3.8472569510340691 5.1820479910820705 4.3139425590634346 5.8254616558551842 4.1385744437575331 6.8669192194938651 6.4614338800311089
leaf_count=30 20 18 33 24 29 22 37 37
internal_value=-7.60027e-05 -0.00506923 0.00326033 -0.01408 0.00310929 0.000695441 -0.00234499 -0.010222
internal_weight=44.6144 17.376 9.0293 8.34667 27.2384 23.2924 19.1538 12.2869
internal_count=250 105 51 54 145 125 103 66
is_linear=0
shrinkage=0.05


Tree=358
num_leaves=8
num_cat=0
split_feature=27 27 15 15 27 3 1
split_gain=0.210819 0.150049 0.428077 0.228857 0.255714 0.209315 2.51202e-05
threshold=-0.019963929817554734 -0.015419140363013171 0.01967247212534011 0.017995939073881483 0.0014402012732867011 -0.090284711171275386 0.026974240757210891
decision_type=2 2 2 2 2 2 2
left_child=-1 -2 3 4 -3 -4 -7
right_child=1 2 5 -5 -6 6 -8
leaf_value=-0.033920507496482469 0.021462260625790413 -0.019320912929288361 0.017634378110077585 0.027570468447226174 0.011001770626591982 -0.033730487927344191 -0.034202923426655617
leaf_weight=0.42587628518231202 0.88959691114723671 1.0643882913282143 0.23813030077144448 1.0456995797576381 2.004962454084307 0.57002210442442469 0.55564019142184407
leaf_count=33 15 33 7 11 42 73 36
internal_value=0.000138067 0.00241566 -0.000676923 0.00736895 0.000486482 -0.0249542 -0.0339637
internal_weight=6.79432 6.36844 5.47884 4.11505 3.06935 1.36379 1.12566
internal_count=250 217 202 86 75 116 109
is_linear=0
shrinkage=0.05


Tree=359
num_leaves=8
num_cat=0
split_feature=28 19 22 27 22 4 22
split_gain=0.294797 0.38115 0.62177 0.431271 0.623817 0.671776 0.613351
threshold=0.098565230738145729 -0.054805799949304061 -0.0038781620359074616 -0.0081993809289979663 0.0083744398170942942 0.020844425310940221 -0.00045884765114767573
decision_type=2 2 2 2 2 2 2
left_child=1 2 -1 6 5 -5 -3
right_child=-2 3 -4 4 -6 -7 -8
leaf_value=-0.0044428344678913365 -0.013398235541984181 -0.023301118858768444 0.023651485513418179 0.010128058746103664 -0.015102216643784905 -0.013629156056357755 0.0018708959641594945
leaf_weight=3.5607609376311302 3.7445005103945723 4.569638304412365 4.4066197574138632 17.152362421154983 4.2100271321833125 3.6001459881663314 5.1443004906177503
leaf_count=17 21 26 30 88 21 19 28
internal_value=5.2874e-05 0.001234 0.0110956 -0.00103185 0.00244656 0.00600666 -0.00997054
internal_weight=46.3884 42.6439 7.96738 34.6765 24.9625 20.7525 9.71394
internal_count=250 229 47 182 128 107 54
is_linear=0
shrinkage=0.05


Tree=360
num_leaves=9
num_cat=0
split_feature=0 22 32 21 24 12 21 32
split_gain=0.271828 0.537531 0.61421 0.848032 0.327773 0.613357 0.536007 0.511572
threshold=-0.00033551514938506827 0.0065591886787134132 -0.20811364065993371 0.0017184121188301706 0.014911151110892253 0.043412833433154156 -0.0013036609250813289 -0.43271126025043188
decision_type=2 2 2 2 2 2 2 2
left_child=1 2 3 -1 5 7 -7 -2
right_child=4 -3 -4 -5 -6 6 -8 -9
leaf_value=-0.024078280215765163 0.0019535962871976612 -0.023222330093663771 0.017241348261723254 0.0049494613043691111 0.013476079568487197 -0.0026893066085961017 0.017960249057135263 -0.022538030407299365
leaf_weight=4.2332918234169483 4.2929918151348829 3.2722768932580939 3.5538600683212289 6.2027153596282005 5.8969317600131026 6.5927773453295258 6.005045577883716 4.2358599826693588
leaf_count=28 22 26 19 32 31 38 30 24
internal_value=-7.76406e-05 -0.00497892 -0.000711726 -0.00682543 0.0030532 0.000143939 0.00715378 -0.0102102
internal_weight=44.2858 17.2621 13.9899 10.436 27.0236 21.1267 12.5978 8.52885
internal_count=250 105 79 60 145 114 68 46
is_linear=0
shrinkage=0.05


Tree=361
num_leaves=8
num_cat=0
split_feature=16 16 2 34 33 20 15
split_gain=0.122782 0.22197 0.270164 0.301418 0.203397 0.112288 1.71506e-05
threshold=0.01394624661794828 0.017851990527882125 0.12883481156296031 -0.73092358140588332 0.39500000000000007 -0.039594974019638011 0.020222975607670494
decision_type=2 2 2 2 2 2 2
left_child=4 5 3 -3 -1 -2 -5
right_child=1 2 -4 6 -6 -7 -8
leaf_value=-0.0341629919227317 0.022471511959752097 0.013837461964667031 0.037550076279552494 -0.033996746492692409 0.0017068081466428944 0.0036845157091760397 -0.033585646108779531
leaf_weight=0.62401072995271523 1.4115507826209071 0.49386147200129871 0.25387876527383912 0.5030283486703413 1.0778458379209039 1.8219312371220437 0.51185660058399662
leaf_count=32 20 13 4 31 28 31 91
internal_value=0.000153601 0.00410464 -0.0101697 -0.0181996 -0.0114454 0.0118858 -0.0337894
internal_weight=6.69796 4.99611 1.76263 1.50875 1.70186 3.23348 1.01488
internal_count=250 190 139 135 60 51 122
is_linear=0
shrinkage=0.05


Tree=362
num_leaves=7
num_cat=0
split_feature=16 15 2 30 19 15
split_gain=0.291 0.555054 0.453174 0.48558 1.08603 0.912013
threshold=0.034983122722560316 0.029030169733691161 -0.014371311972799837 0.0060549121341574317 -0.013755417450014016 0.017456549582766455
decision_type=2 2 2 2 2 2
left_child=1 2 -1 5 -5 -4
right_child=-2 -3 3 4 -6 -7
leaf_value=0.018217743707158101 0.0094840378611162866 -0.014583876696727734 0.019162197735617725 0.0090646334782301646 -0.019376039504507205 -0.0056866579842935507
leaf_weight=3.4583565071225157 6.9448478370904914 6.8195893466472617 6.6229991056025055 5.7014591395854941 8.1615264490246755 8.3454701602458936
leaf_count=23 34 38 39 32 41 43
internal_value=5.23201e-05 -0.00162252 0.00111492 -0.000936583 -0.00767918 0.00530805
internal_weight=46.0542 39.1094 32.2898 28.8315 13.863 14.9685
internal_count=250 216 178 155 73 82
is_linear=0
shrinkage=0.05


Tree=363
num_leaves=6
num_cat=0
split_feature=1 8 8 8 11
split_gain=0.276823 0.574292 0.431989 0.556062 0.609455
threshold=-0.03564531815114768 -0.013484873565105714 -0.0077773771284512004 -0.00066271550487554342 3352.0919995117192
decision_type=2 2 2 2 2
left_child=-1 -2 -3 -4 -5
right_child=1 2 3 4 -6
leaf_value=0.013286025482560783 -0.020818929736394758 0.017498626229596637 -0.018414278383192633 0.011608655069426502 -0.0037528154544492903
leaf_weight=3.559319742023944 3.433776941150426 3.4153523668646804 4.1018506344407752 9.5619342178106361 19.882808279246092
leaf_count=21 23 17 26 46 117
internal_value=-8.14993e-05 -0.00125933 0.000557764 -0.00116697 0.00123569
internal_weight=43.955 40.3957 36.9619 33.5466 29.4447
internal_count=250 229 206 189 163
is_linear=0
shrinkage=0.05


Tree=364
num_leaves=9
num_cat=0
split_feature=21 27 31 32 31 24 27 6
split_gain=0.115963 0.349748 0.363237 0.303369 0.217463 0.366586 7.48029e-05 5.13631e-05
threshold=0.0041349393947776045 0.012944509153066221 0.16553909846338141 -0.71600739829036653 0.10098806955631572 0.0019046647635662108 0.031370949481721484 1.0516891637874803
decision_type=2 2 2 2 2 2 2 2
left_child=1 2 4 -4 5 -1 -3 -5
right_child=-2 6 3 7 -6 -7 -8 -9
leaf_value=-0.020716701531626538 0.014868909061373775 -0.033870729737925577 0.010593800391437251 -0.033952356991316282 0.036244581438591598 0.019629707568256931 -0.034870933914882218 -0.034679557289331135
leaf_weight=0.88484380504814986 1.1213763475534504 0.42275540262926359 0.60681416210718453 0.4360612310701979 0.71951064292807121 1.5478291474282739 0.33510540629504248 0.54793629073537886
leaf_count=55 34 36 22 28 8 34 16 17
internal_value=0.000214564 -0.0027728 0.00226686 -0.0172107 0.0120966 0.00495438 -0.034313 -0.0343573
internal_weight=6.62223 5.50086 4.743 1.59081 3.15218 2.43267 0.757861 0.983998
internal_count=250 216 164 67 97 89 52 45
is_linear=0
shrinkage=0.05


Tree=365
num_leaves=8
num_cat=0
split_feature=15 15 0 24 27 22 7
split_gain=0.286967 0.438335 0.645699 0.447629 0.577278 1.09669 0.509126
threshold=0.042023658091660969 0.027646331415706445 -0.004441307962451845 0.017986783531995679 -0.0073145777874613618 -0.00075626678585982699 4157.2149780273448
decision_type=2 2 2 2 2 2 2
left_child=1 3 -3 4 5 -1 -6
right_child=-2 2 -4 -5 6 -7 -8
leaf_value=-0.027858069158720928 0.011823553520293628 0.0014142610833440994 -0.024923983603053836 0.015911125503070608 -0.00020101130221351077 0.0073065874145247572 0.020173075283426017
leaf_weight=4.7267172187566757 4.6470939777791491 5.0202120430767536 4.3375825919210893 4.6172815002501002 14.26592911034823 4.176227271556856 3.9057463705539694
leaf_count=27 25 28 26 24 72 25 23
internal_value=4.72992e-05 -0.00128585 -0.0107942 0.00152172 -0.000932236 -0.0113629 0.00417811
internal_weight=45.6968 41.0497 9.35779 31.6919 27.0746 8.90294 18.1717
internal_count=250 225 54 171 147 52 95
is_linear=0
shrinkage=0.05


Tree=366
num_leaves=8
num_cat=0
split_feature=30 21 32 20 30 28 8
split_gain=0.267931 1.01394 0.490236 1.0116 0.833487 0.749023 0.521219
threshold=-0.01322337341609031 0.0037708410989416579 -0.23987117030361244 -0.032260571795772568 0.0030269241125201467 0.0084322621694238337 0.01994867391397084
decision_type=2 2 2 2 2 2 2
left_child=-1 2 4 -4 5 -2 -6
right_child=1 -3 3 -5 6 -7 -8
leaf_value=0.009868885464981117 -0.03603794865511175 -0.023520251409887054 -0.0074286102069175131 0.02436601392768252 -0.0029638802306713816 -0.0031492127416092603 0.015962596248304147
leaf_weight=5.8540193308144799 2.9612711556255809 4.6393554285168639 4.4198709353804588 5.7645859047770518 10.223676696419714 4.1675413511693478 5.6468292139470568
leaf_count=36 20 31 24 29 58 24 28
internal_value=-8.53075e-05 -0.00162595 0.00143504 0.0105677 -0.00260905 -0.016811 0.00377028
internal_weight=43.6772 37.8231 33.1838 10.1845 22.9993 7.12881 15.8705
internal_count=250 214 183 53 130 44 86
is_linear=0
shrinkage=0.05


Tree=367
num_leaves=10
num_cat=0
split_feature=14 12 22 22 16 24 31 13 16
split_gain=0.113129 0.337776 0.175902 0.193762 0.416643 0.219722 0.151387 4.97087e-05 4.68649e-06
threshold=1.0545751799218641 0.078974471384370484 -0.0062940426726996726 -0.00075626678585982699 0.016248459396748693 -0.010642567255196854 -0.23280130875801 80.877832076601763 0.014884528596132684
decision_type=2 2 2 2 2 2 2 2 2
left_child=1 2 6 5 -5 -4 -1 8 -3
right_child=-2 7 3 4 -6 -7 -8 -9 -10
leaf_value=0.007028069675550472 0.022010919865118227 -0.033981117495984356 0.035117894052437044 -0.034151098059537283 0.012254365897733176 0.003360980039488429 -0.034149700412558402 -0.034658004591540385 -0.033654376005181966
leaf_weight=0.37922792043536901 0.54752616607584048 0.1810426334850489 0.96488719561602954 0.74271523940842676 1.3868989471811799 1.2506804463919245 0.54251501255203027 0.25094910827465355 0.27866053581237793
leaf_count=9 14 9 10 38 55 34 33 9 39
internal_value=0.000257749 -0.00173477 0.00263111 0.00683961 -0.00392981 0.0171912 -0.0172081 -0.034092 -0.0337831
internal_weight=6.5251 5.97758 5.26692 4.34518 2.12961 2.21557 0.921743 0.710652 0.459703
internal_count=250 236 179 137 93 44 42 57 48
is_linear=0
shrinkage=0.05


Tree=368
num_leaves=7
num_cat=0
split_feature=16 16 32 30 19 13
split_gain=0.283736 0.4714 0.420962 1.0475 0.913959 0.672275
threshold=0.010491242468589951 0.012555804180735533 -0.22015684714245229 -0.01322337341609031 -0.0042854614325467102 56.33644635439115
decision_type=2 2 2 2 2 2
left_child=-1 -2 3 -3 -5 -4
right_child=1 2 5 4 -6 -7
leaf_value=0.012384001044220315 -0.018219259569822534 -0.022008530936822646 0.0029102656279403338 -0.0013272815528867017 0.018218543491727007 -0.023684851953050333
leaf_weight=4.2253859341144553 3.7111765444278708 3.4920787513256064 5.5363031029701251 13.581438593566419 10.686944887042044 4.1629528701305389
leaf_count=21 21 21 33 74 60 20
internal_value=4.50288e-05 -0.00122133 0.00046268 0.00359571 0.00728001 -0.00850445
internal_weight=45.3963 41.1709 37.4597 27.7605 24.2684 9.69926
internal_count=250 229 208 155 134 53
is_linear=0
shrinkage=0.05


Tree=369
num_leaves=7
num_cat=0
split_feature=28 23 24 5 15 9
split_gain=0.260928 0.387894 0.493584 0.475634 0.915232 0.627405
threshold=0.098565230738145729 0.012205976298980794 0.023151751923785605 0.015175815717479712 0.016465154815841442 4087.0524841308602
decision_type=2 2 2 2 2 2
left_child=1 2 3 4 -1 -5
right_child=-2 -3 -4 5 -6 -7
leaf_value=0.0018310786111712897 0.0125316090271873 -0.016266910387035777 0.017003071564873806 0.016238797595496395 -0.021662968928795108 -0.0047725521012150296
leaf_weight=10.723986675962811 3.7430567219853392 3.892817508429288 3.9583487380295983 6.6728632077574712 6.757280506193637 7.598710160702467
leaf_count=66 21 25 23 34 40 41
internal_value=-8.68747e-05 -0.00127947 0.000354282 -0.00172118 -0.00725041 0.00505158
internal_weight=43.3471 39.604 35.7112 31.7528 17.4813 14.2716
internal_count=250 229 204 181 106 75
is_linear=0
shrinkage=0.05


Tree=370
num_leaves=8
num_cat=0
split_feature=27 27 15 15 27 3 9
split_gain=0.198159 0.133285 0.398492 0.200535 0.228758 0.194073 1.93718e-05
threshold=-0.019963929817554734 -0.015419140363013171 0.01967247212534011 0.017995939073881483 0.0014402012732867011 -0.090284711171275386 4090.6299743652348
decision_type=2 2 2 2 2 2 2
left_child=-1 -2 3 4 -3 -4 -7
right_child=1 2 5 -5 -6 6 -8
leaf_value=-0.033882164373950696 0.020891449569990648 -0.018626373887311299 0.016818363370355166 0.026797330815814976 0.010940030690844128 -0.033533921879762105 -0.034037480762401456
leaf_weight=0.39828201383352269 0.84929344849660982 0.99531383404973972 0.23002046812325661 0.99698277178686101 1.9089665289502589 0.25163364218315132 0.79248541651759297
leaf_count=33 15 33 7 11 42 52 57
internal_value=0.000274943 0.00253301 -0.000479646 0.00744926 0.000807451 -0.024757 -0.0339161
internal_weight=6.42298 6.0247 5.1754 3.90126 2.90428 1.27414 1.04412
internal_count=250 217 202 86 75 116 109
is_linear=0
shrinkage=0.05


Tree=371
num_leaves=9
num_cat=0
split_feature=28 19 22 27 1 28 17 31
split_gain=0.277125 0.354668 0.596121 0.390221 0.602424 0.893755 0.789838 0.529156
threshold=0.098565230738145729 -0.054805799949304061 -0.0038781620359074616 -0.0081993809289979663 0.019119769836520976 0.028933030695949661 0.0087762635899276912 -0.12784627009344193
decision_type=2 2 2 2 2 2 2 2
left_child=1 2 -1 7 5 -5 -6 -3
right_child=-2 3 -4 4 6 -7 -8 -9
leaf_value=-0.0045459675059441873 -0.013195031957356863 -0.025769873518279869 0.02338547945085688 0.0038229779040184135 0.025867958182988905 -0.022938935627676821 -0.0048389054795336594 -0.00091213156443801895
leaf_weight=3.4611952751874924 3.6337162479758254 3.3058397397398949 4.2629939522594205 11.418004386126997 4.9872235134243947 4.2926905527710906 3.6099905967712402 6.0755466707050783
leaf_count=17 21 18 30 64 26 19 19 36
internal_value=4.43938e-05 0.00120605 0.0108694 -0.00100954 0.00233348 -0.00348928 0.0129741 -0.00967157
internal_weight=45.0472 41.4135 7.72419 33.6893 24.3079 15.7107 8.59721 9.38139
internal_count=250 229 47 182 128 83 45 54
is_linear=0
shrinkage=0.05


Tree=372
num_leaves=10
num_cat=0
split_feature=22 20 22 19 33 19 5 3 4
split_gain=0.265529 0.563836 0.839364 0.52333 0.579422 0.897043 0.363114 0.609379 0.248407
threshold=-0.0032460251132191416 0.02048037076021603 -0.0056180986360817578 0.0094030112652686588 0.32000000000000006 -0.054805799949304061 0.020371153066885878 0.015286934009455801 0.015155720230434469
decision_type=2 2 2 2 2 2 2 2 2
left_child=1 2 8 4 -2 -6 7 -5 -1
right_child=3 -3 -4 6 5 -7 -8 -9 -10
leaf_value=-0.014731944127350353 -0.013798179068789239 0.021109215462323676 0.020739890508288769 0.010467852196887888 -0.010838504276849823 0.019319630208702296 -0.025787234165668905 -0.0171682987769721 0.0017399331065421034
leaf_weight=5.6083705350756645 3.8124403012916472 4.0305178239941588 3.4680321738123903 3.389320243149994 3.7763096466660491 7.104718890041112 3.1365777608007184 4.8475320190191269 3.8670479543507099
leaf_count=33 25 20 16 19 26 39 20 31 21
internal_value=-8.8021e-05 0.00477872 -0.000306502 -0.0032571 0.0029759 0.00885311 -0.0113096 -0.00579651 -0.00800955
internal_weight=43.0409 16.974 12.9435 26.0669 14.6935 10.881 11.3734 8.23685 9.47542
internal_count=250 90 70 160 90 65 70 50 54
is_linear=0
shrinkage=0.05


Tree=373
num_leaves=8
num_cat=0
split_feature=16 16 2 34 14 6 15
split_gain=0.115589 0.204391 0.241867 0.281989 0.187496 0.149502 1.33704e-05
threshold=0.01394624661794828 0.017851990527882125 0.12883481156296031 -0.73092358140588332 0.76677648244887042 0.92934876811335898 0.020222975607670494
decision_type=2 2 2 2 2 2 2
left_child=4 5 3 -3 -1 -2 -5
right_child=1 2 -4 6 -6 -7 -8
leaf_value=-0.034050285555503983 -0.0032213612855585376 0.013637212515268171 0.036670004351796973 -0.033945288105112624 0.0015992245941763392 0.019834768669830086 -0.03356770431922302
leaf_weight=0.57978252333123226 1.0810903611127289 0.47175813885405604 0.23728004004806269 0.46493270806968245 1.0136786364018915 2.010909769218415 0.47295106755336747
leaf_count=33 26 13 4 31 27 25 91
internal_value=0.000277787 0.00419499 -0.010033 -0.0178944 -0.0113719 0.0117734 -0.0337549
internal_weight=6.33238 4.73892 1.64692 1.40964 1.59346 3.092 0.937884
internal_count=250 190 139 135 60 51 122
is_linear=0
shrinkage=0.05


Tree=374
num_leaves=9
num_cat=0
split_feature=16 3 34 30 12 6 8 3
split_gain=0.270202 0.518121 0.504902 0.711437 1.2679 0.841533 0.436936 0.359019
threshold=0.034983122722560316 0.10043160256045515 1.3439388287443665 0.0049376848564426376 0.02549619116515035 1.0432694111532677 0.01994867391397084 0.067207006595039878
decision_type=2 2 2 2 2 2 2 2
left_child=1 2 3 4 -1 -5 -4 -8
right_child=-2 -3 6 5 -6 -7 7 -9
leaf_value=0.0074284465365776417 0.0092428121374286513 -0.019487808884537466 0.019939493725875945 0.013964690174799056 -0.028625016296184226 -0.014108196990287937 0.011415230366236241 -0.010405805927757975
leaf_weight=4.1048700418323296 6.7756181433796874 3.6567553654313079 4.9165402054786664 7.6059821620583516 6.0072084404528141 4.113185741007328 3.8687796890735626 3.67606570571661
leaf_count=27 34 20 34 39 31 24 20 21
internal_value=4.5376e-05 -0.00159677 0.000311024 -0.00427269 -0.0139896 0.00411169 0.00834128 0.000783394
internal_weight=44.725 37.9494 34.2926 21.8312 10.1121 11.7192 12.4614 7.54485
internal_count=250 216 196 121 58 63 75 41
is_linear=0
shrinkage=0.05


Tree=375
num_leaves=9
num_cat=0
split_feature=0 18 3 13 1 6 23 12
split_gain=0.273748 0.514163 0.534535 0.507889 0.340559 0.379742 0.618381 0.633692
threshold=-0.00033551514938506827 0.1356182751407122 0.024866833297540584 56.619846137036255 -0.016868635283571628 0.74280421280530951 0.0042449080137474402 0.026800749917009273
decision_type=2 2 2 2 2 2 2 2
left_child=1 3 -3 -1 -2 -6 7 -7
right_child=4 2 -4 -5 5 6 -8 -9
leaf_value=-0.027348759319248003 0.01706987813293431 0.01576833416578113 -0.0090679498591829492 -0.0020891483213473058 0.013979627968808576 -0.01518330641005837 -0.01772818218277716 0.0097818052258702576
leaf_weight=3.8450000537559417 3.7374074682593372 4.3224953152239305 4.3432419151067734 4.124877292662859 4.3679492175579098 3.45399200357497 4.8412580154836169 9.6252649463713151
leaf_count=30 20 26 25 24 21 20 30 54
internal_value=-9.97872e-05 -0.00510947 0.00332046 -0.0142754 0.00310238 0.000760261 -0.00246183 0.00318898
internal_weight=42.6615 16.6356 8.66574 7.96988 26.0259 22.2885 17.9205 13.0793
internal_count=250 105 51 54 145 125 104 74
is_linear=0
shrinkage=0.05


Tree=376
num_leaves=10
num_cat=0
split_feature=16 16 24 24 20 33 6 22 33
split_gain=0.112051 0.197069 0.233524 0.192485 0.200595 0.183073 0.139103 1.40955e-05 3.26896e-06
threshold=0.01394624661794828 0.017851990527882125 -0.0026151902425762814 -0.0046641730588430344 -0.20934866581315201 0.39500000000000007 0.92934876811335898 -0.0062940426726996726 0.53000000000000014
decision_type=2 2 2 2 2 2 2 2 2
left_child=5 6 3 4 -3 -1 -2 -4 -9
right_child=1 2 7 -5 -6 -7 -8 8 -10
leaf_value=-0.034084173038770697 -0.0028800020624075184 0.031174182760631983 -0.034207389140848581 0.031080591282460358 -0.03376593812754685 0.0015334933748744643 0.019408097958341058 -0.033842085216369784 -0.033563575907141291
leaf_weight=0.562240402214229 1.0765939513221385 0.17153015680378303 0.15372682176530317 0.41561346000526056 0.38766306929755956 1.0068161152303217 2.0015706149861217 0.15804884512908823 0.31603169109439477
leaf_count=32 26 4 10 8 50 28 25 11 56
internal_value=0.000333945 0.00421012 -0.0100083 0.00530876 -0.0138458 -0.0112294 0.0116128 -0.0337913 -0.0336564
internal_weight=6.24984 4.68078 1.60261 0.974807 0.559193 1.56906 3.07816 0.627807 0.474081
internal_count=250 190 139 62 54 60 51 77 67
is_linear=0
shrinkage=0.05


Tree=377
num_leaves=7
num_cat=0
split_feature=16 15 2 30 19 5
split_gain=0.25795 0.499984 0.426289 0.478074 0.966187 0.792107
threshold=0.034983122722560316 0.029030169733691161 -0.014371311972799837 0.0060549121341574317 -0.013755417450014016 0.011154295801878962
decision_type=2 2 2 2 2 2
left_child=1 2 -1 5 -5 -4
right_child=-2 -3 3 4 -6 -7
leaf_value=0.01805186954793293 0.0090550365695621204 -0.014118877492233629 0.019450221574811591 0.0083554691041927819 -0.018948015219397516 -0.0044227580318479476
leaf_weight=3.3067694306373623 6.7416765391826621 6.5504365079104891 5.9040323793888119 5.4977533034980297 7.8904713243246061 8.4442775100469571
leaf_count=23 34 38 37 32 41 45
internal_value=4.89443e-05 -0.00156612 0.00108264 -0.000940446 -0.00773609 0.00540048
internal_weight=44.3354 37.5937 31.0433 27.7365 13.3882 14.3483
internal_count=250 216 178 155 73 82
is_linear=0
shrinkage=0.05


Tree=378
num_leaves=9
num_cat=0
split_feature=0 22 32 21 21 19 23 4
split_gain=0.252969 0.512289 0.53605 0.788763 0.302127 0.676993 0.600852 0.500764
threshold=-0.00033551514938506827 0.0065591886787134132 -0.20811364065993371 0.0017184121188301706 -0.00081513905586688684 -0.0080194077406610647 0.0047532699056348502 0.014906151697964484
decision_type=2 2 2 2 2 2 2 2
left_child=1 2 3 -1 5 -2 -6 -7
right_child=4 -3 -4 -5 6 7 -8 -9
leaf_value=-0.023779920999211276 0.0097545393604825323 -0.02314182445166546 0.016338178885290371 0.0049596877933794047 0.018338140093203319 -0.024489789868230145 -0.0045753348575223772 0.001430067697103991
leaf_weight=3.9858378618955612 6.5541319642215967 3.1324885655194512 3.438382115215064 5.9531768932938576 6.9301507845520955 3.948881536722185 4.872704304754734 3.5283926352858543
leaf_count=28 37 26 19 32 37 24 27 20
internal_value=-0.000106477 -0.00494077 -0.000678765 -0.00656574 0.00298297 -0.0019762 0.00887851 -0.0122587
internal_weight=42.3441 16.5099 13.3774 9.93901 25.8343 14.0314 11.8029 7.47727
internal_count=250 105 79 60 145 81 64 44
is_linear=0
shrinkage=0.05


Tree=379
num_leaves=11
num_cat=0
split_feature=30 23 32 18 8 15 23 23 20 15
split_gain=0.111298 0.310433 0.246337 0.216182 0.196569 0.174026 0.180693 0.42176 0.000126053 1.06144e-05
threshold=0.0067993525455957169 -0.0019425690332788845 -0.27725718074635525 0.39285680336203138 0.042366673106315415 0.015495007375542451 0.0095181820269889545 -0.0098002246374394569 -0.027124034342357602 0.014839006948053251
decision_type=2 2 2 2 2 2 2 2 2 2
left_child=3 8 -3 5 9 -1 7 -7 -2 -5
right_child=1 2 -4 4 -6 6 -8 -9 -10 -11
leaf_value=0.028355121444662186 -0.033843557030089934 0.019008737345886428 -0.019096090967649491 -0.034352898218198348 0.015289408558792419 0.026907609656424525 0.027045731968231713 -0.034165877803796506 -0.035155457370397887 -0.033906725709138552
leaf_weight=1.0881872215541086 0.45642652577953413 1.0627640389138833 0.7058312114095312 0.23164890031330276 0.31946464255452156 0.48995128436945401 0.52443745452910651 0.66822118649724827 0.30576015991391647 0.31396945397136733
leaf_count=18 37 37 26 10 9 13 11 45 10 34
internal_value=0.000356825 -0.00769448 0.00380143 0.005961 -0.0158587 0.0127734 0.00269632 -0.00832946 -0.0343698 -0.0340962
internal_weight=6.16666 2.53078 1.7686 3.63588 0.865083 2.7708 1.68261 1.15817 0.762187 0.545618
internal_count=250 110 63 140 53 87 69 58 47 44
is_linear=0
shrinkage=0.05


Tree=380
num_leaves=7
num_cat=0
split_feature=28 20 18 0 4 7
split_gain=0.265312 0.386833 0.549355 0.403881 0.801901 0.662079
threshold=-0.063746158169736319 0.14238316088760153 0.80750622731572264 0.0005742204483144554 0.020416311811508586 3357.270007324219
decision_type=2 2 2 2 2 2
left_child=-1 2 3 5 -5 -2
right_child=1 -3 -4 4 -6 -7
leaf_value=0.014347810147903857 0.025426420082697285 0.011623787963528294 -0.014927170919324934 0.0014313472212605606 -0.024492734119465013 -0.00040065784403345967
leaf_weight=3.0227230191230765 3.5522453673183945 5.2842828407883635 7.4712545387446871 12.522942975163462 3.9157492630183688 8.2315476797521097
leaf_count=15 21 33 38 71 23 49
internal_value=5.24598e-05 -0.00100203 -0.00287122 0.000320316 -0.00474385 0.00738496
internal_weight=44.0007 40.978 35.6937 28.2225 16.4387 11.7838
internal_count=250 235 202 164 94 70
is_linear=0
shrinkage=0.05


Tree=381
num_leaves=6
num_cat=0
split_feature=15 30 21 4 30
split_gain=0.255912 0.596371 1.44161 0.549495 0.454135
threshold=0.042023658091660969 -0.015080642471915427 0.0037708410989416579 0.020844425310940221 -0.0031263741727983736
decision_type=2 2 2 2 2
left_child=1 -1 3 4 -3
right_child=-2 2 -4 -5 -6
leaf_value=0.019986190516311585 -0.011625986342799795 -0.013310942623164741 -0.02983682030866678 0.019644517480660581 0.0033440692520489397
leaf_weight=3.802828684449195 4.3282214254140845 5.0942347422242191 3.8181181577965608 4.1610751301050177 20.823454756289724
leaf_count=24 25 33 28 25 115
internal_value=-0.000111068 0.00121093 -0.000895427 0.00277832 7.04541e-05
internal_weight=42.0279 37.6997 33.8969 30.0788 25.9177
internal_count=250 225 201 173 148
is_linear=0
shrinkage=0.05


Tree=382
num_leaves=13
num_cat=0
split_feature=12 22 22 22 16 3 20 5 5 31 16 29
split_gain=0.106033 0.281207 0.163491 0.20231 0.39281 0.168459 0.13707 0.133968 4.21363e-05 1.39202e-05 5.72122e-06 1.9496e-07
threshold=0.079751637028146125 -0.022268457303672325 -0.0062940426726996726 -0.0012629562516405788 0.016248459396748693 0.057917092009554867 -0.077765495100857215 0.010154581586922604 0.0080692370932603213 0.28659994720020904 0.018681560161437388 0.0039927610206000894
decision_type=2 2 2 2 2 2 2 2 2 2 2 2
left_child=2 -2 7 6 9 -6 -4 -1 -3 -5 -10 -12
right_child=1 8 3 4 5 -7 -8 -9 10 -11 11 -13
leaf_value=0.005459385566015453 0.029784145884789601 -0.03470170556080103 0.031113177935887162 -0.033829469526709732 -0.0015519657320506794 0.03580854908306124 0.0064561525805632838 -0.034056725614511771 -0.033932487570605609 -0.034268368825751919 -0.033528360049258771 -0.03362115773800449
leaf_weight=0.38210538262501348 0.24082678626291454 0.15847247000783671 0.99938810430467162 0.37028509471565518 0.84048914234153904 0.47069372958503664 1.2927054997417142 0.48892821080517024 0.22623043972998857 0.35276702046394348 0.10752552398480475 0.1195037686266005
leaf_count=10 6 5 16 23 46 10 31 33 11 18 23 18
internal_value=0.000360987 -0.0159825 0.00304192 0.00702101 -0.00445615 0.0118599 0.017207 -0.0167218 -0.0339999 -0.0340436 -0.0337545 -0.0335772
internal_weight=6.04992 0.852559 5.19736 4.32633 2.03423 1.31118 2.29209 0.871034 0.611732 0.723052 0.45326 0.227029
internal_count=250 63 187 144 97 56 47 43 57 41 52 41
is_linear=0
shrinkage=0.05


Tree=383
num_leaves=7
num_cat=0
split_feature=15 3 3 3 23 32
split_gain=0.27201 0.42145 0.433157 0.473254 0.573872 0.382082
threshold=0.042023658091660969 -0.02163270501552866 -0.0091855204346509827 0.016398422773980407 -0.0098002246374394569 -0.4979904519187574
decision_type=2 2 2 2 2 2
left_child=1 -1 -3 5 -5 -4
right_child=-2 2 3 4 -6 -7
leaf_value=-0.019313443547319686 0.011734815619849459 0.017597199551374888 -0.024953981722115756 -0.016907433035722463 0.0046091825375152605 -0.0016591597761352176
leaf_weight=2.991453029215335 4.4754553101956835 3.2608183231204739 3.4290872365236282 3.5990572795271865 22.299122653901581 3.6169869005680075
leaf_count=17 25 21 21 19 128 19
internal_value=5.68791e-05 -0.00127651 0.0002138 -0.00150681 0.00161903 -0.012996
internal_weight=43.672 39.1965 36.2051 32.9443 25.8982 7.04607
internal_count=250 225 208 187 147 40
is_linear=0
shrinkage=0.05


Tree=384
num_leaves=6
num_cat=0
split_feature=15 4 13 18 16
split_gain=0.477367 0.47399 0.446995 0.5476 0.616076
threshold=0.013501094388670727 0.0082442092521698134 71.219362217475933 1.3163298153540046 0.034983122722560316
decision_type=2 2 2 2 2
left_child=-1 -2 3 4 -3
right_child=1 2 -4 -5 -6
leaf_value=-0.020925805699461529 0.018180183852910231 0.0023127933108798722 -0.014581655181838543 0.021934938500421289 -0.020402734641124493
leaf_weight=2.5834366828203192 3.7453660182654849 24.138822976499803 4.8762563280761233 3.0190728679299346 3.4060705453157416
leaf_count=18 20 145 32 15 20
internal_value=-0.00010809 0.00126439 -0.000523297 0.00171961 -0.000496101
internal_weight=41.769 39.1856 35.4402 30.564 27.5449
internal_count=250 232 212 180 165
is_linear=0
shrinkage=0.05


Tree=385
num_leaves=11
num_cat=0
split_feature=30 23 32 18 8 15 23 23 20 15
split_gain=0.106881 0.292323 0.225872 0.2055 0.184029 0.165133 0.198189 0.397869 0.000111764 1.02458e-05
threshold=0.0067993525455957169 -0.0019425690332788845 -0.27725718074635525 0.39285680336203138 0.042366673106315415 0.015495007375542451 0.012205976298980794 -0.0098002246374394569 -0.027124034342357602 0.014839006948053251
decision_type=2 2 2 2 2 2 2 2 2 2
left_child=3 8 -3 5 9 -1 7 -7 -2 -5
right_child=1 2 -4 4 -6 6 -8 -9 -10 -11
leaf_value=0.027973100772600814 -0.033820818217023249 0.018207932815942459 -0.018843975810704256 -0.034310542927211862 0.014676398072485717 0.026092818548724209 0.029134227131289905 -0.034112447086581496 -0.035087760900831315 -0.033861574571790065
leaf_weight=1.0616366725880659 0.43433423404349014 1.0383062435430475 0.68116111506242272 0.22269849956501264 0.30927170300856233 0.47158807259984337 0.49036499811336387 0.65634260541992218 0.29049553885124657 0.29593670595204458
leaf_count=18 37 37 26 10 9 13 9 47 10 34
internal_value=0.000329922 -0.00769659 0.00352995 0.00592287 -0.0158506 0.0126493 0.00259657 -0.00894061 -0.0343286 -0.0340544
internal_weight=5.95214 2.4443 1.71947 3.50784 0.827907 2.67993 1.6183 1.12793 0.72483 0.518635
internal_count=250 110 63 140 53 87 69 60 47 44
is_linear=0
shrinkage=0.05


Tree=386
num_leaves=9
num_cat=0
split_feature=28 19 22 27 1 28 17 22
split_gain=0.258031 0.327374 0.558025 0.36843 0.545043 0.82686 0.702605 0.495864
threshold=0.098565230738145729 -0.054805799949304061 -0.0038781620359074616 -0.0081993809289979663 0.019119769836520976 0.028933030695949661 0.0087762635899276912 -0.00045884765114767573
decision_type=2 2 2 2 2 2 2 2
left_child=1 2 -1 7 5 -5 -6 -3
right_child=-2 3 -4 4 6 -7 -8 -9
leaf_value=-0.0044530932900458181 -0.012951060937441587 -0.021944152974265538 0.023012694129800823 0.0039126037271994558 0.025249712796366692 -0.022233331106072091 -0.004414516506147206 0.0015066998701279888
leaf_weight=3.3658247664570808 3.5035313665866843 4.2617186643183231 4.1044408567249766 11.019129253923895 4.7346647381782514 4.167531616985797 3.4510649740695953 4.7852214723825437
leaf_count=17 21 26 30 64 26 19 19 28
internal_value=5.87896e-05 0.00120145 0.0106376 -0.000972889 0.00234334 -0.00326238 0.0127434 -0.00954023
internal_weight=43.3931 39.8896 7.47027 32.4193 23.3724 15.1867 8.18573 9.04694
internal_count=250 229 47 182 128 83 45 54
is_linear=0
shrinkage=0.05


Tree=387
num_leaves=7
num_cat=0
split_feature=15 4 13 23 28 7
split_gain=0.454132 0.443576 0.42405 0.370925 1.06766 0.754199
threshold=0.013501094388670727 0.0082442092521698134 73.602569263826879 -1.0000000180025095e-35 -0.017235182105305832 4080.1249755859376
decision_type=2 2 2 2 2 2
left_child=-1 -2 3 5 -5 -3
right_child=1 2 -4 4 -6 -7
leaf_value=-0.020583651352164983 0.017635268516076753 0.0051076417648839023 -0.016117254788555708 -0.01588960769966195 0.012890570416941825 -0.01895435377442645
leaf_weight=2.5437267124652854 3.7227918431162825 7.8532196898013336 3.8748782314360133 4.2130598276853588 13.705107284709813 5.5637840740382671
leaf_count=18 20 48 24 22 79 39
internal_value=-0.000115315 0.00122201 -0.000513379 0.00141618 0.00612355 -0.00487042
internal_weight=41.4766 38.9328 35.21 31.3352 17.9182 13.417
internal_count=250 232 212 188 101 87
is_linear=0
shrinkage=0.05


Tree=388
num_leaves=10
num_cat=0
split_feature=16 14 16 24 24 3 6 22 33
split_gain=0.101809 0.177223 0.17576 0.21545 0.168701 0.188119 0.117209 1.05124e-05 2.26678e-06
threshold=0.01394624661794828 0.76677648244887042 0.017851990527882125 -0.0026151902425762814 -0.0046641730588430344 -0.090284711171275386 0.92934876811335898 -0.0062940426726996726 0.53000000000000014
decision_type=2 2 2 2 2 2 2 2 2
left_child=1 -1 6 4 5 -4 -2 -5 -9
right_child=2 -3 3 7 -6 -7 -8 8 -10
leaf_value=-0.033987075003060863 -0.0022683999511483605 0.0021975972987762302 0.031135628439553611 -0.034129608219187986 0.030185797934437233 -0.03371497614056862 0.018770988885928611 -0.033792685306008756 -0.033550471589195607
leaf_weight=0.53427821677178122 1.0227218803483995 0.92291262256912887 0.16308839339762926 0.13935990224126682 0.39019331510644362 0.35577256913529709 1.8766101836226878 0.1444725468754775 0.29147457843646407
leaf_count=33 26 27 2 10 8 52 25 11 56
internal_value=0.000379958 -0.0110695 0.00418589 -0.00980639 0.00534764 -0.0133311 0.0113495 -0.0337516 -0.0336307
internal_weight=5.84088 1.45719 4.38369 1.48436 0.909054 0.518861 2.89933 0.575307 0.435947
internal_count=250 60 190 139 62 54 51 77 67
is_linear=0
shrinkage=0.05


Tree=389
num_leaves=6
num_cat=0
split_feature=16 16 20 30 22
split_gain=0.261695 0.458626 0.359413 1.10374 0.727048
threshold=0.010491242468589951 0.012555804180735533 -0.10113077917364348 0.012121920221580431 -0.0067090732066747419
decision_type=2 2 2 2 2
left_child=-1 -2 -3 4 -4
right_child=1 2 3 -5 -6
leaf_value=0.012191174026697851 -0.018485888814322459 -0.010523809448279178 -0.017357436927903088 0.028958916520882751 0.0034499819354525301
leaf_weight=4.0294263064861289 3.4910649470984927 6.1158993244171134 5.2713049910962608 3.5458790697157374 20.623199917376045
leaf_count=21 21 39 29 20 120
internal_value=5.95119e-05 -0.00119239 0.000505553 0.00279678 -0.000785753
internal_weight=43.0768 39.0473 35.5563 29.4404 25.8945
internal_count=250 229 208 169 149
is_linear=0
shrinkage=0.05


Tree=390
num_leaves=6
num_cat=0
split_feature=15 4 13 8 1
split_gain=0.424241 0.414172 0.403048 0.361833 0.64446
threshold=0.013501094388670727 0.0082442092521698134 73.602569263826879 0.02734549890626153 0.023323893851323056
decision_type=2 2 2 2 2
left_child=-1 -2 3 4 -3
right_child=1 2 -4 -5 -6
leaf_value=-0.020051390772590896 0.017079883789607175 0.0029170571252195195 -0.015806165007517189 0.015513942050463764 -0.01714528105463841
leaf_weight=2.5058427471667519 3.7026548422873011 22.350444196723409 3.8325206898152819 3.9520210437476626 4.8761956207454196
leaf_count=18 20 133 24 24 31
internal_value=-0.000113464 0.00117706 -0.00050476 0.00137611 -0.000676037
internal_weight=41.2197 38.7138 35.0112 31.1787 27.2266
internal_count=250 232 212 188 164
is_linear=0
shrinkage=0.05


Tree=391
num_leaves=10
num_cat=0
split_feature=30 23 32 18 33 20 15 0 20
split_gain=0.102138 0.281394 0.213069 0.199587 0.173901 0.153558 0.0793855 0.0100934 0.00010315
threshold=0.0067993525455957169 -0.0019425690332788845 -0.27725718074635525 0.39285680336203138 0.79500000000000015 0.078246208741906256 0.015495007375542451 -0.00055976801351170769 -0.027124034342357602
decision_type=2 2 2 2 2 2 2 2 2
left_child=3 8 -3 5 -5 6 -1 -7 -2
right_child=1 2 -4 4 -6 7 -8 -9 -10
leaf_value=0.031751168062618434 -0.033800823149224467 0.017949295181361315 -0.018585417816720105 -0.034094934404604503 0.014326080156100677 -0.00021804356902066586 0.011046108032993331 -0.01215743089029187 -0.035041461427923241
leaf_weight=0.82737330696545619 0.4153829314163886 1.0114972277078778 0.65911344176856768 0.49683074629865576 0.29584240313852206 0.31249866588041186 1.0510326765943316 0.40830071590607975 0.28079697355860878
leaf_count=12 37 37 26 34 19 16 35 24 10
internal_value=0.000377284 -0.00759427 0.00353509 0.00593969 -0.0160232 0.0126377 0.020166 -0.00698117 -0.0343012
internal_weight=5.75867 2.36679 1.67061 3.39188 0.792673 2.59921 1.87841 0.720799 0.69618
internal_count=250 110 63 140 53 87 47 40 47
is_linear=0
shrinkage=0.05


Tree=392
num_leaves=7
num_cat=0
split_feature=18 22 16 15 24 27
split_gain=0.245947 0.460113 0.445168 0.612228 0.641599 0.50669
threshold=0.85043777353026295 -0.0038781620359074616 0.034983122722560316 0.029030169733691161 0.017986783531995679 -0.0070363230232534093
decision_type=2 2 2 2 2 2
left_child=2 -2 3 4 5 -1
right_child=1 -3 -4 -5 -6 -7
leaf_value=-0.010919710923296869 -0.020646015586300071 0.0022853572287096519 0.018483542807023811 -0.013769361487103735 0.023366246358371423 0.0058601168221304907
leaf_weight=6.7467410787940088 3.7555595338344574 5.2390264943242055 3.6588302925229064 6.3566101826727381 3.531103851273655 13.503270324319603
leaf_count=44 20 27 20 38 22 79
internal_value=5.85241e-05 -0.00728931 0.00201407 1.46149e-05 0.00369902 0.000269545
internal_weight=42.7911 8.99459 33.7966 30.1377 23.7811 20.25
internal_count=250 47 203 183 145 123
is_linear=0
shrinkage=0.05


Tree=393
num_leaves=7
num_cat=0
split_feature=15 4 13 23 28 32
split_gain=0.404731 0.396055 0.375065 0.353916 0.998887 0.70426
threshold=0.013501094388670727 0.0082442092521698134 73.602569263826879 -1.0000000180025095e-35 -0.017235182105305832 -0.27227018243514811
decision_type=2 2 2 2 2 2
left_child=-1 -2 3 5 -5 -3
right_child=1 2 -4 4 -6 -7
leaf_value=-0.019711954959283205 0.016749261796938031 0.001963333646462955 -0.015340150221760496 -0.015531687114903575 0.012489926434024287 -0.024265485517233829
leaf_weight=2.4750295896083108 3.6788350716233245 9.850206255912779 3.7943658120930186 4.1514634676277664 13.595179654657843 3.4576206859201184
leaf_count=18 20 60 24 22 79 27
internal_value=-0.000112531 0.00114654 -0.000500567 0.0013126 0.00593484 -0.0048514
internal_weight=41.0027 38.5277 34.8488 31.0545 17.7466 13.3078
internal_count=250 232 212 188 101 87
is_linear=0
shrinkage=0.05


Tree=394
num_leaves=12
num_cat=0
split_feature=12 2 22 22 16 22 29 20 5 31 16
split_gain=0.0996461 0.214004 0.155733 0.190117 0.367 0.152436 0.12637 0.121007 3.39284e-05 9.70081e-06 1.5339e-06
threshold=0.079751637028146125 0.10723907290548486 -0.0062940426726996726 -0.0012629562516405788 0.016248459396748693 0.0093681200468622734 -0.00081754060861255462 -0.077765495100857215 0.0080692370932603213 0.28659994720020904 0.018681560161437388
decision_type=2 2 2 2 2 2 2 2 2 2 2
left_child=2 8 6 7 9 -6 -1 -4 -2 -5 -10
right_child=1 -3 3 4 5 -7 -8 -9 10 -11 -12
leaf_value=0.0061143181615040095 -0.034552231459954397 0.022376528375107427 0.030556115140043246 -0.033814363747978617 -0.0064062448267686771 0.028703231490641436 -0.033994264904679765 0.0067555961028214449 -0.033761117267181111 -0.034192133221338905 -0.033563055280170173
leaf_weight=0.33947004086803645 0.14499197714030732 0.24647335568442941 0.94376600056421045 0.35329044982790936 0.59917426737956681 0.63871957449009642 0.46592754044104356 1.230132878932636 0.18603105121292174 0.32744841172825545 0.20600243913941085
leaf_count=12 5 7 16 23 39 17 31 31 12 18 39
internal_value=0.000360474 -0.0161956 0.00300888 0.00696403 -0.00450716 0.0117093 -0.0170887 0.0170882 -0.0338987 -0.0339961 -0.033657
internal_weight=5.68143 0.783499 4.89793 4.09253 1.91863 1.23789 0.805398 2.1739 0.537025 0.680739 0.392033
internal_count=250 63 187 144 97 56 43 47 56 41 51
is_linear=0
shrinkage=0.05


Tree=395
num_leaves=6
num_cat=0
split_feature=3 7 21 9 24
split_gain=0.252921 0.510235 0.590676 0.587128 0.629657
threshold=0.10475743092017532 3334.7049926757818 -0.0032239439693927392 3368.7699951171876 -0.01512156427481298
decision_type=2 2 2 2 2
left_child=1 -1 -3 -4 -5
right_child=-2 2 3 4 -6
leaf_value=0.016749018613303589 -0.010862572092333211 0.014580150098431414 -0.017786999374092172 0.018938743733365682 -0.0037348934326887373
leaf_weight=4.7478403709828845 4.7126665487885466 5.2640003971755496 5.8331520333886173 3.6767772249877479 18.311926692724228
leaf_count=31 24 35 31 24 105
internal_value=6.03125e-05 0.0014209 -0.000778699 -0.00368465 5.64129e-05
internal_weight=42.5464 37.8337 33.0859 27.8219 21.9887
internal_count=250 226 195 160 129
is_linear=0
shrinkage=0.05


Tree=396
num_leaves=9
num_cat=0
split_feature=0 22 32 21 1 17 27 0
split_gain=0.272744 0.496869 0.485266 0.747488 0.298892 0.369968 0.740479 0.718112
threshold=-0.00033551514938506827 0.0065591886787134132 -0.20811364065993371 0.0017184121188301706 -0.016868635283571628 0.017756248768387568 0.0068201055940260167 0.012021950437482999
decision_type=2 2 2 2 2 2 2 2
left_child=1 2 3 -1 -2 6 7 -6
right_child=4 -3 -4 -5 5 -7 -8 -9
leaf_value=-0.02378301836971022 0.016514127527027887 -0.023378318860209704 0.015571044981426613 0.0047871486606724523 -0.0018902771556920034 0.015161754477936613 0.011617820472122176 -0.029966166517294598
leaf_weight=3.8158136010169965 3.5888382643461254 3.0453177262097588 3.3126244060695162 5.7230775058269501 8.0602190718054825 3.7524449452757827 6.2761487960815421 3.1745499186217776
leaf_count=28 20 26 19 32 47 22 37 19
internal_value=-0.000104481 -0.00521914 -0.000916104 -0.00664169 0.00316713 0.000914422 -0.00213866 -0.00982353
internal_weight=40.749 15.8968 12.8515 9.53889 24.8522 21.2634 17.5109 11.2348
internal_count=250 105 79 60 145 125 103 66
is_linear=0
shrinkage=0.05


Tree=397
num_leaves=13
num_cat=0
split_feature=12 22 22 22 16 22 30 24 5 31 16 29
split_gain=0.0967344 0.240965 0.147307 0.181513 0.352456 0.145648 0.139135 0.119423 2.23934e-05 9.29024e-06 4.40952e-06 1.58763e-07
threshold=0.079751637028146125 -0.022268457303672325 -0.0062940426726996726 -0.0012629562516405788 0.016248459396748693 0.0093681200468622734 0.0041410092022451392 -0.012962337938134392 0.008225451673512461 0.28659994720020904 0.018681560161437388 0.0040863722802544364
decision_type=2 2 2 2 2 2 2 2 2 2 2 2
left_child=2 -2 6 7 9 -6 -1 -4 -3 -5 -10 -12
right_child=1 8 3 4 5 -7 -8 -9 10 -11 11 -13
leaf_value=0.0090798277174358628 0.028372797687130441 -0.034410121728634911 0.030722721715829428 -0.033796151179598645 -0.0063479488855680208 0.02813610106944138 -0.033900851980153322 0.0068378826493810862 -0.03389233398122548 -0.034171667180655778 -0.033509026129448498 -0.03359743874849478
leaf_weight=0.31240596191491921 0.2170114575419575 0.16360440896823991 0.89353426219895515 0.34066809387877572 0.59651882911566623 0.62915389036061242 0.47394539869856089 1.2631730469292959 0.17847182601690292 0.31887671095319092 0.10502996476134285 0.098297808319330215
leaf_count=11 6 7 11 23 39 17 32 36 9 18 24 17
internal_value=0.000361469 -0.0161897 0.002975 0.00682711 -0.00450587 0.0113532 -0.0168253 0.0167335 -0.0339207 -0.0339777 -0.033711 -0.0335518
internal_weight=5.59069 0.762415 4.82828 4.04192 1.88522 1.22567 0.786351 2.15671 0.545404 0.659545 0.3818 0.203328
internal_count=250 63 187 144 97 56 43 47 57 41 50 41
is_linear=0
shrinkage=0.05


Tree=398
num_leaves=10
num_cat=0
split_feature=0 13 13 18 0 8 14 2 22
split_gain=0.256293 0.410851 0.717672 0.813428 0.362035 0.43977 0.931951 0.763591 0.402818
threshold=-0.00033551514938506827 60.058237970803269 56.33644635439115 0.15066457996164315 0.003342924397658154 0.02587749634575006 0.61840987790191393 0.059249588394837634 0.00085918318370781243
decision_type=2 2 2 2 2 2 2 2 2
left_child=1 2 3 -1 -2 6 -6 -7 -8
right_child=4 -3 -4 -5 5 7 8 -9 -10
leaf_value=0.023965498588741339 -0.01407316805121357 0.017099953044389379 -0.017902756329630856 -0.0076847111644698833 -0.010694966576491622 -0.024085459306698604 0.0066996513094950685 0.0062908007035537006 0.031236744784846567
leaf_weight=4.1003388836979884 5.8139483779668835 4.8597051352262488 3.8548989072442046 4.0206257551908493 4.6413509882986563 4.0661531724035722 3.4919281601905823 4.2118713781237602 3.2104532346129417
leaf_count=29 29 31 19 26 28 23 22 22 21
internal_value=5.29119e-05 0.00483837 -0.000137276 0.00829573 -0.00311452 0.000132536 0.00652693 -0.00862997 0.018453
internal_weight=42.2713 16.8356 11.9759 8.12096 25.4357 19.6218 11.3437 8.27802 6.70238
internal_count=250 105 74 55 145 116 71 45 43
is_linear=0
shrinkage=0.05


Tree=399
num_leaves=7
num_cat=0
split_feature=15 4 13 6 30 7
split_gain=0.361372 0.362024 0.362181 0.340958 0.495354 0.458204
threshold=0.013501094388670727 0.0082442092521698134 73.602569263826879 1.1744402649361172 0.0049376848564426376 4157.2149780273448
decision_type=2 2 2 2 2 2
left_child=-1 -2 3 4 -3 -5
right_child=1 2 -4 5 -6 -7
leaf_value=-0.018777808101777357 0.01613912570607599 0.011978283261820235 -0.015168120838387559 -0.021307068106637947 -0.0028110339979813799 0.0029827493173536848
leaf_weight=2.4360114168375722 3.6147973947226992 11.07755202427507 3.7471388578414908 3.4532353468239299 11.581108516082166 4.4352408461272717
leaf_count=18 20 68 24 22 71 27
internal_value=-0.000110405 0.00108915 -0.000497197 0.00130245 0.00441929 -0.00765029
internal_weight=40.3451 37.9091 34.2943 30.5471 22.6587 7.88848
internal_count=250 232 212 188 139 49
is_linear=0
shrinkage=0.05


Tree=400
num_leaves=11
num_cat=0
split_feature=12 22 16 22 22 16 1 5 16 29
split_gain=0.0929825 0.230239 0.170859 0.148625 0.174349 0.295488 0.0721407 2.00354e-05 3.90351e-06 1.34561e-07
threshold=0.079751637028146125 -0.022268457303672325 0.010795918249056959 -0.0062940426726996726 -0.0012629562516405788 0.016248459396748693 0.01857427860085992 0.008225451673512461 0.018681560161437388 0.0040863722802544364
decision_type=2 2 2 2 2 2 2 2 2 2
left_child=2 -2 -1 -4 6 -6 -5 -3 -9 -10
right_child=1 7 3 4 5 -7 -8 8 9 -11
leaf_value=-0.033842108277264631 0.027707066438294695 -0.034369733690486397 -0.015464538833199891 0.0096143796955500301 -0.033940206235558178 0.011232953959252714 0.02853697978245727 -0.033870210835826621 -0.033503321424470885 -0.033586332210302786
leaf_weight=0.29557437979383383 0.21328461985103786 0.15787375066429365 0.71577285474631924 0.97514476347714696 0.51602858665864948 1.2128798093763178 1.0417956640594637 0.17154127266258001 0.10110919893486425 0.094397381704766303
leaf_count=22 6 7 37 24 32 56 16 9 24 17
internal_value=0.000410995 -0.0160994 0.00297303 0.00541196 0.00940113 -0.00224991 0.0193883 -0.0338987 -0.0336961 -0.0335434
internal_weight=5.4954 0.738206 4.7572 4.46162 3.74585 1.72891 2.01694 0.524922 0.367048 0.195507
internal_count=250 63 187 165 128 88 40 57 50 41
is_linear=0
shrinkage=0.05


Tree=401
num_leaves=8
num_cat=0
split_feature=16 16 27 15 32 20 13
split_gain=0.239853 0.414903 0.35708 0.631459 0.566665 0.594984 0.507262
threshold=0.010491242468589951 0.012555804180735533 0.013294235734024775 0.026877970200157402 -0.22915505244245757 -0.039594974019638011 58.575578511437875
decision_type=2 2 2 2 2 2 2
left_child=-1 -2 4 -4 5 -3 -6
right_child=1 2 3 -5 6 -7 -8
leaf_value=0.011874362903846131 -0.017833463533685059 -0.0084754814481100577 0.020342496455624647 -0.0046621937744879089 -0.0026287161300167991 0.0099111450208332619 -0.030514506992505148
leaf_weight=3.8914929628372184 3.3970101810991755 7.8513414636254319 5.2768892683088762 4.8414111398160458 3.5772896688431528 10.00881490111351 2.9971838966012001
leaf_count=21 21 47 30 30 25 61 15
internal_value=5.24766e-05 -0.00115977 0.000479472 0.00837824 -0.00279138 0.00182837 -0.0153413
internal_weight=41.8414 37.9499 34.5529 10.1183 24.4346 17.8602 6.57447
internal_count=250 229 208 60 148 108 40
is_linear=0
shrinkage=0.05


Tree=402
num_leaves=10
num_cat=0
split_feature=22 20 22 19 19 4 3 7 19
split_gain=0.254679 0.58742 0.690311 0.500349 0.532582 0.47551 0.321415 0.414965 0.270044
threshold=-0.0032460251132191416 0.025441883310397099 -0.0056180986360817578 0.0094030112652686588 -0.054805799949304061 0.017946255814469146 0.015286934009455801 4201.6999755859388 -0.0042854614325467102
decision_type=2 2 2 2 2 2 2 2 2
left_child=1 2 8 4 -2 -6 -5 -8 -1
right_child=3 -3 -4 6 5 -7 7 -9 -10
leaf_value=-0.0007889557561894002 -0.012901578890419197 0.023214917244470386 0.019621099182700281 -0.00031411441413602229 0.00044203188884712579 0.022959102507982394 -0.030035243175066135 -0.0048541553688062752 -0.018668282402318152
leaf_weight=5.8557894714176637 3.8147691357880822 3.4087873920798293 3.2382141426205626 3.9956880174577218 6.109788669273259 3.8046892993152142 3.5092402771115303 3.0650643222033978 3.3031915389001369
leaf_count=33 31 18 16 27 37 22 25 18 23
internal_value=-0.000107485 0.0048328 -0.000221627 -0.003321 0.00297441 0.00908298 -0.011498 -0.0182953 -0.00723714
internal_weight=40.1052 15.806 12.3972 24.2992 13.7292 9.91448 10.57 6.5743 9.15898
internal_count=250 90 72 160 90 59 70 43 56
is_linear=0
shrinkage=0.05


Tree=403
num_leaves=10
num_cat=0
split_feature=21 27 31 32 0 2 0 27 28
split_gain=0.0933994 0.282963 0.263743 0.357248 0.16264 0.189592 0.141153 6.49971e-05 3.089e-05
threshold=0.0041349393947776045 0.012944509153066221 0.16553909846338141 -0.76274158030902617 0.0005742204483144554 0.0011401922588790694 0.0027414873563184066 0.031370949481721484 0.0055941864955652018
decision_type=2 2 2 2 2 2 2 2 2
left_child=1 2 4 -4 5 -1 -6 -3 -5
right_child=-2 7 3 8 6 -7 -8 -9 -10
leaf_value=0.019493242655203892 0.014850492056675374 -0.033733204484639512 0.023372038842390641 -0.033894238217692961 0.037347787549870247 -0.034172886305852808 0.0090173303216271958 -0.034766669399689636 -0.034499768544096414
leaf_weight=0.30076365650165904 0.92928012250922609 0.31826591142453242 0.39106222067493945 0.51673157821642213 0.67089779023081053 0.36344652518164366 1.2756586695904841 0.29147032275795937 0.35551814408972859
leaf_count=14 34 36 17 36 5 26 52 16 14
internal_value=0.000423698 -0.00256629 0.00241679 -0.0163377 0.0114918 -0.00987211 0.0187817 -0.0342272 -0.034141
internal_weight=5.41309 4.48381 3.87408 1.26331 2.61077 0.66421 1.94656 0.609736 0.87225
internal_count=250 216 164 67 97 40 57 52 50
is_linear=0
shrinkage=0.05


Tree=404
num_leaves=6
num_cat=0
split_feature=1 20 27 0 0
split_gain=0.246352 0.372461 0.45757 0.417489 0.564489
threshold=0.053999121234828314 0.15828637096683099 0.027760362936639641 0.012021950437482999 0.0080400305515768728
decision_type=2 2 2 2 2
left_child=1 2 3 4 -1
right_child=-2 -3 -4 -5 -6
leaf_value=0.0017691615018684882 -0.012444333365286112 0.015060116986321391 -0.017224971905144541 0.01464498470039545 -0.020511734248463094
leaf_weight=21.709103573113687 3.6041819527745238 4.3173157386481753 3.6617955565452567 5.0263719335198394 3.2710146829485884
leaf_count=132 21 27 20 29 21
internal_value=4.85018e-05 0.00123386 -0.000539097 0.00149714 -0.0011484
internal_weight=41.5898 37.9856 33.6683 30.0065 24.9801
internal_count=250 229 202 182 153
is_linear=0
shrinkage=0.05


Tree=405
num_leaves=9
num_cat=0
split_feature=0 22 2 17 1 17 27 32
split_gain=0.264363 0.466392 0.452263 0.510072 0.272786 0.364974 0.674382 0.670738
threshold=-0.00033551514938506827 0.0065591886787134132 0.033333027154259794 -0.010768417581573804 -0.016868635283571628 0.016953316990169245 0.0068201055940260167 -0.52354147888310276
decision_type=2 2 2 2 2 2 2 2
left_child=1 2 3 -1 -2 6 7 -6
right_child=4 -3 -4 -5 5 -7 -8 -9
leaf_value=0.019367260725545187 0.016025288011181135 -0.023000047867153293 -0.015680306587938876 -0.0049429778827297551 0.006568030612391678 0.01494520602152977 0.011085728154625593 -0.019232524040397769
leaf_weight=3.6840278394520265 3.5226186886429813 2.972986858803778 3.6965393200516692 5.2080087587237358 3.9989489093422934 3.8158840537071219 6.1224037036299697 6.8068388402462014
leaf_count=21 20 26 20 38 22 24 37 42
internal_value=-0.000101216 -0.00518812 -0.000981558 0.00512891 0.00316087 0.000976327 -0.00217248 -0.00968439
internal_weight=39.8283 15.5616 12.5886 8.89204 24.2667 20.7441 16.9282 10.8058
internal_count=250 105 79 59 145 125 101 64
is_linear=0
shrinkage=0.05


Tree=406
num_leaves=10
num_cat=0
split_feature=22 22 17 22 12 16 23 10 16
split_gain=0.0913075 0.243086 0.264826 0.203559 0.293523 0.137278 4.07283e-05 1.85831e-05 5.20596e-06
threshold=0.0093681200468622734 -0.0012629562516405788 -0.0094083677247192073 -0.0024115571994817171 0.042156635956867604 0.016248459396748693 0.0077039173898337818 0.02035588790936128 0.012143588121561912
decision_type=2 2 2 2 2 2 2 2 2
left_child=1 3 -3 4 7 -6 8 -1 -4
right_child=-2 2 6 -5 5 -7 -8 -9 -10
leaf_value=-0.033800584167690377 0.016447056419711361 0.020552361487251519 -0.033974089583585269 0.018290286777212863 0.02385501048964421 -0.010422433284390067 -0.03446665610829195 -0.034344364272337551 -0.033670344861174858
leaf_weight=0.34010933409444977 0.75684632512275118 0.29056175815640017 0.21435591962654121 1.5113338218070569 0.63911560131236889 0.53795976797118783 0.32110877148807049 0.29200338060036302 0.41258841805392876
leaf_count=32 31 18 12 24 13 39 18 12 51
internal_value=0.000363989 -0.0023059 -0.0212095 0.00474547 -0.00656941 0.00818916 -0.0340087 -0.0340518 -0.0337742
internal_weight=5.31598 4.55914 1.23861 3.32052 1.80919 1.17708 0.948053 0.632113 0.626944
internal_count=250 219 99 120 96 52 81 44 63
is_linear=0
shrinkage=0.05


Tree=407
num_leaves=6
num_cat=0
split_feature=3 7 21 9 24
split_gain=0.243081 0.492979 0.514466 0.56951 0.599663
threshold=0.10475743092017532 3334.7049926757818 -0.0032239439693927392 3368.7699951171876 -0.01512156427481298
decision_type=2 2 2 2 2
left_child=1 -1 -3 -4 -5
right_child=-2 2 3 4 -6
leaf_value=0.01664557773094508 -0.010795855267954525 0.013801161782279442 -0.017612607738538049 0.019001959987717861 -0.003535960796168758
leaf_weight=4.6371311619877806 4.5912129878997794 5.0802524685859671 5.6791812442243126 3.5388635955750969 17.777030315250158
leaf_count=31 24 35 31 24 105
internal_value=5.07537e-05 0.00140722 -0.000795794 -0.00354282 0.000205784
internal_weight=41.3037 36.7125 32.0753 26.9951 21.3159
internal_count=250 226 195 160 129
is_linear=0
shrinkage=0.05


Tree=408
num_leaves=9
num_cat=0
split_feature=0 22 32 21 1 17 27 16
split_gain=0.253294 0.446424 0.438735 0.673988 0.256918 0.343537 0.627203 0.647514
threshold=-0.00033551514938506827 0.0065591886787134132 -0.20811364065993371 0.0017184121188301706 -0.016868635283571628 0.016953316990169245 0.0068201055940260167 0.017963847342621173
decision_type=2 2 2 2 2 2 2 2
left_child=1 2 3 -1 -2 6 7 -6
right_child=4 -3 -4 -5 5 -7 -8 -9
leaf_value=-0.023176135354198948 0.015617427537568769 -0.022617773314158776 0.014876602844060366 0.004415159646346152 -0.00057708044281450544 0.014530468290996116 0.010715959059192245 -0.026542242203432449
leaf_weight=3.6649221852421743 3.5053569078445461 2.9431373407132915 3.2357035391032687 5.5881931968033314 7.0820235554128939 3.8102234899997702 6.0889310985803595 3.6327148787677288
leaf_count=28 20 26 19 32 42 24 37 22
internal_value=-9.7253e-05 -0.00509961 -0.000971244 -0.00651305 0.00310335 0.000975351 -0.00209827 -0.00938028
internal_weight=39.5512 15.432 12.4888 9.25312 24.1192 20.6139 16.8037 10.7147
internal_count=250 105 79 60 145 125 101 64
is_linear=0
shrinkage=0.05


Tree=409
num_leaves=11
num_cat=0
split_feature=30 23 32 18 13 20 15 0 20 15
split_gain=0.0895391 0.24921 0.183142 0.181944 0.155625 0.140214 0.0733173 0.0110779 8.75728e-05 1.34443e-05
threshold=0.0067993525455957169 -0.0019425690332788845 -0.27725718074635525 0.39285680336203138 86.145285495806419 0.078246208741906256 0.015495007375542451 -0.00055976801351170769 -0.027124034342357602 0.01555576284555087
decision_type=2 2 2 2 2 2 2 2 2 2
left_child=3 8 -3 5 9 6 -1 -7 -2 -5
right_child=1 2 -4 4 -6 7 -8 -9 -10 -11
leaf_value=0.031427927810303097 -0.03374761510487418 0.017390912259526499 -0.018242133950769436 -0.034133025147634083 0.014676647292365622 7.7263294361879864e-05 0.010708695206686238 -0.013075663434202632 -0.034956119327210967 -0.033588758241071097
leaf_weight=0.7614652648917406 0.36772317683789879 0.91750334197422501 0.59408533788518947 0.24908142106141884 0.25803781673312187 0.28210459172260016 0.97199060919228941 0.37011518178042013 0.25306814594659988 0.20838916429784149
leaf_count=12 37 37 26 15 3 16 35 24 10 35
internal_value=0.000319245 -0.00756771 0.00338639 0.00574233 -0.016372 0.0123748 0.0198102 -0.00738663 -0.0342403 -0.0338851
internal_weight=5.23356 2.13238 1.51159 3.10118 0.715508 2.38568 1.73346 0.65222 0.620791 0.457471
internal_count=250 110 63 140 53 87 47 40 47 50
is_linear=0
shrinkage=0.05


Tree=410
num_leaves=10
num_cat=0
split_feature=16 17 28 13 14 23 30 19 28
split_gain=0.234707 0.454656 0.356169 0.790205 1.68117 0.506191 0.51721 0.339103 0.309269
threshold=0.034983122722560316 0.016953316990169245 -0.0056053388432018561 60.407134887623577 0.54284695742118361 -0.0019425690332788845 0.0064075205522092791 -0.0051572431413661737 0.016741035224298154
decision_type=2 2 2 2 2 2 2 2 2
left_child=1 2 3 4 -1 8 -7 -5 -4
right_child=-2 -3 5 7 -6 6 -8 -9 -10
leaf_value=0.017512977972401013 0.0089163861558322031 -0.018640661442585593 -0.004667917946181376 0.032340435010434182 -0.03019807799890525 -0.021647591971431821 0.00016819680100443548 0.008304382416009783 0.01635187323877332
leaf_weight=4.0440497547388095 6.3185145482420912 3.5030315890908232 3.3766842484474209 2.9211754947900772 3.397505845874548 5.5697866268455964 5.3040859289467335 2.9485145919024944 3.6323502399027348
leaf_count=26 34 23 20 21 20 32 32 20 22
internal_value=5.30452e-05 -0.00156101 0.000356996 0.00654957 -0.00426991 -0.00425248 -0.0110062 0.0202664 0.00622534
internal_weight=41.0157 34.6972 31.1942 13.3112 7.44156 17.8829 10.8739 5.86969 7.00903
internal_count=250 216 193 87 46 106 64 41 42
is_linear=0
shrinkage=0.05


Tree=411
num_leaves=9
num_cat=0
split_feature=22 20 22 19 23 22 21 23
split_gain=0.245428 0.535243 0.63726 0.473756 0.52539 0.737049 0.311436 0.247442
threshold=-0.0032460251132191416 0.025441883310397099 -0.0056180986360817578 0.0094030112652686588 0.0059421528627396922 0.0044847557986847928 0.0012642804154334721 -0.0031390389992162477
decision_type=2 2 2 2 2 2 2 2
left_child=1 2 7 4 5 -2 -5 -1
right_child=3 -3 -4 6 -6 -7 -8 -9
leaf_value=0.0032573164854575367 0.019724071796542172 0.022685387493225309 0.019224232466294636 -0.019316029543227729 -0.016071345806291864 -0.006859798466148097 -0.0019008821875274541 -0.013724224505861646
leaf_weight=3.590634670108555 5.9362139794975537 3.2953128963708869 3.1658524423837653 5.5978585183620435 2.8700547646731129 4.6495839804410934 4.74171382188797 5.328657690435648
leaf_count=24 37 18 16 39 24 29 31 32
internal_value=-9.94415e-05 0.00482305 -4.75607e-05 -0.00328115 0.00290323 0.00804768 -0.0113295 -0.00688797
internal_weight=39.1759 15.3805 12.0851 23.7954 13.4559 10.5858 10.3396 8.91929
internal_count=250 90 72 160 90 66 70 56
is_linear=0
shrinkage=0.05


Tree=412
num_leaves=9
num_cat=0
split_feature=4 30 28 9 20 28 28 32
split_gain=0.083507 0.129137 0.210873 0.228424 0.20484 0.323093 0.130979 0.129731
threshold=0.0082442092521698134 0.0067993525455957169 0.0219700531521595 3359.8524902343756 -0.039594974019638011 1.0000000180025095e-35 0.013339568855629926 -0.29355205467917306
decision_type=2 2 2 2 2 2 2 2
left_child=-1 2 6 -4 5 -3 7 -2
right_child=1 4 3 -5 -6 -7 -8 -9
leaf_value=-0.01674173509955559 -0.014963339860441705 -0.033795517061673878 0.019327785379229332 -0.03411372317870244 -0.03462532649782097 0.020965735741730662 0.034481990855106934 0.019709590446699222
leaf_weight=0.62916819035308424 0.40739801985910129 0.40001484879758187 0.3422812798526137 0.48084989818744361 0.51036991516593833 0.82460537244332954 0.76159007684327651 0.79859792732168045
leaf_count=33 34 37 11 33 27 32 11 32
internal_value=0.000326247 0.00269905 0.00935856 -0.0118912 -0.00801271 0.0030783 0.0182483 0.00799671
internal_weight=5.15488 4.52571 2.79072 0.823131 1.73499 1.22462 1.96759 1.206
internal_count=250 217 121 44 96 69 77 66
is_linear=0
shrinkage=0.05


Tree=413
num_leaves=9
num_cat=0
split_feature=18 34 22 13 29 21 29 20
split_gain=0.240928 0.453166 0.432094 0.416159 0.657011 0.702854 0.6099 0.435804
threshold=0.85043777353026295 0.24628981718251367 -0.0038781620359074616 59.140216943235949 0.003175188418431341 0.00020024655014716511 -0.00020256336495405589 -0.039594974019638011
decision_type=2 2 2 2 2 2 2 2
left_child=1 -1 -2 4 5 -3 -5 -8
right_child=2 3 -4 6 -6 -7 7 -9
leaf_value=0.015659420065967211 -0.020744431197295556 0.017228226812881203 0.002075327072725913 -0.0087820562572797044 -0.023250232338988337 -0.010799545425324006 0.0027255630858453259 0.025054308952692006
leaf_weight=5.1318932790309182 3.5494581237435341 3.779792647808792 4.9917747862637025 4.7479551285505286 4.1747596040368071 5.4794123843312263 4.5396448038518393 4.2135382294654864
leaf_count=35 20 24 27 28 25 34 29 28
internal_value=5.45197e-05 0.00204216 -0.00740782 -0.000552313 -0.00678282 0.000641952 0.0056472 0.013474
internal_weight=40.6082 32.067 8.54123 26.9351 13.434 9.25921 13.5011 8.75318
internal_count=250 203 47 168 83 58 85 57
is_linear=0
shrinkage=0.05


Tree=414
num_leaves=10
num_cat=0
split_feature=0 30 27 24 23 24 3 5 16
split_gain=0.243265 0.41775 0.594956 0.718838 0.555955 0.234487 0.602234 0.60311 0.75654
threshold=-0.00033551514938506827 -0.015080642471915427 0.013823629339375422 0.011742003858672747 0.0011060457034802742 0.014911151110892253 -0.0052678255109624974 0.015175815717479712 0.015482906835191561
decision_type=2 2 2 2 2 2 2 2 2
left_child=1 -1 3 4 -3 6 -2 8 -8
right_child=5 2 -4 -5 -6 -7 7 -9 -10
leaf_value=0.013869595823993783 -0.020078653118208591 -0.0060616576575796798 -0.026327208587867384 -0.022149364110176269 0.023889813562944524 0.012502270370219358 0.0089987235467736786 0.018553885008846843 -0.018223445808920418
leaf_weight=2.4496755357831725 2.9959065131843117 3.3928366787731594 3.4720345349051067 3.0044088810682297 2.8514218209311366 5.1564295813441268 6.068534944206478 5.0731001868844023 4.4048247877508402
leaf_count=16 18 27 25 21 16 31 34 30 32
internal_value=-9.38529e-05 -0.00503778 -0.00867885 -0.00205349 0.00761559 0.00307092 0.000448159 0.00440381 -0.00245022
internal_weight=38.8692 15.1704 12.7207 9.24867 6.24426 23.6988 18.5424 15.5465 10.4734
internal_count=250 105 89 64 43 145 114 96 66
is_linear=0
shrinkage=0.05


Tree=415
num_leaves=13
num_cat=0
split_feature=12 22 1 23 7 1 5 19 27 15 16 31
split_gain=0.0810624 0.203097 0.121941 0.240874 0.195654 0.177205 0.251559 0.160176 6.28369e-05 1.33613e-05 2.72013e-06 6.49661e-08
threshold=0.079751637028146125 -0.022268457303672325 0.010167311406912962 0.010531519258500268 3352.8350097656253 0.019119769836520976 0.008806438549641504 0.011424485563714228 0.0068201055940260167 0.015215038143299263 0.018681560161437388 0.06684130609784622
decision_type=2 2 2 2 2 2 2 2 2 2 2 2
left_child=2 -2 3 4 -1 -4 -7 -8 -6 -3 -11 -12
right_child=1 9 5 -5 8 6 7 -9 -10 10 11 -13
leaf_value=0.015239773320400204 0.026464496952808447 -0.034236503864434283 0.025562651278966616 0.01537438216696565 -0.033742838865601227 0.025876678315214025 -0.034033074095724994 0.0068060443167432304 -0.034632412532915942 -0.033809192712574342 -0.033490366048054006 -0.03355165050840999
leaf_weight=0.26587634277529992 0.19858163339085877 0.14276397961657483 1.0475463675102221 0.71157514979131509 0.48610275634564459 0.55135188763961174 0.55471523478627205 0.42332002217881382 0.33554204559186473 0.15484949294477701 0.087353888084180653 0.085639151453506202
leaf_count=21 6 8 23 19 44 9 36 14 21 9 24 16
internal_value=0.000267567 -0.0159396 0.00274598 -0.00724319 -0.0220421 0.00971996 -0.00113142 -0.0163568 -0.0341061 -0.0338328 -0.033657 -0.0335207
internal_weight=5.04522 0.669188 4.37603 1.7991 1.08752 2.57693 1.52939 0.978035 0.821645 0.470607 0.327843 0.172993
internal_count=250 63 187 105 86 82 59 50 65 57 49 40
is_linear=0
shrinkage=0.05


Tree=416
num_leaves=6
num_cat=0
split_feature=15 30 21 15 30
split_gain=0.237356 0.419037 1.0777 0.462113 0.496986
threshold=0.042023658091660969 -0.01322337341609031 0.0037708410989416579 0.027646331415706445 -0.0031263741727983736
decision_type=2 2 2 2 2
left_child=1 -1 3 4 -3
right_child=-2 2 -4 -5 -6
leaf_value=-0.016909971421217414 0.011398861182636479 0.016405871896699179 0.024808391154649501 -0.016155909511845711 -0.0031110687460402533
leaf_weight=3.8167120628058901 4.1388096548616877 3.9354331679642227 4.0271756500005713 5.2937177419662467 19.056574210524563
leaf_count=28 25 25 27 34 111
internal_value=5.70683e-05 -0.00124219 0.000608451 -0.00283701 0.000229554
internal_weight=40.2684 36.1296 32.3129 28.2857 22.992
internal_count=250 225 197 170 136
is_linear=0
shrinkage=0.05


Tree=417
num_leaves=9
num_cat=0
split_feature=0 22 2 17 21 21 19 23
split_gain=0.228919 0.403407 0.434385 0.456646 0.24245 0.655781 0.680413 0.508773
threshold=-0.00033551514938506827 0.0065591886787134132 0.033333027154259794 -0.010768417581573804 -0.00081513905586688684 -0.002026978138577384 -0.0080194077406610647 0.0047532699056348502
decision_type=2 2 2 2 2 2 2 2
left_child=1 2 3 -1 5 6 -2 -6
right_child=4 -3 -4 -5 7 -7 -8 -9
leaf_value=0.0188355319968668 0.019115266783891229 -0.02194324117544319 -0.015604491095333928 -0.0045658896932245082 0.017573096246437696 -0.021489815139620807 -0.007578994296533019 -0.0045139817151285131
leaf_weight=3.5555289275944215 4.4514896553009722 2.8288250197656444 3.5847162604331961 5.0392520874738693 6.3422365523874777 3.1505045518279067 5.1475224178284416 4.427353136241436
leaf_count=21 29 26 20 38 37 16 36 27
internal_value=-0.000109203 -0.00493391 -0.000983297 0.00511492 0.0029696 -0.00169617 0.00480032 0.00849315
internal_weight=38.5274 15.0083 12.1795 8.59478 23.5191 12.7495 9.59901 10.7696
internal_count=250 105 79 59 145 81 65 64
is_linear=0
shrinkage=0.05


Tree=418
num_leaves=9
num_cat=0
split_feature=4 30 20 28 28 9 28 27
split_gain=0.0803554 0.119782 0.194403 0.300355 0.190282 0.217058 0.121733 0.115906
threshold=0.0082442092521698134 0.0067993525455957169 -0.039594974019638011 1.0000000180025095e-35 0.0219700531521595 3359.8524902343756 0.013339568855629926 -0.014721517926501447
decision_type=2 2 2 2 2 2 2 2
left_child=-1 4 3 -3 6 -6 7 -2
right_child=1 2 -4 -5 5 -7 -8 -9
leaf_value=-0.016569608375616302 0.021676388092812231 -0.033757895624542969 -0.034539090317052663 0.020372013350402035 0.019046530855789494 -0.034054701506827635 0.033955564899754563 -0.010068018933380484
leaf_weight=0.61078049364732567 0.66328958293888685 0.37573638447793178 0.48116343945730466 0.80601338652195409 0.33614882372785349 0.45016535185277462 0.7276932201348244 0.50760187220294084
leaf_count=33 19 37 27 32 11 33 11 47
internal_value=0.000412484 0.00279813 -0.00774719 0.00316145 0.00932945 -0.011354 0.0178957 0.00791463
internal_weight=4.95859 4.34781 1.66291 1.18175 2.6849 0.786314 1.89858 1.17089
internal_count=250 217 96 69 121 44 77 66
is_linear=0
shrinkage=0.05


Tree=419
num_leaves=9
num_cat=0
split_feature=18 10 13 13 17 29 20 22
split_gain=0.232678 0.446696 0.400136 0.740106 0.794232 0.621057 0.455185 0.377836
threshold=0.85043777353026295 -0.018403236001468419 59.140216943235949 56.33644635439115 0.0020369556556761362 -0.00020256336495405589 -0.039594974019638011 -0.0038781620359074616
decision_type=2 2 2 2 2 2 2 2
left_child=1 -1 3 4 -3 -4 -7 -2
right_child=7 2 5 -5 -6 6 -8 -9
leaf_value=0.019896997008752679 -0.019946702731694743 0.011346009784659269 -0.0084938913911864946 -0.026301028375465326 -0.015368272354742288 0.0028610046381768103 0.025544423231247261 0.0015804917625300168
leaf_weight=3.1471293307840851 3.4807443767786026 6.7912945020943898 4.6650494262576112 3.3507047072052947 4.7131940089166164 4.4829452931880942 4.3651152625679943 4.9185925312340242
leaf_count=26 20 43 28 19 29 29 29 27
internal_value=5.41645e-05 0.00202496 4.22697e-05 -0.00562137 0.000401621 0.00626841 0.0140517 -0.00734053
internal_weight=39.9148 31.5154 28.3683 14.8552 11.5045 13.5131 8.84806 8.39934
internal_count=250 203 177 91 72 86 58 47
is_linear=0
shrinkage=0.05


Tree=420
num_leaves=6
num_cat=0
split_feature=15 30 21 4 30
split_gain=0.22659 0.481919 1.25814 0.458515 0.375701
threshold=0.042023658091660969 -0.015080642471915427 0.0037708410989416579 0.020844425310940221 -0.0031263741727983736
decision_type=2 2 2 2 2
left_child=1 -1 3 4 -3
right_child=-2 2 -4 -5 -6
leaf_value=0.018863336954298836 -0.011476187784778371 -0.012715937641651973 -0.029255524910693411 0.018963291143689213 0.0032877415601922284
leaf_weight=3.4705543853342524 3.9296384714543811 4.5421759840101066 3.4474216462112954 3.7799038514494887 19.039022728800777
leaf_count=24 25 33 28 25 115
internal_value=-0.000103913 0.00119977 -0.00079002 0.00279655 0.000205136
internal_weight=38.2087 34.2791 30.8085 27.3611 23.5812
internal_count=250 225 201 173 148
is_linear=0
shrinkage=0.05


Tree=421
num_leaves=11
num_cat=0
split_feature=4 4 27 18 32 31 23 27 16 4
split_gain=0.0793422 0.182434 0.229813 0.234647 0.174649 0.109366 2.23314e-05 1.41062e-05 7.94081e-07 4.22069e-08
threshold=0.014488256729574924 0.012470654677532382 0.0014402012732867011 0.23664453570528929 -0.22015684714245229 -0.1722313526800402 0.0053002131135493355 0.031370949481721484 0.024157688573911984 0.019620937465375864
decision_type=2 2 2 2 2 2 2 2 2 2
left_child=1 2 5 -4 7 -1 -7 8 -2 -10
right_child=4 -3 3 -5 -6 6 -8 -9 9 -11
leaf_value=0.00054756870022461713 -0.033582725838133147 0.021664041522066881 -0.010768943048758372 0.025727795675764643 0.0072084268595539545 -0.033766240161406322 -0.034350996192711911 -0.034171632253912503 -0.033449585455006738 -0.033382506163435889
leaf_weight=0.35067230463027954 0.27721688605379313 1.0343734264606608 0.85901646676938959 0.90371403936296701 0.56213910004589684 0.35224604170071028 0.30433207098394632 0.11609139913343824 0.044897941465023905 0.04908976866863668
leaf_count=12 34 24 33 18 32 31 11 14 13 28
internal_value=0.000388833 0.00374636 -0.00294451 0.00794215 -0.0117827 -0.0219966 -0.0340373 -0.0336906 -0.0335401 -0.0334145
internal_weight=4.85379 3.80435 2.76998 1.76273 1.04944 1.00725 0.656578 0.487296 0.371205 0.0939877
internal_count=250 129 105 51 121 54 42 89 75 41
is_linear=0
shrinkage=0.05


Tree=422
num_leaves=6
num_cat=0
split_feature=15 29 23 28 30
split_gain=0.236399 0.337873 0.447222 0.623654 0.543848
threshold=0.042023658091660969 -0.0065532410594466564 -0.0098002246374394569 0.044154480778802359 -0.0037291046787226718
decision_type=2 2 2 2 2
left_child=1 -1 -3 4 -4
right_child=-2 2 3 -5 -6
leaf_value=-0.015168250371473742 0.011489638882192812 -0.013278106756406755 0.024937272925732668 -0.013570278904275417 0.0031893087231820542
leaf_weight=3.8852109238505355 4.0550947189331046 4.9917219541966942 3.4012691006064477 4.6664020717144004 18.565139878541231
leaf_count=28 25 30 24 30 113
internal_value=5.26494e-05 -0.00125342 0.000456081 0.00303025 0.00655675
internal_weight=39.5648 35.5097 31.6245 26.6328 21.9664
internal_count=250 225 197 167 137
is_linear=0
shrinkage=0.05


Tree=423
num_leaves=8
num_cat=0
split_feature=1 10 0 21 21 20 3
split_gain=0.221084 0.453193 0.480576 0.584827 0.875187 0.536265 0.521854
threshold=-0.03564531815114768 -0.0099782859641256473 -0.0049156172271392897 -0.0013036609250813289 -0.0022840014219216993 0.029782552562043322 0.020567161413109551
decision_type=2 2 2 2 2 2 2
left_child=-1 -2 6 4 -4 -5 -3
right_child=1 2 3 5 -6 -7 -8
leaf_value=0.012832136562919233 -0.018124554908335103 0.0049172889256924278 0.0043148028528454327 0.019619817429742156 -0.025856262597168497 -0.0024365953448898629 -0.022763205428231632
leaf_weight=3.0375324115157118 3.5650107106193891 2.9780647233128574 9.1061414200812578 7.7971278913319093 3.2655294686555871 4.2622709982097149 3.9759869463741779
leaf_count=21 29 20 62 46 16 29 27
internal_value=-0.000106582 -0.00123109 0.000687823 0.00398876 -0.00364892 0.0118242 -0.0109091
internal_weight=37.9877 34.9501 31.3851 24.4311 12.3717 12.0594 6.95405
internal_count=250 229 200 153 78 75 47
is_linear=0
shrinkage=0.05


Tree=424
num_leaves=8
num_cat=0
split_feature=19 11 17 17 17 33 24
split_gain=0.0814095 0.153953 0.160095 0.386917 0.19412 0.118251 0.110414
threshold=0.048532599561474606 3347.1900000000005 -0.0065871925413131622 0.0010131506301241267 0.0025335113475300187 0.58500000000000008 -0.0079996616767286626
decision_type=2 2 2 2 2 2 2
left_child=1 5 -3 -4 -5 -1 -2
right_child=6 2 3 4 -6 -7 -8
leaf_value=-0.034307184364095161 0.014060947836307442 0.028028469956475406 -0.034056206928374876 0.031375066113780332 0.00023391746081187549 0.0060352649870912441 -0.033884603560565198
leaf_weight=0.44418411789229129 0.18019760376773775 0.72635135671589557 0.5953750942135233 0.78175259521231089 1.3905958341201765 0.30731862032553181 0.3599211336695588
leaf_count=28 11 23 35 11 69 34 39
internal_value=0.000394745 0.00272075 0.0071364 0.00165356 0.0114405 -0.0178096 -0.0178887
internal_weight=4.7857 4.24558 3.49407 2.76772 2.17235 0.751503 0.540119
internal_count=250 200 138 115 80 62 50
is_linear=0
shrinkage=0.05


Tree=425
num_leaves=6
num_cat=0
split_feature=16 3 7 21 13
split_gain=0.222115 0.419239 0.396556 0.769683 0.493256
threshold=0.034983122722560316 0.10043160256045515 3334.7049926757818 -0.0032239439693927392 61.192740138061289
decision_type=2 2 2 2 2
left_child=1 2 -1 -4 -5
right_child=-2 -3 3 4 -6
leaf_value=0.015516632854032 0.0088504709812579022 -0.018913653237561907 0.01794435304529482 -0.011530377700874435 0.0037264481437793758
leaf_weight=3.7333815526217249 6.0700239092111579 3.1474500745534888 4.1247897520661381 13.562044657766821 8.6935795769095403
leaf_count=28 34 20 29 84 55
internal_value=5.49095e-05 -0.00155024 0.000264559 -0.00189393 -0.0055707
internal_weight=39.3313 33.2612 30.1138 26.3804 22.2556
internal_count=250 216 196 168 139
is_linear=0
shrinkage=0.05


Tree=426
num_leaves=7
num_cat=0
split_feature=18 16 29 18 27 19
split_gain=0.212193 0.425023 0.496812 0.532439 0.73467 0.574697
threshold=1.3163298153540046 0.034983122722560316 -0.0049334636697149761 -0.38515544846301492 -0.014721517926501447 -0.018419264408128074
decision_type=2 2 2 2 2 2
left_child=1 2 -1 5 -5 -4
right_child=-2 -3 3 4 -6 -7
leaf_value=0.014446852568832193 0.009949951794760329 -0.017220499843506317 -0.0062071955909467069 0.010748944926728241 -0.015585968551389724 0.017620472085158548
leaf_weight=5.2695799693465259 4.6112496741116038 3.8047342821955672 4.8558160625398159 3.5579038970172414 10.358942291233685 5.2845280580222624
leaf_count=34 26 23 31 24 76 36
internal_value=-9.92091e-05 -0.00149785 0.000541938 -0.00250385 -0.00885333 0.00621033
internal_weight=37.7428 33.1315 29.3268 24.0572 13.9168 10.1403
internal_count=250 224 201 167 100 67
is_linear=0
shrinkage=0.05


Tree=427
num_leaves=11
num_cat=0
split_feature=4 4 27 18 32 31 23 27 16 4
split_gain=0.0795355 0.165791 0.215234 0.217712 0.162954 0.107526 1.83121e-05 1.19738e-05 7.09771e-07 3.7171e-08
threshold=0.014488256729574924 0.012470654677532382 0.0014402012732867011 0.23664453570528929 -0.22015684714245229 -0.1722313526800402 0.0053002131135493355 0.031370949481721484 0.024157688573911984 0.019620937465375864
decision_type=2 2 2 2 2 2 2 2 2 2
left_child=1 2 5 -4 7 -1 -7 8 -2 -10
right_child=4 -3 3 -5 -6 6 -8 -9 9 -11
leaf_value=0.000781054644075995 -0.033573505426233413 0.021036698500359805 -0.010415951232904683 0.025271538635463359 0.0065116729222552631 -0.033748230790092995 -0.034292428715531419 -0.03412626037153918 -0.03344486458303985 -0.033380605357753716
leaf_weight=0.34572693146765243 0.2666234978241846 1.0105826717335729 0.83132249210029818 0.87945821043103933 0.54693172307452165 0.33513065578881718 0.28693923121318221 0.1114149471395649 0.043027964187785983 0.047182274574879557
leaf_count=12 34 24 33 18 32 31 11 14 13 28
internal_value=0.000369751 0.00378018 -0.00273042 0.00792986 -0.0120237 -0.0215747 -0.0339993 -0.0336738 -0.0335325 -0.0334113
internal_weight=4.70434 3.68916 2.67858 1.71078 1.01518 0.967797 0.62207 0.468249 0.356834 0.0902102
internal_count=250 129 105 51 121 54 42 89 75 41
is_linear=0
shrinkage=0.05


Tree=428
num_leaves=9
num_cat=0
split_feature=28 19 22 27 1 28 17 19
split_gain=0.223558 0.286071 0.494432 0.351024 0.471085 0.683455 0.575701 0.434521
threshold=0.098565230738145729 -0.054805799949304061 -0.0038781620359074616 -0.0081993809289979663 0.019119769836520976 0.028933030695949661 0.0087762635899276912 0.02074166080827811
decision_type=2 2 2 2 2 2 2 2
left_child=1 2 -1 7 5 -5 -6 -3
right_child=-2 3 -4 4 6 -7 -8 -9
leaf_value=-0.004536521166865648 -0.012693095728829691 -0.018306619800836445 0.022756240122169966 0.003889607151140425 0.024675850813209915 -0.021083207747658646 -0.0037995995587802155 0.0057485774176901303
leaf_weight=3.0146285146474838 3.1624372452497473 5.2749324552714842 3.6912506502121678 9.929687939584257 4.2310485765337935 3.7837861627340308 3.0577689483761787 2.9145600274205208
leaf_count=17 21 33 30 64 26 19 19 21
internal_value=5.1331e-05 0.00117406 0.0104868 -0.000965236 0.00245853 -0.00300083 0.01273 -0.00974561
internal_weight=39.0601 35.8977 6.70588 29.1918 21.0023 13.7135 7.28882 8.18949
internal_count=250 229 47 182 128 83 45 54
is_linear=0
shrinkage=0.05


Tree=429
num_leaves=11
num_cat=0
split_feature=22 20 22 19 1 8 20 22 20 23
split_gain=0.211475 0.506779 0.575432 0.459562 0.460408 0.666204 0.725317 0.309995 0.415608 0.22843
threshold=-0.0032460251132191416 0.025441883310397099 -0.0056180986360817578 0.0094030112652686588 -0.011689987496305674 0.01994867391397084 0.0012316468289991225 0.0033177758749288748 0.066771588266922657 -0.0031390389992162477
decision_type=2 2 2 2 2 2 2 2 2 2
left_child=1 2 9 4 -2 6 -6 -5 -9 -1
right_child=3 -3 -4 7 5 -7 -8 8 -10 -11
leaf_value=0.0030095054398675382 0.018285623571340996 0.022359826801733051 0.01852363523078179 -0.021402642944376618 -0.029837011361708295 0.017482190355423054 0.0038819190189478092 0.010859922128251518 -0.016332976404664402 -0.01362377541461085
leaf_weight=3.4702814370393735 3.5987017531879237 3.1453482732176772 3.012255296111106 4.2604241110384447 2.9641307629644889 2.8147043809294701 3.4524314785376191 2.6546854972839355 2.985152255743742 5.0941152032464743
leaf_count=24 26 18 16 30 24 18 22 18 22 32
internal_value=-0.000105949 0.00456257 -0.000272906 -0.00312967 0.00311559 -0.00279827 -0.0116945 -0.011223 -0.00353321 -0.00688399
internal_weight=37.4522 14.722 11.5767 22.7302 12.83 9.23127 6.41656 9.90026 5.63984 8.5644
internal_count=250 90 72 160 90 64 46 70 40 56
is_linear=0
shrinkage=0.05


Tree=430
num_leaves=12
num_cat=0
split_feature=16 24 16 1 24 20 6 22 28 33 18
split_gain=0.0784979 0.16962 0.143424 0.14167 0.112427 0.149177 0.0907553 4.39869e-06 3.16157e-06 1.01893e-06 4.71751e-07
threshold=0.017851990527882125 -0.0026151902425762814 0.01394624661794828 0.01857427860085992 -0.0046641730588430344 -0.20934866581315201 0.92934876811335898 -0.0062940426726996726 0.034849967132094768 0.53000000000000014 -0.34945866689697036
decision_type=2 2 2 2 2 2 2 2 2 2 2
left_child=2 4 3 -1 5 -2 -4 -3 -7 -9 -11
right_child=1 7 6 -5 -6 8 -8 9 -10 10 -12
leaf_value=-0.033779468037794524 0.03048142613792015 -0.033942127673406403 -0.0018066703502128221 0.00293063627678202 0.027522501143006112 -0.033474582939931712 0.018899582825936581 -0.033705398507561872 -0.03381666006579951 -0.033599942885751279 -0.033462228205364833
leaf_weight=0.40884536347584821 0.13563485711347312 0.11141710390802451 0.82490712695289437 0.73579945904202759 0.30926637514494337 0.15374607092235237 1.4761583572253583 0.11664343683514766 0.12047227076254785 0.11648350564064436 0.13340628155856415
leaf_count=35 4 10 26 25 8 40 25 11 10 18 38
internal_value=0.000449868 -0.0105805 0.00428191 -0.0101815 0.00476356 -0.0124098 0.0114766 -0.033667 -0.0336249 -0.0335834 -0.0335264
internal_weight=4.64278 1.19707 3.44571 1.14464 0.71912 0.409853 2.30107 0.47795 0.274218 0.366533 0.24989
internal_count=250 139 111 60 62 54 51 77 50 67 56
is_linear=0
shrinkage=0.05


Tree=431
num_leaves=7
num_cat=0
split_feature=16 16 20 32 3 28
split_gain=0.224542 0.378843 0.329717 0.470559 0.578595 0.385104
threshold=0.010491242468589951 0.013121764657758977 0.088356501377166899 -0.22015684714245229 0.10475743092017532 0.016165889978545404
decision_type=2 2 2 2 2 2
left_child=-1 -2 3 4 -3 -4
right_child=1 2 5 -5 -6 -7
leaf_value=0.011860766087574802 -0.015240870336444834 0.0058944561358395004 0.021246346277735344 -0.014394919403327178 -0.017777458477177883 -0.0032199143616122431
leaf_weight=3.6447913348674765 4.2141182981431475 15.454890016466384 3.7283505760133258 5.7823533993214395 3.0989581346511832 2.8285551629960537
leaf_count=21 27 104 27 37 17 17
internal_value=4.84973e-05 -0.00117784 0.000740495 -0.00194073 0.00194065 0.010692
internal_weight=38.752 35.1072 30.8931 24.3362 18.5538 6.55691
internal_count=250 229 202 158 121 44
is_linear=0
shrinkage=0.05


Tree=432
num_leaves=10
num_cat=0
split_feature=0 18 32 13 33 16 19 20 15
split_gain=0.20808 0.389749 0.484634 0.416739 0.216467 0.438753 0.743053 0.291734 0.268239
threshold=-0.00033551514938506827 0.1356182751407122 -0.52354147888310276 56.619846137036255 0.90500000000000014 0.013700416979847934 -0.018419264408128074 -0.013468280417726462 0.01967247212534011
decision_type=2 2 2 2 2 2 2 2 2
left_child=1 3 -3 -1 5 7 -7 -2 -8
right_child=4 2 -4 -5 -6 6 8 -9 -10
leaf_value=-0.026553250793257262 -0.00033008638010133219 0.017435711162663643 -0.0080783379084065059 -0.0018304094382359691 0.012450643268520819 0.013783212521891739 -0.021590448957245573 0.020645141905848461 -0.0028988331719596253
leaf_weight=3.2174608502536994 3.1802375242114067 3.2912587597966194 4.2835674807429314 3.6249706484377384 4.6838740259408942 3.4595552235841769 4.7120019141584599 3.462694972753531 3.2386680990457535
leaf_count=30 19 18 33 24 28 24 33 21 20
internal_value=-0.000106889 -0.0048059 0.00300751 -0.0134556 0.00287269 0.000387703 -0.00555982 0.0106035 -0.0139765
internal_weight=37.1543 14.4173 7.57483 6.84243 22.737 18.0532 11.4102 6.64293 7.95067
internal_count=250 105 51 54 145 117 77 40 53
is_linear=0
shrinkage=0.05


Tree=433
num_leaves=9
num_cat=0
split_feature=19 11 17 17 17 33 16 30
split_gain=0.0758517 0.142698 0.143507 0.360192 0.182996 0.113748 0.0976553 1.74679e-05
threshold=0.048532599561474606 3347.1900000000005 -0.0065871925413131622 0.0010131506301241267 0.0025335113475300187 0.58500000000000008 0.012143588121561912 0.0067993525455957169
decision_type=2 2 2 2 2 2 2 2
left_child=1 5 -3 -4 -5 -1 -2 -8
right_child=6 2 3 4 -6 -7 7 -9
leaf_value=-0.034272573129692653 0.011980875602962659 0.027285034836437447 -0.034009181107488254 0.031088164337189517 0.0002618092361966768 0.0062497163005650622 -0.033522189049060881 -0.034252048419870181
leaf_weight=0.4204576039337552 0.17912157357204694 0.69317750766640562 0.55696831509703804 0.74676686432212624 1.3549818810424765 0.29446464378270321 0.18131222890224308 0.14963520225137472
leaf_count=28 7 23 35 11 69 34 38 5
internal_value=0.000418317 0.0026979 0.0070234 0.00174081 0.0112146 -0.0175821 -0.0177569 -0.0338522
internal_weight=4.57689 4.06682 3.35189 2.65872 2.10175 0.714922 0.510069 0.330947
internal_count=250 200 138 115 80 62 50 43
is_linear=0
shrinkage=0.05


Tree=434
num_leaves=7
num_cat=0
split_feature=16 16 20 32 32 28
split_gain=0.203474 0.35434 0.304267 0.442133 0.550456 0.36501
threshold=0.010491242468589951 0.013121764657758977 0.088356501377166899 -0.22015684714245229 -0.50866616232016959 0.016165889978545404
decision_type=2 2 2 2 2 2
left_child=-1 -2 3 4 -3 -4
right_child=1 2 5 -5 -6 -7
leaf_value=0.011366788481880302 -0.014778417761467053 -0.0059478129729308056 0.020734663096434344 -0.013964474092721058 0.01140011008670766 -0.0031935141304694371
leaf_weight=3.602013871073722 4.1768818832933894 10.064503725618129 3.675181630998849 5.7321026585996178 8.3799305856227857 2.8141504339873791
leaf_count=21 27 63 27 37 58 17
internal_value=5.35e-05 -0.00111606 0.00074484 -0.00183548 0.00193394 0.010358
internal_weight=38.4448 34.8428 30.6659 24.1765 18.4444 6.48933
internal_count=250 229 202 158 121 44
is_linear=0
shrinkage=0.05


Tree=435
num_leaves=7
num_cat=0
split_feature=1 10 3 0 15 3
split_gain=0.207309 0.437896 0.465483 0.804759 0.684718 0.650543
threshold=-0.03564531815114768 -0.0099782859641256473 0.016398422773980407 -0.004441307962451845 0.022541552720463241 -0.0091855204346509827
decision_type=2 2 2 2 2 2
left_child=-1 -2 5 -4 -5 -3
right_child=1 2 3 4 -6 -7
leaf_value=0.012598147474490427 -0.018082949095316637 -0.0040169675968958728 -0.023265672616198146 -0.0052938479469839296 0.016268115670128504 0.022675069157316693
leaf_weight=2.9545780457556239 3.4541724883019915 4.3083913624286652 4.0974110648967352 11.878195604309441 5.3359177373349658 4.8551099300384539
leaf_count=21 29 26 29 83 33 29
internal_value=-0.000104685 -0.00121086 0.0007015 -0.00335054 0.00138979 0.0101253
internal_weight=36.8838 33.9292 30.475 21.3115 17.2141 9.1635
internal_count=250 229 200 145 116 55
is_linear=0
shrinkage=0.05


Tree=436
num_leaves=11
num_cat=0
split_feature=4 4 27 18 19 21 27 3 27 23
split_gain=0.077312 0.151556 0.20271 0.205143 0.148046 0.109115 0.0794169 0.111313 9.29002e-06 2.28765e-07
threshold=0.014488256729574924 0.012470654677532382 0.0014402012732867011 0.23664453570528929 0.011424485563714228 -0.002026978138577384 -0.015944284671941197 -0.090284711171275386 0.031370949481721484 0.0025662273129757334
decision_type=2 2 2 2 2 2 2 2 2 2
left_child=1 2 5 -4 8 -1 -6 -8 9 -2
right_child=4 -3 3 -5 6 -7 7 -9 -10 -11
leaf_value=0.0021034177583062782 -0.033491919891170611 0.020606526474555447 -0.01036087478894622 0.024950317128529576 0.031311203175424449 -0.033967692086188987 0.025396695342231129 -0.033662709229771784 -0.034034537173896616 -0.033578943825489115
leaf_weight=0.32267554657300968 0.15561425569467235 0.97468000405933697 0.79306018259376265 0.85447838285472244 0.19237225851975381 0.59857177943922624 0.1364314965903759 0.19214727330836467 0.13381082250270993 0.14671999413985759
leaf_count=20 38 24 33 18 7 34 5 38 10 23
internal_value=0.000413616 0.00381945 -0.0025501 0.0079529 -0.0121958 -0.0213334 0.00579732 -0.00914024 -0.0336877 -0.0335342
internal_weight=4.50056 3.54347 2.56879 1.64754 0.957096 0.921247 0.520951 0.328579 0.436145 0.302334
internal_count=250 129 105 51 121 54 50 43 71 61
is_linear=0
shrinkage=0.05


Tree=437
num_leaves=6
num_cat=0
split_feature=31 31 16 18 18
split_gain=0.205949 0.343284 0.417657 0.650778 0.397914
threshold=-0.35353985681262218 -0.24153905750803426 0.034983122722560316 -0.89008060761719032 0.12958122386108403
decision_type=2 2 2 2 2
left_child=-1 -2 3 -3 -5
right_child=1 2 -4 4 -6
leaf_value=0.012467067587857069 -0.017809199463889095 -0.022371089926523376 0.013062897296740622 0.0072736128041546557 -0.0057731960415263574
leaf_weight=3.0717169120907775 2.8059697225689879 3.4609678387641898 5.4355143532156935 11.887507036328321 11.495645573362706
leaf_count=21 21 24 32 76 76
internal_value=5.24062e-05 -0.00103449 0.000423687 -0.00213556 0.000859529
internal_weight=38.1573 35.0856 32.2796 26.8441 23.3832
internal_count=250 229 208 176 152
is_linear=0
shrinkage=0.05


Tree=438
num_leaves=7
num_cat=0
split_feature=1 10 3 0 15 3
split_gain=0.200057 0.411293 0.431614 0.747525 0.64705 0.617488
threshold=-0.03564531815114768 -0.0099782859641256473 0.016398422773980407 -0.004441307962451845 0.022541552720463241 -0.0091855204346509827
decision_type=2 2 2 2 2 2
left_child=-1 -2 5 -4 -5 -3
right_child=1 2 3 4 -6 -7
leaf_value=0.01238583162305399 -0.017648419517286146 -0.0039872417803036896 -0.022601574423035502 -0.0051799679052121315 0.015859255990745273 0.022108914479527744
leaf_weight=2.9511659778654566 3.4116435111500314 4.2985290512442589 4.0381301050074425 11.84150921367109 5.2856222763657561 4.7959248796105403
leaf_count=21 29 26 29 83 33 29
internal_value=-9.67916e-05 -0.00119085 0.00066467 -0.0032497 0.00131297 0.00977446
internal_weight=36.6225 33.6714 30.2597 21.1653 17.1271 9.09445
internal_count=250 229 200 145 116 55
is_linear=0
shrinkage=0.05


Tree=439
num_leaves=12
num_cat=0
split_feature=16 24 16 1 24 3 2 21 28 33 22
split_gain=0.0747484 0.155651 0.133895 0.129701 0.107142 0.132165 0.0887217 3.62311e-06 2.52085e-06 7.95154e-07 4.10998e-07
threshold=0.017851990527882125 -0.0026151902425762814 0.01394624661794828 0.01857427860085992 -0.0046641730588430344 -0.090284711171275386 0.014386357429077458 -0.0031141991286803834 0.034849967132094768 0.53000000000000014 0.0082048974914769052
decision_type=2 2 2 2 2 2 2 2 2 2 2
left_child=2 4 3 -1 5 -2 -4 -3 -7 -9 -11
right_child=1 7 6 -5 -6 8 -8 9 -10 10 -12
leaf_value=-0.033746922741331196 0.029592943902196623 -0.033897793190009955 0.021115466775054586 0.0023922726382866609 0.027111223046189559 -0.033468135184432507 0.0010968270607004174 -0.03368002580111245 -0.033787418965857401 -0.033460729106039401 -0.033597700471788117
leaf_weight=0.38105938170338072 0.12226147763431072 0.11144439532654338 1.1155609944835307 0.71246393769979477 0.29279741889331468 0.1516407742165029 1.0984844749327747 0.1089062581304463 0.10436961898813024 0.13627549790544435 0.091566303570289165
leaf_count=35 2 12 21 25 8 42 30 11 10 40 14
internal_value=0.000333861 -0.0108351 0.00411337 -0.0102011 0.00440291 -0.0131742 0.0111833 -0.0336507 -0.0335983 -0.0335689 -0.0335158
internal_weight=4.42683 1.11926 3.30757 1.09352 0.671069 0.378272 2.21405 0.448192 0.25601 0.336748 0.227842
internal_count=250 139 111 60 62 54 51 77 52 65 54
is_linear=0
shrinkage=0.05


Tree=440
num_leaves=9
num_cat=0
split_feature=18 10 13 13 17 29 20 22
split_gain=0.210074 0.398484 0.34635 0.668465 0.661439 0.561037 0.43776 0.335669
threshold=0.85043777353026295 -0.018403236001468419 59.140216943235949 56.33644635439115 0.0020369556556761362 -0.00020256336495405589 -0.039594974019638011 -0.0038781620359074616
decision_type=2 2 2 2 2 2 2 2
left_child=1 -1 3 4 -3 -4 -7 -2
right_child=7 2 5 -5 -6 6 -8 -9
leaf_value=0.019382390798563277 -0.019275078218915883 0.010783317731199818 -0.0084420924144394723 -0.025641026659543438 -0.014228701295933023 0.0023666271388131221 0.02515493092769145 0.0015003227404958861
leaf_weight=2.963781755417588 3.3284563273191452 6.4296562746167201 4.4133993685245505 3.1511289104819289 4.4883748963475227 4.2900402732193461 4.1422470994293681 4.6751548051834089
leaf_count=26 20 43 28 19 29 29 29 27
internal_value=5.45586e-05 0.00198164 6.55267e-05 -0.00535419 0.00050094 0.00600143 0.0135611 -0.00713953
internal_weight=37.8822 29.8786 26.9148 14.0692 10.918 12.8457 8.43229 8.00361
internal_count=250 203 177 91 72 86 58 47
is_linear=0
shrinkage=0.05


Tree=441
num_leaves=10
num_cat=0
split_feature=31 22 20 15 22 28 16 30 21
split_gain=0.223804 0.302082 0.496028 0.585982 0.457028 0.461426 0.552708 0.487666 0.32635
threshold=-0.35353985681262218 -0.0024115571994817171 0.02048037076021603 0.016465154815841442 -0.001409224330561065 -0.0044504972991431515 0.024914742219005224 0.0053982839556513404 -0.00061647896028110816
decision_type=2 2 2 2 2 2 2 2 2
left_child=-1 2 3 -2 -3 7 -7 -6 -5
right_child=1 4 -4 8 5 6 -8 -9 -10
leaf_value=-0.013456606494587624 0.019873750152660734 -0.021700132271799271 0.023617538368332452 -0.017884880971462409 -0.022925248998956139 0.015450648028395917 -0.0067312324418856376 0.0054358360329614863 0.0042382324780677223
leaf_weight=2.8837370220571747 2.9362814947962743 2.7461919002234927 3.3456090018153182 3.3673154041171065 3.5419670045375851 6.6862147874198872 4.8419229090213776 2.6495159808546305 3.3012652248144159
leaf_count=21 18 21 20 22 31 47 32 18 20
internal_value=-9.21342e-05 0.00106118 0.00703739 0.00126211 -0.00272047 0.000221004 0.00613406 -0.0107887 -0.00693289
internal_weight=36.3 33.4163 12.9505 9.60486 20.4658 17.7196 11.5281 6.19148 6.66858
internal_count=250 229 80 60 149 128 79 49 42
is_linear=0
shrinkage=0.05


Tree=442
num_leaves=12
num_cat=0
split_feature=4 4 27 18 19 22 27 3 28 27 23
split_gain=0.0739549 0.142569 0.193104 0.189589 0.137402 0.106514 0.0736835 0.101899 1.07763e-05 8.83348e-06 2.04716e-07
threshold=0.014488256729574924 0.012470654677532382 0.0014402012732867011 0.23664453570528929 0.011424485563714228 -0.0082696036241187692 -0.015944284671941197 -0.090284711171275386 0.013741136827047919 0.031370949481721484 0.0025662273129757334
decision_type=2 2 2 2 2 2 2 2 2 2 2
left_child=1 2 5 -4 9 -1 -6 -8 -7 10 -2
right_child=4 -3 3 -5 6 8 7 -9 -10 -11 -12
leaf_value=0.0022170219595010858 -0.033483201998156333 0.020147938048917017 -0.010016607694691891 0.024358653984814054 0.030625126029647221 -0.033692251136629679 0.024793046345947714 -0.033641209704154754 -0.034126625139171168 -0.034023273765583742 -0.03356798913319687
leaf_weight=0.31476281909272108 0.14659178681904439 0.94505484052933741 0.77670522965490796 0.82946131296921521 0.18242596613708884 0.33257182582747236 0.1271943892352283 0.18044749234104529 0.25020904280245304 0.12883510411484167 0.13841189729282632
leaf_count=9 38 24 33 18 7 34 5 38 11 10 23
internal_value=0.000264524 0.00360113 -0.00264465 0.00773557 -0.012466 -0.0212202 0.00544799 -0.00948159 -0.0338787 -0.0336797 -0.0335244
internal_weight=4.35267 3.44877 2.50371 1.60617 0.903907 0.897544 0.490068 0.307642 0.582781 0.413839 0.285004
internal_count=250 129 105 51 121 54 50 43 45 71 61
is_linear=0
shrinkage=0.05


Tree=443
num_leaves=6
num_cat=0
split_feature=16 16 20 30 22
split_gain=0.215835 0.408651 0.296289 1.06896 0.782119
threshold=0.010795918249056959 0.013121764657758977 -0.10113077917364348 0.012121920221580431 -0.0067090732066747419
decision_type=2 2 2 2 2
left_child=-1 -2 -3 4 -4
right_child=1 2 3 -5 -6
leaf_value=0.011027259409232005 -0.01719565001690004 -0.010013914606372853 -0.019757866496952294 0.031244718616571094 0.0039131853281746554
leaf_weight=4.0061306282877913 3.5888676680624476 5.3424570225179222 4.3724758811295095 2.9441173262894145 17.282837461680174
leaf_count=24 24 39 28 19 116
internal_value=5.84249e-05 -0.00125209 0.000658922 0.00297683 -0.000866293
internal_weight=37.5369 33.5308 29.9419 24.5994 21.6553
internal_count=250 226 202 163 144
is_linear=0
shrinkage=0.05


Tree=444
num_leaves=10
num_cat=0
split_feature=31 22 20 15 22 28 16 30 31
split_gain=0.213546 0.272797 0.463264 0.549608 0.42923 0.430969 0.517515 0.466964 0.369746
threshold=-0.35353985681262218 -0.0024115571994817171 0.02048037076021603 0.016465154815841442 -0.001409224330561065 -0.0044504972991431515 0.024914742219005224 0.0053982839556513404 0.1533453389458572
decision_type=2 2 2 2 2 2 2 2 2
left_child=-1 2 3 -2 -3 7 -7 -6 -5
right_child=1 4 -4 8 5 6 -8 -9 -10
leaf_value=-0.013166160235856393 0.019275056832766188 -0.021104177009473583 0.022919848549837193 0.0060641240157954454 -0.022422002434113408 0.015058551445180812 -0.0064476631883800392 0.0054570288393454534 -0.017653942699298691
leaf_weight=2.8712530527263871 2.9113270342349988 2.7041545361280432 3.2945453003048888 3.031324565410614 3.4879733808338669 6.6466939439997095 4.8299745917320251 2.6379503309726715 3.5882573798298836
leaf_count=21 18 21 20 20 31 47 32 18 22
internal_value=-8.54047e-05 0.00104818 0.00675702 0.00117003 -0.00255745 0.00029175 0.00600763 -0.0104167 -0.00679266
internal_weight=36.0035 33.1322 12.8255 9.53091 20.3067 17.6026 11.4767 6.12592 6.61958
internal_count=250 229 80 60 149 128 79 49 42
is_linear=0
shrinkage=0.05


Tree=445
num_leaves=10
num_cat=0
split_feature=21 27 31 32 0 2 0 27 31
split_gain=0.0728507 0.222174 0.185816 0.263095 0.130753 0.125975 0.117057 2.70129e-05 1.12919e-05
threshold=0.0041349393947776045 0.012944509153066221 0.16553909846338141 -0.76274158030902617 0.0005742204483144554 0.0011401922588790694 0.0027414873563184066 0.031370949481721484 0.52096152289351549
decision_type=2 2 2 2 2 2 2 2 2
left_child=1 2 4 -4 5 -1 -6 -3 -5
right_child=-2 7 3 8 6 -7 -8 -9 -10
leaf_value=0.01604905729823608 0.014551286662261034 -0.033673404521755636 0.0220752557760273 -0.033768228256548981 0.036390907661970173 -0.03394627809023229 0.0077854668332300028 -0.03441752441206361 -0.034192671753339052
leaf_weight=0.22949808347039047 0.7316564648062921 0.2624380379274952 0.30889970972202718 0.39075370784848917 0.54890480544418085 0.27938508155057207 1.0263446907338218 0.22785103970090859 0.26160781388171017
leaf_count=14 34 36 17 38 5 26 52 16 12
internal_value=0.000190063 -0.00278178 0.00224725 -0.0159385 0.0106351 -0.0113992 0.0177532 -0.0340192 -0.0339384
internal_weight=4.26734 3.53568 3.04539 0.961261 2.08413 0.508883 1.57525 0.490289 0.652362
internal_count=250 216 164 67 97 40 57 52 50
is_linear=0
shrinkage=0.05


Tree=446
num_leaves=9
num_cat=0
split_feature=28 19 22 27 1 28 17 22
split_gain=0.205091 0.28941 0.436112 0.302875 0.452346 0.613177 0.514632 0.413166
threshold=0.098565230738145729 -0.054805799949304061 -0.0038781620359074616 -0.0081993809289979663 0.019119769836520976 0.028933030695949661 0.0087762635899276912 -0.00045884765114767573
decision_type=2 2 2 2 2 2 2 2
left_child=1 2 -1 7 5 -5 -6 -3
right_child=-2 3 -4 4 6 -7 -8 -9
leaf_value=-0.0037795074729013614 -0.012441068793087075 -0.021508586779872278 0.022512576336028958 0.0034332363942597721 0.024108425533507151 -0.020755791052080651 -0.0034876552255118606 0.001547363744436477
leaf_weight=2.8508251272141933 3.0147699266672126 3.7011736109852791 3.5303506366908541 9.4754411093890685 4.0285430178046218 3.6211628541350356 2.9096497222781181 4.090764261782172
leaf_count=17 21 26 30 64 26 19 19 28
internal_value=6.08179e-05 0.00116262 0.0107664 -0.00103971 0.00221341 -0.00325494 0.0125355 -0.00940422
internal_weight=37.2227 34.2079 6.38118 27.8267 20.0348 13.0966 6.93819 7.79194
internal_count=250 229 47 182 128 83 45 54
is_linear=0
shrinkage=0.05


Tree=447
num_leaves=10
num_cat=0
split_feature=31 22 20 15 22 28 23 31 13
split_gain=0.197621 0.252129 0.442743 0.514406 0.404808 0.402584 0.545521 0.351914 0.237515
threshold=-0.35353985681262218 -0.0024115571994817171 0.02048037076021603 0.016465154815841442 -0.001409224330561065 0.016165889978545404 0.0047532699056348502 0.1533453389458572 51.186126329364562
decision_type=2 2 2 2 2 2 2 2 2
left_child=-1 2 3 -2 -3 6 -6 -5 -7
right_child=1 4 -4 7 5 8 -8 -9 -10
leaf_value=-0.012715153550635362 0.01868142117602449 -0.02063325011294638 0.022456061817403738 0.0059006480404246373 0.00068142631156054392 0.019974281151608032 -0.0257935464542281 -0.017320628433373578 0.0016360502521502946
leaf_weight=2.8523655254393807 2.8773587569594365 2.6631113458424798 3.2456005364656439 3.0141317620873451 7.5851987432688528 3.0317923277616492 2.6170259276404977 3.5569660700857639 4.2281559631228447
leaf_count=21 18 21 20 20 54 24 21 22 29
internal_value=-9.14502e-05 0.00100569 0.00652376 0.00105092 -0.00247484 0.000294449 -0.00610981 -0.00666914 0.00929419
internal_weight=35.6717 32.8193 12.6941 9.44846 20.1253 17.4622 10.2022 6.5711 7.25995
internal_count=250 229 80 60 149 128 75 42 53
is_linear=0
shrinkage=0.05


Tree=448
num_leaves=12
num_cat=0
split_feature=15 27 22 0 30 21 3 4 9 16 33
split_gain=0.0718237 0.214834 0.116569 0.312339 0.108418 0.270651 0.104435 9.46116e-06 4.09576e-06 3.67787e-06 2.40651e-07
threshold=0.01967247212534011 -0.015419140363013171 -0.0012629562516405788 -0.0078349671388439606 0.0030269241125201467 0.001025673809258443 -0.090284711171275386 0.0092950779477247222 4090.6299743652348 0.018131508886470225 0.79500000000000015
decision_type=2 2 2 2 2 2 2 2 2 2 2
left_child=2 -2 4 -4 -1 -6 -3 -5 10 -10 -8
right_child=1 6 3 7 5 -7 8 -9 9 -11 -12
leaf_value=0.025629117807356352 0.017424065577410785 0.012826365662933135 0.032951964033193414 -0.033651677607956225 -0.021281938326627437 0.023597654049187941 -0.033537213353041655 -0.034075689793416929 -0.033888879854577544 -0.033615269258965123 -0.033417226354402946
leaf_weight=0.76937115518376309 0.46420494967605896 0.14747199695557334 0.26082496205344796 0.24241603130940337 0.64481010194867827 0.70129063818603754 0.086469687405042572 0.28769623819971457 0.27192133758217096 0.22399252973264083 0.080872292368439957
leaf_count=13 26 7 4 28 32 12 15 19 15 42 37
internal_value=0.000193851 -0.00970035 0.00453407 -0.0118422 0.0106569 0.0020994 -0.0252312 -0.0338818 -0.0336931 -0.0337653 -0.0334792
internal_weight=4.18134 1.27493 2.90641 0.790937 2.11547 1.3461 0.810728 0.530112 0.663256 0.495914 0.167342
internal_count=250 142 108 51 57 44 116 47 109 57 52
is_linear=0
shrinkage=0.05


Tree=449
num_leaves=6
num_cat=0
split_feature=31 31 31 18 16
split_gain=0.264084 0.343767 0.398866 0.318082 0.495185
threshold=-0.37133263744524581 -0.24153905750803426 -0.18551446331390589 1.3163298153540046 0.034983122722560316
decision_type=2 2 2 2 2
left_child=-1 -2 -3 4 -4
right_child=1 2 3 -5 -6
leaf_value=0.015633721726660089 -0.016824829970633472 0.019275786166939788 -0.0019426457296809205 -0.015283859212322577 0.018921562716256099
leaf_weight=2.5369458198547354 3.1501732356846324 2.595013219863179 21.818563580513008 3.5147338770329943 3.2700451165437689
leaf_count=18 24 18 147 22 21
internal_value=6.64658e-05 -0.00108332 0.000506144 -0.00119672 0.000776792
internal_weight=36.8855 34.3485 31.1984 28.6033 25.0886
internal_count=250 232 208 190 168
is_linear=0
shrinkage=0.05


Tree=450
num_leaves=9
num_cat=0
split_feature=0 22 2 17 34 14 10 13
split_gain=0.189573 0.371212 0.411016 0.400322 0.277165 0.71915 0.562051 0.678495
threshold=-0.00033551514938506827 0.0065591886787134132 0.033333027154259794 -0.010768417581573804 0.24628981718251367 0.61840987790191393 0.027349606116931994 66.472043218511914
decision_type=2 2 2 2 2 2 2 2
left_child=1 2 3 -1 -2 -6 -7 -8
right_child=4 -3 -4 -5 5 6 7 -9
leaf_value=0.018924121486631969 -0.014228372052275205 -0.021582080205106463 -0.015609446645939785 -0.004045376530759019 0.021836388652320345 -0.014172862923197811 0.025880084871323907 -0.0024906587262393514
leaf_weight=3.256858102977275 2.1499615944921997 2.6299081472679964 3.2537091001868248 4.5427966807037583 4.6579584702849415 5.0815746858716002 3.0533174090087396 6.8023543078452349
leaf_count=21 15 26 20 38 29 34 18 49
internal_value=-8.7833e-05 -0.00469856 -0.000681489 0.00554587 0.00281349 0.0046833 -0.000665631 0.00629868
internal_weight=35.4284 13.6833 11.0534 7.79965 21.7452 19.5952 14.9372 9.85567
internal_count=250 105 79 59 145 130 101 67
is_linear=0
shrinkage=0.05


Tree=451
num_leaves=12
num_cat=0
split_feature=16 24 16 27 24 3 2 27 22 28 21
split_gain=0.0692361 0.139703 0.124027 0.116713 0.0975491 0.113871 0.0823575 0.0329239 2.29934e-06 1.7675e-06 6.9886e-07
threshold=0.017851990527882125 -0.0026151902425762814 0.01394624661794828 0.012167985866763599 -0.0046641730588430344 -0.090284711171275386 0.014386357429077458 -0.011907369765761287 -0.0056180986360817578 0.034849967132094768 0.0026840217540907711
decision_type=2 2 2 2 2 2 2 2 2 2 2
left_child=2 4 3 7 5 -2 -4 -1 -3 -7 -10
right_child=1 8 6 -5 -6 9 -8 -9 10 -11 -12
leaf_value=-0.010312635056507993 0.028659548356202314 -0.033814183019053486 0.02093985348134406 0.010860713908108881 0.026570473496537857 -0.033455702812030828 0.00099175939796032554 -0.033776258101995492 -0.033453242530385147 -0.033737549897321348 -0.033609773893936899
leaf_weight=0.25513649336062394 0.10784523282200098 0.11217324074823387 1.0268136607483032 0.39106834353879094 0.26899790915194877 0.1375077455304563 1.0429795649833975 0.36111755785532296 0.11676824730238899 0.093412999412976205 0.18314831546740606
leaf_count=15 2 12 21 15 8 42 30 30 38 10 27
internal_value=0.000143038 -0.0111473 0.00388502 -0.0105041 0.00409082 -0.0137592 0.0108879 -0.024062 -0.0336211 -0.0335697 -0.0335488
internal_weight=4.09697 1.01985 3.07712 1.00732 0.607764 0.338766 2.06979 0.616254 0.41209 0.230921 0.299917
internal_count=250 139 111 60 62 54 51 45 77 52 65
is_linear=0
shrinkage=0.05


Tree=452
num_leaves=6
num_cat=0
split_feature=31 31 31 34 32
split_gain=0.237142 0.327778 0.377785 0.304237 0.419916
threshold=-0.37133263744524581 -0.24153905750803426 -0.18551446331390589 0.24628981718251367 -0.23987117030361244
decision_type=2 2 2 2 2
left_child=-1 -2 -3 -4 -5
right_child=1 2 3 4 -6
leaf_value=0.014912123693586458 -0.016446070053709804 0.018884948195749745 0.010578042214349518 -0.00027145375664161867 -0.017472890897083985
leaf_weight=2.5067081376910201 3.128467231988906 2.5722155272960689 4.6451187077909735 19.42872432619334 4.3405523933470205
leaf_count=18 24 18 37 128 25
internal_value=6.89691e-05 -0.00102168 0.0005356 -0.00112548 -0.00341264
internal_weight=36.6218 34.1151 30.9866 28.4144 23.7693
internal_count=250 232 208 190 153
is_linear=0
shrinkage=0.05


Tree=453
num_leaves=8
num_cat=0
split_feature=28 19 22 29 18 18 16
split_gain=0.192799 0.262753 0.499504 0.310047 0.413958 0.735504 0.567809
threshold=0.098565230738145729 -0.054805799949304061 -0.0038781620359074616 0.0055267861700197827 0.12958122386108403 -0.36680518589029315 0.01394624661794828
decision_type=2 2 2 2 2 2 2
left_child=1 2 -1 4 5 -3 -6
right_child=-2 3 -4 -5 6 -7 -8
leaf_value=0.0048841926724310569 0.01199855053831656 0.00059117025113581778 -0.024255744796736204 0.016612679850517269 0.02724265685562513 -0.0258018363086298 -7.6185412786711134e-05
leaf_weight=2.741577286273241 3.0143882408738127 9.2369711943902075 3.1722890064120284 2.8103058151900759 2.4943100661039344 3.695813456550245 8.0101902750320715
leaf_count=17 21 62 30 19 14 28 59
internal_value=-9.26095e-05 -0.00122587 -0.0107469 0.00091932 -0.000962431 -0.00695118 0.00641072
internal_weight=35.1758 32.1615 5.91387 26.2476 23.4373 12.9328 10.5045
internal_count=250 229 47 182 163 90 73
is_linear=0
shrinkage=0.05


Tree=454
num_leaves=8
num_cat=0
split_feature=4 15 27 28 30 3 27
split_gain=0.068094 0.0972042 0.198497 0.119261 0.170717 0.0982549 3.72149e-06
threshold=0.0082442092521698134 0.01967247212534011 -0.015419140363013171 1.0000000180025095e-35 1.0000000180025095e-35 -0.090284711171275386 0.028632941006752625
decision_type=2 2 2 2 2 2 2
left_child=-1 3 -3 4 -2 -4 -7
right_child=1 2 5 -5 -6 6 -8
leaf_value=-0.016754674082395768 0.01675687921659123 0.017031973508038867 0.012589519054198356 0.015823500747942372 -0.033785051163319389 -0.033587653150330202 -0.033863201167879518
leaf_weight=0.51661623449763272 0.3254977586911999 0.45755252387607481 0.14191245287656795 1.6595925387227906 0.34327754518017173 0.42960250133182809 0.1714339146274142
leaf_count=33 11 26 7 35 30 87 21
internal_value=0.000199357 0.00268138 -0.00887547 0.00864006 -0.00918593 -0.0248308 -0.0336662
internal_weight=4.04549 3.52887 1.2005 2.32837 0.668775 0.742949 0.601036
internal_count=250 217 141 76 41 115 108
is_linear=0
shrinkage=0.05


Tree=455
num_leaves=6
num_cat=0
split_feature=16 16 20 30 22
split_gain=0.202363 0.389393 0.29141 0.999801 0.658072
threshold=0.010795918249056959 0.013121764657758977 -0.10113077917364348 0.012121920221580431 -0.0067090732066747419
decision_type=2 2 2 2 2
left_child=-1 -2 -3 4 -4
right_child=1 2 3 -5 -6
leaf_value=0.010852076211607069 -0.017108290741454948 -0.010093074307585348 -0.018507807089950687 0.03082426890446633 0.0036455553129279973
leaf_weight=3.8849470242857924 3.4480593726038924 5.173581168055537 4.1862762048840585 2.8431776762008658 16.825706399977207
leaf_count=24 24 39 28 19 116
internal_value=6.74094e-05 -0.00122268 0.000664231 0.00299722 -0.000768121
internal_weight=36.3617 32.4768 29.0287 23.8552 21.012
internal_count=250 226 202 163 144
is_linear=0
shrinkage=0.05


Tree=456
num_leaves=6
num_cat=0
split_feature=1 8 8 8 11
split_gain=0.182159 0.410834 0.348261 0.412104 0.414754
threshold=-0.033282401952452793 -0.012239112632859836 -0.0077773771284512004 -0.00066271550487554342 3352.0919995117192
decision_type=2 2 2 2 2
left_child=-1 -2 -3 -4 -5
right_child=1 2 3 4 -6
leaf_value=0.011200155924594493 -0.019465151294567561 0.019360031339766742 -0.017993325669098344 0.01078249375901023 -0.0034035168235043364
leaf_weight=3.2421350888907901 2.8181635267101255 2.2642563767731216 3.1677557956427398 7.6439070999622336 15.807581920642404
leaf_count=24 23 14 26 46 117
internal_value=-8.83401e-05 -0.00124282 0.000535137 -0.00106613 0.00122035
internal_weight=34.9438 31.7017 28.8835 26.6192 23.4515
internal_count=250 226 203 189 163
is_linear=0
shrinkage=0.05


Tree=457
num_leaves=10
num_cat=0
split_feature=21 27 31 32 0 2 0 27 31
split_gain=0.0654206 0.20283 0.169888 0.238715 0.117317 0.118912 0.107737 2.67571e-05 8.98471e-06
threshold=0.0041349393947776045 0.012944509153066221 0.16553909846338141 -0.76274158030902617 0.0005742204483144554 0.0011401922588790694 0.0027414873563184066 0.031370949481721484 0.52096152289351549
decision_type=2 2 2 2 2 2 2 2 2
left_child=1 2 4 -4 5 -1 -6 -3 -5
right_child=-2 7 3 8 6 -7 -8 -9 -10
leaf_value=0.016023113722281532 0.014258943869747196 -0.033635186226036187 0.021344970100814434 -0.033738979623546654 0.036031145451142381 -0.033931636888465191 0.0076301075870493958 -0.03440929972269996 -0.034132719218250437
leaf_weight=0.21973528584931168 0.68563517971779209 0.23545287590241049 0.28995416715042666 0.35648772580316279 0.50866577168926574 0.26018542295787483 0.97197193713509478 0.21225778112420812 0.24409032543189824
leaf_count=14 34 36 17 38 5 26 52 16 12
internal_value=0.000205736 -0.00271514 0.00219791 -0.0159118 0.0104238 -0.0110595 0.0173871 -0.0340022 -0.033899
internal_weight=3.98444 3.2988 2.85109 0.890532 1.96056 0.479921 1.48064 0.447711 0.600578
internal_count=250 216 164 67 97 40 57 52 50
is_linear=0
shrinkage=0.05


Tree=458
num_leaves=6
num_cat=0
split_feature=31 31 16 18 29
split_gain=0.230659 0.313843 0.349561 0.518394 0.492029
threshold=-0.37133263744524581 -0.24153905750803426 0.034983122722560316 -0.81336442997887726 -0.0042841425844788441
decision_type=2 2 2 2 2
left_child=-1 -2 3 -3 -5
right_child=1 2 -4 4 -6
leaf_value=0.014852627813434719 -0.016204404575947476 -0.018336688028160127 0.012415616024262799 -0.015800269554409507 0.004591593105844536
leaf_weight=2.4568728841841212 3.0893265493214122 4.0295242965221432 5.1363253816962233 3.5455919019877973 17.853427460417151
leaf_count=18 24 28 32 25 123
internal_value=6.27841e-05 -0.00101693 0.00051814 -0.00188504 0.00121288
internal_weight=36.1111 33.6542 30.5649 25.4285 21.399
internal_count=250 232 208 176 148
is_linear=0
shrinkage=0.05


Tree=459
num_leaves=7
num_cat=0
split_feature=1 8 21 11 23 21
split_gain=0.184338 0.360146 0.280985 0.454636 0.755019 0.478584
threshold=-0.03564531815114768 -0.013484873565105714 0.0035495773375714417 3977.0679956054692 -1.0000000180025095e-35 0.0022411371037304177
decision_type=2 2 2 2 2 2
left_child=-1 -2 3 5 -5 -3
right_child=1 2 -4 4 -6 -7
leaf_value=0.012181202227968082 -0.018518213845772354 0.0033541859191643141 -0.011677105293309301 -0.022733920294103885 0.0065046924728316543 0.02554958708774276
leaf_weight=2.8142690733075133 2.7346455007791546 13.20557764917613 4.1009080358780912 4.0063732210546732 4.9185663722455484 2.9760234281420699
leaf_count=21 23 90 31 36 32 17
internal_value=-8.64009e-05 -0.00116724 0.000457301 0.00243934 -0.00662042 0.00743623
internal_weight=34.7564 31.9421 29.2074 25.1065 8.92494 16.1816
internal_count=250 229 206 175 68 107
is_linear=0
shrinkage=0.05


Tree=460
num_leaves=12
num_cat=0
split_feature=16 24 16 33 24 3 2 22 28 33 22
split_gain=0.0657094 0.13072 0.1185 0.110804 0.0908575 0.103219 0.0789716 1.76927e-06 1.37876e-06 5.59279e-07 2.77798e-07
threshold=0.017851990527882125 -0.0026151902425762814 0.01394624661794828 0.39500000000000007 -0.0046641730588430344 -0.090284711171275386 0.014386357429077458 -0.0062940426726996726 0.034849967132094768 0.53000000000000014 0.0083744398170942942
decision_type=2 2 2 2 2 2 2 2 2 2 2
left_child=2 4 3 -1 5 -2 -4 -3 -7 -9 -11
right_child=1 7 6 -5 -6 8 -8 9 -10 10 -12
leaf_value=-0.033768908254938883 0.027785453838391719 -0.033794767935876803 0.020835126515337542 0.0019175772886690084 0.026105008743497995 -0.033448496230366435 0.00098780216998644839 -0.033640384934263766 -0.033706911998625015 -0.033447230690909442 -0.033567244718528205
leaf_weight=0.33485943591222245 0.10079474560916424 0.088460940809455102 0.9920271846931431 0.62070620968006551 0.25680059136357192 0.12826609332114458 1.0129738945979623 0.094961321097797868 0.086375901242718101 0.12520823284285143 0.078415271156700328
leaf_count=32 2 10 21 28 8 42 30 11 10 42 14
internal_value=0.000216992 -0.0111557 0.00390197 -0.0105881 0.00402392 -0.0139525 0.0108078 -0.0335984 -0.0335525 -0.0335402 -0.0334934
internal_weight=3.91985 0.959283 2.96057 0.955566 0.572237 0.315437 2.005 0.387046 0.214642 0.298585 0.203624
internal_count=250 139 111 60 62 54 51 77 52 67 56
is_linear=0
shrinkage=0.05


Tree=461
num_leaves=6
num_cat=0
split_feature=16 16 20 30 22
split_gain=0.192682 0.358278 0.280031 0.622397 0.526821
threshold=0.010795918249056959 0.013121764657758977 -0.10113077917364348 0.011873770381587103 -0.0038781620359074616
decision_type=2 2 2 2 2
left_child=-1 -2 -3 4 -4
right_child=1 2 3 -5 -6
leaf_value=0.010657545242101706 -0.01660235241105891 -0.0099995041135842247 -0.013855311060370874 0.023676142254413279 0.0044702466299403514
leaf_weight=3.8314350023865691 3.3803087882697573 5.1134183965623405 5.2899529226124349 3.1288253962993613 15.164008690044282
leaf_count=24 24 39 37 21 105
internal_value=5.99421e-05 -0.00120591 0.000607738 0.00290769 -0.000269243
internal_weight=35.9079 32.0765 28.6962 23.5828 20.454
internal_count=250 226 202 163 142
is_linear=0
shrinkage=0.05


Tree=462
num_leaves=9
num_cat=0
split_feature=28 23 30 23 32 20 30 2
split_gain=0.18781 0.675672 0.614894 0.726946 0.591896 0.560235 0.377874 0.328661
threshold=0.014914210251467332 -1.0000000180025095e-35 0.0060549121341574317 -0.0047874586781367348 -0.23987117030361244 -0.0099799048861317612 -0.0069611763626215009 0.02253908909669378
decision_type=2 2 2 2 2 2 2 2
left_child=2 -2 4 -4 6 -3 -1 -5
right_child=1 5 3 7 -6 -7 -8 -9
leaf_value=-0.010896857529675142 -0.0096832533237232836 0.00020454356530581316 0.022928860105663498 -0.016331631111016542 0.00076577105343113435 0.025901607239145072 -0.037141206616365184 0.006447045027390407
leaf_weight=3.0231643952429277 5.2250547353178254 4.2030801326036444 3.8283524699509144 3.0919868852943164 5.1360794976353681 4.2816985361278048 2.5105678886175156 3.2459408901631832
leaf_count=24 38 31 26 23 36 27 24 21
internal_value=-8.33411e-05 0.00446155 -0.00307381 0.00572572 -0.0114581 0.0131721 -0.0228035 -0.00466564
internal_weight=34.5459 13.7098 20.8361 10.1663 10.6698 8.48478 5.53373 6.33793
internal_count=250 96 154 70 84 58 48 44
is_linear=0
shrinkage=0.05


Tree=463
num_leaves=13
num_cat=0
split_feature=16 24 16 22 21 24 3 31 22 28 33 22
split_gain=0.063753 0.125537 0.113496 0.220637 0.0939208 0.0858067 0.0992051 2.27426e-06 1.7087e-06 1.23358e-06 4.89177e-07 2.51382e-07
threshold=0.017851990527882125 -0.0026151902425762814 0.015717894106065586 -0.0012629562516405788 0.0012642804154334721 -0.0046641730588430344 -0.090284711171275386 0.36193754552313467 -0.0062940426726996726 0.034849967132094768 0.53000000000000014 0.0083744398170942942
decision_type=2 2 2 2 2 2 2 2 2 2 2 2
left_child=2 5 3 4 -1 6 -2 -5 -3 -8 -10 -12
right_child=1 8 -4 7 -6 -7 9 -9 10 -11 11 -13
leaf_value=-0.0077856368327250958 0.027359543118325749 -0.033785431382384747 0.015368950665314254 -0.033649551032539138 0.019867199841734157 0.025464141403489789 -0.033445207579301278 -0.033871005567805014 -0.033627396577130354 -0.033693750028175005 -0.033442460004264117 -0.033558746588294615
leaf_weight=0.59133201162330784 0.098619377240538597 0.08639459247933734 1.2357699987478552 0.25770354358246628 0.63873223960399628 0.25190812814980779 0.12409477410255931 0.21074056840734556 0.091382898273877022 0.083527035370934755 0.12044245898141526 0.075674690597224981
leaf_count=32 2 10 21 27 13 8 42 18 11 10 42 14
internal_value=0.000221816 -0.0111703 0.0038404 -0.00454733 0.00657358 0.0038486 -0.0139319 -0.0337492 -0.0335904 -0.0335452 -0.0335319 -0.0334873
internal_weight=3.86632 0.932044 2.93428 1.69851 1.23006 0.558149 0.306241 0.468444 0.373895 0.207622 0.2875 0.196117
internal_count=250 139 111 90 45 62 54 45 77 52 67 56
is_linear=0
shrinkage=0.05


Tree=464
num_leaves=9
num_cat=0
split_feature=28 19 0 27 1 28 0 19
split_gain=0.188545 0.245502 0.423158 0.281356 0.426097 0.567887 0.445367 0.403872
threshold=0.098565230738145729 -0.054805799949304061 0.0080400305515768728 -0.0081993809289979663 0.019119769836520976 0.028933030695949661 0.0080400305515768728 0.02074166080827811
decision_type=2 2 2 2 2 2 2 2
left_child=1 2 -1 7 5 -5 -6 -3
right_child=-2 3 -4 4 6 -7 -8 -9
leaf_value=0.023615566022681878 -0.012192321810979779 -0.017774353000430405 -0.002839015404150639 0.0034025280760831937 0.024193788619846779 -0.02036387944113259 -0.00172392655357725 0.0065391736010327719
leaf_weight=2.9882238805294028 2.887391820549964 4.8219890296459225 3.0590651035308838 9.1166238561272639 3.6629795283079138 3.4702255502343169 3.0275389738380909 2.6448222883045673
leaf_count=25 21 33 22 64 24 19 21 21
internal_value=5.66577e-05 0.00113522 0.0102333 -0.000922009 0.00226973 -0.00314993 0.0124657 -0.00916225
internal_weight=35.6789 32.7915 6.04729 26.7442 19.2774 12.5868 6.69052 7.46681
internal_count=250 229 47 182 128 83 45 54
is_linear=0
shrinkage=0.05


Tree=465
num_leaves=10
num_cat=0
split_feature=0 30 27 24 24 1 6 23 23
split_gain=0.181498 0.361195 0.559543 0.523192 0.440298 0.234248 0.326 0.463528 0.413883
threshold=-0.00033551514938506827 -0.01322337341609031 0.013823629339375422 0.011742003858672747 -0.0079996616767286626 -0.016868635283571628 0.74280421280530951 0.0042449080137474402 -0.0063913806691188171
decision_type=2 2 2 2 2 2 2 2 2
left_child=1 -1 3 4 -3 -2 -7 8 -8
right_child=5 2 -4 -5 -6 6 7 -9 -10
leaf_value=0.012950566025254299 0.015609624348021659 -0.0072673850915599848 -0.027544914730558409 -0.020390169236548399 0.021293906938027227 0.013807357369539922 -0.0079806758567097878 -0.017668550781380687 0.011993706289469998
leaf_weight=2.3794898129999646 3.0498142987489727 2.6871645413339129 2.8574171545915306 2.5546725653111935 2.7104117325507078 3.7186344601213959 4.8697545919567355 3.8386232182383528 5.5480472631752464
leaf_count=19 20 22 24 20 20 21 34 30 40
internal_value=-8.73736e-05 -0.0046853 -0.00856742 -0.00174839 0.00707477 0.00279696 0.000623048 -0.00281594 0.00265677
internal_weight=34.214 13.1892 10.8097 7.95225 5.39758 21.0249 17.9751 14.2564 10.4178
internal_count=250 105 86 62 42 145 125 104 74
is_linear=0
shrinkage=0.05


Tree=466
num_leaves=11
num_cat=0
split_feature=4 4 19 16 22 3 28 3 27 22
split_gain=0.0632893 0.0899292 0.116297 0.114724 0.116367 0.0680094 0.0651461 0.085659 4.6009e-06 1.94284e-07
threshold=0.0082442092521698134 0.014488256729574924 0.011424485563714228 0.014153607679088813 -0.0022232471265162253 0.051683820412976818 -0.033448733870370333 -0.090284711171275386 0.031370949481721484 0.0053055677020257272
decision_type=2 2 2 2 2 2 2 2 2 2
left_child=-1 3 8 5 -5 -2 -4 -8 9 -3
right_child=1 2 6 4 -6 -7 7 -9 -10 -11
leaf_value=-0.016390764813087402 -0.021321605734684616 -0.033462924983826414 0.029973363180612084 -0.0035252774142665727 0.02403466836598819 0.0073196498718655677 0.026327137400148429 -0.033565784285041519 -0.033897769154800722 -0.03355344796325771
leaf_weight=0.49604826624272425 0.44350548041984517 0.14171513033215877 0.16488637449219823 0.57931473769713204 1.1303259958513077 0.389106240356341 0.097213892033323646 0.15469606660190038 0.10420770739438012 0.10188938083592802
leaf_count=33 29 41 6 28 27 12 4 40 10 20
internal_value=0.000263415 0.00276164 -0.0122733 0.00728356 0.0146959 -0.00793663 0.00554004 -0.0104527 -0.0336197 -0.0335008
internal_weight=3.80291 3.30686 0.764609 2.54225 1.70964 0.832612 0.416796 0.25191 0.347812 0.243605
internal_count=250 217 121 96 55 41 50 44 71 61
is_linear=0
shrinkage=0.05


Tree=467
num_leaves=7
num_cat=0
split_feature=15 15 16 24 5 4
split_gain=0.187931 0.323232 0.415371 0.29634 0.435741 0.400952
threshold=0.042023658091660969 0.027646331415706445 0.027226041635421278 0.017986783531995679 0.015175815717479712 0.011696586586569665
decision_type=2 2 2 2 2 2
left_child=1 3 -3 4 5 -1
right_child=-2 2 -4 -5 -6 -7
leaf_value=-0.0021324413388506187 0.010981995279944886 -0.023785696709308069 0.00011169884593640364 0.014892329722493337 -0.014117024340629725 0.014819619863482673
leaf_weight=11.048389803618205 3.5414027124643317 3.2270196042954913 4.1654620431363583 3.584665795788168 4.6736214049160472 5.0973829552531233
leaf_count=78 25 27 27 24 32 37
internal_value=5.62474e-05 -0.00116063 -0.0103202 0.00161398 -0.000672277 0.00321949
internal_weight=35.3379 31.7965 7.39248 24.4041 20.8194 16.1458
internal_count=250 225 54 171 147 115
is_linear=0
shrinkage=0.05


Tree=468
num_leaves=10
num_cat=0
split_feature=0 13 13 18 15 5 21 19 16
split_gain=0.173731 0.354401 0.414647 0.82545 0.222179 0.436332 0.428885 0.411347 0.361451
threshold=-0.00033551514938506827 60.058237970803269 56.619846137036255 0.15066457996164315 0.015694385538883443 0.008123070968811371 -0.00061647896028110816 -0.0042854614325467102 0.02030717690667639
decision_type=2 2 2 2 2 2 2 2 2
left_child=1 2 3 -1 5 -2 7 -6 -8
right_child=4 -3 -4 -5 6 -7 8 -9 -10
leaf_value=-0.026205903678617276 0.0092390348206487748 -0.017584720637870761 0.015919826328040836 0.010080671500746114 0.0091148232652037021 -0.019084876346709204 0.026908697849023229 -0.012428760780303206 0.0034340031235401192
leaf_weight=2.9102249490097147 2.5390331000089672 3.7546618171036235 2.9988370873034 3.3962370418012142 4.5529132559895498 2.9274552538990974 3.3710767030715934 4.3162325955927372 3.1929293349385262
leaf_count=30 16 31 18 26 31 26 20 30 22
internal_value=-9.4081e-05 -0.00461812 0.00061387 -0.00666439 0.00273294 -0.0059292 0.00580111 -0.00136951 0.0154899
internal_weight=33.9596 13.06 9.3053 6.30646 20.8996 5.46649 15.4332 8.86915 6.56401
internal_count=250 105 74 56 145 42 103 61 42
is_linear=0
shrinkage=0.05


Tree=469
num_leaves=12
num_cat=0
split_feature=12 2 22 4 22 16 22 20 5 30 4
split_gain=0.0609901 0.116987 0.0816706 0.103271 0.10063 0.218189 0.0987275 0.0891104 6.09276e-06 1.47599e-06 3.73927e-07
threshold=0.079751637028146125 0.10723907290548486 -0.0062940426726996726 0.0087480471307897576 -0.0012629562516405788 0.016248459396748693 0.0093681200468622734 -0.077765495100857215 0.008225451673512461 -0.0038733714088614031 0.013271267265953955
decision_type=2 2 2 2 2 2 2 2 2 2 2
left_child=2 8 3 -1 7 9 -7 -4 -2 -6 -10
right_child=1 -3 4 -5 5 6 -8 -9 10 -11 -12
leaf_value=0.011593336747677558 -0.033999900070136535 0.019943421998235344 0.028956302622951208 -0.03372223323523682 -0.033846472217197332 -0.0076874877864744357 0.026640431124787218 0.0043646879490458037 -0.033607050286372724 -0.033654982345793998 -0.033474103943713307
leaf_weight=0.21106394752860147 0.099928821669891366 0.14944744971580803 0.64413822209462523 0.31094871828099713 0.16785954218357801 0.396790407365188 0.44362534477841109 0.86048443405889063 0.089661185862496495 0.2512603906216091 0.12896480488416273
leaf_count=8 7 7 16 35 12 39 17 31 10 29 39
internal_value=0.000333438 -0.016554 0.00273847 -0.0153999 0.00616392 -0.00426313 0.010433 0.0148925 -0.0336765 -0.0337317 -0.0335286
internal_weight=3.75417 0.468002 3.28617 0.522013 2.76416 1.25954 0.840416 1.50462 0.318555 0.41912 0.218626
internal_count=250 63 187 43 144 97 56 47 56 41 49
is_linear=0
shrinkage=0.05


Tree=470
num_leaves=6
num_cat=0
split_feature=15 30 21 4 0
split_gain=0.182377 0.310226 0.743763 0.379962 0.304665
threshold=0.042023658091660969 -0.015080642471915427 0.0037708410989416579 0.020844425310940221 0.012133690496671014
decision_type=2 2 2 2 2
left_child=1 -1 3 4 -3
right_child=-2 2 -4 -5 -6
leaf_value=-0.016032858341662778 0.010837172867433187 -0.0027325155844883518 0.022375629052644636 -0.018143118035309335 0.013129990972304351
leaf_weight=3.1517256274819401 3.5277209095656863 17.980799537152063 3.4183133095502845 3.3566891252994528 3.6397989988327017
leaf_count=24 25 123 28 25 25
internal_value=5.54003e-05 -0.00115025 0.000501621 -0.00249199 -6.20837e-05
internal_weight=35.075 31.5473 28.3956 24.9773 21.6206
internal_count=250 225 201 173 148
is_linear=0
shrinkage=0.05


Tree=471
num_leaves=9
num_cat=0
split_feature=1 28 23 20 21 2 3 20
split_gain=0.174183 0.329586 0.885908 0.748738 0.564576 0.435968 0.426952 0.348468
threshold=0.053999121234828314 0.014914210251467332 -1.0000000180025095e-35 0.045975946076021852 0.0022411371037304177 0.033942829174169804 0.032994330070508233 -0.0099799048861317612
decision_type=2 2 2 2 2 2 2 2
left_child=1 3 -3 4 5 -1 -5 -4
right_child=-2 2 7 6 -6 -7 -8 -9
leaf_value=-0.013430343435754983 0.011535278465470164 -0.013295371539457057 0.0037814978793340435 -0.0083995339972808905 0.019689805233384684 0.0075800648076926637 -0.035712632058182377 0.025358759519333626
leaf_weight=5.7937079705298 2.9359338991343966 4.0993668865412474 3.4229185860604048 3.3160038422793141 3.1773583618924013 4.302618034183979 2.5167110450565815 4.1274545630440098
leaf_count=46 21 30 26 25 24 29 22 27
internal_value=-0.000100675 -0.00121143 0.00541714 -0.00525306 0.00130817 -0.00447661 -0.0201846 0.0155768
internal_weight=33.6921 30.7561 11.6497 19.1064 13.2737 10.0963 5.83271 7.55037
internal_count=250 229 83 146 99 75 47 53
is_linear=0
shrinkage=0.05


Tree=472
num_leaves=9
num_cat=0
split_feature=4 30 20 28 28 9 28 16
split_gain=0.0617427 0.0854253 0.143732 0.206468 0.135871 0.154689 0.0867307 0.0883497
threshold=0.0082442092521698134 0.0067993525455957169 -0.039594974019638011 1.0000000180025095e-35 0.0219700531521595 3359.8524902343756 0.013339568855629926 0.015717894106065586
decision_type=2 2 2 2 2 2 2 2
left_child=-1 4 3 -3 6 -6 7 -2
right_child=1 2 -4 -5 5 -7 -8 -9
leaf_value=-0.016191174244098685 -0.014532333802187852 -0.033615561148343256 -0.034282932150137613 0.020003797464735965 0.01908384201238927 -0.033885133769520764 0.032846565162193149 0.018863730218805407
leaf_weight=0.48258008417906273 0.2973841612692929 0.2584458981291391 0.35469856791314647 0.58801005413988605 0.2386170852696522 0.32634202056215145 0.55824823363218457 0.59283402559231035
leaf_count=33 19 37 27 32 11 33 11 47
internal_value=0.000485368 0.00298889 -0.00756395 0.00363236 0.00928443 -0.0115131 0.0173963 0.00770752
internal_weight=3.69716 3.21458 1.20115 0.846456 2.01343 0.564959 1.44847 0.890218
internal_count=250 217 96 69 121 44 77 66
is_linear=0
shrinkage=0.05


Tree=473
num_leaves=7
num_cat=0
split_feature=16 16 20 32 3 28
split_gain=0.18192 0.330448 0.281049 0.406845 0.489882 0.3207
threshold=0.010795918249056959 0.013121764657758977 0.088356501377166899 -0.22015684714245229 0.10475743092017532 0.016165889978545404
decision_type=2 2 2 2 2 2
left_child=-1 -2 3 4 -3 -4
right_child=1 2 5 -5 -6 -7
leaf_value=0.010483254771911962 -0.016275031921078296 0.0055987679858456995 0.020443701636941078 -0.014211250626766647 -0.017422895272424407 -0.0030132227371704526
leaf_weight=3.7276460006833068 3.2568522319197681 13.879960738122472 3.3424903675913802 5.2375900726765385 2.7723201774060717 2.5832867547869682
leaf_count=24 24 104 27 37 17 17
internal_value=4.59043e-05 -0.00120622 0.000558139 -0.00205684 0.00176605 0.0102179
internal_weight=34.8001 31.0725 27.8156 21.8899 16.6523 5.92578
internal_count=250 226 202 158 121 44
is_linear=0
shrinkage=0.05


Tree=474
num_leaves=9
num_cat=0
split_feature=0 22 2 17 1 17 27 27
split_gain=0.175714 0.341627 0.387184 0.341359 0.223966 0.312135 0.496781 0.510569
threshold=-0.00033551514938506827 0.0065591886787134132 0.033333027154259794 -0.010768417581573804 -0.016868635283571628 0.017756248768387568 0.0068201055940260167 -0.0020918071227466468
decision_type=2 2 2 2 2 2 2 2
left_child=1 2 3 -1 -2 6 7 -6
right_child=4 -3 -4 -5 5 -7 -8 -9
leaf_value=0.018280133895408966 0.015450343874059514 -0.021250849355937754 -0.015691315123709353 -0.0036333490225501255 -7.2537148734159754e-05 0.014887676223170443 0.010012085885879157 -0.024092619113301371
leaf_weight=3.0629969723522654 2.974603824317458 2.5069758412428191 3.0324331000447273 4.2334374748170367 5.7203139886260042 3.146538157016038 5.1274176482111207 3.6074909102171668
leaf_count=21 20 26 20 38 41 22 37 25
internal_value=-0.000102872 -0.00469371 -0.000675042 0.00556579 0.00276096 0.000616526 -0.00248994 -0.00936221
internal_weight=33.4122 12.8358 10.3289 7.29643 20.5764 17.6018 14.4552 9.3278
internal_count=250 105 79 59 145 125 103 66
is_linear=0
shrinkage=0.05


Tree=475
num_leaves=11
num_cat=0
split_feature=16 24 16 17 6 24 3 22 28 21
split_gain=0.0637002 0.11529 0.102637 0.106566 0.080486 0.0767849 0.0889352 1.32904e-06 9.44665e-07 3.76818e-07
threshold=0.017851990527882125 -0.0026151902425762814 0.01394624661794828 0.0020369556556761362 0.92934876811335898 -0.0046641730588430344 -0.090284711171275386 -0.0056180986360817578 0.034849967132094768 0.0026840217540907711
decision_type=2 2 2 2 2 2 2 2 2 2
left_child=2 5 3 -1 -4 6 -2 -3 -8 -9
right_child=1 7 4 -5 -6 -7 8 9 -10 -11
leaf_value=0.002875381041789732 0.026833618510239021 -0.033730564792838542 -0.0027794857615970744 -0.033694718563091711 0.018621479260455952 0.024634459275883102 -0.03343357368814278 -0.033435315349349404 -0.033661391618081876 -0.033560352029718611
leaf_weight=0.5679338672198363 0.090034050866961479 0.095248169614933764 0.69434062938671548 0.30683181821950711 1.1962261293083427 0.23642448324244503 0.11347308589029126 0.098972956213400853 0.075965862954035401 0.15403023635735735
leaf_count=30 2 12 26 30 25 8 42 38 10 27
internal_value=0.000506389 -0.011343 0.00420926 -0.00995191 0.0107616 0.00366197 -0.01408 -0.0335714 -0.0335249 -0.0335114
internal_weight=3.62948 0.864149 2.76533 0.874766 1.89057 0.515897 0.279473 0.348251 0.189439 0.253003
internal_count=250 139 111 60 51 62 54 77 52 65
is_linear=0
shrinkage=0.05


Tree=476
num_leaves=6
num_cat=0
split_feature=15 30 21 5 4
split_gain=0.172225 0.307976 0.715534 0.367888 0.32161
threshold=0.042023658091660969 -0.015080642471915427 0.0037708410989416579 0.02005239646816475 0.012284422856173339
decision_type=2 2 2 2 2
left_child=1 -1 3 4 -3
right_child=-2 2 -4 -5 -6
leaf_value=-0.016075216322975684 0.010620751090561058 -0.0046056757414087799 0.022211701729267549 -0.014724166401770484 0.0084270766852342308
leaf_weight=3.1039372198283699 3.464015156030654 11.816711962223062 3.3480992503464213 4.875526934862136 7.8972002491354933
leaf_count=24 25 80 28 37 56
internal_value=4.6348e-05 -0.00113368 0.000526363 -0.00242631 0.000615117
internal_weight=34.5055 31.0415 27.9375 24.5894 19.7139
internal_count=250 225 201 173 136
is_linear=0
shrinkage=0.05


Tree=477
num_leaves=8
num_cat=0
split_feature=10 30 30 20 1 5 23
split_gain=0.170912 0.408353 0.525084 0.57813 0.540611 0.458148 0.3801
threshold=-0.018403236001468419 -0.01322337341609031 -0.0031263741727983736 -1.0000000180025095e-35 0.010167311406912962 0.0091299709649705855 1.0000000180025095e-35
decision_type=2 2 2 2 2 2 2
left_child=-1 -2 6 4 -4 -5 -3
right_child=1 2 3 5 -6 -7 -8
leaf_value=-0.011279106605184323 0.017973898198619071 -0.027454149146558068 0.0073735701202491608 -9.34595051251244e-05 -0.011745484311320824 0.026469779022563301 -0.0009235279166839096
leaf_weight=3.107850180938839 3.1823239810764816 2.8488039243966368 6.8661893019452753 2.88339247484691 8.0114057464525086 3.7142033651471138 2.5660681799054146
leaf_count=30 24 23 49 20 61 26 17
internal_value=-0.00011637 0.00103725 -0.00096713 0.00254131 -0.00292181 0.0148607 -0.0148815
internal_weight=33.1802 30.0724 26.8901 21.4752 14.8776 6.5976 5.41487
internal_count=250 220 196 156 110 46 40
is_linear=0
shrinkage=0.05


Tree=478
num_leaves=10
num_cat=0
split_feature=21 27 31 32 0 17 0 27 31
split_gain=0.0614139 0.178639 0.13776 0.223273 0.102697 0.108 0.0982731 2.12619e-05 6.68532e-06
threshold=0.0041349393947776045 0.012944509153066221 0.16553909846338141 -0.76274158030902617 0.0005742204483144554 -0.0065871925413131622 0.0027414873563184066 0.031370949481721484 0.52096152289351549
decision_type=2 2 2 2 2 2 2 2 2
left_child=1 2 4 -4 5 -1 -6 -3 -5
right_child=-2 7 3 8 6 -7 -8 -9 -10
leaf_value=0.015936605691153738 0.014941239965484996 -0.033593918217352553 0.021931702386996821 -0.033700589026430715 0.035717256635474627 -0.033863903600440219 0.0072185081844690323 -0.034333471515913164 -0.034062781927040139
leaf_weight=0.20194160396931693 0.61783513854606997 0.203503723401809 0.2719034660840407 0.31194192613475014 0.4596744282171128 0.23620445610140572 0.8846809885581024 0.18602359973010607 0.21536252845544368
leaf_count=15 34 36 17 38 5 25 52 16 12
internal_value=0.000598087 -0.00238441 0.00237776 -0.0148712 0.0101115 -0.0109108 0.0169631 -0.0339471 -0.0338485
internal_weight=3.58907 2.97124 2.58171 0.799208 1.7825 0.438146 1.34436 0.389527 0.527304
internal_count=250 216 164 67 97 40 57 52 50
is_linear=0
shrinkage=0.05


Tree=479
num_leaves=8
num_cat=0
split_feature=10 30 30 20 16 20 2
split_gain=0.168799 0.360718 0.50808 0.585709 0.595463 0.592677 0.425004
threshold=-0.018403236001468419 -0.01322337341609031 -0.0031263741727983736 -1.0000000180025095e-35 0.017310010939552659 -0.039594974019638011 0.015863583678882191
decision_type=2 2 2 2 2 2 2
left_child=-1 -2 6 5 -5 -4 -3
right_child=1 2 3 4 -6 -7 -8
leaf_value=0.011139370168387111 -0.017061030067974034 -0.0010933348133000099 -0.0032818700880554059 -0.0022270348502823416 -0.031947867529915873 0.018600480808610719 0.026537749776702105
leaf_weight=3.1192847602069369 3.1645306609571007 2.518453627824786 11.162439353764062 4.0080257467925504 2.9080499187111855 4.2811349481344214 3.1105091385543346
leaf_count=30 24 19 79 26 20 31 21
internal_value=5.00286e-05 -0.00106032 0.0007488 -0.00263128 -0.014724 0.00278417 0.0141753
internal_weight=34.2724 31.1531 27.9886 22.3596 6.91608 15.4436 5.62896
internal_count=250 220 196 156 46 110 40
is_linear=0
shrinkage=0.05


Tree=480
num_leaves=9
num_cat=0
split_feature=0 13 13 18 1 6 32 23
split_gain=0.171911 0.332765 0.380165 0.779035 0.216121 0.290316 0.411419 0.638036
threshold=-0.00033551514938506827 60.058237970803269 56.619846137036255 0.15066457996164315 -0.016868635283571628 0.74280421280530951 -0.20811364065993371 0.00093993267083458687
decision_type=2 2 2 2 2 2 2 2
left_child=1 2 3 -1 -2 -6 7 -7
right_child=4 -3 -4 -5 5 6 -8 -9
leaf_value=-0.026110626991649757 0.015305926675109233 -0.017459199838446723 0.01535622527053894 0.0097859167106941689 0.013252530360491536 0.010953115513137173 -0.019835216941866997 -0.014026636160163086
leaf_weight=2.7849383135326189 2.9285112321376827 3.6337711701635262 2.9038963802158833 3.3052895981818438 3.6035053953528431 6.882218215614559 2.7893423140048936 4.0668452866375446
leaf_count=30 20 31 18 26 21 50 22 32
internal_value=-0.000110387 -0.0046897 0.000469383 -0.00662885 0.00274239 0.000620804 -0.00269243 0.00167481
internal_weight=32.8983 12.6279 8.99412 6.09023 20.2704 17.3419 13.7384 10.9491
internal_count=250 105 74 56 145 125 104 82
is_linear=0
shrinkage=0.05


Tree=481
num_leaves=11
num_cat=0
split_feature=16 24 16 33 6 24 3 22 28 21
split_gain=0.060112 0.109708 0.0979593 0.0981886 0.0745753 0.0718599 0.0830523 1.01468e-06 7.12195e-07 3.1254e-07
threshold=0.017851990527882125 -0.0026151902425762814 0.01394624661794828 0.39500000000000007 0.92934876811335898 -0.0046641730588430344 -0.090284711171275386 -0.0056180986360817578 0.034849967132094768 0.0026840217540907711
decision_type=2 2 2 2 2 2 2 2 2 2
left_child=2 5 3 -1 -4 6 -2 -3 -8 -9
right_child=1 7 4 -5 -6 -7 8 9 -10 -11
leaf_value=-0.033703521346866487 0.026243563517276577 -0.033699254934707115 -0.002485838610595514 0.0022910854719116473 0.018368366912877108 0.024125313001872251 -0.033429312205932087 -0.033431076023084108 -0.033633368475133117 -0.033547744522686121
leaf_weight=0.28657714364817444 0.086157878860831261 0.089494662475772535 0.68037602794356633 0.55909904278814793 1.1588964373804627 0.22961483104154501 0.10819860911578871 0.094291862958924999 0.070701293181627989 0.14673143910476938
leaf_count=32 2 12 26 28 25 8 42 38 10 27
internal_value=0.000550695 -0.0112519 0.00417811 -0.00990653 0.0106541 0.00365028 -0.0140869 -0.0335555 -0.03351 -0.0335021
internal_weight=3.51014 0.825191 2.68495 0.845676 1.83927 0.494673 0.265058 0.330518 0.1789 0.241023
internal_count=250 139 111 60 51 62 54 77 52 65
is_linear=0
shrinkage=0.05


Tree=482
num_leaves=7
num_cat=0
split_feature=15 15 0 31 9 11
split_gain=0.16826 0.287677 0.37861 0.270098 0.267503 0.379453
threshold=0.042023658091660969 0.027646331415706445 -0.004441307962451845 0.55730958645456241 3349.6500000000005 3371.8289990234375
decision_type=2 2 2 2 2 2
left_child=1 3 -3 4 -1 -6
right_child=-2 2 -4 -5 5 -7
leaf_value=0.017373214608810552 0.01059850919331559 0.00085502655650249735 -0.022373258992931615 -0.012340570979050784 -0.010376420482068022 0.0059104363347978941
leaf_weight=3.0076745152473547 3.4018419831991187 3.7593262754380703 3.289144627749919 3.0534777827560893 5.0190570913255241 12.440226703882216
leaf_count=20 25 28 26 22 34 95
internal_value=4.99998e-05 -0.00112388 -0.00998437 0.00153138 0.00360094 0.00122842
internal_weight=33.9707 30.5689 7.04847 23.5204 20.467 17.4593
internal_count=250 225 54 171 149 129
is_linear=0
shrinkage=0.05


Tree=483
num_leaves=6
num_cat=0
split_feature=28 20 9 21 30
split_gain=0.169543 0.263277 0.381602 0.518389 0.630395
threshold=-0.063746158169736319 0.15828637096683099 4797.8700439453132 0.0037708410989416579 -0.0037291046787226718
decision_type=2 2 2 2 2
left_child=-1 2 3 4 -2
right_child=1 -3 -4 -5 -6
leaf_value=-0.013040654518482112 -0.018294713484755136 -0.012045552794711339 0.017481349855550495 -0.019939684395388117 0.0066202612794026509
leaf_weight=2.3531333506107321 2.9745281562209227 3.4806435592472544 3.6992375478148452 2.8108102055266491 17.332253080792729
leaf_count=15 27 27 29 27 125
internal_value=-0.000112273 0.000891844 0.00257103 0.000185107 0.00297073
internal_weight=32.6506 30.2975 26.8168 23.1176 20.3068
internal_count=250 235 208 179 152
is_linear=0
shrinkage=0.05


Tree=484
num_leaves=8
num_cat=0
split_feature=27 27 15 20 7 3 16
split_gain=0.101725 0.0677853 0.209263 0.101775 0.109777 0.0733101 2.12198e-06
threshold=-0.019963929817554734 -0.015419140363013171 0.01967247212534011 -0.039594974019638011 3699.6450195312505 -0.090284711171275386 0.018131508886470225
decision_type=2 2 2 2 2 2 2
left_child=-1 -2 3 -3 -5 -4 -7
right_child=1 2 5 4 -6 6 -8
leaf_value=-0.033630849552664939 0.019944126205396026 0.019034191116148694 0.010768425308010809 -0.016324592663231028 0.014596493214917412 -0.033706947755651022 -0.033502373574821886
leaf_weight=0.2045314941206019 0.48607342573814172 0.97870810341555659 0.11344489152543347 0.65766300840186864 0.5093437223113142 0.2937862027902145 0.22295939075411297
leaf_count=33 15 29 7 36 21 28 81
internal_value=0.000574794 0.00271954 -0.000296557 0.00714329 -0.00282899 -0.0256283 -0.0336187
internal_weight=3.46651 3.26198 2.77591 2.14571 1.16701 0.63019 0.516746
internal_count=250 217 202 86 57 116 109
is_linear=0
shrinkage=0.05


Tree=485
num_leaves=7
num_cat=0
split_feature=16 16 20 32 32 28
split_gain=0.170169 0.316468 0.262086 0.384166 0.45216 0.286056
threshold=0.010795918249056959 0.013121764657758977 0.088356501377166899 -0.22015684714245229 -0.50866616232016959 0.016165889978545404
decision_type=2 2 2 2 2 2
left_child=-1 -2 3 4 -3 -4
right_child=1 2 5 -5 -6 -7
leaf_value=0.010264194315707388 -0.016133357872899309 -0.0058279202454119289 0.02000300762024558 -0.013983588532130005 0.010978522045243459 -0.0026021172835957165
leaf_weight=3.6374505795538417 3.1680101081728962 8.8290429301560014 3.1969330366700879 5.0724814441055051 7.320091698318719 2.4892155788838863
leaf_count=24 24 63 27 37 58 17
internal_value=4.96316e-05 -0.00118575 0.000574124 -0.00198018 0.00179012 0.0101072
internal_weight=33.7132 30.0758 26.9078 21.2216 16.1491 5.68615
internal_count=250 226 202 158 121 44
is_linear=0
shrinkage=0.05


Tree=486
num_leaves=6
num_cat=0
split_feature=18 16 29 15 27
split_gain=0.170015 0.306535 0.430472 0.33652 0.404386
threshold=1.3163298153540046 0.034983122722560316 -0.0065532410594466564 0.029030169733691161 -0.0073145777874613618
decision_type=2 2 2 2 2
left_child=1 2 -1 4 -4
right_child=-2 -3 3 -5 -6
leaf_value=0.019758135780404383 0.0096422562342683149 -0.015773294576601735 0.0051998525239415651 0.010578812108938625 -0.010346700562404252
leaf_weight=2.584352992475039 3.930338528007268 3.3029642999172202 6.5106593575328686 4.4292745403945437 11.69869236205704
leaf_count=22 26 23 53 32 94
internal_value=-0.000106951 -0.00145021 0.000425408 -0.00178155 -0.00478811
internal_weight=32.4563 28.5259 25.223 22.6386 18.2094
internal_count=250 224 201 179 147
is_linear=0
shrinkage=0.05


Tree=487
num_leaves=11
num_cat=0
split_feature=4 4 19 16 22 3 5 4 27 22
split_gain=0.0577549 0.0791602 0.100668 0.0997564 0.10076 0.0590859 0.058615 0.0517747 2.79009e-06 1.6817e-07
threshold=0.0082442092521698134 0.014488256729574924 0.011424485563714228 0.014153607679088813 -0.0022232471265162253 0.051683820412976818 0.014953547189709886 0.025904155983168472 0.031370949481721484 0.0053055677020257272
decision_type=2 2 2 2 2 2 2 2 2 2
left_child=-1 3 8 5 -5 -2 -4 -8 9 -3
right_child=1 2 6 4 -6 -7 7 -9 -10 -11
leaf_value=-0.016128421674549798 -0.020675971946479573 -0.033442592922191108 0.029683334405540947 -0.0032671850683069674 0.023727605033200306 0.0075436923123560875 -0.03354453457306493 0.015173659774329077 -0.033816813934562338 -0.03353249662265171
leaf_weight=0.45009981648763675 0.39851610502228219 0.12048430033610191 0.14874458918347955 0.51912323903525259 1.0346004315651949 0.34700281219556928 0.1177301091956906 0.10159665686660446 0.08762982819462195 0.091531682701315731
leaf_count=33 29 41 8 28 27 12 31 11 10 20
internal_value=0.00056094 0.00309278 -0.0120625 0.00749399 0.0147082 -0.00754109 0.00545445 -0.0109773 -0.0335795 -0.0334814
internal_weight=3.41706 2.96696 0.667717 2.29924 1.55372 0.745519 0.368071 0.219327 0.299646 0.212016
internal_count=250 217 121 96 55 41 50 42 71 61
is_linear=0
shrinkage=0.05


Tree=488
num_leaves=6
num_cat=0
split_feature=18 16 15 19 27
split_gain=0.169793 0.337069 0.401371 0.376231 0.388674
threshold=1.3163298153540046 0.034983122722560316 0.029030169733691161 0.042515213184090135 -0.0073145777874613618
decision_type=2 2 2 2 2
left_child=1 2 3 4 -1
right_child=-2 -3 -4 -5 -6
leaf_value=-0.004349552943232431 -0.009704004368110454 0.016269823387228786 -0.013400710897488944 -0.0095153554872348268 0.011840826922271114
leaf_weight=5.7301634587347605 3.9398792870342723 3.3541860133409491 4.9414607100188723 5.039592456072568 10.498532909899952
leaf_count=45 26 23 38 37 81
internal_value=4.63968e-05 0.0013458 -0.000564101 0.00241835 0.00612419
internal_weight=33.5038 29.5639 26.2097 21.2683 16.2287
internal_count=250 224 201 163 126
is_linear=0
shrinkage=0.05


Tree=489
num_leaves=9
num_cat=0
split_feature=0 22 2 17 21 21 19 21
split_gain=0.16641 0.318209 0.371631 0.302129 0.216949 0.459152 0.511862 0.347026
threshold=-0.00033551514938506827 0.0065591886787134132 0.033333027154259794 -0.010768417581573804 -0.00081513905586688684 -0.002026978138577384 -0.0080194077406610647 0.0017184121188301706
decision_type=2 2 2 2 2 2 2 2
left_child=1 2 3 -1 5 6 -2 -6
right_child=4 -3 -4 -5 7 -7 -8 -9
leaf_value=0.017687564963238617 0.017220529038790219 -0.021019248673877288 -0.015725649710919189 -0.0032965823407810472 0.017230194283881849 -0.019822960728904285 -0.0078372395352288467 -0.0025143451701410331
leaf_weight=2.9483756907284251 3.8297764295712087 2.3986338551621875 2.9229078516364098 4.1016394495964041 5.0073159784078616 2.7208097130060187 4.3561428394168624 4.0056205503642559
leaf_count=21 29 26 20 38 35 16 36 29
internal_value=-0.000113723 -0.00466828 -0.000735635 0.00547916 0.00271499 -0.00202846 0.00388602 0.00845513
internal_weight=32.2912 12.3716 9.97292 7.05002 19.9197 10.9067 8.18592 9.01294
internal_count=250 105 79 59 145 81 65 64
is_linear=0
shrinkage=0.05


Tree=490
num_leaves=10
num_cat=0
split_feature=22 22 17 15 2 12 31 29 4
split_gain=0.055548 0.154194 0.147754 0.120379 0.0864628 0.0651518 7.03454e-06 1.72945e-06 1.37171e-06
threshold=0.0093681200468622734 -0.0012629562516405788 -0.0094083677247192073 0.01967247212534011 0.014656431304753139 -0.042032187304495212 0.50793502274948754 0.00031498031954080302 0.013873411764219237
decision_type=2 2 2 2 2 2 2 2 2
left_child=1 3 -3 4 -1 -5 7 -4 -7
right_child=-2 2 6 5 -6 8 -8 -9 -10
leaf_value=0.024416703843216574 0.016104584391444576 0.018813556467989542 -0.033733046949713553 0.012804706370672284 0.0015946041342517208 -0.033690186312870039 -0.034038163911403518 -0.03353357458791166 -0.033465751332842235
leaf_weight=0.67312780988868448 0.49514950718730677 0.1742804772220552 0.21413680705882132 0.10469568904955018 1.0822719815187154 0.12677805969724343 0.14107537886593491 0.22061186371138319 0.14704245651955716
leaf_count=19 31 18 28 7 38 14 10 43 42
internal_value=0.000633163 -0.00202308 -0.021523 0.00483144 0.010346 -0.0207427 -0.0337314 -0.0336318 -0.0335697
internal_weight=3.37917 2.88402 0.750105 2.13392 1.7554 0.378516 0.575824 0.434749 0.273821
internal_count=250 219 99 120 57 63 81 71 56
is_linear=0
shrinkage=0.05


Tree=491
num_leaves=9
num_cat=0
split_feature=3 7 8 32 16 8 16 13
split_gain=0.166838 0.297454 0.400449 0.468116 0.438262 0.383239 0.29501 0.281256
threshold=0.10475743092017532 3334.7049926757818 0.011664691807065905 -0.44155825948764543 0.014571024925539569 -0.012239112632859836 0.014884528596132684 61.04383683477937
decision_type=2 2 2 2 2 2 2 2
left_child=1 -1 3 6 -4 -5 -3 -6
right_child=-2 2 4 5 7 -7 -8 -9
leaf_value=0.014543624879125694 -0.010016395999807463 -0.0045379568995387613 -0.0065045588825316568 0.014955413532449403 -0.00016231724872202164 -0.0061515031979442122 -0.026192304764806884 0.022030932405127907
leaf_weight=3.704530073329809 3.6662721186876288 2.934394113719466 3.7815551273524743 3.3688224107027063 2.1061059162020683 5.9471907317638371 3.3897856622934341 4.4311297312378883
leaf_count=31 24 22 29 26 17 42 24 35
internal_value=4.59857e-05 0.00128965 -0.000601787 -0.005646 0.00704372 0.0014811 -0.0161448 0.0148809
internal_weight=33.3298 29.6635 25.959 15.6402 10.3188 9.31601 6.32418 6.53724
internal_count=250 226 195 114 81 68 46 52
is_linear=0
shrinkage=0.05


Tree=492
num_leaves=9
num_cat=0
split_feature=0 13 13 18 1 17 16 2
split_gain=0.161896 0.308633 0.358082 0.726408 0.217273 0.292868 0.473994 0.518138
threshold=-0.00033551514938506827 60.058237970803269 56.619846137036255 0.15066457996164315 -0.016868635283571628 0.017756248768387568 0.019886396493562348 0.033333027154259794
decision_type=2 2 2 2 2 2 2 2
left_child=1 2 3 -1 -2 6 7 -6
right_child=4 -3 -4 -5 5 -7 -8 -9
leaf_value=-0.025847988222259716 0.015490605911043285 -0.017079566065439072 0.014985397486941544 0.0094515558163328801 -0.0074430107926244981 0.014658186880421122 -0.016787458812503649 0.015545559747514585
leaf_weight=2.6756755341775698 2.8393315598368671 3.5373256241437039 2.8465338014066219 3.2009171769022942 5.1757769994437712 3.021363176405429 4.1034720707684746 4.6561064161360264
leaf_count=30 20 31 18 26 39 22 32 32
internal_value=-0.000106827 -0.00462191 0.000429807 -0.0066207 0.00268954 0.000546052 -0.00251364 0.00344374
internal_weight=32.0565 12.2605 8.72313 5.87659 19.7961 16.9567 13.9354 9.83188
internal_count=250 105 74 56 145 125 103 71
is_linear=0
shrinkage=0.05


Tree=493
num_leaves=11
num_cat=0
split_feature=16 24 16 1 6 24 3 22 28 21
split_gain=0.0539207 0.103091 0.0895829 0.0951951 0.0686019 0.0655844 0.0768635 7.43415e-07 6.71462e-07 2.80498e-07
threshold=0.017851990527882125 -0.0026151902425762814 0.01394624661794828 0.01857427860085992 0.92934876811335898 -0.0046641730588430344 -0.090284711171275386 -0.0056180986360817578 0.034849967132094768 0.0026840217540907711
decision_type=2 2 2 2 2 2 2 2 2 2
left_child=2 5 3 -1 -4 6 -2 -3 -8 -9
right_child=1 7 4 -5 -6 -7 8 9 -10 -11
leaf_value=-0.033639857141629342 0.025968861161412234 -0.033669699074576946 -0.0024508354375294655 0.0026426429243442025 0.018059474777067177 0.023761140771227086 -0.033422035847940137 -0.033422513257078949 -0.033628112136856063 -0.033537906212725704
leaf_weight=0.27307806105818677 0.081113983877003193 0.082040211884305214 0.64544038265012194 0.53490181639790535 1.1068007289431987 0.21917135163676027 0.09846403356641531 0.085447028905036082 0.066039340454153717 0.13726379864965566
leaf_count=35 2 12 26 25 25 8 42 38 10 27
internal_value=0.000665065 -0.0109405 0.0041534 -0.00961998 0.0105045 0.00387822 -0.0138639 -0.033541 -0.0335048 -0.0334936
internal_weight=3.32976 0.76954 2.56022 0.80798 1.75224 0.464789 0.245617 0.304751 0.164503 0.222711
internal_count=250 139 111 60 51 62 54 77 52 65
is_linear=0
shrinkage=0.05


Tree=494
num_leaves=6
num_cat=0
split_feature=31 31 16 18 29
split_gain=0.20018 0.258534 0.291627 0.471996 0.545966
threshold=-0.37133263744524581 -0.24153905750803426 0.034983122722560316 -0.81336442997887726 -0.0049334636697149761
decision_type=2 2 2 2 2
left_child=-1 -2 3 -3 -5
right_child=1 2 -4 4 -6
leaf_value=0.01443480299663373 -0.015464796917943622 -0.018341619668881162 0.011804379663584507 -0.018287963927953715 0.0047780974596462926
leaf_weight=2.2497954145073882 2.8128033392131355 3.6590151488781038 4.695965949445962 3.0338117238134243 16.616576101630919
leaf_count=18 24 28 32 23 125
internal_value=3.65914e-05 -0.00101451 0.000436848 -0.00185328 0.00121694
internal_weight=33.068 30.8182 28.0054 23.3094 19.6504
internal_count=250 232 208 176 148
is_linear=0
shrinkage=0.05


Tree=495
num_leaves=6
num_cat=0
split_feature=1 10 12 12 0
split_gain=0.161361 0.354993 0.390728 0.608907 0.400031
threshold=-0.033282401952452793 -0.007632002399465967 0.013048710343382347 0.026800749917009273 -0.0049156172271392897
decision_type=2 2 2 2 2
left_child=-1 -2 -3 -4 -5
right_child=1 2 3 4 -6
leaf_value=0.011083428173689951 -0.01729992478054523 0.014926635545742296 -0.024101323247458357 -0.012646068770462522 0.0049777602967874014
leaf_weight=2.9252230599522617 3.0747388247400584 4.0529950577765694 2.7221402339637306 4.1042679958045616 14.941711477935302
leaf_count=24 29 27 23 33 114
internal_value=-0.000107082 -0.00123993 0.000672465 -0.00198151 0.00117996
internal_weight=31.8211 28.8959 25.8211 21.7681 19.046
internal_count=250 226 197 170 147
is_linear=0
shrinkage=0.05


Tree=496
num_leaves=11
num_cat=0
split_feature=16 24 16 33 2 24 3 22 28 21
split_gain=0.0528223 0.0985725 0.0844947 0.093874 0.0670574 0.0625528 0.073179 6.6904e-07 6.22634e-07 2.49731e-07
threshold=0.017851990527882125 -0.0026151902425762814 0.01394624661794828 0.39500000000000007 0.014386357429077458 -0.0046641730588430344 -0.090284711171275386 -0.0056180986360817578 0.034849967132094768 0.0026840217540907711
decision_type=2 2 2 2 2 2 2 2 2 2
left_child=2 5 3 -1 -4 6 -2 -3 -8 -9
right_child=1 7 4 -5 -6 -7 8 9 -10 -11
leaf_value=-0.033683995934030091 0.025474979833802341 -0.033658039912526735 0.020252409428220822 0.0027428672426870822 0.00065052977678759687 0.023212217107737472 -0.033419510158109282 -0.033419906913980231 -0.033621102159782833 -0.033530633366208686
leaf_weight=0.26516452856594774 0.078538875095546246 0.079204587731510734 0.85644832067191579 0.53112758509814739 0.88939810357987881 0.21457560267299447 0.095149647706421092 0.082721353406667864 0.064109699858818203 0.13246901737875305
leaf_count=32 2 12 21 28 30 8 42 38 10 27
internal_value=0.000675851 -0.0110154 0.00411021 -0.00938724 0.0102665 0.00363915 -0.0140225 -0.0335338 -0.0335007 -0.0334881
internal_weight=3.28891 0.746769 2.54214 0.796292 1.74585 0.452374 0.237798 0.294395 0.159259 0.21519
internal_count=250 139 111 60 51 62 54 77 52 65
is_linear=0
shrinkage=0.05


Tree=497
num_leaves=8
num_cat=0
split_feature=15 15 16 18 0 20 1
split_gain=0.16109 0.287537 0.434819 0.419475 0.565477 0.345193 0.381405
threshold=0.042023658091660969 0.022541552720463241 0.019886396493562348 -0.69218129018539454 -0.0049156172271392897 -0.047054593386037839 0.0091671054872038988
decision_type=2 2 2 2 2 2 2
left_child=1 2 5 -3 -5 -1 -7
right_child=-2 3 -4 4 -6 6 -8
leaf_value=-0.013427359439196927 0.010610990122523893 0.012089468476647075 0.015981633923647504 1.7859172215213542e-05 -0.025878629974758295 0.014772305238703716 -0.0049351974264359331
leaf_weight=4.3771539218723801 3.2452152445912352 2.1296838372945777 4.5756905898451796 4.2772111259400836 4.1565584987401953 4.2518961038440484 5.8095144256949425
leaf_count=31 25 18 37 32 31 30 46
internal_value=3.60918e-05 -0.00112417 0.00255033 -0.00773827 -0.0127451 -0.00170615 0.00339308
internal_weight=32.8229 29.5777 19.0143 10.5635 8.43377 14.4386 10.0614
internal_count=250 225 144 81 63 107 76
is_linear=0
shrinkage=0.05


Tree=498
num_leaves=8
num_cat=0
split_feature=28 19 22 29 18 16 18
split_gain=0.157086 0.213091 0.45637 0.265446 0.314133 0.664923 0.627392
threshold=0.098565230738145729 -0.054805799949304061 -0.0038781620359074616 0.0055267861700197827 0.12958122386108403 0.013700416979847934 -0.36680518589029315
decision_type=2 2 2 2 2 2 2
left_child=1 2 -1 4 6 -6 -3
right_child=-2 3 -4 -5 5 -7 -8
leaf_value=0.0053716910839195107 0.011600669675103301 0.00090017680132800778 -0.023926146005802944 0.01629573661106758 0.030983942617022159 -0.0011663146532373849 -0.024726475320465121
leaf_weight=2.5024249143898487 2.6276895068585864 8.3570723803713989 2.83505297452212 2.494790591299533 2.0560676008462888 7.3830859407316893 3.3440038934349987
leaf_count=17 21 62 30 19 13 60 28
internal_value=-0.000105086 -0.00116675 -0.0101901 0.000870993 -0.000949304 0.00583676 -0.00642356
internal_weight=31.6002 28.9725 5.33748 23.635 21.1402 9.43915 11.7011
internal_count=250 229 47 182 163 73 90
is_linear=0
shrinkage=0.05


Tree=499
num_leaves=10
num_cat=0
split_feature=21 27 31 32 0 17 0 27 6
split_gain=0.0529783 0.155157 0.131539 0.201968 0.098385 0.0920168 0.0856619 1.64482e-05 6.51498e-06
threshold=0.0041349393947776045 0.012944509153066221 0.16553909846338141 -0.76274158030902617 0.0005742204483144554 -0.0065871925413131622 0.0027414873563184066 0.031370949481721484 1.0516891637874803
decision_type=2 2 2 2 2 2 2 2 2
left_child=1 2 4 -4 5 -1 -6 -3 -5
right_child=-2 7 3 8 6 -7 -8 -9 -10
leaf_value=0.014871077563075 0.014697928460147816 -0.033554859266668499 0.021638509346937219 -0.033614395502809293 0.035499859260319372 -0.033838525140188196 0.007673520689449459 -0.034252158926103046 -0.033987251097436638
leaf_weight=0.17861374374479055 0.55611950196907844 0.17588632430124551 0.24690975126577541 0.19467683424591076 0.42155941529199459 0.21208001024206291 0.80418947694124654 0.16289407132717315 0.2942240908741951
leaf_count=15 34 36 17 29 5 25 52 16 21
internal_value=0.000649001 -0.0022543 0.00230201 -0.0152227 0.0102793 -0.0115699 0.0172436 -0.0338901 -0.0338388
internal_weight=3.24715 2.69103 2.35225 0.735811 1.61644 0.390694 1.22575 0.33878 0.488901
internal_count=250 216 164 67 97 40 57 52 50
is_linear=0
shrinkage=0.05


Tree=500
num_leaves=7
num_cat=0
split_feature=28 19 22 34 12 19
split_gain=0.162309 0.219397 0.383104 0.258187 0.560122 0.62004
threshold=0.098565230738145729 -0.054805799949304061 -0.0038781620359074616 0.24628981718251367 0.013048710343382347 -0.031546553031348283
decision_type=2 2 2 2 2 2
left_child=1 2 -1 -3 -5 -6
right_child=-2 3 -4 4 5 -7
leaf_value=-0.0043593215951134301 -0.012019243933079977 0.011994676265710325 0.021980782817506136 -0.026560472420297122 -0.020628632687535196 0.00382488246731278
leaf_weight=2.5276358500123024 2.5712997801601878 3.3189164921641376 3.0416142325848368 2.2546708807349232 3.1019208803773024 15.776775004342189
leaf_count=17 21 27 30 14 21 120
internal_value=3.7227e-05 0.00106985 0.0100262 -0.000970047 -0.00300611 -0.000193026
internal_weight=32.5928 30.0215 5.56925 24.4523 21.1334 18.8787
internal_count=250 229 47 182 155 141
is_linear=0
shrinkage=0.05


Tree=501
num_leaves=9
num_cat=0
split_feature=4 30 21 28 23 30 19 17
split_gain=0.169723 0.461461 0.442958 0.58482 0.531651 0.411658 0.343823 0.571108
threshold=0.014906151697964484 -0.01322337341609031 -0.0031141991286803834 0.020588253627280565 0.0045796882368773781 0.0060549121341574317 -0.0042854614325467102 -0.00083305723310001922
decision_type=2 2 2 2 2 2 2 2
left_child=2 -2 -1 4 5 -4 7 -3
right_child=1 6 3 -5 -6 -7 -8 -9
leaf_value=-0.019322417740267883 0.02096803028825411 -0.008857109091893375 -0.010919682709070034 0.019736394581999883 -0.022826568837696785 0.013837761111022638 -0.011119349744590896 0.019442293399695498
leaf_weight=3.5282501336187151 3.0845449902117261 3.3501122388988724 3.1045014727860707 3.0648435312323263 2.9979095906019211 3.6568308472633362 4.7747719604521963 3.8107374049723148
leaf_count=32 23 25 27 24 28 24 39 28
internal_value=-0.000108807 0.00372843 -0.00363344 0.000683024 -0.0053006 0.00247025 -0.000726832 0.00620278
internal_weight=31.3725 15.0202 16.3523 12.8241 9.75924 6.76133 11.9356 7.16085
internal_count=250 115 135 103 79 51 92 53
is_linear=0
shrinkage=0.05


Tree=502
num_leaves=9
num_cat=0
split_feature=4 30 20 28 28 9 28 16
split_gain=0.0521507 0.0770664 0.121315 0.172876 0.111598 0.109407 0.0752336 0.0774821
threshold=0.0082442092521698134 0.0067993525455957169 -0.039594974019638011 1.0000000180025095e-35 0.0219700531521595 3361.1499877929691 0.013339568855629926 0.015717894106065586
decision_type=2 2 2 2 2 2 2 2
left_child=-1 4 3 -3 6 -6 7 -2
right_child=1 2 -4 -5 5 -7 -8 -9
leaf_value=-0.015611481851202058 -0.01437023673334855 -0.033577552489225476 -0.034162296472475359 0.019591066577874336 0.014218802468648671 -0.033811797429143996 0.032652261263176177 0.019080701954004048
leaf_weight=0.42373604903696138 0.2630833642324435 0.21927730923925992 0.30355295167828422 0.50493908807402477 0.22576937038684253 0.24968375645403285 0.49355756654404104 0.50618449476314709
leaf_count=33 19 37 27 32 12 32 11 47
internal_value=0.000722856 0.00322514 -0.00762872 0.00349274 0.00964257 -0.0110044 0.0174161 0.00764075
internal_weight=3.18978 2.76605 1.02777 0.724216 1.73828 0.475453 1.26283 0.769268
internal_count=250 217 96 69 121 44 77 66
is_linear=0
shrinkage=0.05


Tree=503
num_leaves=6
num_cat=0
split_feature=31 31 16 18 34
split_gain=0.201659 0.253535 0.275711 0.446059 0.398448
threshold=-0.37133263744524581 -0.24153905750803426 0.034983122722560316 -0.81336442997887726 0.24628981718251367
decision_type=2 2 2 2 2
left_child=-1 -2 3 -3 -5
right_child=1 2 -4 4 -6
leaf_value=0.014661318769994712 -0.015514663972805679 -0.018013584551282536 0.011552665277432178 0.020197193784948064 -0.0015426716782616567
leaf_weight=2.1963996663689604 2.7463508844375637 3.5907214898616138 4.6235357522964469 2.4102448504418161 16.787892760708928
leaf_count=18 24 28 32 22 126
internal_value=3.4238e-05 -0.00103102 0.000420043 -0.00183861 0.00118668
internal_weight=32.3551 30.1587 27.4124 22.7889 19.1981
internal_count=250 232 208 176 148
is_linear=0
shrinkage=0.05


Tree=504
num_leaves=6
num_cat=0
split_feature=18 16 17 17 27
split_gain=0.161526 0.260212 0.486534 0.283883 0.261498
threshold=1.3163298153540046 0.034983122722560316 0.016953316990169245 0.010143705665102564 -0.0081993809289979663
decision_type=2 2 2 2 2
left_child=1 2 3 4 -1
right_child=-2 -3 -4 -5 -6
leaf_value=0.0092030919278161816 0.0095630195092372468 -0.01485744914026671 0.021687195221968023 -0.017710825871899632 -0.0036715175160201893
leaf_weight=5.548814378678812 3.7946354895830146 3.1939282808452836 2.4011367112398139 2.5480876285582772 13.637241041054951
leaf_count=45 26 23 20 22 114
internal_value=-0.000103567 -0.00144576 0.000329065 -0.00203053 5.19585e-05
internal_weight=31.1238 27.3292 24.1353 21.7341 19.1861
internal_count=250 224 201 181 159
is_linear=0
shrinkage=0.05


Tree=505
num_leaves=10
num_cat=0
split_feature=30 20 2 28 23 22 23 12 24
split_gain=0.0508212 0.0679556 0.146189 0.123613 0.0888215 0.196805 0.0551065 0.0211143 5.95644e-06
threshold=0.020731968326248244 -0.10113077917364348 0.014386357429077458 0.014502907254664634 -0.00095123756154930062 0.0093681200468622734 0.0061788359802942292 0.022423825188910469 -0.023578352058714055
decision_type=2 2 2 2 2 2 2 2 2
left_child=1 -1 4 8 7 -6 -5 -3 -4
right_child=-2 2 3 6 5 -7 -8 -9 -10
leaf_value=0.022224365483040569 -0.019226264931526783 0.012418558852945823 -0.033956153215301689 -0.014064057131915858 -0.033672346671653551 0.027971177983292878 0.015048437860094627 0.028511277732944675 -0.033564652171327779
leaf_weight=0.38480092459940429 0.29171889465942502 0.38207574162515812 0.13970917594269916 0.33149762824177742 0.28227470550336897 0.23920179414562881 0.31894021146581508 0.4368941790307872 0.31895827705738977
leaf_count=17 38 21 15 27 41 6 13 19 53
internal_value=0.000645564 0.00269082 -0.000377707 -0.013806 0.0107331 -0.0053964 0.000211166 0.0210035 -0.0336839
internal_weight=3.12607 2.83435 2.44955 1.10911 1.34045 0.521476 0.650438 0.81897 0.458667
internal_count=250 212 195 108 87 47 40 40 68
is_linear=0
shrinkage=0.05


Tree=506
num_leaves=6
num_cat=0
split_feature=31 31 16 18 34
split_gain=0.190217 0.236328 0.26355 0.409889 0.378996
threshold=-0.37133263744524581 -0.24153905750803426 0.034983122722560316 -0.81336442997887726 0.24628981718251367
decision_type=2 2 2 2 2
left_child=-1 -2 3 -3 -5
right_child=1 2 -4 4 -6
leaf_value=0.014350412552713977 -0.015050654010936616 -0.017432455851182627 0.011315094480263362 0.019797446312849663 -0.0015670836535598325
leaf_weight=2.1647677086293688 2.719826843589547 3.5421145055443111 4.6011141985654822 2.3704812340438393 16.698908591642976
leaf_count=18 24 28 32 22 126
internal_value=3.75519e-05 -0.00099758 0.000406987 -0.00181266 0.0010887
internal_weight=32.0972 29.9324 27.2126 22.6115 19.0694
internal_count=250 232 208 176 148
is_linear=0
shrinkage=0.05


Tree=507
num_leaves=6
num_cat=0
split_feature=1 8 8 8 11
split_gain=0.162701 0.310517 0.244841 0.397861 0.384681
threshold=-0.033282401952452793 -0.012239112632859836 -0.0063285269705198191 -0.00066271550487554342 3352.0919995117192
decision_type=2 2 2 2 2
left_child=-1 -2 -3 -4 -5
right_child=1 2 3 4 -6
leaf_value=0.011207785085349751 -0.018094791780748361 0.015579108963260972 -0.020599176143896045 0.010840461700402248 -0.0036842118097387211
leaf_weight=2.886605795472863 2.4951386896427783 2.4021227508783403 2.3704920243471959 6.7420101463794593 14.075802026782183
leaf_count=24 23 17 23 46 117
internal_value=-9.60715e-05 -0.00125787 0.000383777 -0.00119034 0.00101972
internal_weight=30.9722 28.0856 25.5904 23.1883 20.8178
internal_count=250 226 203 186 163
is_linear=0
shrinkage=0.05


Tree=508
num_leaves=10
num_cat=0
split_feature=4 4 27 18 32 22 28 27 32
split_gain=0.0488663 0.101417 0.139165 0.143385 0.0868468 0.0719933 4.33654e-06 2.08028e-06 9.1854e-08
threshold=0.014488256729574924 0.012470654677532382 0.0014402012732867011 0.23664453570528929 -0.22015684714245229 -0.0082696036241187692 0.010908732969928893 0.031370949481721484 -0.54869262177138289
decision_type=2 2 2 2 2 2 2 2 2
left_child=1 2 5 -4 7 -1 -7 8 -2
right_child=4 -3 3 -5 -6 6 -8 -9 -10
leaf_value=0.0013141293911270004 -0.033477723835703653 0.020182104278480911 -0.011050525250272121 0.02402126590755152 0.0051241074911739229 -0.03359051421102234 -0.033915372134524474 -0.033784905683779606 -0.03340881232920858
leaf_weight=0.22717814822681281 0.12715267576277256 0.67567473737290118 0.54447464906843357 0.62704523210413754 0.32065697957295913 0.21649539977079302 0.19549470307538286 0.060612820103415288 0.078032338555203751
leaf_count=9 37 24 33 18 32 32 13 14 38
internal_value=0.000588982 0.00365124 -0.00251741 0.00772133 -0.0123939 -0.0212838 -0.0337447 -0.0335275 -0.0334515
internal_weight=3.07282 2.48636 1.81069 1.17152 0.586455 0.639168 0.41199 0.265798 0.205185
internal_count=250 129 105 51 121 54 45 89 75
is_linear=0
shrinkage=0.05


Tree=509
num_leaves=6
num_cat=0
split_feature=31 31 16 18 29
split_gain=0.178616 0.222493 0.23777 0.457961 0.324999
threshold=-0.37133263744524581 -0.24153905750803426 0.034983122722560316 -0.89008060761719032 -0.0049334636697149761
decision_type=2 2 2 2 2
left_child=-1 -2 3 -3 -5
right_child=1 2 -4 4 -6
leaf_value=0.013967893056545595 -0.014641428222880441 -0.020608623055709999 0.010796702510942854 -0.01368906405193899 0.0037904746788461753
leaf_weight=2.1461237147450474 2.7046654783189359 2.8066737707704403 4.5698551535606375 3.1689521316439047 16.533906897529942
leaf_count=18 24 24 32 24 128
internal_value=3.65082e-05 -0.000967334 0.000398423 -0.00171262 0.000979115
internal_weight=31.9302 29.7841 27.0794 22.5095 19.7029
internal_count=250 232 208 176 152
is_linear=0
shrinkage=0.05


Tree=510
num_leaves=8
num_cat=0
split_feature=1 2 11 31 17 0 7
split_gain=0.163441 0.294931 0.317474 0.516129 0.70671 0.401136 0.416642
threshold=-0.03564531815114768 -0.018338885622767084 3371.8289990234375 0.16553909846338141 0.015181243549909466 0.0061238409259656299 3362.7449829101565
decision_type=2 2 2 2 2 2 2
left_child=-1 -2 5 4 -4 6 -3
right_child=1 2 3 -5 -6 -7 -8
leaf_value=0.012144197267261382 -0.016254933664615442 -0.0078517072019986117 -0.0054478867610034164 -0.022685550485002731 0.02488835862080092 0.023754025020163543 0.016329949239145988
leaf_weight=2.5075845718383816 2.9089019673410865 4.6605045208707434 9.751840014010666 2.9838905117940149 2.3903928846120825 2.7311678603291512 2.8832803126424551
leaf_count=21 29 33 85 24 17 21 20
internal_value=-9.05145e-05 -0.00117422 0.00055281 -0.00405426 0.000524289 0.00733503 0.00139067
internal_weight=30.8176 28.31 25.4011 15.1261 12.1422 10.275 7.54378
internal_count=250 229 200 126 102 74 53
is_linear=0
shrinkage=0.05


Tree=511
num_leaves=11
num_cat=0
split_feature=16 24 16 17 6 24 3 28 22 21
split_gain=0.0484288 0.0902527 0.0732468 0.0883715 0.063409 0.0574706 0.0654502 4.48896e-07 4.35701e-07 1.87507e-07
threshold=0.017851990527882125 -0.0026151902425762814 0.01394624661794828 0.0020369556556761362 0.92934876811335898 -0.0046641730588430344 -0.090284711171275386 0.034849967132094768 -0.005303444800590972 0.0026840217540907711
decision_type=2 2 2 2 2 2 2 2 2 2
left_child=2 5 3 -1 -4 6 -2 -8 -3 -10
right_child=1 8 4 -5 -6 -7 7 -9 9 -11
leaf_value=0.0032352260990162482 0.024868951808878506 -0.033619620715208312 -0.0030259809555507507 -0.033626201969870234 0.017524485253281413 0.022683794786422781 -0.033415201147741574 -0.033593530542667553 -0.03341444516128985 -0.033515400861131049
leaf_weight=0.4844770058407456 0.071523078717291355 0.074684608320240264 0.59407163877040137 0.24472855296335183 1.0195605235639957 0.2020865845261145 0.087032744966563769 0.059355963778216392 0.073326400961376881 0.12338712776545435
leaf_count=30 2 13 26 30 25 8 42 10 37 27
internal_value=0.000583979 -0.011044 0.00401553 -0.00913583 0.00995867 0.00347764 -0.0143337 -0.0334875 -0.0335168 -0.0334778
internal_weight=3.03423 0.691397 2.34284 0.729206 1.61363 0.419998 0.217912 0.146389 0.271398 0.196714
internal_count=250 139 111 60 51 62 54 52 77 64
is_linear=0
shrinkage=0.05


Tree=512
num_leaves=7
num_cat=0
split_feature=31 20 18 32 20 34
split_gain=0.167391 0.213087 0.324369 0.353683 0.702855 0.47565
threshold=-0.37133263744524581 0.14238316088760153 1.3163298153540046 -0.23987117030361244 -0.034017125820351928 0.72123699139949116
decision_type=2 2 2 2 2 2
left_child=-1 2 3 4 -2 -5
right_child=1 -3 -4 5 -6 -7
leaf_value=0.013576577758147313 -0.0060325856316308501 0.010248217014270542 -0.017336409368725016 0.0017123850467366893 0.015148147012304323 -0.024754647231916824
leaf_weight=2.1282446421682861 8.5248086228966802 3.7208421044051638 3.2435936927795401 3.87709174491465 7.2458307258784762 3.0196287781000137
leaf_count=18 69 33 21 29 58 22
internal_value=3.20374e-05 -0.000940772 -0.00254752 -0.000431303 0.00369892 -0.00987582
internal_weight=31.76 29.6318 25.911 22.6674 15.7706 6.89672
internal_count=250 232 199 178 127 51
is_linear=0
shrinkage=0.05


Tree=513
num_leaves=9
num_cat=0
split_feature=4 30 21 28 23 17 19 17
split_gain=0.153897 0.446114 0.417052 0.537536 0.477063 0.404048 0.321223 0.538668
threshold=0.014906151697964484 -0.01322337341609031 -0.0031141991286803834 0.020588253627280565 0.0045796882368773781 0.0032272959897254681 -0.0042854614325467102 -0.00083305723310001922
decision_type=2 2 2 2 2 2 2 2
left_child=2 -2 -1 4 5 -4 7 -3
right_child=1 6 3 -5 -6 -7 -8 -9
leaf_value=-0.018998753020326664 0.020781740872897088 -0.0087729262550682117 -0.0092523487229426542 0.019154902843928956 -0.022145226514668662 0.015531566767590916 -0.010994444759776659 0.019003860570889711
leaf_weight=3.4111608332023016 3.0033028684556475 3.2949134297668925 3.5357365533709544 3.0051779875066122 2.8675750899128616 3.0744444616138935 4.6635536309331647 3.7114852275699377
leaf_count=32 23 25 29 24 28 22 39 28
internal_value=-9.62708e-05 0.00359615 -0.00350507 0.000728824 -0.00511366 0.00227484 -0.000826624 0.00594121
internal_weight=30.5674 14.6733 15.8941 12.4829 9.47776 6.61018 11.67 7.0064
internal_count=250 115 135 103 79 51 92 53
is_linear=0
shrinkage=0.05


Tree=514
num_leaves=9
num_cat=0
split_feature=4 30 20 28 28 7 28 16
split_gain=0.0484338 0.0728781 0.112223 0.15464 0.102309 0.112211 0.0697808 0.070432
threshold=0.0082442092521698134 0.0067993525455957169 -0.039594974019638011 1.0000000180025095e-35 0.0219700531521595 3384.6749877929692 0.013339568855629926 0.015717894106065586
decision_type=2 2 2 2 2 2 2 2
left_child=-1 4 3 -3 6 -6 7 -2
right_child=1 2 -4 -5 5 -7 -8 -9
leaf_value=-0.015594514524873121 -0.014015294462880286 -0.033555372081761174 -0.034128534431530973 0.01890876772323365 0.016605802469207728 -0.033809447958614874 0.032329635064656928 0.018726739195872737
leaf_weight=0.39960511951358091 0.24982488038949691 0.19994032430986408 0.28529357207298733 0.47208775952458382 0.20201722905039776 0.24329028940701392 0.46302657085470855 0.47948556236224249
leaf_count=33 19 37 27 32 13 31 11 47
internal_value=0.000609665 0.00310499 -0.00785434 0.00329975 0.0095115 -0.0109382 0.0171489 0.00751097
internal_weight=2.99457 2.59497 0.957322 0.672028 1.63764 0.445308 1.19234 0.72931
internal_count=250 217 96 69 121 44 77 66
is_linear=0
shrinkage=0.05


Tree=515
num_leaves=9
num_cat=0
split_feature=16 16 19 1 20 19 17 0
split_gain=0.161762 0.262992 0.434425 0.514477 0.473396 0.413619 0.420095 0.351505
threshold=0.010795918249056959 0.013700416979847934 -1.0000000180025095e-35 0.016477600502263882 -0.05449106168792394 0.03084171737534214 0.0012440486920878796 -0.0020926799625824439
decision_type=2 2 2 2 2 2 2 2
left_child=-1 -2 3 7 -5 -4 -7 -3
right_child=1 2 5 4 -6 6 -8 -9
leaf_value=0.01033246561613721 -0.012885156344754928 -0.0024944189828388116 0.022648814042435517 0.020022626543122566 -0.0064795727595224244 -0.010466342577910247 0.013813685780758388 -0.026009462996564592
leaf_weight=3.402171183377507 4.1175397150218513 2.8953333916142636 3.4296774193644453 2.8213654942810535 4.1835238821804523 3.6098261661827564 3.517427921295166 3.5228421464562434
leaf_count=24 33 28 30 22 29 29 28 27
internal_value=3.54625e-05 -0.00121134 0.000793135 -0.0051751 0.00419474 0.00838171 0.00151629 -0.0154015
internal_weight=31.4997 28.0975 23.98 13.4231 7.00489 10.5569 7.12725 6.41818
internal_count=250 226 193 106 51 87 57 55
is_linear=0
shrinkage=0.05


Tree=516
num_leaves=8
num_cat=0
split_feature=22 19 16 19 19 33 21
split_gain=0.1576 0.372469 0.438497 0.341828 0.378214 0.5589 0.25324
threshold=-0.0032460251132191416 -0.013755417450014016 0.015717894106065586 0.0094030112652686588 -0.054805799949304061 0.32000000000000006 0.0012642804154334721
decision_type=2 2 2 2 2 2 2
left_child=1 -1 -3 4 -2 -6 -5
right_child=3 2 -4 6 5 -7 -8
leaf_value=-0.0054266806582106974 -0.012491684723539349 0.027847284422889459 0.0015486390921078893 -0.018882147500749423 -0.010191950550166012 0.018602897459234876 -0.0010280714763027247
leaf_weight=5.3230218850076199 2.8599318554624933 2.6958820819854754 3.8466935940086842 4.3648470994085056 2.5460441522300243 4.9839478489011526 3.6443099975585938
leaf_count=39 31 18 33 39 20 39 31
internal_value=-9.84367e-05 0.00439454 0.0123851 -0.00299596 0.00298764 0.00886677 -0.0107582
internal_weight=30.2647 11.8656 6.54258 18.3991 10.3899 7.52999 8.00916
internal_count=250 90 51 160 90 59 70
is_linear=0
shrinkage=0.05


Tree=517
num_leaves=13
num_cat=0
split_feature=4 32 19 23 2 21 20 28 24 27 22 16
split_gain=0.0470305 0.095316 0.0800985 0.0796656 0.134343 0.0935763 0.0748252 0.0479574 0.0528197 1.53007e-06 1.36003e-07 2.39567e-08
threshold=0.014488256729574924 -0.26364508454941898 0.011424485563714228 0.0061788359802942292 0.014386357429077458 -0.0034648207962856277 -0.058294694248819771 -0.033448733870370333 -0.023578352058714055 0.031370949481721484 0.0053055677020257272 0.020805399854652015
decision_type=2 2 2 2 2 2 2 2 2 2 2 2
left_child=1 3 9 4 -1 -6 -3 -4 -9 10 11 -2
right_child=2 6 7 -5 5 -7 -8 8 -10 -11 -12 -13
leaf_value=0.016942871980987532 -0.033447059413686607 0.0084859554698586605 0.028801916063177415 0.023199777420561243 0.0044738781100126385 -0.033821541665421027 -0.033870196215159819 0.021132311874365865 -0.033499867230341589 -0.033735824770910375 -0.033509658335888697 -0.033397445741621623
leaf_weight=0.6795133521081882 0.047936826944351085 0.17070764192612842 0.12287256366107613 0.62039867904968571 0.31366414250806007 0.32459911686601084 0.2679090363380966 0.073985907118185423 0.11005148505500983 0.071258953568758443 0.080708318128017709 0.049410404200898483
leaf_count=27 11 9 6 19 15 26 33 6 38 10 20 30
internal_value=0.000599755 0.00366265 -0.0124882 0.0084259 0.00147048 -0.0150019 -0.0173854 0.00461291 -0.0115369 -0.03354 -0.0334617 -0.0334219
internal_weight=2.93302 2.37679 0.556224 1.93818 1.31778 0.638263 0.438617 0.30691 0.184037 0.249315 0.178056 0.0973472
internal_count=250 129 121 87 68 41 42 50 44 71 61 41
is_linear=0
shrinkage=0.05


Tree=518
num_leaves=9
num_cat=0
split_feature=15 15 7 8 16 20 32 7
split_gain=0.155701 0.269192 0.384442 0.417462 0.38189 0.304391 0.365808 0.127121
threshold=0.042023658091660969 0.022541552720463241 4038.5849731445319 0.0099062041198897388 0.019886396493562348 -0.047054593386037839 -0.23987117030361244 4788.1450439453138
decision_type=2 2 2 2 2 2 2 2
left_child=1 4 3 -3 5 -1 -7 -4
right_child=-2 2 7 -5 -6 6 -8 -9
leaf_value=-0.012863051128065362 0.010715004978562245 0.017693558550429839 -0.024406991691606792 -0.012575873829986942 0.015458334540711674 0.011161200924804549 -0.0089780297418188843 -0.0092588556171234581
leaf_weight=4.1515112649649444 3.0781729668378821 2.3620155714452249 2.651611290872097 2.1999945975840092 4.3399248346686354 5.8251257073134228 3.6787903485819671 2.8993161171674728
leaf_count=31 25 23 17 18 37 49 27 23
internal_value=3.91214e-05 -0.00113001 -0.00765718 0.00309636 0.0025381 -0.00156817 0.00336568 -0.0164949
internal_weight=31.1865 28.1083 10.1129 4.56201 17.9954 13.6554 9.50392 5.55093
internal_count=250 225 81 41 144 107 76 40
is_linear=0
shrinkage=0.05


Tree=519
num_leaves=8
num_cat=0
split_feature=18 29 29 27 17 28 18
split_gain=0.157269 0.261581 0.3327 0.339673 0.492943 0.397113 0.27167
threshold=1.3163298153540046 -0.0049334636697149761 -0.0014699969061824911 -0.0020918071227466468 -0.001380277802244414 -0.0056053388432018561 0.1356182751407122
decision_type=2 2 2 2 2 2 2
left_child=1 6 -3 5 -5 -4 -1
right_child=-2 2 3 4 -6 -7 -8
leaf_value=-0.0031871598572145092 0.009559761390981367 -0.018951539187844819 -0.0043432524499530901 -0.024952885881305047 -0.00042833475163341907 0.018283077667258004 0.019430353280900769
leaf_weight=2.5801208019256654 3.6932527851313344 3.1482915603555837 4.0329329948872328 2.8581105200573891 7.2374817682429899 3.7353272307664254 2.7350959330797195
leaf_count=20 26 28 37 30 59 28 22
internal_value=-0.000102552 -0.001458 -0.00396466 -0.0013234 -0.00737135 0.0065365 0.00845132
internal_weight=30.0206 26.3274 21.0121 17.8639 10.0956 7.76826 5.31522
internal_count=250 224 182 154 89 65 42
is_linear=0
shrinkage=0.05


Tree=520
num_leaves=10
num_cat=0
split_feature=4 4 27 18 30 32 21 27 32
split_gain=0.0456663 0.0933763 0.12521 0.131055 0.0853308 0.0775761 4.35382e-06 1.65681e-06 6.58378e-08
threshold=0.014488256729574924 0.012470654677532382 0.0014402012732867011 0.23664453570528929 -0.0037291046787226718 -0.22015684714245229 0.0018819967403077566 0.031370949481721484 -0.54869262177138289
decision_type=2 2 2 2 2 2 2 2 2
left_child=1 2 4 -4 -1 7 -6 8 -2
right_child=5 -3 3 -5 6 -7 -8 -9 -10
leaf_value=0.006671664939319164 -0.033463797656259044 0.019965849195712704 -0.010943275194904602 0.023610018680718853 -0.033610319267639958 0.0046528804370077979 -0.033939536589113702 -0.033752730770150167 -0.033402541694347913
leaf_weight=0.19203035568352822 0.11527169696637429 0.64156387583352614 0.51195132161956258 0.59145637869369239 0.22819872651598461 0.29733389854663972 0.17935758762178011 0.055053040778147988 0.070811257508466952
leaf_count=10 37 24 33 18 32 32 12 14 38
internal_value=0.000692959 0.0037087 -0.00241581 0.00757823 -0.0208076 -0.0124379 -0.0337552 -0.0335118 -0.0334405
internal_weight=2.88303 2.34456 1.70299 1.10341 0.599587 0.53847 0.407556 0.241136 0.186083
internal_count=250 129 105 51 54 121 44 89 75
is_linear=0
shrinkage=0.05


Tree=521
num_leaves=6
num_cat=0
split_feature=18 16 15 19 27
split_gain=0.158859 0.246998 0.336972 0.347006 0.335698
threshold=1.3163298153540046 0.034983122722560316 0.029030169733691161 0.042515213184090135 -0.0073145777874613618
decision_type=2 2 2 2 2
left_child=1 2 3 4 -1
right_child=-2 -3 -4 -5 -6
leaf_value=-0.0038708227545884324 -0.0096755425045159573 0.014605059303526123 -0.012705271349684605 -0.0093957377125494651 0.011782930082245287
leaf_weight=5.3231957554817297 3.7070273198187342 3.1157153844833365 4.4935408532619467 4.6858487371355286 9.6043133698403853
leaf_count=45 26 23 38 37 81
internal_value=3.49455e-05 0.00135727 -0.000354955 0.00247458 0.00620075
internal_weight=30.9296 27.2226 24.1069 19.6134 14.9275
internal_count=250 224 201 163 126
is_linear=0
shrinkage=0.05


Tree=522
num_leaves=10
num_cat=0
split_feature=3 1 11 22 21 24 29 28 20
split_gain=0.150262 0.246633 0.460636 0.466291 0.451558 0.659876 0.483401 0.34051 0.327707
threshold=0.10475743092017532 0.01344173506750468 3335.248999023438 -0.0032460251132191416 0.00096570780090388119 -0.011410014134778322 0.00063911916876946428 0.044154480778802359 -0.047054593386037839
decision_type=2 2 2 2 2 2 2 2 2
left_child=1 2 8 -4 5 -3 -7 -5 -1
right_child=-2 4 3 7 -6 6 -8 -9 -10
leaf_value=0.0034448446883064811 0.0098137547858610091 -0.022518353954844465 0.028282724307435232 -0.0037850222434922839 -0.02247818447945826 0.024877200527415298 -0.0042122779265480886 0.020099240171050053 -0.021764757880076511
leaf_weight=2.5652009677141905 3.3841053619980803 2.4212416820228091 2.4202203266322631 5.2688219100236857 3.3051630978006861 2.5459558153524986 3.2528368756175041 2.0819150279276073 2.5914131533354583
leaf_count=22 24 25 19 48 32 20 25 16 19
internal_value=-0.00010669 -0.00137581 0.00286637 0.00924707 -0.00687034 -0.000594642 0.00855944 0.00297961 -0.00922403
internal_weight=29.8369 26.4528 14.9276 9.77096 11.5252 8.22003 5.79879 7.35074 5.15661
internal_count=250 226 124 83 102 70 45 64 41
is_linear=0
shrinkage=0.05


Tree=523
num_leaves=10
num_cat=0
split_feature=21 27 31 32 0 28 0 27 31
split_gain=0.0453961 0.132146 0.10748 0.177815 0.0880222 0.104655 0.0765994 1.03329e-05 3.97702e-06
threshold=0.0041349393947776045 0.012944509153066221 0.16553909846338141 -0.76274158030902617 0.0005742204483144554 -0.033448733870370333 0.0027414873563184066 0.031370949481721484 0.52096152289351549
decision_type=2 2 2 2 2 2 2 2 2
left_child=1 2 4 -4 5 -1 -6 -3 -5
right_child=-2 7 3 8 6 -7 -8 -9 -10
leaf_value=0.023592041970168391 0.014529257191686599 -0.033518684736143965 0.021448844013926785 -0.033634215052698972 0.035217525479176053 -0.03373520676797373 0.007242712688563132 -0.03411722063967243 -0.033944994457055483
leaf_weight=0.127468301798217 0.4941492523648775 0.15111252453061741 0.223075575864641 0.24160854530055065 0.37534744734875836 0.21205198465031694 0.70300552724802401 0.13791945506818593 0.17936404084321111
leaf_count=6 34 36 17 38 5 34 52 16 12
internal_value=0.000753253 -0.00214234 0.00229591 -0.0146419 0.00998968 -0.0122125 0.01698 -0.0338043 -0.0337666
internal_weight=2.8451 2.35095 2.06192 0.644048 1.41787 0.33952 1.07835 0.289032 0.420973
internal_count=250 216 164 67 97 40 57 52 50
is_linear=0
shrinkage=0.05


Tree=524
num_leaves=7
num_cat=0
split_feature=31 20 18 32 20 14
split_gain=0.159633 0.210312 0.293034 0.312062 0.619419 0.459657
threshold=-0.37133263744524581 0.14238316088760153 1.3163298153540046 -0.23987117030361244 -0.030168789191745257 0.56593871384754924
decision_type=2 2 2 2 2 2
left_child=-1 2 3 4 -2 -5
right_child=1 -3 -4 5 -6 -7
leaf_value=0.013544868671527622 -0.0052886986541684361 0.010315299865861771 -0.016788581981329227 0.00061906379660389439 0.01509178085099417 -0.026487495453261047
leaf_weight=2.0410122349858311 8.6935482956469148 3.6332613416016093 3.1607885435223571 4.1851972602307788 6.5274104494601479 2.4970894418656826
leaf_count=18 72 33 21 31 55 20
internal_value=3.3841e-05 -0.000927092 -0.00255678 -0.000503033 0.00345134 -0.00951033
internal_weight=30.7383 28.6973 25.064 21.9032 15.221 6.68229
internal_count=250 232 199 178 127 51
is_linear=0
shrinkage=0.05


Tree=525
num_leaves=9
num_cat=0
split_feature=0 22 2 17 28 17 14 8
split_gain=0.146755 0.292561 0.356624 0.289366 0.4269 0.278616 0.271976 0.514374
threshold=-0.00033551514938506827 0.0065591886787134132 0.033333027154259794 0.0010131506301241267 -0.033448733870370333 -0.010768417581573804 0.61840987790191393 0.012857950048852696
decision_type=2 2 2 2 2 2 2 2
left_child=1 2 5 -2 -5 -1 -6 -8
right_child=3 -3 -4 4 6 -7 7 -9
leaf_value=0.017885051889171711 0.018916955287818879 -0.020952693320952454 -0.016026862214271853 -0.019100551695184341 0.01379255147712471 -0.0031045824452440723 -0.021491508179996413 0.0058282769177540883
leaf_weight=2.7198093719780436 2.3833764567971256 2.1972223797347388 2.6685244478285313 2.4195012841373709 4.4664685614407018 3.7759980242699411 2.3338945442810637 6.5814450234174728
leaf_count=21 15 26 20 22 34 38 18 56
internal_value=-0.000108602 -0.0045667 -0.000638021 0.00267676 0.000227181 0.00568383 0.00372174 -0.00132361
internal_weight=29.5462 11.3616 9.16433 18.1847 15.8013 6.49581 13.3818 8.91534
internal_count=250 105 79 145 130 59 108 74
is_linear=0
shrinkage=0.05


Tree=526
num_leaves=12
num_cat=0
split_feature=4 32 16 23 19 20 5 4 27 22 16
split_gain=0.0466103 0.0887396 0.0762509 0.0745017 0.0725507 0.0693504 0.0430776 0.037074 1.15644e-06 1.26206e-07 2.02185e-08
threshold=0.014488256729574924 -0.26364508454941898 0.01394624661794828 -0.0031390389992162477 0.011424485563714228 -0.058294694248819771 0.014953547189709886 0.025904155983168472 0.031370949481721484 0.0053055677020257272 0.020805399854652015
decision_type=2 2 2 2 2 2 2 2 2 2 2
left_child=1 2 -1 -4 8 -3 -6 -8 9 10 -2
right_child=4 5 3 -5 6 -7 7 -9 -10 -11 -12
leaf_value=-0.010366264156880287 -0.033439608824193993 0.0081775585042709806 -0.0026773538175204423 0.021727028927927054 0.028083186166456754 -0.033818527309076994 -0.033500018635580463 0.013010789829921644 -0.033703910673312173 -0.033503042189914983 -0.033392347094155193
leaf_weight=0.41514095716411303 0.044847907847724744 0.16288778645684943 0.45888098573777858 0.98190696840174441 0.11314692901214585 0.24793402830255229 0.091160397932981141 0.080839701491640881 0.065282592171570286 0.076349520095391199 0.045676663008634932
leaf_count=32 11 9 24 31 8 33 31 11 10 20 30
internal_value=0.000769168 0.00385977 0.00851427 0.0139544 -0.0127734 -0.0171674 0.00412222 -0.01164 -0.0335255 -0.0334557 -0.0334158
internal_weight=2.78405 2.26675 1.85593 1.44079 0.517304 0.410822 0.285147 0.172 0.232157 0.166874 0.0905246
internal_count=250 129 87 55 121 42 50 42 71 61 41
is_linear=0
shrinkage=0.05


Tree=527
num_leaves=7
num_cat=0
split_feature=16 16 20 32 15 28
split_gain=0.147359 0.249524 0.222862 0.316402 0.381473 0.243511
threshold=0.010795918249056959 0.013121764657758977 0.088356501377166899 -0.22015684714245229 0.022541552720463241 0.016165889978545404
decision_type=2 2 2 2 2 2
left_child=-1 -2 3 4 -3 -4
right_child=1 2 5 -5 -6 -7
leaf_value=0.010019863552914189 -0.015127587915365765 0.0096449197024040742 0.019328359923760467 -0.013592787511607139 -0.0065128261070438792 -0.0025640264393255192
leaf_weight=3.2951763272285488 2.8667879439890411 7.2971763052046388 2.887140115723013 4.5106703601777509 7.3146067224442959 2.2680247351527214
leaf_count=24 24 61 27 37 60 17
internal_value=3.50653e-05 -0.00117703 0.000470299 -0.00201704 0.00155641 0.00969676
internal_weight=30.4396 27.1444 24.2776 19.1225 14.6118 5.15516
internal_count=250 226 202 158 121 44
is_linear=0
shrinkage=0.05


Tree=528
num_leaves=9
num_cat=0
split_feature=3 3 29 23 27 28 18 29
split_gain=0.14508 0.244376 0.47356 0.2969 0.518913 0.459407 0.684458 0.351194
threshold=0.10475743092017532 0.073418417534940619 0.0011913588246637021 0.0025662273129757334 0.0052541965779281394 -0.017235182105305832 -0.67225313070643422 -1.0000000180025095e-35
decision_type=2 2 2 2 2 2 2 2
left_child=1 3 -3 4 7 -5 -7 -1
right_child=-2 2 -4 5 -6 6 -8 -9
leaf_value=-0.012214372421989349 0.0096966117954395154 0.0039494381186576831 -0.027225869251974951 -0.012396296347253016 -0.018808759843562076 -0.0081105565295039889 0.025394080828514434 0.010188975501402121
leaf_weight=2.5522170402109667 3.3383371904492369 2.4630335934925816 2.4100659936666489 2.1358057707548141 4.0303717777132979 2.2925065166782588 4.5490634739398939 5.5603561829775616
leaf_count=24 24 21 24 17 34 19 38 49
internal_value=-0.00011571 -0.00137591 -0.0114688 0.000952827 -0.00414444 0.00784747 0.0141672 0.00314088
internal_weight=29.3318 25.9934 4.8731 21.1203 12.1429 8.97738 6.84157 8.11257
internal_count=250 226 45 181 107 74 57 73
is_linear=0
shrinkage=0.05


Tree=529
num_leaves=13
num_cat=0
split_feature=4 32 16 2 19 20 28 24 21 27 22 16
split_gain=0.0458378 0.0848901 0.0741053 0.0739311 0.0696448 0.0670659 0.041096 0.0475939 0.0298034 1.02349e-06 1.16153e-07 1.81553e-08
threshold=0.014488256729574924 -0.26364508454941898 0.01394624661794828 0.014386357429077458 0.011424485563714228 -0.058294694248819771 -0.033448733870370333 -0.023578352058714055 -1.0000000180025095e-35 0.031370949481721484 0.0053055677020257272 0.020805399854652015
decision_type=2 2 2 2 2 2 2 2 2 2 2 2
left_child=1 2 -1 -4 9 -3 -6 -8 -5 10 11 -2
right_child=4 5 3 8 6 -7 7 -9 -10 -11 -12 -13
leaf_value=-0.01022846251867502 -0.033435838392418503 0.0077957528619668663 0.02733024448317652 -0.0054104550486970158 0.027692354164520011 -0.033796788131448839 0.020579403192785586 -0.033486339870187447 0.01345358758039493 -0.033689380406749944 -0.033498018897984448 -0.033390243193535486
leaf_weight=0.41207108157686945 0.043272789800539502 0.16319634328829125 0.59383950708433964 0.40801227325573597 0.10997179488185793 0.23864877363666903 0.068426610188907944 0.10047353459958686 0.43009173800237444 0.063115469965850934 0.073858015995938331 0.044064770161639899
leaf_count=32 11 9 15 23 6 33 6 38 17 10 20 30
internal_value=0.000862409 0.00391848 0.00845637 0.0138333 -0.0127778 -0.0169053 0.00390525 -0.0115827 0.00427005 -0.0335187 -0.0334519 -0.0334128
internal_weight=2.74904 2.24586 1.84401 1.43194 0.503183 0.401845 0.278872 0.1689 0.838104 0.224311 0.161196 0.0873376
internal_count=250 129 87 55 121 42 50 44 40 71 61 41
is_linear=0
shrinkage=0.05


Tree=530
num_leaves=7
num_cat=0
split_feature=3 19 7 8 32 8
split_gain=0.147922 0.260023 0.327556 0.280212 0.465465 0.43206
threshold=0.10475743092017532 -0.089112126794671717 3334.7049926757818 0.011664691807065905 -0.43659903592696409 0.017617540788772375
decision_type=2 2 2 2 2 2
left_child=1 -1 -3 4 -4 -5
right_child=-2 2 3 5 -6 -7
leaf_value=0.01871722139907251 -0.0098771469002331882 0.015450349899183233 -0.018170531797989397 0.023290352323658104 0.00094055932982903376 -0.0019522197359138533
leaf_weight=1.9779910389334023 3.3476739637553683 2.9748914642259505 5.3648990355432113 2.3058347981423122 7.845026586204761 6.4010817427188158
leaf_count=19 24 27 43 23 61 53
internal_value=3.38604e-05 0.00126866 -0.000117865 -0.00223102 -0.00682096 0.00473272
internal_weight=30.2174 26.8697 24.8917 21.9168 13.2099 8.70692
internal_count=250 226 207 180 104 76
is_linear=0
shrinkage=0.05


Tree=531
num_leaves=9
num_cat=0
split_feature=0 22 21 23 17 28 7 5
split_gain=0.144536 0.285954 0.341256 0.349282 0.263815 0.397956 0.270068 0.39108
threshold=-0.00033551514938506827 0.0065591886787134132 0.0018819967403077566 0.0042449080137474402 0.0010131506301241267 -0.033448733870370333 4547.624975585938 0.015175815717479712
decision_type=2 2 2 2 2 2 2 2
left_child=1 2 3 -1 -2 -6 7 -7
right_child=4 -3 -4 -5 5 6 -8 -9
leaf_value=-0.024517610221693777 0.018308226910168764 -0.020938192055648182 0.0090051313658143575 0.0034197505460027209 -0.01855764794201159 0.00094523633607046314 -0.0087269539412048354 0.022162003233300497
leaf_weight=2.2232914213091153 2.3435493409633663 2.1557020347099742 4.5324287321418524 2.252023983746767 2.3685651840642121 6.708890697918827 3.2847972754389039 3.2116898708045483
leaf_count=27 15 26 36 16 22 55 25 28
internal_value=-0.000114367 -0.00458011 -0.000665352 -0.0104592 0.002668 0.00031448 0.00369945 0.00781395
internal_weight=29.0809 11.1634 9.00774 4.47532 17.9175 15.5739 13.2054 9.92058
internal_count=250 105 79 43 145 130 108 83
is_linear=0
shrinkage=0.05


Tree=532
num_leaves=9
num_cat=0
split_feature=4 30 23 28 9 16 28 32
split_gain=0.0453853 0.0652017 0.0987683 0.0823282 0.110287 0.0677349 0.0657507 0.0614819
threshold=0.0082442092521698134 0.0067993525455957169 -0.0019425690332788845 0.0219700531521595 3359.8524902343756 0.016526629137142312 0.013339568855629926 -0.29355205467917306
decision_type=2 2 2 2 2 2 2 2
left_child=-1 3 -3 6 -5 -4 7 -2
right_child=1 2 5 4 -6 -7 -8 -9
leaf_value=-0.015650860032262837 -0.013845016401270236 -0.033864861822569405 0.016399931806218876 0.01912344137980624 -0.033711844220475275 -0.018002143785732217 0.03213499384088396 0.018208838292376642
leaf_weight=0.36228855731315013 0.23082707551657256 0.25254023979505291 0.37689227203372855 0.18097606976516534 0.21743071325181518 0.23064053992857225 0.42723595054121688 0.42511336217285123
leaf_count=33 34 39 20 11 33 37 11 32
internal_value=0.000817972 0.00336594 -0.00758454 0.0097228 -0.00971144 0.00333971 0.016871 0.00692901
internal_weight=2.70394 2.34166 0.860073 1.48158 0.398407 0.607533 1.08318 0.65594
internal_count=250 217 96 121 44 57 77 66
is_linear=0
shrinkage=0.05


Tree=533
num_leaves=8
num_cat=0
split_feature=5 15 7 8 16 20 32
split_gain=0.145209 0.296567 0.49179 0.39064 0.346646 0.254231 0.328984
threshold=0.022401748290521776 0.022541552720463241 4038.5849731445319 0.0099062041198897388 0.019886396493562348 -0.047054593386037839 -0.23987117030361244
decision_type=2 2 2 2 2 2 2
left_child=1 4 3 -3 5 -1 -7
right_child=-2 2 -4 -5 -6 6 -8
leaf_value=-0.012188241736676432 0.0086068988998666933 0.017004413182305316 -0.021510436857362224 -0.012946468491583627 0.014875245641566559 0.010541421401847328 -0.0089830755305396019
leaf_weight=3.9730692990124288 4.2429690621793261 2.2678466700017434 4.0885509140789509 2.0937929190695286 4.2000943310558787 5.5666128378361508 3.5229631736874554
leaf_count=31 34 23 31 18 37 49 27
internal_value=3.71927e-05 -0.00137692 -0.00905191 0.00262658 0.00238002 -0.00163763 0.00297406
internal_weight=29.9559 25.7129 8.45019 4.36164 17.2627 13.0626 9.08958
internal_count=250 216 72 41 144 107 76
is_linear=0
shrinkage=0.05


Tree=534
num_leaves=9
num_cat=0
split_feature=0 22 2 21 17 28 7 27
split_gain=0.139557 0.27584 0.324896 0.25404 0.246122 0.368271 0.247807 0.395621
threshold=-0.00033551514938506827 0.0065591886787134132 0.033333027154259794 0.0017184121188301706 0.0010131506301241267 -0.033448733870370333 4547.624975585938 0.012944509153066221
decision_type=2 2 2 2 2 2 2 2
left_child=1 2 3 -1 -2 -6 7 -7
right_child=4 -3 -4 -5 5 6 -8 -9
leaf_value=-0.0059577037440752476 0.017800834224899472 -0.020708252642642214 -0.015541712040320921 0.01424406669174676 -0.017927381227357094 0.0012265858733071502 -0.0083145842425280427 0.023421172253418988
leaf_weight=2.7578372731804865 2.3229559585452106 2.1272539312485597 2.6035300362855196 3.5715317949652672 2.3398544210940626 7.0225718524306959 3.2710181325674048 2.8117249868810177
leaf_count=29 15 26 20 30 22 60 25 23
internal_value=-0.000117893 -0.00452727 -0.000673975 0.00544174 0.00262682 0.000344643 0.00360697 0.00757224
internal_weight=28.8283 11.0602 8.9329 6.32937 17.7681 15.4452 13.1053 9.8343
internal_count=250 105 79 59 145 130 108 83
is_linear=0
shrinkage=0.05


Tree=535
num_leaves=10
num_cat=0
split_feature=4 30 23 28 9 23 19 28 32
split_gain=0.0438628 0.062986 0.0952704 0.0770238 0.106973 0.0644489 0.114772 0.063107 0.057934
threshold=0.0082442092521698134 0.0067993525455957169 -0.0019425690332788845 0.0219700531521595 3359.8524902343756 1.0000000180025095e-35 0.011424485563714228 0.013339568855629926 -0.29355205467917306
decision_type=2 2 2 2 2 2 2 2 2
left_child=-1 3 -3 7 -5 -4 -7 8 -2
right_child=1 2 5 4 -6 6 -8 -9 -10
leaf_value=-0.015393091340254367 -0.013389054946918883 -0.033841810579916441 0.02585355765624784 0.01886697966928181 -0.033694230772405125 -0.033708431574538289 0.020281036831352111 0.031857616209880806 0.017884045959463697
leaf_weight=0.35761261312291059 0.2277919554326221 0.24317737826640951 0.20683530170936126 0.18055439071031276 0.20868558330403175 0.21156276493275072 0.18409218362648971 0.41687509586336091 0.42326470345142286
leaf_count=33 34 39 9 11 33 36 12 11 32
internal_value=0.000898593 0.00342856 -0.00742609 0.00972804 -0.00931298 0.00323584 -0.00858796 0.0166681 0.0069422
internal_weight=2.66045 2.30284 0.845668 1.45717 0.38924 0.60249 0.395655 1.06793 0.651057
internal_count=250 217 96 121 44 57 48 77 66
is_linear=0
shrinkage=0.05


Tree=536
num_leaves=9
num_cat=0
split_feature=32 20 18 18 32 1 33 3
split_gain=0.136931 0.357238 0.317072 0.449736 0.304715 0.533935 0.291209 0.248006
threshold=-0.52354147888310276 -0.027124034342357602 -0.60267304918651055 -0.28321777584554481 -0.34836507532624478 0.035137629459892301 0.71500000000000008 0.069957728127342925
decision_type=2 2 2 2 2 2 2 2
left_child=1 6 -2 -4 -5 -6 -1 -3
right_child=2 7 3 4 5 -7 -8 -9
leaf_value=-0.023005090501694057 0.014540635344782019 0.013337235673737267 -0.02113645464562388 0.015556010830165702 0.0060666894777230322 -0.022193767972228801 -0.00074132033560290328 -0.0080409763696130086
leaf_weight=3.2054602988064289 4.3354423809796616 3.3872666507959384 2.301342081278567 3.4319958649575737 5.6894600903615231 2.3665737863630056 2.7108813971281052 2.2629445269703865
leaf_count=23 35 27 18 33 52 19 26 17
internal_value=3.3949e-05 -0.00421656 0.00274646 -0.000961686 0.00307983 -0.00223522 -0.0128038 0.00477513
internal_weight=29.6914 11.5666 18.1248 13.7894 11.488 8.05603 5.91634 5.65021
internal_count=250 93 157 122 104 71 49 44
is_linear=0
shrinkage=0.05


Tree=537
num_leaves=7
num_cat=0
split_feature=1 2 8 8 10 28
split_gain=0.135649 0.255313 0.658561 0.539995 0.507783 0.413973
threshold=0.053999121234828314 0.057309793785263137 0.02587749634575006 0.011664691807065905 0.027349606116931994 0.025376446867029005
decision_type=2 2 2 2 2 2
left_child=1 2 3 5 -5 -1
right_child=-2 -3 -4 4 -6 -7
leaf_value=-0.0038051534174279862 0.011042189781523805 -0.013185048803966346 0.025348285931049337 -0.035218099055621552 0.00029991222023004004 0.013257071356601006
leaf_weight=10.436849795980391 2.4856491163372985 3.7872475013136855 2.4438946340233079 2.134938269853591 1.9034710945561526 5.391442001098766
leaf_count=94 21 32 19 19 22 43
internal_value=-0.000118816 -0.00118183 0.000855731 -0.00215721 -0.018477 0.00200659
internal_weight=28.5835 26.0978 22.3106 19.8667 4.03841 15.8283
internal_count=250 229 197 178 41 137
is_linear=0
shrinkage=0.05


Tree=538
num_leaves=13
num_cat=0
split_feature=4 4 27 18 22 19 5 19 28 27 22 16
split_gain=0.0426111 0.0804484 0.115564 0.110899 0.0701186 0.0646966 0.0369962 0.0350244 1.92967e-06 7.51423e-07 1.04744e-07 1.12484e-08
threshold=0.014488256729574924 0.012470654677532382 0.0014402012732867011 0.23664453570528929 -0.0088869590342973686 0.011424485563714228 0.014953547189709886 0.03084171737534214 0.010908732969928893 0.031370949481721484 0.0053055677020257272 0.021512203052845322
decision_type=2 2 2 2 2 2 2 2 2 2 2 2
left_child=1 2 4 -4 -1 9 -7 -8 -6 10 11 -2
right_child=5 -3 3 -5 8 6 7 -9 -10 -11 -12 -13
leaf_value=0.0042893781935218062 -0.033423872940722986 0.019674497556722764 -0.010177369980447801 0.023194710687852754 -0.033558088736467366 0.027032557711188988 0.012922792499895246 -0.033480986851529469 -0.033791933098137682 -0.033657160443742382 -0.033490158004884744 -0.033386499088155726
leaf_weight=0.18501687038224224 0.043013787828385719 0.58968034974532191 0.45699237199733012 0.54682262020651251 0.19307691944413863 0.10378668719204143 0.0783394698810298 0.084551168467442039 0.16244482225738466 0.057830157282296568 0.069270563370082527 0.037845810453291051
leaf_count=8 13 24 33 18 33 8 8 34 13 10 20 28
internal_value=0.000950172 0.00396389 -0.0020349 0.00800188 -0.0206738 -0.0125999 0.00370158 -0.0111639 -0.0336649 -0.033504 -0.033445 -0.0334064
internal_weight=2.60867 2.13403 1.54435 1.00381 0.540539 0.474638 0.266677 0.162891 0.355522 0.20796 0.15013 0.0808596
internal_count=250 129 105 51 54 121 50 42 46 71 61 41
is_linear=0
shrinkage=0.05


Tree=539
num_leaves=9
num_cat=0
split_feature=18 34 21 17 11 13 12 22
split_gain=0.140134 0.276628 0.288748 0.617239 0.464239 0.363556 0.251958 0.243612
threshold=0.85043777353026295 0.24628981718251367 -0.00061647896028110816 -0.0078869352883923858 3331.5020043945319 66.472043218511914 0.049407255477167324 -0.0038781620359074616
decision_type=2 2 2 2 2 2 2 2
left_child=1 -1 4 -4 -3 -5 -6 -2
right_child=7 2 3 5 6 -7 -8 -9
leaf_value=0.014806406144872714 -0.0183258654802275 -0.010162592545640489 0.017596083679231517 -0.019033815593148949 0.026929785647815264 0.0037038145512297196 0.0060048758950926543 0.0016587427786644651
leaf_weight=3.4880977338180008 2.5956051684916019 2.9645258113741946 2.1834959443658635 5.8885605260729665 2.3196080904453993 2.5062361303716898 3.7877291478216648 3.6968038510531178
leaf_count=35 20 24 23 49 20 22 30 27
internal_value=3.11745e-05 0.0018304 -0.000472975 -0.00608587 0.00607197 -0.0122456 0.0139523 -0.00658487
internal_weight=29.4307 23.1383 19.6502 10.5783 9.07186 8.3948 6.10734 6.29241
internal_count=250 203 168 94 74 71 50 47
is_linear=0
shrinkage=0.05


Tree=540
num_leaves=10
num_cat=0
split_feature=22 20 22 19 19 4 3 7 21
split_gain=0.134914 0.362293 0.413487 0.304724 0.336662 0.3324 0.239983 0.244776 0.172206
threshold=-0.0032460251132191416 0.025441883310397099 -0.0056180986360817578 0.0094030112652686588 -0.054805799949304061 0.017946255814469146 0.015286934009455801 4148.0749755859388 -0.00061647896028110816
decision_type=2 2 2 2 2 2 2 2 2
left_child=1 2 8 4 -2 -6 -5 -8 -1
right_child=3 -3 -4 6 5 -7 7 -9 -10
leaf_value=-0.015109425150781165 -0.012147654978172093 0.021716788507141781 0.017573673542962544 0.0013130107622007243 0.00018527456585724423 0.022540860474703519 -0.028853304290281309 -0.0062444796621419166 0.0013117596821400437
leaf_weight=3.2545267855748525 2.6675199251621988 2.3289475888013831 2.3245051316916969 2.7706579063087693 4.3619896281743413 2.6870380658656359 2.3170307278633118 2.4769428931176662 3.1339050568640232
leaf_count=29 31 18 16 27 37 22 23 20 27
internal_value=-0.000118167 0.00419894 -0.000483534 -0.0028766 0.00298174 0.00870706 -0.0104015 -0.0171718 -0.00705386
internal_weight=28.3231 11.0419 8.71294 17.2812 9.71655 7.04903 7.56463 4.79397 6.38843
internal_count=250 90 72 160 90 59 70 43 56
is_linear=0
shrinkage=0.05


Tree=541
num_leaves=10
num_cat=0
split_feature=4 30 23 28 9 28 32 1 32
split_gain=0.0425611 0.0609726 0.089062 0.0684955 0.103393 0.0609948 0.0588893 0.0914088 0.056481
threshold=0.0082442092521698134 0.0067993525455957169 -0.0019425690332788845 0.0219700531521595 3359.8524902343756 0.013339568855629926 -0.67521394984449012 0.031230376109483541 -0.29355205467917306
decision_type=2 2 2 2 2 2 2 2 2
left_child=-1 3 -3 5 -5 8 -4 -8 -2
right_child=1 2 6 4 -6 -7 7 -9 -10
leaf_value=-0.015319433944971676 -0.013571977302435995 -0.033816033545156964 0.02374811753071894 0.018837604520719489 -0.03367037806865316 0.031644793509522033 -0.033704419461420637 0.016883480106591877 0.017658825479689898
leaf_weight=0.34755984426010433 0.22246052141417783 0.22965770255541429 0.21462278152466752 0.17976692336378608 0.19593743176665157 0.40099616529187188 0.18571850008447643 0.17199447359598707 0.41452989136450913
leaf_count=33 34 39 16 11 33 11 28 13 32
internal_value=0.000948056 0.00349983 -0.0075124 0.00974712 -0.00854637 0.0163685 0.0030423 -0.0093809 0.00675188
internal_weight=2.56324 2.21568 0.801993 1.41369 0.375704 1.03799 0.572336 0.357713 0.63699
internal_count=250 217 96 121 44 77 57 41 66
is_linear=0
shrinkage=0.05


Tree=542
num_leaves=6
num_cat=0
split_feature=31 31 16 18 29
split_gain=0.149835 0.181695 0.245732 0.405238 0.29482
threshold=-0.37133263744524581 -0.24153905750803426 0.034983122722560316 -0.89008060761719032 -0.0049334636697149761
decision_type=2 2 2 2 2
left_child=-1 -2 3 -3 -5
right_child=1 2 -4 4 -6
leaf_value=0.013522760025614596 -0.013866539673972614 -0.020373737807592895 0.01137761670312076 -0.013770589591316133 0.0035982874728014143
leaf_weight=1.9223104007542158 2.4650617782026591 2.5903834048658707 4.2070497609674922 2.9164401385933294 15.055600261315684
leaf_count=18 24 24 32 24 128
internal_value=3.1442e-05 -0.000920823 0.000367536 -0.00188511 0.000779727
internal_weight=29.1568 27.2345 24.7695 20.5624 17.972
internal_count=250 232 208 176 152
is_linear=0
shrinkage=0.05


Tree=543
num_leaves=8
num_cat=0
split_feature=1 2 11 31 17 30 4
split_gain=0.136889 0.296582 0.302919 0.444971 0.62793 0.283622 0.378046
threshold=-0.03564531815114768 -0.018338885622767084 3371.8289990234375 0.16553909846338141 0.015181243549909466 0.0060549121341574317 0.012410847613122332
decision_type=2 2 2 2 2 2 2
left_child=-1 -2 5 4 -4 -3 -7
right_child=1 2 3 -5 -6 6 -8
leaf_value=0.011584739370279741 -0.016949050410477864 -0.0020819294997110852 -0.0055423079384349988 -0.022200143127638884 0.02428549136313508 0.030057179839669726 0.0029751319216424848
leaf_weight=2.2961364462971714 2.6654625928495141 4.1897717816755158 8.8656479520723206 2.713285334291867 2.2028623968362799 2.3821543268859386 2.8070836812257767
leaf_count=21 29 33 85 24 17 16 25
internal_value=-0.000114546 -0.00115469 0.000662999 -0.00405418 0.000394041 0.00759456 0.0154073
internal_weight=28.1224 25.8263 23.1608 13.7818 11.0685 9.37901 5.18924
internal_count=250 229 200 126 102 74 41
is_linear=0
shrinkage=0.05


Tree=544
num_leaves=8
num_cat=0
split_feature=4 15 27 28 19 3 9
split_gain=0.0396417 0.0580284 0.112475 0.0600498 0.112905 0.0518873 5.24921e-07
threshold=0.0082442092521698134 0.01967247212534011 -0.015419140363013171 1.0000000180025095e-35 0.018374494918796617 -0.090284711171275386 4090.6299743652348
decision_type=2 2 2 2 2 2 2
left_child=-1 3 -3 4 -2 -4 -7
right_child=1 2 5 -5 -6 6 -8
leaf_value=-0.014839759159988218 -0.033657158445303773 0.015930588231948605 0.011489986572346868 0.01548887310108025 0.017832510952397559 -0.033416139327688867 -0.033556074135199281
leaf_weight=0.34435696440050412 0.20384254463715512 0.28193799857399471 0.079048289451748577 1.047003226354718 0.22287214820971712 0.092260210862149417 0.24493178188276943
leaf_count=33 29 26 7 35 12 52 56
internal_value=0.000921254 0.00342018 -0.00845375 0.0090455 -0.00676422 -0.0249703 -0.0335178
internal_weight=2.51625 2.1719 0.698178 1.47372 0.426715 0.41624 0.337192
internal_count=250 217 141 76 41 115 108
is_linear=0
shrinkage=0.05


Tree=545
num_leaves=11
num_cat=0
split_feature=0 0 8 14 2 1 8 29 21 10
split_gain=0.13564 0.306013 0.305502 0.622573 0.490101 0.284121 0.371294 0.344435 0.61529 0.230169
threshold=0.0005742204483144554 0.003342924397658154 0.02587749634575006 0.61840987790191393 0.059249588394837634 0.022232332119969115 0.0054051867519174443 0.0016491729710647054 0.0022411371037304177 0.024379269310416059
decision_type=2 2 2 2 2 2 2 2 2 2
left_child=5 -2 3 -3 -4 6 7 8 -1 -5
right_child=1 2 4 9 -6 -7 -8 -9 -10 -11
leaf_value=0.019034886426338497 -0.017891578094488762 -0.010259062634190517 -0.023490062941580958 0.029725415202155381 0.0056437468354049612 0.018332396110086399 -0.017488884703701985 0.019962050800747602 -0.017128365791590602 0.00732620570935509
leaf_weight=1.9783104788512007 2.837792711332443 3.2141619082540256 2.8155088946223259 2.2758361734449863 2.9624115005135536 2.6949354317039242 2.3175878617912531 2.6369663029909134 2.9010193757712841 2.3120090067386627
leaf_count=19 21 28 23 19 22 24 20 25 25 24
internal_value=3.12029e-05 -0.00295874 0.000161765 0.0066155 -0.0085528 0.00394922 7.56798e-06 0.00540245 -0.00246608 0.0184375
internal_weight=28.9465 16.4177 13.5799 7.80201 5.77792 12.5288 9.83388 7.5163 4.87933 4.58785
internal_count=250 137 116 71 45 113 89 69 44 43
is_linear=0
shrinkage=0.05


Tree=546
num_leaves=7
num_cat=0
split_feature=1 8 21 11 23 21
split_gain=0.131023 0.284622 0.203346 0.370161 0.544864 0.35374
threshold=-0.03564531815114768 -0.013484873565105714 0.0035495773375714417 3977.0679956054692 -1.0000000180025095e-35 0.0022411371037304177
decision_type=2 2 2 2 2 2
left_child=-1 -2 3 5 -5 -3
right_child=1 2 -4 4 -6 -7
leaf_value=0.01137125278193701 -0.018158573322524997 0.0034534000468676193 -0.011138227096216681 -0.022231659491187217 0.0057384030813799197 0.024717488451527974
leaf_weight=2.2805800735950497 2.240430584875873 10.635321834124627 3.2324801628710693 3.1702042585238814 3.8626509439200154 2.3965560048818579
leaf_count=21 23 90 31 36 32 17
internal_value=-0.000111533 -0.00113698 0.000499945 0.00237488 -0.00686968 0.00736386
internal_weight=27.8182 25.5376 23.2972 20.0647 7.03286 13.0319
internal_count=250 229 206 175 68 107
is_linear=0
shrinkage=0.05


Tree=547
num_leaves=11
num_cat=0
split_feature=16 24 16 14 6 24 3 28 22 21
split_gain=0.0391683 0.0758405 0.0602421 0.0748352 0.0500241 0.0484459 0.0550292 3.46396e-07 2.46183e-07 1.0152e-07
threshold=0.017851990527882125 -0.0026151902425762814 0.01394624661794828 0.76677648244887042 0.92934876811335898 -0.0046641730588430344 -0.090284711171275386 0.034849967132094768 -0.0056180986360817578 0.0026840217540907711
decision_type=2 2 2 2 2 2 2 2 2 2
left_child=2 5 3 -1 -4 6 -2 -8 -3 -10
right_child=1 8 4 -5 -6 -7 7 -9 9 -11
leaf_value=-0.033578131650831566 0.025392939984275956 -0.033570326057372431 -0.0023864169408546044 0.0038179610399935466 0.017897977943055966 0.022847802471980559 -0.033404933488549012 -0.03357627898490597 -0.033400800018293285 -0.033482449062557117
leaf_weight=0.2017417206661779 0.058961900882422924 0.059696936776163168 0.48296003357972928 0.39712706150021404 0.8200083221308887 0.1719193684984931 0.071078635199228302 0.050419369450537488 0.061278965666133112 0.10052063994226046
leaf_count=33 2 12 26 27 25 8 42 10 38 27
internal_value=0.000891657 -0.0105573 0.00434635 -0.00877971 0.0103793 0.00385359 -0.0142417 -0.033476 -0.0334835 -0.0334515
internal_weight=2.47571 0.573876 1.90184 0.598869 1.30297 0.352379 0.18046 0.121498 0.221497 0.1618
internal_count=250 139 111 60 51 62 54 52 77 65
is_linear=0
shrinkage=0.05


Tree=548
num_leaves=6
num_cat=0
split_feature=16 16 20 30 22
split_gain=0.138167 0.242967 0.217785 0.715555 0.558429
threshold=0.010795918249056959 0.013121764657758977 -0.10113077917364348 0.012121920221580431 -0.0067090732066747419
decision_type=2 2 2 2 2
left_child=-1 -2 -3 4 -4
right_child=1 2 3 -5 -6
leaf_value=0.0099701605354087681 -0.015292029125253084 -0.010085218680777962 -0.019178765566415429 0.029512147321969929 0.0037831902886772909
leaf_weight=3.1161301620304611 2.7252961173653629 4.0020774547010758 3.3079567998647823 2.2061870452016583 13.268483719788476
leaf_count=24 24 39 28 19 116
internal_value=3.12711e-05 -0.0011828 0.000504819 0.00276127 -0.000799045
internal_weight=28.6261 25.51 22.7847 18.7826 16.5764
internal_count=250 226 202 163 144
is_linear=0
shrinkage=0.05


Tree=549
num_leaves=10
num_cat=0
split_feature=0 22 21 23 1 10 13 30 23
split_gain=0.12983 0.253967 0.277643 0.320101 0.205723 0.22882 0.551847 0.523319 0.383048
threshold=-0.00033551514938506827 0.0065591886787134132 0.0018819967403077566 0.0042449080137474402 -0.016868635283571628 0.027349606116931994 70.525569114368423 0.0045613534137450848 -1.0000000180025095e-35
decision_type=2 2 2 2 2 2 2 2 2
left_child=1 2 3 -1 -2 7 -7 -6 -8
right_child=4 -3 -4 -5 5 6 8 -9 -10
leaf_value=-0.023797122619622808 0.015890248944244355 -0.020294413861946168 0.0082516865913813253 0.0036747847563554392 0.0089631100920044195 0.024989694126200307 0.0098038522365921435 -0.017911043256589303 -0.019127234037556885
leaf_weight=2.0745596196502465 2.4854849576950118 2.0422903569415203 4.3194010313600302 2.168938435614109 3.2759616454131866 2.6140428371727467 2.4353514071553972 4.0522491540759802 2.1578166596591446
leaf_count=27 20 26 36 16 29 24 20 32 20
internal_value=-0.00010853 -0.00445093 -0.000672182 -0.00975567 0.00259708 0.000324014 0.00664985 -0.00589737 -0.00378763
internal_weight=27.6261 10.6052 8.5629 4.2435 17.0209 14.5354 7.20721 7.32821 4.59317
internal_count=250 105 79 43 145 125 64 61 40
is_linear=0
shrinkage=0.05


Tree=550
num_leaves=13
num_cat=0
split_feature=4 32 23 2 8 19 20 5 20 27 22 16
split_gain=0.0382876 0.0732339 0.0631177 0.112369 0.078981 0.0595507 0.0582827 0.0335172 0.0338238 5.14877e-07 9.41347e-08 8.11051e-09
threshold=0.014488256729574924 -0.26364508454941898 0.0061788359802942292 0.014386357429077458 0.030577707330970899 0.011424485563714228 -0.058294694248819771 0.014953547189709886 -0.08255881786476614 0.029780827147088299 0.0053055677020257272 0.021512203052845322
decision_type=2 2 2 2 2 2 2 2 2 2 2 2
left_child=1 2 3 -1 -5 9 -3 -7 -9 10 11 -2
right_child=5 6 -4 4 -6 7 -8 8 -10 -11 -12 -13
leaf_value=0.016692481344572855 -0.033414363656711653 0.0077599235904150122 0.02233958576964172 -0.033836456179905626 0.0045985189509129077 0.026595339525434938 -0.033718140584937759 0.014007641173507231 -0.03343633013879193 -0.03361360551586081 -0.033484035029282891 -0.03338089143588973
leaf_weight=0.58012758294353284 0.03870358207495872 0.14237526460783556 0.53518764185719203 0.27386992517858744 0.26108528778422624 0.097007039090385661 0.20903930714121099 0.07103824318619445 0.07972874596453039 0.059927724010776728 0.05821307392034214 0.033991898817475885
leaf_count=27 13 9 19 28 13 8 33 8 34 11 19 28
internal_value=0.000880019 0.00381172 0.00822499 0.00145064 -0.0150782 -0.0124994 -0.0169133 0.00366938 -0.0110817 -0.0334922 -0.0334367 -0.0333987
internal_weight=2.4403 2.00169 1.65027 1.11508 0.534955 0.43861 0.351415 0.247774 0.150767 0.190836 0.130909 0.0726955
internal_count=250 129 87 68 41 121 42 50 42 71 60 41
is_linear=0
shrinkage=0.05


Tree=551
num_leaves=6
num_cat=0
split_feature=3 7 21 9 24
split_gain=0.131264 0.223278 0.293826 0.353414 0.393008
threshold=0.10475743092017532 3334.7049926757818 -0.0031141991286803834 3368.7699951171876 1.0000000180025095e-35
decision_type=2 2 2 2 2
left_child=1 -1 -3 -4 -5
right_child=-2 2 3 4 -6
leaf_value=0.013609380863852081 -0.0095693007913143953 0.012355215149414385 -0.016635270038986707 0.0099290930859799748 -0.0066745229233857208
leaf_weight=3.1845624800771537 3.1647655554115763 3.6745952721685269 3.8350564539432481 6.2264399025589219 8.334783321246503
leaf_count=31 24 38 31 57 69
internal_value=2.99345e-05 0.00123282 -0.000552972 -0.00313134 0.000425253
internal_weight=28.4202 25.2554 22.0709 18.3963 14.5612
internal_count=250 226 195 157 126
is_linear=0
shrinkage=0.05


Tree=552
num_leaves=9
num_cat=0
split_feature=15 15 7 8 27 16 17 30
split_gain=0.126357 0.260695 0.344917 0.380545 0.355 0.318321 0.279596 0.62551
threshold=0.042023658091660969 0.022541552720463241 4038.5849731445319 0.0099062041198897388 0.0054391877774513384 0.019886396493562348 0.0080230677748215993 0.0030269241125201467
decision_type=2 2 2 2 2 2 2 2
left_child=1 5 3 -3 -4 6 7 -1
right_child=-2 2 4 -5 -6 -7 -8 -9
leaf_value=-0.024330306404046622 -0.010299192079173876 -0.017637425013575604 0.02898924556436654 0.012782099327037503 0.0025800640914651575 -0.015434363891168723 0.016500014966754486 0.0050978527282053328
leaf_weight=2.4625098984688574 2.7358075249940148 2.1484241746366006 2.6633201763033867 1.9716137684881685 2.4367514811456203 3.8352161624934515 2.3702539000660172 6.7700610416941345
leaf_count=27 25 23 20 18 20 37 22 58
internal_value=-0.000104368 0.00102674 0.00767923 -0.00308039 0.0163713 -0.00294634 0.00118147 -0.00275122
internal_weight=27.394 24.6582 9.22011 4.12004 5.10007 15.438 11.6028 9.23257
internal_count=250 225 81 41 40 144 107 85
is_linear=0
shrinkage=0.05


Tree=553
num_leaves=9
num_cat=0
split_feature=4 30 20 28 28 9 28 32
split_gain=0.0374362 0.05374 0.0828501 0.11928 0.0666075 0.0910439 0.0573637 0.0524626
threshold=0.0082442092521698134 0.0067993525455957169 -0.039594974019638011 1.0000000180025095e-35 0.0219700531521595 3359.8524902343756 0.013339568855629926 -0.29355205467917306
decision_type=2 2 2 2 2 2 2 2
left_child=-1 4 3 -3 6 -6 7 -2
right_child=1 2 -4 -5 5 -7 -8 -9
leaf_value=-0.01474331767425561 -0.013577091667432692 -0.033516959320339934 -0.033911719806159736 0.018474495720368186 0.017479491048701716 -0.033653707771200289 0.031384539404605998 0.017432805718129656
leaf_weight=0.33165005237970069 0.2109996562940073 0.15652706759283319 0.21111389661382407 0.37367675360292196 0.16594591131433845 0.18311113923846278 0.37688545353012159 0.3857331513718234
leaf_count=33 34 37 27 32 11 33 11 32
internal_value=0.000849303 0.00335478 -0.007422 0.00312555 0.00939483 -0.00934437 0.0161131 0.00646797
internal_weight=2.39564 2.06399 0.741318 0.530204 1.32268 0.349057 0.973618 0.596733
internal_count=250 217 96 69 121 44 77 66
is_linear=0
shrinkage=0.05


Tree=554
num_leaves=6
num_cat=0
split_feature=15 23 28 21 24
split_gain=0.13272 0.239324 0.411064 0.337083 0.432368
threshold=0.042023658091660969 -0.0098002246374394569 0.042903524122921984 0.0035495773375714417 -0.01645309018349694
decision_type=2 2 2 2 2
left_child=1 -1 3 4 -3
right_child=-2 2 -4 -5 -6
leaf_value=-0.012292711268161383 0.010365982341133395 0.020253598305970733 -0.013318874696022075 0.021769733290265821 -0.0023206951800964827
leaf_weight=4.0255378484726014 2.7970728334039441 2.5615455228835442 4.0602221162989727 2.3951299525797358 12.336598861962552
leaf_count=36 25 26 38 24 101
internal_value=2.92593e-05 -0.00110997 0.000998187 0.00435964 0.00156067
internal_weight=28.1761 25.379 21.3535 17.2933 14.8981
internal_count=250 225 189 151 127
is_linear=0
shrinkage=0.05


Tree=555
num_leaves=9
num_cat=0
split_feature=0 22 2 17 17 28 14 8
split_gain=0.124744 0.247271 0.272338 0.256519 0.208458 0.331021 0.237111 0.412683
threshold=-0.00033551514938506827 0.0065591886787134132 0.033333027154259794 -0.010768417581573804 0.0010131506301241267 -0.033448733870370333 0.61840987790191393 0.012857950048852696
decision_type=2 2 2 2 2 2 2 2
left_child=1 2 3 -1 -2 -6 -7 -8
right_child=4 -3 -4 -5 5 6 7 -9
leaf_value=0.017404792118454245 0.017001142243085483 -0.020165175139167841 -0.014649290710072888 -0.0036291969172446408 -0.017479104530908448 0.013307370512386422 -0.020155810252275298 0.0053386016353574317
leaf_weight=2.4839704874902955 2.1760458201169994 2.0082840041723093 2.4570828564465046 3.4805035255849388 2.196083094924691 4.1618602108210281 2.1511857644654793 6.05583112873137
leaf_count=21 15 26 20 38 22 34 18 56
internal_value=-0.000107706 -0.00439991 -0.000640376 0.00513064 0.00256639 0.000409794 0.00358595 -0.00134388
internal_weight=27.1708 10.4298 8.42156 5.96447 16.741 14.565 12.3689 8.20702
internal_count=250 105 79 59 145 130 108 74
is_linear=0
shrinkage=0.05


Tree=556
num_leaves=11
num_cat=0
split_feature=16 24 16 14 6 24 3 28 22 21
split_gain=0.0387387 0.0695096 0.0579968 0.0709571 0.0460226 0.0431205 0.0519726 4.44556e-07 2.58414e-07 7.84672e-08
threshold=0.017851990527882125 -0.0026151902425762814 0.01394624661794828 0.76677648244887042 0.92934876811335898 -0.0046641730588430344 -0.090284711171275386 0.071581386937631178 -0.0056180986360817578 0.0026840217540907711
decision_type=2 2 2 2 2 2 2 2 2 2
left_child=2 5 3 -1 -4 6 -2 -8 -3 -10
right_child=1 8 4 -5 -6 -7 7 -9 9 -11
leaf_value=-0.033567933579354135 0.025421722429429083 -0.033566939429441937 -0.0020690447919526353 0.0037132751456612962 0.017858857392550023 0.021920348542757515 -0.033399888618616931 -0.033604582144631363 -0.03339666363756174 -0.033470889080715611
leaf_weight=0.1920218135492181 0.055695847608149052 0.057796070206677652 0.46120910852914654 0.38061101094353944 0.77922887401655316 0.16089739406015735 0.072584569512400776 0.041800815844908357 0.057514431900926533 0.093473323679063469
leaf_count=33 2 12 26 27 25 8 46 6 38 27
internal_value=0.000872882 -0.0108857 0.00437347 -0.00878829 0.0104494 0.00336516 -0.0141881 -0.0334747 -0.033477 -0.0334426
internal_weight=2.35283 0.539762 1.81307 0.572633 1.24044 0.330979 0.170081 0.114385 0.208784 0.150988
internal_count=250 139 111 60 51 62 54 52 77 65
is_linear=0
shrinkage=0.05


Tree=557
num_leaves=6
num_cat=0
split_feature=16 16 20 30 22
split_gain=0.127612 0.223424 0.205826 0.675625 0.522738
threshold=0.010795918249056959 0.013121764657758977 -0.10113077917364348 0.012121920221580431 -0.0067090732066747419
decision_type=2 2 2 2 2
left_child=-1 -2 -3 4 -4
right_child=1 2 3 -5 -6
leaf_value=0.0096812488762766692 -0.014820796840958106 -0.0099464759123146455 -0.018837650036588369 0.02919134639728669 0.0036943993428530798
leaf_weight=3.0517440736293819 2.6689753308892277 3.896091232076297 3.2104373164475097 2.1286088395863763 12.986383638344689
leaf_count=24 24 39 28 19 116
internal_value=3.12332e-05 -0.00115192 0.000489812 0.00270863 -0.000771769
internal_weight=27.9422 24.8905 22.2215 18.3254 16.1968
internal_count=250 226 202 163 144
is_linear=0
shrinkage=0.05


Tree=558
num_leaves=8
num_cat=0
split_feature=10 30 30 20 1 5 14
split_gain=0.123976 0.300538 0.358251 0.445484 0.384286 0.307941 0.287141
threshold=-0.018403236001468419 -0.01322337341609031 -0.0031263741727983736 -1.0000000180025095e-35 0.010167311406912962 0.0091299709649705855 0.63930701274204205
decision_type=2 2 2 2 2 2 2
left_child=-1 -2 6 4 -4 -5 -3
right_child=1 2 3 5 -6 -7 -8
leaf_value=-0.010706629199321478 0.016957136520349508 -0.00068626578081653136 0.0066497273917417669 0.00098133752987797471 -0.011252925085602815 0.025187697947401545 -0.026049006966091089
leaf_weight=2.5018722508102682 2.626978434622294 2.1958691664040151 5.5552518349140971 2.376538160140611 6.5103582316078246 2.9382724892348051 2.2691095694899559
leaf_count=30 24 17 49 20 61 26 23
internal_value=-0.000105091 0.000978731 -0.000942723 0.00230264 -0.00301018 0.0143637 -0.0135757
internal_weight=26.9743 24.4724 21.8454 17.3804 12.0656 5.31481 4.46498
internal_count=250 220 196 156 110 46 40
is_linear=0
shrinkage=0.05


Tree=559
num_leaves=11
num_cat=0
split_feature=16 24 16 17 2 24 3 28 22 21
split_gain=0.0370092 0.0671354 0.0554151 0.0686726 0.0459875 0.0404839 0.0499918 3.85409e-07 2.46233e-07 6.98289e-08
threshold=0.017851990527882125 -0.0026151902425762814 0.01394624661794828 0.0020369556556761362 0.014386357429077458 -0.0046641730588430344 -0.090284711171275386 0.071581386937631178 -0.0056180986360817578 0.0026840217540907711
decision_type=2 2 2 2 2 2 2 2 2 2
left_child=2 5 3 -1 -4 6 -2 -8 -3 -10
right_child=1 8 4 -5 -6 -7 7 -9 9 -11
leaf_value=0.0035279300314048053 0.025023580238903539 -0.033561515678659948 0.020175970022283066 -0.033567118459225415 0.00083377469249271445 0.021307897953207061 -0.033397656426439153 -0.033592069119146487 -0.033394150355728645 -0.033465528191086433
leaf_weight=0.37867406438454088 0.054656884167343378 0.056269914901349805 0.59730489074718185 0.18607067447737791 0.6329431370832026 0.15878208284266304 0.070074901275802404 0.040069246781058609 0.055374178024066745 0.08988374556065537
leaf_count=30 2 12 21 30 30 8 46 6 38 27
internal_value=0.000856862 -0.0108187 0.00427245 -0.00869405 0.0102247 0.00329027 -0.0140693 -0.0334684 -0.0334727 -0.0334383
internal_weight=2.3201 0.525111 1.79499 0.564745 1.23025 0.323583 0.164801 0.110144 0.201528 0.145258
internal_count=250 139 111 60 51 62 54 52 77 65
is_linear=0
shrinkage=0.05


Tree=560
num_leaves=10
num_cat=0
split_feature=18 10 5 32 21 22 0 2 17
split_gain=0.121165 0.262809 0.267884 0.461867 0.292101 0.371838 0.260502 0.216247 0.203953
threshold=0.85043777353026295 -0.018403236001468419 0.015175815717479712 -0.41439211836231576 -0.00051231168376147929 1.0000000180025095e-35 0.0024512262357069274 0.03919142622787853 0.0015082039865383875
decision_type=2 2 2 2 2 2 2 2 2
left_child=1 -1 4 6 8 -6 -4 -2 -3
right_child=7 2 3 -5 5 -7 -8 -9 -10
leaf_value=0.018381521797951147 -0.016613759166283999 0.0027945843741710294 0.013560265136498044 -0.023757659193990598 -0.014959554835733338 0.0092755057894013098 -0.0075304526839150374 0.0025734377659631319 0.024167790814829726
leaf_weight=2.1420633364468875 2.7381320632994166 1.9775079153478197 2.4774800334125757 2.7035695295780879 2.8997219074517453 3.4847896993160248 3.5793382860720158 3.1669138036668301 2.5625614002346992
leaf_count=26 21 15 24 21 26 36 30 26 25
internal_value=3.05327e-05 0.00174955 -6.02915e-05 -0.00657382 0.00516289 -0.00173159 0.00109649 -0.00632354 0.0148583
internal_weight=27.7321 21.827 19.685 8.76039 10.9246 6.38451 6.05682 5.90505 4.54007
internal_count=250 203 177 75 102 62 54 47 40
is_linear=0
shrinkage=0.05


Tree=561
num_leaves=8
num_cat=0
split_feature=1 2 11 31 17 30 27
split_gain=0.124384 0.2436 0.272345 0.405742 0.576131 0.266206 0.408912
threshold=-0.03564531815114768 -0.018338885622767084 3371.8289990234375 0.16553909846338141 0.015181243549909466 0.0060549121341574317 -0.0048975516605805893
decision_type=2 2 2 2 2 2 2
left_child=-1 -2 5 4 -4 -3 -7
right_child=1 2 3 -5 -6 6 -8
leaf_value=0.011269544362138917 -0.015856797084983252 -0.0023235780844034124 -0.0055079078348877234 -0.021886779075189901 0.023861501642984478 0.031720949417382155 0.0026243834767335026
leaf_weight=2.2029820252209928 2.5205650231801036 3.9837789051234704 8.436596315354107 2.5612292618025085 2.0818844325840464 2.1077771186828613 2.8270525224506855
leaf_count=21 29 33 85 24 17 17 24
internal_value=-0.000111007 -0.00113353 0.000553459 -0.00404047 0.000305072 0.00729075 0.0150522
internal_weight=26.7219 24.5189 21.9983 13.0797 10.5185 8.91861 4.93483
internal_count=250 229 200 126 102 74 41
is_linear=0
shrinkage=0.05


Tree=562
num_leaves=10
num_cat=0
split_feature=22 22 17 22 12 16 34 31 29
split_gain=0.0368754 0.113038 0.0880667 0.0772119 0.120337 0.0696457 2.70638e-06 2.10039e-06 4.04503e-07
threshold=0.0093681200468622734 -0.0012629562516405788 -0.0094083677247192073 -0.0024115571994817171 0.042156635956867604 0.016248459396748693 1.1365866193807834 0.50793502274948754 0.00031498031954080302
decision_type=2 2 2 2 2 2 2 2 2
left_child=1 3 -3 4 6 -6 -1 8 -4
right_child=-2 2 7 -5 5 -7 -8 -9 -10
leaf_value=-0.03349380462500489 0.015981400441338629 0.018210756946997583 -0.033590544248020694 0.017892707497958061 0.023522856894210534 -0.01271541593412067 -0.033820951254244828 -0.033798346525034134 -0.033471892938378052
leaf_weight=0.13571510463953018 0.34444387921394071 0.10423347738105804 0.14027816718589758 0.65833922172896564 0.31068017159122974 0.23129396321019158 0.1183459332678467 0.097493506706086919 0.14721632827422582
leaf_count=35 31 18 28 24 13 39 9 10 43
internal_value=0.00090317 -0.00176899 -0.0225595 0.00522449 -0.00525241 0.00805774 -0.0336462 -0.0335978 -0.0335298
internal_weight=2.28804 1.9436 0.489221 1.45437 0.796035 0.541974 0.254061 0.384988 0.287494
internal_count=250 219 99 120 96 52 44 81 71
is_linear=0
shrinkage=0.05


Tree=563
num_leaves=11
num_cat=0
split_feature=0 0 1 8 29 21 8 14 2 10
split_gain=0.126958 0.261581 0.257714 0.3393 0.313895 0.559229 0.246951 0.575812 0.444992 0.198881
threshold=0.0005742204483144554 0.003342924397658154 0.022232332119969115 0.0054051867519174443 0.0016491729710647054 0.0022411371037304177 0.02587749634575006 0.61840987790191393 0.059249588394837634 0.024379269310416059
decision_type=2 2 2 2 2 2 2 2 2 2
left_child=2 -2 3 4 5 -1 7 -3 -8 -9
right_child=1 6 -4 -5 -6 -7 8 9 -10 -11
leaf_value=0.018535208724666553 -0.017036028513108287 -0.010496628434145618 0.01792966844700971 -0.017159503564081142 0.019693829453409074 -0.016750004618761145 -0.022706811449976688 0.028710179096025686 0.0058246234377648818 0.0072287364172420043
leaf_weight=1.8992311228066698 2.716163605451583 3.0842588599771243 2.5734975524246684 2.1897361949086189 2.4831733703613281 2.747130312025547 2.6536476537585258 2.1213262733072042 2.8177110273391008 2.1896398887038231
leaf_count=19 21 28 24 20 25 25 23 19 22 24
internal_value=3.27499e-05 -0.0029365 0.00392327 5.54342e-05 0.00534276 -0.00232694 3.99404e-05 0.00599815 -0.00801332 0.0177993
internal_weight=27.4755 15.5827 11.8928 9.31927 7.12953 4.64636 12.8666 7.39523 5.47136 4.31097
internal_count=250 137 113 89 69 44 116 71 45 43
is_linear=0
shrinkage=0.05


Tree=564
num_leaves=9
num_cat=0
split_feature=31 22 20 15 20 1 27 21
split_gain=0.121322 0.186763 0.319606 0.354792 0.289669 0.390836 0.464768 0.264489
threshold=-0.35353985681262218 -0.0024115571994817171 0.02048037076021603 0.016465154815841442 0.15828637096683099 0.034107337487687135 0.027760362936639641 -0.00061647896028110816
decision_type=2 2 2 2 2 2 2 2
left_child=-1 2 3 -2 5 6 -3 -5
right_child=1 4 -4 7 -6 -7 -8 -9
leaf_value=-0.011867301359833387 0.018280498554385911 -0.008303706726983464 0.022266524972368605 -0.01794015533308661 -0.01838062970953119 0.020595889366763025 0.018949821178376697 0.0052787807650164827
leaf_weight=2.0256638154387501 2.0901842750608974 8.6715982776367984 2.3725524246692657 2.4505759552121162 2.4330317303538314 2.0236326325684777 1.9086585529148568 2.4553775247186422
leaf_count=21 18 90 20 22 24 19 16 20
internal_value=-0.000109082 0.000866849 0.00640813 0.00103018 -0.00258562 0.000463416 -0.00338722 -0.00631932
internal_weight=26.4313 24.4056 9.36869 6.99614 15.0369 12.6039 10.5803 4.90595
internal_count=250 229 80 60 149 125 106 42
is_linear=0
shrinkage=0.05


Tree=565
num_leaves=10
num_cat=0
split_feature=27 16 24 7 16 24 20 22 21
split_gain=0.0625131 0.0351865 0.0662393 0.0545257 0.0710227 0.0373891 0.0384684 2.25193e-07 5.75934e-08
threshold=-0.019963929817554734 0.017851990527882125 -0.0026151902425762814 3378.5400024414066 0.01394624661794828 -0.0046641730588430344 -0.1812372555366393 -0.0056180986360817578 0.0026840217540907711
decision_type=2 2 2 2 2 2 2 2 2
left_child=-1 3 5 -2 -5 6 -3 -4 -9
right_child=1 2 7 4 -6 -7 -8 8 -10
leaf_value=-0.033523380013807398 -0.0096206670267346486 0.019347634864327695 -0.033565756581926641 -0.0072595028654137035 0.019138228202288277 0.022500373064454585 -0.03347989631771451 -0.033393847540367262 -0.033463374519827234
leaf_weight=0.12469840870471705 0.40309330665331833 0.056383835020824336 0.047113661014009711 0.35776401450857498 0.88537264964543283 0.15288261009845927 0.088628967772820033 0.046952065735239468 0.081466485993587412
leaf_count=33 33 7 10 36 28 6 39 34 24
internal_value=0.000880875 0.00290486 -0.00910791 0.00635953 0.0115412 0.00524856 -0.0129395 -0.0334723 -0.033438
internal_weight=2.24436 2.11966 0.473428 1.64623 1.24314 0.297895 0.145013 0.175532 0.128419
internal_count=250 217 120 97 64 52 46 68 58
is_linear=0
shrinkage=0.05


Tree=566
num_leaves=7
num_cat=0
split_feature=16 16 20 32 32 28
split_gain=0.128631 0.211753 0.193076 0.285658 0.337886 0.212269
threshold=0.010795918249056959 0.013121764657758977 0.088356501377166899 -0.22015684714245229 -0.50866616232016959 0.016165889978545404
decision_type=2 2 2 2 2 2
left_child=-1 -2 3 4 -3 -4
right_child=1 2 5 -5 -6 -7
leaf_value=0.0098249611417608705 -0.014598310423516867 -0.0056940238084754189 0.018919443569636169 -0.013658792048259524 0.010574458109904246 -0.0026377810928016987
leaf_weight=2.9855370111763504 2.6198777351528433 7.1145623270422309 2.6107706166803828 4.0208364762365774 5.7883874773979187 2.0297160465270281
leaf_count=24 24 63 27 37 58 17
internal_value=3.33527e-05 -0.00117542 0.000455345 -0.00202208 0.00160417 0.00949047
internal_weight=27.1697 24.1842 21.5643 16.9238 12.9029 4.64049
internal_count=250 226 202 158 121 44
is_linear=0
shrinkage=0.05


Tree=567
num_leaves=6
num_cat=0
split_feature=6 6 30 21 1
split_gain=0.132184 0.226862 0.232666 0.517002 0.362933
threshold=0.61508502733350612 0.74280421280530951 -0.01322337341609031 0.0037708410989416579 0.045116037331376486
decision_type=2 2 2 2 2
left_child=-1 -2 -3 4 -4
right_child=1 2 3 -5 -6
leaf_value=-0.012905475348969101 0.016590855822565389 0.011631006374585535 0.0032418094343775669 -0.024767205550850203 -0.018571778129253435
leaf_weight=1.8734976164996648 2.0989065431058433 3.3075698204338648 14.41351353889331 2.3357203225605181 2.1975576896220437
leaf_count=18 15 32 137 28 20
internal_value=-0.000107574 0.000876969 -0.000605076 -0.00274115 0.000355986
internal_weight=26.2268 24.3533 22.2544 18.9468 16.6111
internal_count=250 232 217 185 157
is_linear=0
shrinkage=0.05


Tree=568
num_leaves=10
num_cat=0
split_feature=32 1 32 28 16 12 32 1 28
split_gain=0.035949 0.0778629 0.062531 0.107462 0.0635783 0.0592344 0.0557986 3.22436e-06 2.77404e-06
threshold=-0.26364508454941898 0.016477600502263882 -0.29355205467917306 1.0000000180025095e-35 0.014153607679088813 0.02549619116515035 -0.76274158030902617 0.035137629459892301 0.016165889978545404
decision_type=2 2 2 2 2 2 2 2 2
left_child=2 8 3 6 -5 -6 -1 -8 -2
right_child=1 -3 -4 4 5 -7 7 -9 -10
leaf_value=0.011912778290152172 -0.033493924549908412 0.0045623412752060655 0.024288505012458623 -0.015139979524201368 0.031572239295251429 0.0030027412038726004 -0.033497719704136057 -0.033836242992984246 -0.033861110674283337
leaf_weight=0.087878501406521536 0.13079732561891422 0.34990059127449058 0.32425484200939547 0.21575832949019969 0.32723696864559315 0.40718617224774789 0.16050111014919821 0.12521823213319294 0.084777212236076593
leaf_count=13 36 31 15 18 12 57 42 14 12
internal_value=0.000877208 -0.0100008 0.00460968 -0.000210576 0.00872223 0.0157325 -0.0229296 -0.0336461 -0.0336383
internal_weight=2.21351 0.565475 1.64803 1.32378 0.950181 0.734423 0.373598 0.285719 0.215575
internal_count=250 79 171 156 87 69 69 56 48
is_linear=0
shrinkage=0.05


Tree=569
num_leaves=9
num_cat=0
split_feature=3 7 8 32 16 27 16 13
split_gain=0.127161 0.208828 0.276192 0.331985 0.319724 0.293082 0.239526 0.187596
threshold=0.10475743092017532 3334.7049926757818 0.011664691807065905 -0.44155825948764543 0.014571024925539569 0.0052541965779281394 0.014884528596132684 61.04383683477937
decision_type=2 2 2 2 2 2 2 2
left_child=1 -1 3 6 -4 -5 -3 -6
right_child=-2 2 4 5 7 -7 -8 -9
leaf_value=0.013501873785323457 -0.0097059428908780124 -0.0033237215678854105 -0.0060709244997451395 -0.0067172331488755711 0.00040044918127695036 0.013289870104424444 -0.024951827304902065 0.020856535689476201
leaf_weight=3.034574459306902 2.9812785722315303 2.3822447247803265 3.1020310875028354 4.4483175948262179 1.6538855228573082 3.1103698816150427 2.7670545428991318 3.4769983049482107
leaf_count=31 24 22 29 41 17 27 24 35
internal_value=3.26301e-05 0.00124359 -0.000532772 -0.00515463 0.00660134 0.00151561 -0.0149459 0.0142627
internal_weight=26.9568 23.9755 20.9409 12.708 8.23291 7.55869 5.1493 5.13088
internal_count=250 226 195 114 81 68 46 52
is_linear=0
shrinkage=0.05


Tree=570
num_leaves=10
num_cat=0
split_feature=0 18 32 13 1 10 30 13 23
split_gain=0.127326 0.227992 0.318955 0.31007 0.187144 0.209795 0.483155 0.477585 0.343407
threshold=-0.00033551514938506827 0.1356182751407122 -0.52354147888310276 56.619846137036255 -0.016868635283571628 0.027349606116931994 0.0045613534137450848 70.525569114368423 -1.0000000180025095e-35
decision_type=2 2 2 2 2 2 2 2 2
left_child=1 3 -3 -1 -2 6 -6 -7 -9
right_child=4 2 -4 -5 5 7 -8 8 -10
leaf_value=-0.02604922470982959 0.015661303090004134 0.016664248618604407 -0.0081592639102219863 -0.00045477267815186896 0.0089440637140038269 0.024288115808608096 -0.017626835228040993 0.0098806196497565543 -0.018409491411369945
leaf_weight=2.2305491946171987 2.3590862080454871 2.2898088805377483 2.9756280054571107 2.5204838514328003 3.1021717251278424 2.4527402818202972 3.8146587964147329 2.2936218278482583 2.0151809584349367
leaf_count=30 20 18 33 24 29 24 32 20 20
internal_value=-0.000106813 -0.00452967 0.00263587 -0.012471 0.00265556 0.000412479 -0.00570989 0.00667546 -0.00335036
internal_weight=26.0539 10.0165 5.26544 4.75103 16.0375 13.6784 6.91683 6.76154 4.3088
internal_count=250 105 51 54 145 125 61 64 40
is_linear=0
shrinkage=0.05


Tree=571
num_leaves=10
num_cat=0
split_feature=27 16 24 7 16 24 3 22 21
split_gain=0.0586701 0.033716 0.0619001 0.0511503 0.0661888 0.0341881 0.0432657 2.08807e-07 4.90403e-08
threshold=-0.019963929817554734 0.017851990527882125 -0.0026151902425762814 3378.5400024414066 0.01394624661794828 -0.0046641730588430344 -0.090284711171275386 -0.0056180986360817578 0.0026840217540907711
decision_type=2 2 2 2 2 2 2 2 2
left_child=-1 3 5 -2 -5 6 -3 -4 -9
right_child=1 2 7 4 -6 -7 -8 8 -10
leaf_value=-0.033510206547115826 -0.0094730659513076465 0.024431815882491204 -0.033557891926743993 -0.0070000917495378866 0.018758941686856153 0.021857650363898404 -0.033461642849052751 -0.033389975327646204 -0.033456016143395807
leaf_weight=0.11740767769515548 0.39196906810684629 0.050284977536648512 0.045141594775487182 0.35094923654105492 0.86170112015679479 0.14561660517938479 0.090089616714976728 0.044250405495403267 0.077069839753676206
leaf_count=33 33 2 10 36 28 6 44 34 24
internal_value=0.000867535 0.00282965 -0.00922523 0.00622875 0.0113041 0.00488422 -0.0127231 -0.0334661 -0.0334319
internal_weight=2.17448 2.05707 0.452453 1.60462 1.21265 0.285991 0.140375 0.166462 0.12132
internal_count=250 217 120 97 64 52 46 68 58
is_linear=0
shrinkage=0.05


Tree=572
num_leaves=9
num_cat=0
split_feature=0 27 8 23 20 29 27 31
split_gain=0.131509 0.244534 0.30463 0.576443 0.511199 0.236245 0.265496 0.3127
threshold=0.0005742204483144554 0.018217743304008497 0.02587749634575006 -0.0072367996912103818 0.0012316468289991225 -0.005608965140579957 0.013823629339375422 0.060118693977113509
decision_type=2 2 2 2 2 2 2 2
left_child=5 2 3 -2 -5 -1 7 -7
right_child=1 -3 -4 4 -6 6 -8 -9
leaf_value=-0.011431697990683852 -0.014571693651037488 -0.016702935824695786 -0.010464278016689314 0.028795846116349857 -0.0016719106874043201 0.014901538191187247 0.020023828172394634 -0.0070840678362922406
leaf_weight=2.0357348304241887 2.4168287105858317 2.6911302208900443 4.5099507588893175 2.9746494200080624 2.5628875307738781 2.7281187102198619 2.8786269761621952 3.9720277590677142
leaf_count=19 23 25 38 26 25 28 27 39
internal_value=3.34877e-05 -0.00303441 -8.32808e-05 0.00580252 0.0146947 0.0040367 0.00732413 0.00186788
internal_weight=26.77 15.1554 12.4643 7.95437 5.53754 11.6145 9.57877 6.70015
internal_count=250 137 112 74 51 113 94 67
is_linear=0
shrinkage=0.05


Tree=573
num_leaves=9
num_cat=0
split_feature=15 5 4 32 4 27 32 29
split_gain=0.12591 0.247582 0.346011 0.378993 0.306043 0.307213 0.383237 0.182304
threshold=0.042023658091660969 0.015175815717479712 0.014982299200699522 -0.56221706846105191 0.011696586586569665 0.011857323039244696 -0.43271126025043188 -0.00020256336495405589
decision_type=2 2 2 2 2 2 2 2
left_child=1 4 -3 -4 5 6 -1 -6
right_child=-2 2 3 -5 7 -7 -8 -9
leaf_value=0.01251861646445601 -0.010617422126180207 -0.010584602905245488 -0.0014016144972567373 0.02105122590726333 -0.0043278975793194195 0.016487937215368922 -0.012465796200616219 -0.025991543451629406
leaf_weight=2.3209868768462929 2.5690499506890765 2.1856989525258523 3.1659038253128529 4.6251764465123415 1.9294626247137787 2.4950691498816013 4.531590322963897 1.95518473163247
leaf_count=21 25 23 31 39 18 23 48 22
internal_value=-0.000114351 0.00104825 0.00699559 0.0119275 -0.00343588 0.00146606 -0.00400351 -0.0152314
internal_weight=25.7781 23.2091 9.97678 7.79108 13.2323 9.34765 6.85258 3.88465
internal_count=250 225 93 70 132 92 69 40
is_linear=0
shrinkage=0.05


Tree=574
num_leaves=8
num_cat=0
split_feature=4 15 27 20 29 3 32
split_gain=0.065048 0.0493621 0.0988807 0.0516999 0.0721506 0.0405302 4.06518e-07
threshold=0.0077522434963797323 0.01967247212534011 -0.015419140363013171 -0.039594974019638011 -0.0010443496238161096 -0.090284711171275386 -0.22915505244245757
decision_type=2 2 2 2 2 2 2
left_child=-1 3 -3 -2 -5 -4 -7
right_child=1 2 5 4 -6 6 -8
leaf_value=-0.033537647525385274 0.019216141676906776 0.016062105837790368 0.010426903756304623 0.01162839634126973 -0.018995089647869907 -0.033442130753421749 -0.033560034824247277
leaf_weight=0.128551799731213 0.60891372861806303 0.23694358370266899 0.064002137398347703 0.50486113695660606 0.31071639785659522 0.14690410747425675 0.14553242721012649
leaf_count=24 27 26 7 28 29 79 30
internal_value=0.000947894 0.00314485 -0.00897179 0.00819213 -3.84518e-05 -0.0256131 -0.0335008
internal_weight=2.14643 2.01787 0.593382 1.42449 0.815578 0.356439 0.292437
internal_count=250 226 142 84 57 116 109
is_linear=0
shrinkage=0.05


Tree=575
num_leaves=9
num_cat=0
split_feature=6 16 5 23 34 28 23 30
split_gain=0.152788 0.216776 0.582022 0.436956 0.307047 0.258137 0.589054 0.476164
threshold=0.60045058507309101 0.026516912419238505 0.018250028000697454 -0.003624233002467669 0.98358630863173424 0.0084322621694238337 -0.0024304760216820038 0.0060549121341574317
decision_type=2 2 2 2 2 2 2 2
left_child=-1 2 5 -3 -5 7 -7 -2
right_child=1 3 -4 4 -6 6 -8 -9
leaf_value=0.015016015023576221 0.019172397959030155 -0.011406505829837509 -0.02263689680892092 0.0028646209040383789 0.028413330425493651 0.012141359580772636 -0.018078447952381289 -0.0056869879213135863
leaf_weight=1.5990892648696924 3.857300374656921 2.284513920545578 3.3492421470582476 2.427313581109046 2.2812127433717251 2.6020851340144873 4.2403284311294556 3.8477622307837009
leaf_count=15 41 19 36 23 19 24 36 37
internal_value=3.4474e-05 -0.000928043 -0.00384487 0.00653677 0.0152426 0.000481583 -0.00658623 0.00675809
internal_weight=26.4888 24.8898 17.8967 6.99304 4.70853 14.5475 6.84241 7.70506
internal_count=250 235 174 61 42 138 60 78
is_linear=0
shrinkage=0.05


Tree=576
num_leaves=9
num_cat=0
split_feature=0 22 24 24 1 21 21 10
split_gain=0.122792 0.23674 0.245016 0.399656 0.174621 0.201548 0.328191 0.24406
threshold=-0.00033551514938506827 0.0065591886787134132 -0.010642567255196854 0.005796248179469444 -0.016868635283571628 0.0017184121188301706 -0.00061647896028110816 0.028146662798743591
decision_type=2 2 2 2 2 2 2 2
left_child=1 2 -1 -4 -2 6 7 -6
right_child=4 -3 3 -5 5 -7 -8 -9
leaf_value=-0.016117377154635945 0.015328621415671824 -0.020366077479069149 0.017726741338725129 -0.0081429657743414385 -0.011822394051510485 -0.012372452036286702 0.016004348272779939 0.0063593411393959177
leaf_weight=1.9440699368715284 2.3102621771395215 1.8959254192886872 2.8798912176862377 3.0999852446839213 3.6358346277847868 2.4957568980753431 3.4953179322183097 3.7487686406821012
leaf_count=22 20 26 26 31 32 23 31 39
internal_value=-0.000110079 -0.00449475 -0.000697291 0.00431581 0.00263486 0.000442376 0.00338198 -0.0025925
internal_weight=25.5058 9.81987 7.92395 5.97988 15.6859 13.3757 10.8799 7.3846
internal_count=250 105 79 57 145 125 102 71
is_linear=0
shrinkage=0.05


Tree=577
num_leaves=8
num_cat=0
split_feature=4 15 27 20 17 3 32
split_gain=0.0625471 0.0474012 0.0948203 0.0475552 0.0641888 0.0386839 3.66099e-07
threshold=0.0077522434963797323 0.01967247212534011 -0.015419140363013171 -0.039594974019638011 0.0020369556556761362 -0.090284711171275386 -0.22915505244245757
decision_type=2 2 2 2 2 2 2
left_child=-1 3 -3 -2 -5 -4 -7
right_child=1 2 5 4 -6 6 -8
leaf_value=-0.033532291510095645 0.01866275557159491 0.015525863940964686 0.009760982056993623 0.010964081746174338 -0.018167046482465962 -0.033439388043019151 -0.033553145928081583
leaf_weight=0.12397943971154779 0.60199265455594286 0.23564339202130213 0.063236926216632128 0.50713153701508396 0.30153023499588016 0.14227295852469979 0.1406382995774037
leaf_count=24 27 26 7 24 33 79 30
internal_value=0.000925754 0.0030699 -0.00893886 0.00802263 0.000101795 -0.0255934 -0.0334959
internal_weight=2.11643 1.99245 0.581792 1.41065 0.808662 0.346148 0.282911
internal_count=250 226 142 84 57 116 109
is_linear=0
shrinkage=0.05


Tree=578
num_leaves=9
num_cat=0
split_feature=6 16 5 23 8 32 20 32
split_gain=0.142731 0.20999 0.588123 0.425735 0.233218 0.226937 0.698584 0.306226
threshold=0.60045058507309101 0.027226041635421278 0.018250028000697454 -0.003624233002467669 -0.0077773771284512004 -0.50866616232016959 -0.027124034342357602 -0.25120341139519403
decision_type=2 2 2 2 2 2 2 2
left_child=-1 2 5 -3 -5 6 -2 -7
right_child=1 3 -4 4 -6 7 -8 -9
leaf_value=0.014551739747979089 -0.025895625430240533 -0.011018395352095854 -0.022480917673862979 0.0052722107002196768 0.02827825727570097 0.014985913887730913 0.010714370702138017 -0.0031983203762781611
leaf_weight=1.5899441298097396 2.6223043072968721 2.2641755491495132 3.3910748548805705 2.4511503409594297 2.0007595326751462 4.3599235191941306 2.5900730136781993 4.9367304034531054
leaf_count=15 22 19 37 22 18 49 24 44
internal_value=3.23724e-05 -0.000905424 -0.00373414 0.00663383 0.0156115 0.000647389 -0.00770382 0.00532968
internal_weight=26.2061 24.6162 17.9001 6.71609 4.45191 14.509 5.21238 9.29665
internal_count=250 235 176 59 40 139 46 93
is_linear=0
shrinkage=0.05


Tree=579
num_leaves=9
num_cat=0
split_feature=3 21 9 28 23 22 22 28
split_gain=0.11962 0.193587 0.468048 0.233645 0.477318 0.261831 0.370793 0.210855
threshold=0.10475743092017532 0.0035495773375714417 4059.4249816894535 0.014914210251467332 -1.0000000180025095e-35 1.0000000180025095e-35 -0.0056180986360817578 -0.016342637180907057
decision_type=2 2 2 2 2 2 2 2
left_child=1 3 -3 5 -5 6 -1 -7
right_child=-2 2 -4 4 -6 7 -8 -9
leaf_value=-0.01013320674878959 0.0095445666683138426 -0.029911179060434612 0.0057294081840666353 -0.0078340613254875135 0.019688815247738464 -0.0011272612984044882 0.011829163635985115 -0.023070836636906435
leaf_weight=3.433835778385407 2.8481006491929284 1.8136068106396117 1.8720066770911215 2.6740047540515661 3.8338678423315278 2.0097194854170084 4.364534575026485 2.4045442873612046
leaf_count=38 24 25 15 27 35 21 38 27
internal_value=-0.000107271 -0.00133414 -0.0118085 0.000728009 0.00838 -0.00334959 0.00215853 -0.0130804
internal_weight=25.2542 22.4061 3.68561 18.7205 6.50787 12.2126 7.79837 4.41426
internal_count=250 226 40 186 62 124 76 48
is_linear=0
shrinkage=0.05


Tree=580
num_leaves=10
num_cat=0
split_feature=30 4 28 23 1 2 27 5 34
split_gain=0.0337564 0.0414052 0.0758928 0.0528842 0.0722946 0.0752196 0.0361766 3.85951e-07 4.8891e-08
threshold=0.020731968326248244 0.014488256729574924 -0.033448733870370333 0.010531519258500268 0.010167311406912962 0.023597331378814815 -0.0031445754787510212 0.014953547189709886 0.98358630863173424
decision_type=2 2 2 2 2 2 2 2 2
left_child=1 3 -3 4 6 -6 -1 -4 -9
right_child=-2 2 7 -5 5 -7 -8 8 -10
leaf_value=-0.0011172679474201037 -0.019244995560873432 0.02333095269905178 -0.033598346998449914 0.023614202077699431 0.023222468373629748 -0.0048833691889890478 -0.033824587747936216 -0.033452360104802036 -0.033392336047891873
leaf_weight=0.15972088454873301 0.18747798205731658 0.086762298727990128 0.04315893119201053 0.33761127351317544 0.45256790716666728 0.50223763156100176 0.17961745434149656 0.081059444200946018 0.058342100677691633
leaf_count=16 38 9 11 15 16 45 24 30 46
internal_value=0.000996848 0.00299303 -0.01517 0.00599086 0.00139335 0.00843851 -0.0184298 -0.0334677 -0.0334272
internal_weight=2.08856 1.90108 0.269323 1.63176 1.29414 0.954806 0.339338 0.18256 0.139402
internal_count=250 212 96 116 101 61 40 87 76
is_linear=0
shrinkage=0.05


Tree=581
num_leaves=8
num_cat=0
split_feature=34 12 12 24 3 28 7
split_gain=0.123477 0.348075 0.347466 0.292393 0.461693 0.33684 0.0832585
threshold=0.24628981718251367 0.013048710343382347 0.026800749917009273 0.011286564511071686 0.064324435003997774 -0.0166753827351892 4528.6100341796891
decision_type=2 2 2 2 2 2 2
left_child=6 -2 -3 5 -5 -4 -1
right_child=1 2 3 4 -6 -7 -8
leaf_value=0.015557405692474109 -0.02157120058756163 0.017517288580453597 0.0079445386388141744 -0.0049843278050081411 0.024399683293533394 -0.011035876832365992 0.00025603972021127273
leaf_weight=1.9647125331684976 1.9445407278835798 2.6335528846830156 3.1349611580371954 3.0964563097804776 2.3524063304066658 9.1892254557460458 1.6237399857491253
leaf_count=21 15 27 34 31 22 81 19
internal_value=2.41745e-05 -0.00135807 0.000568031 -0.00194346 0.00770146 -0.00620774 0.00863369
internal_weight=25.9396 22.3511 20.4066 17.773 5.44886 12.3242 3.58845
internal_count=250 210 195 168 53 115 40
is_linear=0
shrinkage=0.05


Tree=582
num_leaves=7
num_cat=0
split_feature=9 10 24 24 5 5
split_gain=0.15928 0.297855 0.173507 0.491889 0.414786 0.30355
threshold=5021.9224609375005 -0.012994545433481939 0.005796248179469444 0.0022466909518641391 0.012531364916293008 0.012180704607723391
decision_type=2 2 2 2 2 2
left_child=1 -1 3 5 -4 -3
right_child=-2 2 4 -5 -6 -7
leaf_value=-0.018374073873035638 0.01371804224369434 -0.0099187923446089447 0.0056344266573561258 0.02630205943847368 -0.01879350435151269 0.0064749302432159234
leaf_weight=2.2921461876249003 1.9205828830599774 4.7155480850487965 3.7090745144523671 2.0752714062109581 3.269656740128994 7.0381313003599644
leaf_count=32 19 52 36 17 29 65
internal_value=-0.000117362 -0.00126768 0.000616742 0.00386022 -0.00581048 -0.000102192
internal_weight=25.0204 23.0998 20.8077 13.829 6.97873 11.7537
internal_count=250 231 199 134 65 117
is_linear=0
shrinkage=0.05


Tree=583
num_leaves=9
num_cat=0
split_feature=16 16 32 11 4 31 34 3
split_gain=0.049731 0.0453294 0.0652801 0.0649763 0.0498425 0.0493241 0.0244557 1.21516e-06
threshold=0.010795918249056959 0.011326841149261741 -0.21116054579489379 3347.1900000000005 0.0082442092521698134 0.44937384845890149 -0.73092358140588332 0.050558034475146847
decision_type=2 2 2 2 2 2 2 2
left_child=-1 -2 3 5 -5 -3 -4 -8
right_child=1 2 6 4 -6 -7 7 -9
leaf_value=-0.033519563387756399 0.03014318745378794 0.0070528643843516328 -0.00061801212161226304 -0.010850959413935287 0.014392099635110775 -0.033796767998072061 -0.033446848998980282 -0.033713684363275508
leaf_weight=0.098537860540091393 0.14149141684174527 0.12944418992265116 0.08395527969696559 0.24183563713449974 1.0216950291214741 0.17220211400126573 0.087025901622837298 0.083704534801654518
leaf_count=24 3 24 12 17 95 33 34 8
internal_value=0.00114118 0.00288252 0.000763052 0.00458304 0.00956066 -0.0162671 -0.0227128 -0.0335777
internal_weight=2.05989 1.96135 1.81986 1.56518 1.26353 0.301646 0.254686 0.17073
internal_count=250 226 223 169 112 57 54 42
is_linear=0
shrinkage=0.05


Tree=584
num_leaves=6
num_cat=0
split_feature=15 30 21 4 24
split_gain=0.127579 0.199584 0.495297 0.247518 0.197423
threshold=0.042023658091660969 -0.015080642471915427 0.0037708410989416579 0.020844425310940221 -0.01645309018349694
decision_type=2 2 2 2 2
left_child=1 -1 3 4 -3
right_child=-2 2 -4 -5 -6
leaf_value=-0.014915689010947884 0.010570694466663422 0.011363080890572043 0.021770578701127797 -0.017293312592866508 -0.0028153700481958928
leaf_weight=2.3650655467063251 2.5790575463324776 3.0317959357053139 2.400884246453642 2.4157658480107775 12.908675473183388
leaf_count=24 25 32 28 25 116
internal_value=2.27902e-05 -0.00115373 0.00041431 -0.00237896 -0.000118701
internal_weight=25.7012 23.1222 20.7571 18.3562 15.9405
internal_count=250 225 201 173 148
is_linear=0
shrinkage=0.05


Tree=585
num_leaves=7
num_cat=0
split_feature=9 10 24 24 5 5
split_gain=0.148875 0.283693 0.163018 0.461797 0.389646 0.280677
threshold=5021.9224609375005 -0.012994545433481939 0.005796248179469444 0.0022466909518641391 0.012531364916293008 0.012180704607723391
decision_type=2 2 2 2 2 2
left_child=1 -1 3 5 -4 -3
right_child=-2 2 4 -5 -6 -7
leaf_value=-0.018061297936844824 0.013314854977593001 -0.0095386032211766097 0.0054303764292165041 0.025712770909594812 -0.018334737368963364 0.0062529561785103398
leaf_weight=2.2590464600361946 1.9033112376928318 4.6932562333531695 3.6979806327726683 2.0387057568877927 3.2323745619505644 7.0265636034309864
leaf_count=32 19 52 36 17 29 65
internal_value=-0.000122805 -0.00123733 0.000599701 0.00374971 -0.00565387 -7.08471e-05
internal_weight=24.8512 22.9479 20.6889 13.7585 6.93036 11.7198
internal_count=250 231 199 134 65 117
is_linear=0
shrinkage=0.05


Tree=586
num_leaves=8
num_cat=0
split_feature=16 4 15 27 30 21 1
split_gain=0.0479166 0.0588783 0.0559632 0.0827798 0.0390207 0.0389319 0.0545701
threshold=0.010795918249056959 0.0077522434963797323 0.01967247212534011 -0.015419140363013171 0.038035975177774024 0.001025673809258443 0.027699433520321119
decision_type=2 2 2 2 2 2 2
left_child=-1 -2 5 -4 -5 6 -3
right_child=1 2 3 4 -6 -7 -8
leaf_value=-0.033510569724984576 -0.033527603572831952 -0.013359871546612574 0.014737851764013246 -0.033482706495536703 0.010530762870869757 0.019821639536318669 0.015120026739954332
leaf_weight=0.094601481687277889 0.10476874542655412 0.30306788312736876 0.22567276257905167 0.25626216286400449 0.062673176551470533 0.61214468711114023 0.37795495963655412
leaf_count=24 19 29 26 104 10 24 14
internal_value=0.00123812 0.00293038 0.00500879 -0.0084362 -0.0248337 0.010671 0.00244594
internal_weight=2.03715 1.94254 1.83778 0.544608 0.318935 1.29317 0.681023
internal_count=250 226 207 140 114 67 43
is_linear=0
shrinkage=0.05


Tree=587
num_leaves=9
num_cat=0
split_feature=0 0 1 8 21 33 24 21
split_gain=0.12238 0.232792 0.225228 0.319958 0.277275 0.218865 0.402479 0.236488
threshold=0.0005742204483144554 0.003342924397658154 0.022232332119969115 0.0054051867519174443 0.0022411371037304177 0.90500000000000014 0.0046789544047062268 -0.0026336282391610784
decision_type=2 2 2 2 2 2 2 2
left_child=2 -2 3 4 -1 6 7 -3
right_child=1 5 -4 -5 -6 -7 -8 -9
leaf_value=0.016778805816877535 -0.016778338787811396 -9.3932437414796191e-05 0.017610777552774879 -0.017026865421333946 -0.0037463084667839798 -0.011990866279162422 -0.010001885362312127 0.020576719694909529
leaf_weight=3.0150308851152676 2.5316060073673716 2.39054376631975 2.3786757495254269 2.0487222261726856 3.6222407892346382 2.9168360605835906 3.3413976989686489 3.2852841708809137
leaf_count=32 21 24 24 20 37 27 32 33
internal_value=2.07443e-05 -0.00300684 0.00397893 0.000245829 0.00557738 -8.54567e-05 0.00376563 0.0118707
internal_weight=25.5303 14.4657 11.0647 8.68599 6.63727 11.9341 9.01723 5.67583
internal_count=250 137 113 89 69 116 89 57
is_linear=0
shrinkage=0.05


Tree=588
num_leaves=8
num_cat=0
split_feature=9 10 24 24 3 27 8
split_gain=0.139026 0.268043 0.162421 0.433091 0.368385 0.265953 0.265259
threshold=5021.9224609375005 -0.012994545433481939 0.005796248179469444 0.0022466909518641391 0.016398422773980407 -0.0081993809289979663 0.011250404497018125
decision_type=2 2 2 2 2 2 2
left_child=1 -1 3 5 -4 -3 -6
right_child=-2 2 4 -5 6 -7 -8
leaf_value=-0.017671362221046264 0.012932457997074806 0.010240056939429674 0.010398421840299509 0.025199631771554595 -0.027299610673265019 -0.0055539818360657673 -0.0030151805557026364
leaf_weight=2.2272264573257479 1.8853917755186547 4.1318018101155811 2.3509691283106795 2.0071941381320348 2.0510397013276815 7.5099277645349467 2.4891803711652756
leaf_count=32 19 42 21 17 18 75 26
internal_value=-0.000115463 -0.00119598 0.000590498 0.00374978 -0.00566688 5.15287e-05 -0.0139856
internal_weight=24.6527 22.7673 20.5401 13.6489 6.89119 11.6417 4.54022
internal_count=250 231 199 134 65 117 44
is_linear=0
shrinkage=0.05


Tree=589
num_leaves=10
num_cat=0
split_feature=30 4 28 23 1 2 24 5 34
split_gain=0.0309964 0.039321 0.0705502 0.0465546 0.0639048 0.0713493 0.0384676 3.46422e-07 3.69909e-08
threshold=0.020731968326248244 0.014488256729574924 -0.033448733870370333 0.010531519258500268 0.010167311406912962 0.023597331378814815 0.0034558009544499728 0.014953547189709886 0.98358630863173424
decision_type=2 2 2 2 2 2 2 2 2
left_child=1 3 -3 4 6 -6 -1 -4 -9
right_child=-2 2 7 -5 5 -7 -8 8 -10
leaf_value=0.00085210829662743591 -0.018620172383856316 0.022690352215427607 -0.033587147578765325 0.023130408576752914 0.023151208384889238 -0.0046448642638048697 -0.033780861331867279 -0.03344334478268602 -0.033389357573917575
leaf_weight=0.15169743185106221 0.17966141986107675 0.083128395737730898 0.041034683032194041 0.31965446763206262 0.4353285719989799 0.49155226262519136 0.17006311460863799 0.075024351957836188 0.054980989214527654
leaf_count=18 38 9 11 15 16 45 22 30 46
internal_value=0.00119429 0.00314763 -0.0150958 0.00610428 0.00174556 0.00841013 -0.0174528 -0.0334605 -0.0334205
internal_weight=2.00213 1.82246 0.254168 1.5683 1.24864 0.926881 0.321761 0.17104 0.130005
internal_count=250 212 96 116 101 61 40 87 76
is_linear=0
shrinkage=0.05


Tree=590
num_leaves=7
num_cat=0
split_feature=15 23 13 7 23 3
split_gain=0.122616 0.197288 0.306786 0.352821 0.370829 0.335005
threshold=0.042023658091660969 -0.0098002246374394569 66.472043218511914 3334.7049926757818 0.0025662273129757334 0.10043160256045515
decision_type=2 2 2 2 2 2
left_child=1 -1 3 -3 -5 -4
right_child=-2 2 5 4 -6 -7
leaf_value=-0.011767787278437572 0.010461478263245057 0.015637514143720246 0.021043916036909128 0.0021244502958781409 -0.015812596507699277 -0.0042132039770817762
leaf_weight=3.6653038561344209 2.5297418497502795 2.1199720157310393 3.2714413087815037 5.9547102451324445 5.5830939635634422 2.1929283011704683
leaf_count=36 25 24 39 55 52 19
internal_value=1.79867e-05 -0.00114139 0.000895456 -0.00311044 -0.00655521 0.0109079
internal_weight=25.3172 22.7874 19.1221 13.6578 11.5378 5.46437
internal_count=250 225 189 131 107 58
is_linear=0
shrinkage=0.05


Tree=591
num_leaves=8
num_cat=0
split_feature=9 10 5 0 0 17 21
split_gain=0.124384 0.252914 0.156962 0.226594 0.308914 0.231772 0.189737
threshold=5021.9224609375005 -0.012994545433481939 0.018250028000697454 -0.0020926799625824439 -0.0066205580812015432 0.0010131506301241267 -1.0000000180025095e-35
decision_type=2 2 2 2 2 2 2
left_child=1 -1 3 4 -3 -5 -4
right_child=-2 2 6 5 -6 -7 -8
leaf_value=-0.017246564594847646 0.012287905502729629 0.0019158843856081631 -0.00057885117832532273 0.01463082030076601 -0.028190858950315326 -0.0025127851164564829 0.017994899918449377
leaf_weight=2.2002337614540073 1.8667903468012799 1.6747007101075726 3.0611900128424168 2.5328541621565774 1.7344221193343461 8.8954112147912365 2.4961310252547255
leaf_count=32 19 21 27 21 19 88 23
internal_value=-0.000116211 -0.00114104 0.000596469 -0.00208803 -0.0134012 0.00128676 0.00776375
internal_weight=24.4617 22.5949 20.3947 14.8374 3.40912 11.4283 5.55732
internal_count=250 231 199 149 40 109 50
is_linear=0
shrinkage=0.05


Tree=592
num_leaves=9
num_cat=0
split_feature=19 11 33 16 17 17 17 30
split_gain=0.0302127 0.0551832 0.0509359 0.0485583 0.0477701 0.157477 0.0731049 6.69879e-07
threshold=0.048532599561474606 3347.1900000000005 0.58500000000000008 0.012041134707463897 -0.0065871925413131622 0.0010131506301241267 0.0025335113475300187 0.0036756479101743848
decision_type=2 2 2 2 2 2 2 2
left_child=1 2 -1 -2 -3 -6 -7 -5
right_child=3 4 -4 7 5 6 -8 -9
leaf_value=-0.033761807502518421 0.017216138977726832 0.025639158267945258 0.0079738173694574449 -0.033429501621638776 -0.033620205979943855 0.030221994768179467 0.0013579433658025435 -0.033647238921207252
leaf_weight=0.17349871707847331 0.070707932842197008 0.28749446479196183 0.1263404428245849 0.071559604359208606 0.23592665570322402 0.34881546010728925 0.59111566465435317 0.06975966393656563
leaf_count=28 5 23 34 34 35 11 69 11
internal_value=0.00122087 0.00336526 -0.0161761 -0.0166116 0.00736925 0.0029023 0.0120696 -0.033537
internal_weight=1.97522 1.76319 0.299839 0.212027 1.46335 1.17586 0.939931 0.141319
internal_count=250 200 62 50 138 115 80 45
is_linear=0
shrinkage=0.05


Tree=593
num_leaves=10
num_cat=0
split_feature=0 1 8 29 21 27 1 24 32
split_gain=0.123096 0.215927 0.30869 0.26219 0.465301 0.210774 0.26115 0.421823 0.444023
threshold=0.0005742204483144554 0.022232332119969115 0.0054051867519174443 0.0016491729710647054 0.0022411371037304177 0.018217743304008497 0.034107337487687135 0.014911151110892253 -0.54139110469285601
decision_type=2 2 2 2 2 2 2 2 2
left_child=1 2 3 4 -1 6 7 8 -2
right_child=5 -3 -4 -5 -6 -7 -8 -9 -10
leaf_value=0.017965927874675072 -0.0045965095617728829 0.017538846062804488 -0.016715886644016107 0.019377688678290719 -0.015602799660768009 -0.016099937127006723 -0.011027515379248705 -0.014293246701686468 0.023412069223712258
leaf_weight=1.764125057496132 2.4094371367245904 2.3239909429103127 2.0224944241344929 2.2667502257972956 2.4884218089282513 2.5387412011623374 3.778325604274869 2.0967007037252188 3.428551683202385
leaf_count=19 23 24 20 25 25 25 35 19 35
internal_value=1.71681e-05 0.0040259 0.000349387 0.00564358 -0.00167716 -0.00303915 -0.000208291 0.00494359 0.0118525
internal_weight=25.1175 10.8658 8.54179 6.5193 4.25255 14.2518 11.713 7.93469 5.83799
internal_count=250 113 89 69 44 137 112 77 58
is_linear=0
shrinkage=0.05


Tree=594
num_leaves=9
num_cat=0
split_feature=0 22 21 34 1 17 16 2
split_gain=0.117957 0.240103 0.241478 0.308036 0.174521 0.176337 0.34585 0.330387
threshold=-0.00033551514938506827 0.0065591886787134132 0.0018819967403077566 0.99328056659361119 -0.016868635283571628 0.016953316990169245 0.019886396493562348 0.033333027154259794
decision_type=2 2 2 2 2 2 2 2
left_child=1 2 3 -1 -2 6 7 -6
right_child=4 -3 -4 -5 5 -7 -8 -9
leaf_value=0.0066297191782208253 0.015650724942970911 -0.020872672002348033 0.0084543088538697291 -0.022248377888163806 -0.0066694043044191621 0.012798749325868728 -0.016779518084245052 0.014425488221215924
leaf_weight=1.6495175026357194 2.1956494264304647 1.8121632639085872 3.7132246736437082 2.0978365894407034 3.8993996744975394 2.3383767772465953 2.9825906828045845 3.542258907109499
leaf_count=18 20 26 36 25 39 24 30 32
internal_value=-0.000116877 -0.00454769 -0.000582378 -0.00953676 0.00262982 0.000389732 -0.00239387 0.00337185
internal_weight=24.231 9.27274 7.46058 3.74735 14.9583 12.7626 10.4242 7.44166
internal_count=250 105 79 43 145 125 101 71
is_linear=0
shrinkage=0.05


Tree=595
num_leaves=11
num_cat=0
split_feature=22 16 22 12 22 29 16 16 30 31
split_gain=0.0303563 0.0965891 0.0595851 0.104147 0.0582995 0.0636266 0.0554707 1.68787e-06 1.50157e-06 5.39196e-07
threshold=-0.0012629562516405788 0.016248459396748693 -0.0024115571994817171 0.042156635956867604 0.0093681200468622734 -0.0033006179690783228 0.016248459396748693 0.016695399545902299 0.0045613534137450848 0.36193754552313467
decision_type=2 2 2 2 2 2 2 2 2 2
left_child=2 9 3 8 5 -3 -5 -7 -1 -2
right_child=1 4 -4 6 -6 7 -8 -9 -10 -11
leaf_value=-0.033762917109756672 -0.033470273508108293 0.023147647480683473 0.017906412863467319 0.023701570164756505 0.022713263489210742 -0.033776507802815554 -0.010831509454842431 -0.033424105607170095 -0.033486218598074567 -0.033623194688239558
leaf_weight=0.079269473615568131 0.12316112429834913 0.07752681150304841 0.56258158641867317 0.27047809865325689 0.24513395346002653 0.064814321696758381 0.20398937650315929 0.071419402018364053 0.12853419175371528 0.10835957810922991
leaf_count=12 28 14 24 13 24 4 39 42 32 18
internal_value=0.0011962 -0.00721248 0.00585978 -0.00407353 0.00607117 -0.0130135 0.00885465 -0.0335918 -0.0335918 -0.0335418
internal_weight=1.93527 0.690415 1.24485 0.682271 0.458894 0.213761 0.474467 0.136234 0.207804 0.231521
internal_count=250 130 120 96 84 60 52 46 44 46
is_linear=0
shrinkage=0.05


Tree=596
num_leaves=8
num_cat=0
split_feature=20 18 32 29 20 32 16
split_gain=0.126674 0.240745 0.168045 0.557496 0.379541 0.464936 0.356005
threshold=0.14238316088760153 1.3163298153540046 -0.23987117030361244 -0.00020256336495405589 -0.030168789191745257 -0.50866616232016959 0.021512203052845322
decision_type=2 2 2 2 2 2 2
left_child=1 2 4 -4 5 -1 -6
right_child=-2 -3 3 -5 6 -7 -8
leaf_value=-0.013737800431010368 0.0092281731494716582 -0.015963796980527474 -0.026742758076351493 0.0045979026377514515 0.022547667379106538 0.01222410641146239 -0.0043408880727279315
leaf_weight=4.4577616117894712 3.2478429935872546 2.4968946222215882 2.1589957345277071 4.1395823117345598 3.7233083415776482 2.8125105015933514 1.8390358574688432
leaf_count=46 35 21 20 39 43 30 16
internal_value=2.07868e-05 -0.00136187 0.000543895 -0.0061449 0.00382692 -0.00369442 0.0136577
internal_weight=24.8759 21.6281 19.1312 6.29858 12.8326 7.27027 5.56234
internal_count=250 215 194 59 135 76 59
is_linear=0
shrinkage=0.05


Tree=597
num_leaves=8
num_cat=0
split_feature=9 10 24 5 5 23 19
split_gain=0.118562 0.239643 0.157888 0.402217 0.35448 0.335255 0.148299
threshold=5021.9224609375005 -0.012994545433481939 0.005796248179469444 0.015175815717479712 0.012531364916293008 -0.0091884185435142634 -0.0042854614325467102
decision_type=2 2 2 2 2 2 2
left_child=1 -1 3 5 -4 -3 -5
right_child=-2 2 4 6 -6 -7 -8
leaf_value=-0.017009253801248257 0.012105406352755706 0.013467783962349706 0.0050828926627387912 0.020959598052781005 -0.017941337247879618 -0.010088615076231235 0.004593882921147467
leaf_weight=2.1470161105971846 1.8305828161537636 2.0686592003330651 3.5756537528941399 3.1922663934528828 3.1395278442651033 5.5971134323626712 2.4439969304949045
leaf_count=32 19 19 36 26 29 63 26
internal_value=-0.000124305 -0.00113438 0.000568337 0.00372343 -0.00568155 -0.00373177 0.0138631
internal_weight=23.9948 22.1642 20.0172 13.302 6.71518 7.66577 5.63626
internal_count=250 231 199 134 65 82 52
is_linear=0
shrinkage=0.05


Tree=598
num_leaves=11
num_cat=0
split_feature=15 27 22 0 2 3 4 9 16 33
split_gain=0.0305436 0.0720894 0.0523746 0.135863 0.0474472 0.036065 8.887e-07 2.07141e-07 2.00266e-07 1.29572e-08
threshold=0.01967247212534011 -0.015419140363013171 -0.0012629562516405788 -0.0078349671388439606 0.014656431304753139 -0.090284711171275386 0.0092950779477247222 4090.6299743652348 0.018131508886470225 0.79500000000000015
decision_type=2 2 2 2 2 2 2 2 2 2
left_child=2 -2 4 -4 -1 -3 -5 9 -9 -7
right_child=1 5 3 6 -6 7 -8 8 -10 -11
leaf_value=0.024287123915264275 0.013546709057134185 0.010223973518464369 0.030498487701515822 -0.033477032174944847 0.0023057166124300027 -0.033412386082548311 -0.033672181992912824 -0.033541448766889338 -0.033433474344635235 -0.03336631234311549
leaf_weight=0.40407148632220902 0.20640849685878482 0.058790443465113529 0.12727510603144765 0.10515525040682394 0.62553844385547563 0.033760303151212034 0.13103688541741576 0.10647362552117556 0.071973662488744594 0.027845987999171484
leaf_count=19 26 7 4 28 38 15 19 15 42 37
internal_value=0.00135258 -0.0091786 0.00517212 -0.0111451 0.0109323 -0.0248747 -0.0335853 -0.0334706 -0.0334979 -0.0333916
internal_weight=1.89833 0.505253 1.39308 0.363467 1.02961 0.298844 0.236192 0.240054 0.178447 0.0616063
internal_count=250 142 108 51 57 116 47 109 57 52
is_linear=0
shrinkage=0.05


Tree=599
num_leaves=8
num_cat=0
split_feature=20 18 32 29 20 22 32
split_gain=0.119072 0.228368 0.161187 0.524019 0.360834 0.461322 0.31672
threshold=0.14238316088760153 1.3163298153540046 -0.23987117030361244 -0.00020256336495405589 -0.034017125820351928 0.0036388216961005253 -0.50866616232016959
decision_type=2 2 2 2 2 2 2
left_child=1 2 4 -4 6 -6 -1
right_child=-2 -3 3 -5 5 -7 -8
leaf_value=-0.012412944759472517 0.0089798548623527541 -0.015623708287097094 -0.026330771549209986 0.0043276709266833581 0.022751834513207395 -0.0069566520140584426 0.0098046584452431002
leaf_weight=4.2620224934071365 3.2208482660353175 2.4722574912011615 2.1079967711120844 4.1135147213935879 3.9181920718401662 1.9605767987668512 2.5721019618213177
leaf_count=45 35 21 20 39 42 20 28
internal_value=1.68517e-05 -0.00133172 0.000534376 -0.00606014 0.00376164 0.012844 -0.00405109
internal_weight=24.6275 21.4067 18.9344 6.22151 12.7129 5.87877 6.83412
internal_count=250 215 194 59 135 62 73
is_linear=0
shrinkage=0.05


end of trees

feature_importances:
range_pct=409
x_dxy_ret_5=311
ret_1=228
x_oil_ret_5=213
x_dxy_ret_1=207
ret_5=197
corr_dxy=189
x_oil_ret_1=180
x_vix_ret_5=165
x_vix_ret_1=164
atr_pct=153
x_tnx_ret_1=145
ret_20=144
vol_z=144
vol_10=137
corr_vix=131
x_tnx_ret_5=128
x_spx_ret_5=115
vol_20=113
body_pct=102
sma_10=100
rsi_14=99
vol_percentile=97
x_spx_ret_1=94
ret_10=88
dist_sma_10=88
sma_20=78
sma_50=72
vol_ratio=68
dist_sma_20=66
dist_sma_50=66
trend_strength=53
bb_pctb=45

parameters:
[boosting: gbdt]
[objective: multiclass]
[metric: multi_logloss]
[tree_learner: serial]
[device_type: cpu]
[data_sample_strategy: bagging]
[data: ]
[valid: ]
[num_iterations: 200]
[learning_rate: 0.05]
[num_leaves: 31]
[num_threads: 4]
[seed: 0]
[deterministic: 0]
[force_col_wise: 0]
[force_row_wise: 0]
[histogram_pool_size: -1]
[max_depth: 5]
[min_data_in_leaf: 20]
[min_sum_hessian_in_leaf: 0.001]
[bagging_fraction: 1]
[pos_bagging_fraction: 1]
[neg_bagging_fraction: 1]
[bagging_freq: 0]
[bagging_seed: 3]
[bagging_by_query: 0]
[feature_fraction: 1]
[feature_fraction_bynode: 1]
[feature_fraction_seed: 2]
[extra_trees: 0]
[extra_seed: 6]
[early_stopping_round: 0]
[early_stopping_min_delta: 0]
[first_metric_only: 0]
[max_delta_step: 0]
[lambda_l1: 0]
[lambda_l2: 0]
[linear_lambda: 0]
[min_gain_to_split: 0]
[drop_rate: 0.1]
[max_drop: 50]
[skip_drop: 0.5]
[xgboost_dart_mode: 0]
[uniform_drop: 0]
[drop_seed: 4]
[top_rate: 0.2]
[other_rate: 0.1]
[min_data_per_group: 100]
[max_cat_threshold: 32]
[cat_l2: 10]
[cat_smooth: 10]
[max_cat_to_onehot: 4]
[top_k: 20]
[monotone_constraints: ]
[monotone_constraints_method: basic]
[monotone_penalty: 0]
[feature_contri: ]
[forcedsplits_filename: ]
[refit_decay_rate: 0.9]
[cegb_tradeoff: 1]
[cegb_penalty_split: 0]
[cegb_penalty_feature_lazy: ]
[cegb_penalty_feature_coupled: ]
[path_smooth: 0]
[interaction_constraints: ]
[verbosity: -1]
[saved_feature_importance_type: 0]
[use_quantized_grad: 0]
[num_grad_quant_bins: 4]
[quant_train_renew_leaf: 0]
[stochastic_rounding: 1]
[linear_tree: 0]
[max_bin: 255]
[max_bin_by_feature: ]
[min_data_in_bin: 3]
[bin_construct_sample_cnt: 200000]
[data_random_seed: 1]
[is_enable_sparse: 1]
[enable_bundle: 1]
[use_missing: 1]
[zero_as_missing: 0]
[feature_pre_filter: 1]
[pre_partition: 0]
[two_round: 0]
[header: 0]
[label_column: ]
[weight_column: ]
[group_column: ]
[ignore_column: ]
[categorical_feature: ]
[forcedbins_filename: ]
[precise_float_parser: 0]
[parser_config_file: ]
[objective_seed: 5]
[num_class: 3]
[is_unbalance: 0]
[scale_pos_weight: 1]
[sigmoid: 1]
[boost_from_average: 1]
[reg_sqrt: 0]
[alpha: 0.9]
[fair_c: 1]
[poisson_max_delta_step: 0.7]
[tweedie_variance_power: 1.5]
[lambdarank_truncation_level: 30]
[lambdarank_norm: 1]
[label_gain: ]
[lambdarank_position_bias_regularization: 0]
[eval_at: ]
[multi_error_top_k: 1]
[auc_mu_weights: ]
[num_machines: 1]
[local_listen_port: 12400]
[time_out: 120]
[machine_list_filename: ]
[machines: ]
[gpu_platform_id: -1]
[gpu_device_id: -1]
[gpu_device_id_list: ]
[gpu_use_dp: 0]
[num_gpu: 1]

end of parameters

pandas_categorical:[]
