tree
version=v4
num_class=3
num_tree_per_iteration=3
label_index=0
max_feature_idx=34
objective=multiclass num_class:3
feature_names=ret_1 ret_5 ret_10 ret_20 vol_10 vol_20 vol_ratio sma_10 dist_sma_10 sma_20 dist_sma_20 sma_50 dist_sma_50 rsi_14 bb_pctb atr_pct range_pct body_pct vol_z x_vix_ret_1 x_vix_ret_5 x_dxy_ret_1 x_dxy_ret_5 x_tnx_ret_1 x_tnx_ret_5 x_gold_ret_1 x_gold_ret_5 x_oil_ret_1 x_oil_ret_5 x_spx_ret_1 x_spx_ret_5 corr_vix corr_dxy vol_percentile trend_strength
feature_infos=[-0.01340961604841906:0.01658558077068939] [-0.030925402474650032:0.03890297508232643] [-0.03590127754413508:0.05782124505145414] [-0.045814380346294814:0.055191742345921835] [0.0013346565881530825:0.0092660935684703086] [0.0028812744291556776:0.0076837760244651779] [0.44479877724211236:1.2883703014452244] [0.5636122345924377:0.60611913204193113] [-0.02143499281294791:0.029643530727924697] [0.56553862988948822:0.60455645620822906] [-0.02409970082174041:0.041249509971907558] [0.57169150352478026:0.60110736250877383] [-0.039472858739819289:0.04989084495575407] [19.932798184349807:91.562352732215786] [-0.24411001325228465:1.2172293834615699] [0.0056536194614321611:0.013360813148887455] [0.0031241686293610386:0.020974847968128044] [-0.00076286192849348651:0.0005526827570000632] none [-0.18386344627110762:0.3967532962143463] [-0.34935652973438835:0.54047468020857092] [-0.013395944759003298:0.010413494501683607] [-0.024533639334138879:0.028083565298270496] [-0.03211016950357426:0.030038068943107232] [-0.049773815210716665:0.052933078568540015] [-0.10779554287274529:0.060697222287814823] [-0.12104152623129605:0.10599732515288141] [-0.16414337128869971:0.12208368261757263] [-0.19185479198264432:0.356311639494584] [-0.027111673211413612:0.02913114047102594] [-0.037953677510128236:0.05297532511434877] [-0.54548140576364967:0.36082511878283624] [-0.51066484612936303:0.46027923015528199] [0.01:1] [-2.6017076885727:3.0570831462269306]
tree_sizes=1066 1065 983 1094 1102 1115 1092 1206 1107 1090 1105 1109 1090 1206 1110 1096 1202 1104 1097 1097 1212 1211 996 1107 1314 1207 1102 1213 1102 1107 1202 1099 1216 1307 993 1110 1312 1095 1207 1097 995 1107 1203 1099 1206 1210 997 1213 1318 1215 1215 1206 1097 1214 1204 1207 1322 1209 1101 1213 1199 1098 1212 1097 991 1217 1208 1102 1219 1216 999 1208 1093 891 1111 1209 1097 1212 1098 1100 1207 1197 1097 1116 1101 1099 1116 996 999 1218 995 998 1104 1211 889 1219 996 992 1110 1105 989 1322 998 1206 1207 1099 992 1326 1002 884 1225 996 989 1214 1105 1102 1202 1100 993 1112 1098 1205 1213 1106 1109 1113 785 1320 1110 1103 1209 1107 1208 1216 1221 1087 1105 1226 1099 1222 1211 1105 1211 1226 1214 1216 1112 791 1315 1222 1104 999 1114 893 1214 1223 1004 1221 1224 783 1221 1116 793 993 1116 784 793 1111 782 999 1228 892 1216 1118 895 1325 892 1213 793 889 1212 1331 1092 1206 1111 1117 1213 1223 1098 1105 1439 896 998 1119 1115 1115 1214 1107 1099 1113 1104 1319 793 1206 1222 1328 1220 792 1215 890 1008 1009 1212 1003 1007 1115 996 1327 1114 790 1218 1110 1011 1005 1109 1097 1110 993 1107 1003 1117 797 1223 1003 1215 999 1126 789 1337 892 1219 1112 1103 1109 796 798 1216 1332 903 1104 1218 1213 898 1334 1107 1224 996 1116 996 1114 1127 891 890 1117 1229 1114 1006 1218 1334 1232 901 1219 900 1111 1337 902 1220 1221 1107 896 1231 901 889 895 1325 894 1228 1123 1217 1010 900 1218 1124 998 1218 1117 1226 1002 895 1003 900 999 902 896 1232 897 897 1219 1116 995 1229 1007 899 1231 1004 1115 1001 1006 904 1225 1102 1003 1108 1231 1112 1227 1215 999 898 1117 1323 1010 1112 1005 1109 1013 1225 1122 1332 905 1121 1109 897 1109 1333 894 899 1105 899 1116 1119 1218 1326 1004 1001 1217 1108 1110 1336 794 1218 1119 1114 997 1217 801 1008 1227 800 1107 1124 1334 1106 1107 796 994 1215 1013 1106 1109 1331 1106 1347 1128 1001 1005 1443 895 1128 1224 1005 903 1334 1112 1121 1008 897 1237 1127 901 1335 1110 1007 901 1113 1224 1114 1216 895 1236 1228 1110 1010 1233 999 1231 1129 1218 1330 1227 1118 1221 1115 1005 793 894 1323 1223 1107 1112 1115 1009 998 1222 1120 1111 1119 1329 994 1112 1009 1110 1221 1114 902 1121 1125 1228 898 1119 1121 1225 1009 1009 901 900 1223 1121 1015 1012 1112 1013 1006 1117 1009 1002 1129 1441 1219 1350 1118 1111 1008 1237 1119 1119 1015 896 1229 1222 1120 1233 1336 1119 1122 1018 1110 1238 1117 902 1458 1223 1116 1132 801 907 1338 1114 905 1230 1338 1226 1131 1234 1227 1242 1239 1010 1126 1337 1011 1133 1010 1120 1126 1007 1336 1135 1012 1108 907 908 1004 1235 903 1227 1135 1338 1231 1343 1129 897 1245 1131 1223 911 1009 915 1231 800 901 1131 1230 1007 1248 1224 1009 1127 1027 901 908 803 1232 1125 1233 1009 1239 1009 797 1124 1237 1123 1134 1352 1123 1468 1244 1020 1129 1132 1118 1246 1242 1124 1136 806 799 1242 1118 1235 1348 1244 1124 1129 1127 1131 1137 905 1125 1129 1016 1227 1230 1136 1133 1024 805 1225 1131 1131

Tree=0
num_leaves=9
num_cat=0
split_feature=21 29 13 33 19 2 6 0
split_gain=48.8852 16.2051 4.39232 5.62772 3.3231 1.53264 0.334214 0.0731957
threshold=0.0019773403340929145 -0.0030622976835565359 47.707756716730138 0.44500000000000006 0.0035640261177041226 -0.016801949833589232 1.0410005789012093 -0.00223691013093763
decision_type=2 2 2 2 2 2 2 2
left_child=1 -1 5 -4 -2 -3 -7 -6
right_child=4 2 3 -5 7 6 -8 -9
leaf_value=-0.74879574009024763 -0.74180656451341154 -0.80950172224333861 -0.7615759468593194 -0.81417141317819175 -0.71077462495225918 -0.83825718747375 -0.82483797036622475 -0.7040650163984965
leaf_weight=12.295799642801283 11.92319965362549 10.4327996969223 7.8245997726917293 14.531399577856062 7.4519997835159328 12.29579964280129 7.4519997835159293 8.9423997402191144
leaf_count=33 32 28 21 39 20 33 20 24
internal_value=-0.776529 -0.800467 -0.812561 -0.795763 -0.721722 -0.825004 -0.833193 -0.707115
internal_weight=93.15 64.8324 52.5366 22.356 28.3176 30.1806 19.7478 16.3944
internal_count=250 174 141 60 76 81 53 44
is_linear=0
shrinkage=1


Tree=1
num_leaves=9
num_cat=0
split_feature=16 13 10 27 17 24 3 0
split_gain=10.8872 10.047 9.42746 7.83271 2.78401 1.14384 0.190552 8.88178e-16
threshold=0.0082663386996949355 41.010789158825688 -0.011140277455090409 -0.019696370333794063 8.2595650866350417e-05 0.011384922219943474 -0.017441355962832191 0.0027865060398295509
decision_type=2 2 2 2 2 2 2 2
left_child=1 2 -1 -3 5 -5 -2 -8
right_child=6 3 -4 4 -6 -7 7 -9
leaf_value=-1.8770032153907654 -1.9102526124885375 -1.8246662014405686 -1.7852595085839498 -1.9231829335821153 -1.8669641462187327 -1.8933437310584738 -1.9231829335821156 -1.9231829335821156
leaf_weight=5.4136319160461426 3.8668799400329581 4.060223937034606 5.8003199100494367 8.893823862075811 4.4469119310379019 5.0269439220428458 6.3803519010543805 4.4469119310379028
leaf_count=28 20 21 30 46 23 26 33 23
internal_value=-1.88387 -1.86819 -1.82955 -1.88751 -1.90141 -1.91241 -1.91978 -1.92318
internal_weight=48.336 33.6419 11.214 22.4279 18.3677 13.9208 14.6941 10.8273
internal_count=250 174 58 116 95 72 76 56
is_linear=0
shrinkage=1


Tree=2
num_leaves=8
num_cat=0
split_feature=21 29 21 29 23 17 16
split_gain=46.2619 13.1658 8.4038 5.08636 4.95529 2.03109 0.405533
threshold=-0.0015171906031645752 -0.00081754060861255462 0.0013112881169073944 0.0040863722802544364 0.0024291938876954693 -5.2552047195930365e-05 0.0054439931240400892
decision_type=2 2 2 2 2 2 2
left_child=3 6 4 -1 -3 -4 -2
right_child=1 2 5 -5 -6 -7 -8
leaf_value=-0.91297927402124524 -0.98717848286517973 -0.94722506271844575 -0.9602729138924917 -0.86842722897397406 -0.89593350982736841 -0.99511282834672854 -1.0012161710248431
leaf_weight=12.466440200805666 7.1236801147460964 13.891176223754885 8.5484161376953143 13.178808212280272 7.1236801147460929 8.192232131958006 18.521568298339844
leaf_count=35 20 39 24 37 20 23 52
internal_value=-0.94675 -0.969671 -0.950892 -0.890084 -0.929838 -0.977322 -0.997317
internal_weight=89.046 63.4008 37.7555 25.6452 21.0149 16.7406 25.6452
internal_count=250 178 106 72 59 47 72
is_linear=0
shrinkage=1


Tree=3
num_leaves=9
num_cat=0
split_feature=21 29 13 33 29 2 8 28
split_gain=43.5992 14.6029 4.04812 5.2526 3.07534 1.44162 0.346104 0.0808714
threshold=0.0019773403340929145 -0.0030622976835565359 47.707756716730138 0.44500000000000006 -0.00081754060861255462 -0.016801949833589232 -0.002026340463067071 0.028584771563586856
decision_type=2 2 2 2 2 2 2 2
left_child=1 -1 5 -4 7 -3 -7 -2
right_child=4 2 3 -5 -6 6 -8 -9
leaf_value=0.026220023312310825 0.068769668961508545 -0.031216192261022242 0.014859747391277885 -0.036000561388070458 0.032278462332251047 -0.059445651130608769 -0.045726587378071892 0.061736650700154883
leaf_weight=12.33008626103401 8.9910471141338402 10.374332606792448 7.8244770467281368 14.453849554061888 11.973417580127714 12.189940810203554 7.3807980418205288 7.4945603907108298
leaf_count=33 24 28 21 39 32 33 20 20
internal_value=7.7115e-06 -0.0227217 -0.034277 -0.0181377 0.0515648 -0.0462842 -0.0542717 0.0655724
internal_weight=93.0125 64.5535 52.2234 22.2783 28.459 29.9451 19.5707 16.4856
internal_count=250 174 141 60 76 81 53 44
is_linear=0
shrinkage=0.05


Tree=4
num_leaves=9
num_cat=0
split_feature=16 13 10 27 17 24 25 23
split_gain=10.1976 8.81534 7.71936 7.00642 2.65251 1.13003 0.200635 8.2637e-06
threshold=0.0082663386996949355 41.010789158825688 -0.011140277455090409 -0.019696370333794063 8.2595650866350417e-05 0.011384922219943474 0.011016035910764834 0.0066468461892038597
decision_type=2 2 2 2 2 2 2 2
left_child=1 2 -1 -3 5 -5 7 -2
right_child=6 3 -4 4 -6 -7 -8 -9
leaf_value=0.0065036829437170526 -0.039103270217579533 0.05414434113959396 0.087908631031499457 -0.039060689459539014 0.016173053336868425 -0.0091643904072074411 -0.025562531141556974 -0.039011601682729047
leaf_weight=5.4499918222427368 6.6023376733064634 4.2603299617767325 6.2540029883384687 8.631554722785955 4.4978566318750373 4.9869612306356421 3.7224424034357062 3.9171551465988159
leaf_count=28 35 21 30 46 23 26 20 21
internal_value=-7.38338e-06 0.0148408 0.0500022 -0.00355013 -0.0171178 -0.028113 -0.0355389 -0.0390691
internal_weight=48.3226 34.0807 11.704 22.3767 18.1164 13.6185 14.2419 10.5195
internal_count=250 174 58 116 95 72 76 56
is_linear=0
shrinkage=0.05


Tree=5
num_leaves=9
num_cat=0
split_feature=21 29 21 23 29 17 24 21
split_gain=41.5147 12.0236 7.48621 4.50843 4.49449 1.94765 0.408685 0.000452696
threshold=-0.0015171906031645752 -0.00081754060861255462 0.0013112881169073944 0.0024291938876954693 0.0040863722802544364 -5.2552047195930365e-05 -0.002015135361664921 0.0025336981609509483
decision_type=2 2 2 2 2 2 2 2
left_child=4 6 3 -3 -1 -4 -2 -8
right_child=1 2 5 -5 -6 -7 7 -9
leaf_value=0.031592259895188095 -0.038525147579469343 -0.0010859857164736625 -0.012634409137267733 0.047557609908566507 0.073136379825359352 -0.046946615133454606 -0.053061475117806116 -0.052552763520124238
leaf_weight=12.607851922512056 6.9844370484352138 13.946088254451753 8.4887025654315966 7.2342691719532004 13.461330294609068 8.0650980174541456 7.3557114899158504 10.785790652036665
leaf_count=35 20 39 24 20 37 23 21 31
internal_value=-4.05346e-06 -0.0220042 -0.00416014 0.0155285 0.0530444 -0.0293515 -0.0488023 -0.052759
internal_weight=88.9293 62.8601 37.7342 21.1804 26.0692 16.5538 25.1259 18.1415
internal_count=250 178 106 59 72 47 72 52
is_linear=0
shrinkage=0.05


Tree=6
num_leaves=9
num_cat=0
split_feature=21 29 13 33 19 28 11 15
split_gain=38.9934 13.1968 3.76089 4.9086 2.90264 1.40426 0.346454 0.0885282
threshold=0.0019773403340929145 -0.0030622976835565359 47.707756716730138 0.44500000000000006 0.0035640261177041226 -0.019282751643865833 0.59209696233272557 0.0095816758914750947
decision_type=2 2 2 2 2 2 2 2
left_child=1 -1 5 -4 -2 -3 -7 -6
right_child=4 2 3 -5 7 6 -8 -9
leaf_value=0.024842340366907582 0.02997696259145435 -0.029769115573726346 0.014761999433936222 -0.034471782608789081 0.065807873131152481 -0.057800132233795459 -0.043925085782010521 0.058472410487593475
leaf_weight=12.347114264965056 11.992256343364717 10.618984252214434 7.8210173845291164 14.353877753019331 8.619314908981325 11.70697543025017 7.3071736991405478 7.8672894537448874
leaf_count=33 32 29 21 39 23 32 20 21
internal_value=3.88806e-06 -0.0216096 -0.0326803 -0.0171072 0.0486933 -0.0443338 -0.0524679 0.0623074
internal_weight=92.634 64.1551 51.808 22.1749 28.4789 29.6331 19.0141 16.4866
internal_count=250 174 141 60 76 81 52 44
is_linear=0
shrinkage=0.05


Tree=7
num_leaves=10
num_cat=0
split_feature=16 13 10 3 8 8 25 23 23
split_gain=9.55757 7.78901 6.43382 6.32182 2.51783 1.35454 0.205891 0.167712 1.98645e-05
threshold=0.0082663386996949355 41.010789158825688 -0.011140277455090409 0.023103940251078651 -0.0012629916229079032 -0.0050294903723600353 0.011016035910764834 0.0042449080137474402 0.0062072404666733147
decision_type=2 2 2 2 2 2 2 2 2
left_child=1 2 -1 4 5 -3 8 -6 -2
right_child=6 3 -4 -5 7 -7 -8 -9 -10
leaf_value=0.006179274975155245 -0.038866252224695745 -0.015799094929312123 0.079302035814301897 0.049546659436226652 -0.039267980971982849 0.025070271025318187 -0.024912998189078675 -0.025766086737987828 -0.038722921836936111
leaf_weight=5.4819661974906921 6.2224624305963498 4.2482213973999023 6.6661967486143094 4.4932956993579856 5.93318158388138 3.8781630545854586 3.6106646060943595 3.755855917930603 3.9531051814556122
leaf_count=28 34 22 30 23 31 20 20 20 22
internal_value=1.29357e-05 0.01409 0.0463047 -0.00345253 -0.0168197 0.00370504 -0.0351707 -0.0340341 -0.0388106
internal_weight=48.2431 34.4569 12.1482 22.3087 17.8154 8.12638 13.7862 9.68904 10.1756
internal_count=250 174 58 116 93 42 76 51 56
is_linear=0
shrinkage=0.05


Tree=8
num_leaves=9
num_cat=0
split_feature=21 29 21 29 24 22 31 21
split_gain=37.428 10.9575 6.8759 4.02941 3.65308 3.27156 0.402425 0.0015461
threshold=-0.0015171906031645752 -0.00081754060861255462 0.0024370343170753155 0.0040863722802544364 -0.0031624900907590288 -0.002301899024704845 -0.19018493556858318 0.0020484144885183357
decision_type=2 2 2 2 2 2 2 2
left_child=3 6 4 -1 5 -3 -2 -8
right_child=1 2 -4 -5 -6 -7 7 -9
leaf_value=0.029648755127840588 -0.036876166910018722 0.014061466422507116 -0.041455181497131177 0.068756693040861641 0.026142758997866923 -0.033742476489540339 -0.051742826572834882 -0.050783845690870549
leaf_weight=12.719799071550371 6.8409840464592007 7.1838017404079419 9.3370353877544385 13.659481346607206 14.034593313932419 7.1325729489326495 6.8711440265178707 10.823680520057676
leaf_count=35 20 20 27 37 39 20 20 32
internal_value=-1.11082e-05 -0.0211702 -0.00424064 0.0498993 0.0080155 -0.00975498 -0.0471747 -0.0511562
internal_weight=88.6031 62.2238 37.688 26.3793 28.351 14.3164 24.5358 17.6948
internal_count=250 178 106 72 79 40 72 52
is_linear=0
shrinkage=0.05


Tree=9
num_leaves=9
num_cat=0
split_feature=21 29 13 33 16 19 2 8
split_gain=34.9323 11.9614 3.5412 4.60752 2.78342 3.7895 1.381 0.352757
threshold=0.0019773403340929145 -0.0030622976835565359 47.707756716730138 0.44500000000000006 0.0077343321912781626 0.0035640261177041226 -0.016801949833589232 -0.002026340463067071
decision_type=2 2 2 2 2 2 2 2
left_child=1 -1 6 -4 5 -2 -3 -8
right_child=4 2 3 -5 -6 -7 7 -9
leaf_value=0.023604237829197648 0.0061553884601532917 -0.027745263792209297 0.014779138372154835 -0.033004372558621486 0.062633107731830923 0.056477624496116131 -0.055828632524042854 -0.04179951714916838
leaf_weight=12.349941611289976 7.4932024180889147 10.193244904279707 7.8137123286724117 14.236772149801252 13.43268647789955 7.4713425636291504 11.888920962810518 7.1909852623939541
leaf_count=33 20 28 21 39 36 20 33 20
internal_value=-6.54786e-06 -0.020574 -0.0312046 -0.016072 0.0461108 0.0312798 -0.0426034 -0.0505412
internal_weight=92.0708 63.6736 51.3236 22.0505 28.3972 14.9645 29.2732 19.0799
internal_count=250 174 141 60 76 40 81 53
is_linear=0
shrinkage=0.05


Tree=10
num_leaves=9
num_cat=0
split_feature=16 13 27 10 17 24 27 19
split_gain=8.97266 6.87274 6.08185 5.44817 2.53451 1.13148 0.213209 4.17618e-05
threshold=0.0082663386996949355 41.010789158825688 -0.019696370333794063 -0.011140277455090409 8.2595650866350417e-05 0.011384922219943474 -0.0093027693675610795 -0.0036221400615467632
decision_type=2 2 2 2 2 2 2 2
left_child=1 3 -3 -1 5 -4 -2 -8
right_child=6 2 4 -5 -6 -7 7 -9
leaf_value=0.0057846385331056845 -0.024188292375954365 0.048645454090103214 -0.038772808897823183 0.072114637219920369 0.015852126314949682 -0.0084660171150046214 -0.038689114425885747 -0.0384814565468624
leaf_weight=5.5213009417057037 3.4891759157180777 4.4960537999868384 8.3044947087764793 7.0470649451017362 4.5185293406248084 4.8949522078037253 4.2895075827836981 5.5586743205785742
leaf_count=28 20 21 46 30 23 26 24 32
internal_value=5.79068e-05 0.0134277 -0.00329019 0.0429758 -0.0164692 -0.0275337 -0.034809 -0.0385719
internal_weight=48.1198 34.7824 22.214 12.5684 17.718 13.1994 13.3374 9.84818
internal_count=250 174 116 58 95 72 76 56
is_linear=0
shrinkage=0.05


Tree=11
num_leaves=9
num_cat=0
split_feature=21 29 21 30 16 24 24 21
split_gain=33.8325 10.0719 6.14405 3.68253 3.41919 3.27521 0.40405 0.00215097
threshold=-0.0015171906031645752 -0.00081754060861255462 0.0024370343170753155 0.0031816290088312331 0.0071483520404295089 -0.0031624900907590288 -0.002015135361664921 0.0025336981609509483
decision_type=2 2 2 2 2 2 2 2
left_child=3 6 4 -1 5 -3 -2 -8
right_child=1 2 -4 -5 -6 -7 7 -9
leaf_value=0.02681100213335931 -0.035321168046358362 -0.02277773285455641 -0.039919654718212239 0.064162047588381399 0.034239457097961661 0.017609929306459902 -0.050473880072980405 -0.049337957572875818
leaf_weight=12.149979472160341 6.6841925084590939 10.745330005884172 9.1404064297676069 14.444111973047255 8.2866942882537824 9.4206540584564227 7.0526303350925472 10.187415063381193
leaf_count=33 20 30 27 39 23 26 21 31
internal_value=-2.47822e-05 -0.0203959 -0.00425629 0.0470976 0.00720054 -0.00391041 -0.0457567 -0.0498026
internal_weight=88.1114 61.5173 37.5931 26.5941 28.4527 20.166 23.9242 17.24
internal_count=250 178 106 72 79 56 72 52
is_linear=0
shrinkage=0.05


Tree=12
num_leaves=9
num_cat=0
split_feature=21 29 13 33 19 2 8 28
split_gain=31.3644 10.8444 3.32685 4.31261 2.56155 1.31808 0.351299 0.10035
threshold=0.0019773403340929145 -0.0030622976835565359 47.707756716730138 0.44500000000000006 0.0035640261177041226 -0.016801949833589232 -0.002026340463067071 0.0219700531521595
decision_type=2 2 2 2 2 2 2 2
left_child=1 -1 5 -4 -2 -3 -7 -6
right_child=4 2 3 -5 7 6 -8 -9
leaf_value=0.022425674172543163 0.02622791748280507 -0.026428410211507616 0.014670025451139421 -0.03164594066584251 0.060296613496519248 -0.05415274483414402 -0.040033731468552151 0.052406467957950814
leaf_weight=12.33991166949272 11.951482802629473 10.105678498744963 7.8074022233486202 14.107620716094969 8.8859046399593371 11.683036595582964 7.0727382898330715 7.3739939928054801
leaf_count=33 32 28 21 39 24 33 20 20
internal_value=-2.60543e-05 -0.0196158 -0.0298329 -0.0151455 0.0438014 -0.0409852 -0.0488285 0.0567184
internal_weight=91.3278 63.1164 50.7765 21.915 28.2114 28.8615 18.7558 16.2599
internal_count=250 174 141 60 76 81 53 44
is_linear=0
shrinkage=0.05


Tree=13
num_leaves=10
num_cat=0
split_feature=16 17 30 34 13 10 25 8 21
split_gain=8.3749 6.42752 6.39887 5.61092 2.72213 3.33253 0.219482 0.149882 7.2485e-05
threshold=0.0082663386996949355 -3.9877528213727841e-05 0.0093424494496364714 -1.0196975554605208 47.369598079750531 -0.010459320615435587 0.011016035910764834 0.0053654234126392789 0.0020484144885183357
decision_type=2 2 2 2 2 2 2 2 2
left_child=1 4 3 -3 5 -1 8 -6 -2
right_child=6 2 -4 -5 7 -7 -8 -9 -10
leaf_value=-0.026626043411002227 -0.038453020958714723 0.013819097091386279 -0.00434868859863054 0.085331510374742264 -0.038994949187917259 0.034210589312777602 -0.023461354730082654 -0.0248088122070763 -0.038176476648805954
leaf_weight=3.9047157168388376 4.6641752868890745 4.6162228137254706 7.0370086431503287 6.7590875625610378 3.8757677674293509 5.3152505755424508 3.3729152977466574 3.5833910703659058 4.8163157105445862
leaf_count=20 27 22 35 32 21 24 20 20 29
internal_value=0.000113346 0.0127606 0.0331275 0.056311 -0.00972259 0.00844588 -0.0344154 -0.0321799 -0.0383125
internal_weight=47.9449 35.0914 18.4123 11.3753 16.6791 9.21997 12.8534 7.45916 9.48049
internal_count=250 174 89 54 85 44 76 41 56
is_linear=0
shrinkage=0.05


Tree=14
num_leaves=9
num_cat=0
split_feature=21 29 21 23 29 17 31 21
split_gain=30.6658 9.28186 5.67362 3.92097 3.60177 1.84956 0.399004 0.00330373
threshold=-0.0015171906031645752 -0.00081754060861255462 0.0013112881169073944 0.0024291938876954693 0.0040863722802544364 -5.2552047195930365e-05 -0.19018493556858318 0.0020484144885183357
decision_type=2 2 2 2 2 2 2 2
left_child=4 6 3 -3 -1 -4 -2 -8
right_child=1 2 5 -5 -6 -7 7 -9
leaf_value=0.025580810020903368 -0.03399203614742307 -0.0029342084559309846 -0.010359867672265887 0.042063142405716049 0.062306787974745773 -0.044358148809022335 -0.049431797936015341 -0.047993403924842241
leaf_weight=12.899585425853731 6.5373824238777187 14.075627684593202 8.2810570299625414 7.3794044554233542 13.836829841136931 7.7385545969009391 6.5705831050872829 10.172063738107679
leaf_count=35 20 39 24 20 37 23 20 32
internal_value=-3.49163e-05 -0.019672 -0.00426845 0.0125425 0.0445875 -0.0267833 -0.0444676 -0.0485579
internal_weight=87.4911 60.7547 37.4746 21.455 26.7364 16.0196 23.28 16.7426
internal_count=250 178 106 59 72 47 72 52
is_linear=0
shrinkage=0.05


Tree=15
num_leaves=9
num_cat=0
split_feature=21 29 13 33 16 29 28 11
split_gain=28.2819 9.81852 3.17345 4.00708 2.52576 3.4594 1.31763 0.354514
threshold=0.0019773403340929145 -0.0030622976835565359 47.707756716730138 0.44500000000000006 0.0077343321912781626 -0.00081754060861255462 -0.019282751643865833 0.59209696233272557
decision_type=2 2 2 2 2 2 2 2
left_child=1 -1 6 -4 5 -2 -3 -8
right_child=4 2 3 -5 -6 -7 7 -9
leaf_value=0.021246915461094459 0.051942979715858796 -0.025246742965961733 0.014509457973951598 -0.030240239702591987 0.057698818734534342 0.0036266507296420464 -0.05317482662385728 -0.038812546608025203
leaf_weight=12.320488929748533 7.3510757088661194 10.26383498311043 7.7996071875095394 13.949275612831114 13.147593230009077 7.4686520397663134 11.187327027320864 6.9757238030433646
leaf_count=33 20 29 21 39 36 20 32 20
internal_value=-4.55829e-05 -0.0187475 -0.028568 -0.0141921 0.041746 0.0275931 -0.0395667 -0.0476588
internal_weight=90.4636 62.4963 50.1758 21.7489 27.9673 14.8197 28.4269 18.1631
internal_count=250 174 141 60 76 40 81 52
is_linear=0
shrinkage=0.05


Tree=16
num_leaves=10
num_cat=0
split_feature=16 13 3 16 8 31 0 2 19
split_gain=7.85963 5.95821 5.33469 4.52512 2.392 1.33449 0.225706 0.174064 6.82447e-05
threshold=0.0082663386996949355 41.010789158825688 0.023103940251078651 0.0050649271766342544 -0.0012629916229079032 0.080966469897426244 0.0030946694649471866 0.013593288277281125 0.0078413239599637325
decision_type=2 2 2 2 2 2 2 2 2
left_child=1 3 4 -1 5 -3 8 -6 -2
right_child=6 2 -4 -5 7 -7 -8 -9 -10
leaf_value=0.075867413708835457 -0.038191520476306424 -0.015739426773025297 0.043223163767451431 0.015545075607078688 -0.039033466637899965 0.024814991197551747 -0.022770501022803542 -0.025019296123585458 -0.037910493823401635
leaf_weight=5.0821115374565116 5.64555875957012 4.2828450351953524 4.7869951426982871 8.007486090064047 5.7288102209568041 3.8538328260183334 3.2654307335615149 3.6131570786237717 3.4993371665477753
leaf_count=21 34 23 23 37 31 19 20 20 22
internal_value=0.000178632 0.0121951 -0.00354275 0.0389656 -0.0163508 0.00346865 -0.0340547 -0.0336133 -0.038084
internal_weight=47.7656 35.3552 22.2656 13.0896 17.4786 8.13668 12.4103 9.34197 9.1449
internal_count=250 174 116 58 93 42 76 51 56
is_linear=0
shrinkage=0.05


Tree=17
num_leaves=9
num_cat=0
split_feature=21 29 29 31 30 11 28 21
split_gain=27.9916 6.34913 5.50449 5.49831 3.84971 2.50157 1.05019 0.0044595
threshold=-1.0000000180025095e-35 0.00055872193595185593 -0.00081754060861255462 0.10259464852219044 0.0036607581330937449 0.58580574333667768 -0.016422625026643652 0.0023485325565208996
decision_type=2 2 2 2 2 2 2 2
left_child=1 -1 7 6 -4 -6 -3 -2
right_child=2 3 4 -5 5 -7 -8 -9
leaf_value=0.00062283983092032986 -0.048423833098513322 0.042022726287031256 0.013475604085899848 0.006687591575693777 -0.0055449045616071425 -0.042690305480333333 0.065547057462522387 -0.046830954776395352
leaf_weight=12.344016283750532 7.0449162721633938 7.4487555027008083 9.4953372478485125 7.3825480341911307 8.3244715332984942 9.9504097700119001 13.066995799541475 11.677275270223616
leaf_count=35 22 20 27 20 24 29 35 38
internal_value=-5.08318e-05 0.0304799 -0.0264772 0.0436905 -0.012351 -0.02577 0.057006 -0.0474303
internal_weight=86.7347 40.2423 46.4924 27.8983 27.7702 18.2749 20.5158 18.7222
internal_count=250 110 140 75 80 53 55 60
is_linear=0
shrinkage=0.05


Tree=18
num_leaves=9
num_cat=0
split_feature=21 29 13 33 16 19 2 8
split_gain=25.5521 8.93427 2.98861 3.72369 2.36943 3.31163 1.29957 0.346744
threshold=0.0019773403340929145 -0.0030622976835565359 47.707756716730138 0.44500000000000006 0.0077343321912781626 0.0035640261177041226 -0.016801949833589232 -0.002026340463067071
decision_type=2 2 2 2 2 2 2 2
left_child=1 -1 6 -4 5 -2 -3 -8
right_child=4 2 3 -5 -6 -7 7 -9
leaf_value=0.020205968963655632 0.0027527937225963624 -0.023594977867240279 0.014186185019124414 -0.029041426798320981 0.055517996415152739 0.050195339886915574 -0.051548587135939676 -0.037272421634996174
leaf_weight=12.300448477268217 7.4503123164176959 9.8644361197948438 7.7979732155799892 13.795037537813185 12.92135778069496 7.2651937305927277 11.256632357835771 6.8364200592041042
leaf_count=33 20 28 21 39 36 20 33 20
internal_value=-7.52085e-05 -0.0179348 -0.0274029 -0.0134305 0.0398944 0.0261757 -0.0381946 -0.0461544
internal_weight=89.4878 61.8509 49.5505 21.593 27.6369 14.7155 27.9575 18.0931
internal_count=250 174 141 60 76 40 81 53
is_linear=0
shrinkage=0.05


Tree=19
num_leaves=9
num_cat=0
split_feature=16 17 8 25 5 13 9 21
split_gain=7.35486 5.69104 5.39285 6.24941 2.54899 2.79189 0.234127 5.58742e-05
threshold=0.0082663386996949355 -3.9877528213727841e-05 0.0021063073551174129 0.0042163440294625829 0.0055442066047449818 47.369598079750531 0.59579013884067544 0.0020484144885183357
decision_type=2 2 2 2 2 2 2 2
left_child=1 4 3 -3 5 -1 7 -2
right_child=6 2 -4 -5 -6 -7 -8 -9
leaf_value=0.023226930304866323 -0.037956597518318307 0.081090434278296139 -0.0078212570122309279 0.010885550607715226 -0.03878157555375937 -0.027503882175188454 -0.021964722968522706 -0.037697551570049045
leaf_weight=6.968643859028818 5.4341849833726865 6.9228445738554019 6.2227485328912726 5.847305029630661 5.1902046352624884 4.4399579763412476 3.1447559595108023 3.3740565776824951
leaf_count=31 34 30 31 28 29 25 20 22
internal_value=0.000258434 0.0116549 0.030346 0.0489444 -0.00973204 0.0034837 -0.0336761 -0.0378574
internal_weight=47.5447 35.5917 18.9929 12.7701 16.5988 11.4086 11.953 8.80824
internal_count=250 174 89 58 85 56 76 56
is_linear=0
shrinkage=0.05


Tree=20
num_leaves=10
num_cat=0
split_feature=21 29 21 6 16 23 3 24 21
split_gain=25.7343 7.90223 4.70144 3.2231 3.00918 2.90328 1.62287 0.408663 0.006665
threshold=-0.0015171906031645752 -0.00081754060861255462 0.0024370343170753155 0.95006825920893856 0.0071483520404295089 1.0000000180025095e-35 -0.0058765752320286682 -0.002015135361664921 0.0025336981609509483
decision_type=2 2 2 2 2 2 2 2 2
left_child=3 7 4 -1 5 -3 -5 -2 -9
right_child=1 2 -4 6 -6 -7 -8 8 -10
leaf_value=0.016794968767968762 -0.031389409619430646 -0.022926435947202686 -0.036743074227375674 0.035524484219813239 0.030576195505380033 0.015050598662412852 0.066337166535792205 -0.047751538269866743 -0.045666718319800077
leaf_weight=9.2803291380405444 6.204494476318362 10.717582613229757 8.6433251500129682 7.4283307492733028 8.3585521876811963 9.4874608516693097 10.061252504587172 6.5942925810813895 9.1569028496742231
leaf_count=25 20 30 27 20 23 26 27 21 31
internal_value=-6.4666e-05 -0.0184702 -0.00443287 0.0406122 0.00534417 -0.00509398 0.0532501 -0.0422582 -0.0465395
internal_weight=85.9325 59.1626 37.2069 26.7699 28.5636 20.205 17.4896 21.9557 15.7512
internal_count=250 178 106 72 79 56 47 72 52
is_linear=0
shrinkage=0.05


Tree=21
num_leaves=10
num_cat=0
split_feature=21 29 29 13 17 28 28 20 1
split_gain=23.4155 7.74436 5.18704 3.53957 3.0946 2.90282 2.17203 0.31716 0.132935
threshold=0.00020139240034111608 -0.0010543446260813381 1.0000000180025095e-35 41.010789158825688 -3.4975499912913667e-05 -0.0044504972991431515 -0.019282751643865833 0.017435260543101298 -0.0091193757568812078
decision_type=2 2 2 2 2 2 2 2 2
left_child=2 7 4 -3 -1 -5 -4 -2 -8
right_child=1 3 6 5 -6 -7 8 -9 -10
leaf_value=0.01757994330145788 0.041445019691230656 -0.021576664813747693 -0.019729444299289862 -0.00088361249391251786 -0.026546788834656922 0.040612247132188264 -0.04261950532636119 0.054744418662567851 -0.051444546773308231
leaf_weight=8.703490078449251 7.134228557348254 7.3843187391757992 10.393128067255022 8.4003636240959203 7.3105207383632651 8.4579980969428981 6.6526822745800045 12.062293350696562 11.900577396154402
leaf_count=24 20 21 30 23 20 23 20 34 35
internal_value=-0.000102945 0.0260771 -0.0253972 0.00729072 -0.00256425 0.0199352 -0.0380291 0.0498018 -0.0482801
internal_weight=88.3996 43.4392 44.9604 24.2427 16.014 16.8584 28.9464 19.1965 18.5533
internal_count=250 121 129 67 44 46 85 54 55
is_linear=0
shrinkage=0.05


Tree=22
num_leaves=8
num_cat=0
split_feature=27 16 13 3 24 29 21
split_gain=7.13559 5.82652 4.8632 4.56398 3.81766 1.69454 0.00020631
threshold=-0.0290949916291201 0.0080916097938561107 41.010789158825688 0.023103940251078651 -0.0068616275588160849 0.0036902644695857583 0.0020484144885183357
decision_type=2 2 2 2 2 2 2
left_child=-1 2 4 5 -2 -4 -3
right_child=1 6 3 -5 -6 -7 -8
leaf_value=0.060925939173271076 0.061143231176344563 -0.037874967024975198 -0.034099302160453197 0.038122289276038911 0.0056018816033798786 0.0014284019006420142 -0.037435231110309983
leaf_weight=4.4060451090335837 5.3160511404275894 5.9665040522813779 10.696981802582743 3.8057145178318015 7.4014574587345106 4.8908315151929846 4.8238303661346436
leaf_count=21 22 38 60 18 32 26 33
internal_value=0.000331697 -0.00589144 0.00478999 -0.0109671 0.0288187 -0.0229521 -0.0376784
internal_weight=47.3074 42.9014 32.111 19.3935 12.7175 15.5878 10.7903
internal_count=250 229 158 104 54 86 71
is_linear=0
shrinkage=0.05


Tree=23
num_leaves=9
num_cat=0
split_feature=21 29 21 23 29 6 31 21
split_gain=23.4793 7.33216 4.34441 3.39929 3.07494 1.94616 0.414961 0.00759804
threshold=-0.0015171906031645752 -0.00081754060861255462 0.0013112881169073944 0.0024291938876954693 0.0040863722802544364 0.91937222341840175 -0.19018493556858318 0.0020484144885183357
decision_type=2 2 2 2 2 2 2 2
left_child=4 6 3 -3 -1 -4 -2 -8
right_child=1 2 5 -5 -6 -7 7 -9
leaf_value=0.02127005029817064 -0.030170256249800916 -0.0043309546295715361 -0.0039013327870587229 0.037433222847325913 0.055207941999456694 -0.039818464838417333 -0.047016220143328874 -0.044739856664190426
leaf_weight=12.970389097929003 6.0397462546825436 14.120680600404741 6.527901202440261 7.4387925267219535 13.749602198600767 8.9320354461669904 6.1428364217281333 9.0903358459472638
leaf_count=35 20 39 20 20 37 27 20 32
internal_value=-7.75346e-05 -0.0178679 -0.00442539 0.0100792 0.0387338 -0.0246526 -0.0412606 -0.0456578
internal_weight=85.0123 58.2923 37.0194 21.5595 26.72 15.4599 21.2729 15.2332
internal_count=250 178 106 59 72 47 72 52
is_linear=0
shrinkage=0.05


Tree=24
num_leaves=11
num_cat=0
split_feature=21 29 17 19 32 13 26 19 24 15
split_gain=21.182 8.51461 4.17383 3.80082 2.00642 1.89591 1.454 2.34384 2.02259 0.136833
threshold=0.0015291427556902717 1.0000000180025095e-35 4.740957915233709e-05 0.0012326341754252958 -0.019187853425426619 47.707756716730138 -0.0027505105221876098 -0.012292146278990666 -0.0039215571686257436 0.0097036665472547082
decision_type=2 2 2 2 2 2 2 2 2 2
left_child=1 2 5 4 -2 -1 -3 8 -8 -5
right_child=3 6 -4 9 -6 -7 7 -9 -10 -11
leaf_value=0.0032346104548518859 -0.0021067843561057638 -0.050602300847859605 -0.025503417681369885 0.054021948572740598 0.034223943339537689 0.038958192763686894 -0.032610861481670174 -0.046549590997449125 0.004760767810454941 0.044661531110023835
leaf_weight=7.5423628687858599 8.0424027144908887 9.6711368858814222 7.2252168655395499 9.0618665516376478 7.2046594917774227 7.3172532021999359 7.6513187289237958 9.8230574429035205 6.8722893595695496 6.8598264455795279
leaf_count=21 22 29 20 26 20 20 23 29 20 20
internal_value=-0.000145588 -0.0185062 0.00566886 0.0329028 0.0150605 0.0208258 -0.0342009 -0.0276858 -0.0149273 0.049989
internal_weight=87.2714 56.1026 22.0848 31.1688 15.2471 14.8596 34.0178 24.3467 14.5236 15.9217
internal_count=250 162 61 88 42 41 101 72 43 46
is_linear=0
shrinkage=0.05


Tree=25
num_leaves=10
num_cat=0
split_feature=16 21 17 10 30 5 31 28 21
split_gain=6.51655 5.40007 6.66277 6.02439 3.43153 2.92653 2.93697 0.248527 9.18299e-05
threshold=0.0082663386996949355 -0.002646338343760601 -3.9877528213727841e-05 -0.0062488411814671926 0.0093424494496364714 0.0055442066047449818 -0.10718304534502911 0.074776923435601064 0.0028314634243562513
decision_type=2 2 2 2 2 2 2 2 2
left_child=1 -1 5 -4 -5 6 -3 8 -2
right_child=7 2 3 4 -6 -7 -8 -9 -10
leaf_value=-0.0393449185000255 -0.03758600118824406 0.040281373702524458 0.079349151166081697 0.041338826411183138 -0.016999022861658636 -0.038645741356889793 -0.01434512798512459 -0.020520970313268629 -0.037233372816894539
leaf_weight=4.671808034181594 5.3825282752513868 4.3144124746322614 6.1433366686105755 6.0033503323793429 4.3452466130256653 4.7092607468366614 5.7263284027576447 2.9409627914428702 2.8101452738046646
leaf_count=25 36 21 25 26 22 27 28 20 20
internal_value=0.000432022 0.010793 0.0182904 0.0401272 0.0168435 -0.00612524 0.00912737 -0.0329892 -0.037465
internal_weight=47.0474 35.9137 31.2419 16.4919 10.3486 14.75 10.0407 11.1336 8.19267
internal_count=250 174 149 73 48 76 49 76 56
is_linear=0
shrinkage=0.05


Tree=26
num_leaves=9
num_cat=0
split_feature=21 29 21 30 9 24 1 21
split_gain=21.3208 6.80232 4.0314 3.01997 2.77033 2.85375 0.421344 0.0103672
threshold=-0.0015171906031645752 -0.00081754060861255462 0.0024370343170753155 0.0031816290088312331 0.58991119563579575 -0.0031624900907590288 0.0058602463198278451 0.0020484144885183357
decision_type=2 2 2 2 2 2 2 2
left_child=3 6 4 -1 5 -3 7 -2
right_child=1 2 -4 -5 -6 -7 -8 -9
leaf_value=0.018549362241600517 -0.046492278004964305 -0.0052198777170846412 -0.034994189428132892 0.052351939555390775 -0.019963870067255987 0.032299585416483118 -0.029231109517094109 -0.043779949651910774
leaf_weight=12.175977408885958 6.0497865676879909 9.665490388870241 8.3258006274700147 14.44835790991783 8.2087032794952375 10.655012637376787 6.0819688141345969 8.435200095176695
leaf_count=33 20 27 27 39 23 29 21 31
internal_value=-9.06623e-05 -0.0172386 -0.00438291 0.0368932 0.00455051 0.0144534 -0.0402755 -0.0449128
internal_weight=84.0463 57.422 36.855 26.6243 28.5292 20.3205 20.567 14.485
internal_count=250 178 106 72 79 56 72 51
is_linear=0
shrinkage=0.05


Tree=27
num_leaves=10
num_cat=0
split_feature=21 29 29 0 8 17 28 20 29
split_gain=19.3063 6.80117 4.38512 3.26037 5.04055 2.68273 2.199 0.310649 0.131563
threshold=0.00020139240034111608 -0.0010543446260813381 1.0000000180025095e-35 -0.0024098268414474706 0.0035932171099530767 -3.4975499912913667e-05 -0.019282751643865833 0.017435260543101298 0.0061833681038172559
decision_type=2 2 2 2 2 2 2 2 2
left_child=2 7 5 -3 -5 -1 -4 -2 -8
right_child=1 3 6 4 -6 -7 8 -9 -10
leaf_value=0.016216694060871704 0.038292920979682857 0.033428448679560629 -0.016797731547736203 -0.030924158669148952 0.024923793323665802 -0.024993434293897009 -0.049267063224025132 0.051707842715998258 -0.040281496652266761
leaf_weight=8.6701944768428785 6.8881881833076504 7.5752789974212673 10.068759322166445 9.1408771574497241 7.240410864353179 7.2527828812599173 11.39492502808571 11.554663658142088 6.3402415812015525
leaf_count=24 20 21 30 26 20 20 35 34 20
internal_value=-0.000166515 0.0238741 -0.0234773 0.00630367 -0.00623977 -0.00255417 -0.0354598 0.0466975 -0.0460548
internal_weight=86.1263 42.3994 43.7269 23.9566 16.3813 15.923 27.8039 18.4429 17.7352
internal_count=250 121 129 67 46 44 85 54 55
is_linear=0
shrinkage=0.05


Tree=28
num_leaves=9
num_cat=0
split_feature=16 23 21 17 25 13 25 21
split_gain=6.15276 4.80619 6.60645 5.86612 3.93762 3.70263 0.256251 0.000246433
threshold=0.0082663386996949355 0.0082086458205183916 -0.002646338343760601 1.1975943700534599e-05 0.001501405692066138 41.010789158825688 0.011016035910764834 0.0020484144885183357
decision_type=2 2 2 2 2 2 2 2
left_child=1 2 -1 5 -5 -4 7 -2
right_child=6 -3 3 4 -6 -7 -8 -9
leaf_value=-0.039031657206292036 -0.037568947395292769 -0.039554691489474825 0.035047251352273649 0.08208951665087684 0.021222388693323567 -0.012822139336009753 -0.019808240939742823 -0.037010402050186263
leaf_weight=4.4970309510827056 4.0168386250734311 4.2404683530330649 7.0574893951416113 5.990265026688574 4.7752662748098373 9.4466145187616331 2.8512073308229446 3.8845672905445099
leaf_count=25 27 23 29 24 21 52 20 29
internal_value=0.000532255 0.0104436 0.0171177 0.0263773 0.0550907 0.00764778 -0.0326577 -0.0372943
internal_weight=46.7597 36.0071 31.7667 27.2696 10.7655 16.5041 10.7526 7.90141
internal_count=250 174 151 126 45 81 76 56
is_linear=0
shrinkage=0.05


Tree=29
num_leaves=9
num_cat=0
split_feature=21 21 29 29 31 30 11 21
split_gain=19.3673 4.89904 5.80839 4.37648 4.12333 3.41864 2.30151 0.00525644
threshold=-1.0000000180025095e-35 -0.0035448987863623822 -0.00081754060861255462 -0.00081754060861255462 0.072604741596438302 0.0036607581330937449 0.58580574333667768 0.0023485325565208996
decision_type=2 2 2 2 2 2 2 2
left_child=1 -1 -3 7 -4 -5 -7 -2
right_child=3 2 4 5 -6 6 -8 -9
leaf_value=0.051533193813342953 -0.044953656583617115 -0.025983089220893603 0.043468096407073623 0.013421089690994412 -0.0031858503384490874 -0.0044214073479420584 -0.040635478482434817 -0.0431042942321044
leaf_weight=12.145201951265333 6.25627073645592 6.983989059925082 13.238077193498613 9.3849549591541308 7.3741420507431021 8.1460374891757983 9.5082963705062848 9.9578543305397016
leaf_count=33 22 21 36 27 20 24 29 38
internal_value=-0.000127078 0.025071 0.0134249 -0.0232792 0.0267774 -0.0109631 -0.0239256 -0.0438179
internal_weight=82.9948 39.7414 27.5962 43.2534 20.6122 27.0393 17.6543 16.2141
internal_count=250 110 77 140 56 80 53 60
is_linear=0
shrinkage=0.05


Tree=30
num_leaves=10
num_cat=0
split_feature=21 29 13 33 16 19 29 2 8
split_gain=17.6112 6.45371 3.02802 2.84919 2.14094 2.83336 1.69389 1.38903 0.37033
threshold=0.0019773403340929145 -0.0033718182032360651 47.707756716730138 0.44500000000000006 0.0077343321912781626 0.0035640261177041226 0.0027171793287790185 -0.016801949833589232 -0.002026340463067071
decision_type=2 2 2 2 2 2 2 2 2
left_child=1 -1 7 -4 5 -2 -5 -3 -9
right_child=4 2 3 6 -6 -7 -8 8 -10
leaf_value=0.018654237099301044 -0.00056576435772430619 -0.019099874981861369 0.015064360362759446 -0.0061006701952199 0.049828041218352694 0.044249625065272247 -0.04161616325718645 -0.048688305058295404 -0.033483292097533514
leaf_weight=11.311318904161451 7.3315276503562945 9.3465832173824293 7.6781203746795681 7.0106572508811933 11.825363159179686 6.7961521744728088 6.4424976408481598 10.806650161743166 6.3621622920036343
leaf_count=31 20 28 21 20 36 20 20 34 20
internal_value=-0.00018961 -0.0152976 -0.0233577 -0.00923824 0.0341314 0.0209928 -0.0231085 -0.0346102 -0.0430539
internal_weight=84.911 58.958 47.6467 21.1313 25.953 14.1277 13.4532 26.5154 17.1688
internal_count=250 174 143 61 76 40 40 82 54
is_linear=0
shrinkage=0.05


Tree=31
num_leaves=9
num_cat=0
split_feature=27 16 32 13 34 3 8 21
split_gain=5.88839 5.08361 4.33672 3.77221 5.68028 4.07578 1.34142 0.000204429
threshold=-0.0290949916291201 0.0080916097938561107 0.065285399631770422 44.337530627580911 -1.5200885470993741 0.023103940251078651 -0.0032703107102066849 0.0020484144885183357
decision_type=2 2 2 2 2 2 2 2
left_child=-1 2 3 4 -2 -5 -4 -3
right_child=1 7 6 5 -6 -7 -8 -9
leaf_value=0.053983898747321291 -0.0025587008207979692 -0.037330133385637961 -0.0014371023112833975 -0.025436932033371454 0.068418458429125806 0.038259107514804429 -0.039873449851888822 -0.036866901873236754
leaf_weight=4.6536509543657294 5.1350930035114288 5.3817975521087629 3.8189688175916672 7.5830197781324369 6.2493847608566302 3.75514255464077 5.5965228229761106 4.272469736635685
leaf_count=21 23 38 19 44 25 17 30 33
internal_value=0.000632543 -0.00530822 0.00424956 0.0160727 0.0364034 -0.00434112 -0.0242835 -0.0371251
internal_weight=46.446 41.7924 32.1381 22.7226 11.3845 11.3382 9.41549 9.65427
internal_count=250 229 158 109 48 61 49 71
is_linear=0
shrinkage=0.05


Tree=32
num_leaves=10
num_cat=0
split_feature=21 21 29 19 25 30 31 15 29
split_gain=17.4374 4.48199 5.30044 4.21048 4.25645 4.24379 3.80285 0.177199 0.017813
threshold=-1.0000000180025095e-35 -0.0035448987863623822 -0.00081754060861255462 0.0035640261177041226 0.0046937744592279182 0.0036607581330937449 0.072604741596438302 0.010114245464569689 -0.0030622976835565359
decision_type=2 2 2 2 2 2 2 2 2
left_child=1 -1 -3 4 5 -2 -4 8 -5
right_child=3 2 6 7 -6 -7 -8 -9 -10
leaf_value=0.049159026772095507 0.007777009852923511 -0.025253732595337575 0.041475220642702385 -0.042947102812053495 0.023425125549960384 -0.041750005233673657 -0.0033971157391728905 -0.033725705920645423 -0.046792009904356911
leaf_weight=12.055290281772612 7.1303600370884004 6.9212698638439205 13.138484120368959 6.1920872628688821 7.0914654433727256 10.994348853826521 7.370328187942504 5.1337036043405524 5.866139844059945
leaf_count=33 21 21 36 24 21 34 20 20 20
internal_value=-0.000162151 0.0237486 0.0125809 -0.022425 -0.00941629 -0.0222658 0.0253493 -0.0415054 -0.0448176
internal_weight=81.8935 39.4854 27.4301 42.4081 25.2162 18.1247 20.5088 17.1919 12.0582
internal_count=250 110 77 140 76 55 56 64 44
is_linear=0
shrinkage=0.05


Tree=33
num_leaves=11
num_cat=0
split_feature=21 29 17 19 32 13 26 19 24 28
split_gain=16.2079 6.63395 3.42195 3.2296 1.71748 1.5122 1.48014 2.30167 1.9558 0.1434
threshold=0.0015291427556902717 1.0000000180025095e-35 4.740957915233709e-05 0.0012326341754252958 -0.019187853425426619 47.707756716730138 -0.0027505105221876098 -0.012292146278990666 -0.0039215571686257436 0.028584771563586856
decision_type=2 2 2 2 2 2 2 2 2 2
left_child=1 2 5 4 -2 -1 -3 8 -8 -5
right_child=3 6 -4 9 -6 -7 7 -9 -10 -11
leaf_value=0.0027697593065389801 -0.002859276772931971 -0.048122267488704309 -0.023705350268508899 0.050236460712096691 0.031140318203893715 0.034908072866965539 -0.029415163600165075 -0.043596500867696092 0.0082265046112299789 0.040285832724984351
leaf_weight=7.4453832805156726 7.9560058116912842 9.0654513537883741 7.1114308834075919 8.467030316591261 6.9669990241527575 7.1994726359844208 7.1964302062988263 9.2407707273960131 6.6301754415035248 6.32564553618431
leaf_count=21 22 29 20 26 20 20 23 29 20 20
internal_value=-0.000221279 -0.0165691 0.00475093 0.0294253 0.0130139 0.0185691 -0.0310043 -0.024277 -0.0113651 0.0459814
internal_weight=83.6048 53.8891 21.7563 29.7157 14.923 14.6449 32.1328 23.0674 13.8266 14.7927
internal_count=250 162 61 88 42 41 101 72 43 46
is_linear=0
shrinkage=0.05


Tree=34
num_leaves=8
num_cat=0
split_feature=16 27 13 25 3 29 21
split_gain=5.48776 7.32219 3.76312 3.44907 3.13371 1.48224 0.00029646
threshold=0.009076380764858543 -0.0290949916291201 41.010789158825688 -0.0014197207558074296 0.023103940251078651 0.0036902644695857583 0.0020484144885183357
decision_type=2 2 2 2 2 2 2
left_child=1 -1 3 -3 5 -4 -2
right_child=6 2 4 -5 -6 -7 -8
leaf_value=0.074930887346914596 -0.037251397614007101 0.054287277981914288 -0.03366174455239291 0.0026334610352908932 0.023998708842357566 -0.001112196556157415 -0.036641616479695736
leaf_weight=3.7521250993013373 4.1864555925130835 5.0674880295991889 10.575633123517038 8.9210690408945066 4.5991648510098448 5.225882686674594 3.804717905819416
leaf_count=14 30 20 64 39 22 30 31
internal_value=0.000714218 0.00860774 0.00137139 0.0213455 -0.0123247 -0.0228969 -0.0369611
internal_weight=46.1325 38.1414 34.3892 13.9886 20.4007 15.8015 7.99117
internal_count=250 189 175 59 116 94 61
is_linear=0
shrinkage=0.05


Tree=35
num_leaves=9
num_cat=0
split_feature=21 21 30 29 30 25 16 21
split_gain=15.935 4.20456 4.98991 4.04041 2.92519 2.16827 2.10443 0.00456697
threshold=-1.0000000180025095e-35 -0.0035448987863623822 0.0043470097898107305 -0.00081754060861255462 0.0036607581330937449 -0.0004555242770711842 0.0071483520404295089 0.0023485325565208996
decision_type=2 2 2 2 2 2 2 2
left_child=1 -1 -3 7 -5 -6 -4 -2
right_child=3 2 6 4 5 -7 -8 -9
leaf_value=0.047441410597180621 -0.04358761405158712 -0.013860801582322203 0.012688924782055492 0.012389412654308997 -0.042545561016509748 -0.0067494454397874371 0.048934715474697257 -0.041797861529512793
leaf_weight=11.944995820522307 5.8432414829730979 11.140589505434038 8.5445529818534869 9.4043149948120135 7.4738792479038265 9.7480228245258314 7.536962389945983 9.1393619179725629
leaf_count=33 22 32 24 27 24 29 21 38
internal_value=-0.000178874 0.0227106 0.0118588 -0.0217252 -0.0100375 -0.0222841 0.0296763 -0.0424959
internal_weight=80.7759 39.1671 27.2221 41.6088 26.6262 17.2219 16.0815 14.9826
internal_count=250 110 77 140 80 53 45 60
is_linear=0
shrinkage=0.05


Tree=36
num_leaves=11
num_cat=0
split_feature=21 29 17 19 32 26 19 19 13 15
split_gain=14.696 6.13892 3.10826 3.07099 1.59557 1.47982 2.2213 1.85094 1.37003 0.13818
threshold=0.0015291427556902717 1.0000000180025095e-35 4.740957915233709e-05 0.0012326341754252958 -0.083194477246880921 -0.0027505105221876098 -0.012292146278990666 -0.060307771403158454 47.707756716730138 0.0097036665472547082
decision_type=2 2 2 2 2 2 2 2 2 2
left_child=1 2 8 4 -2 -3 7 -7 -1 -5
right_child=3 5 -4 9 -6 6 -8 -9 -10 -11
leaf_value=0.0027408583173928079 -0.0044917259633576656 -0.047335675610985395 -0.022637969027790378 0.048970410999387592 0.028329471966948128 -0.031082391123696665 -0.042494429161705295 0.0059586499628005545 0.033407582317998272 0.039054095826457663
leaf_weight=7.4208737313747424 7.2428417503833771 8.8447990417480487 7.0559012889862052 8.2256301641464216 7.5764501094818133 6.0723561346530932 9.0086032152175886 7.5858056843280792 7.1519728302955627 6.1318689882755271
leaf_count=21 20 29 20 26 22 20 29 23 20 20
internal_value=-0.000256359 -0.0159106 0.00460213 0.028255 0.0122883 -0.02999 -0.0232216 -0.0105096 0.0177913 0.0447353
internal_weight=82.3171 53.1403 21.6287 29.1768 14.8193 31.5116 22.6668 13.6582 14.5728 14.3575
internal_count=250 162 61 88 42 101 72 43 41 46
is_linear=0
shrinkage=0.05


Tree=37
num_leaves=9
num_cat=0
split_feature=16 27 32 13 34 3 0 21
split_gain=5.2029 6.45392 3.57327 3.72274 3.50515 3.14908 0.644259 0.000283487
threshold=0.009076380764858543 -0.0290949916291201 0.080905108564258532 44.337530627580911 -1.5200885470993741 0.023103940251078651 0.0014140496721075648 0.0020484144885183357
decision_type=2 2 2 2 2 2 2 2
left_child=1 -1 3 4 -3 -5 -4 -2
right_child=7 2 6 5 -6 -7 -8 -9
leaf_value=0.069252186416232639 -0.037077933708942599 -0.002920004511964057 -0.039558323338303981 -0.026444114684901071 0.049991400003352504 0.025339116175664318 -0.011055054884219999 -0.036469016979760689
leaf_weight=3.9050256460905066 4.0304028689861289 5.1557371616363525 4.7019647359848005 8.5007390305399877 7.9663631394505519 4.4848916679620734 3.4277237132191658 3.6356278583407402
leaf_count=14 30 23 26 53 33 21 19 31
internal_value=0.000797949 0.00835236 0.0014063 0.01042 0.0292023 -0.00855956 -0.0275405 -0.0367892
internal_weight=45.8085 38.1424 34.2374 26.1077 13.1221 12.9856 8.12969 7.66603
internal_count=250 189 175 130 56 74 45 61
is_linear=0
shrinkage=0.05


Tree=38
num_leaves=10
num_cat=0
split_feature=21 29 21 15 16 11 23 31 21
split_gain=14.6265 5.1967 3.09801 2.81644 2.51974 3.27617 1.3527 0.498975 0.00794761
threshold=-0.0015171906031645752 -0.00081754060861255462 0.0024370343170753155 0.0090332553033583909 0.0046617050402747275 0.58756233453750617 -0.0033190834437444856 -0.19018493556858318 0.0020484144885183357
decision_type=2 2 2 2 2 2 2 2 2
left_child=3 7 4 -1 -3 -6 -5 -2 -9
right_child=1 2 -4 6 5 -7 -8 8 -10
leaf_value=0.008257541514095702 -0.023884296945068214 -0.02211348559377967 -0.032171948503013546 0.056761195699415561 0.028368879483329664 -0.011789474686037679 0.028361666604538406 -0.043817216684338335 -0.041289439174492661
leaf_weight=9.0501983463764208 5.1263246536254909 7.1332906782627132 7.7109080553054801 8.5687025189399737 12.65583908557892 8.482868015766142 8.2106980681419355 5.3735834360122663 7.3804291933774948
leaf_count=25 20 20 27 24 35 24 23 20 32
internal_value=-0.00019387 -0.0150273 -0.00407953 0.0307388 0.0035824 0.0122535 0.0428644 -0.037059 -0.0423545
internal_weight=79.6928 53.8632 35.9829 25.8296 28.272 21.1387 16.7794 17.8803 12.754
internal_count=250 178 106 72 79 59 47 72 52
is_linear=0
shrinkage=0.05


Tree=39
num_leaves=9
num_cat=0
split_feature=21 29 8 31 16 19 31 30
split_gain=13.3602 5.25083 2.78584 2.52885 2.04418 2.44647 1.95718 1.01913
threshold=0.0019773403340929145 -0.0033718182032360651 0.0044588576331108893 -0.034650839878932312 0.0077343321912781626 0.0035640261177041226 0.10259464852219044 0.0020930687228998273
decision_type=2 2 2 2 2 2 2 2
left_child=1 -1 6 -4 5 -2 7 -3
right_child=4 2 3 -5 -6 -7 -8 -9
leaf_value=0.017253847389466972 -0.002177026755701307 -0.023858223317202998 0.016884902756955405 -0.024950113366611237 0.046834927108268282 0.040423998658944943 -0.013131730149344798 -0.047644209258286961
leaf_weight=11.079483658075331 7.2228476703166979 7.0024195909500184 7.5930562615394592 6.8902284502983075 10.840240120887755 6.3179218471050262 11.436849623918532 12.617579996585844
leaf_count=31 20 22 23 21 36 20 35 42
internal_value=-0.000291017 -0.0136162 -0.0211266 -0.00301755 0.0306539 0.0177 -0.0295718 -0.0391549
internal_weight=81.0006 56.6196 45.5401 14.4833 24.381 13.5408 31.0568 19.62
internal_count=250 174 143 44 76 40 99 64
is_linear=0
shrinkage=0.05


Tree=40
num_leaves=8
num_cat=0
split_feature=16 27 23 13 10 11 21
split_gain=4.92683 5.71045 3.39901 3.64218 4.20316 3.40647 0.00024493
threshold=0.009076380764858543 -0.0290949916291201 0.0080036353042441961 41.010789158825688 -0.011140277455090409 0.57304750800132764 0.0020484144885183357
decision_type=2 2 2 2 2 2 2
left_child=1 -1 3 4 -3 -5 -2
right_child=6 2 -4 5 -6 -7 -8
leaf_value=0.064295890375562478 -0.03689035796008585 -0.0045213496117148706 -0.039348623139603932 0.031917564781066832 0.053877320357768793 -0.020039442816379798 -0.036311891716401708
leaf_weight=4.0437075048685065 3.8639314472675315 5.5170218050479889 4.4396101757884017 4.1685099154710796 6.9783965349197405 12.970987953245638 3.4761453866958618
leaf_count=14 30 26 26 23 25 75 31
internal_value=0.000894979 0.0081182 0.00145146 0.00756372 0.0280929 -0.00740294 -0.0366164
internal_weight=45.4583 38.1182 34.0745 29.6349 12.4954 17.1395 7.34008
internal_count=250 189 175 149 51 98 61
is_linear=0
shrinkage=0.05


Tree=41
num_leaves=9
num_cat=0
split_feature=21 21 30 29 25 30 16 21
split_gain=13.3293 3.71315 4.51833 3.7084 2.74564 3.6656 1.9139 0.00397285
threshold=-1.0000000180025095e-35 -0.0035448987863623822 0.0043470097898107305 -0.00081754060861255462 0.0046937744592279182 0.0060549121341574317 0.0071483520404295089 0.0023485325565208996
decision_type=2 2 2 2 2 2 2 2
left_child=1 -1 -3 7 5 -5 -4 -2
right_child=3 2 6 4 -6 -7 -8 -9
leaf_value=0.04432908503411491 -0.042435733917408153 -0.014040973603010971 0.011413812960213406 0.0091298890783857774 0.015493412476278412 -0.037047594473164629 0.046263424225804518 -0.040701187188242366
leaf_weight=11.667708754539488 5.455044910311698 11.018237143754961 8.4528195261955243 6.8347778320312562 7.7975850105285636 11.577007621526716 7.3788672983646384 8.3608642816543561
leaf_count=33 22 32 24 20 23 37 21 38
internal_value=-0.000217863 0.0207791 0.0105454 -0.0204239 -0.00937406 -0.0199057 0.0276566 -0.0413861
internal_weight=78.5429 38.5176 26.8499 40.0253 26.2094 18.4118 15.8317 13.8159
internal_count=250 110 77 140 80 57 45 60
is_linear=0
shrinkage=0.05


Tree=42
num_leaves=10
num_cat=0
split_feature=21 29 17 19 13 30 0 11 28
split_gain=12.2342 5.36005 2.87183 2.78987 2.38552 1.88385 1.53877 0.588325 0.141136
threshold=0.0015291427556902717 0.0020926648787336082 6.5304840632413895e-05 0.0012326341754252958 41.010789158825688 0.019792814394817063 -0.00052266340863188477 0.59209696233272557 0.028584771563586856
decision_type=2 2 2 2 2 2 2 2 2
left_child=1 2 4 6 -1 7 -2 -3 -5
right_child=3 5 -4 8 -6 -7 -8 -9 -10
leaf_value=-0.013247891101749979 0.02688723506912671 -0.047118923457501224 -0.024799788784760083 0.04705480743948362 0.023148650310679669 -0.008817801544739292 -0.0056517742820795056 -0.027497191372846643 0.036708125193185316
leaf_weight=6.9329690188169542 7.4806375205516815 11.736107051372533 8.2055733203887922 7.7496656477451307 12.839271962642668 6.2976221293210974 7.06458228826523 5.6637500226497641 5.7350111901760101
leaf_count=21 22 39 24 26 37 21 20 20 20
internal_value=-0.00032628 -0.0147535 6.67712e-05 0.0262715 0.0103865 -0.0322507 0.0110831 -0.0407319 0.0426544
internal_weight=79.7052 51.6753 27.9778 28.0299 19.7722 23.6975 14.5452 17.3999 13.4847
internal_count=250 162 82 88 58 80 42 59 46
is_linear=0
shrinkage=0.05


Tree=43
num_leaves=9
num_cat=0
split_feature=16 27 32 24 24 15 0 21
split_gain=4.63908 5.13285 3.30908 3.19355 3.566 3.18244 0.629372 0.000263496
threshold=0.009076380764858543 -0.0290949916291201 0.080905108564258532 -0.0046630972275966678 0.011384922219943474 0.0088856909557026662 0.0014140496721075648 0.0020484144885183357
decision_type=2 2 2 2 2 2 2 2
left_child=1 -1 3 5 -5 -3 -4 -2
right_child=7 2 6 4 -6 -7 -8 -9
leaf_value=0.060290712512029825 -0.036732467579111257 0.05832093154446797 -0.039250028646673513 -0.024144000395246223 0.025133867873502053 0.0038732063161412201 -0.010645627044434938 -0.036117744609943346
leaf_weight=4.1560968756675711 3.7149525284767142 5.3307222425937635 4.4989566802978507 9.2756418064236659 6.0762489736080161 5.4047549217939377 3.358587272465229 3.284444734454155
leaf_count=14 30 22 26 50 33 25 19 31
internal_value=0.000969935 0.00784311 0.00142161 0.00998932 -0.00463991 0.0309093 -0.0270235 -0.036444
internal_weight=45.1004 38.101 33.9449 26.0874 15.3519 10.7355 7.85754 6.9994
internal_count=250 189 175 130 83 47 45 61
is_linear=0
shrinkage=0.05


Tree=44
num_leaves=10
num_cat=0
split_feature=21 29 33 12 6 11 0 1 21
split_gain=12.346 4.55443 2.74876 3.19332 2.68153 2.59122 1.47078 0.577099 0.0111947
threshold=-0.0015171906031645752 -0.00081754060861255462 0.34500000000000003 0.0010032262718952236 0.95006825920893856 0.58862415075302132 0.00085300401265409065 0.0060307188741739468 0.0020484144885183357
decision_type=2 2 2 2 2 2 2 2 2
left_child=4 7 3 -3 -1 -4 -6 8 -2
right_child=1 2 5 -5 6 -7 -8 -9 -10
leaf_value=0.0065030217487591722 -0.043190280839590423 0.00046350559660079385 0.026228882915104224 -0.04357443526855756 0.055239320243148371 -0.011028926884423446 0.025206704502092833 -0.020534028018405641 -0.040116964910146068
leaf_weight=8.9887658059597033 5.2013347297906893 9.4297637045383471 10.152057081460955 7.3058090806007376 8.3144603073596972 8.6369436979293805 7.9981700479984275 4.541596293449401 6.885508731007576
leaf_count=25 20 28 29 23 24 26 23 19 33
internal_value=-0.000229014 -0.0141331 -0.00402411 -0.018761 0.0284311 0.00910218 0.0405142 -0.0357298 -0.0414395
internal_weight=77.4544 52.153 35.5246 16.7356 25.3014 18.789 16.3126 16.6284 12.0868
internal_count=250 178 106 51 72 55 47 72 53
is_linear=0
shrinkage=0.05


Tree=45
num_leaves=10
num_cat=0
split_feature=21 29 13 17 30 16 29 16 30
split_gain=11.1498 4.63015 2.75109 2.62871 1.99817 1.99049 2.26288 0.767789 0.719195
threshold=0.0019773403340929145 0.0020926648787336082 41.010789158825688 -3.5539823020227673e-05 0.019792814394817063 0.0077343321912781626 -0.00081754060861255462 0.0060058424245078611 0.0020930687228998273
decision_type=2 2 2 2 2 2 2 2 2
left_child=1 2 -1 -4 7 6 -2 -3 -9
right_child=5 4 3 -5 -6 -7 -8 8 -10
leaf_value=-0.018341012733523669 0.038427721859006024 -0.047387757421003471 0.03289397777602291 -0.0057804625657935302 -0.0037158225828979579 0.045276201464066634 -0.0032191138221496145 -0.015119102691000178 -0.039536243916636238
leaf_weight=10.87391419708729 6.0035399198532104 8.0293491631746345 8.832929879426958 8.7425025403499586 6.6099301427602759 10.15138356387615 7.1416240632534045 5.9796057939529401 6.0843555778264999
leaf_count=33 20 27 25 26 22 36 20 20 21
internal_value=-0.000358301 -0.0126093 0.00142625 0.0136562 -0.0275627 0.028645 0.0158015 -0.0354074 -0.0274337
internal_weight=78.4491 55.1526 28.4493 17.5754 26.7032 23.2965 13.1452 20.0933 12.064
internal_count=250 174 84 51 90 76 40 68 41
is_linear=0
shrinkage=0.05


Tree=46
num_leaves=8
num_cat=0
split_feature=16 27 23 8 21 23 21
split_gain=4.39193 4.58188 3.22233 3.31222 3.67217 2.68789 0.000245659
threshold=0.009076380764858543 -0.0290949916291201 0.0080036353042441961 0.0021063073551174129 -0.0006068239891997006 0.0013613179649126785 0.0020484144885183357
decision_type=2 2 2 2 2 2 2
left_child=1 -1 3 4 -3 -5 -2
right_child=6 2 -4 5 -6 -7 -8
leaf_value=0.056439447551601532 -0.036574128033271515 -0.011228660224190688 -0.039100173561442145 -0.038677742357019457 0.03364788411174869 0.017396925321311849 -0.035967152051260574
leaf_weight=4.2671687155961981 3.5679111629724494 6.8743771165609386 4.2780255004763594 5.7138989642262441 13.531509816646578 3.4139055237174034 3.1287823915481567
leaf_count=14 30 35 26 35 61 18 31
internal_value=0.0010507 0.00761767 0.00145618 0.00733086 0.0185298 -0.0177052 -0.0362905
internal_weight=44.7756 38.0789 33.8117 29.5337 20.4059 9.1278 6.69669
internal_count=250 189 175 149 96 53 61
is_linear=0
shrinkage=0.05


Tree=47
num_leaves=10
num_cat=0
split_feature=21 19 25 30 21 30 16 15 29
split_gain=11.2413 3.41671 3.46257 3.73973 3.36307 4.20383 1.78253 0.201765 0.024777
threshold=-1.0000000180025095e-35 0.0035640261177041226 0.0046937744592279182 0.0036607581330937449 -0.0035448987863623822 0.0043470097898107305 0.0071483520404295089 0.01015419806089239 -0.002037121471396119
decision_type=2 2 2 2 2 2 2 2 2
left_child=4 2 3 -2 -1 -6 -7 8 -3
right_child=1 7 -4 -5 5 6 -8 -9 -10
leaf_value=0.041871271405264324 0.0083285999519528402 -0.040178380679916512 0.021652784789317949 -0.03917033173261085 -0.014494953523157529 0.010292258938412999 0.044221963368513709 -0.029091209994967632 -0.045122604905054486
leaf_weight=11.363879919052122 6.9659073352813783 5.8109637498855582 7.0634206980466834 10.229107350111006 10.881076261401178 8.3541497290134412 7.2132573425769797 3.9897063225507727 4.493209481239318
leaf_count=33 21 28 21 34 32 24 21 19 17
internal_value=-0.000247987 -0.0192467 -0.00782072 -0.0199279 0.0191225 0.00934824 0.0260138 -0.0386379 -0.0423343
internal_weight=76.3647 38.5523 24.2584 17.195 37.8124 26.4485 15.5674 14.2939 10.3042
internal_count=250 140 76 55 110 77 45 64 45
is_linear=0
shrinkage=0.05


Tree=48
num_leaves=11
num_cat=0
split_feature=21 29 19 17 26 19 24 4 29 15
split_gain=10.3593 4.7055 2.50897 2.41468 1.53662 2.2383 1.77626 1.43117 1.14512 0.143426
threshold=0.0015291427556902717 1.0000000180025095e-35 0.0012326341754252958 4.740957915233709e-05 -0.0027505105221876098 -0.012292146278990666 -0.0039215571686257436 0.0048958191946136152 -0.0033718182032360651 0.0097036665472547082
decision_type=2 2 2 2 2 2 2 2 2 2
left_child=1 3 7 8 -3 6 -6 -2 -1 -4
right_child=2 4 9 -5 5 -7 -8 -9 -10 -11
leaf_value=0.029891184086588442 -0.0060353130511543477 -0.045231976255371911 0.045453680094904025 -0.020130043256840507 -0.024853107114373024 -0.039859082947804603 0.012400743942959673 0.025636782103627232 0.0014831836171913275 0.034671895078080515
leaf_weight=7.2652366161346444 6.9125505983829516 8.1211088150739688 7.2922727912664396 6.8469808399677268 6.5036320984363574 8.3015120029449445 6.2983064353466034 7.3691788017749786 6.9321546256542215 5.3456207811832428
leaf_count=21 20 29 26 20 23 29 20 22 20 20
internal_value=-0.000364458 -0.0137687 0.0246662 0.00425853 -0.02675 -0.0196377 -0.00652493 0.0103071 0.0160204 0.0408932
internal_weight=77.1886 50.2689 26.9196 21.0444 29.2246 21.1035 12.8019 14.2817 14.1974 12.6379
internal_count=250 162 88 61 101 72 43 42 41 46
is_linear=0
shrinkage=0.05


Tree=49
num_leaves=10
num_cat=0
split_feature=16 17 8 23 5 31 6 29 21
split_gain=4.13256 3.56391 2.79041 3.37125 2.25829 2.12549 1.11473 0.00494184 0.000365585
threshold=0.0080916097938561107 -3.9877528213727841e-05 0.0021063073551174129 0.00095428468312486203 0.0055442066047449818 -0.11301076866706793 1.1270115531278664 0.0080479003464957195 0.0025336981609509483
decision_type=2 2 2 2 2 2 2 2 2
left_child=1 4 3 -3 5 -1 7 8 -2
right_child=6 2 -4 -5 -6 -7 -8 -9 -10
leaf_value=0.027844712283459999 -0.036645773657754746 0.055744493761233138 -0.0058436947082531193 0.0042542314496008078 -0.038376213151846993 -0.016196612124445123 0.0027661322849178833 -0.039067442752300008 -0.035808806919858188
leaf_weight=4.9723257645964578 2.746494494378565 8.3021588101983088 5.6496471986174575 5.1514392644166938 4.5149672776460639 6.1008813157677677 2.2960241809487343 2.2113801687955856 2.4853527247905731
leaf_count=24 23 31 29 23 29 32 17 16 26
internal_value=0.00108901 0.00916861 0.0236452 0.0360287 -0.00857239 0.00357976 -0.0276907 -0.0370858 -0.0362482
internal_weight=44.4307 34.6914 19.1032 13.4536 15.5882 11.0732 9.73925 7.44323 5.23185
internal_count=250 168 83 54 85 56 82 65 49
is_linear=0
shrinkage=0.05


Tree=50
num_leaves=10
num_cat=0
split_feature=21 16 29 23 31 29 31 31 21
split_gain=10.3478 4.23995 4.19243 2.99035 2.1934 1.89497 2.2535 1.37565 0.00160436
threshold=0.00040390760757880178 0.0098218307969629142 0.00066787763764009089 -0.0023865193985180828 0.066432535943579465 -0.00081754060861255462 -0.0021894175210098519 -0.13822934139942208 0.0025336981609509483
decision_type=2 2 2 2 2 2 2 2 2
left_child=1 2 3 -1 7 8 -7 -4 -2
right_child=5 -3 4 -5 -6 6 -8 -9 -10
leaf_value=-0.037993035513720561 -0.040586107427475225 0.049457063320364945 0.016968373821837666 0.0066384181393964103 9.7503977409207625e-05 -0.029632687496939727 0.0053823633790657565 0.047125731837742053 -0.039346940628427501
leaf_weight=6.5080920308828345 4.2865973711013812 7.3329165875911704 7.296702176332472 8.8654469251632673 7.8990507721900931 10.040680930018427 8.4723194539546949 7.8494201898574865 6.6865127980709076
leaf_count=21 20 22 21 26 22 33 27 23 35
internal_value=-0.000269193 0.0146169 0.00796704 -0.0122554 0.0214576 -0.023367 -0.0136083 0.0325973 -0.039831
internal_weight=75.2377 45.7516 38.4187 15.3735 23.0452 29.4861 18.513 15.1461 10.9731
internal_count=250 135 113 47 66 115 60 44 55
is_linear=0
shrinkage=0.05


Tree=51
num_leaves=10
num_cat=0
split_feature=21 29 19 17 13 30 32 11 28
split_gain=9.387 4.36021 2.44209 2.3593 1.96933 1.84444 1.41567 0.600044 0.143504
threshold=0.0015291427556902717 0.0020926648787336082 0.0012326341754252958 6.5304840632413895e-05 41.010789158825688 0.019792814394817063 -0.083194477246880921 0.59209696233272557 0.028584771563586856
decision_type=2 2 2 2 2 2 2 2 2
left_child=1 3 6 4 -1 7 -2 -3 -4
right_child=2 5 8 -5 -6 -7 -8 -9 -10
leaf_value=-0.012121950420313263 -0.0062133771315944011 -0.045204072991357654 0.044729462904188833 -0.022727873340678311 0.021286818427197471 -0.0060843521924014814 0.025359958153609981 -0.024602147131125129 0.033760648290593831
leaf_weight=6.7954647392034593 7.091437965631485 10.899873152375227 7.0429532378911954 7.9899169504642478 12.570996910333632 6.0161912590265265 7.1097027063369769 5.2302754819393149 5.1712408810853958
leaf_count=21 20 39 26 24 37 21 22 20 20
internal_value=-0.000375654 -0.0132189 0.0236928 0.000132635 0.00956407 -0.0297114 0.00959359 -0.0385238 0.0400855
internal_weight=75.9181 49.5027 26.4153 27.3564 19.3665 22.1463 14.2011 16.1301 12.2142
internal_count=250 162 88 82 58 80 42 59 46
is_linear=0
shrinkage=0.05


Tree=52
num_leaves=9
num_cat=0
split_feature=16 27 32 13 34 3 0 21
split_gain=3.91818 3.97736 3.06381 2.84953 3.10044 2.80756 0.597992 0.000221275
threshold=0.009076380764858543 -0.0290949916291201 0.080905108564258532 44.337530627580911 -1.5200885470993741 0.023103940251078651 0.0014140496721075648 0.0020484144885183357
decision_type=2 2 2 2 2 2 2 2
left_child=1 -1 3 4 -3 -5 -4 -2
right_child=7 2 6 5 -6 -7 -8 -9
leaf_value=0.051916775253426597 -0.036284557009339337 -0.0046162430997494387 -0.039029525481122755 -0.025532306581903627 0.044522226650191843 0.023735037427188813 -0.010705259470680097 -0.035681191771335184
leaf_weight=4.384782761335372 3.2827296778559676 5.2599566876888266 4.2776958420872679 8.0057111755013448 8.2372181192040461 4.5267677456140509 3.3017679527401924 2.829103134572506
leaf_count=14 30 23 26 53 33 21 19 31
internal_value=0.00115132 0.00712846 0.00128519 0.00943143 0.0253726 -0.0077368 -0.0266909 -0.0360053
internal_weight=44.1057 37.9939 33.6091 26.0297 13.4972 12.5325 7.57946 6.11183
internal_count=250 189 175 130 56 74 45 61
is_linear=0
shrinkage=0.05


Tree=53
num_leaves=10
num_cat=0
split_feature=21 29 21 6 23 15 3 11 21
split_gain=9.52319 3.81017 2.86184 2.45573 2.39453 3.27594 1.53281 0.170652 0.00618466
threshold=-0.0015171906031645752 -0.002407793637394295 0.0024370343170753155 0.95006825920893856 -0.0027669954116248392 0.0095143936688033229 -0.0058765752320286682 0.59232789933681496 0.0021902928164430073
decision_type=2 2 2 2 2 2 2 2 2
left_child=3 7 4 -1 -3 -6 -5 8 -2
right_child=1 2 -4 6 5 -7 -8 -9 -10
leaf_value=0.0041860503902040099 -0.041483052915366914 -0.017495121849396035 -0.030946293923794096 0.019546326479738311 -0.0055004316044299688 0.036198922264976105 0.051153940639532436 -0.027830178893318205 -0.038814637928036161
leaf_weight=8.7899450063705462 4.8255147635936719 9.7421657741069776 8.1095901876687986 6.8503588438034049 10.633747547864919 8.4548351764678937 8.7160432636737806 4.008614555001258 3.9480280131101608
leaf_count=25 21 28 32 20 31 24 27 20 22
internal_value=-0.000300501 -0.0128476 -0.00470587 0.0253139 0.00267511 0.0129693 0.0372443 -0.0363772 -0.0402823
internal_weight=74.0788 49.7225 36.9403 24.3563 28.8307 19.0886 15.5664 12.7822 8.77354
internal_count=250 178 115 72 83 55 47 63 43
is_linear=0
shrinkage=0.05


Tree=54
num_leaves=10
num_cat=0
split_feature=21 29 16 19 17 30 13 11 2
split_gain=8.54336 4.10427 2.40093 2.73936 2.19715 1.81223 1.80223 0.590757 0.151828
threshold=0.0015291427556902717 0.0020926648787336082 0.0075777069883626175 0.0012326341754252958 6.5304840632413895e-05 0.019792814394817063 41.010789158825688 0.59209696233272557 -0.0015206247149812666
decision_type=2 2 2 2 2 2 2 2 2
left_child=1 4 3 -2 6 7 -1 -3 -4
right_child=2 5 8 -5 -6 -7 -8 -9 -10
leaf_value=-0.011466256119775675 -0.0065080930863373456 -0.044588046351393497 0.03490040250143147 0.036997119358606015 -0.021938674246287738 -0.0054402437395290361 0.020618973060197707 -0.023909125829614859 0.046900126220443837
leaf_weight=6.7380157858133378 9.4323896467685717 10.581463560462 5.0450524687767029 5.8701330721378318 7.9055018424987784 5.9515991061925879 12.488309025764464 5.1273082047700873 5.5204582363367063
leaf_count=21 27 39 20 21 24 21 37 20 20
internal_value=-0.000391087 -0.0127064 0.0228381 0.0101807 0.00025063 -0.0289365 0.00937445 -0.0378385 0.0411702
internal_weight=74.6602 48.7922 25.868 15.3025 27.1318 21.6604 19.2263 15.7088 10.5655
internal_count=250 162 88 48 82 80 58 59 40
is_linear=0
shrinkage=0.05


Tree=55
num_leaves=10
num_cat=0
split_feature=16 17 8 23 5 31 31 16 21
split_gain=3.71447 3.07945 2.39734 2.81144 2.1573 1.95986 1.11741 0.0069807 7.78036e-05
threshold=0.0080916097938561107 -3.9877528213727841e-05 0.0021063073551174129 0.00095428468312486203 0.0055442066047449818 -0.11301076866706793 0.15635942044452686 0.009076380764858543 0.0020484144885183357
decision_type=2 2 2 2 2 2 2 2 2
left_child=1 4 3 -3 5 -1 7 -2 -9
right_child=6 2 -4 -5 -6 -7 -8 8 -10
leaf_value=0.026703203281059303 -0.039041175972105047 0.050695368035098033 -0.0056580014258312472 0.0039435454960381582 -0.038173442740716435 -0.015699234114633098 0.003920424576563877 -0.035966193415961682 -0.035544644415758317
leaf_weight=5.0123494118452028 2.5686883777379972 8.5890290886163729 5.586830608546733 5.140090584754943 4.2865014672279349 5.9719076603651073 2.1994541808962822 2.2159864529967308 2.162937693297863
leaf_count=24 18 31 29 23 29 32 17 22 25
internal_value=0.00119591 0.0086896 0.0219551 0.0331918 -0.00808991 0.0036499 -0.0271391 -0.0369718 -0.035758
internal_weight=43.7338 34.5867 19.316 13.7291 15.2708 10.9843 9.14707 6.94761 4.37892
internal_count=250 168 83 54 85 56 82 65 47
is_linear=0
shrinkage=0.05


Tree=56
num_leaves=11
num_cat=0
split_feature=21 16 29 23 31 29 0 31 6 21
split_gain=8.72472 3.83331 3.66145 2.70071 1.99315 1.79633 2.16679 1.3001 0.890682 0.00129119
threshold=0.00040390760757880178 0.0098218307969629142 0.00066787763764009089 -0.0023865193985180828 0.066432535943579465 -0.00081754060861255462 -0.0020525681101037914 -0.13822934139942208 0.94344362072442733 0.0025336981609509483
decision_type=2 2 2 2 2 2 2 2 2 2
left_child=1 2 3 -1 7 9 -7 -4 -8 -2
right_child=5 -3 4 -5 -6 6 8 -9 -10 -11
leaf_value=-0.036880695776397167 -0.039801240453055942 0.047248715662575595 0.01537269197719868 0.0059248107021737427 -0.00054339728556879554 -0.038382758424739621 0.012646094673698611 0.045061546528521498 -0.014085669594939725 -0.038640213961412671
leaf_weight=6.3252627849578849 3.9491001069545764 7.0454635322093955 7.16896143555641 8.8272544592618924 7.8458981812000266 5.6617358475923583 6.0659065842628443 7.5932126641273534 6.4077550321817398 6.0837342739105225
leaf_count=21 20 22 21 26 22 20 20 23 20 35
internal_value=-0.000316589 0.0133913 0.00707416 -0.0119439 0.0198206 -0.0221212 -0.0127298 0.0306437 -0.00108609 -0.0390972
internal_weight=72.9743 44.8061 37.7606 15.1525 22.6081 28.1682 18.1354 14.7622 12.4737 10.0328
internal_count=250 135 113 47 66 115 60 44 40 55
is_linear=0
shrinkage=0.05


Tree=57
num_leaves=10
num_cat=0
split_feature=21 29 13 33 16 29 8 2 22
split_gain=7.81993 3.6464 2.48592 2.65776 1.88955 1.93157 1.81304 1.52266 0.335896
threshold=0.0019773403340929145 -0.0033718182032360651 47.707756716730138 0.38500000000000006 0.0077343321912781626 -0.00081754060861255462 0.0079991782898932978 -0.016801949833589232 -0.002301899024704845
decision_type=2 2 2 2 2 2 2 2 2
left_child=1 -1 7 -4 5 -2 -5 -3 -9
right_child=4 2 3 6 -6 -7 -8 8 -10
leaf_value=0.015418504224890162 0.035081467396025072 -0.011477636166179609 0.022622539316763862 -0.036797540053395229 0.042861995759302551 -0.0047516291006689639 0.00083805783228956411 -0.028500336023799717 -0.044335461743233877
leaf_weight=10.57087993621826 5.3903001695871353 8.1847348213195783 6.2305605709552792 6.1404414474964124 8.8336703181266767 6.9901335835456866 6.6824313402175903 5.307541847229003 9.0748704373836535
leaf_count=31 20 28 18 21 36 20 22 20 34
internal_value=-0.000401161 -0.0108056 -0.0174661 -0.00416732 0.0251962 0.0125912 -0.0171844 -0.0286942 -0.0384918
internal_weight=73.4056 52.1915 41.6206 19.0534 21.2141 12.3804 12.8229 22.5671 14.3824
internal_count=250 174 143 61 76 40 43 82 54
is_linear=0
shrinkage=0.05


Tree=58
num_leaves=9
num_cat=0
split_feature=23 21 16 17 5 13 16 15
split_gain=3.6242 3.80822 3.69536 2.83944 3.10908 2.0027 0.306962 0.00625854
threshold=0.0082086458205183916 -0.002646338343760601 0.0080916097938561107 -3.9877528213727841e-05 0.0055442066047449818 41.22198545260877 0.0081744100094172829 0.0087598424905410283
decision_type=2 2 2 2 2 2 2 2
left_child=1 6 3 4 -3 -5 -1 -2
right_child=7 2 -4 5 -6 -7 -8 -9
leaf_value=-0.038407867797440286 -0.039523261459588892 0.018290074759690463 -0.028569915045921403 0.055185104870709094 -0.038393820847036166 0.019205940911827337 -0.015372803069652694 -0.036056372370922969
leaf_weight=3.7747440710663787 2.7221858054399481 8.1561412960290891 4.4964862167835227 6.5623107850551632 3.4391303583979598 9.4192227274179441 2.3445528000593185 2.4947913065552711
leaf_count=24 17 39 38 21 22 41 22 26
internal_value=0.00122445 0.00656398 0.0134603 0.0203135 0.00147776 0.0339796 -0.0295822 -0.0378654
internal_weight=43.4096 38.1926 32.0733 27.5768 11.5953 15.9815 6.1193 5.21698
internal_count=250 207 161 123 61 62 46 43
is_linear=0
shrinkage=0.05


Tree=59
num_leaves=10
num_cat=0
split_feature=21 29 21 15 23 15 23 11 21
split_gain=8.04683 3.42111 2.52036 2.35476 2.19783 3.07859 1.18233 0.210955 0.00745103
threshold=-0.0015171906031645752 -0.002407793637394295 0.0024370343170753155 0.0090332553033583909 -0.0027669954116248392 0.0095143936688033229 -0.0033190834437444856 0.59274459600448626 0.0020484144885183357
decision_type=2 2 2 2 2 2 2 2 2
left_child=3 7 4 -1 -3 -6 -5 8 -2
right_child=1 2 -4 6 5 -7 -8 -9 -10
leaf_value=0.0025641459811833914 -0.041033322957029161 -0.017060282351180126 -0.029765715549463573 0.04930175112106211 -0.0057668575503851882 0.034780085943879234 0.021348246934835759 -0.024777884474349858 -0.038065259277046418
leaf_weight=8.5560406148433703 4.4701694399118406 9.63378658890724 7.7468395233154288 7.5971640944480896 10.5245051085949 8.4320328831672651 7.5340828001499158 3.329584687948226 4.0125641077756882
leaf_count=25 20 28 32 24 31 24 23 18 25
internal_value=-0.000329987 -0.0120674 -0.00446848 0.0235287 0.00238607 0.0122688 0.0353833 -0.0354431 -0.0396293
internal_weight=71.8368 48.1495 36.3372 23.6873 28.5903 18.9565 15.1312 11.8123 8.48273
internal_count=250 178 115 72 83 55 47 63 45
is_linear=0
shrinkage=0.05


Tree=60
num_leaves=10
num_cat=0
split_feature=21 29 7 17 30 13 9 11 23
split_gain=7.15251 3.63376 2.39984 2.01932 1.75842 1.58299 1.28219 0.617923 0.20671
threshold=0.0015291427556902717 0.0020926648787336082 0.59381327927112593 6.5304840632413895e-05 0.019792814394817063 41.010789158825688 0.58124469369649889 0.59209696233272557 0.0068949173107134562
decision_type=2 2 2 2 2 2 2 2 2
left_child=1 3 6 5 7 -1 -2 -3 -8
right_child=2 4 -4 -5 -6 -7 8 -9 -10
leaf_value=-0.010487689314084236 0.013346094588015245 -0.043676923979019823 -0.001655893062949069 -0.021033279727626062 -0.0041653040192860405 0.019820735853050112 0.048525420312659745 -0.021929450647111378 0.034786874969859376
leaf_weight=6.6265051960945192 6.0218826681375566 10.046467974781992 7.7655968964099875 7.7840085327625266 5.8063134402036658 12.314005315303801 5.8106618374586088 4.8398274928331366 5.1774782538414001
leaf_count=21 20 39 26 24 21 37 21 20 21
internal_value=-0.000397315 -0.0117735 0.0213752 0.000406095 -0.0275035 0.00921707 0.0318895 -0.0366064 0.042052
internal_weight=72.1927 47.4171 24.7756 26.7245 20.6926 18.9405 17.01 14.8863 10.9881
internal_count=250 162 88 82 80 58 62 59 42
is_linear=0
shrinkage=0.05


Tree=61
num_leaves=9
num_cat=0
split_feature=23 21 15 17 13 25 16 7
split_gain=3.44804 3.52356 2.8596 1.94218 2.58943 2.06408 0.309417 0.00629534
threshold=0.0082086458205183916 -0.002646338343760601 0.0081318505833619919 1.1975943700534599e-05 43.194450953138713 0.001501405692066138 0.0081744100094172829 0.58610641360282911
decision_type=2 2 2 2 2 2 2 2
left_child=1 6 -3 4 -4 -5 -1 -2
right_child=7 2 3 5 -6 -7 -8 -9
leaf_value=-0.038160766064911394 -0.039493672405660561 0.037101191091146069 0.013747024537489841 0.040262545478534348 -0.031452607954493159 -0.0039639332356900233 -0.014649716812492514 -0.035950376287735689
leaf_weight=3.6329158321022978 2.5188580304384223 8.8488884717226011 6.1638117805123347 5.6232767552137357 6.5208423510193825 4.9697137176990509 2.2761712223291397 2.495483323931694
leaf_count=24 16 37 32 24 45 23 22 27
internal_value=0.00124219 0.00638003 0.0129067 0.00370933 -0.0094889 0.0195136 -0.0291043 -0.0377303
internal_weight=43.05 38.0356 32.1265 23.2776 12.6847 10.593 5.90909 5.01434
internal_count=250 207 161 124 77 47 46 43
is_linear=0
shrinkage=0.05


Tree=62
num_leaves=10
num_cat=0
split_feature=21 21 29 31 31 25 31 20 29
split_gain=7.36351 3.53332 3.70145 4.45743 1.75728 1.72237 1.62211 0.556842 0.0598623
threshold=0.00040390760757880178 -0.0035448987863623822 -9.5624694734952595e-05 0.066432535943579465 -0.12073215731318175 0.0052830468921410976 0.11694825536046045 0.062891423385246795 0.00055872193595185593
decision_type=2 2 2 2 2 2 2 2 2
left_child=1 -1 -3 4 -4 6 7 8 -2
right_child=5 2 3 -5 -6 -7 -8 -9 -10
leaf_value=0.037544976076033243 -0.03938013852478213 -0.024199687848266361 0.013251053141666273 -0.012932510876160911 0.047081261687926944 0.0010926809887759966 -0.0051743287504429428 -0.02169903200664652 -0.046961133003868276
leaf_weight=10.521483868360518 5.2475899904966408 8.4861629754304868 7.4522879421710932 9.4705781340599042 7.9160204231739097 6.6687136292457572 5.5477908849716178 4.2681713700294486 5.1690065711736679
leaf_count=33 28 29 22 27 24 25 23 21 18
internal_value=-0.00035044 0.0122845 0.00430925 0.0140493 0.0306766 -0.0209443 -0.0282077 -0.0369096 -0.043142
internal_weight=70.7478 43.8465 33.325 24.8389 15.3683 26.9013 20.2326 14.6848 10.4166
internal_count=250 135 102 73 46 115 90 67 46
is_linear=0
shrinkage=0.05


Tree=63
num_leaves=9
num_cat=0
split_feature=21 29 33 13 10 5 16 19
split_gain=6.53988 3.21306 2.67285 5.26384 2.17603 1.97437 1.83815 1.86629
threshold=0.0019773403340929145 -0.0035934354107605699 0.34500000000000003 44.337530627580911 0.011377671020935181 0.0067718591593252811 0.0077343321912781626 0.0035640261177041226
decision_type=2 2 2 2 2 2 2 2
left_child=1 -1 3 -3 5 -4 7 -2
right_child=6 2 4 -5 -6 -7 -8 -9
leaf_value=0.016320500638834109 -0.0058014043767807329 -0.02687402515613517 -0.046178347469341241 0.031135066976010196 -0.003437984208997442 -0.010081107391556963 0.041826166932769485 0.033932507421565089
leaf_weight=9.451282322406767 6.9156154990196246 8.3647499680519086 12.658340990543371 7.3442126959562293 7.5673842430114737 5.4058304876089087 8.2241574674844724 5.1605070531368256
leaf_count=28 20 32 47 22 25 20 36 20
internal_value=-0.000393338 -0.00998068 -0.0159937 0.000246232 -0.0259467 -0.035376 0.0235944 0.0111781
internal_weight=71.0921 50.7918 41.3405 15.709 25.6316 18.0642 20.3003 12.0761
internal_count=250 174 146 54 92 67 76 40
is_linear=0
shrinkage=0.05


Tree=64
num_leaves=8
num_cat=0
split_feature=23 21 11 2 16 16 7
split_gain=3.29438 3.25736 2.6495 3.32453 3.49192 0.339637 0.00578044
threshold=0.0082086458205183916 -0.002646338343760601 0.57311292290687577 0.0051739669544846887 0.004583219894230905 0.0087676663723318341 0.58610641360282911
decision_type=2 2 2 2 2 2 2
left_child=1 5 -3 4 -4 -1 -2
right_child=6 2 3 -5 -6 -7 -8
leaf_value=-0.037877773238968362 -0.039291172883002101 0.046370068089705854 0.055834775630524719 -0.029370576949583102 0.0051977898405548596 -0.012526999211037372 -0.035834724377019206
leaf_weight=3.6161939427256575 2.4466881006956092 4.8709434270858756 4.207789406180388 5.2616514712572089 17.83676441013813 2.0818323865532875 2.3923102244734764
leaf_count=25 16 22 15 37 87 21 27
internal_value=0.0012658 0.00622911 0.0123995 0.00633977 0.0148632 -0.0286156 -0.0375824
internal_weight=42.7142 37.8752 32.1771 27.3062 22.0446 5.69803 4.839
internal_count=250 207 161 139 102 46 43
is_linear=0
shrinkage=0.05


Tree=65
num_leaves=10
num_cat=0
split_feature=21 16 29 23 29 31 31 31 21
split_gain=6.70431 3.46711 3.01503 2.45443 1.7175 2.08079 1.68679 1.08401 0.00110073
threshold=0.00040390760757880178 0.0098218307969629142 0.00066787763764009089 -0.0023865193985180828 -0.00081754060861255462 -0.0021894175210098519 0.080966469897426244 -0.13822934139942208 0.0025336981609509483
decision_type=2 2 2 2 2 2 2 2 2
left_child=1 2 3 -1 8 -6 7 -4 -2
right_child=4 -3 6 -5 5 -7 -8 -9 -10
leaf_value=-0.036042043050339811 -0.038908705687393581 0.045012675767344815 0.012737738570006591 0.0053026042879866075 -0.027215668988624021 0.0073523130750643255 -0.0026087771516156173 0.039834180528918822 -0.037770252544289611
leaf_weight=6.0957673639059058 3.5426032245159167 6.6245964318513861 6.9672498703002912 8.7312813550233823 9.3910527825355548 8.1152234077453596 7.0568948686122885 7.8494808375835454 5.2990966439247131
leaf_count=21 20 22 21 26 33 27 20 25 35
internal_value=-0.000374667 0.0117206 0.00571132 -0.0116952 -0.0202636 -0.0111913 0.0175103 0.0270927 -0.0382264
internal_weight=69.6732 43.3253 36.7007 14.827 26.348 17.5063 21.8736 14.8167 8.8417
internal_count=250 135 113 47 115 60 66 46 55
is_linear=0
shrinkage=0.05


Tree=66
num_leaves=10
num_cat=0
split_feature=29 33 13 0 21 26 19 25 23
split_gain=5.97389 4.04325 5.27272 3.22814 2.4353 1.70898 2.30719 0.830179 0.0157161
threshold=-0.0035934354107605699 0.34500000000000003 47.707756716730138 -0.0014861315654076666 0.00030882381942320963 -0.0027505105221876098 -0.012292146278990666 0.0038426859924488581 0.0059421528627396922
decision_type=2 2 2 2 2 2 2 2 2
left_child=4 2 3 -2 -1 -3 -7 -8 -6
right_child=1 5 -4 -5 8 6 7 -9 -10
leaf_value=0.0032058199714248615 0.016115051639581532 -0.038972539042317768 0.038008656620482292 -0.032727240431103873 0.044542644827397782 0.0050711601846698097 -0.016288829023732902 -0.04248800236978012 0.040474931087556731
leaf_weight=6.746754556894305 5.9632281363010406 8.6698541641235369 8.764990106225012 7.8184799849987048 4.7081112563610059 9.9837510436773336 7.2615566998720134 5.1810548454523087 4.7908853888511658
leaf_count=19 20 31 28 30 18 37 24 20 23
internal_value=-0.000387111 -0.00843179 0.00768919 -0.0115936 0.0261762 -0.0201205 -0.0128325 -0.0271981 0.0424911
internal_weight=69.8887 53.6429 22.5467 13.7817 16.2458 31.0962 22.4264 12.4426 9.499
internal_count=250 190 78 50 60 112 81 44 41
is_linear=0
shrinkage=0.05


Tree=67
num_leaves=9
num_cat=0
split_feature=23 21 17 5 30 0 28 7
split_gain=3.14442 3.1361 2.46102 2.67372 2.48283 1.87683 1.87663 0.00529751
threshold=0.0082086458205183916 -0.0035448987863623822 -3.9877528213727841e-05 0.0055442066047449818 0.0090850312336174816 -0.0003992982303850367 0.012078625894855645 0.58610641360282911
decision_type=2 2 2 2 2 2 2 2
left_child=1 -1 3 5 6 -3 -4 -2
right_child=7 2 4 -5 -6 -7 -8 -9
leaf_value=-0.037140863297662439 -0.039113470629729308 -0.015891470426361999 0.018579114381315955 -0.037753333377072068 -0.0041280681564647374 0.028911717221358792 0.056021590905790099 -0.035739834924917939
leaf_weight=3.7745314836502066 2.3697006404399863 4.1167505569756022 8.1852008923888224 4.3528278097510329 6.2265073135495177 5.4083001613616934 5.6609413996338835 2.2863199301064014
leaf_count=32 16 27 34 32 33 25 24 27
internal_value=0.00131012 0.00609473 0.0109016 -0.0052884 0.022095 0.00954767 0.0338873 -0.0374569
internal_weight=42.3811 37.7251 33.9505 13.8779 20.0726 9.52505 13.8461 4.65602
internal_count=250 207 175 84 91 52 58 43
is_linear=0
shrinkage=0.05


Tree=68
num_leaves=10
num_cat=0
split_feature=21 29 16 21 11 1 17 21 21
split_gain=6.21903 5.32846 2.55864 3.46583 2.43689 1.94483 1.76007 0.18581 0.0012973
threshold=-0.0035448987863623822 -0.00081754060861255462 0.0046617050402747275 0.0013112881169073944 0.58756233453750617 0.0066522696785845667 -5.2552047195930365e-05 -0.00030387879530863188 0.0027219469246382304
decision_type=2 2 2 2 2 2 2 2 2
left_child=-1 5 -3 4 -4 7 -5 -2 -9
right_child=1 2 3 6 -6 -7 -8 8 -10
leaf_value=0.035744174724423421 -0.051705391466122422 -0.020760185774570141 0.034455590965794619 0.004963079080297585 0.0012692831412868697 -0.0038384570320481727 -0.035262037852161393 -0.038837005735551704 -0.037505002171186956
leaf_weight=10.132640883326529 3.8406773060560218 9.287174314260481 12.788428813219072 5.6959642022848129 9.7483968138694745 4.490795671939849 5.2038961797952634 3.4506990313529959 3.8871798366308212
leaf_count=33 13 28 37 21 30 21 20 20 27
internal_value=-0.000415459 -0.00669003 0.002457 0.00890566 0.0201007 -0.0316302 -0.0142415 -0.0427951 -0.0381314
internal_weight=68.5259 58.3932 42.7239 33.4367 22.5368 15.6694 10.8999 11.1786 7.33788
internal_count=250 217 136 108 67 81 41 60 47
is_linear=0
shrinkage=0.05


Tree=69
num_leaves=10
num_cat=0
split_feature=21 29 28 32 29 16 29 23 22
split_gain=5.6079 2.8171 2.10888 1.95985 2.15464 1.79876 1.71083 0.644108 0.141294
threshold=0.0019773403340929145 0.0020926648787336082 -0.027330402965372699 0.027719428264188901 -0.0030622976835565359 0.0077343321912781626 -0.00081754060861255462 0.0013613179649126785 -1.0000000180025095e-35
decision_type=2 2 2 2 2 2 2 2 2
left_child=1 3 -3 4 -1 6 -2 8 -4
right_child=5 2 7 -5 -6 -7 -8 -9 -10
leaf_value=0.030329787743391984 0.032655740346067566 -0.0006408745341880853 -0.034275665459216835 -0.016951291637578827 -0.0049112621396021749 0.041173441605872683 -0.00606094698826618 -0.018324624467359472 -0.04604751477991495
leaf_weight=8.1507080942392367 4.8897895365953454 7.5616260468959835 5.0917398929595947 9.1993788480758649 9.2703695595264453 7.6894959658384314 6.8511145114898691 5.0440411269664756 5.1043727397918683
leaf_count=25 20 28 22 28 31 36 20 20 20
internal_value=-0.000382636 -0.00932989 -0.0222282 0.00171818 0.0115768 0.0223752 0.0100636 -0.0329391 -0.0401689
internal_weight=68.8526 49.4222 22.8018 26.6205 17.4211 19.4304 11.7409 15.2402 10.1961
internal_count=250 174 90 84 56 76 40 62 42
is_linear=0
shrinkage=0.05


Tree=70
num_leaves=8
num_cat=0
split_feature=16 27 32 29 24 23 23
split_gain=3.03735 2.9227 2.58243 2.20187 2.20881 1.36541 0.000233429
threshold=0.009076380764858543 -0.0290949916291201 0.065285399631770422 -0.0035934354107605699 -0.0046630972275966678 -0.0040759159234969302 0.0062072404666733147
decision_type=2 2 2 2 2 2 2
left_child=1 -1 3 -3 -5 -4 -2
right_child=6 2 5 4 -6 -7 -8
leaf_value=0.043989872785410826 -0.035739084500316674 -0.020855511282547024 0.0024704364158407103 0.03501762995971841 0.0011712010522216488 -0.039052201779851747 -0.034996116284384697
leaf_weight=4.5065736174583426 3.399843603372573 4.8468134403228751 3.232016421854496 8.9665343314409274 10.424163185060026 5.1102950274944288 1.5342864431440828
leaf_count=14 38 28 18 37 58 34 23
internal_value=0.00134628 0.00624953 0.00102913 0.00928779 0.0168223 -0.0229653 -0.0355081
internal_weight=42.0205 37.0864 32.5798 24.2375 19.3907 8.34231 4.93413
internal_count=250 189 175 123 95 52 61
is_linear=0
shrinkage=0.05


Tree=71
num_leaves=10
num_cat=0
split_feature=21 29 27 29 33 12 11 17 21
split_gain=5.74692 2.74307 2.15542 3.344 2.12107 2.62617 2.23908 0.245881 0.0053395
threshold=-0.0015171906031645752 -0.002407793637394295 0.003512235076551296 0.0040863722802544364 0.34500000000000003 0.0010032262718952236 0.58862415075302132 6.7541681982711185e-05 0.0019773403340929145
decision_type=2 2 2 2 2 2 2 2 2
left_child=2 7 3 -1 5 -3 -6 8 -2
right_child=1 4 -4 -5 6 -7 -8 -9 -10
leaf_value=-0.016104024029960692 -0.039765242448309757 7.4039700445950319e-05 0.041080272164926455 0.032299911486366677 0.022349056743973725 -0.040923120171322686 -0.012028629116770698 -0.020920608663557418 -0.03706801461395056
leaf_weight=6.9683524668216723 3.7333320379257184 9.074605390429495 8.014342859387396 7.3126159757375717 10.68263700604439 6.8584697097539893 8.5093699693679792 2.7542084231972694 3.6082752645015717
leaf_count=20 19 29 26 26 33 25 28 17 27
internal_value=-0.000447681 -0.0106905 0.0203276 0.00868137 -0.00408845 -0.0175734 0.00710665 -0.0336603 -0.0384396
internal_weight=67.5162 45.2209 22.2953 14.281 35.1251 15.9331 19.192 10.0958 7.34161
internal_count=250 178 72 46 115 54 61 63 46
is_linear=0
shrinkage=0.05


Tree=72
num_leaves=9
num_cat=0
split_feature=21 29 7 17 30 5 0 11
split_gain=5.16661 2.81182 2.28854 1.79206 1.70743 1.43455 1.19609 0.667579
threshold=0.0015291427556902717 0.0020926648787336082 0.59381327927112593 6.5304840632413895e-05 0.019792814394817063 0.0046813475532034082 -0.0014861315654076666 0.59209696233272557
decision_type=2 2 2 2 2 2 2 2
left_child=1 3 6 5 7 -1 -2 -3
right_child=2 4 -4 -5 -6 -7 -8 -9
leaf_value=-0.007314283773684079 0.047107066124931291 -0.042279878176823243 -0.0041005768199535398 -0.020051372939097614 -0.0015139341519074898 0.021007352393656833 0.018677949492536632 -0.018465476560477062
leaf_weight=7.8133347481489244 6.0550053119659433 9.0776455998420733 7.3597745746374121 7.56159484386444 5.5132978856563559 10.452651515603064 9.5117469727993011 4.3544561713933936
leaf_count=25 25 39 26 24 21 33 37 20
internal_value=-0.000428781 -0.010313 0.018874 0.00041867 -0.024943 0.00889268 0.029736 -0.0345597
internal_weight=67.6995 44.773 22.9265 25.8276 18.9454 18.266 15.5668 13.4321
internal_count=250 162 88 82 80 58 62 59
is_linear=0
shrinkage=0.05


Tree=73
num_leaves=7
num_cat=0
split_feature=23 21 15 27 8 7
split_gain=2.89074 2.86052 2.34819 2.05058 2.1405 0.00462017
threshold=0.0082086458205183916 -0.0035448987863623822 0.0081318505833619919 -0.0290949916291201 0.0021063073551174129 0.58610641360282911
decision_type=2 2 2 2 2 2
left_child=1 -1 -3 -4 -5 -2
right_child=5 2 3 4 -6 -7
leaf_value=-0.036915608507926925 -0.038801432134351145 0.031945874450542533 0.03530365416871737 0.0060574392587113947 -0.029747646774615735 -0.035536678981778667
leaf_weight=3.5345178395509711 2.2493887543678275 9.1768748536705953 3.9535247310996047 14.860714107751852 5.8045129813253871 2.0910662338137627
leaf_count=32 16 38 14 80 43 27
internal_value=0.00139226 0.00588279 0.0103589 0.00231211 -0.0039996 -0.0372286
internal_weight=41.6706 37.3301 33.7956 24.6188 20.6652 4.34045
internal_count=250 207 175 137 123 43
is_linear=0
shrinkage=0.05


Tree=74
num_leaves=9
num_cat=0
split_feature=21 29 16 11 21 1 21 21
split_gain=5.49655 4.66198 2.33947 3.15191 3.46979 1.91651 0.158922 0.0010429
threshold=-0.0035448987863623822 -0.00081754060861255462 0.0046617050402747275 0.59232789933681496 0.0010274306455388962 0.0066522696785845667 -0.00030387879530863188 0.0027219469246382304
decision_type=2 2 2 2 2 2 2 2
left_child=-1 5 -3 4 -4 6 -2 -8
right_child=1 2 3 -5 -6 -7 7 -9
leaf_value=0.03425603324394353 -0.050508043609208443 -0.020259834641712212 0.031246176461639154 -0.016517966554950546 -0.009588825675610332 -0.0026711667387055524 -0.038276717809962814 -0.037024517900954276
leaf_weight=9.7454871386289579 3.7273506969213477 9.1590301245450956 15.985022783279421 9.2053699642419797 7.7117871493101111 4.3368793204426757 3.1593670248985282 3.5102009475231171
leaf_count=33 13 28 48 32 28 21 20 27
internal_value=-0.000435648 -0.00638841 0.00209004 0.0083116 0.017957 -0.0305922 -0.0422389 -0.0376177
internal_weight=66.5405 56.795 42.0612 32.9022 23.6968 14.7338 10.3969 6.66957
internal_count=250 217 136 108 76 81 60 47
is_linear=0
shrinkage=0.05


Tree=75
num_leaves=10
num_cat=0
split_feature=29 33 13 0 21 26 19 25 23
split_gain=4.75732 3.6025 4.74144 3.59676 2.29215 1.56185 2.29411 0.734205 0.0126183
threshold=-0.0035934354107605699 0.34500000000000003 47.707756716730138 -0.0016957237943864276 0.00030882381942320963 -0.0027505105221876098 -0.012292146278990666 0.0038426859924488581 0.0059421528627396922
decision_type=2 2 2 2 2 2 2 2 2
left_child=4 2 3 -2 -1 -3 -7 -8 -6
right_child=1 5 -4 -5 8 6 7 -9 -10
leaf_value=0.0021729579640043517 0.02010987715244443 -0.037548306462107911 0.037010189114991036 -0.032715266237089403 0.043181047049767475 0.0063887738612459655 -0.016200486239802116 -0.041370429744776657 0.039336208666928461
leaf_weight=6.6750154793262473 5.4945089071989059 8.222428113222124 8.4644981920719129 7.7921566963195819 4.3255770057439786 9.5255991518497485 7.0940576344728452 4.897482618689537 4.2117369920015335
leaf_count=19 19 31 28 31 18 37 24 20 23
internal_value=-0.00044397 -0.00770188 0.00776253 -0.0108702 0.0241226 -0.0190124 -0.0119292 -0.0264802 0.0412843
internal_weight=66.7031 51.4907 21.7512 13.2867 15.2123 29.7396 21.5171 11.9915 8.53731
internal_count=250 190 78 50 60 112 81 44 41
is_linear=0
shrinkage=0.05


Tree=76
num_leaves=9
num_cat=0
split_feature=16 27 32 32 16 0 23 23
split_gain=2.77677 2.44973 2.4099 2.083 2.03116 1.87966 1.4849 0.000235151
threshold=0.009076380764858543 -0.0290949916291201 0.065285399631770422 -0.10145693133280075 0.0053166330981199387 0.0012301199701210133 -0.0046649395293827936 0.0062072404666733147
decision_type=2 2 2 2 2 2 2 2
left_child=1 -1 3 4 -3 -5 -4 -2
right_child=7 2 6 5 -6 -7 -8 -9
leaf_value=0.040208720495637409 -0.035601543437076937 0.024532801469728954 0.0057943606036569067 0.0082030048527793661 -0.018013578598120233 0.05017976173801806 -0.0387307322457877 -0.034820643920614479
leaf_weight=4.5751025378704062 3.1841792315244666 4.0997714176774016 2.9453648924827576 6.7056631222367304 8.8834465667605382 4.4278520345687866 5.1408419683575612 1.3826587572693823
leaf_count=14 38 18 16 34 53 18 36 23
internal_value=0.00140674 0.00597281 0.00110888 0.00902906 -0.00457851 0.0248974 -0.0225127 -0.0353651
internal_weight=41.3449 36.778 32.2029 24.1167 12.9832 11.1335 8.08621 4.56684
internal_count=250 189 175 123 71 52 52 61
is_linear=0
shrinkage=0.05


Tree=77
num_leaves=10
num_cat=0
split_feature=21 29 33 13 11 32 1 21 21
split_gain=5.05818 4.3861 2.23787 2.44225 2.01642 2.03121 1.88755 0.149859 0.00109781
threshold=-0.0035448987863623822 -0.00081754060861255462 0.34500000000000003 43.863799521743935 0.59232789933681496 0.027719428264188901 0.0066522696785845667 -0.00040527243065019419 0.0027219469246382304
decision_type=2 2 2 2 2 2 2 2 2
left_child=-1 6 3 -3 5 -4 7 -2 -9
right_child=1 2 4 -5 -6 -7 -8 8 -10
leaf_value=0.033239080028159819 -0.050300687788692039 0.0061490405514229305 0.0066958653355599015 -0.029823497191683895 -0.012743297944412122 0.041826324203892574 -0.0022988307593421859 -0.038107729108159412 -0.036815575987092362
leaf_weight=9.531004458665846 3.4644252806901923 10.104294449090959 9.8654402941465431 8.8517419993877393 5.8322637826204291 7.0585221350193015 4.3013110980391493 3.2355915904045096 3.3411519229412079
leaf_count=33 12 32 32 31 20 21 21 21 27
internal_value=-0.000435268 -0.00616093 0.00204039 -0.0106488 0.0126105 0.0213478 -0.0300128 -0.0418846 -0.0374513
internal_weight=65.5857 56.0547 41.7123 18.956 22.7562 16.924 14.3425 10.0412 6.57674
internal_count=250 217 136 63 73 53 81 60 48
is_linear=0
shrinkage=0.05


Tree=78
num_leaves=9
num_cat=0
split_feature=21 29 13 33 11 19 2 25
split_gain=4.42259 2.77685 2.37921 2.66406 2.19256 1.7986 1.42252 0.00556568
threshold=0.0024370343170753155 -0.0030622976835565359 41.22198545260877 0.34500000000000003 0.58862415075302132 -0.0051572431413661737 -0.017497243728357367 -0.0052321329172880229
decision_type=2 2 2 2 2 2 2 2
left_child=1 -1 6 -4 -5 -2 -3 -7
right_child=5 2 3 4 -6 7 -8 -9
leaf_value=0.01390570445094471 0.0051000159129909678 -0.011931760226313697 0.017213682348013997 -0.02994465472828154 0.0088424216184385934 0.038653988890674285 -0.044227561872817393 0.041318841137264174
leaf_weight=11.661320894956587 7.001199334859848 5.942104920744895 8.9340097606182116 10.732455819845201 5.5161030292510977 3.9692181646823883 8.0002382099628431 3.8694528490304929
leaf_count=38 23 23 29 41 21 23 34 18
internal_value=-0.000493326 -0.00750969 -0.0138926 -0.00471821 -0.0167771 0.0235186 -0.0304634 0.0399695
internal_weight=65.6261 50.7862 39.1249 25.1826 16.2486 14.8399 13.9423 7.83867
internal_count=250 186 148 91 62 64 57 41
is_linear=0
shrinkage=0.05


Tree=79
num_leaves=9
num_cat=0
split_feature=23 21 29 13 16 27 15 15
split_gain=2.67205 2.50581 2.31922 2.68954 3.00434 2.74288 0.363927 0.00362438
threshold=0.0082086458205183916 -0.002646338343760601 0.0080479003464957195 40.747302226126685 0.0054439931240400892 0.0099447874182597724 0.010225483655007176 0.0087598424905410283
decision_type=2 2 2 2 2 2 2 2
left_child=1 6 3 4 -3 -5 -1 -2
right_child=7 2 -4 5 -6 -7 -8 -9
leaf_value=-0.036820747619122185 -0.038334180876794653 0.068144669510252442 -0.023277894233585061 0.013656832738579981 0.014334531132228927 -0.037191822349146156 -0.0083322218264937822 -0.035332372673497675
leaf_weight=3.3123938776552668 2.2494837902486315 4.285193353891378 4.3022833615541449 13.435817219316961 6.5723940990865231 3.3043268881738177 1.6944967135787008 1.8184354454278944
leaf_count=30 17 12 21 67 32 29 16 26
internal_value=0.00146696 0.00570598 0.0108675 0.0161905 0.0355719 0.00361985 -0.0271793 -0.0369923
internal_weight=40.9748 36.9069 31.9 27.5977 10.8576 16.7401 5.00689 4.06792
internal_count=250 207 161 140 44 96 46 43
is_linear=0
shrinkage=0.05


Tree=80
num_leaves=10
num_cat=0
split_feature=21 16 28 29 31 5 6 30 19
split_gain=4.79897 2.93525 2.64766 3.03789 2.54064 1.9511 1.75237 1.41645 0.268894
threshold=0.00040390760757880178 0.0098218307969629142 -0.017113539039669608 0.0020926648787336082 0.080966469897426244 0.0051416298359163448 0.87745184370244245 0.0011659223562741074 0.015969209203225424
decision_type=2 2 2 2 2 2 2 2 2
left_child=1 2 3 -1 5 -4 -2 -8 -9
right_child=6 -3 4 -5 -6 -7 7 8 -10
leaf_value=-0.038978169483045472 0.004042959665343542 0.042562459326899345 0.043188074007279365 0.0095925050736938265 -0.011386017967852276 0.0077215833078649633 -0.0094077268428140789 -0.043690645369922669 -0.026064360910423065
leaf_weight=6.1372886896133405 6.4485763013362911 5.9151304960250846 7.9934273064136523 6.7711200267076492 6.4334169328212729 7.5314580053091049 7.1687325090169933 7.1687101423740369 3.0991145297884941
leaf_count=20 27 22 27 21 20 25 37 31 20
internal_value=-0.000428865 0.0099951 0.00447006 -0.0135004 0.0150342 0.0259825 -0.0182269 -0.026463 -0.0383705
internal_weight=64.667 40.7818 34.8667 12.9084 21.9583 15.5249 23.8851 17.4366 10.2678
internal_count=250 135 113 41 72 52 115 88 51
is_linear=0
shrinkage=0.05


Tree=81
num_leaves=10
num_cat=0
split_feature=29 21 7 13 33 26 32 9 5
split_gain=4.14304 4.24772 2.21235 2.08082 2.30463 2.32253 1.95856 1.16374 0.974594
threshold=-0.0093031486362166165 0.0015291427556902717 0.59381327927112593 47.707756716730138 0.35500000000000004 0.016010884312195665 -0.16570053973949164 0.5826767951250077 0.0059881343319951172
decision_type=2 2 2 2 2 2 2 2 2
left_child=-1 3 7 6 -5 -6 -2 -3 -8
right_child=1 2 -4 4 5 -7 8 -9 -10
leaf_value=0.039637800276693461 0.0015307469715265113 0.0084265186401741628 -0.008750967779884369 0.025127059347410132 -0.03895652641348251 0.0042176585806303927 -0.04277585698616472 0.039148627869245549 -0.016386434800309029
leaf_weight=5.8496330231428137 5.2741801887750652 5.1644435971975344 6.6676884144544593 5.5739817768335369 5.2506760060787183 7.6581661403179169 10.21100167930126 7.6459363251924515 5.3222974240779868
leaf_count=24 21 18 24 17 20 29 42 33 22
internal_value=-0.000491367 -0.00448571 0.014606 -0.0139504 -0.00174166 -0.0133435 -0.0247951 0.0267632 -0.0337338
internal_weight=64.618 58.7684 19.4781 39.2903 18.4828 12.9088 20.8075 12.8104 15.5333
internal_count=250 226 75 151 66 49 85 51 64
is_linear=0
shrinkage=0.05


Tree=82
num_leaves=9
num_cat=0
split_feature=23 21 29 13 16 19 16 15
split_gain=2.55016 2.34696 2.1724 2.46515 2.74904 2.58277 0.35937 0.00332875
threshold=0.0082086458205183916 -0.002646338343760601 0.0080479003464957195 40.747302226126685 0.0054439931240400892 0.018612447512979195 0.0087676663723318341 0.0087598424905410283
decision_type=2 2 2 2 2 2 2 2
left_child=1 6 3 4 -3 -5 -1 -2
right_child=7 2 -4 5 -6 -7 -8 -9
leaf_value=-0.037134156813218362 -0.038194986111849162 0.065151661598392183 -0.0228068565160282 0.01758219194791498 0.013818344336756373 -0.024035004465769672 -0.0088956515011281347 -0.035259488050259288
leaf_weight=3.0805478766560546 2.1782411336898799 4.3127137422561699 4.241112880408763 11.049010351300241 6.5985136367380619 5.6264669932425013 1.7763560302555559 1.7349176518619058
leaf_count=25 17 12 21 57 32 39 21 26
internal_value=0.00147551 0.00556833 0.0105087 0.0156305 0.0341081 0.00354015 -0.0268063 -0.0368935
internal_weight=40.5979 36.6847 31.8278 27.5867 10.9112 16.6755 4.8569 3.91316
internal_count=250 207 161 140 44 96 46 43
is_linear=0
shrinkage=0.05


Tree=83
num_leaves=9
num_cat=0
split_feature=21 29 16 11 21 1 21 21
split_gain=4.44852 3.96902 2.08033 2.79758 2.9385 1.86383 0.132437 0.000951034
threshold=-0.0035448987863623822 -0.00081754060861255462 0.0046617050402747275 0.59232789933681496 0.00040390760757880178 0.0066522696785845667 -0.00040527243065019419 0.0027219469246382304
decision_type=2 2 2 2 2 2 2 2
left_child=-1 5 -3 4 -4 6 -2 -8
right_child=1 2 3 -5 -6 -7 7 -9
leaf_value=0.031875591950041901 -0.049468155534850206 -0.019352159016274316 0.032599049802858417 -0.015810849622088018 -0.0034721730772642821 -0.0014612435983516541 -0.037736002994828419 -0.036485298515555528
leaf_weight=9.1240184903144819 3.3679272234439841 8.9641421288251859 13.154292881488802 8.9580740630626661 9.8917510211467725 4.193816475570201 3.0286865085363379 3.0511582642793655
leaf_count=33 12 28 41 32 35 21 21 27
internal_value=-0.000441704 -0.00584116 0.00193714 0.00790013 0.0171167 -0.0292009 -0.0415143 -0.0371083
internal_weight=63.7339 54.6098 40.9683 32.0041 23.046 13.6416 9.44777 6.07984
internal_count=250 217 136 108 76 81 60 48
is_linear=0
shrinkage=0.05


Tree=84
num_leaves=9
num_cat=0
split_feature=29 21 7 13 4 8 17 0
split_gain=3.8513 3.88524 2.10533 1.96305 2.93701 1.85124 1.40639 1.09357
threshold=-0.0093031486362166165 0.0015291427556902717 0.59381327927112593 41.010789158825688 0.0059434093721527836 -0.0067878296913980287 1.0000000180025095e-35 0.00072734023587939245
decision_type=2 2 2 2 2 2 2 2
left_child=-1 3 7 5 6 -2 -5 -3
right_child=1 2 -4 4 -6 -7 -8 -9
leaf_value=0.038714485514761345 -0.0084722567595702444 0.041061110471650841 -0.0087638803122508709 0.022943460776870182 -0.026556970707586072 -0.044824265200504511 -0.0078052427580774537 0.011559829927468113
leaf_weight=5.6991851627826682 6.4095589220523834 6.174054756760599 6.6343592703342429 8.1312774270772952 9.5876980274915677 7.7211404293775541 6.8526732921600333 6.3948870301246643
leaf_count=24 25 25 24 27 39 33 27 26
internal_value=-0.000503257 -0.00436314 0.0140234 -0.0134861 -0.00494665 -0.0283353 0.00888103 0.0260513
internal_weight=63.6048 57.9056 19.2033 38.7023 24.5716 14.1307 14.984 12.5689
internal_count=250 226 75 151 93 58 54 51
is_linear=0
shrinkage=0.05


Tree=85
num_leaves=9
num_cat=0
split_feature=16 27 32 32 16 0 23 13
split_gain=2.46926 2.08496 2.24806 1.84557 2.33118 1.58566 1.38991 0.000213845
threshold=0.009076380764858543 -0.0290949916291201 0.065285399631770422 -0.10145693133280075 0.0050649271766342544 0.0012301199701210133 -0.0046649395293827936 40.747302226126685
decision_type=2 2 2 2 2 2 2 2
left_child=1 -1 3 4 -3 -5 -4 -2
right_child=7 2 6 5 -6 -7 -8 -9
leaf_value=0.037283479966157267 -0.035612663371287351 0.028990897584183301 0.0050266755594453065 0.0080099326694676783 -0.018148228804548892 0.04646901319761617 -0.038632826707688778 -0.034885110942686669
leaf_weight=4.5543851852416983 1.7726964429020871 3.7102040871977833 2.918268371373415 6.6178824603557604 8.9480956122279149 4.5042530968785286 4.8567056730389586 2.3473543785512447
leaf_count=14 22 16 16 34 55 18 36 39
internal_value=0.00147436 0.00565861 0.0010942 0.00872512 -0.00433154 0.0235851 -0.0222456 -0.0351981
internal_weight=40.2298 36.1098 31.5554 23.7804 12.6583 11.1221 7.77497 4.12005
internal_count=250 189 175 123 71 52 52 61
is_linear=0
shrinkage=0.05


Tree=86
num_leaves=9
num_cat=0
split_feature=21 29 16 11 21 1 21 21
split_gain=4.1211 3.7382 1.95474 2.63711 2.69862 1.81817 0.117066 0.000919596
threshold=-0.0035448987863623822 -0.00081754060861255462 0.0046617050402747275 0.59232789933681496 0.00040390760757880178 0.0066522696785845667 -0.00040527243065019419 0.0027219469246382304
decision_type=2 2 2 2 2 2 2 2
left_child=-1 5 -3 4 -4 6 -2 -8
right_child=1 2 3 -5 -6 -7 7 -9
leaf_value=0.031031322876919201 -0.048734150153245843 -0.018840006067087963 0.031653571595508266 -0.015393873417029268 -0.0030805899831902531 -0.0013190004408070585 -0.037557614512802449 -0.036300847239120027
leaf_weight=8.9264614433050138 3.2881069779396048 8.8874178528785688 12.988615617156034 8.8979909718036634 9.8197070583701116 4.1665285006165496 2.9275507479906073 2.8948337435722351
leaf_count=33 12 28 41 32 35 21 21 27
internal_value=-0.000434789 -0.00564877 0.00188384 0.00769282 0.0166994 -0.0286793 -0.0411921 -0.0369328
internal_weight=62.7972 53.8708 40.5937 31.7063 22.8083 13.277 9.11049 5.82238
internal_count=250 217 136 108 76 81 60 48
is_linear=0
shrinkage=0.05


Tree=87
num_leaves=8
num_cat=0
split_feature=21 29 13 3 21 10 33
split_gain=3.62765 3.59526 3.58198 2.17284 2.82826 1.92347 0.450217
threshold=0.00345933293059475 -0.0093031486362166165 41.010789158825688 0.023103940251078651 -1.0000000180025095e-35 -0.011140277455090409 0.59500000000000008
decision_type=2 2 2 2 2 2 2
left_child=1 -1 5 4 -4 -3 -2
right_child=6 2 3 -5 -6 -7 -8
leaf_value=0.038072110410602295 0.04145311454599037 -0.010715299262889937 -0.010627493687617005 -0.023201845447809965 0.022620491383182728 -0.044404315462963383 0.017532904686321831
leaf_weight=4.4245267361402503 4.4776538759469977 8.4284818917512911 11.754135787487028 7.4431592375040045 14.032326966524126 8.5196354985237104 3.5084689408540726
leaf_count=16 22 33 50 27 49 35 18
internal_value=-0.000531069 -0.00513468 -0.00894453 0.000596037 0.0074652 -0.0276504 0.0309445
internal_weight=62.5884 54.6023 50.1777 33.2296 25.7865 16.9481 7.98612
internal_count=250 210 194 126 99 68 40
is_linear=0
shrinkage=0.05


Tree=88
num_leaves=8
num_cat=0
split_feature=23 21 29 7 29 15 7
split_gain=2.36504 2.09756 2.02953 2.22932 2.8938 0.360921 0.00363899
threshold=0.0082086458205183916 -0.002646338343760601 0.0080479003464957195 0.57881764769554145 -0.0028343717650526341 0.010225483655007176 0.58347238004207613
decision_type=2 2 2 2 2 2 2
left_child=1 5 3 -3 -5 -1 -2
right_child=6 2 -4 4 -6 -7 -8
leaf_value=-0.036476108327961332 -0.038281358735484911 0.036130088391290234 -0.022655570768312056 -0.029657603924247256 0.016258882775970967 -0.0071033857844083302 -0.035136487895433305
leaf_weight=2.9886405877768984 1.8538202159106725 8.5118779093027168 4.1451956145465365 4.5053244270384374 14.395413909107441 1.6088260337710378 1.8257741220295427
leaf_count=30 14 36 21 33 71 16 29
internal_value=0.00146854 0.00535516 0.00995187 0.0148826 0.00531388 -0.0261975 -0.0367209
internal_weight=39.8349 36.1553 31.5578 27.4126 18.9007 4.59747 3.67959
internal_count=250 207 161 140 104 46 43
is_linear=0
shrinkage=0.05


Tree=89
num_leaves=10
num_cat=0
split_feature=21 29 33 7 16 1 28 21 21
split_gain=3.87381 3.51935 1.91175 2.01455 1.95495 1.74909 1.70365 0.100862 0.000886512
threshold=-0.0035448987863623822 -0.00081754060861255462 0.34500000000000003 0.57793527543544776 0.0063999751125093261 0.0066522696785845667 0.0080418620390485546 -0.00040527243065019419 0.0027219469246382304
decision_type=2 2 2 2 2 2 2 2 2
left_child=-1 5 3 -3 -5 7 -4 -2 -9
right_child=1 2 6 4 -6 -7 -8 8 -10
leaf_value=0.030420698629752357 -0.047912539632969646 0.013258449755630909 0.024227429351656407 -0.042067589088875423 -0.0018604798192873456 -0.0014389089520495703 -0.003741734754306759 -0.037393174423035233 -0.036132801585786425
leaf_weight=8.7491873800754529 3.1944156140089026 6.0932178199291256 12.174349576234819 6.0567001700401288 6.0361984968185425 4.1519426330924025 9.8493071496486646 2.8310981020331374 2.7507301494479179
leaf_count=33 12 20 39 20 23 21 34 21 27
internal_value=-0.00040817 -0.00548416 0.00181213 -0.0101855 -0.0219981 -0.0281774 0.0117192 -0.040827 -0.0367721
internal_weight=61.8871 53.138 40.2098 18.1861 12.0929 12.9282 22.0237 8.77624 5.58183
internal_count=250 217 136 63 43 81 73 60 48
is_linear=0
shrinkage=0.05


Tree=90
num_leaves=8
num_cat=0
split_feature=21 29 13 3 21 10 33
split_gain=3.38397 3.34264 3.35822 2.01613 2.63001 1.85064 0.453699
threshold=0.00345933293059475 -0.0093031486362166165 41.010789158825688 0.023103940251078651 -1.0000000180025095e-35 -0.011140277455090409 0.59500000000000008
decision_type=2 2 2 2 2 2 2
left_child=1 -1 5 4 -4 -3 -2
right_child=6 2 3 -5 -6 -7 -8
leaf_value=0.037083819753523477 0.041122525570365415 -0.010324002688977679 -0.010306593739611312 -0.022440445420677618 0.021932859280146409 -0.043646740061201186 0.01676045679761105
leaf_weight=4.3422516733407965 4.3248312324285498 8.3506600856781024 11.612500615417956 7.3659958839416495 13.895376920700075 8.3157486617565137 3.4241853579878807
leaf_count=16 22 33 50 27 49 35 18
internal_value=-0.000537348 -0.0049804 -0.00866737 0.000601809 0.0072558 -0.0269505 0.0303573
internal_weight=61.6316 53.8825 49.5403 32.8739 25.5079 16.6664 7.74902
internal_count=250 210 194 126 99 68 40
is_linear=0
shrinkage=0.05


Tree=91
num_leaves=8
num_cat=0
split_feature=16 27 32 24 24 23 13
split_gain=2.27476 1.87038 2.11716 1.77502 3.54034 1.30748 0.000206382
threshold=0.009076380764858543 -0.0290949916291201 0.065285399631770422 0.015241173381787545 -0.0046630972275966678 -0.0046649395293827936 40.747302226126685
decision_type=2 2 2 2 2 2 2
left_child=1 -1 3 4 -3 -4 -2
right_child=6 2 5 -5 -6 -7 -8
leaf_value=0.035337643256476106 -0.035521476233908146 0.02171960796144097 0.0042750939476956873 0.041373228100202608 -0.020435546794362162 -0.038479968444036519 -0.034782796887399735
leaf_weight=4.5415411889553061 1.6735416390001767 11.020727843046194 2.9049659855663776 3.4739219024777404 9.0876122266054171 4.6511169709265223 2.1738554835319519
leaf_count=14 22 47 16 19 57 36 39
internal_value=0.00142319 0.00536197 0.000990004 0.00836997 0.00266832 -0.0220426 -0.0351041
internal_weight=39.5273 35.6799 31.1383 23.5823 20.1083 7.55608 3.8474
internal_count=250 189 175 123 104 52 61
is_linear=0
shrinkage=0.05


Tree=92
num_leaves=9
num_cat=0
split_feature=21 21 11 11 23 30 24 23
split_gain=3.6008 2.18227 2.13269 3.0353 2.99948 1.5609 1.27194 0.261624
threshold=-0.0024933130898751039 0.0029554208860244073 0.57311292290687577 0.58580574333667768 1.0000000180025095e-35 0.0031816290088312331 -0.00093329779586320816 0.0095652383557438565
decision_type=2 2 2 2 2 2 2 2
left_child=5 2 -2 6 -5 -1 -4 -3
right_child=1 7 3 4 -6 -7 -8 -9
leaf_value=0.0047567332815891886 -0.031115436486597561 -0.039372889668540093 0.0060493312277808443 -0.027497457658737581 0.011258361347966676 0.037353481127511828 0.037046605876607568 -0.019871994757816716
leaf_weight=7.2837821096181852 5.5780817195773116 4.6452281177043906 6.9284838810563087 11.023400977253916 9.1251879855990392 7.4074008911848068 6.3359460085630399 2.731143519282341
leaf_count=25 25 31 24 40 34 29 21 21
internal_value=-0.000378937 -0.0072136 -0.00249563 0.00228226 -0.00994515 0.0211922 0.0208556 -0.0321526
internal_weight=61.0587 46.3675 38.9911 33.413 20.1486 14.6912 13.2644 7.37637
internal_count=250 196 144 119 74 54 45 52
is_linear=0
shrinkage=0.05


Tree=93
num_leaves=10
num_cat=0
split_feature=29 33 13 0 21 0 16 21 23
split_gain=3.17374 2.84768 3.54201 3.36765 2.0759 1.59168 1.38456 1.80012 0.0108613
threshold=-0.0035934354107605699 0.34500000000000003 47.707756716730138 -0.0016957237943864276 0.00030882381942320963 0.0030946694649471866 0.0060058424245078611 0.0015291427556902717 0.0054062036560792457
decision_type=2 2 2 2 2 2 2 2 2
left_child=4 2 3 -2 -1 6 -3 -8 -6
right_child=1 5 -4 -5 8 -7 7 -9 -10
leaf_value=0.00047941029064656567 0.021362919926300503 -0.043694201882728004 0.033651294511421896 -0.031996858270295414 0.041673608466588623 0.00069338478537956652 -0.029966233892856544 0.010202845735407209 0.037733881861030633
leaf_weight=6.4819048345088941 5.1380933374166498 6.6354949921369615 7.9269644916057578 6.9654361009597787 3.5772296637296677 8.5471553504466993 7.6057419553399068 4.404037669301033 3.4237634986639023
leaf_count=19 19 26 28 31 17 34 36 16 24
internal_value=-0.000526593 -0.00663539 0.00767057 -0.00934499 0.0208691 -0.0171735 -0.0253638 -0.0152361 0.0397469
internal_weight=60.7058 47.2229 20.0305 12.1035 13.4829 27.1924 18.6453 12.0098 7.00099
internal_count=250 190 78 50 60 112 78 52 41
is_linear=0
shrinkage=0.05


Tree=94
num_leaves=7
num_cat=0
split_feature=16 30 27 25 13 13
split_gain=2.15648 1.79961 1.96947 2.68336 2.41934 0.000192423
threshold=0.009076380764858543 0.019792814394817063 -0.027074638446665019 0.011479340990343758 47.090334036812528 40.747302226126685
decision_type=2 2 2 2 2 2
left_child=1 2 -1 4 -4 -2
right_child=5 -3 3 -5 -6 -7
leaf_value=0.038602919213024653 -0.035444938280053455 -0.026741562563751483 0.022619944995899987 -0.030600539108080707 -0.012697028051580996 -0.034716739184994301
leaf_weight=4.8022983819246319 1.6126413606107228 3.9344727247953406 14.882197491824632 4.6713431254029265 7.192916724830865 2.0737927556037903
leaf_count=15 22 26 65 29 54 39
internal_value=0.00136263 0.00514409 0.00912058 0.00382706 0.0111123 -0.0350353
internal_weight=39.1697 35.4832 31.5488 26.7465 22.0751 3.68643
internal_count=250 189 163 148 119 61
is_linear=0
shrinkage=0.05


Tree=95
num_leaves=10
num_cat=0
split_feature=21 29 33 7 16 1 28 21 21
split_gain=3.42053 3.25815 1.82964 1.77117 1.81133 1.67525 1.55945 0.0865838 0.00120831
threshold=-0.0035448987863623822 -0.00081754060861255462 0.34500000000000003 0.57793527543544776 0.0063999751125093261 0.0066522696785845667 0.0080418620390485546 -0.00040527243065019419 0.0024370343170753155
decision_type=2 2 2 2 2 2 2 2 2
left_child=-1 5 3 -3 -5 7 -4 -2 -9
right_child=1 2 6 4 -6 -7 -8 8 -10
leaf_value=0.029235492378037645 -0.047117946303189932 0.012110530070112334 0.023661382102524636 -0.040955421666270538 -0.0017084755580198995 -0.0013524036769036981 -0.0032861397300704602 -0.037356238187098247 -0.035827771404893717
leaf_weight=8.4031468629837018 3.0832195281982413 5.9783349335193661 11.991975486278536 5.8743789792060834 5.8850701674818993 4.0856252759695044 9.7206855416297895 2.4243719503283492 2.7708280310034752
leaf_count=33 12 20 39 20 23 21 34 18 30
internal_value=-0.000355485 -0.00515448 0.00186466 -0.0100487 -0.0213141 -0.0275507 0.0115971 -0.0404803 -0.036541
internal_weight=60.2176 51.8145 39.4504 17.7378 11.7594 12.364 21.7127 8.27842 5.1952
internal_count=250 217 136 63 43 81 73 60 48
is_linear=0
shrinkage=0.05


Tree=96
num_leaves=8
num_cat=0
split_feature=21 29 13 3 21 10 33
split_gain=2.95382 3.06509 3.06873 1.85383 2.29323 1.7943 0.458121
threshold=0.00345933293059475 -0.0093031486362166165 41.010789158825688 0.023103940251078651 -1.0000000180025095e-35 -0.011140277455090409 0.59500000000000008
decision_type=2 2 2 2 2 2 2
left_child=1 -1 5 4 -4 -3 -2
right_child=6 2 3 -5 -6 -7 -8
leaf_value=0.03619726839039622 0.040520360108869405 -0.0095917876573854317 -0.0095030907630052064 -0.021621353919920521 0.020983005744589289 -0.042946505976177399 0.015299191644281829
leaf_weight=4.2182510048151007 4.0446738898754111 8.1761913150548953 11.285783201456068 7.2171234786510459 13.604456618428232 7.9548769295215598 3.244993157684803
leaf_count=16 22 33 50 27 49 35 18
internal_value=-0.000529962 -0.00467435 -0.0082484 0.000690452 0.00715994 -0.0260403 0.0292932
internal_weight=59.7463 52.4567 48.2384 32.1074 24.8902 16.1311 7.28967
internal_count=250 210 194 126 99 68 40
is_linear=0
shrinkage=0.05


Tree=97
num_leaves=8
num_cat=0
split_feature=23 29 27 15 23 33 7
split_gain=2.11339 1.92718 2.36822 2.61494 4.9022 2.17364 0.00293611
threshold=0.0082086458205183916 0.0080479003464957195 -0.0290949916291201 0.009206977182814784 0.0029060253165701382 0.96500000000000008 0.58347238004207613
decision_type=2 2 2 2 2 2 2
left_child=1 2 -1 4 -4 -5 -2
right_child=6 -3 3 5 -6 -7 -8
leaf_value=0.046177708441427885 -0.037935029599503373 -0.024544442702710237 0.0013788353071251889 -0.024378017195501978 0.068331321370390039 0.022147177052264416 -0.034977656726981853
leaf_weight=3.8658568859100368 1.7311129234731191 4.7784055769443503 10.211980167776348 9.4132731519639474 3.7335613667964926 3.4234675951302043 1.629056394100189
leaf_count=12 14 32 55 75 17 16 29
internal_value=0.00139547 0.00498993 0.00959469 0.00431416 0.0193036 -0.0119701 -0.0365013
internal_weight=38.7867 35.4265 30.6481 26.7823 13.9455 12.8367 3.36017
internal_count=250 207 175 163 72 91 43
is_linear=0
shrinkage=0.05


Tree=98
num_leaves=9
num_cat=0
split_feature=21 16 29 16 22 7 33 19
split_gain=3.16232 3.55382 1.91343 1.81294 1.61683 1.27402 0.922817 0.0105689
threshold=0.0024370343170753155 0.0098218307969629142 -0.00081754060861255462 0.0046617050402747275 -0.002301899024704845 0.58347238004207613 0.62500000000000011 -0.0036221400615467632
decision_type=2 2 2 2 2 2 2 2
left_child=1 2 5 -4 -5 -1 7 -2
right_child=6 -3 3 4 -6 -7 -8 -9
leaf_value=-0.038692291843493806 -0.040582212583330661 0.042289955218188215 -0.014910150821505142 0.024945597904156788 0.00020469547980391458 -0.0028700874281879863 -0.0040012570886040185 -0.036390669324416355
leaf_weight=4.632434628903864 3.4313233643770218 5.5296777188777915 8.405790373682974 12.367535248398775 14.168580070137983 5.3469424769282341 2.7813481092453003 2.6773670390248281
leaf_count=21 17 23 27 41 47 27 21 26
internal_value=-0.000378532 0.00446668 -0.000189253 0.00532553 0.0117355 -0.0194988 -0.0278751 -0.0387451
internal_weight=59.341 50.451 44.9213 34.9419 26.5361 9.97938 8.89004 6.10869
internal_count=250 186 163 115 88 48 64 43
is_linear=0
shrinkage=0.05


Tree=99
num_leaves=9
num_cat=0
split_feature=29 32 13 0 25 24 22 28
split_gain=2.81641 2.53545 2.75903 2.30263 1.92537 1.78938 1.10281 0.95171
threshold=-0.0028343717650526341 -0.39292547838884201 47.707756716730138 -0.0016957237943864276 0.0077943764213005426 0.00060575428328957248 0.0018302291153530217 -1.0000000180025095e-35
decision_type=2 2 2 2 2 2 2 2
left_child=4 -2 3 -3 6 -4 -1 -5
right_child=1 2 5 7 -6 -7 -8 -9
leaf_value=0.012639938950083113 -0.040787434087425523 0.0042821206026606709 -0.0045248064933713708 -0.039896935064384853 -0.010623708024157305 0.027269833008442202 0.044588502244557106 -0.011003130744039602
leaf_weight=5.1789623722434026 4.9096458852291098 9.0362147092819196 8.5649133026599902 7.5886139124631855 4.1876527592539778 9.1556849703192693 5.6454462483525276 4.5639477148652121
leaf_count=21 21 38 32 32 15 36 33 22
internal_value=-0.000525625 -0.00692892 -0.0026566 -0.0148327 0.0181651 0.0119025 0.0293026 -0.0290457
internal_weight=58.8311 43.819 38.9094 21.1888 15.0121 17.7206 10.8244 12.1526
internal_count=250 181 160 92 69 68 54 54
is_linear=0
shrinkage=0.05


Tree=100
num_leaves=8
num_cat=0
split_feature=23 29 27 15 23 33 7
split_gain=2.00945 1.811 2.19936 2.38739 4.44703 3.20943 0.00266017
threshold=0.0082086458205183916 0.0080479003464957195 -0.0290949916291201 0.009206977182814784 0.0029060253165701382 0.97500000000000009 0.58347238004207613
decision_type=2 2 2 2 2 2 2
left_child=1 2 -1 4 -4 -5 -2
right_child=6 -3 3 5 -6 -7 -8
leaf_value=0.044523579077444649 -0.037775668560399975 -0.02412864921586608 0.0011239807393456918 -0.025017539692542036 0.064403376503486542 0.035767680844419052 -0.034904410048314807
leaf_weight=3.8602851480245617 1.6763432733714574 4.6876821331679812 10.19681064784527 9.8506026938557607 3.8152489475905886 2.7856594771146765 1.5549626387655733
leaf_count=12 14 32 55 78 17 13 29
internal_value=0.00134125 0.00480565 0.00925143 0.0041419 0.0183539 -0.0116175 -0.036394
internal_weight=38.4276 35.1963 30.5086 26.6483 14.0121 12.6363 3.23131
internal_count=250 207 175 163 72 91 43
is_linear=0
shrinkage=0.05


Tree=101
num_leaves=11
num_cat=0
split_feature=21 29 1 33 7 16 24 28 21 21
split_gain=3.03485 2.92086 1.63708 1.60932 1.69314 2.0492 1.47613 1.36796 0.0726644 0.0012165
threshold=-0.0035448987863623822 -0.00081754060861255462 0.0066522696785845667 0.34500000000000003 0.57594073712825788 0.0063999751125093261 -0.010831987329948721 0.012078625894855645 -0.00040527243065019419 0.0021902928164430073
decision_type=2 2 2 2 2 2 2 2 2 2
left_child=-1 2 8 4 -3 -6 -5 -8 -2 -10
right_child=1 3 -4 6 5 -7 7 -9 9 -11
leaf_value=0.028176034423717067 -0.046228733030687919 0.014089317616191749 -0.00065414807107837269 -0.0099241014776585632 -0.040475865826767293 0.00071303041995371408 0.034419623352893662 0.004532571736094183 -0.037186000510849214 -0.035579292537937741
leaf_weight=8.041616424918173 2.9806779623031616 5.2554399818182018 3.9772851839661598 6.0930738598108283 6.047388553619383 6.0314312502741814 7.5041083544492739 7.8168926239013672 2.0972502008080465 2.688064880669117
leaf_count=33 12 18 21 20 21 24 25 28 16 32
internal_value=-0.000352242 -0.00489584 -0.0267406 0.00172456 -0.00960105 -0.0199086 0.0108924 0.019171 -0.0401006 -0.0362835
internal_weight=58.5332 50.4916 11.7433 38.7483 17.3343 12.0788 21.4141 15.321 7.76599 4.78532
internal_count=250 217 81 136 63 45 73 53 60 48
is_linear=0
shrinkage=0.05


Tree=102
num_leaves=8
num_cat=0
split_feature=21 29 13 10 3 21 23
split_gain=2.63576 2.76642 2.83907 1.71011 1.67455 2.04123 0.44305
threshold=0.00345933293059475 -0.0093031486362166165 41.010789158825688 -0.011140277455090409 0.023103940251078651 -1.0000000180025095e-35 0.0079092657813238949
decision_type=2 2 2 2 2 2 2
left_child=1 -1 3 -3 5 -4 -2
right_child=6 2 4 -5 -6 -7 -8
leaf_value=0.035022241338195696 0.040611531828148528 -0.009124799443181229 -0.0088905747353986309 -0.042185679116050687 -0.02057756577140472 0.020188042074243386 0.015215351660588149
leaf_weight=4.0904542803764334 3.6099526137113562 8.0229771584272367 11.017344854772093 7.6324920728802672 7.0860310643911353 13.345479831099512 3.2756357342004776
leaf_count=16 20 33 50 35 27 49 20
internal_value=-0.000513634 -0.00441994 -0.00784503 -0.0252429 0.000815779 0.00703812 0.02853
internal_weight=58.0804 51.1948 47.1043 15.6555 31.4489 24.3628 6.88559
internal_count=250 210 194 68 126 99 40
is_linear=0
shrinkage=0.05


Tree=103
num_leaves=10
num_cat=0
split_feature=23 16 24 24 7 16 6 3 7
split_gain=1.90916 1.71952 1.5437 2.18159 2.07373 1.17756 1.00698 0.00504486 0.00233977
threshold=0.0082086458205183916 0.0080916097938561107 0.011384922219943474 -0.0046630972275966678 0.57983424365520486 0.0050649271766342544 1.1215680142928186 0.0030219244351824552 0.58347238004207613
decision_type=2 2 2 2 2 2 2 2 2
left_child=1 2 3 4 -1 -5 7 -3 -2
right_child=8 6 -4 5 -6 -7 -8 -9 -10
leaf_value=0.039725812966089409 -0.03758820939875282 -0.035320969785502074 0.031801843759356276 0.0071209360437623787 0.0011505766275207163 -0.030941147956577927 0.011855994201653007 -0.039207480785867929 -0.034840749760043033
leaf_weight=5.4151790887117413 1.6175375841557973 2.2276802286505695 6.0353162772953501 3.2662607841193694 9.7692393288016302 5.3777673654258251 1.5176996104419229 1.3355492725968359 1.4875443633645771
leaf_count=19 14 32 29 16 46 36 14 15 29
internal_value=0.00130041 0.00463898 0.00921389 0.00349277 0.0149076 -0.0165589 -0.0222506 -0.0367777 -0.036272
internal_weight=38.0498 34.9447 29.8638 23.8284 15.1844 8.64403 5.08093 3.56323 3.10508
internal_count=250 207 146 117 65 52 61 47 43
is_linear=0
shrinkage=0.05


Tree=104
num_leaves=10
num_cat=0
split_feature=21 21 23 7 9 34 30 7 1
split_gain=2.85999 1.83408 1.95678 2.79035 2.01815 2.01468 1.4578 1.08695 0.305254
threshold=-0.0024933130898751039 0.0029554208860244073 -0.0027669954116248392 0.58347238004207613 0.58908429741859447 0.23270827570343719 0.0090850312336174816 0.57526236176490797 0.0053831759815553557
decision_type=2 2 2 2 2 2 2 2 2
left_child=6 2 4 7 -2 -5 -1 -4 -3
right_child=1 8 3 5 -6 -7 -8 -9 -10
leaf_value=0.0076661549691054397 -5.0484967089803529e-05 -0.038471187204753676 0.0050035999132113235 0.046086637032205273 -0.038387036703809795 0.0050475954904644878 0.041865554522114566 -0.02572855186161201 -0.015440037722428301
leaf_weight=8.9291394501924497 7.6822826489806122 4.4126383624970904 5.4776126444339805 5.3656888008117658 6.2063635662198067 6.7559578195214272 4.7863150984048835 6.0604570955038071 2.1347027942538261
leaf_count=33 30 36 19 18 25 28 21 24 16
internal_value=-0.00033987 -0.00654218 -0.00228406 0.00646115 -0.0171818 0.0232137 0.0196008 -0.0111387 -0.0309621
internal_weight=57.8112 44.0957 37.5484 23.6597 13.8886 12.1216 13.7155 11.5381 6.54734
internal_count=250 196 144 89 55 46 54 43 52
is_linear=0
shrinkage=0.05


Tree=105
num_leaves=9
num_cat=0
split_feature=29 32 13 0 25 31 22 28
split_gain=2.46408 2.3738 2.54773 2.18789 1.82436 1.79171 1.24894 0.892789
threshold=-0.0028343717650526341 -0.39292547838884201 47.707756716730138 -0.0016957237943864276 0.0077943764213005426 -0.034650839878932312 0.0012587613250992782 -1.0000000180025095e-35
decision_type=2 2 2 2 2 2 2 2
left_child=4 -2 3 -3 6 -4 -1 -5
right_child=1 2 5 7 -6 -7 -8 -9
leaf_value=0.008707473455482095 -0.039861901721188725 0.0044526984659863933 0.029394471752958801 -0.039129056469770829 -0.010767642455488322 -0.0028269892722671179 0.043814255343573756 -0.010656855497328817
leaf_weight=4.4709516167640668 4.7461297065019599 8.895308665931223 7.864417269825938 7.3238678574562046 4.1173430159687987 9.5576174706220609 5.8457597345113754 4.4117687121033713
leaf_count=18 21 38 30 32 15 38 36 22
internal_value=-0.000494432 -0.00651934 -0.00236072 -0.0142496 0.0173703 0.011718 0.0286 -0.0284255
internal_weight=57.2332 42.7991 38.053 20.6309 14.4341 17.422 10.3167 11.7356
internal_count=250 181 160 92 69 68 54 54
is_linear=0
shrinkage=0.05


Tree=106
num_leaves=8
num_cat=0
split_feature=23 29 27 15 23 33 7
split_gain=1.81905 1.69605 1.99837 2.16227 3.8885 2.93552 0.00216621
threshold=0.0082086458205183916 0.0080479003464957195 -0.0290949916291201 0.009206977182814784 0.0029060253165701382 0.97500000000000009 0.58347238004207613
decision_type=2 2 2 2 2 2 2
left_child=1 2 -1 4 -4 -5 -2
right_child=6 -3 3 5 -6 -7 -8
leaf_value=0.042546970002216716 -0.037466646823190897 -0.023965003217653706 0.00095269795107330634 -0.024619409778717606 0.059835070484993348 0.033571167327508984 -0.034772855405070857
leaf_weight=3.8187991082668331 1.5687158070504659 4.562484022229909 10.091025948524477 9.5428229384124261 3.8826280906796447 2.8041725009679785 1.4235277716070411
leaf_count=12 14 32 55 78 17 13 29
internal_value=0.00122023 0.00444558 0.00874635 0.0038423 0.0173134 -0.0114035 -0.0361851
internal_weight=37.6942 34.7019 30.1394 26.3206 13.9737 12.347 2.99224
internal_count=250 207 175 163 72 91 43
is_linear=0
shrinkage=0.05


Tree=107
num_leaves=11
num_cat=0
split_feature=21 29 1 33 7 16 24 21 21 21
split_gain=2.73112 2.68932 1.58284 1.49181 1.56843 1.86445 1.38667 1.31926 0.063851 0.00116103
threshold=-0.0035448987863623822 -0.00081754060861255462 0.0066522696785845667 0.34500000000000003 0.57594073712825788 0.0063999751125093261 -0.010831987329948721 1.0000000180025095e-35 -0.00040527243065019419 0.0021902928164430073
decision_type=2 2 2 2 2 2 2 2 2 2
left_child=-1 2 8 4 -3 -6 -5 -8 -2 -10
right_child=1 3 -4 6 5 -7 7 -9 9 -11
leaf_value=0.027272987388011982 -0.045656451092376468 0.013614614266248218 -0.00050889528458538942 -0.0096778888363123136 -0.03941654723838986 0.00035573489622840932 0.032707130464880843 0.0031003614587744063 -0.036995809024360511 -0.035368729098458764
leaf_weight=7.7550645768642417 2.8887956589460373 5.1679517775774029 3.9224837347865105 6.0442721396684638 5.861243322491644 5.9257554039359093 7.9327113628387469 7.1574997752904892 1.9947529956698398 2.4344803839921951
leaf_count=33 12 18 21 20 21 24 28 25 16 32
internal_value=-0.000310021 -0.00464629 -0.0261367 0.00169572 -0.00935198 -0.0194216 0.0105586 0.0186642 -0.0398733 -0.0361015
internal_weight=57.085 49.3299 11.2405 38.0894 16.955 11.787 21.1345 15.0902 7.31803 4.42923
internal_count=250 217 81 136 63 45 73 53 60 48
is_linear=0
shrinkage=0.05


Tree=108
num_leaves=8
num_cat=0
split_feature=21 29 13 34 23 0 24
split_gain=2.34447 2.5573 2.84812 2.1711 1.88364 1.58164 0.699847
threshold=0.0040191788948173999 -0.0093031486362166165 41.010789158825688 -1.7013176757177961 0.0066468461892038597 -0.00087476773741740333 0.0054390614194738127
decision_type=2 2 2 2 2 2 2
left_child=1 -1 3 -3 5 -4 -5
right_child=-2 2 4 6 -6 -7 -8
leaf_value=0.033991336043132696 0.032518902286093714 0.0024517025198124653 0.0097593803913007936 -0.046856143403970089 0.029267624850070152 -0.014846914509012023 -0.020454562205472902
leaf_weight=4.1525205895304671 4.9111992418766013 5.1641611605882636 11.974868685007097 6.7270803526043874 5.2008887380361548 14.364502489566805 4.0040862634778023
leaf_count=18 31 22 48 31 23 59 18
internal_value=-0.000491562 -0.00363417 -0.00692791 -0.0241861 0.00176969 -0.00365997 -0.037005
internal_weight=56.4993 51.5881 47.4356 15.8953 31.5403 26.3394 10.7312
internal_count=250 219 201 71 130 107 49
is_linear=0
shrinkage=0.05


Tree=109
num_leaves=7
num_cat=0
split_feature=16 30 27 25 13 13
split_gain=1.76173 1.51995 1.55419 2.42036 1.92533 0.000194612
threshold=0.009076380764858543 0.019792814394817063 -0.0290949916291201 0.011479340990343758 47.090334036812528 40.747302226126685
decision_type=2 2 2 2 2 2
left_child=1 2 -1 4 -4 -2
right_child=5 -3 3 -5 -6 -7
leaf_value=0.03737065221726027 -0.035276095232447686 -0.025827239884603548 0.02116115732188522 -0.030042535983887331 -0.0099170061105737246 -0.034481349421781139
leaf_weight=3.9588735252618816 1.4110127072781318 3.6906249299645415 14.561623737216001 4.4089627861976615 7.5764028392732135 1.696333000436425
leaf_count=12 22 26 65 29 57 39
internal_value=0.00120388 0.0044793 0.00814581 0.00378759 0.0105251 -0.0348422
internal_weight=37.3038 34.1965 30.5059 26.547 22.138 3.10735
internal_count=250 189 163 151 122 61
is_linear=0
shrinkage=0.05


Tree=110
num_leaves=10
num_cat=0
split_feature=21 29 1 33 22 26 28 21 21
split_gain=2.56982 2.50255 1.54813 1.39885 1.51429 1.88719 1.33688 0.0580535 0.00179285
threshold=-0.0035448987863623822 -0.00081754060861255462 0.0066522696785845667 0.34500000000000003 -0.002301899024704845 -0.0016088617798273306 0.0080418620390485546 -0.00050919652772979374 0.0019773403340929145
decision_type=2 2 2 2 2 2 2 2 2
left_child=-1 2 7 4 -3 -6 -5 -2 -9
right_child=1 3 -4 6 5 -7 -8 8 -10
leaf_value=0.026727946140708642 -0.045539087032317516 0.014113230991358472 -0.00033597518657680774 0.021530556131059791 0.00084224688584843025 -0.039007097710611685 -0.0038333644964099675 -0.037302291897950056 -0.035264083446542596
leaf_weight=7.6053406596183768 2.6114809513092041 4.9309243857860592 3.8977020755410194 11.597402438521387 6.0137739554047593 5.8722017407417271 9.4108884185552579 1.8806645646691302 2.5308016464114189
leaf_count=33 11 17 21 39 24 22 34 14 35
internal_value=-0.0003041 -0.00452165 -0.0256059 0.00156568 -0.00918131 -0.0188451 0.0101685 -0.0396306 -0.036133
internal_weight=56.3512 48.7458 10.9206 37.8252 16.8169 11.886 21.0083 7.02295 4.41147
internal_count=250 217 81 136 63 46 73 60 49
is_linear=0
shrinkage=0.05


Tree=111
num_leaves=8
num_cat=0
split_feature=21 29 13 34 23 25 24
split_gain=2.20276 2.40311 2.66931 2.06673 1.75909 1.54048 0.687643
threshold=0.0040191788948173999 -0.0093031486362166165 41.010789158825688 -1.7013176757177961 0.0066468461892038597 -0.0029433312413856823 0.0054390614194738127
decision_type=2 2 2 2 2 2 2
left_child=1 -1 3 -3 5 -4 -5
right_child=-2 2 4 6 -6 -7 -8
leaf_value=0.033318731673589577 0.032067997348599969 0.002333776744439707 0.016965656474649985 -0.046318521759723313 0.028494991664460179 -0.010723231744804496 -0.019900941256531426
leaf_weight=4.069914534687995 4.7485887408256522 5.1495709493756285 6.780043080449107 6.526250943541525 5.1212027892470351 19.386273905634884 3.9567552506923676
leaf_count=18 31 22 26 31 23 81 18
internal_value=-0.000503356 -0.00353666 -0.00673354 -0.0236053 0.0016963 -0.00354867 -0.0363473
internal_weight=55.7386 50.99 46.9201 15.6326 31.2875 26.1663 10.483
internal_count=250 219 201 71 130 107 49
is_linear=0
shrinkage=0.05


Tree=112
num_leaves=8
num_cat=0
split_feature=23 29 27 15 23 33 13
split_gain=1.69273 1.56516 1.73574 1.95669 3.52397 2.75156 0.00231234
threshold=0.0082086458205183916 0.0080479003464957195 -0.0290949916291201 0.009206977182814784 0.0029060253165701382 0.97500000000000009 36.17952356018008
decision_type=2 2 2 2 2 2 2
left_child=1 2 -1 4 -4 -5 -2
right_child=6 -3 3 5 -6 -7 -8
leaf_value=0.040034368125092201 -0.037964009058597648 -0.023518685730371927 0.0007668033067667287 -0.024172323034078253 0.05669056227915327 0.032432708022204347 -0.034994331259255156
leaf_weight=3.7782942950725582 1.0385397784411901 4.419499695301055 9.9966108985245246 9.2314943075180036 3.9221858270466319 2.7974690645933142 1.7772629186511038
leaf_count=12 8 32 55 78 17 13 35
internal_value=0.00117146 0.00424418 0.00837181 0.00376137 0.0165256 -0.0110082 -0.0360896
internal_weight=36.9614 34.1456 29.7261 25.9478 13.9188 12.029 2.8158
internal_count=250 207 175 163 72 91 43
is_linear=0
shrinkage=0.05


Tree=113
num_leaves=10
num_cat=0
split_feature=21 16 28 28 6 21 28 0 29
split_gain=2.4529 3.07635 1.56309 1.70149 2.12141 1.46447 1.03975 0.435527 0.00692296
threshold=0.0024370343170753155 0.0098218307969629142 -0.017113539039669608 0.0080418620390485546 0.9407249070714151 -0.0012136963179997793 -0.01564290556059 -0.00028150837613849505 -0.00044096668390419808
decision_type=2 2 2 2 2 2 2 2 2
left_child=1 2 5 7 -5 -1 -2 -4 -8
right_child=6 -3 3 4 -6 -7 8 -9 -10
leaf_value=-0.030283901604749322 0.0029131126999781065 0.040954968150459556 0.0120601617283563 0.020897053969834996 -0.016800365037398689 -0.00010983693809593707 -0.035562171805184083 0.032920984107022884 -0.039109023951963827
leaf_weight=6.7560328245162991 2.2030977420508862 5.0321269035339347 4.6176710575819016 5.9218408912420299 10.092183776199816 9.9336054436862451 2.3914887048304081 5.4610181078314799 3.239221639931201
leaf_count=23 14 23 20 22 40 38 31 20 19
internal_value=-0.000273905 0.00397514 -0.000374489 0.00726903 -0.0028602 -0.0123244 -0.0262084 0.0233634 -0.0376026
internal_weight=55.6483 47.8145 42.7824 26.0927 16.014 16.6896 7.83381 10.0787 5.63071
internal_count=250 186 163 102 62 61 64 40 50
is_linear=0
shrinkage=0.05


Tree=114
num_leaves=9
num_cat=0
split_feature=29 32 32 13 25 29 5 22
split_gain=2.05158 2.22278 2.40513 2.69019 1.73072 1.42779 1.36759 1.17728
threshold=-0.0028343717650526341 -0.39292547838884201 -0.18332467089323864 47.707756716730138 0.0077943764213005426 0.0027171793287790185 0.0059881343319951172 0.0012587613250992782
decision_type=2 2 2 2 2 2 2 2
left_child=4 -2 -3 6 7 -5 -4 -1
right_child=1 2 3 5 -6 -7 -8 -9
leaf_value=0.0083142950966783886 -0.039197105932632599 0.023551644307437468 -0.033740054558030155 0.021641405260772115 -0.01143675855468558 -0.010344597176832511 -0.0024410739506542712 0.043446082838206536
leaf_weight=4.3072114512324315 4.5050640106201163 7.3725975379347757 10.025519631803041 7.8255439996719343 3.9755773544311515 6.2956494837999344 5.3538738563656798 5.3423497751355171
leaf_count=18 21 30 49 28 15 28 25 36
internal_value=-0.000501819 -0.00604302 -0.00199235 -0.00837614 0.0163263 0.00738109 -0.0228443 0.0277645
internal_weight=55.0034 41.3782 36.8732 29.5006 13.6251 14.1212 15.3794 9.64956
internal_count=250 181 160 130 69 56 74 54
is_linear=0
shrinkage=0.05


Tree=115
num_leaves=9
num_cat=0
split_feature=16 17 5 30 34 31 13 21
split_gain=1.61113 1.45509 1.5782 1.49311 1.98517 1.36656 0.000200442 4.02076e-05
threshold=0.009076380764858543 -3.9877528213727841e-05 0.0055442066047449818 0.0093424494496364714 -0.685401778333529 -0.11301076866706793 36.17952356018008 0.0025336981609509483
decision_type=2 2 2 2 2 2 2 2
left_child=1 2 5 4 -3 -1 -2 -8
right_child=6 3 -4 -5 -6 -7 7 -9
leaf_value=0.020567513497181403 -0.03533995336698708 -9.8080030250548753e-05 -0.037353940105152139 -0.0079662819521868385 0.037977341823254657 -0.016121084631481368 -0.034667387664554648 -0.034197790328041551
leaf_weight=4.9034740701317778 1.0160981509834521 5.9684939645230761 3.4993920978158704 6.0616125725209704 8.0278143323957938 5.2615076117217532 1.0680057946592567 0.79522309824824322
leaf_count=26 16 27 33 39 32 32 21 24
internal_value=0.00112529 0.00419058 -0.008393 0.0127631 0.0217407 0.00157709 -0.034775 -0.034467
internal_weight=36.6016 33.7223 13.6644 20.0579 13.9963 10.165 2.87933 1.86323
internal_count=250 189 91 98 59 58 61 45
is_linear=0
shrinkage=0.05


Tree=116
num_leaves=10
num_cat=0
split_feature=21 21 23 7 9 34 30 24 1
split_gain=2.36735 1.51094 1.81185 2.55196 1.854 1.74279 1.36067 0.947465 0.307823
threshold=-0.0024933130898751039 0.0029554208860244073 -0.0027669954116248392 0.58347238004207613 0.58908429741859447 0.23270827570343719 0.0090850312336174816 0.0021640454513893741 0.0053831759815553557
decision_type=2 2 2 2 2 2 2 2 2
left_child=6 2 4 7 -2 -5 -1 -4 -3
right_child=1 8 3 5 -6 -7 -8 -9 -10
leaf_value=0.0067843626563178997 -0.0002086486173574566 -0.037954768997733 -0.025376036312386725 0.043810870602412968 -0.037639316480390678 0.0052531102652720414 0.041040624054922648 0.003810735580070744 -0.01358174270655637
leaf_weight=8.4573495686054212 7.4587269276380486 3.8283389285206786 5.6002409085631424 5.2911603748798353 5.9450993090867996 6.56906458735466 4.4104615449905387 5.5225164629518986 1.9580189809203146
leaf_count=33 30 36 21 18 25 28 21 22 16
internal_value=-0.000246828 -0.00597469 -0.00220064 0.00631995 -0.0168106 0.0224547 0.0185257 -0.0108846 -0.0297073
internal_weight=55.041 42.1732 36.3868 22.983 13.4038 11.8602 12.8678 11.1228 5.78636
internal_count=250 196 144 89 55 46 54 43 52
is_linear=0
shrinkage=0.05


Tree=117
num_leaves=9
num_cat=0
split_feature=21 29 13 34 11 33 24 24
split_gain=1.96268 2.21794 2.47128 2.00793 1.63345 2.3219 1.03162 0.649044
threshold=0.0040191788948173999 -0.0093031486362166165 41.010789158825688 -1.7623850374628771 0.58862415075302132 0.33500000000000008 -1.0000000180025095e-35 0.0054390614194738127
decision_type=2 2 2 2 2 2 2 2
left_child=1 -1 3 -3 5 -4 -6 -5
right_child=-2 2 4 7 6 -7 -8 -9
leaf_value=0.032493098322983055 0.031409695729823682 0.0032399535664493066 0.015731888567857514 -0.04540504124930566 0.0038137224280077745 -0.020098627307004496 0.034419107958955308 -0.019443545145483934
leaf_weight=3.9833729043602935 4.435748226940631 4.9469933435320845 7.1255766153335633 6.349444702267645 6.4267217293381691 12.371830098330973 4.8171463459730131 3.8776903003454208
leaf_count=18 31 21 28 32 27 56 19 18
internal_value=-0.00046294 -0.00329626 -0.00640115 -0.0229117 0.00174858 -0.00700391 0.0169258 -0.0355616
internal_weight=54.3345 49.8988 45.9154 15.1741 30.7413 19.4974 11.2439 10.2271
internal_count=250 219 201 71 130 84 46 50
is_linear=0
shrinkage=0.05


Tree=118
num_leaves=8
num_cat=0
split_feature=23 29 27 15 23 33 13
split_gain=1.57143 1.43818 1.57228 1.81541 3.20922 2.45185 0.00205198
threshold=0.0082086458205183916 0.0080479003464957195 -0.0290949916291201 0.009206977182814784 0.0029060253165701382 0.97500000000000009 36.17952356018008
decision_type=2 2 2 2 2 2 2
left_child=1 2 -1 4 -4 -5 -2
right_child=6 -3 3 5 -6 -7 -8
leaf_value=0.038326512077206588 -0.03779155648038824 -0.02298194780015363 0.00060292323881255675 -0.023765282649737235 0.053843132965947227 0.029811943520051811 -0.034919728786324884
leaf_weight=3.7241710275411632 0.99940877407789175 4.3032873198389998 9.9222962111234683 8.9147994089871627 3.9601691737771025 2.8079717978835097 1.6471735537052152
leaf_count=12 8 32 55 78 17 13 35
internal_value=0.00109173 0.00401084 0.00797129 0.00355625 0.0157904 -0.0109319 -0.0360042
internal_weight=36.2793 33.6327 29.3294 25.6052 13.8825 11.7228 2.64658
internal_count=250 207 175 163 72 91 43
is_linear=0
shrinkage=0.05


Tree=119
num_leaves=9
num_cat=0
split_feature=21 29 1 16 11 33 21 21
split_gain=2.24889 2.20303 1.49744 1.33974 2.08597 1.86277 0.0488179 0.00187431
threshold=-0.0035448987863623822 -0.00081754060861255462 0.0066522696785845667 0.0046617050402747275 0.59232789933681496 0.34500000000000003 -0.0007087950948867493 0.0019773403340929145
decision_type=2 2 2 2 2 2 2 2
left_child=-1 2 6 -3 5 -5 -2 -8
right_child=1 3 -4 4 -6 -7 7 -9
leaf_value=0.025773624893480142 -0.044996615428840869 -0.016582153099099144 0.00024907957635589495 -0.0026706154685174396 -0.01516056260073655 0.027574439052041662 -0.037140498647197186 -0.034998319696325692
leaf_weight=7.1957267075777045 2.3823966085910797 8.0472100973129255 3.7922736033797264 8.8042432665824943 8.0368107855319959 12.070052236318586 1.9145357981324176 2.1881349161267281
leaf_count=33 10 28 21 33 32 43 15 35
internal_value=-0.000265538 -0.00423226 -0.024709 0.0014619 0.00648435 0.0148178 -0.0393038 -0.035998
internal_weight=54.4314 47.2357 10.2773 36.9583 28.9111 20.8743 6.48507 4.10267
internal_count=250 217 81 136 108 76 60 50
is_linear=0
shrinkage=0.05


Tree=120
num_leaves=9
num_cat=0
split_feature=21 13 34 23 3 23 10 6
split_gain=1.85037 1.63322 1.95001 2.45112 1.6549 2.13784 1.05381 0.547948
threshold=0.0040191788948173999 47.707756716730138 -1.5200885470993741 -0.0027669954116248392 0.023103940251078651 0.00095428468312486203 0.0060325848086182155 1.0410005789012093
decision_type=2 2 2 2 2 2 2 2
left_child=1 2 -1 -4 5 6 -3 -5
right_child=-2 4 3 7 -6 -7 -8 -9
leaf_value=0.0080477328869099588 0.031033141454826142 0.018346499216686095 -0.00046195222797559219 -0.047961464681965514 -0.013485848673007906 0.037381689256329211 -0.014926933977938126 -0.023889322244495144
leaf_weight=8.3621401488780993 4.29144562780857 4.384079642593866 7.837678641080859 5.7219584584236127 7.2251708656549445 6.5282688662409774 5.2045582383871078 4.0282932221889496
leaf_count=36 31 18 39 27 29 30 23 17
internal_value=-0.000456659 -0.00319821 -0.0118301 -0.0212809 0.00639808 0.015312 0.000286215 -0.0380161
internal_weight=53.5836 49.2921 25.9501 17.5879 23.3421 16.1169 9.58864 9.75025
internal_count=250 219 119 83 100 71 41 44
is_linear=0
shrinkage=0.05


Tree=121
num_leaves=10
num_cat=0
split_feature=23 16 24 24 7 6 16 16 13
split_gain=1.50317 1.38826 1.29188 1.83734 2.31255 0.987426 0.982746 0.0042878 0.00192262
threshold=0.0082086458205183916 0.0080916097938561107 0.011384922219943474 -0.0046630972275966678 0.57939743101596852 1.1323052905123754 0.0050649271766342544 0.009076380764858543 36.17952356018008
decision_type=2 2 2 2 2 2 2 2 2
left_child=1 2 3 4 -1 7 -5 -3 -2
right_child=8 5 -4 6 -6 -7 -8 -9 -10
leaf_value=0.040697886595743464 -0.037679635987607846 -0.0386322602105304 0.028671578827368968 0.0054085582373413722 -0.0011154057228526565 0.015561239638663713 -0.030393829483728443 -0.03495013797798404 -0.034855441653186096
leaf_weight=4.9930948540568378 0.97556300461292211 1.3584905304014676 5.9507533125579348 3.1147219911217707 9.7909855730831605 1.2661337889730928 4.9832937754690647 1.8914676476269958 1.5763671696186063
leaf_count=17 8 13 29 16 48 12 36 36 35
internal_value=0.00105011 0.0038803 0.0079177 0.00252041 0.0130064 -0.0218964 -0.0166232 -0.0364893 -0.0359351
internal_weight=35.9009 33.3489 28.8328 22.8821 14.7841 4.51609 8.09802 3.24996 2.55193
internal_count=250 207 146 117 65 61 52 49 43
is_linear=0
shrinkage=0.05


Tree=122
num_leaves=10
num_cat=0
split_feature=21 16 28 29 28 3 6 30 19
split_gain=2.12581 1.86679 2.03346 2.0816 1.86979 2.06935 1.53936 1.35648 0.140967
threshold=0.00040390760757880178 0.0093785322609964625 -0.017113539039669608 0.0020926648787336082 0.0080418620390485546 -0.0013617523911488292 0.87745184370244245 0.0011659223562741074 0.0035640261177041226
decision_type=2 2 2 2 2 2 2 2 2
left_child=1 2 3 -1 -4 -6 -2 -8 -9
right_child=6 -3 4 -5 5 -7 7 8 -10
leaf_value=-0.036868446653808604 0.0083081885141790632 0.034308080184125844 0.033542353973813478 0.0057619814156845001 -0.019070781055946229 0.024048720568486406 -0.0036967348453144154 -0.041690831647012143 -0.028131290252935773
leaf_weight=5.3990790694952029 5.5896497704088715 5.3343233764171591 6.7179552316665676 6.0973676145076752 6.2229846045374888 5.032656461000439 5.4321497865021211 4.6774232164025307 3.2475903704762459
leaf_count=20 27 26 26 21 22 20 37 24 27
internal_value=-0.000246143 0.00709036 0.00216372 -0.0142586 0.0126679 0.000208942 -0.0137229 -0.0229424 -0.0361343
internal_weight=53.7512 34.8044 29.47 11.4964 17.9736 11.2556 18.9468 13.3572 7.92501
internal_count=250 135 109 41 68 42 115 88 51
is_linear=0
shrinkage=0.05


Tree=123
num_leaves=9
num_cat=0
split_feature=29 32 32 13 25 24 5 22
split_gain=1.7894 2.00396 2.21756 2.40986 1.60806 1.34386 1.30282 1.08043
threshold=-0.0028343717650526341 -0.39292547838884201 -0.18332467089323864 47.707756716730138 0.0077943764213005426 -1.0000000180025095e-35 0.0059881343319951172 0.0012587613250992782
decision_type=2 2 2 2 2 2 2 2
left_child=4 -2 -3 6 7 -5 -4 -1
right_child=1 2 3 5 -6 -7 -8 -9
leaf_value=0.0085167656122922923 -0.038127873224056114 0.022965581922897847 -0.032963040001456945 -0.0091100825677179805 -0.011347430404864377 0.022275860549372958 -0.0018504401479965096 0.043030980404733715
leaf_weight=4.2052009776234609 4.2529711946845046 7.2029723897576288 9.6146849617362076 6.621945396065712 3.8663960322737685 7.0326099246740323 5.1762236580252639 4.9207845814526081
leaf_count=18 21 30 49 26 15 30 25 36
internal_value=-0.000439099 -0.00568684 -0.00181652 -0.00809185 0.0156774 0.00705486 -0.0220749 0.027127
internal_weight=52.8938 39.9014 35.6484 28.4455 12.9924 13.6546 14.7909 9.12599
internal_count=250 181 160 130 69 56 74 54
is_linear=0
shrinkage=0.05


Tree=124
num_leaves=9
num_cat=0
split_feature=16 17 5 8 23 31 13 21
split_gain=1.4116 1.2963 1.4699 1.28017 1.76723 1.25452 0.000177411 3.00185e-05
threshold=0.009076380764858543 -3.9877528213727841e-05 0.0055442066047449818 0.0021063073551174129 0.0013613179649126785 -0.11301076866706793 36.17952356018008 0.0020484144885183357
decision_type=2 2 2 2 2 2 2 2
left_child=1 2 5 4 -3 -1 -2 -8
right_child=6 3 -4 -5 -6 -7 7 -9
leaf_value=0.019438109431021661 -0.035216231249783729 0.031042817354838909 -0.037180286917157961 -0.0089475376374376671 -0.0074373533785106125 -0.016049712271808673 -0.034544003839328832 -0.034114188785266369
leaf_weight=4.8670489564537993 0.93107143044471685 10.116740800440313 3.3091130312532178 5.3583172298967829 4.2318135537207118 5.0997328199446192 0.91157487593591191 0.73276533372700214
leaf_count=26 16 39 33 35 24 32 20 25
internal_value=0.000986613 0.0037704 -0.00830654 0.0119062 0.0196939 0.00127995 -0.0346647 -0.0343525
internal_weight=35.5582 32.9828 13.2759 19.7069 14.3486 9.96678 2.57541 1.64434
internal_count=250 189 91 98 63 58 61 45
is_linear=0
shrinkage=0.05


Tree=125
num_leaves=9
num_cat=0
split_feature=21 29 1 16 11 33 21 21
split_gain=2.04389 2.03244 1.45685 1.19625 1.90299 1.70013 0.0408805 0.00176724
threshold=-0.0035448987863623822 -0.00081754060861255462 0.0066522696785845667 0.0046617050402747275 0.59232789933681496 0.34500000000000003 -0.0007087950948867493 0.0019773403340929145
decision_type=2 2 2 2 2 2 2 2
left_child=-1 2 6 -3 5 -5 -2 -8
right_child=1 3 -4 4 -6 -7 7 -9
leaf_value=0.025079812783889689 -0.044312137306300257 -0.01573178079407812 0.00055494338243311135 -0.0025655651368830783 -0.014679008429838429 0.026611930422806646 -0.037006680473596773 -0.034869518990547001
leaf_weight=6.937237173318862 2.2928073331713676 7.9096582233905783 3.7322762161493301 8.6432230621576362 7.8426005169749251 11.820429936051367 1.8510112464427932 2.0260804407298565
leaf_count=33 10 28 21 33 32 43 15 35
internal_value=-0.000223475 -0.00402968 -0.0241034 0.00145889 0.00626251 0.0142882 -0.0390197 -0.0358898
internal_weight=53.0553 46.1181 9.90218 36.2159 28.3063 20.4637 6.1699 3.87709
internal_count=250 217 81 136 108 76 60 50
is_linear=0
shrinkage=0.05


Tree=126
num_leaves=6
num_cat=0
split_feature=21 23 32 32 13
split_gain=1.69027 1.57846 1.74699 2.6124 3.23986
threshold=0.0040191788948173999 -0.013562418320805845 -0.39292547838884201 -0.17635915896994986 47.707756716730138
decision_type=2 2 2 2 2
left_child=1 -1 -3 -4 -5
right_child=-2 2 3 4 -6
leaf_value=0.023407951131003198 0.030525786262984345 -0.036295156116262245 0.021633133154951363 -0.025745412918363766 0.0069921340776681572
leaf_weight=5.0491671264171591 4.0669226348400107 4.3214712291955939 8.54394488036632 15.398176856338983 14.841804444789885
leaf_count=21 31 22 36 76 64
internal_value=-0.000427717 -0.00304191 -0.00614013 -0.00278013 -0.0096778
internal_weight=52.2215 48.1546 43.1054 38.7839 30.24
internal_count=250 219 198 176 140
is_linear=0
shrinkage=0.05


Tree=127
num_leaves=11
num_cat=0
split_feature=16 32 29 17 32 31 19 6 5 15
split_gain=1.34866 1.33608 1.30783 1.11496 1.80613 1.25677 0.991804 0.94386 0.00455815 0.000345189
threshold=0.0080916097938561107 0.065285399631770422 0.0040863722802544364 1.1975943700534599e-05 -0.034935575588706448 -0.05759238185499535 -0.010052360297814309 1.1398804882445359 0.0066991878102005123 0.0090844150950784436
decision_type=2 2 2 2 2 2 2 2 2 2
left_child=1 3 -3 4 5 -1 -5 8 9 -2
right_child=7 2 -4 6 -6 -7 -8 -9 -10 -11
leaf_value=0.0065535626884361117 -0.035544277722951531 0.0022572283205829261 -0.040853536768832327 0.041160992939581358 0.031676418351179139 -0.030949256199243543 0.0096365655295813576 0.014137767974045524 -0.038890901942714912 -0.034405327355599896
leaf_weight=4.8289804458618173 1.2725006788969038 4.9429340735077849 2.7313195876777172 4.4186657294631004 3.4696300923824337 4.1569860130548486 5.7310540489852411 1.2581173647195099 1.0114503409713504 1.3940535821020601
leaf_count=28 19 35 19 17 17 26 26 13 13 37
internal_value=0.000989111 0.00493978 -0.0130862 0.0110594 0.00103543 -0.0107956 0.0233607 -0.0232454 -0.0360329 -0.0349488
internal_weight=35.2157 30.2796 7.67425 22.6053 12.4556 8.98597 10.1497 4.93612 3.678 2.66655
internal_count=250 168 54 114 71 54 43 82 69 56
is_linear=0
shrinkage=0.05


Tree=128
num_leaves=9
num_cat=0
split_feature=21 29 1 16 11 21 21 21
split_gain=1.92862 1.88758 1.42324 1.11162 1.68799 1.4615 0.0366224 0.0014866
threshold=-0.0035448987863623822 -0.00081754060861255462 0.0066522696785845667 0.004583219894230905 0.59232789933681496 0.0010274306455388962 -0.0007087950948867493 0.0019773403340929145
decision_type=2 2 2 2 2 2 2 2
left_child=-1 2 6 -3 5 -5 -2 -8
right_child=1 3 -4 4 -6 -7 7 -9
leaf_value=0.024591957391069535 -0.043868673715729743 -0.016847510446895402 0.00065560676095163036 0.021710124865718536 -0.014348527275830112 -0.006411474492899371 -0.036807278522603591 -0.034795606375414269
leaf_weight=6.8054937198758116 2.2381848320364952 6.8244831487536421 3.7158077768981457 14.630414441227918 7.7960898727178565 6.7526205927133551 1.7606699615716919 1.9196950420737264
leaf_count=33 10 25 21 51 32 28 15 35
internal_value=-0.000238279 -0.00394094 -0.0235981 0.0013192 0.00556807 0.0128295 -0.0388252 -0.035758
internal_weight=52.4435 45.638 9.63436 36.0036 29.1791 21.383 5.91855 3.68037
internal_count=250 217 81 136 111 79 60 50
is_linear=0
shrinkage=0.05


Tree=129
num_leaves=9
num_cat=0
split_feature=29 32 32 13 25 29 5 22
split_gain=1.59425 1.82611 1.94117 2.16514 1.52234 1.30951 1.27502 1.04906
threshold=-0.0028343717650526341 -0.39292547838884201 -0.18332467089323864 47.707756716730138 0.0077943764213005426 0.0027171793287790185 0.0059881343319951172 0.0012587613250992782
decision_type=2 2 2 2 2 2 2 2
left_child=4 -2 -3 6 7 -5 -4 -1
right_child=1 2 3 5 -6 -7 -8 -9
leaf_value=0.0082658602986500837 -0.037041022512635642 0.02153450067676866 -0.032202796919436137 0.020619550035611944 -0.01138894180961729 -0.010744625612277075 -0.0009621661695795741 0.042912862411705388
leaf_weight=4.1461181193590146 4.0856325179338446 7.1437071859836534 9.2900973930954986 7.4967667907476407 3.7941076084971419 5.9847617819905281 5.0366967841982833 4.6185162849724293
leaf_count=18 21 30 49 28 15 28 25 36
internal_value=-0.000426058 -0.00541111 -0.00171381 -0.00768609 0.0150695 0.00669627 -0.0212199 0.0265231
internal_weight=51.5964 39.0377 34.952 27.8083 12.5587 13.4815 14.3268 8.76463
internal_count=250 181 160 130 69 56 74 54
is_linear=0
shrinkage=0.05


Tree=130
num_leaves=10
num_cat=0
split_feature=31 17 31 21 0 34 7 23 10
split_gain=1.28405 1.38879 1.54302 1.88333 1.32325 2.28339 1.29299 0.815852 0.112895
threshold=0.19302244266424434 -3.9877528213727841e-05 0.085103491175313031 -0.0015171906031645752 -0.0016957237943864276 -1.043055064384226 0.57869566082954416 0.0032019432039001043 -0.0058181766365439118
decision_type=2 2 2 2 2 2 2 2 2
left_child=1 4 3 -3 8 -6 -5 -7 -1
right_child=-2 2 -4 6 5 7 -8 -9 -10
leaf_value=-0.037454726440967492 -0.028343844987977491 -0.036419137686648645 0.034838871636027918 0.033626419495736581 0.031516071605399473 -0.038175443996129856 -0.0022592137070320496 0.003074202811741865 -0.021325247598598877
leaf_weight=2.5309221353381872 3.3741221986711016 2.410497801378372 5.6142775043845168 4.296517061069606 3.8949684575200072 2.7018876671791103 6.0371210593730211 2.1545917205512524 1.8987352401018132
leaf_count=24 31 32 25 19 15 23 40 20 21
internal_value=0.000972531 0.00410882 0.0129992 0.00337795 -0.00827351 0.00299745 0.0126613 -0.0198749 -0.030541
internal_weight=34.9136 31.5395 18.3584 12.7441 13.1811 8.75145 10.3336 4.85648 4.42966
internal_count=250 219 116 91 103 58 59 43 45
is_linear=0
shrinkage=0.05


Tree=131
num_leaves=9
num_cat=0
split_feature=21 16 27 13 0 31 28 29
split_gain=1.83181 2.30415 1.38126 2.07782 2.05032 1.92394 1.26297 0.00548493
threshold=0.0024370343170753155 0.0095655237027620858 0.0063316902180607934 50.05474669062675 -0.0003992982303850367 0.026211569718927911 -0.022465270449632865 -0.0010543446260813381
decision_type=2 2 2 2 2 2 2 2
left_child=1 2 3 5 -4 -1 -2 -8
right_child=6 -3 4 -5 -6 -7 7 -9
leaf_value=0.018126809728940301 0.012282875749061738 0.034634090624234282 0.033365114652791579 -0.026715843021067966 -0.0079667133200508385 -0.013791478125814272 -0.034837429485094024 -0.038319066041703521
leaf_weight=9.6927273720502907 1.7388398274779318 5.2250458449125281 6.2373848482966423 8.9046144336462003 5.7818672917783243 9.2046483829617483 1.7139580845832822 3.3270938023924819
leaf_count=38 11 26 25 38 27 32 31 22
internal_value=-0.000230994 0.00341585 -0.00068037 -0.00680317 0.0134824 0.00257986 -0.024461 -0.0371353
internal_weight=51.8262 45.0463 39.8212 27.802 12.0193 18.8974 6.77989 5.04105
internal_count=250 186 160 108 52 70 64 53
is_linear=0
shrinkage=0.05


Tree=132
num_leaves=10
num_cat=0
split_feature=29 13 22 23 0 23 21 31 25
split_gain=1.88935 1.61705 1.83471 1.70543 1.258 1.63081 1.47854 0.783543 0.0685897
threshold=-0.0093031486362166165 41.010789158825688 0.0069243357368832257 0.0080036353042441961 -0.00087476773741740333 -0.0037387814530928649 0.00020139240034111608 0.10259464852219044 0.0070718421844901966
decision_type=2 2 2 2 2 2 2 2 2
left_child=-1 2 7 4 6 -6 -3 8 -2
right_child=1 3 -4 -5 5 -7 -8 -9 -10
leaf_value=0.03195989114622988 -0.033794999429734983 -0.0046187409128249845 0.0084745220019772499 0.03085165625972568 0.011589868015328728 -0.023687231974077801 0.030770131024917213 -0.0098634090410213357 -0.04388840741447219
leaf_weight=4.1388790197670451 3.5285620763897878 7.0501257404685038 4.94875494390726 4.7395617924630633 4.9817838370800009 9.5685876905918139 5.076892513781786 3.6545182168483734 3.218311183154583
leaf_count=24 22 32 22 27 24 41 23 17 18
internal_value=-0.000419631 -0.00328521 -0.0165863 0.00321362 -0.00169661 -0.011609 0.0101966 -0.0285097 -0.0386096
internal_weight=50.906 46.7671 15.3501 31.417 26.6774 14.5504 12.127 10.4014 6.74687
internal_count=250 226 79 147 120 65 55 57 40
is_linear=0
shrinkage=0.05


Tree=133
num_leaves=10
num_cat=0
split_feature=32 32 16 29 17 29 23 11 16
split_gain=1.24753 1.53684 2.58335 1.75286 1.60368 1.31198 2.2425 0.26231 0.00627272
threshold=0.065285399631770422 -0.034935575588706448 0.0072847571243107858 -1.0000000180025095e-35 1.1975943700534599e-05 0.0040863722802544364 -0.0023865193985180828 0.57425519287586224 0.0082663386996949355
decision_type=2 2 2 2 2 2 2 2 2
left_child=1 2 3 -1 -5 6 -2 -4 -9
right_child=5 -3 7 4 -6 -7 -8 8 -10
leaf_value=-0.017492398723270495 0.031704679214477699 0.025775320916137202 -0.011522084322771773 0.0012418017851175949 0.043795540011981271 -0.040148217797900614 -0.030315149949751666 -0.038758137941140393 -0.034727347418965007
leaf_weight=3.7749475613236454 2.7933535780757666 7.4457869566977051 1.3507339321076859 4.2923331297934038 4.572621364146471 3.2861434295773506 3.0477631418034417 2.2729115858674054 1.6775872744619844
leaf_count=26 15 39 10 22 18 29 38 15 38
internal_value=0.000979199 0.00667903 -0.00124616 0.011041 0.0231914 -0.0148745 -0.000655871 -0.0305429 -0.0370465
internal_weight=34.5142 25.3869 17.9411 12.6399 8.86495 9.12726 5.84112 5.30123 3.9505
internal_count=250 168 129 66 40 82 53 63 53
is_linear=0
shrinkage=0.05


Tree=134
num_leaves=10
num_cat=0
split_feature=22 21 29 28 28 5 28 29 29
split_gain=1.83152 2.03366 1.70277 2.17169 2.98031 2.71127 1.12759 0.00887258 0.00206372
threshold=-0.010224915326078053 0.0019773403340929145 0.0080479003464957195 -0.017113539039669608 0.0080418620390485546 0.0049326274992643653 -0.022465270449632865 0.0036902644695857583 -0.0010543446260813381
decision_type=2 2 2 2 2 2 2 2 2
left_child=-1 2 3 5 -5 -2 -3 8 -8
right_child=1 6 -4 4 -6 -7 7 -9 -10
leaf_value=0.032019182469366268 -0.050784682855684098 0.006354299951693153 0.023976316013657295 0.028772621924060972 -0.0091523033414484655 7.8205755560208177e-05 -0.034818394903082937 -0.039981566163025666 -0.037212848929146905
leaf_weight=4.0508715063333502 4.5750194489955849 1.9639831967651842 6.9908305779099456 8.5789296254515701 13.076049096882342 6.1314575374126434 1.9035673514008522 2.1946870684623718 1.7066407129168502
leaf_count=18 17 14 28 36 53 24 35 12 13
internal_value=-0.000242994 -0.00301648 0.00159877 -0.0032353 0.0058722 -0.0216562 -0.0263945 -0.0374744 -0.0359503
internal_weight=51.172 47.1212 39.3523 32.3615 21.655 10.7065 7.76888 5.8049 3.61021
internal_count=250 232 158 130 89 41 74 60 48
is_linear=0
shrinkage=0.05


Tree=135
num_leaves=9
num_cat=0
split_feature=29 13 34 11 33 0 16 6
split_gain=1.74424 1.53483 1.76093 1.67813 2.10347 1.3105 1.15938 0.977441
threshold=-0.0093031486362166165 41.010789158825688 -1.8115844303605255 0.58862415075302132 0.33500000000000008 0.003347319737125543 0.0082663386996949355 1.0052916316708818
decision_type=2 2 2 2 2 2 2 2
left_child=-1 2 -2 4 -3 -6 -4 -5
right_child=1 3 6 7 5 -7 -8 -9
leaf_value=0.030983773994887359 0.010261848017806406 0.015901434897459456 -0.039023520344354926 0.0012463341346169131 -0.031023219331230523 0.0027677969281412833 -0.004133668065199392 0.030433525268596107
leaf_weight=4.0590709894895545 4.415982447564601 7.0236849933862748 7.0764822363853437 4.9808457270264608 7.688237786293028 4.5777160413563251 3.5884711667895317 6.7635129168629646
leaf_count=24 20 30 37 25 36 23 22 33
internal_value=-0.000438733 -0.00320457 -0.0162899 0.00315423 -0.00591805 -0.0184122 -0.027284 0.0180551
internal_weight=50.174 46.1149 15.0809 31.034 19.2896 12.266 10.665 11.7444
internal_count=250 226 79 147 89 59 59 58
is_linear=0
shrinkage=0.05


Tree=136
num_leaves=9
num_cat=0
split_feature=32 32 16 30 29 23 11 16
split_gain=1.17148 1.39503 2.4433 1.69646 1.26055 2.09921 0.264441 0.00539463
threshold=0.065285399631770422 -0.034935575588706448 0.0072847571243107858 0.0085236415466097854 0.0040863722802544364 -0.0023865193985180828 0.57425519287586224 0.0082663386996949355
decision_type=2 2 2 2 2 2 2 2
left_child=1 2 3 -1 5 -2 -4 -8
right_child=4 -3 6 -5 -6 -7 7 -9
leaf_value=0.02426285437434126 0.03046765491777232 0.024611426947903567 -0.011025033764366993 -0.014174028170931208 -0.039909322772444127 -0.029943747619532491 -0.03850088306874503 -0.034695472887888337
leaf_weight=8.1462699845433253 2.7913606986403465 7.4648561142385033 1.3347924556583155 4.4327755514532319 3.1716200709342957 2.9659072412177903 2.1928798295557503 1.6188438106328247
leaf_count=38 15 39 10 28 29 38 15 38
internal_value=0.000963981 0.00647991 -0.0011559 0.0107179 -0.0145977 -0.000653811 -0.0301778 -0.0368847
internal_weight=34.1193 25.1904 17.7256 12.579 8.92889 5.75727 5.14652 3.81172
internal_count=250 168 129 66 82 53 63 53
is_linear=0
shrinkage=0.05


Tree=137
num_leaves=10
num_cat=0
split_feature=21 29 1 26 22 27 20 21 21
split_gain=1.72123 1.68877 1.34842 1.05923 1.27583 1.57999 1.38585 0.032592 0.0015123
threshold=-0.0035448987863623822 -0.00081754060861255462 0.0066522696785845667 -0.022232474653718356 -0.002301899024704845 -0.014249805898495336 -0.070710886075212739 -0.00090719209144074487 0.00075599596308284511
decision_type=2 2 2 2 2 2 2 2 2
left_child=-1 2 7 -3 6 -6 -5 -2 -9
right_child=1 3 -4 4 5 -7 -8 8 -10
leaf_value=0.023867338432404687 -0.043770725703639275 0.022265247005944525 0.00080502326354455443 -0.0065282792696127736 0.016033907151960927 -0.019380432673447974 0.026985209251199883 -0.037009840898848748 -0.034891933222956494
leaf_weight=6.4696786254644385 1.9160598069429395 5.1170959249138788 3.614838570356369 6.2727159708738327 4.1194997727870932 13.374951772391805 6.0695784538984281 1.3552723452448829 2.2293748930096626
leaf_count=33 8 21 21 24 15 56 20 11 41
internal_value=-0.000215227 -0.00375071 -0.0229172 0.00124769 -0.00235689 -0.0110413 0.00995267 -0.0385065 -0.0356927
internal_weight=50.5391 44.0694 9.11555 34.9538 29.8367 17.4945 12.3423 5.50071 3.58465
internal_count=250 217 81 136 115 71 44 60 52
is_linear=0
shrinkage=0.05


Tree=138
num_leaves=9
num_cat=0
split_feature=29 13 22 11 33 0 24 10
split_gain=1.63676 1.43374 1.68203 1.55865 1.9486 1.2452 0.929308 0.836822
threshold=-0.0093031486362166165 41.010789158825688 0.0069243357368832257 0.58862415075302132 0.33500000000000008 0.003347319737125543 -1.0000000180025095e-35 -0.012937004513058228
decision_type=2 2 2 2 2 2 2 2
left_child=-1 2 7 4 -3 -6 -5 -2
right_child=1 3 -4 6 5 -7 -8 -9
leaf_value=0.03037049145555339 -0.0075431319789229061 0.015305533992381657 0.0082789725171283739 0.0044267907469305668 -0.03028178342333401 0.0028241462767850415 0.032769291827044252 -0.037998158330857235
leaf_weight=3.9679304808378211 3.430823288857936 6.9817604720592561 4.861581038683652 6.2810430526733398 7.5688892304897291 4.5464525558054447 5.3604274913668615 6.5844582691788665
leaf_count=24 18 30 22 29 36 23 29 39
internal_value=-0.000430735 -0.00311003 -0.015852 0.00305682 -0.00573386 -0.0178583 0.0174774 -0.0275655
internal_weight=49.5834 45.6154 14.8769 30.7386 19.0971 12.1153 11.6415 10.0153
internal_count=250 226 79 147 89 59 58 57
is_linear=0
shrinkage=0.05


Tree=139
num_leaves=10
num_cat=0
split_feature=16 21 11 8 28 6 27 16 23
split_gain=1.13271 1.24414 1.10734 1.40492 1.50113 0.84143 0.00336868 0.000198204 2.99438e-05
threshold=0.0080916097938561107 -0.0024933130898751039 0.57304750800132764 0.0042405302340722409 0.012078625894855645 1.1398804882445359 -0.017033787620969462 0.0093785322609964625 0.0024291938876954693
decision_type=2 2 2 2 2 2 2 2 2
left_child=1 -1 -3 4 -4 6 -2 -8 -9
right_child=5 2 3 -5 -6 -7 7 8 -10
leaf_value=-0.025536604472852303 -0.038258614452661904 0.030790911982704561 -0.00018968201125805443 -0.02649012611260608 0.031431658109988325 0.013599290331402742 -0.035234941627730505 -0.034532484944123192 -0.034058468111729627
leaf_weight=3.0895007308572557 0.9314033975824717 4.4327554814517525 13.248510867357259 3.3350356966257086 5.236661870032548 1.1773230899125335 0.99425293877720777 0.68597485683858372 0.64777971059083939
leaf_count=28 13 20 65 30 25 13 15 16 25
internal_value=0.000915504 0.00447582 0.00800774 0.00337936 0.00876832 -0.0226308 -0.0357173 -0.0347006 -0.0343023
internal_weight=33.7792 29.3425 26.253 21.8202 18.4852 4.43673 3.25941 2.32801 1.33375
internal_count=250 168 140 120 90 82 69 56 41
is_linear=0
shrinkage=0.05


Tree=140
num_leaves=10
num_cat=0
split_feature=21 21 23 7 9 12 24 7 1
split_gain=1.67758 1.10595 1.48706 2.01654 1.42439 1.28664 1.09603 1.07906 0.32618
threshold=-0.0024933130898751039 0.0029554208860244073 -0.0037387814530928649 0.58347238004207613 0.58908429741859447 0.0010032262718952236 0.0021640454513893741 0.58049837648868574 0.0056033652467084591
decision_type=2 2 2 2 2 2 2 2 2
left_child=7 2 4 6 -2 -5 -4 -1 -3
right_child=1 8 3 5 -6 -7 -8 -9 -10
leaf_value=0.00061053715584074024 -0.00077039938160561382 -0.037302629139032976 -0.025301278125384481 0.04068788196507913 -0.036060519607389034 0.0064165766320408105 0.0063231580141792677 0.031401404641870349 -0.0094981312995924133
leaf_weight=5.4589967876672727 6.3872537352144665 3.1117832548916331 5.5823574550449901 4.5975357890129072 5.1767314523458481 6.7733452990651131 5.3805299699306488 5.9431275352835655 1.5956746339797971
leaf_count=22 28 37 22 17 23 31 23 32 15
internal_value=-0.000191325 -0.0051683 -0.00201457 0.00552109 -0.0165684 0.0202733 -0.00978016 0.0166597 -0.0278778
internal_weight=50.0073 38.6052 33.8978 22.3338 11.564 11.3709 10.9629 11.4021 4.70746
internal_count=250 196 144 93 51 48 45 54 52
is_linear=0
shrinkage=0.05


Tree=141
num_leaves=9
num_cat=0
split_feature=29 13 34 23 0 23 21 16
split_gain=1.55086 1.35116 1.62439 1.52923 1.11588 1.50727 1.31472 0.920385
threshold=-0.0093031486362166165 41.010789158825688 -1.8115844303605255 0.0080036353042441961 -0.00087476773741740333 -0.0037387814530928649 0.00020139240034111608 0.0080278989070882208
decision_type=2 2 2 2 2 2 2 2
left_child=-1 2 -2 4 6 -6 -3 -4
right_child=1 3 7 -5 5 -7 -8 -9
leaf_value=0.029821779232062445 0.010009922065593377 -0.0042852615883656126 -0.037921683600656772 0.02995226291750527 0.011491891391627053 -0.022795043096587631 0.029675728261695705 -0.0069208113784587737
leaf_weight=3.9114324003458014 4.3751784786581984 6.8977347314357775 6.4330305755138379 4.4865092560648909 4.8715491816401473 9.3715748861432093 4.85605289041996 3.8134918548166752
leaf_count=24 20 32 35 27 24 41 23 24
internal_value=-0.000379779 -0.0029988 -0.015494 0.00299465 -0.00165765 -0.0110679 0.00974565 -0.026384
internal_weight=49.0166 45.1051 14.6217 30.4834 25.9969 14.2431 11.7538 10.2465
internal_count=250 226 79 147 120 65 55 59
is_linear=0
shrinkage=0.05


Tree=142
num_leaves=10
num_cat=0
split_feature=31 8 7 16 25 19 16 26 26
split_gain=1.11929 1.25646 2.32125 1.93696 2.21978 1.60983 1.43358 0.803626 0.00382215
threshold=0.19302244266424434 0.0021063073551174129 0.57354857623577138 0.0046617050402747275 0.0018935690417275499 -1.0000000180025095e-35 0.0068488332342479539 -0.0077384855730128202 0.027481843181188629
decision_type=2 2 2 2 2 2 2 2 2
left_child=1 3 -3 -1 5 -5 -6 -4 -9
right_child=-2 2 7 4 6 -7 -8 8 -10
leaf_value=0.037367677177695943 -0.027577433972479682 0.030469813097402973 0.0019928560669937494 0.038034844269240455 -0.040090004441974393 -0.0053971985403356822 0.0033001536403780758 -0.036449159289343697 -0.039276010018575322
leaf_weight=5.0680294185876908 3.1391560696065417 2.3697135262191278 1.7302391417324541 4.9329292010515973 3.6917319744825354 3.7596065280958983 3.9301691688597202 2.6838530823588371 2.1565923951566219
leaf_count=20 31 11 19 26 25 34 30 33 21
internal_value=0.000843864 0.00378616 -0.011954 0.0103674 0.00197987 0.0192501 -0.0177162 -0.0272541 -0.0377086
internal_weight=33.462 30.3229 8.9404 21.3825 16.3144 8.69254 7.6219 6.57068 4.84045
internal_count=250 219 84 135 115 60 55 73 54
is_linear=0
shrinkage=0.05


Tree=143
num_leaves=10
num_cat=0
split_feature=22 21 16 28 12 21 28 29 29
split_gain=1.6524 1.77403 1.58729 1.72252 2.15587 1.14046 1.0806 0.00678688 0.00153827
threshold=-0.010224915326078053 0.0019773403340929145 0.0082663386996949355 -0.017113539039669608 0.0075950872541277938 -0.0007087950948867493 -0.022465270449632865 0.0036902644695857583 -0.0010543446260813381
decision_type=2 2 2 2 2 2 2 2 2
left_child=-1 2 3 5 -5 -2 -3 8 -8
right_child=1 6 -4 4 -6 -7 7 -9 -10
leaf_value=0.030732466334534678 -0.035958926882245473 0.0066747086944905845 0.022254356357857108 0.014849314062487629 -0.023985013806087946 -0.0042284110547670629 -0.034702045270446506 -0.039410066969889475 -0.036865064035606403
leaf_weight=3.9720025435090056 5.3085933849215508 1.9112475067377088 7.3679398074746123 14.768682748079305 4.7147017940878859 6.0695462077856046 1.7131886463612316 2.0396935343742371 1.5800404325127595
leaf_count=18 19 14 37 57 22 23 35 12 13
internal_value=-0.000194596 -0.00289599 0.00140299 -0.00357511 0.00545196 -0.0190326 -0.0255829 -0.0371436 -0.0357398
internal_weight=49.4456 45.4736 38.2295 30.8615 19.4834 11.3781 7.24417 5.33292 3.29323
internal_count=250 232 158 121 79 42 74 60 48
is_linear=0
shrinkage=0.05


Tree=144
num_leaves=10
num_cat=0
split_feature=29 28 11 5 25 22 27 13 0
split_gain=1.30809 2.73922 1.50187 1.90337 1.34069 0.882052 0.860589 0.818826 0.789481
threshold=-0.0028343717650526341 -0.096574303923250213 0.59254903197288533 0.0050460769897392897 0.0077943764213005426 0.0012587613250992782 0.01729013580678818 47.369598079750531 -0.0014861315654076666
decision_type=2 2 2 2 2 2 2 2 2
left_child=4 -2 3 7 5 -1 -5 -3 -4
right_child=1 2 8 6 -6 -7 -8 -9 -10
leaf_value=0.0086246943011451232 0.040592598719617429 -0.014494263812828598 0.022705482201404337 -0.038414135744501504 -0.011180824461549744 0.041772121681948687 -0.0097348565856113633 0.012550032410866434 -0.0053047120315094761
leaf_weight=3.9208309352397901 3.0230240374803534 5.6653517037630099 4.4582274854183197 8.5336222276091558 3.5849732384085646 4.1114530488848686 3.7719715386629096 5.5316610857844353 5.7734104469418508
leaf_count=18 12 31 23 47 15 36 17 23 28
internal_value=-0.000381078 -0.00500341 -0.0090894 -0.0160503 0.0142441 0.0255917 -0.0296232 -0.00113357 0.00690016
internal_weight=48.3745 36.7573 33.7342 23.5026 11.6173 8.03228 12.3056 11.197 10.2316
internal_count=250 181 169 118 69 54 64 54 51
is_linear=0
shrinkage=0.05


Tree=145
num_leaves=10
num_cat=0
split_feature=17 5 0 34 8 23 27 16 24
split_gain=1.08805 1.2749 1.23646 1.31061 1.08578 1.79864 1.57246 1.18802 0.00224693
threshold=-3.9877528213727841e-05 0.0055442066047449818 -0.0016957237943864276 -1.1903663078159104 0.0021063073551174129 0.0018205661624105531 -1.0000000180025095e-35 0.0060058424245078611 -0.0068616275588160849
decision_type=2 2 2 2 2 2 2 2 2
left_child=1 2 -1 -4 5 6 -2 -6 -3
right_child=4 8 3 -5 7 -7 -8 -9 -10
leaf_value=-0.028056766546175935 0.0073324351323401414 -0.037766274017633383 0.035395610714174318 -0.0082427792544823766 -0.039432692511720296 -0.014915745248003324 0.046045475120653219 0.0081329278620876598 -0.035207170601135804
leaf_weight=2.9982408219948402 5.4109118152409774 1.6889374665915968 2.9897957742214194 4.0530460681766272 2.159971732646226 3.5856351852416983 5.0909737851470744 3.3467144370079041 1.7428580820560444
leaf_count=31 27 13 11 32 16 32 22 33 33
internal_value=0.000780368 -0.0101574 -0.00116558 0.0102824 0.00830113 0.0156599 0.0260993 -0.0105245 -0.0364666
internal_weight=33.0671 13.4729 10.0411 7.04284 19.5942 14.0875 10.5019 5.50669 3.4318
internal_count=250 120 74 43 130 81 49 49 46
is_linear=0
shrinkage=0.05


Tree=146
num_leaves=9
num_cat=0
split_feature=21 29 1 16 16 33 21 21
split_gain=1.55208 1.57913 1.25149 0.980652 1.5629 1.72 0.0298934 0.00144273
threshold=-0.0035448987863623822 -0.00081754060861255462 0.0066522696785845667 0.004583219894230905 0.0048857480062729696 0.13500000000000004 -0.0011061820532373698 0.0019773403340929145
decision_type=2 2 2 2 2 2 2 2
left_child=-1 2 6 -3 -5 -6 -2 -8
right_child=1 3 -4 4 5 -7 7 -9
leaf_value=0.023276583544055908 -0.043728323035903488 -0.01619586718850121 0.00025686027543995045 0.035944402313619304 -0.025768319698090188 0.0075680499617819669 -0.036531938271918286 -0.034459552189236776
leaf_weight=6.1760122478008261 1.7135427147150037 6.468134105205535 3.5530146546661854 3.6431617587804821 4.8575794585049179 19.018030419945717 1.9495133832097038 1.4753895532339809
leaf_count=33 7 25 21 11 22 78 18 35
internal_value=-0.000150857 -0.00354106 -0.0225599 0.00132263 0.00544025 0.000785645 -0.0383367 -0.0356392
internal_weight=48.8544 42.6784 8.69146 33.9869 27.5188 23.8756 5.13845 3.4249
internal_count=250 217 81 136 111 100 60 53
is_linear=0
shrinkage=0.05


Tree=147
num_leaves=6
num_cat=0
split_feature=29 21 28 28 13
split_gain=1.4066 1.24017 1.77324 1.60233 1.39361
threshold=-0.0093031486362166165 0.00345933293059475 -0.096574303923250213 -0.063236538964490538 41.010789158825688
decision_type=2 2 2 2 2
left_child=-1 2 -2 -4 -5
right_child=1 -3 3 4 -6
leaf_value=0.028966117016814303 0.029627890447887995 0.022903743709946585 -0.045884151979759563 -0.020237365942675941 0.0013288464251649209
leaf_weight=3.7655186615884295 3.2767673283815375 4.2186785005033007 2.6934088543057433 11.199693605303763 22.620735608041286
leaf_count=24 13 32 12 62 107
internal_value=-0.000364165 -0.00287372 -0.0056067 -0.00876866 -0.00581284
internal_weight=47.7748 44.0093 39.7906 36.5138 33.8204
internal_count=250 226 194 181 169
is_linear=0
shrinkage=0.05


Tree=148
num_leaves=11
num_cat=0
split_feature=31 17 31 16 0 34 26 21 22 0
split_gain=1.05097 1.14395 1.27913 1.25679 1.12291 1.708 0.972147 0.78765 0.182977 0.125962
threshold=0.19302244266424434 -3.9877528213727841e-05 0.085103491175313031 0.007527931904726331 -0.0016957237943864276 -1.043055064384226 0.013580369033831642 0.0013112881169073944 -0.003337231720740907 -0.0053591569816925358
decision_type=2 2 2 2 2 2 2 2 2 2
left_child=1 4 3 6 9 -6 -3 -7 -5 -1
right_child=-2 2 -4 8 5 7 -8 -9 -10 -11
leaf_value=-0.018998688880173857 -0.027235196286380509 0.029568911524127189 0.032193640968070029 -0.01197336834893264 0.026653201400508766 -0.037483471953074658 -0.0033017409767447936 0.0046996165768980989 -0.037136563286535688 -0.037213152157576854
leaf_weight=1.5805678162723782 3.0348999099805942 4.2169311866164225 5.3762530582025638 1.3223087806254628 3.8847153261303893 2.4791082348674562 4.8207749128341675 1.9988577980548141 1.5925237601622928 2.3760742330923668
leaf_count=18 31 21 25 15 15 24 29 19 26 27
internal_value=0.000788889 0.00365755 0.0119386 0.00282783 -0.00799082 0.00239258 0.0120355 -0.0186539 -0.0257213 -0.029937
internal_weight=32.683 29.6481 17.3288 11.9525 12.3193 8.36268 9.03771 4.47797 2.91483 3.95664
internal_count=250 219 116 91 103 58 50 43 41 45
is_linear=0
shrinkage=0.05


Tree=149
num_leaves=10
num_cat=0
split_feature=22 21 16 28 12 21 28 29 29
split_gain=1.5009 1.65351 1.4841 1.60066 2.00586 1.09062 1.03412 0.00636904 0.00125116
threshold=-0.010224915326078053 0.0019773403340929145 0.0082663386996949355 -0.017113539039669608 0.0075950872541277938 -0.0007087950948867493 -0.022465270449632865 0.0036902644695857583 -0.0010543446260813381
decision_type=2 2 2 2 2 2 2 2 2
left_child=-1 2 3 5 -5 -2 -3 8 -8
right_child=1 6 -4 4 -6 -7 7 -9 -10
leaf_value=0.029561078487421524 -0.035238859243232633 0.0063077000311052957 0.021813541925935775 0.01441911836401843 -0.023446614234256802 -0.0039230701413667472 -0.03462062511347519 -0.039242533143949876 -0.036641847362543438
leaf_weight=3.9012819677591315 5.2054335922002792 1.8927658367902038 7.1748611517250529 14.529725670814519 4.6061513051390639 5.9676236622035486 1.5732223298400638 1.9800868406891821 1.4915267787873738
leaf_count=18 19 14 37 57 22 23 35 12 13
internal_value=-0.000173529 -0.00278495 0.00136516 -0.00347547 0.00530455 -0.0185128 -0.025208 -0.0370323 -0.0356043
internal_weight=48.3227 44.4214 37.4838 30.3089 19.1359 11.1731 6.9376 5.04484 3.06475
internal_count=250 232 158 121 79 42 74 60 48
is_linear=0
shrinkage=0.05


Tree=150
num_leaves=9
num_cat=0
split_feature=29 21 11 33 13 5 12 0
split_gain=1.32004 1.14905 1.48084 1.57852 1.19153 1.08189 1.56527 1.08064
threshold=-0.0093031486362166165 -0.0031355868358565737 0.58862415075302132 0.34500000000000003 47.369598079750531 0.006227197738881589 -0.0083100944941078975 0.0008872526791706693
decision_type=2 2 2 2 2 2 2 2
left_child=-1 -2 3 4 -3 6 -4 -5
right_child=1 2 5 7 -6 -7 -8 -9
leaf_value=0.028286259848762343 -0.027039400149165078 -0.0079025201101496634 -0.01436601313378108 -0.036170030300277649 0.024577898838176397 0.032013360961483064 0.023259882250190256 -0.0054414235639528349
leaf_weight=3.7049093246459952 4.3964572213590136 7.2840775996446627 5.8917664922773829 5.9186894521117193 4.6109788343310356 4.6508435904979697 5.2069227509200564 5.5383753515779972
leaf_count=24 34 34 31 27 21 24 27 28
internal_value=-0.000363735 -0.00280397 -7.90215e-05 -0.00806994 0.00468813 0.0117693 0.00328608 -0.0213157
internal_weight=47.203 43.4981 39.1017 23.3521 11.8951 15.7495 11.0987 11.4571
internal_count=250 226 192 110 55 82 58 55
is_linear=0
shrinkage=0.05


Tree=151
num_leaves=8
num_cat=0
split_feature=32 27 16 33 25 29 23
split_gain=1.00758 1.2094 1.25349 1.50674 1.73337 1.1142 1.7566
threshold=0.065285399631770422 -0.019696370333794063 0.004583219894230905 0.90500000000000014 -0.0011540621058457876 0.0040863722802544364 -0.0023865193985180828
decision_type=2 2 2 2 2 2 2
left_child=1 -1 -3 4 -4 6 -2
right_child=5 2 3 -5 -6 -7 -8
leaf_value=0.029665137531594263 0.028148835555193499 0.024869373297276565 0.0089561790651800696 0.028154509281547405 -0.028391330534914078 -0.039363694894056007 -0.029164967646118457
leaf_weight=4.3867545593529966 2.6447286885231733 4.2002100609242943 5.2739016218110928 2.683193512260913 7.5605633351951811 2.8877924177795649 2.7034567743539792
leaf_count=23 15 20 44 17 64 29 38
internal_value=0.000761873 0.0059206 0.000638007 -0.00592077 -0.0130446 -0.0143364 -0.000822746
internal_weight=32.3406 24.1046 19.7179 15.5177 12.8345 8.23598 5.34819
internal_count=250 168 145 125 108 82 53
is_linear=0
shrinkage=0.05


Tree=152
num_leaves=9
num_cat=0
split_feature=21 29 1 11 24 32 21 21
split_gain=1.45348 1.43663 1.20458 0.918938 1.59506 1.07336 0.0232863 0.00126515
threshold=-0.0035448987863623822 -0.00081754060861255462 0.0066522696785845667 0.59232789933681496 0.0049925094112200927 -0.047370031298058009 -0.00090719209144074487 0.0019773403340929145
decision_type=2 2 2 2 2 2 2 2
left_child=-1 2 6 4 5 -3 -2 -8
right_child=1 3 -4 -5 -6 -7 7 -9
leaf_value=0.022859313169605943 -0.042718326109196361 -0.01547881226889538 0.00036106040490855538 -0.012725817215705383 0.023305414557973136 0.010529650692791884 -0.036401739397520165 -0.034359319642965847
leaf_weight=5.99832759797573 1.7640475928783415 8.4666185602545685 3.496081355959177 8.7717237547039968 8.7227553352713567 7.4642307236790719 1.7514971829950794 1.3369846791028974
leaf_count=33 8 32 21 38 37 29 17 35
internal_value=-0.000156367 -0.00346119 -0.0220145 0.00117284 0.00611797 -0.00329282 -0.0381353 -0.0355176
internal_weight=47.7723 41.7739 8.34861 33.4253 24.6536 15.9308 4.85253 3.08848
internal_count=250 217 81 136 98 61 60 52
is_linear=0
shrinkage=0.05


Tree=153
num_leaves=7
num_cat=0
split_feature=29 21 28 21 1 9
split_gain=1.24944 1.11337 1.59938 1.13914 1.49893 1.31194
threshold=-0.0093031486362166165 0.00345933293059475 -0.096574303923250213 1.0000000180025095e-35 0.007868012771312995 0.59204732775688174
decision_type=2 2 2 2 2 2
left_child=-1 2 -2 5 -5 -4
right_child=1 -3 3 4 -6 -7
leaf_value=0.027817108800445245 0.028161640864793183 0.022304314976090034 -0.024051569846496326 -0.008384535204014356 0.024463527371518991 0.0074439395973000385
leaf_weight=3.6371772289276114 3.2738977670669547 4.0343386493623248 14.460002437233927 12.12337487190962 4.8673154488205901 4.2865616083145133
leaf_count=24 13 32 79 58 19 25
internal_value=-0.000323391 -0.00270115 -0.0052871 -0.00835134 0.00102543 -0.0168499
internal_weight=46.6827 43.0455 39.0112 35.7373 16.9907 18.7466
internal_count=250 226 194 181 77 104
is_linear=0
shrinkage=0.05


Tree=154
num_leaves=10
num_cat=0
split_feature=31 8 7 16 25 17 16 26 26
split_gain=0.962676 1.07338 2.21263 1.56041 1.98777 1.42618 1.35676 0.747925 0.00346779
threshold=0.19302244266424434 0.0021063073551174129 0.57354857623577138 0.0046617050402747275 0.0018935690417275499 1.1975943700534599e-05 0.0068488332342479539 -0.0077384855730128202 0.027481843181188629
decision_type=2 2 2 2 2 2 2 2 2
left_child=1 3 -3 -1 5 -5 -6 -4 -9
right_child=-2 2 7 4 6 -7 -8 8 -10
leaf_value=0.034255241429102488 -0.026617916738552877 0.030151060786878243 0.0015358697814759398 -0.0035311154896199553 -0.039853668174134473 0.037836405499921788 0.0034093390382794043 -0.036301756365775782 -0.03908066380381315
leaf_weight=4.9125303253531518 2.9232220957055679 2.3280888833105546 1.6758556254208086 3.9020830420777184 3.4586111381649962 4.4705686587840319 3.8069230932742357 2.4871444441378117 2.0463230926543474
leaf_count=20 31 11 19 34 25 26 30 33 21
internal_value=0.000733833 0.00348256 -0.0114193 0.00967325 0.00195114 0.018557 -0.0171851 -0.0270054 -0.0375561
internal_weight=32.0114 29.0881 8.53741 20.5507 15.6382 8.37265 7.26553 6.20932 4.53347
internal_count=250 219 84 135 115 60 55 73 54
is_linear=0
shrinkage=0.05


Tree=155
num_leaves=10
num_cat=0
split_feature=22 21 29 28 28 5 28 29 29
split_gain=1.40805 1.5071 1.42757 1.82508 2.58509 2.32666 1.02365 0.00574751 0.00102934
threshold=-0.010224915326078053 0.0019773403340929145 0.0080479003464957195 -0.017113539039669608 0.0080418620390485546 0.0049326274992643653 -0.022465270449632865 0.0036902644695857583 -0.0010543446260813381
decision_type=2 2 2 2 2 2 2 2 2
left_child=-1 2 3 5 -5 -2 -3 8 -8
right_child=1 6 -4 4 -6 -7 7 -9 -10
leaf_value=0.028874950236176478 -0.048727657117890157 0.0067656658214185067 0.022489399993646634 0.027499135811334948 -0.0091132660866526851 -1.4814883173251036e-05 -0.034548163685508983 -0.039015889070377882 -0.036442074857494497
leaf_weight=3.8318284451961508 4.2744934707880002 1.8661288004368541 6.4948710501193991 7.9542586505413118 12.240466721355913 5.7467487901449203 1.4599325973540542 1.9145525246858595 1.4106470458209508
leaf_count=18 17 14 28 36 53 24 35 12 13
internal_value=-0.000177867 -0.00274521 0.0012225 -0.00334878 0.00530755 -0.020793 -0.0246445 -0.036894 -0.0354789
internal_weight=47.1939 43.3621 36.7108 30.216 20.1947 10.0212 6.65126 4.78513 2.87058
internal_count=250 232 158 130 89 41 74 60 48
is_linear=0
shrinkage=0.05


Tree=156
num_leaves=8
num_cat=0
split_feature=29 13 34 23 25 0 16
split_gain=1.16084 1.06217 1.55389 1.27112 1.03293 1.25352 0.965281
threshold=-0.0093031486362166165 41.010789158825688 -1.8115844303605255 0.0080036353042441961 -0.0029433312413856823 -0.00087476773741740333 0.0082663386996949355
decision_type=2 2 2 2 2 2 2
left_child=-1 2 -2 4 -3 -6 -4
right_child=1 3 6 -5 5 -7 -8
leaf_value=0.027008382853183317 0.011281387468079959 0.014701590590162808 -0.036912084285846761 0.028451312551364152 0.0058199087078973271 -0.020788623662418248 -0.0032018581040497377
leaf_weight=3.5791143402457228 4.1635957807302466 7.0391500554978874 6.2116743512451631 4.1328406520187846 8.5607027448713833 9.1646204292774183 3.2267018482089043
leaf_count=24 20 34 37 27 41 45 22
internal_value=-0.000338683 -0.00264174 -0.0141631 0.00278137 -0.00150258 -0.00793765 -0.0253876
internal_weight=46.0784 42.4993 13.602 28.8973 24.7645 17.7253 9.43838
internal_count=250 226 79 147 120 86 59
is_linear=0
shrinkage=0.05


Tree=157
num_leaves=10
num_cat=0
split_feature=16 32 23 29 32 30 6 27 15
split_gain=0.937161 0.910911 0.956484 0.851819 1.51139 1.05994 0.752111 0.00231876 0.000149081
threshold=0.0080916097938561107 0.065285399631770422 -0.0023865193985180828 0.0040001644693997704 -0.034935575588706448 -0.0046712686240251147 1.1398804882445359 -0.017033787620969462 0.0090844150950784436
decision_type=2 2 2 2 2 2 2 2 2
left_child=1 3 -3 4 5 -1 7 -2 -9
right_child=6 2 -4 -5 -6 -7 -8 8 -10
leaf_value=0.014273602741072582 -0.037711179634472423 0.0062959393221198147 -0.031770003913051868 0.023879659783220208 0.025055953372968478 -0.021042249028872487 0.013469333852107591 -0.035042684874703238 -0.034182868189905395
leaf_weight=3.1872918903827721 0.81938744708895761 3.3978388458490372 3.2085077306255689 6.6565797217190257 4.8264901041984585 6.372458677738905 1.0819963049143551 0.90371293667703811 1.140211623162031
leaf_count=15 13 21 33 31 23 45 13 17 39
internal_value=0.00075267 0.00400557 -0.0121916 0.00909063 0.00224767 -0.00926768 -0.022044 -0.0354639 -0.034563
internal_weight=31.5945 27.6492 6.60635 21.0428 14.3862 9.55975 3.94531 2.86331 2.04392
internal_count=250 168 54 114 83 60 82 69 56
is_linear=0
shrinkage=0.05


Tree=158
num_leaves=10
num_cat=0
split_feature=22 21 16 28 12 21 28 29 29
split_gain=1.32372 1.41187 1.39433 1.39404 1.78581 1.03313 1.00996 0.0051605 0.000906678
threshold=-0.010224915326078053 0.0019773403340929145 0.0082663386996949355 -0.017113539039669608 0.0075950872541277938 -0.0007087950948867493 -0.022465270449632865 0.0036902644695857583 -0.0010543446260813381
decision_type=2 2 2 2 2 2 2 2 2
left_child=-1 2 3 5 -5 -2 -3 8 -8
right_child=1 6 -4 4 -6 -7 7 -9 -10
leaf_value=0.028163916095061272 -0.034424139828235167 0.0069218698092764243 0.021378263323214103 0.013406472039866916 -0.022885658935020765 -0.003465256431179467 -0.034493330655118254 -0.038800938602483903 -0.036308722000242412
leaf_weight=3.7856862321496001 5.0345310941338539 1.8562403470277784 6.8997704945504656 14.144340053200727 4.4579469785094252 5.798515956848858 1.3946322407573459 1.8548626154661176 1.3570222482085221
leaf_count=18 19 14 37 57 22 23 35 12 13
internal_value=-0.000175475 -0.00268224 0.00114779 -0.00359432 0.00470924 -0.017853 -0.0242155 -0.0367626 -0.0353886
internal_weight=46.5835 42.7979 36.3351 29.4353 18.6023 10.833 6.46276 4.60652 2.75165
internal_count=250 232 158 121 79 42 74 60 48
is_linear=0
shrinkage=0.05


Tree=159
num_leaves=6
num_cat=0
split_feature=22 13 23 33 6
split_gain=1.12338 1.79424 1.33408 1.38409 1.67187
threshold=0.01080109079869185 31.674897332386326 0.0082086458205183916 0.23500000000000001 0.96147676015366057
decision_type=2 2 2 2 2
left_child=1 -1 3 -3 -5
right_child=-2 2 -4 4 -6
leaf_value=-0.03269256276400425 0.025200384978805165 0.015427482798862115 0.025278789443671464 0.0065521270516848088 -0.019937069920879742
leaf_weight=4.4642890579998484 3.9368596803396931 7.8576216027140608 4.8600530326366416 10.343775097280743 14.044555269181727
leaf_count=26 24 38 34 50 78
internal_value=-0.000327259 -0.00274482 0.000858245 -0.00282238 -0.00870226
internal_weight=45.5072 41.5703 37.106 32.246 24.3883
internal_count=250 226 200 166 128
is_linear=0
shrinkage=0.05


Tree=160
num_leaves=10
num_cat=0
split_feature=17 5 0 12 8 23 27 16 24
split_gain=0.916202 1.14829 1.08632 1.02033 0.920679 1.53241 1.26165 1.11102 0.00162423
threshold=-3.9877528213727841e-05 0.0055442066047449818 -0.0016957237943864276 -0.01266888412090421 0.0021063073551174129 0.0018205661624105531 -1.0000000180025095e-35 0.0060058424245078611 -0.0068616275588160849
decision_type=2 2 2 2 2 2 2 2 2
left_child=1 2 -1 -4 5 6 -2 -6 -3
right_child=4 8 3 -5 7 -7 -8 -9 -10
leaf_value=-0.027619142725091424 0.0070515956916403794 -0.037379973717084611 0.032297115957565299 -0.0069470663091597065 -0.039002564180565608 -0.014531081911852116 0.042459639195692719 0.0082156304174878098 -0.035085477362464465
leaf_weight=2.755326770246028 5.1254828702658433 1.5358002707362177 2.8642016835510722 3.927222259342674 2.0296441055834284 3.3679194189608088 4.9410888329148293 3.2257372224703431 1.5493942666798819
leaf_count=31 27 13 11 32 16 32 22 33 33
internal_value=0.000692614 -0.00970922 -0.00113934 0.0096037 0.00772292 0.0146638 0.0244313 -0.0100202 -0.0362277
internal_weight=31.3218 12.6319 9.54675 6.79142 18.6899 13.4345 10.0666 5.25538 3.08519
internal_count=250 120 74 43 130 81 49 49 46
is_linear=0
shrinkage=0.05


Tree=161
num_leaves=9
num_cat=0
split_feature=21 29 1 11 24 32 21 21
split_gain=1.30741 1.32127 1.13039 0.858028 1.43564 0.965602 0.0212774 0.00125661
threshold=-0.0035448987863623822 -0.00081754060861255462 0.0066522696785845667 0.59232789933681496 0.0049925094112200927 -0.047370031298058009 -0.0014024552950721023 0.00030882381942320963
decision_type=2 2 2 2 2 2 2 2
left_child=-1 2 6 4 5 -3 -2 -8
right_child=1 3 -4 -5 -6 -7 7 -9
leaf_value=0.022327736844090257 -0.042780970089944415 -0.014727252552767779 0.00027350054226814411 -0.012460874837111235 0.022665542503853039 0.010249335146216929 -0.036715637531064042 -0.034652982975934422
leaf_weight=5.6735442690551272 1.4900326430797575 8.233995862305159 3.3868848867714405 8.5189988538622838 8.4028256312012655 7.3006897643208566 1.2469131126999848 1.8105871789157388
leaf_count=33 6 32 21 38 37 29 11 43
internal_value=-0.000147647 -0.00330467 -0.0215948 0.00116659 0.0060164 -0.00298924 -0.0378817 -0.0354942
internal_weight=46.0645 40.3909 7.93442 32.4565 23.9375 15.5347 4.54753 3.0575
internal_count=250 217 81 136 98 61 60 54
is_linear=0
shrinkage=0.05


Tree=162
num_leaves=6
num_cat=0
split_feature=29 21 28 0 0
split_gain=1.06643 0.951028 1.51403 1.03067 1.28493
threshold=-0.0093031486362166165 0.00345933293059475 -0.096574303923250213 0.0054449427277806226 -0.0010240201882849018
decision_type=2 2 2 2 2
left_child=-1 2 -2 4 -4
right_child=1 -3 3 -5 -6
leaf_value=0.026291125026167612 0.027826400233864981 0.021322357183761201 -0.0022519833888324367 0.010996017496175636 -0.023532889934027527
leaf_weight=3.4741291292011729 3.2234655916690818 3.7922375053167334 15.591801147907971 5.9142324589192858 13.013259783387186
leaf_count=24 13 32 78 30 73
internal_value=-0.000320456 -0.00254634 -0.00494457 -0.00800477 -0.0119333
internal_weight=45.0091 41.535 37.7428 34.5193 28.6051
internal_count=250 226 194 181 151
is_linear=0
shrinkage=0.05


Tree=163
num_leaves=8
num_cat=0
split_feature=31 27 1 7 21 33 3
split_gain=0.90655 1.10254 1.28446 1.93802 1.58776 0.972364 0.949255
threshold=0.19302244266424434 -0.019696370333794063 -0.0034561764784570843 0.57470207512378702 -0.0005012364636661214 0.65500000000000014 -0.015664441648858548
decision_type=2 2 2 2 2 2 2
left_child=1 -1 4 -4 -3 -5 -6
right_child=-2 2 3 5 6 -7 -8
leaf_value=0.021947162334326031 -0.026510388628945183 -0.013512003718718092 0.021190645370472629 -0.037750825789493243 0.004643517229254753 -0.0013480623263426202 0.043128046897064592
leaf_weight=6.21808087546379 2.7918090531602493 4.1718760766088963 2.9530075825750766 5.6472637970000488 2.8840867150574923 2.7170013897120953 3.6053822459653091
leaf_count=34 31 34 16 68 21 26 20
internal_value=0.000667888 0.00335886 -0.00190005 -0.0136319 0.0105535 -0.025926 0.0260245
internal_weight=30.9885 28.1967 21.9786 11.3173 10.6613 8.36427 6.48947
internal_count=250 219 185 110 75 94 41
is_linear=0
shrinkage=0.05


Tree=164
num_leaves=9
num_cat=0
split_feature=21 29 1 16 11 30 21 21
split_gain=1.23088 1.24203 1.09937 0.815651 1.25128 1.09825 0.0184358 0.00113351
threshold=-0.0035448987863623822 -0.00081754060861255462 0.0066522696785845667 0.004583219894230905 0.59232789933681496 0.015012514807604351 -0.0014024552950721023 0.00030882381942320963
decision_type=2 2 2 2 2 2 2 2
left_child=-1 2 6 -3 5 -5 -2 -8
right_child=1 3 -4 4 -6 -7 7 -9
leaf_value=0.021870852295429039 -0.042312013289156875 -0.015306645275379675 0.00026279005133834367 0.018974813092781227 -0.013405931591630827 -0.0075580728533886261 -0.036589526811959566 -0.034593083645710093
leaf_weight=5.5754729732871047 1.4446678459644315 6.1220792010426512 3.3804798498749733 13.831721782684332 6.8362391516566268 5.4315646514296523 1.2066529691219323 1.7307504806667564
leaf_count=33 6 25 21 57 32 22 11 43
internal_value=-0.000137697 -0.00320661 -0.0211607 0.00111874 0.00497159 0.0114935 -0.0376876 -0.0354132
internal_weight=45.5596 39.9842 7.76255 32.2216 26.0995 19.2633 4.38207 2.9374
internal_count=250 217 81 136 111 79 60 54
is_linear=0
shrinkage=0.05


Tree=165
num_leaves=6
num_cat=0
split_feature=22 13 23 33 5
split_gain=1.04735 1.69816 1.21641 1.30042 1.5568
threshold=0.01080109079869185 31.674897332386326 0.0082086458205183916 0.23500000000000001 0.0066991878102005123
decision_type=2 2 2 2 2
left_child=1 -1 3 -3 -5
right_child=-2 2 -4 4 -6
leaf_value=-0.032297915582745793 0.024653862643439755 0.015157717414002845 0.024536680922770584 -0.016661214784216793 0.011283411076949738
leaf_weight=4.3192521184682837 3.8420555461198083 7.7363209053874042 4.7216037958860388 16.898471094667915 7.068863943219184
leaf_count=26 24 38 34 92 36
internal_value=-0.000301706 -0.00265492 0.000860098 -0.00266604 -0.0084193
internal_weight=44.5866 40.7445 36.4253 31.7037 23.9673
internal_count=250 226 200 166 128
is_linear=0
shrinkage=0.05


Tree=166
num_leaves=6
num_cat=0
split_feature=29 27 21 29 8
split_gain=0.888551 1.48907 1.11085 1.29048 1.05303
threshold=0.0080479003464957195 -0.033109752436628496 -0.002646338343760601 0.0051853945891207074 0.0021063073551174129
decision_type=2 2 2 2 2
left_child=1 -1 -3 4 -4
right_child=-2 2 3 -5 -6
leaf_value=0.042082753782667778 -0.022664461132747869 -0.035335905695409724 0.0056241490050228824 0.028277848206161013 -0.020162416831527578
leaf_weight=2.3149364218115869 3.6128673907369366 2.0251592481508949 12.757545468397437 4.2151104882359496 5.7405147207900873
leaf_count=9 34 35 95 23 54
internal_value=0.000625325 0.00373559 0.000147185 0.00331094 -0.00237821
internal_weight=30.6661 27.0533 24.7383 22.7132 18.4981
internal_count=250 216 207 172 149
is_linear=0
shrinkage=0.05


Tree=167
num_leaves=9
num_cat=0
split_feature=22 21 16 28 15 33 21 29
split_gain=1.22937 1.27506 1.33286 1.27204 1.72356 0.981737 0.975765 0.00423881
threshold=-0.010224915326078053 0.0019773403340929145 0.0082663386996949355 -0.017113539039669608 0.0098268593624499193 0.62500000000000011 -0.0007087950948867493 0.0026216089184337714
decision_type=2 2 2 2 2 2 2 2
left_child=-1 2 3 6 -5 7 -2 -3
right_child=1 5 -4 4 -6 -7 -8 -9
leaf_value=0.027583028690208969 -0.03372407802505225 -0.035347476427212726 0.021276148410293141 0.014235885420888396 -0.019810677064903044 0.0063781842903318162 -0.0032847842695098912 -0.038515847823773132
leaf_weight=3.6767604723572722 4.8999133259057999 2.0043696183711281 6.627163838595151 12.919548422098165 5.218815065920352 1.8829273786395786 5.6902194097638112 2.2301983498036861
leaf_count=18 19 36 37 57 22 23 23 15
internal_value=-0.000126784 -0.00258337 0.0010634 -0.00359933 0.00443992 -0.0236596 -0.0173686 -0.0370161
internal_weight=45.1499 41.4732 35.3557 28.7285 18.1384 6.1175 10.5901 4.23457
internal_count=250 232 158 121 79 74 42 51
is_linear=0
shrinkage=0.05


Tree=168
num_leaves=6
num_cat=0
split_feature=22 13 23 33 6
split_gain=0.98712 1.61455 1.13615 1.20846 1.52648
threshold=0.01080109079869185 31.674897332386326 0.0082086458205183916 0.23500000000000001 0.96147676015366057
decision_type=2 2 2 2 2
left_child=1 -1 3 -3 -5
right_child=-2 2 -4 4 -6
leaf_value=-0.031757289306298501 0.024110314425059454 0.01471086872750034 0.023969131541001193 0.00659536233713914 -0.019011140499008063
leaf_weight=4.2353475317358962 3.7984907496720544 7.6823473796248463 4.6408006884157649 10.143428441137077 13.655097696930168
leaf_count=26 24 38 34 50 78
internal_value=-0.000257494 -0.00255105 0.000873453 -0.00253123 -0.00809711
internal_weight=44.1555 40.357 36.1217 31.4809 23.7985
internal_count=250 226 200 166 128
is_linear=0
shrinkage=0.05


Tree=169
num_leaves=8
num_cat=0
split_feature=31 27 1 7 25 23 33
split_gain=0.858754 0.987408 1.18476 1.83543 1.4744 1.76497 0.946203
threshold=0.19302244266424434 -0.019696370333794063 -0.0034561764784570843 0.57470207512378702 -0.0011540621058457876 -0.0037387814530928649 0.65500000000000014
decision_type=2 2 2 2 2 2 2
left_child=1 -1 4 -4 -3 -6 -5
right_child=-2 2 3 6 5 -7 -8
leaf_value=0.020868016575606746 -0.026175591228062008 0.037710572595589666 0.020597639035861745 -0.037577879777382639 0.021273581734778751 -0.028324906900220766 -0.0012425467624210809
leaf_weight=6.1558315912261667 2.7318112943321458 3.3237567832693458 2.9336278326809344 5.4190404973924142 3.7321930369362235 3.4532817732542824 2.6767034186050296
leaf_count=34 31 22 16 68 19 34 26
internal_value=0.000569937 0.00320815 -0.00183912 -0.013286 0.0101743 -0.00256306 -0.0255643
internal_weight=30.4262 27.6944 21.5386 11.0294 10.5092 7.18547 8.09574
internal_count=250 219 185 110 75 53 94
is_linear=0
shrinkage=0.05


Tree=170
num_leaves=10
num_cat=0
split_feature=22 21 16 28 12 28 21 29 29
split_gain=1.15447 1.19813 1.26424 1.18312 1.64867 0.979475 0.923253 0.00421364 0.000644571
threshold=-0.010224915326078053 0.0019773403340929145 0.0082663386996949355 -0.017113539039669608 0.0075950872541277938 -0.022465270449632865 -0.0007087950948867493 0.0036902644695857583 -0.0010543446260813381
decision_type=2 2 2 2 2 2 2 2 2
left_child=-1 2 3 6 -5 -3 -2 8 -7
right_child=1 5 -4 4 -6 7 -8 -9 -10
leaf_value=0.026870951712334629 -0.032885415089643037 0.0077034610033020331 0.020805231717255533 0.012744696647327705 -0.022646500067410341 -0.034374977771148833 -0.0031701829331350277 -0.038416693539477548 -0.036001265431387493
leaf_weight=3.635631412267684 4.8519683107733727 1.7879772055894134 6.5497392676770678 13.675460495054727 4.3333843499422064 1.2134423814713953 5.6671257317066175 1.732788100838661 1.2237160280346864
leaf_count=18 19 14 37 57 22 35 23 12 13
internal_value=-0.000133671 -0.0025262 0.000994867 -0.0035534 0.00422868 -0.0232567 -0.0168764 -0.0365317 -0.0351915
internal_weight=44.6712 41.0356 35.0777 28.5279 18.0088 5.95792 10.5191 4.16995 2.43716
internal_count=250 232 158 121 79 74 42 60 48
is_linear=0
shrinkage=0.05


Tree=171
num_leaves=7
num_cat=0
split_feature=29 32 32 21 14 6
split_gain=0.962297 0.90211 1.92542 1.6867 1.60028 1.59691
threshold=-0.0093031486362166165 -0.39292547838884201 -0.18332467089323864 0.0014189416767858012 0.39311398686405685 1.0257708823608653
decision_type=2 2 2 2 2 2
left_child=-1 -2 -3 5 -5 -4
right_child=1 2 3 4 -6 -7
leaf_value=0.025477926857825219 -0.023273157841776221 0.02293964126517415 -0.0027699668165175203 -0.0059508363737647016 0.040436581730680064 -0.031801685342520682
leaf_weight=3.3539527095854273 4.5856990441679946 7.4271685667335978 13.397201098501688 4.1989572234451762 3.3366694264113903 7.3273145928978911
leaf_count=24 27 39 70 24 24 42
internal_value=-0.000254199 -0.00239718 0.000285312 -0.00566857 0.0145889 -0.0130344
internal_weight=43.627 40.273 35.6873 28.2601 7.53563 20.7245
internal_count=250 226 199 160 48 112
is_linear=0
shrinkage=0.05


Tree=172
num_leaves=10
num_cat=0
split_feature=17 5 31 13 25 19 19 30 24
split_gain=0.83486 1.06087 1.02988 0.999681 0.847072 1.40809 1.02867 0.700759 0.00147108
threshold=-3.9877528213727841e-05 0.0055442066047449818 -0.11301076866706793 32.195348833919574 0.0042163440294625829 -0.051930076870410451 0.031216549075207659 0.0085236415466097854 -0.0068616275588160849
decision_type=2 2 2 2 2 2 2 2 2
left_child=1 2 -1 -4 6 -6 7 -2 -3
right_child=4 8 3 -5 5 -7 -8 -9 -10
leaf_value=0.015568086874990575 0.03909000361664966 -0.037229623493160335 0.0085655823645624796 -0.038226574309546686 -0.041144419730429274 0.0080292001931464557 -0.0090169330771285097 0.0092366591920959584 -0.034969210634924912
leaf_weight=4.5496658245101562 4.3241553194820899 1.4622161723673346 2.0181193081662085 2.6276278151199222 2.0396703882142901 5.0858349287882438 2.9615427972748876 3.6041325610131025 1.4176089651882637
leaf_count=30 20 13 12 32 19 36 30 25 33
internal_value=0.000538103 -0.00963457 -0.0013408 -0.0179 0.00735659 -0.00604671 0.0161267 0.0255189 -0.0361169
internal_weight=30.0906 12.0752 9.19541 4.64575 18.0153 7.12551 10.8898 7.92829 2.87983
internal_count=250 120 74 44 130 55 75 45 46
is_linear=0
shrinkage=0.05


Tree=173
num_leaves=9
num_cat=0
split_feature=21 29 1 34 21 6 21 21
split_gain=1.11303 1.16542 1.04508 0.797706 1.19676 0.865786 0.0134205 0.00122902
threshold=-0.0035448987863623822 -0.00081754060861255462 0.0066522696785845667 -1.8115844303605255 -0.0015171906031645752 0.94344362072442733 -0.0011061820532373698 0.00030882381942320963
decision_type=2 2 2 2 2 2 2 2
left_child=-1 2 6 -3 -5 -6 -2 -8
right_child=1 3 -4 4 5 -7 7 -9
leaf_value=0.021353556009856677 -0.04140091069611132 -0.020294995726976822 0.00013958745416983061 0.026034727566383972 0.011425067297877123 -0.0086774032156850065 -0.036714578019932408 -0.034547552036094289
leaf_weight=5.3109787590801707 1.4479647949337957 3.8028443008661297 3.3123869746923447 5.0868392884731319 8.7932328358292597 13.702793970704077 1.1091814376413816 1.5953876152634618
leaf_count=33 7 14 21 26 38 58 10 43
internal_value=-0.000115528 -0.00305041 -0.0208073 0.00117297 0.00413275 -0.000819762 -0.0375161 -0.0354363
internal_weight=44.1616 38.8506 7.46492 31.3857 27.5829 22.496 4.15253 2.70457
internal_count=250 217 81 136 122 96 60 53
is_linear=0
shrinkage=0.05


Tree=174
num_leaves=7
num_cat=0
split_feature=29 32 32 21 14 6
split_gain=0.905885 0.846473 1.80974 1.57725 1.54466 1.5342
threshold=-0.0093031486362166165 -0.39292547838884201 -0.18332467089323864 0.0014189416767858012 0.39311398686405685 1.0257708823608653
decision_type=2 2 2 2 2 2
left_child=-1 -2 -3 5 -5 -4
right_child=1 2 3 4 -6 -7
leaf_value=0.024974443590957462 -0.022682826928161523 0.022342347903264805 -0.0026216001923347419 -0.0058448421265092313 0.040170972304844774 -0.031289891852380944
leaf_weight=3.2898672968149176 4.5257196314632884 7.3596317097544661 13.298499364405876 4.1805897615849963 3.2348987348377705 7.1898989826440802
leaf_count=24 27 39 70 24 24 42
internal_value=-0.000241008 -0.00232588 0.000286729 -0.00553043 0.0142289 -0.012682
internal_weight=43.0791 39.7892 35.2635 27.9039 7.41549 20.4884
internal_count=250 226 199 160 48 112
is_linear=0
shrinkage=0.05


Tree=175
num_leaves=11
num_cat=0
split_feature=32 29 29 32 16 29 13 23 11 16
split_gain=0.816896 1.01713 1.48604 0.999174 1.82653 1.24185 0.852081 0.292248 0.234848 0.00351708
threshold=0.065285399631770422 0.0040863722802544364 0.002339464084286536 -0.034935575588706448 0.0072847571243107858 0.0040001644693997704 40.747302226126685 -1.0000000180025095e-35 0.57425519287586224 0.0082663386996949355
decision_type=2 2 2 2 2 2 2 2 2 2
left_child=3 2 7 4 5 6 -1 -2 -6 -10
right_child=1 -3 -4 -5 8 -7 -8 -9 9 -11
leaf_value=0.015499495290038065 -0.0039216077007237435 -0.039072224421945051 0.033174776887565031 0.021333979385791471 -0.01006839542933924 0.029040207894397287 -0.020193888708090489 -0.036921541558968034 -0.03783829002518406 -0.034409274768530666
leaf_weight=2.9549375995993632 1.1232728362083435 2.6031134901568294 1.9604149200022218 6.750390046276153 1.1453531794250018 4.551704928278923 3.8512407243251801 1.6659658662974826 1.9273240081965926 1.2218858078122137
leaf_count=14 12 29 10 39 10 21 31 31 15 38
internal_value=0.000508569 -0.0139523 -0.000185011 0.00525473 -0.00167972 0.00882303 -0.00469742 -0.0236319 -0.0294565 -0.0365078
internal_weight=29.7556 7.35277 4.74965 22.4028 15.6524 11.3579 6.80618 2.78924 4.29456 3.14921
internal_count=250 82 53 168 129 66 45 43 63 53
is_linear=0
shrinkage=0.05


Tree=176
num_leaves=7
num_cat=0
split_feature=11 11 26 26 3 29
split_gain=1.11662 1.69926 1.12904 1.55248 2.30916 1.31935
threshold=0.57311292290687577 0.58071451783180239 -0.02433451875377712 0.026922991040097325 -0.014772537784935201 0.0027171793287790185
decision_type=2 2 2 2 2 2
left_child=-1 -2 -3 5 -5 -4
right_child=1 2 3 4 -6 -7
leaf_value=-0.020619154128940172 0.028295796335271312 0.020598860739702178 -0.025528198997625325 -0.014647568631265298 0.036848918149270805 0.0012661196239616606
leaf_weight=5.7602062262594691 5.6526756882667533 4.9295299891382447 10.289403041824704 4.2055890951305628 4.5128285530954582 8.3004070408642274
leaf_count=33 27 38 66 21 24 41
internal_value=-0.000108826 0.00300921 -0.00142463 -0.00540018 0.0120081 -0.0135645
internal_weight=43.6506 37.8904 32.2378 27.3082 8.71842 18.5898
internal_count=250 217 190 152 45 107
is_linear=0
shrinkage=0.05


Tree=177
num_leaves=10
num_cat=0
split_feature=28 29 25 11 5 9 23 27 26
split_gain=1.18516 1.43797 1.37079 1.15943 1.62083 0.824471 0.750155 0.710943 0.560699
threshold=-0.096574303923250213 -0.0028343717650526341 0.0077943764213005426 0.59254903197288533 0.0050460769897392897 0.5899331986904145 0.0024291938876954693 0.01729013580678818 -0.011521201757304476
decision_type=2 2 2 2 2 2 2 2 2
left_child=-1 2 8 4 6 -5 -3 -6 -2
right_child=1 3 -4 5 7 -7 -8 -9 -10
leaf_value=0.028102340998322258 0.012686044375598317 0.009965183790488108 -0.012532764179057288 0.028401729722106757 -0.036927142193042245 -0.0037643686413639035 -0.018671774565628262 -0.0090335914557755012 0.042504604147097835
leaf_weight=3.3913339003920546 3.1244827136397362 6.4442832991480881 3.179556380957365 2.9695566296577436 7.331010624766348 6.0524126142263412 3.5447577387094498 3.3184000104665756 3.1820803061127645
leaf_count=15 28 33 15 14 47 37 21 17 23
internal_value=-0.000252847 -0.00270931 0.0142357 -0.00812874 -0.0146648 0.00682302 -0.000197061 -0.0282354 0.0277315
internal_weight=42.5379 39.1465 9.48612 29.6604 20.6385 9.02197 9.98904 10.6494 6.30656
internal_count=250 235 66 169 118 51 54 64 51
is_linear=0
shrinkage=0.05


Tree=178
num_leaves=6
num_cat=0
split_feature=29 27 21 29 8
split_gain=0.797103 1.28831 0.997381 1.1846 0.938273
threshold=0.0080479003464957195 -0.033109752436628496 -0.002646338343760601 0.0051853945891207074 0.0021063073551174129
decision_type=2 2 2 2 2
left_child=1 -1 -3 4 -4
right_child=-2 2 3 -5 -6
leaf_value=0.039976860153844655 -0.022132348323348445 -0.035199097702071538 0.0051090506171059362 0.027219517869106858 -0.019817336829377811
leaf_weight=2.2139673009514871 3.4347550738602868 1.8458752594888306 12.316397036425768 4.1224687043577424 5.4440294178202739
leaf_count=9 34 35 95 23 54
internal_value=0.000502618 0.00349943 9.59762e-05 0.0030732 -0.00253153
internal_weight=29.3775 25.9427 23.7288 21.8829 17.7604
internal_count=250 216 207 172 149
is_linear=0
shrinkage=0.05


Tree=179
num_leaves=7
num_cat=0
split_feature=22 8 3 13 33 9
split_gain=1.05249 1.14541 1.21271 1.36609 1.56822 1.21275
threshold=-0.010224915326078053 -0.011795579183823119 -0.01385217568953828 65.88286058407077 0.34500000000000003 0.58020919412374516
decision_type=2 2 2 2 2 2
left_child=-1 -2 5 4 -4 -3
right_child=1 2 3 -5 -6 -7
leaf_value=0.026183808998184729 0.021160300926932753 0.0007739252824577633 -0.010367336927164931 -0.024454052326132285 0.016683137606421036 -0.037709563769510221
leaf_weight=3.5017143227159968 4.5608119592070571 3.4658113187178952 9.3962201215326839 4.7784068789333096 12.466790499165652 5.0016152281314135
leaf_count=18 27 17 61 26 67 34
internal_value=-9.28877e-05 -0.00241238 -0.00547459 -0.000235724 0.00505746 -0.0219578
internal_weight=43.1714 39.6697 35.1088 26.6414 21.863 8.46743
internal_count=250 232 205 154 128 51
is_linear=0
shrinkage=0.05


Tree=180
num_leaves=10
num_cat=0
split_feature=28 29 25 11 5 9 23 27 26
split_gain=1.11502 1.33898 1.28991 1.07185 1.52357 0.757188 0.705775 0.696349 0.552433
threshold=-0.096574303923250213 -0.0028343717650526341 0.0077943764213005426 0.59254903197288533 0.0050460769897392897 0.5899331986904145 0.0024291938876954693 0.01729013580678818 -0.011521201757304476
decision_type=2 2 2 2 2 2 2 2 2
left_child=-1 2 8 4 6 -5 -3 -6 -2
right_child=1 3 -4 5 7 -7 -8 -9 -10
leaf_value=0.027326794042781512 0.012222802409885018 0.0096087380285406181 -0.012070071291992668 0.027208851823461524 -0.0363752257936307 -0.0036625243418205362 -0.018252878416889752 -0.0086052689367018941 0.042097482989031682
leaf_weight=3.3775478675961486 3.1018973421305418 6.4387146160006576 3.1759707257151604 2.9610490649938566 7.1242412179708463 6.0333500765264034 3.5131776630878448 3.3045449890196323 3.0878790803253633
leaf_count=15 28 33 15 14 47 37 21 17 23
internal_value=-0.000225589 -0.00262769 0.0138346 -0.00787643 -0.0142213 0.00650065 -0.00022686 -0.0275758 0.0271263
internal_weight=42.1184 38.7408 9.36575 29.3751 20.3807 8.9944 9.95189 10.4288 6.18978
internal_count=250 235 66 169 118 51 54 64 51
is_linear=0
shrinkage=0.05


Tree=181
num_leaves=11
num_cat=0
split_feature=16 3 13 25 23 6 19 27 15 4
split_gain=0.774541 0.783599 1.36171 0.781515 1.03602 0.604824 0.428757 0.0022232 7.01159e-05 8.85465e-06
threshold=0.0080916097938561107 0.023103940251078651 48.970125284812184 -0.0011540621058457876 -0.0040759159234969302 1.1398804882445359 -0.01800405366926355 -0.021222573148696241 0.0090844150950784436 0.0059434093721527836
decision_type=2 2 2 2 2 2 2 2 2 2
left_child=1 2 3 -1 -5 7 -4 -2 -9 -10
right_child=5 -3 6 4 -6 -7 -8 8 9 -11
leaf_value=0.019860744708051936 -0.037719338439009258 0.023094261428888527 -0.0028157286598548227 0.013376360414839809 -0.0174015163074655 0.011660761861644796 -0.036720535725530738 -0.034716035787596737 -0.033919528804941666 -0.034222051071545211
leaf_weight=6.3058076445013382 0.68693988956511098 4.2461194097995749 1.379408551380038 5.3887989334762185 5.550455231219523 0.95610371977090824 2.8778028013184658 0.76399165950715431 0.469530014321208 0.49887155834585428
leaf_count=33 11 20 14 27 38 13 36 18 24 16
internal_value=0.000513438 0.00346572 -0.000410388 0.00584134 -0.00223999 -0.0220071 -0.0257348 -0.0353123 -0.0343579 -0.0340754
internal_weight=29.1238 25.7484 21.5023 17.2451 10.9393 3.37544 4.25721 2.41933 1.73239 0.968402
internal_count=250 168 148 98 65 82 50 69 58 40
is_linear=0
shrinkage=0.05


Tree=182
num_leaves=9
num_cat=0
split_feature=11 22 26 27 33 20 33 13
split_gain=1.02914 1.59022 1.90649 1.46147 1.81221 1.5531 1.38778 0.392206
threshold=0.57311292290687577 -0.002301899024704845 0.026922991040097325 -0.014249805898495336 0.34500000000000003 0.0044058295940392353 0.65500000000000014 32.195348833919574
decision_type=2 2 2 2 2 2 2 2
left_child=-1 2 6 -3 7 -6 -2 -5
right_child=1 3 -4 4 5 -7 -8 -9
leaf_value=-0.01997500986061114 0.018920117752024259 0.015263789886621068 0.038313126165212923 -0.01664258931612158 -0.025284736406295902 0.016464557517451607 -0.020659171428441304 -0.041886849598729153
leaf_weight=5.66610438004136 4.9846520163118822 6.165104988962411 5.7006868049502364 2.3628244884312215 3.5693062711507064 5.9261685134842992 3.9856100361794233 4.4108212608844042
leaf_count=33 26 32 27 14 22 43 19 34
internal_value=-0.000127465 0.00290333 0.0157033 -0.00546724 -0.0133232 0.000771186 0.0013345 -0.033081
internal_weight=42.7713 37.1052 14.6709 22.4342 16.2691 9.49547 8.97026 6.77365
internal_count=250 217 72 145 113 65 45 48
is_linear=0
shrinkage=0.05


Tree=183
num_leaves=10
num_cat=0
split_feature=28 29 25 11 5 9 27 23 26
split_gain=1.045 1.27682 1.2053 1.01907 1.42716 0.703224 0.681127 0.665654 0.53568
threshold=-0.096574303923250213 -0.0028343717650526341 0.0077943764213005426 0.59254903197288533 0.0050460769897392897 0.5899331986904145 0.01729013580678818 0.0024291938876954693 -0.011521201757304476
decision_type=2 2 2 2 2 2 2 2 2
left_child=-1 2 8 4 7 -5 -6 -3 -2
right_child=1 3 -4 5 6 -7 -8 -9 -10
leaf_value=0.026508065672023424 0.012017515902342405 0.0091538739749168641 -0.011434062633726066 0.026328596252570474 -0.035948461968672851 -0.0035012481201580335 -0.0082950741686429481 -0.018027548115463067 0.041733211503398107
leaf_weight=3.362304735928773 3.074650589376688 6.4007203690707737 3.1529604643583298 2.9464155808091146 6.9339094534516317 5.9972877167165279 3.2801251336932182 3.4753588959574699 2.9928848743438703
leaf_count=15 28 33 15 14 47 37 17 21 23
internal_value=-0.000216901 -0.00256585 0.0136436 -0.00771363 -0.0139637 0.0063259 -0.0270679 -0.000411177 0.0266751
internal_weight=41.6166 38.2543 9.2205 29.0338 20.0901 8.9437 10.214 9.87608 6.06754
internal_count=250 235 66 169 118 51 64 54 51
is_linear=0
shrinkage=0.05


Tree=184
num_leaves=9
num_cat=0
split_feature=32 27 29 29 16 33 25 23
split_gain=0.763419 0.959918 0.949999 1.35123 0.944265 1.11286 1.42144 0.286656
threshold=0.065285399631770422 -0.019696370333794063 0.0040863722802544364 0.002339464084286536 0.004583219894230905 0.90500000000000014 -0.0011540621058457876 -0.00095123756154930062
decision_type=2 2 2 2 2 2 2 2
left_child=1 -1 3 7 -3 6 -6 -2
right_child=2 4 -4 -5 5 -7 -8 -9
leaf_value=0.027157518751732741 -0.0026742996236664225 0.021988383434594663 -0.038742425591635168 0.032068877557672126 0.0082405849311717894 0.024040449595579518 -0.027577256427384407 -0.036566040734837255
leaf_weight=4.027713521383709 1.0202133189886808 3.865161661058667 2.4782125568017364 1.8865906242281196 4.7577630002051645 2.531289796344935 6.629653732292347 1.6060656462796024
leaf_count=23 11 20 29 10 44 17 64 32
internal_value=0.000508177 0.00511672 -0.0138701 -0.000211611 0.000124894 -0.0059465 -0.0126122 -0.0234003
internal_weight=28.8027 21.8116 6.99108 4.51287 17.7839 13.9187 11.3874 2.62628
internal_count=250 168 82 53 145 125 108 43
is_linear=0
shrinkage=0.05


Tree=185
num_leaves=9
num_cat=0
split_feature=21 29 1 16 16 21 21 21
split_gain=1.01076 1.0355 0.98916 0.781828 1.10043 1.25393 0.0111642 0.000938615
threshold=-0.0035448987863623822 -0.00081754060861255462 0.0066522696785845667 0.004583219894230905 0.0049607320485826742 -1.0000000180025095e-35 -0.0014024552950721023 0.00030882381942320963
decision_type=2 2 2 2 2 2 2 2
left_child=-1 2 6 -3 -5 -6 -2 -8
right_child=1 3 -4 4 5 -7 7 -9
leaf_value=0.020951721786387809 -0.040953129226356605 -0.015546110659721869 0.00048930701719414804 0.028584642773748392 0.014205848218891082 -0.010761790812722681 -0.036372853220975152 -0.034439768166707713
leaf_weight=5.010977402329444 1.3139002025127413 5.7484876215457943 3.1630354002118111 4.0986667722463634 8.961745768785482 11.458523795008654 1.1121589504182332 1.442316213622689
leaf_count=33 6 25 21 13 41 57 11 43
internal_value=-0.000132598 -0.00296521 -0.02025 0.00105021 0.00494124 0.000195637 -0.0372078 -0.0352814
internal_weight=42.3098 37.2988 7.03141 30.2674 24.5189 20.4203 3.86838 2.55448
internal_count=250 217 81 136 111 98 60 54
is_linear=0
shrinkage=0.05


Tree=186
num_leaves=10
num_cat=0
split_feature=28 29 25 11 33 21 9 23 23
split_gain=0.98672 1.19358 1.15213 0.953102 1.3808 1.42111 0.656859 0.541845 0.381318
threshold=-0.096574303923250213 -0.0028343717650526341 0.0077943764213005426 0.59254903197288533 0.57500000000000007 0.0017184121188301706 0.5899331986904145 -0.0025970891986756279 0.0024291938876954693
decision_type=2 2 2 2 2 2 2 2 2
left_child=-1 2 7 4 5 -3 -5 -2 -6
right_child=1 3 -4 6 8 -7 -8 -9 -10
leaf_value=0.025820517608558094 0.042111503813429457 -0.013713655801566492 -0.011229224040690544 0.025484567453915943 -0.041149347539702785 0.024263820119712464 -0.0034179403959121142 0.011867148125853773 -0.017635502790351053
leaf_weight=3.3493620529770842 2.8254141099750996 9.3889664188027435 3.1298273503780365 2.9313180819153768 4.1134603507816783 3.3394189439713946 5.9682541992515326 3.1120360344648343 2.9683690890669823
leaf_count=15 16 54 15 14 29 19 37 35 16
internal_value=-0.000189428 -0.0024955 0.0133191 -0.00749015 -0.0135963 -0.00374989 0.00610189 0.0262593 -0.0312935
internal_weight=41.1264 37.7771 9.06728 28.7098 19.8102 12.7284 8.89957 5.93745 7.08183
internal_count=250 235 66 169 118 73 51 51 45
is_linear=0
shrinkage=0.05


Tree=187
num_leaves=10
num_cat=0
split_feature=17 5 0 12 8 23 27 16 24
split_gain=0.740459 0.979401 0.95147 0.790195 0.751601 1.19051 1.0092 0.966174 0.00111284
threshold=-3.9877528213727841e-05 0.0055442066047449818 -0.0016957237943864276 -0.01266888412090421 0.0021063073551174129 0.0018205661624105531 -1.0000000180025095e-35 0.0060058424245078611 -0.0068616275588160849
decision_type=2 2 2 2 2 2 2 2 2
left_child=1 2 -1 -4 5 6 -2 -6 -3
right_child=4 8 3 -5 7 -7 -8 -9 -10
leaf_value=-0.027554995704829156 0.0060180045370619795 -0.0369366531785595 0.029555063738799112 -0.0062887197183512508 -0.038328139855803314 -0.013850522018026574 0.03902865683349388 0.0078862205897326405 -0.034888480360857822
leaf_weight=2.4701611460186532 4.6263983827084321 1.3628065902739765 2.6912424378097048 3.5870109591633117 1.8213683106005181 2.9680155906826249 4.6348414858803153 2.9834805000573397 1.2918537324294437
leaf_count=31 27 13 11 32 16 32 22 33 33
internal_value=0.000522274 -0.00933884 -0.00126687 0.00907611 0.00712356 0.0137069 0.0225384 -0.0096322 -0.0359399
internal_weight=28.4372 11.4031 8.74841 6.27825 17.0341 12.2293 9.26124 4.80485 2.65466
internal_count=250 120 74 43 130 81 49 49 46
is_linear=0
shrinkage=0.05


Tree=188
num_leaves=9
num_cat=0
split_feature=11 22 26 0 29 0 33 28
split_gain=0.977824 1.52859 1.81355 1.49299 1.5395 1.92935 1.27561 0.682635
threshold=0.57293053865432753 -0.002301899024704845 0.026922991040097325 0.00095182434837837182 0.0079183424289078781 -0.0010240201882849018 0.65500000000000014 0.0080418620390485546
decision_type=2 2 2 2 2 2 2 2
left_child=-1 2 6 4 5 -3 -2 -5
right_child=1 3 -4 7 -6 -7 -8 -9
leaf_value=-0.022514335915911135 0.018156188697297182 -0.01782726504352285 0.037630836785493907 -0.010304176067634306 0.034159149840625458 0.023117379222737454 -0.02018137979795151 -0.042464153366074189
leaf_weight=4.3821225427091113 4.8859625700861198 9.0873934263363481 5.553816393017768 3.47394786030054 3.1205037906765929 4.2100153779611036 3.9029866084456444 3.1428211331367493
leaf_count=24 26 69 27 22 17 24 19 22
internal_value=-0.000169099 0.00245065 0.0152647 -0.00552812 0.002553 -0.00486402 0.00113128 -0.0255795
internal_weight=41.7596 37.3774 14.3428 23.0347 16.4179 13.2974 8.78895 6.61677
internal_count=250 226 72 154 110 93 45 44
is_linear=0
shrinkage=0.05


Tree=189
num_leaves=9
num_cat=0
split_feature=28 29 25 0 0 23 33 26
split_gain=0.915763 1.11367 1.08935 0.953233 1.15307 1.69937 1.24874 0.527844
threshold=-0.096574303923250213 -0.0028343717650526341 0.0077943764213005426 0.0064742164117858056 -0.0010240201882849018 0.006030482764338597 0.34500000000000003 -0.011521201757304476
decision_type=2 2 2 2 2 2 2 2
left_child=-1 2 7 4 6 -6 -3 -2
right_child=1 3 -4 -5 5 -7 -8 -9
leaf_value=0.024900168342522913 0.011033994136431951 0.013885674719486058 -0.010891275641542542 0.016067160995308489 -0.035837661160710625 0.0069339715370476361 -0.016497269804249457 0.041198361318257166
leaf_weight=3.3432861827313891 2.964677220210433 6.8574741594493407 3.1078037284314632 3.7907215729355803 7.6734884586185235 3.3301185220479965 6.6723516136407852 2.8392216116189939
leaf_count=15 28 35 15 20 53 19 42 23
internal_value=-0.000166928 -0.00241762 0.0129981 -0.00726792 -0.0108735 -0.0228933 -0.00109794 0.0257902
internal_weight=40.5791 37.2359 8.9117 28.3242 24.5334 11.0036 13.5298 5.8039
internal_count=250 235 66 169 149 72 77 51
is_linear=0
shrinkage=0.05


Tree=190
num_leaves=12
num_cat=0
split_feature=16 32 27 22 5 22 28 6 31 15 27
split_gain=0.729583 0.716005 0.792391 0.825717 1.07429 0.979565 0.764203 0.548033 0.00164359 9.26139e-05 1.206e-05
threshold=0.0080916097938561107 0.065285399631770422 -0.019696370333794063 -0.0014142978401038284 0.0049448732224955617 0.0012587613250992782 0.014502907254664634 1.1398804882445359 -0.26204231991279198 0.0089446002686668722 0.029006226480765788
decision_type=2 2 2 2 2 2 2 2 2 2 2
left_child=1 2 -1 4 -4 -5 -3 8 -2 -10 -11
right_child=7 6 3 5 -6 -7 -8 -9 9 10 -12
leaf_value=0.030385366951899459 -0.037319041534710037 -0.028477994017499276 -0.030637172953065062 0.034637330432620482 0.011308311827687132 0.0011260486091052434 0.008394118452474543 0.010586712356955623 -0.034773888106995013 -0.033825112823568246 -0.034191142108644525
leaf_weight=3.2876427844166818 0.6542563764378434 3.1730714365839949 3.2543304264545503 3.2953884154558128 2.8750340808182955 6.4466708358377218 2.5222787661477923 0.91805661562830199 0.71169756446033627 0.44389795139431953 0.45643177814781666
leaf_count=15 11 33 27 13 17 42 21 13 16 25 17
internal_value=0.000529642 0.00341657 0.00804357 0.00341564 -0.0109623 0.0124617 -0.0121486 -0.0220034 -0.0352054 -0.0343476 -0.0340107
internal_weight=28.0388 24.8544 19.1591 15.8714 6.12936 9.74206 5.69535 3.18434 2.26628 1.61203 0.90033
internal_count=250 168 114 99 44 55 54 82 69 58 42
is_linear=0
shrinkage=0.05


Tree=191
num_leaves=7
num_cat=0
split_feature=21 27 11 11 23 27
split_gain=0.962326 0.8536 0.849327 1.59075 1.0286 1.22389
threshold=-0.0024933130898751039 -0.0020918071227466468 0.57311292290687577 0.58071451783180239 -0.0071184784285477911 -0.0002506887735973517
decision_type=2 2 2 2 2 2
left_child=1 -1 -2 -4 -5 -6
right_child=2 -3 3 4 5 -7
leaf_value=0.00036050588064130289 -0.025808465791633046 0.031312768577613927 0.026739597295384623 -0.028783083611046402 0.012643637977691875 -0.012452842790101767
leaf_weight=4.9618388488888741 3.9960520677268496 4.041972588747738 4.3209392093122032 4.1718814112246063 8.6461152136325889 11.088055443949992
leaf_count=28 26 26 20 24 45 81
internal_value=-0.00019591 0.0142555 -0.00423395 -0.00117968 -0.006226 -0.00145734
internal_weight=41.2269 9.00381 32.223 28.227 23.9061 19.7342
internal_count=250 54 196 170 150 126
is_linear=0
shrinkage=0.05


Tree=192
num_leaves=8
num_cat=0
split_feature=22 15 23 0 29 6 21
split_gain=0.779379 1.57636 1.21302 1.18597 1.07351 1.06086 0.61655
threshold=0.0061741923939917518 0.0097627065449910917 -0.013562418320805845 0.0054449427277806226 0.0017180215788457078 1.110242225713175 0.0015291427556902717
decision_type=2 2 2 2 2 2 2
left_child=2 -2 -1 4 5 -4 -6
right_child=1 -3 3 -5 6 -7 -8
leaf_value=0.028173094442427833 0.030897980337936573 -0.011564905998914299 -0.010994989836496017 0.013584106328802801 -0.033181752400682184 0.021685819949321936 -0.0070646151276197644
leaf_weight=2.6986292153596905 5.1495285965502244 3.797334274277091 9.4202561192214542 5.6610609833151093 6.5919685140252096 3.3721081819385281 3.4384313113987446
leaf_count=13 30 30 55 33 53 21 15
internal_value=-0.000133308 0.0128754 -0.00386576 -0.0069012 -0.0119825 -0.00238022 -0.0242288
internal_weight=40.1293 8.94686 31.1825 28.4838 22.8228 12.7924 10.0304
internal_count=250 60 190 177 144 76 68
is_linear=0
shrinkage=0.05


Tree=193
num_leaves=9
num_cat=0
split_feature=25 16 17 21 29 14 27 15
split_gain=0.698215 1.2472 0.734283 0.921762 0.990482 0.0892984 0.00137836 4.599e-05
threshold=0.02489918393512747 0.0080916097938561107 0.00015134490192736291 -0.0014024552950721023 0.0040001644693997704 0.18681111242540213 -0.017033787620969462 0.0090844150950784436
decision_type=2 2 2 2 2 2 2 2
left_child=1 2 3 -1 -5 -3 -7 -8
right_child=-2 5 -4 4 -6 6 7 -9
leaf_value=-0.024147648742667123 -0.026225064477544347 -0.012657085914466057 0.023960615928576359 -0.00052651032590772865 0.02882755032735454 -0.037024409779568342 -0.034603297240523252 -0.034002053881460326
leaf_weight=2.8472124533727863 2.2403248660266391 0.5607296959497029 4.8026061449199906 11.456026183441283 3.8360324986279002 0.70489088539034139 0.5788387898355718 0.70595967583358288
leaf_count=29 18 17 24 83 20 12 13 34
internal_value=0.000536905 0.00288881 0.00657625 0.00197352 0.00683699 -0.030281 -0.0352477 -0.0342729
internal_weight=27.7326 25.4923 22.9419 18.1393 15.2921 2.55042 1.98969 1.2848
internal_count=250 232 156 132 103 76 59 47
is_linear=0
shrinkage=0.05


Tree=194
num_leaves=9
num_cat=0
split_feature=21 29 1 16 16 33 21 21
split_gain=0.91193 0.902851 0.956966 0.704271 0.993615 1.22332 0.00943042 0.00074193
threshold=-0.0035448987863623822 -0.00081754060861255462 0.0066522696785845667 0.004583219894230905 0.0049607320485826742 0.13500000000000004 -0.0014024552950721023 0.00030882381942320963
decision_type=2 2 2 2 2 2 2 2
left_child=-1 2 6 -3 -5 -6 -2 -8
right_child=1 3 -4 4 5 -7 7 -9
leaf_value=0.020308488301789478 -0.040481390111181438 -0.015190050246724165 0.0011675416503032947 0.02727913620298518 -0.024418192146327084 0.006289867481743143 -0.036125410264228337 -0.03433355087179759
leaf_weight=4.7706609256565562 1.265868812799454 5.5779653824865845 3.0128660686314106 3.9999312460422543 4.0854063071310547 15.732498336583374 1.0349126346409314 1.3075897218659518
leaf_count=33 6 25 21 13 22 76 11 43
internal_value=-0.0002339 -0.00295486 -0.0196349 0.00080223 0.00454751 -4.05142e-05 -0.0370042 -0.0351252
internal_weight=40.7877 36.017 6.62124 29.3958 23.8178 19.8179 3.60837 2.3425
internal_count=250 217 81 136 111 98 60 54
is_linear=0
shrinkage=0.05


Tree=195
num_leaves=9
num_cat=0
split_feature=21 28 29 4 0 23 8 16
split_gain=0.742423 0.866428 0.905342 0.952396 1.73406 1.17712 0.748441 0.350223
threshold=0.00345933293059475 -0.096574303923250213 -0.0030622976835565359 0.0051634085052639092 -0.0029206484882643431 0.0018205661624105531 0.00041388846994313893 0.0073625132114911529
decision_type=2 2 2 2 2 2 2 2
left_child=1 -1 6 4 -4 -5 -3 -2
right_child=7 2 3 5 -6 -7 -8 -9
leaf_value=0.023106625627301928 0.0049981002704964275 0.024281978357591789 0.025133570570863184 -0.032601591861175006 -0.011976254194913419 0.0037244231404890311 -0.0071145418129891329 0.037125433544032624
leaf_weight=3.0884732231497756 1.5863073952496045 4.3071143086999646 4.4336106032133076 6.9393125772476179 10.855506280437115 3.2862143516540527 3.3938588835299015 1.8232450429350135
leaf_count=13 13 26 22 49 63 19 18 27
internal_value=-0.000129634 -0.00222469 -0.00458007 -0.00911513 -0.00121497 -0.0209274 0.0104454 0.0221781
internal_weight=39.7136 36.3041 33.2156 25.5146 15.2891 10.2255 7.70097 3.40955
internal_count=250 210 197 153 85 68 44 40
is_linear=0
shrinkage=0.05


Tree=196
num_leaves=10
num_cat=0
split_feature=17 5 0 34 25 6 8 6 24
split_gain=0.68394 0.938716 0.867847 0.731273 0.699384 1.07104 1.0073 0.320725 0.000912371
threshold=-3.9877528213727841e-05 0.0055442066047449818 -0.0016957237943864276 -1.1903663078159104 0.0042163440294625829 1.0410005789012093 0.0021063073551174129 0.95468797852071452 -0.0068616275588160849
decision_type=2 2 2 2 2 2 2 2 2
left_child=1 2 -1 -4 6 -6 7 -2 -3
right_child=4 8 3 -5 5 -7 -8 -9 -10
leaf_value=-0.027021958703517181 0.03762770982351183 -0.036784361360683464 0.028060620730104475 -0.0067590928557419621 -0.024750052463571079 0.015970793256484938 -0.0088832347059838914 0.016071188941739725 -0.034883789795215885
leaf_weight=2.3389146067202082 3.1209975434467214 1.2999548688530924 2.7260936796665183 3.3743410995230114 3.4698324790224424 3.0203684186562896 3.0126347104087472 3.8590416559018195 1.2279221876524378
leaf_count=31 19 13 11 32 34 21 30 26 33
internal_value=0.000542305 -0.00913323 -0.0011273 0.00880075 0.00698013 -0.00579964 0.0152805 0.0257098 -0.0358612
internal_weight=27.4501 10.9672 8.43935 6.10043 16.4829 6.4902 9.99267 6.98004 2.52788
internal_count=250 120 74 43 130 55 75 45 46
is_linear=0
shrinkage=0.05


Tree=197
num_leaves=9
num_cat=0
split_feature=11 22 26 0 0 27 33 28
split_gain=0.925966 1.31901 1.69168 1.36608 1.37951 1.99227 1.12088 0.635867
threshold=0.57293053865432753 -0.002301899024704845 0.026922991040097325 0.00095182434837837182 -0.0014861315654076666 -0.014249805898495336 0.65500000000000014 0.0080418620390485546
decision_type=2 2 2 2 2 2 2 2
left_child=-1 2 6 4 5 -3 -2 -5
right_child=1 3 -4 7 -6 -7 -8 -9
leaf_value=-0.022387044151265249 0.016917161612540622 0.022356996660947467 0.036506112182959148 -0.0098318325065394566 0.023505603131904529 -0.023372947383612026 -0.019517219114874144 -0.041496314592302297
leaf_weight=4.2258369885385028 4.7239416185766441 3.615668693557379 5.3436126373708239 3.3592960946261874 5.2864346448332098 6.9786386676132688 3.8162827845662832 3.0026286039501429
leaf_count=24 26 20 27 22 32 58 19 22
internal_value=-0.000241327 0.00234913 0.0144418 -0.00519907 0.00264377 -0.00776604 0.000636102 -0.0247765
internal_weight=40.3523 36.1265 13.8838 22.2427 15.8807 10.5943 8.54022 6.36192
internal_count=250 226 72 154 110 78 45 44
is_linear=0
shrinkage=0.05


Tree=198
num_leaves=9
num_cat=0
split_feature=13 11 15 16 21 32 7 20
split_gain=0.724399 0.884525 1.14836 1.03878 1.01894 0.943642 1.20898 0.97686
threshold=32.195348833919574 0.58806465148925791 0.0077694050159963285 0.005482655021841234 0.0014189416767858012 -0.18332467089323864 0.58531711697578437 -0.0026693760831497655
decision_type=2 2 2 2 2 2 2 2
left_child=-1 2 -2 -4 -5 -3 -7 -8
right_child=1 5 3 4 -6 6 7 -9
leaf_value=-0.01649371637770668 0.014550539354023409 0.034022051712126175 0.0073472711662611176 -0.034656275991060338 -0.00012715011530887855 0.030680513614705713 -0.025669765536095457 0.011277551185569182
leaf_weight=5.7578788697719565 5.7718734517693546 3.686739979311823 4.6014228314161292 5.7308579981327039 3.4066093526780605 3.08696669526398 3.4940620064735404 3.6660060621798047
leaf_count=36 32 24 26 39 22 16 26 29
internal_value=-0.000112962 0.00270718 -0.00416445 -0.0120268 -0.0217832 0.0123292 0.00452439 -0.00675248
internal_weight=39.2024 33.4445 19.5108 13.7389 9.13747 13.9338 10.247 7.16007
internal_count=250 214 119 87 61 95 71 55
is_linear=0
shrinkage=0.05


Tree=199
num_leaves=9
num_cat=0
split_feature=32 27 29 29 16 19 13 23
split_gain=0.672796 0.835347 0.81326 1.16808 0.802582 1.27581 0.822936 0.237222
threshold=0.065285399631770422 -0.019696370333794063 0.0040863722802544364 0.002339464084286536 0.0046878954608843585 -0.033949284107629589 43.194450953138713 -1.0000000180025095e-35
decision_type=2 2 2 2 2 2 2 2
left_child=1 -1 3 7 -3 -6 -7 -2
right_child=2 4 -4 -5 5 6 -8 -9
leaf_value=0.025906343413793123 -0.0046501071648493474 0.018559037808835076 -0.037900218205868474 0.029998588097951723 0.015291698995778001 -0.0044289954296030396 -0.036792491141188315 -0.036469670541715661
leaf_weight=3.855907781980938 0.99922149255871784 4.3583961315453079 2.2424517683684826 1.7896617967635391 4.3911232333630386 4.607219601981333 3.4240552936680615 1.4155224352143696
leaf_count=23 12 22 29 10 34 39 50 31
internal_value=0.000515839 0.0049205 -0.0135837 -0.000614307 9.83562e-05 -0.00637857 -0.0182269 -0.0233027
internal_weight=27.0836 20.6367 6.44686 4.20441 16.7808 12.4224 8.03127 2.41474
internal_count=250 168 82 53 145 123 89 43
is_linear=0
shrinkage=0.05


Tree=200
num_leaves=9
num_cat=0
split_feature=11 22 26 0 0 27 33 3
split_gain=0.887132 1.22223 1.63165 1.28144 1.26679 1.85236 1.02838 0.588264
threshold=0.57293053865432753 -0.002301899024704845 0.026922991040097325 0.00095182434837837182 -0.0014861315654076666 -0.014249805898495336 0.65500000000000014 -0.0071271116880171617
decision_type=2 2 2 2 2 2 2 2
left_child=-1 2 6 4 5 -3 -2 -5
right_child=1 3 -4 7 -6 -7 -8 -9
leaf_value=-0.021957007262594745 0.016129982395742308 0.02179008664143316 0.035910110055052472 -0.03929346038317269 0.022693691967439939 -0.022645611886330092 -0.018911119420254155 -0.0086342063685392115
leaf_weight=4.2059468887746325 4.6771261915564519 3.5648329462856028 5.2552300430834284 3.1625536940991879 5.2400325182825354 6.8556945240125069 3.7909124121069908 3.0963406246155492
leaf_count=24 26 20 27 19 32 58 19 25
internal_value=-0.000239465 0.00232327 0.0140249 -0.00500285 0.0026399 -0.00744429 0.000443027 -0.024126
internal_weight=39.8487 35.6427 13.7233 21.9195 15.6606 10.4205 8.46804 6.25889
internal_count=250 226 72 154 110 78 45 44
is_linear=0
shrinkage=0.05


Tree=201
num_leaves=11
num_cat=0
split_feature=28 21 16 0 1 0 29 8 13 12
split_gain=0.814008 1.00619 1.20173 1.09353 1.30588 0.931467 1.20593 1.18468 0.156376 0.00140234
threshold=-0.096574303923250213 0.00020139240034111608 0.0077343321912781626 -0.0014861315654076666 0.007868012771312995 0.0054449427277806226 0.0033149998586834433 -0.0080540857934934037 41.010789158825688 0.0002527387237556919
decision_type=2 2 2 2 2 2 2 2 2 2
left_child=-1 5 3 -3 -5 6 7 -2 -4 -8
right_child=1 2 8 4 -6 -7 9 -9 -10 -11
leaf_value=0.023716270332385662 0.015814157887011598 0.019812932489480364 0.01742409793066825 -0.027046053019277139 0.012035396832014017 0.014560028611406012 -0.036307344946554132 -0.018814098526258181 0.037952553533873057 -0.038081817864149201
leaf_weight=3.282218385487794 3.8589003533124915 4.2890724949538717 1.4648010823875659 5.1939020231366158 3.6323265135288239 3.0986746586859217 2.6138299293816081 6.8619394488632706 2.5299151372164488 1.9396386891603468
leaf_count=15 17 25 13 31 16 18 28 39 32 16
internal_value=-0.000106352 -0.00230997 0.00641499 -0.000898108 -0.0109626 -0.0104352 -0.0155059 -0.00634987 0.0304251 -0.0370632
internal_weight=38.7652 35.483 17.11 13.1153 8.82623 18.373 15.2743 10.7208 3.99472 4.55347
internal_count=250 235 117 72 47 118 100 56 45 44
is_linear=0
shrinkage=0.05


Tree=202
num_leaves=6
num_cat=0
split_feature=29 27 29 16 16
split_gain=0.654856 1.04204 0.776863 0.798761 0.876471
threshold=0.0080479003464957195 -0.033109752436628496 0.0051853945891207074 0.0046617050402747275 0.005482655021841234
decision_type=2 2 2 2 2
left_child=1 -1 3 -3 -5
right_child=-2 2 -4 4 -6
leaf_value=0.03790985990234675 -0.021441451503150889 0.013418657392127151 0.018951975244082306 -0.037825236746598011 -0.004644141728000639
leaf_weight=1.9890256375074447 3.0225149728357783 4.5251806350424948 4.3659503115341058 2.462952164001762 10.368511469569055
leaf_count=9 34 29 32 26 120
internal_value=0.000476814 0.00327073 9.9005e-05 -0.00464334 -0.0110131
internal_weight=26.7341 23.7116 21.7226 17.3566 12.8315
internal_count=250 216 207 175 146
is_linear=0
shrinkage=0.05


Tree=203
num_leaves=10
num_cat=0
split_feature=11 22 26 0 33 27 29 33 28
split_gain=0.821921 1.1556 1.51297 1.19382 1.25579 1.26751 1.18884 0.936332 0.619206
threshold=0.57293053865432753 -0.002301899024704845 0.026922991040097325 0.00095182434837837182 0.34500000000000003 -0.013281257467528005 0.00066787763764009089 0.65500000000000014 0.0080418620390485546
decision_type=2 2 2 2 2 2 2 2 2
left_child=-1 2 7 4 5 -3 -6 -2 -5
right_child=1 3 -4 8 6 -7 -8 -9 -10
leaf_value=-0.021210456721280063 0.015683900873227786 0.015962847021320548 0.035053124542746138 -0.0086474779457424 -0.0098040604258828289 -0.025491084808838289 0.03228286534266471 -0.017895015093365323 -0.040434816458094269
leaf_weight=4.1691693179309359 4.6309714857488853 2.8298535803332925 5.1510766856372348 3.2715840991586438 2.5893421899527302 5.2931248471140879 4.7668297812342644 3.7629630416631699 2.8812836762517691
leaf_count=24 26 14 27 22 28 40 28 19 22
internal_value=-0.000219195 0.00226868 0.0137213 -0.00490242 0.0025031 -0.0110495 0.0174684 0.000630624 -0.0235329
internal_weight=39.3462 35.177 13.545 21.632 15.4792 8.12298 7.35617 8.39393 6.15287
internal_count=250 226 72 154 110 54 56 45 44
is_linear=0
shrinkage=0.05


Tree=204
num_leaves=10
num_cat=0
split_feature=28 21 29 0 8 0 29 8 12
split_gain=0.768791 0.947305 1.15665 0.969681 1.16882 0.866336 1.16985 1.11671 0.00136676
threshold=-0.096574303923250213 0.00020139240034111608 -0.0035934354107605699 -0.0024098268414474706 0.004658466581831929 0.0054449427277806226 0.0033149998586834433 -0.0080540857934934037 -1.0000000180025095e-35
decision_type=2 2 2 2 2 2 2 2 2
left_child=-1 5 -3 -4 -5 6 7 -2 -8
right_child=1 2 3 4 -6 -7 8 -9 -10
leaf_value=0.02315614493151914 0.015328039597742246 0.036755245682458665 0.02118770427963676 -0.021764642360422651 0.012777045198051099 0.013877512135480339 -0.036153040903458049 -0.01837024451516325 -0.037939632998225781
leaf_weight=3.2580307684838763 3.8478090763092032 2.630176696926358 4.0976545102894315 5.9879710376262629 4.143933717161417 3.1039956137537947 2.4986701160669327 6.8087709899991777 1.8728701882064331
leaf_count=15 17 39 25 33 20 18 28 39 16
internal_value=-7.46908e-05 -0.00223767 0.00629392 0.000663483 -0.00763714 -0.0101706 -0.0151376 -0.00620269 -0.0369185
internal_weight=38.2499 34.9919 16.8597 14.2296 10.1319 18.1321 15.0281 10.6566 4.37154
internal_count=250 235 117 78 53 118 100 56 44
is_linear=0
shrinkage=0.05


Tree=205
num_leaves=11
num_cat=0
split_feature=32 32 16 29 29 29 6 23 11 16
split_gain=0.633896 0.757882 1.46476 0.997907 0.749669 1.07829 0.589088 0.246413 0.210791 0.00143277
threshold=0.065285399631770422 -0.034935575588706448 0.0072847571243107858 -1.0000000180025095e-35 0.0040863722802544364 0.002339464084286536 0.99806916552231006 -0.00095123756154930062 0.57425519287586224 0.0081744100094172829
decision_type=2 2 2 2 2 2 2 2 2 2
left_child=1 2 3 -1 5 7 -5 -2 -4 -10
right_child=4 -3 8 6 -6 -7 -8 -9 9 -11
leaf_value=-0.016789095400379633 -0.003115494721513113 0.019249620064684444 -0.0093250177890432887 0.0030565297318946765 -0.037567443420558268 0.028825060710956731 0.031239349439688931 -0.036357047446252296 -0.03717309330322234 -0.034828644754701522
leaf_weight=2.9321226794272688 0.92292293906211842 6.223831527866424 1.0060055050998937 3.5782274305820456 2.1311186337843537 1.7396251671016214 3.8482989687472582 1.4080124567262822 1.539625156670809 1.1299657765775917
leaf_count=26 11 39 10 19 29 10 21 32 14 39
internal_value=0.000445309 0.00472726 -0.00171304 0.0079091 -0.0135419 -0.000963439 0.0176604 -0.0231952 -0.0288304 -0.0361808
internal_weight=26.4598 20.2581 14.0342 10.3586 6.20168 4.07056 7.42653 2.33094 3.6756 2.66959
internal_count=250 168 129 66 82 53 40 43 63 53
is_linear=0
shrinkage=0.05


Tree=206
num_leaves=10
num_cat=0
split_feature=21 27 33 7 20 2 27 7 2
split_gain=0.799074 0.796822 0.700818 1.27873 1.01964 0.882053 0.740268 0.680408 0.100057
threshold=-0.0024933130898751039 -0.0020918071227466468 0.34500000000000003 0.57526236176490797 -0.077765495100857215 -0.0062259614841679847 -0.0072446442111588896 0.59027835428714759 -0.0067625185975209714
decision_type=2 2 2 2 2 2 2 2 2
left_child=1 -1 3 -2 -4 -6 -5 -7 -8
right_child=2 -3 4 6 5 7 8 -9 -10
leaf_value=-0.00043301948184967321 0.011030943648074967 0.030492128115479022 -0.016890168818453746 -0.0069509321799498432 -0.0086191017332289451 0.030491469722415163 -0.044461915051814821 0.0016869208662280968 -0.030114205488228726
leaf_weight=4.6590296663343906 3.8147070016711977 3.7671540416777116 4.9749483279883888 3.7470540134236208 4.3361049834638843 5.1650102436542475 2.1717577222734681 3.3995452709496021 2.7586055500432849
leaf_count=28 22 26 22 22 34 31 13 24 28
internal_value=-0.000230084 0.0133929 -0.00401008 -0.0130962 0.00233964 0.00975533 -0.0237028 0.019058 -0.0364342
internal_weight=38.7939 8.42618 30.3677 12.4921 17.8756 12.9007 8.67742 8.56456 4.93036
internal_count=250 54 196 85 111 89 63 55 41
is_linear=0
shrinkage=0.05


Tree=207
num_leaves=6
num_cat=0
split_feature=28 13 23 33 15
split_gain=0.701929 0.909823 0.920274 1.19685 1.47745
threshold=-0.096574303923250213 31.674897332386326 0.0082086458205183916 0.23500000000000001 0.010850845689223254
decision_type=2 2 2 2 2
left_child=-1 -2 3 -3 -5
right_child=1 2 -4 4 -6
leaf_value=0.022189281038852468 -0.02323111850172738 0.016421991794810926 0.023562430361668541 -0.014373803697451983 0.023429358478932065
leaf_weight=3.2344105206429949 4.4644444137811652 6.3650527857244077 3.9162482535466543 16.670626901090149 3.0588674023747435
leaf_count=15 31 38 38 107 21
internal_value=-8.20649e-05 -0.00217153 0.000961326 -0.00243063 -0.00851279
internal_weight=37.7097 34.4752 30.0108 26.0945 19.7295
internal_count=250 235 204 166 128
is_linear=0
shrinkage=0.05


Tree=208
num_leaves=10
num_cat=0
split_feature=17 5 31 13 8 25 16 6 24
split_gain=0.614457 0.856842 0.775391 0.983002 0.642347 0.906645 0.905777 0.306471 0.00067354
threshold=-3.9877528213727841e-05 0.0055442066047449818 -0.11301076866706793 31.674897332386326 0.0021063073551174129 0.0042163440294625829 0.0060058424245078611 0.95468797852071452 -0.0068616275588160849
decision_type=2 2 2 2 2 2 2 2 2
left_child=1 2 -1 -4 5 7 -6 -2 -3
right_child=4 8 3 -5 6 -7 -8 -9 -10
leaf_value=0.014201442097429002 0.036757130544260712 -0.036531052825004857 0.012837345285562031 -0.037456106958922014 -0.038032681429483899 -0.0040941474506441282 0.0082148256724717487 0.0151948739374737 -0.034828322651543238
leaf_weight=4.0385542819276443 2.980166214052586 1.2107748761773112 1.6472605532035256 2.3685479089617729 1.702505282126366 4.5621059387922287 2.7998728631064296 3.6863941373303533 1.1161898500286032
leaf_count=30 19 13 10 34 16 36 33 26 33
internal_value=0.000452108 -0.00898948 -0.00126848 -0.016826 0.00668286 0.0130807 -0.00927296 0.0248339 -0.0357143
internal_weight=26.1124 10.3813 8.05436 4.01581 15.731 11.2287 4.50238 6.66656 2.32696
internal_count=250 120 74 44 130 81 49 45 46
is_linear=0
shrinkage=0.05


Tree=209
num_leaves=7
num_cat=0
split_feature=22 8 3 13 7 9
split_gain=0.800173 0.911291 0.862664 1.12764 1.36446 0.933496
threshold=-0.010224915326078053 -0.011795579183823119 -0.01385217568953828 65.88286058407077 0.58808613419532796 0.58020919412374516
decision_type=2 2 2 2 2 2
left_child=-1 -2 5 4 -4 -3
right_child=1 2 3 -5 -6 -7
leaf_value=0.023986567479145585 0.020441995786995962 0.00071114965397566865 0.01649594709363009 -0.023645724599844972 -0.010057104458361629 -0.035286640751440737
leaf_weight=3.1327455993741742 3.8887510355561963 3.1075424626469639 10.726076063700026 4.3439126983284941 8.8134545469656569 4.2832788750529289
leaf_count=18 27 17 60 26 68 34
internal_value=-0.000227465 -0.00238474 -0.0052231 -0.000603599 0.00451899 -0.020151
internal_weight=38.2958 35.163 31.2743 23.8834 19.5395 7.39082
internal_count=250 232 205 154 128 51
is_linear=0
shrinkage=0.05


Tree=210
num_leaves=8
num_cat=0
split_feature=29 28 21 26 24 16 0
split_gain=0.673388 0.767196 1.03891 1.22957 1.90603 1.18876 1.05081
threshold=-0.0093031486362166165 -0.096574303923250213 0.00020139240034111608 0.0021583050964145705 -0.0025921583594201709 0.0077343321912781626 -0.0003992982303850367
decision_type=2 2 2 2 2 2 2
left_child=-1 -2 3 -3 -5 6 -4
right_child=1 2 5 4 -6 -7 -8
leaf_value=0.023449316867171329 0.021473408327023866 -0.035810802622807739 0.013677473243177746 -0.022786295684109188 0.018636367324866572 0.029898881297478683 -0.016016126038789626
leaf_weight=2.8128552595153442 3.1644410341978064 4.417198900133374 5.3727683424949637 6.3586193434894058 4.9305070936679849 3.6149701680988064 6.6886403039097777
leaf_count=24 14 37 30 46 27 37 35
internal_value=-7.57991e-05 -0.00199123 -0.00435726 -0.0134459 -0.00469502 0.00474876 -0.00278908
internal_weight=37.36 34.5471 31.3827 15.7063 11.2891 15.6764 12.0614
internal_count=250 226 212 110 73 102 65
is_linear=0
shrinkage=0.05


Tree=211
num_leaves=8
num_cat=0
split_feature=29 27 16 4 29 26 19
split_gain=0.604402 0.986101 0.698504 0.950447 0.893185 0.883568 0.189275
threshold=0.0080479003464957195 -0.033109752436628496 0.0072847571243107858 0.0038969724369864018 0.0051853945891207074 0.013580369033831642 -0.0377800591992472
decision_type=2 2 2 2 2 2 2
left_child=1 -1 4 -4 5 -3 -5
right_child=-2 2 3 6 -6 -7 -8
leaf_value=0.037324647426050989 -0.021197077928637981 0.010590365894861477 0.016994546846354982 -0.0075040773122143738 0.026894400326518859 -0.016433408119866745 -0.035948767362153293
leaf_weight=1.9288254529237807 2.8783456920646122 6.8674962199293095 1.5236890991218377 0.73526364192366633 3.6387309711426488 5.4055982958525419 2.8584575727581978
leaf_count=9 34 53 14 11 19 47 63
internal_value=0.000400888 0.00310871 -2.96118e-05 -0.0160982 0.00513822 -0.00131207 -0.0301291
internal_weight=25.8364 22.9581 21.0292 5.11741 15.9118 12.2731 3.59372
internal_count=250 216 207 88 119 100 74
is_linear=0
shrinkage=0.05


Tree=212
num_leaves=10
num_cat=0
split_feature=11 22 26 26 25 16 33 7 24
split_gain=0.790172 1.04471 1.39109 1.15305 1.28068 0.984752 0.80345 0.289739 0.16814
threshold=0.57293053865432753 -0.002301899024704845 0.026922991040097325 -0.018981985334539982 0.0012177978034709771 0.0058262042463009091 0.65500000000000014 0.58917477428913123 -1.0000000180025095e-35
decision_type=2 2 2 2 2 2 2 2 2
left_child=-1 2 6 7 8 -6 -2 -3 -5
right_child=1 3 -4 4 5 -7 -8 -9 -10
leaf_value=-0.021063009097247537 0.014864885536995324 0.0052069031888457868 0.034095921873821176 -0.040812616611149856 0.015301727578639205 -0.014285383303835842 -0.016703264152077808 0.030697836458777335 -0.021812893765670388
leaf_weight=4.0530358627438536 4.4540682770311815 2.2486610515043131 4.9975533764809361 2.7211206667125225 4.8506123106926662 6.6924838405102491 3.6816086508333683 2.2106470344588161 2.0354780731722775
leaf_count=24 26 22 27 18 26 39 19 20 29
internal_value=-0.000198329 0.00229679 0.0133334 -0.00468553 -0.0108491 -0.00185236 0.000579464 0.0178437 -0.0326821
internal_weight=37.9453 33.8922 13.1332 20.759 16.2997 11.5431 8.13568 4.45931 4.7566
internal_count=250 226 72 154 112 65 45 42 47
is_linear=0
shrinkage=0.05


Tree=213
num_leaves=8
num_cat=0
split_feature=23 27 0 22 25 28 17
split_gain=0.644934 1.14397 1.07796 0.910574 1.47322 0.95675 0.490066
threshold=-0.013562418320805845 -0.014721517926501447 0.0064742164117858056 0.0061741923939917518 0.0052830468921410976 0.013037091840812478 -4.9606079996363862e-05
decision_type=2 2 2 2 2 2 2
left_child=-1 6 3 4 -3 -5 -2
right_child=1 2 -4 5 -6 -7 -8
leaf_value=0.019441391095019744 -0.0059718259302389892 0.0019030412800564126 0.028576629836622448 0.03625831150376934 -0.030281977699443477 -0.004006003488556337 -0.033808625266308255
leaf_weight=3.808489389717578 2.87316619977355 12.373747702687988 3.3969414457678786 2.844932295382022 4.989083617925643 3.0646774768829346 3.5158269498497239
leaf_count=21 17 83 23 19 37 23 27
internal_value=-4.24253e-05 -0.00228706 0.0022654 -0.00157509 -0.00734509 0.0153776 -0.0212903
internal_weight=36.8669 33.0584 26.6694 23.2724 17.3628 5.90961 6.38899
internal_count=250 229 185 162 120 42 44
is_linear=0
shrinkage=0.05


Tree=214
num_leaves=8
num_cat=0
split_feature=31 27 24 11 26 24 5
split_gain=0.594114 0.743128 0.902624 0.966775 0.836735 0.905578 0.0694465
threshold=0.19302244266424434 -0.019696370333794063 -0.0046630972275966678 0.58774542212486269 0.0074195819369486946 0.011384922219943474 0.0046281344656441429
decision_type=2 2 2 2 2 2 2
left_child=1 -1 3 -3 5 -4 -6
right_child=-2 2 4 -5 6 -7 -8
leaf_value=0.019489961178957058 -0.024242125691999298 0.022051783462606608 -0.024485963496471613 -0.011272453392472299 -0.022739375044110815 0.017412587585974765 -0.036763267439177731
leaf_weight=5.1578137408942046 2.2354441885836414 5.5768353277817422 2.2466131271794385 3.5694558001123369 1.4336813157424333 3.0275768614374101 2.2973783342167735
leaf_count=34 31 34 28 36 16 37 34
internal_value=0.00038065 0.00274206 -0.00201691 0.00904658 -0.0132537 -0.000434671 -0.0313745
internal_weight=25.5448 23.3094 18.1515 9.14629 9.00525 5.27419 3.73106
internal_count=250 219 185 70 115 65 50
is_linear=0
shrinkage=0.05


Tree=215
num_leaves=9
num_cat=0
split_feature=21 16 26 27 13 22 6 25
split_gain=0.736783 1.06011 0.754767 0.817935 1.16865 0.865864 0.331502 0.000932248
threshold=0.0029554208860244073 0.0095655237027620858 -0.02433451875377712 0.004165866948583786 50.05474669062675 -0.002301899024704845 0.88492409221180424 -0.0014197207558074296
decision_type=2 2 2 2 2 2 2 2
left_child=1 2 -1 4 -4 -5 -2 -8
right_child=6 -3 3 5 -6 -7 7 -9
leaf_value=0.020003890015179094 0.00035884260575525916 0.027327870274165764 -0.0010530382027252201 0.021488364054607079 -0.028024426644943215 -0.0088387938566309148 -0.034779105910666387 -0.036945512508305585
leaf_weight=3.6988349230960038 0.92464147694408838 3.6430898811668149 11.572921197861438 5.2028434928506613 6.1507591791450968 4.2976593542844039 0.97553181741386663 1.0114469630643721
leaf_count=24 10 29 57 27 33 28 28 14
internal_value=-0.000217717 0.00181696 -0.00118852 -0.00406784 -0.0104131 0.00776953 -0.0243729 -0.0358819
internal_weight=37.4777 34.5661 30.923 27.2242 17.7237 9.5005 2.91162 1.98698
internal_count=250 198 169 145 90 55 52 42
is_linear=0
shrinkage=0.05


Tree=216
num_leaves=8
num_cat=0
split_feature=2 34 32 21 17 3 14
split_gain=0.635464 1.48733 0.765136 1.46024 1.0772 1.05448 1.02469
threshold=0.028870196427363329 1.4080835361424526 -0.18332467089323864 0.0013112881169073944 -5.7239657170834947e-05 -0.0034166714775000768 0.39311398686405685
decision_type=2 2 2 2 2 2 2
left_child=1 2 5 4 -4 -1 -5
right_child=-2 -3 3 6 -6 -7 -8
leaf_value=0.027832015353780545 -0.023141910907688322 0.036482443181222311 0.00033539804108722226 -0.0031160529701723229 -0.025070852609525525 -0.010905535005282196 0.036451312217702897
leaf_weight=4.5011127330362797 2.7496529407799235 2.8399860300123683 7.6188362799584928 3.7647251971065989 9.2221724987030012 2.8813332282006767 2.8942169733345509
leaf_count=30 14 19 49 32 61 20 25
internal_value=-2.89399e-05 0.00185564 -0.00132868 -0.00573982 -0.0135771 0.0127129 0.0140814
internal_weight=36.472 33.7224 30.8824 23.5 16.841 7.38245 6.65894
internal_count=250 236 217 167 110 50 57
is_linear=0
shrinkage=0.05


Tree=217
num_leaves=11
num_cat=0
split_feature=25 16 8 23 8 0 22 14 27 15
split_gain=0.565939 1.00832 0.605412 1.12629 0.745731 0.489228 0.458993 0.0758026 0.0013401 2.25317e-05
threshold=0.02489918393512747 0.0080916097938561107 0.0021063073551174129 0.0013613179649126785 -0.0052340870945499244 -0.0024098268414474706 0.0012587613250992782 0.18681111242540213 -0.027074638446665019 0.0090844150950784436
decision_type=2 2 2 2 2 2 2 2 2 2
left_child=1 2 4 -4 5 -1 -6 -3 -9 -10
right_child=-2 7 3 -5 6 -7 -8 8 9 -11
leaf_value=-0.016260632865447346 -0.025395216894267165 -0.012146755461670829 -0.029442687366375505 0.013653374475773007 0.030344948463366446 0.010707319180782937 0.0058884202587467611 -0.037302998651517948 -0.034387316886309673 -0.033955803638525919
leaf_weight=2.9757394082844257 1.9729974707588542 0.46155356615781729 2.9811180904507628 3.0848956052213907 5.195136218331756 3.8673358485102716 3.0417385250329971 0.46227575559169065 0.53846824774518565 0.69036137172952294
leaf_count=24 18 17 30 27 26 24 25 6 15 38
internal_value=0.000317038 0.00249443 0.0058132 -0.00752601 0.011179 -0.00101981 0.0213136 -0.0301064 -0.0350082 -0.0341449
internal_weight=25.2716 23.2986 21.146 6.06601 15.08 6.84308 8.23687 2.15266 1.69111 1.22883
internal_count=250 232 156 57 99 48 51 76 59 53
is_linear=0
shrinkage=0.05


Tree=218
num_leaves=9
num_cat=0
split_feature=22 21 16 28 15 21 33 29
split_gain=0.726638 0.823468 0.951388 1.01065 1.3386 0.780355 0.772167 0.00186201
threshold=-0.010224915326078053 0.0019773403340929145 0.0082663386996949355 -0.017113539039669608 0.0098724357532675219 -0.0007087950948867493 0.62500000000000011 0.0026216089184337714
decision_type=2 2 2 2 2 2 2 2
left_child=-1 2 3 5 -5 -2 7 -3
right_child=1 6 -4 4 -6 -7 -8 -9
leaf_value=0.023250717147171186 -0.032350901058174085 -0.034851367907302713 0.019843100171674417 0.013726544877767833 -0.019587189013605524 -0.0028491479988264597 0.0070130755341064645 -0.037320375886252026
leaf_weight=3.0361982416361561 4.2223013490438461 1.362409450579434 5.3691646866500369 10.877217620611193 4.1719311848282805 4.7779530324041861 1.5472177453339098 1.7374430075287817
leaf_count=18 19 36 37 58 21 23 23 15
internal_value=-0.0001875 -0.0022765 0.000813185 -0.00343535 0.0044913 -0.0166893 -0.0218359 -0.0362352
internal_weight=37.1018 34.0656 29.4186 24.0494 15.0491 9.00025 4.64707 3.09985
internal_count=250 232 158 121 79 42 74 51
is_linear=0
shrinkage=0.05


Tree=219
num_leaves=6
num_cat=0
split_feature=13 23 27 33 6
split_gain=0.632186 0.782183 1.32912 1.17032 1.05786
threshold=32.195348833919574 -0.013562418320805845 -0.014721517926501447 0.24500000000000002 0.80528015183799839
decision_type=2 2 2 2 2
left_child=-1 -2 -3 -4 -5
right_child=1 2 3 4 -6
leaf_value=-0.016156341373644564 0.025443589938194067 -0.02192584234697904 0.027135650000386868 0.026607267065613806 -0.0064143452879317142
leaf_weight=5.1936279553920022 3.3674803674221065 5.5564397219568518 4.8466769643127945 2.9308738484978702 14.061002928763626
leaf_count=36 18 37 39 16 104
internal_value=-2.08786e-05 0.00270327 -9.20415e-05 0.00546319 -0.000718554
internal_weight=35.9561 30.7625 27.395 21.8386 16.9919
internal_count=250 214 196 159 120
is_linear=0
shrinkage=0.05


Tree=220
num_leaves=10
num_cat=0
split_feature=32 29 23 27 13 17 34 19 5
split_gain=0.566922 0.693427 0.969468 0.652943 0.687603 0.931745 0.859913 0.595514 0.200362
threshold=0.065285399631770422 0.0040863722802544364 -0.0023865193985180828 -0.019696370333794063 44.337530627580911 8.2595650866350417e-05 -1.5200885470993741 -0.01800405366926355 0.0046281344656441429
decision_type=2 2 2 2 2 2 2 2 2
left_child=3 2 -2 -1 6 8 -5 -8 -6
right_child=1 -3 -4 4 5 -7 7 -9 -10
leaf_value=0.023568205792340313 0.022626442366909406 -0.037456163967234293 -0.028218375211555142 -0.0094455110503980366 -0.012566956604312014 0.010658017317186899 0.040688181215659223 0.0071019680959242869 -0.036468506921702601
leaf_weight=3.6119818231090948 2.0255797691643238 1.9786168178543446 1.7453252985142165 3.7958444897085428 1.3480215701274585 2.5904967933893204 2.3269278071820736 3.0493729882873577 2.5083172125741839
leaf_count=23 15 29 38 26 18 21 13 30 37
internal_value=0.000291176 -0.0134846 -0.000906568 0.00440975 -2.07589e-05 -0.0125341 0.00877454 0.0216385 -0.0281135
internal_weight=24.9805 5.74952 3.77091 19.231 15.619 6.44684 9.17215 5.3763 3.85634
internal_count=250 82 53 168 145 76 69 43 55
is_linear=0
shrinkage=0.05


Tree=221
num_leaves=9
num_cat=0
split_feature=11 21 11 25 24 3 11 17
split_gain=0.710011 0.944139 0.72184 0.972451 0.886219 1.17303 0.466667 0.398935
threshold=0.57293053865432753 -0.0035448987863623822 0.58580574333667768 0.011016035910764834 0.0082458491579464627 -0.012361822715727609 0.59274459600448626 -3.4975499912913667e-05
decision_type=2 2 2 2 2 2 2 2
left_child=-1 -2 3 7 5 -4 -6 -3
right_child=1 2 4 -5 6 -7 -8 -9
leaf_value=-0.020115836555745382 0.026979620921159443 -0.012667359563260939 -0.022217343650192838 0.033012082985908756 -0.009473739905277891 0.0092517526734960144 -0.041798198095859024 0.01019333642325591
leaf_weight=3.9801001176238051 3.4521839525550595 3.4422200117260218 4.287246812134982 3.138367272913456 2.1729196803644291 9.5748678958043456 2.2967816339805722 4.282715293113144
leaf_count=24 29 25 28 14 25 52 24 29
internal_value=-0.000178091 0.00225256 -0.000671296 0.00954179 -0.0067235 -0.000480946 -0.0260838 6.64332e-06
internal_weight=36.6274 32.6473 29.1951 10.8633 18.3318 13.8621 4.4697 7.72494
internal_count=250 226 197 68 129 80 49 54
is_linear=0
shrinkage=0.05


Tree=222
num_leaves=8
num_cat=0
split_feature=29 28 21 26 24 16 0
split_gain=0.631844 0.746643 0.927242 1.10258 1.60949 1.02874 0.926222
threshold=-0.0093031486362166165 -0.096574303923250213 0.00020139240034111608 0.0021583050964145705 -0.0025921583594201709 0.0077343321912781626 -0.0003992982303850367
decision_type=2 2 2 2 2 2 2
left_child=-1 -2 3 -3 -5 6 -4
right_child=1 2 5 4 -6 -7 -8
leaf_value=0.023366539901467611 0.021709187234060501 -0.034998101197966293 0.01328803029849282 -0.021912493207666014 0.016805323304525065 0.029030159138019054 -0.01520029785590378
leaf_weight=2.6739927595481268 3.0384132266044608 4.1489130444824722 5.1427183374762526 6.0378360617905829 4.8324121236801156 3.3289439007639876 6.4085004441440097
leaf_count=24 14 37 30 46 27 37 35
internal_value=-8.12034e-06 -0.00190575 -0.00430554 -0.0130698 -0.00470033 0.00454063 -0.00251701
internal_weight=35.6117 32.9377 29.8993 15.0192 10.8702 14.8802 11.5512
internal_count=250 226 212 110 73 102 65
is_linear=0
shrinkage=0.05


Tree=223
num_leaves=8
num_cat=0
split_feature=31 27 24 11 26 24 29
split_gain=0.546945 0.622569 0.815809 0.876941 0.786625 0.827325 0.0699737
threshold=0.19302244266424434 -0.019696370333794063 -0.0046630972275966678 0.58774542212486269 0.0074195819369486946 0.011384922219943474 0.00031498031954080302
decision_type=2 2 2 2 2 2 2
left_child=1 -1 3 -3 5 -4 -6
right_child=-2 2 4 -5 6 -7 -8
leaf_value=0.018119985493341501 -0.023819027727026879 0.021202969158441914 -0.023932829502929423 -0.010984901848560817 -0.02185393940543754 0.016950900073831755 -0.036460700978563486
leaf_weight=5.0033364794217112 2.1518968506716183 5.4554887302219921 2.1389395566657132 3.4568921993486583 1.3021448962390425 2.9358598724938929 2.2139574009925127
leaf_count=34 31 34 28 36 21 37 29
internal_value=0.000263535 0.00256611 -0.00187998 0.00871809 -0.0128746 -0.00028088 -0.0310513
internal_weight=24.6585 22.5066 17.5033 8.91238 8.5909 5.0748 3.5161
internal_count=250 219 185 70 115 65 50
is_linear=0
shrinkage=0.05


Tree=224
num_leaves=9
num_cat=0
split_feature=21 6 26 31 28 30 4 20
split_gain=0.670079 1.02082 1.0033 0.945136 1.16197 0.75519 0.699832 0.100755
threshold=0.00040390760757880178 0.87745184370244245 -0.01796537404307413 0.10259464852219044 -0.018112666604498281 0.0011659223562741074 0.0053743938890089262 -1.0000000180025095e-35
decision_type=2 2 2 2 2 2 2 2
left_child=2 -2 -1 4 -4 -3 -6 -7
right_child=1 5 3 -5 6 7 -8 -9
leaf_value=0.030468115800916729 0.011185212704431784 -0.0020745007766990189 -0.011042034095534855 -0.018521766721985453 0.029147686866917336 -0.039067523410529159 0.0027100366668117086 -0.024230379244305961
leaf_weight=3.2521489523351219 3.916303349658846 3.4418950588442367 5.9286778233945396 4.9308878183364859 5.3867503851652128 2.7475713258609167 4.6760654523968697 1.9607592467218644
leaf_count=22 27 37 31 23 33 25 26 26
internal_value=-0.000171331 -0.00979455 0.00463203 0.000616096 0.00651715 -0.0198756 0.0168624 -0.0328887
internal_weight=36.2411 12.0665 24.1745 20.9224 15.9915 8.15023 10.0628 4.70833
internal_count=250 115 135 113 90 88 59 51
is_linear=0
shrinkage=0.05


Tree=225
num_leaves=9
num_cat=0
split_feature=29 13 34 11 16 4 6 16
split_gain=0.600633 0.704285 0.996712 0.710574 1.01933 1.57403 0.666363 0.594708
threshold=-0.0093031486362166165 41.010789158825688 -1.8115844303605255 0.58862415075302132 0.0046617050402747275 0.004276727284450851 1.0198120458658417 0.0082663386996949355
decision_type=2 2 2 2 2 2 2 2
left_child=-1 2 -2 4 -3 -6 -5 -4
right_child=1 3 7 6 5 -7 -8 -9
leaf_value=0.022879372896001324 0.010202685292005641 0.02130368927268364 -0.034146275606969131 0.0011544712038579845 0.015853272382083474 -0.025048331648445728 0.0289675569255953 -0.0035968111446486959
leaf_weight=2.6477071475237599 3.2308372370898724 3.08062341436744 4.5225179865956289 4.5501347417011839 3.5326803475618345 7.0390555094927549 4.0886717773973942 2.4594159740954638
leaf_count=24 20 16 37 31 21 52 27 22
internal_value=-2.05875e-05 -0.00188597 -0.0127595 0.00309577 -0.00400542 -0.0113805 0.0143182 -0.0233851
internal_weight=35.1516 32.5039 10.2128 22.2912 13.6524 10.5717 8.63881 6.98193
internal_count=250 226 79 147 89 73 58 59
is_linear=0
shrinkage=0.05


Tree=226
num_leaves=9
num_cat=0
split_feature=32 29 23 32 16 30 11 24
split_gain=0.532041 0.65464 0.902482 0.628641 1.2454 0.845965 0.172397 0.000894
threshold=0.065285399631770422 0.0040863722802544364 -0.0023865193985180828 -0.034935575588706448 0.0072847571243107858 0.0085236415466097854 0.57425519287586224 -0.0053380768019015137
decision_type=2 2 2 2 2 2 2 2
left_child=3 2 -2 4 5 -1 -6 -8
right_child=1 -3 -4 -5 6 -7 7 -9
leaf_value=0.017798177798524942 0.021903737559660404 -0.037239956785297172 -0.027878685936579224 0.017937421963309528 -0.010096980310182071 -0.013168974746314236 -0.03700749037332321 -0.035034733712655523
leaf_weight=6.3760310681536811 1.9791383948177099 1.887452451046556 1.6858791718259445 5.8296169200912127 0.8960412326268864 3.3716303650289774 1.0213630753569312 1.3119926275685423
leaf_count=38 15 29 38 39 10 28 15 38
internal_value=0.000283269 -0.0133163 -0.000995785 0.00429839 -0.0018286 0.00708691 -0.0287393 -0.0358983
internal_weight=24.3591 5.55247 3.66502 18.8067 12.9771 9.74766 3.2294 2.33336
internal_count=250 82 53 168 129 66 63 53
is_linear=0
shrinkage=0.05


Tree=227
num_leaves=8
num_cat=0
split_feature=29 5 15 7 13 11 6
split_gain=0.670291 0.954146 1.37216 1.05732 0.872937 1.26514 0.776142
threshold=0.0079183424289078781 0.0067174571062145324 0.0093316150274975525 0.58808613419532796 63.507144723845677 0.57602244436740879 0.95667456733823275
decision_type=2 2 2 2 2 2 2
left_child=1 2 4 -4 5 -1 -5
right_child=-2 -3 3 6 -6 -7 -8
leaf_value=0.022571575876703946 0.014827218982730076 -0.024827678609031897 0.042285949867029826 0.027924155956253617 -0.033168071517098344 -0.013125664748997193 -0.0063745810213275793
leaf_weight=3.4555806741118493 6.1648538634181014 4.3831449784338465 2.5995482467114908 2.4898009691387415 2.9975201897323123 8.8099999865517002 4.8865370862185955
leaf_count=23 37 31 15 17 22 62 43
internal_value=-0.000172591 -0.0032943 0.00044531 0.0148659 -0.0089799 -0.00306869 0.00520258
internal_weight=35.787 29.6221 25.239 9.97589 15.2631 12.2656 7.37634
internal_count=250 213 182 75 107 85 60
is_linear=0
shrinkage=0.05


Tree=228
num_leaves=9
num_cat=0
split_feature=28 29 25 0 0 33 19 26
split_gain=0.584855 0.829363 0.927891 0.803808 0.9865 0.909805 0.715773 0.395007
threshold=-0.096574303923250213 -0.0028343717650526341 0.0077943764213005426 0.0054449427277806226 -0.0010240201882849018 0.34500000000000003 -0.012292146278990666 -0.011521201757304476
decision_type=2 2 2 2 2 2 2 2
left_child=-1 2 7 4 5 -3 -6 -2
right_child=1 3 -4 -5 6 -7 -8 -9
leaf_value=0.020907809061077979 0.01132792068428308 0.011978959332470512 -0.01107022299627565 0.012021635491622575 -0.0093774442676125905 -0.016159207633178303 -0.039437141364737735 0.039851510266933343
leaf_weight=3.0518347434699526 2.441063373349607 5.9205413889139944 2.6961539704352617 4.6977606788277617 3.9098834656178951 5.5804862827062607 4.0129284970462313 2.4141621096059707
leaf_count=15 28 35 15 27 34 42 31 23
internal_value=3.38785e-06 -0.00201085 0.0124498 -0.00653782 -0.0110265 -0.00167414 -0.0246028 0.0255107
internal_weight=34.7248 31.673 7.55138 24.1216 19.4238 11.501 7.92281 4.85523
internal_count=250 235 66 169 142 77 65 51
is_linear=0
shrinkage=0.05


Tree=229
num_leaves=8
num_cat=0
split_feature=31 27 24 11 26 24 7
split_gain=0.52041 0.576481 0.742141 0.781136 0.751931 0.74719 0.0729792
threshold=0.19302244266424434 -0.019696370333794063 -0.0046630972275966678 0.58774542212486269 0.0074195819369486946 0.011384922219943474 0.57760838270187387
decision_type=2 2 2 2 2 2 2
left_child=1 -1 3 -3 5 -4 -6
right_child=-2 2 4 -5 6 -7 -8
leaf_value=0.017660956564938126 -0.023678701976749008 0.020163192414857915 -0.023183506214456914 -0.010514019188064314 -0.021441399597648996 0.016308825022709705 -0.036541659600082259
leaf_weight=4.8789427713491085 2.0774067547172299 5.3785841953940743 2.0480662910267657 3.3785347365774214 1.3030845671892168 2.8845621417276561 2.0731448912993073
leaf_count=34 31 34 28 36 17 37 33
internal_value=0.000240206 0.00250448 -0.00182856 0.00832779 -0.0125328 -8.87029e-05 -0.0307136
internal_weight=24.0223 21.9449 17.066 8.75712 8.30886 4.93263 3.37623
internal_count=250 219 185 70 115 65 50
is_linear=0
shrinkage=0.05


Tree=230
num_leaves=9
num_cat=0
split_feature=21 11 11 25 33 29 0 17
split_gain=0.668893 0.618746 0.640535 0.888863 0.676312 1.02472 0.707018 0.37002
threshold=-0.0031355868358565737 0.57293053865432753 0.58580574333667768 0.011016035910764834 0.34500000000000003 0.0027171793287790185 -0.00028150837613849505 -3.4975499912913667e-05
decision_type=2 2 2 2 2 2 2 2
left_child=-1 -2 3 7 6 -6 -4 -3
right_child=1 2 4 -5 5 -7 -8 -9
leaf_value=0.016543687968830857 -0.025232005802814018 -0.012638966130927515 -0.039861531423594214 0.032007264482990717 -0.015794498564581604 0.014063497175349611 -0.0036422150532339904 0.0097407978933181337
leaf_weight=5.1217033695429555 2.83516323193908 3.3239468401297927 2.6329722004011273 3.0009587407112122 5.391044804826377 6.1536626629531384 2.7595147201791432 4.1565069970674831
leaf_count=39 19 25 25 14 50 32 17 29
internal_value=-0.000166442 -0.00299532 -0.000695986 0.00901872 -0.00670783 0.000120676 -0.0213269 -0.000203672
internal_weight=35.3755 30.2538 27.4186 10.4814 16.9372 11.5447 5.39249 7.48045
internal_count=250 211 192 68 124 82 42 54
is_linear=0
shrinkage=0.05


Tree=231
num_leaves=6
num_cat=0
split_feature=13 23 27 32 24
split_gain=0.586094 0.703588 1.15102 0.971917 0.684419
threshold=32.195348833919574 -0.013562418320805845 -0.018199025752940131 -0.40705853454327484 -0.0039215571686257436
decision_type=2 2 2 2 2
left_child=-1 -2 -3 -4 -5
right_child=1 2 3 4 -6
leaf_value=-0.015942157525186958 0.024642123611726224 -0.024155711663004439 -0.022743232280656167 -0.0049223851317566989 0.015217498912819736
leaf_weight=4.9367750473320475 3.2433081679046181 4.1625243816524771 2.8446669057011666 6.2902755402028658 12.807198384776699
leaf_count=36 18 27 22 43 104
internal_value=-2.80401e-06 0.00267844 -5.03853e-05 0.00452251 0.00858388
internal_weight=34.2847 29.348 26.1047 21.9421 19.0975
internal_count=250 214 196 169 147
is_linear=0
shrinkage=0.05


Tree=232
num_leaves=10
num_cat=0
split_feature=17 5 0 27 8 2 25 6 24
split_gain=0.493387 0.753596 0.708675 0.614403 0.566151 0.854018 0.749917 0.251212 0.00048619
threshold=-3.9877528213727841e-05 0.0055442066047449818 -0.0016957237943864276 -0.0039516722137676865 0.0021063073551174129 0.012919128821184291 0.0042163440294625829 0.95468797852071452 -0.0090968427636823872
decision_type=2 2 2 2 2 2 2 2 2
left_child=1 2 -1 -4 6 -6 7 -2 -3
right_child=4 8 3 -5 5 -7 -8 -9 -10
leaf_value=-0.02657651201344546 0.035043307264712248 -0.036349440079452157 0.027750393586459796 -0.0063159342408750097 -0.028688513747404765 0.017579021950276663 -0.0038908877983931545 0.014508205392931531 -0.034801429067848867
leaf_weight=2.0067712618038058 2.7029861775226873 0.94822390750050578 2.3077383725903928 3.1035210480913538 2.4091015644371501 1.7019854448735712 4.153215036727488 3.3168745990842581 1.0906075718812642
leaf_count=31 19 11 14 29 29 20 36 26 35
internal_value=0.000260031 -0.00859863 -0.00119897 0.00821232 0.00612493 -0.00953381 0.0124528 0.0237287 -0.0355214
internal_weight=23.741 9.45686 7.41803 5.41126 14.2842 4.11109 10.1731 6.01986 2.03883
internal_count=250 120 74 43 130 49 81 45 46
is_linear=0
shrinkage=0.05


Tree=233
num_leaves=8
num_cat=0
split_feature=22 14 33 5 21 25 27
split_gain=0.64626 0.859165 0.787053 1.08165 1.25262 0.960481 0.862692
threshold=-0.010224915326078053 0.91261069408760076 0.34500000000000003 0.0067174571062145324 0.00090965672952703091 0.010820773144827657 -0.013281257467528005
decision_type=2 2 2 2 2 2 2
left_child=-1 2 5 4 -4 6 -2
right_child=1 -3 3 -5 -6 -7 -8
leaf_value=0.022427722426142653 0.0061686430172745183 -0.028007660918970514 0.025344996926692998 -0.012160422489789232 -0.012301931211133481 0.015796386149288438 -0.02661368743742908
leaf_weight=2.9003044608980408 2.8657046221196643 2.9340601414442053 8.7177631109952944 4.9130303468555203 2.9596762629225841 2.9619682133197776 6.6962407799437669
leaf_count=18 16 16 52 37 36 16 59
internal_value=-0.000173891 -0.00221928 0.000379595 0.00752224 0.0158033 -0.00908229 -0.0167889
internal_weight=34.9487 32.0484 29.1144 16.5905 11.6774 12.5239 9.56195
internal_count=250 232 216 125 88 91 75
is_linear=0
shrinkage=0.05


Tree=234
num_leaves=10
num_cat=0
split_feature=28 29 25 0 0 33 19 7 24
split_gain=0.564536 0.770712 0.887836 0.765015 0.914389 0.91154 0.685938 0.418737 0.00625897
threshold=-0.096574303923250213 -0.0030622976835565359 0.0077943764213005426 0.0054449427277806226 -0.0010240201882849018 0.13500000000000004 -0.012292146278990666 0.57470207512378702 -0.0084446454129469811
decision_type=2 2 2 2 2 2 2 2 2
left_child=-1 2 7 4 5 -3 -6 -2 -9
right_child=1 3 -4 -5 6 -7 -8 8 -10
leaf_value=0.020689224379861194 0.0064869388566109638 0.022960073274328099 -0.010762588283708352 0.011866844623831769 -0.0091475028054005657 -0.0098850945098634783 -0.038965772031178958 0.040289452744548808 0.035522703531912871
leaf_weight=3.0046876780688754 1.7645440548658395 2.8050333168357673 2.650696124881506 4.6268929094076148 3.8512092847377062 8.5545621979981643 3.8635250199586144 1.1952423639595509 1.624781004153192
leaf_count=15 8 15 15 27 34 65 31 7 33
internal_value=-2.103e-06 -0.00201174 0.0122719 -0.0063721 -0.0107963 -0.00177461 -0.0240804 0.0255899 0.037543
internal_weight=33.9412 30.9365 7.23526 23.7012 19.0743 11.3596 7.71473 4.58457 2.82002
internal_count=250 235 63 172 145 80 65 48 40
is_linear=0
shrinkage=0.05


Tree=235
num_leaves=8
num_cat=0
split_feature=31 27 1 7 25 23 30
split_gain=0.486538 0.529942 0.702989 1.13583 0.918165 1.12834 0.680731
threshold=0.19302244266424434 -0.019696370333794063 -0.0034561764784570843 0.57470207512378702 -0.0011540621058457876 -0.0037387814530928649 -0.0082307248416565986
decision_type=2 2 2 2 2 2 2
left_child=1 -1 4 -4 -3 -6 -5
right_child=-2 2 3 6 5 -7 -8
leaf_value=0.01710993175223554 -0.023181926059938126 0.032696470833527794 0.01637356704686535 0.012630466696106311 0.017780473832687774 -0.027231662011005797 -0.031837484427855972
leaf_weight=4.7871148558333578 2.0266123274341217 2.6705950703471899 2.484519241377706 1.046581686474388 3.0263141342438757 2.5784915192052775 4.8441434805281407
leaf_count=34 31 22 16 10 19 34 84
internal_value=0.000234912 0.00244862 -0.00176656 -0.0119789 0.00856898 -0.00292736 -0.023937
internal_weight=23.4644 21.4378 16.6506 8.37524 8.2754 5.60481 5.89073
internal_count=250 219 185 110 75 53 94
is_linear=0
shrinkage=0.05


Tree=236
num_leaves=9
num_cat=0
split_feature=21 29 1 16 16 27 21 21
split_gain=0.637306 0.751406 0.74473 0.585316 0.868602 0.817088 0.00454032 0.000469254
threshold=-0.0035448987863623822 -0.00081754060861255462 0.0066522696785845667 0.004583219894230905 0.0048857480062729696 0.0063316902180607934 -0.0014024552950721023 0.00030882381942320963
decision_type=2 2 2 2 2 2 2 2
left_child=-1 2 6 -3 -5 -6 -2 -8
right_child=1 3 -4 4 5 -7 7 -9
leaf_value=0.018647031964674054 -0.038972048065532366 -0.014765398373561551 0.00050248988032040604 0.029345059480418441 -0.0074424361759635113 0.015437422975977961 -0.035735181783981135 -0.034150115423725973
leaf_weight=3.986480150371789 1.0867419093847277 4.7393885664641884 2.5418465994298458 3.0504702031612423 11.371154963970186 5.9407783951610318 0.89548131823539978 0.97568342089653015
leaf_count=33 6 25 21 11 63 37 11 43
internal_value=-0.0001573 -0.00260695 -0.0193454 0.00106042 0.00474391 0.000409037 -0.0364016 -0.0349087
internal_weight=34.588 30.6015 5.49975 25.1018 20.3624 17.3119 2.95791 1.87116
internal_count=250 217 81 136 111 100 60 54
is_linear=0
shrinkage=0.05


Tree=237
num_leaves=6
num_cat=0
split_feature=13 23 27 33 6
split_gain=0.551921 0.656954 1.06088 0.971754 0.928753
threshold=32.195348833919574 -0.013562418320805845 -0.014721517926501447 0.24500000000000002 0.80528015183799839
decision_type=2 2 2 2 2
left_child=-1 -2 -3 -4 -5
right_child=1 2 3 4 -6
leaf_value=-0.01563865315169187 0.024010560439582631 -0.020329884531329147 0.025738612750104081 0.025517502655212548 -0.0062642113407917199
leaf_weight=4.8296431228518477 3.1932970397174385 5.145615084096792 4.4488148894161013 2.7869955897331229 13.120607163757084
leaf_count=36 18 37 39 16 104
internal_value=-9.7801e-07 0.00263096 -4.61346e-05 0.00508111 -0.000696088
internal_weight=33.525 28.6953 25.502 20.3564 15.9076
internal_count=250 214 196 159 120
is_linear=0
shrinkage=0.05


Tree=238
num_leaves=11
num_cat=0
split_feature=16 32 17 23 5 27 31 16 15 4
split_gain=0.473877 0.475066 0.604549 0.649967 0.52097 0.502116 0.417682 0.00110706 3.44633e-05 6.86565e-06
threshold=0.0080916097938561107 0.12339647754487655 -3.9877528213727841e-05 0.0013613179649126785 0.0055442066047449818 -1.0000000180025095e-35 0.16111557212488528 0.0082663386996949355 0.0090844150950784436 0.0059895794953320489
decision_type=2 2 2 2 2 2 2 2 2 2
left_child=1 2 3 -1 5 -4 7 -2 -9 -10
right_child=6 -3 4 -5 -6 -7 -8 8 9 -11
leaf_value=-0.018343284166437289 -0.03704395553638732 -0.016034044917620151 -0.0085463839296694172 0.011462729121041262 0.028037751446872407 0.019128855153001362 0.010936921405645256 -0.034457138004578516 -0.03373546052803874 -0.034039277209929351
leaf_weight=4.1457821074873271 0.43919933214783613 2.9213402057066551 3.3733123224228683 3.2730537243187428 3.86639061011374 3.1876721279695586 0.71308727143332351 0.44934296654537298 0.3356846421957016 0.41687916312366724
leaf_count=35 5 38 24 29 20 22 16 15 27 19
internal_value=0.000247094 0.00265711 0.00571677 -0.00519342 0.0134791 0.00489971 -0.0210129 -0.0348957 -0.0341106 -0.0339038
internal_weight=23.1217 20.7676 17.8462 7.41884 10.4274 6.56098 2.35419 1.64111 1.20191 0.752564
internal_count=250 168 130 64 66 46 82 66 61 46
is_linear=0
shrinkage=0.05


Tree=239
num_leaves=7
num_cat=0
split_feature=8 22 3 13 7 9
split_gain=0.608434 0.741762 0.710075 0.966376 0.950787 0.784052
threshold=-0.011795579183823119 -0.010224915326078053 -0.01385217568953828 65.88286058407077 0.58808613419532796 0.58020919412374516
decision_type=2 2 2 2 2 2
left_child=-1 -2 5 4 -4 -3
right_child=1 2 3 -5 -6 -7
leaf_value=0.01993497463841154 0.021961186902245366 0.00088617599376943426 0.015088364818289179 -0.022761760300712329 -0.0084312202067108669 -0.033901624389357642
leaf_weight=3.39144661463797 2.8418245911598232 2.8133019595406976 9.6834972091019207 3.9429918490350238 7.7248284514062098 3.8175388048402965
leaf_count=27 18 17 60 26 68 34
internal_value=-0.000166021 -0.00237766 -0.00484947 -0.000410796 0.00465171 -0.019142
internal_weight=34.2154 30.824 27.9822 21.3513 17.4083 6.63084
internal_count=250 223 205 154 128 51
is_linear=0
shrinkage=0.05


Tree=240
num_leaves=10
num_cat=0
split_feature=21 28 24 11 28 21 27 33 32
split_gain=0.528356 0.616934 1.90109 0.89729 0.788156 0.944743 0.931129 0.703343 0.226003
threshold=0.00345933293059475 -0.017113539039669608 -0.002015135361664921 0.58756233453750617 -0.0044504972991431515 -0.00030387879530863188 0.0068201055940260167 0.82500000000000007 -0.093277888211335078
decision_type=2 2 2 2 2 2 2 2 2
left_child=1 2 3 -1 -3 7 -7 -6 -2
right_child=8 4 -4 -5 5 6 -8 -9 -10
leaf_value=-0.024493875111209814 0.0072261211092934669 -0.02486366150197691 0.033886005175732876 0.0081834495430964504 -0.03086502384507276 0.029773874800864433 -0.0064698592164829528 0.0041733713437456582 0.036441660282716878
leaf_weight=3.9586930721998197 1.3635941017419102 4.9273193720728186 4.2407550700008896 4.476159181445837 3.4201130457222479 3.4030961487442219 3.6974336914718151 2.4641833789646626 1.2864565616473544
leaf_count=28 17 33 24 25 34 22 28 16 23
internal_value=-8.56223e-06 -0.0018641 0.00657712 -0.00715286 -0.00783757 -0.00137672 0.0109008 -0.0161919 0.0214087
internal_weight=33.2378 30.5878 12.6756 8.43485 17.9121 12.9848 7.10053 5.8843 2.65005
internal_count=250 210 77 53 133 100 50 50 40
is_linear=0
shrinkage=0.05


Tree=241
num_leaves=9
num_cat=0
split_feature=22 20 21 27 15 32 28 21
split_gain=0.457609 0.693565 0.662255 0.541933 0.53918 0.523471 0.515859 0.000584163
threshold=0.0082048974914769052 0.16096981848955397 -0.0015171906031645752 -0.018199025752940131 0.0081318505833619919 -0.32590391118848383 0.0080418620390485546 -0.002646338343760601
decision_type=2 2 2 2 2 2 2 2
left_child=1 2 3 -1 -4 -2 -6 -5
right_child=5 -3 4 7 6 -7 -8 -9
leaf_value=0.012452961538797151 0.0071422336400492198 0.029900117249522063 0.016253003359198989 -0.03459008310493026 -0.0125748078957265 -0.037574702634665093 0.011233046140410929 -0.036258329330805181
leaf_weight=0.82273453753441605 1.1147226989269259 2.114689912647008 5.557859115069733 1.1972212446853523 5.8559289327822608 1.5851034270599473 3.7210136661306024 0.93423240259290508
leaf_count=13 14 16 36 34 54 28 42 13
internal_value=0.00022198 0.00280554 -0.000361942 -0.0220163 0.0038648 -0.0191117 -0.00332453 -0.0353213
internal_weight=22.9035 20.2037 18.089 2.95419 15.1348 2.69983 9.57694 2.13145
internal_count=250 208 192 60 132 42 96 47
is_linear=0
shrinkage=0.05


Tree=242
num_leaves=9
num_cat=0
split_feature=21 27 23 9 7 7 19 21
split_gain=0.607532 0.629213 0.585179 0.768056 0.758875 1.13558 1.03957 0.557725
threshold=-0.0024933130898751039 0.003512235076551296 -0.0027669954116248392 0.58908429741859447 0.58097840249538435 0.5877581954002381 -0.007256721409300059 1.0000000180025095e-35
decision_type=2 2 2 2 2 2 2 2
left_child=1 -1 3 -2 7 -6 -7 -4
right_child=2 -3 4 -5 5 6 -8 -9
leaf_value=0.0016520764139193629 -0.0015683598334611073 0.032076310712576647 0.0024610601874422325 -0.031726274569081538 0.034590678837011522 0.016886136377825749 -0.021835259656999898 -0.024607982402612329
leaf_weight=4.7539076674729577 4.9788971464149672 2.6449004635214806 3.9875640943646458 3.66547826025635 3.2878634622320515 3.7407385827973503 3.2301616254262608 3.6398597452789545
leaf_count=34 35 20 18 27 19 27 41 29
internal_value=-0.000141457 0.012528 -0.00367471 -0.0143562 0.00148767 0.0103682 -0.00105651 -0.0104565
internal_weight=33.9294 7.39881 26.5306 8.64438 17.8862 10.2588 6.9709 7.62742
internal_count=250 54 196 62 134 87 68 47
is_linear=0
shrinkage=0.05


Tree=243
num_leaves=9
num_cat=0
split_feature=29 13 34 23 23 13 31 16
split_gain=0.532721 0.62192 0.866679 0.605778 0.678174 0.793924 0.640762 0.526037
threshold=-0.0093031486362166165 41.010789158825688 -1.8115844303605255 0.0080036353042441961 -0.0027669954116248392 57.617313997056513 -0.034650839878932312 0.0082663386996949355
decision_type=2 2 2 2 2 2 2 2
left_child=-1 2 -2 4 6 -6 -3 -4
right_child=1 3 7 -5 5 -7 -8 -9
leaf_value=0.022495164068957709 0.0096211800255288013 0.02457731759447121 -0.033413639396240966 0.025254424242225151 0.0030545215598755302 -0.025202267233486175 -0.003891822585436998 -0.0037347187055249082
leaf_weight=2.4418394537642589 3.0479702427983284 4.0764328651130199 4.1407059095799941 2.6790753705427042 5.9653699370101076 4.2617746442556381 3.8366713039577069 2.3348847962915897
leaf_count=24 20 27 37 27 40 28 25 22
internal_value=2.7698e-05 -0.00178037 -0.0123642 0.00306108 -0.000216584 -0.00872042 0.010774 -0.0227124
internal_weight=32.7847 30.3429 9.52356 20.8193 18.1402 10.2271 7.9131 6.47559
internal_count=250 226 79 147 120 68 52 59
is_linear=0
shrinkage=0.05


Tree=244
num_leaves=6
num_cat=0
split_feature=29 27 29 16 16
split_gain=0.460096 0.766789 0.571375 0.631195 0.688305
threshold=0.0080479003464957195 -0.033109752436628496 0.0051853945891207074 0.0046617050402747275 0.005482655021841234
decision_type=2 2 2 2 2
left_child=1 -1 3 -3 -5
right_child=-2 2 -4 4 -6
leaf_value=0.035009374180447937 -0.019994736519187706 0.012453291652875554 0.017082765768900793 -0.037014803759661118 -0.0048398736487047893
leaf_weight=1.6811608672142089 2.5162451276555649 3.9129222286865142 3.773451334796845 2.0562961488030842 8.673172209877519
leaf_count=9 34 29 32 26 120
internal_value=0.000161145 0.00268476 -0.000266114 -0.00473705 -0.0110062
internal_weight=22.6132 20.097 18.4158 14.6424 10.7295
internal_count=250 216 207 175 146
is_linear=0
shrinkage=0.05


Tree=245
num_leaves=6
num_cat=0
split_feature=11 11 21 26 30
split_gain=0.574282 1.11161 0.662883 0.716197 1.30217
threshold=0.57311292290687577 0.57708930373191847 -0.0035448987863623822 -0.02433451875377712 -0.0014179606538373688
decision_type=2 2 2 2 2
left_child=-1 -2 -3 -4 -5
right_child=1 2 3 4 -6
leaf_value=-0.016665115303437141 0.034031359046317065 0.023904073305953524 0.016268916173513507 -0.03126562895332665 -0.00027075955849502304
leaf_weight=4.5415608435869208 2.5429146364331272 2.5013547837734249 3.9600674193352523 4.3308375766500928 15.576610782649356
leaf_count=33 15 23 39 37 103
internal_value=-0.000136073 0.00246036 -0.000584223 -0.00315064 -0.00701365
internal_weight=33.4533 28.9118 26.3689 23.8675 19.9074
internal_count=250 217 202 179 140
is_linear=0
shrinkage=0.05


Tree=246
num_leaves=10
num_cat=0
split_feature=28 29 25 0 0 33 19 7 21
split_gain=0.53171 0.695715 0.81957 0.710317 0.806734 0.807092 0.647157 0.377793 0.00353687
threshold=-0.096574303923250213 -0.0030622976835565359 0.0077943764213005426 0.0054449427277806226 -0.0010240201882849018 0.13500000000000004 -0.012292146278990666 0.57470207512378702 0.00090965672952703091
decision_type=2 2 2 2 2 2 2 2 2
left_child=-1 2 7 4 5 -3 -6 -2 -9
right_child=1 3 -4 -5 6 -7 -8 8 -10
leaf_value=0.020326974781401455 0.0069270857359526291 0.021862312143457716 -0.010606278029870747 0.011688901525486585 -0.0086850604788570786 -0.0097262424221427717 -0.038381344108442295 0.039256711611884008 0.035549568922280748
leaf_weight=2.941034033894538 1.7065323740243936 2.6859414055943551 2.529814625158906 4.4634743984788647 3.7085991930216551 8.1816158778965455 3.6306949397549024 1.1430884785950186 1.471836752258241
leaf_count=15 8 15 15 27 34 65 31 8 32
internal_value=5.31695e-05 -0.00196657 0.0119958 -0.00618618 -0.0105683 -0.00191906 -0.0233756 0.0252272 0.0371701
internal_weight=32.4626 29.5216 6.85127 22.6703 18.2069 10.8676 7.33929 4.32146 2.61493
internal_count=250 235 63 172 145 80 65 48 40
is_linear=0
shrinkage=0.05


Tree=247
num_leaves=11
num_cat=0
split_feature=16 32 27 13 17 34 6 16 15 33
split_gain=0.450713 0.432121 0.554682 0.592634 0.877908 0.852532 0.379654 0.000875991 2.28794e-05 4.40957e-06
threshold=0.0080916097938561107 0.12339647754487655 -0.019696370333794063 44.337530627580911 8.2595650866350417e-05 -1.5200885470993741 1.1398804882445359 0.0084388460264830743 0.0090844150950784436 0.82500000000000007
decision_type=2 2 2 2 2 2 2 2 2 2
left_child=1 2 -1 5 -5 -4 7 -2 -9 -10
right_child=6 -3 3 4 -6 -7 -8 8 9 -11
leaf_value=0.023947106158516474 -0.036655943906465982 -0.015671973327092085 -0.0096533291421691848 -0.027903086561489866 0.012510126768304378 0.022629856019679165 0.010035982801539271 -0.034281183228465219 -0.033711125489130737 -0.033978443300594706
leaf_weight=3.2765624411404195 0.44078810699284021 2.8234892901964477 3.4577564783394337 3.3213760172948232 2.2570052649825811 5.0053185690194386 0.67851156601682294 0.48838108172640182 0.36122544715180993 0.26926541142165661
leaf_count=18 6 38 25 45 13 29 13 18 32 13
internal_value=0.000100417 0.00246576 0.00542289 0.00110028 -0.011552 0.00943992 -0.0211855 -0.034768 -0.0340243 -0.0338253
internal_weight=22.3797 20.1415 17.318 14.0415 5.57838 8.46308 2.23817 1.55966 1.11887 0.630491
internal_count=250 168 130 112 58 54 82 69 63 45
is_linear=0
shrinkage=0.05


Tree=248
num_leaves=7
num_cat=0
split_feature=8 22 16 24 17 20
split_gain=0.576258 0.6779 0.739392 0.831492 1.00332 0.330128
threshold=-0.011795579183823119 0.0066061922442051122 0.0046617050402747275 -0.02221139897748153 5.1661129973081579e-05 0.094292308539781225
decision_type=2 2 2 2 2 2
left_child=-1 2 -2 -4 -5 -3
right_child=1 5 3 4 -6 -7
leaf_value=0.019836696947716847 -0.015037069914047733 -0.034103485441871945 0.027314333975729674 0.0099860214915718296 -0.015514713722303029 -0.005235740591809257
leaf_weight=3.2612460888922206 5.8082269281148973 2.2507935534231356 3.5129576623439851 10.400502020493148 6.1310290717519811 1.7685418897308407
leaf_count=27 36 29 22 78 43 15
internal_value=-0.000119919 -0.00229866 0.000671259 0.00522301 0.000528594 -0.0214014
internal_weight=33.1333 29.8721 25.8527 20.0445 16.5315 4.01934
internal_count=250 223 179 143 121 44
is_linear=0
shrinkage=0.05


Tree=249
num_leaves=9
num_cat=0
split_feature=29 13 34 11 4 16 29 16
split_gain=0.509372 0.582491 0.786581 0.576819 0.837025 0.796089 0.565645 0.505172
threshold=-0.0093031486362166165 41.010789158825688 -1.8115844303605255 0.58862415075302132 0.0045387294542112598 0.0053166330981199387 0.0027171793287790185 0.0082663386996949355
decision_type=2 2 2 2 2 2 2 2
left_child=-1 2 -2 4 -3 -6 -5 -4
right_child=1 3 7 6 5 -7 -8 -9
leaf_value=0.022326656586756227 0.0089236813336101631 0.015077790711488541 -0.032976701645474754 0.025175332694554148 0.0053676876925683875 -0.025660167536430262 -0.0017561816021958395 -0.0034846541707352855
leaf_weight=2.380975035019218 3.0040956679731607 4.028435047715905 3.973385928198697 4.5121570564806452 3.5695363655686361 4.9120714636519551 3.4330935515463352 2.2881901981309056
leaf_count=24 20 24 37 35 22 43 23 22
internal_value=7.43098e-05 -0.00170835 -0.0121087 0.00300271 -0.0036886 -0.0126019 0.0135384 -0.0221993
internal_weight=32.1019 29.721 9.26567 20.4553 12.51 8.48161 7.94525 6.26158
internal_count=250 226 79 147 89 65 58 59
is_linear=0
shrinkage=0.05


Tree=250
num_leaves=10
num_cat=0
split_feature=31 17 0 12 27 8 2 25 34
split_gain=0.442523 0.46337 0.621114 0.788155 0.606241 0.586902 0.704783 0.53713 0.067322
threshold=0.19302244266424434 -3.9877528213727841e-05 -0.0016957237943864276 -0.0097134665619787661 -0.0039516722137676865 0.0021063073551174129 0.012919128821184291 0.0042163440294625829 -1.0700043177577852
decision_type=2 2 2 2 2 2 2 2 2
left_child=1 2 8 -4 -5 7 -7 -3 -1
right_child=-2 5 3 4 -6 6 -8 -9 -10
leaf_value=-0.03581939507511564 -0.022883622599714826 0.026934443943913661 0.019683067905794091 0.010662839181680749 -0.035720306109454057 -0.027384856640769412 0.016811195157621483 0.00091516525745943703 -0.018911090003203516
leaf_weight=1.3269824746530505 1.9149948272388417 4.7615204490721208 3.0409089112654328 1.1937198597006502 1.7188607831485603 2.0559888696298017 1.6071797143667934 3.3996736649423838 1.0581376212649045
leaf_count=21 31 39 18 10 30 26 20 31 24
internal_value=8.58857e-05 0.00226743 -0.00675864 0.00187867 -0.0167102 0.00863267 -0.00799427 0.0160957 -0.0283182
internal_weight=22.078 20.163 8.33861 5.95349 2.91258 11.8244 3.66317 8.16119 2.38512
internal_count=250 219 103 58 40 116 46 70 45
is_linear=0
shrinkage=0.05


Tree=251
num_leaves=10
num_cat=0
split_feature=21 27 23 9 7 23 19 21 7
split_gain=0.543387 0.583555 0.542253 0.702017 0.682377 1.0605 0.711179 0.500043 0.372761
threshold=-0.0024933130898751039 0.003512235076551296 -0.0027669954116248392 0.58908429741859447 0.58097840249538435 0.0066468461892038597 -0.007256721409300059 1.0000000180025095e-35 0.59075825810432447
decision_type=2 2 2 2 2 2 2 2 2
left_child=1 -1 3 -2 7 6 -6 -4 -7
right_child=2 -3 4 -5 5 8 -8 -9 -10
leaf_value=0.001549005662022369 -0.0016305699624785742 0.031529310025942892 0.0023930345226835692 -0.030962723274864008 0.035039405471020336 0.0024017189003114263 0.0035768479670971382 -0.023628576928396705 -0.034665113447973038
leaf_weight=4.6146946661174288 4.8503060918301362 2.5037577357143164 3.890915401279929 3.5204123733565211 3.7929763719439524 1.3279815530404451 3.4116150494664872 3.5131619516760111 1.3863298003561793
leaf_count=34 35 20 18 27 21 17 26 29 23
internal_value=-0.000130491 0.0120939 -0.00351727 -0.0139666 0.00153199 0.0101058 0.0201408 -0.00995396 -0.0165301
internal_weight=32.8122 7.11845 25.6937 8.37072 17.323 9.9189 7.20459 7.40408 2.71431
internal_count=250 54 196 62 134 87 47 47 40
is_linear=0
shrinkage=0.05


Tree=252
num_leaves=7
num_cat=0
split_feature=8 22 23 0 29 7
split_gain=0.504719 0.858601 0.764147 0.813756 0.612595 0.570519
threshold=-0.012192760185328737 0.0061741923939917518 -0.01183458642570606 0.0054449427277806226 1.0000000180025095e-35 0.59630402028560658
decision_type=2 2 2 2 2 2
left_child=-1 2 -2 4 -4 -3
right_child=1 5 3 -5 -6 -7
leaf_value=-0.021398690195929188 0.023204852155256899 0.034333734844082441 -0.00037825208764662632 0.012856442382409641 -0.019944414385470031 0.0029644556261883346
leaf_weight=2.5154937449842718 2.6025676783174339 2.9955364540219298 7.4616710273549023 4.6619338328018776 8.6238424563780409 2.808276453986764
leaf_count=24 16 27 55 32 73 23
internal_value=9.00839e-05 0.00194421 -0.00233369 -0.00553726 -0.0108682 0.0191552
internal_weight=31.6693 29.1538 23.35 20.7474 16.0855 5.80381
internal_count=250 226 176 160 128 50
is_linear=0
shrinkage=0.05


Tree=253
num_leaves=11
num_cat=0
split_feature=25 16 8 23 24 27 33 26 16 15
split_gain=0.425937 0.648617 0.434233 0.856911 0.506122 0.515462 0.375558 0.35328 0.00115671 1.40639e-05
threshold=0.02489918393512747 0.0080278989070882208 0.0021063073551174129 0.0013613179649126785 -0.0046630972275966678 -1.0000000180025095e-35 0.28500000000000009 -0.034466330018014739 0.0082663386996949355 0.0090844150950784436
decision_type=2 2 2 2 2 2 2 2 2 2
left_child=1 2 4 -4 5 -1 -6 -3 -9 -10
right_child=-2 7 3 -5 6 -7 -8 8 9 -11
leaf_value=0.0068576572298045847 -0.024178514266614964 0.013415369173341414 -0.028248081819178591 0.012287205815464599 0.011730454021744486 0.033799486585736199 -0.014387928594016237 -0.036749875781420992 -0.034217532885707704 -0.033846767458438655
leaf_weight=3.9748036228120327 1.6780450465157617 0.48780612554401193 2.4842628678306928 2.743799758143723 2.7677518520504263 3.2083530500531259 2.7377587263472378 0.60581269674003024 0.44514731690287568 0.6012022893410176
leaf_count=25 18 15 30 27 22 18 31 7 17 40
internal_value=2.02502e-05 0.00204484 0.00515232 -0.00697429 0.0101488 0.0188912 -0.00125759 -0.0239723 -0.0350112 -0.0340045
internal_weight=21.7347 20.0567 17.9167 5.22806 12.6887 7.18316 5.50551 2.13997 1.65216 1.04635
internal_count=250 232 153 57 96 43 53 79 64 57
is_linear=0
shrinkage=0.05


Tree=254
num_leaves=9
num_cat=0
split_feature=8 28 26 26 6 27 29 9
split_gain=0.540187 0.66251 0.665572 0.72744 0.843048 0.83874 0.646605 0.52025
threshold=-0.011795579183823119 0.042903524122921984 0.028204673365416547 -0.0027505105221876098 0.9407249070714151 -0.0064433138516971069 0.0040001644693997704 0.5826767951250077
decision_type=2 2 2 2 2 2 2 2
left_child=-1 2 3 5 -5 -2 -4 -3
right_child=1 7 6 4 -6 -7 -8 -9
leaf_value=0.019459814090801379 0.025650690029984536 0.00065654488839326987 0.025511108987631804 -0.034018057944094335 -0.003322553470036261 -0.0090324939023360955 -0.0035542105905644432 -0.03547630259300371
leaf_weight=3.1826205346733323 3.3911183229647577 1.6783472727984179 4.4275666903704396 3.2792352568358201 7.0371987549588084 3.5868869516998592 3.3699057660996914 2.4510509502142668
leaf_count=27 23 12 28 21 48 36 23 32
internal_value=-0.000101624 -0.00223215 0.000822021 -0.00464593 -0.0130796 0.00782258 0.0129497 -0.0207905
internal_weight=32.4039 29.2213 25.0919 17.2944 10.3164 6.97801 7.79747 4.1294
internal_count=250 223 179 128 69 59 51 44
is_linear=0
shrinkage=0.05


Tree=255
num_leaves=10
num_cat=0
split_feature=28 21 29 20 0 0 29 8 12
split_gain=0.489433 0.680917 0.808487 0.691126 1.14873 0.604752 0.934575 0.767712 0.000802809
threshold=-0.096574303923250213 0.00020139240034111608 -0.0035934354107605699 -0.044341565688476851 -0.0024098268414474706 0.0054449427277806226 0.0033149998586834433 -0.0080540857934934037 0.0002527387237556919
decision_type=2 2 2 2 2 2 2 2 2
left_child=-1 5 -3 -4 -5 6 7 -2 -8
right_child=1 2 3 4 -6 -7 8 -9 -10
leaf_value=0.01971684335633879 0.013854817198648667 0.03597501706259177 0.021078224973881135 0.018520811562219096 -0.01999048694892493 0.011914968566796132 -0.035546874482003943 -0.01683338701411027 -0.037090857093698547
leaf_weight=2.8829455040395287 3.2503015398979196 1.951454849913717 3.1760760843753806 3.0065752733498794 5.4397179689258319 2.7423925381153813 1.9285648595541709 5.4637841209769258 1.4942081253975628
leaf_count=15 17 39 21 22 35 18 28 39 16
internal_value=8.59013e-05 -0.00190316 0.00619511 0.00119491 -0.00628186 -0.00929093 -0.0140825 -0.00538687 -0.0362209
internal_weight=31.336 28.4531 13.5738 11.6224 8.44629 14.8793 12.1369 8.71409 3.42277
internal_count=250 235 117 78 57 118 100 56 44
is_linear=0
shrinkage=0.05


Tree=256
num_leaves=8
num_cat=0
split_feature=31 27 1 7 21 30 3
split_gain=0.41212 0.443433 0.605049 0.96183 0.791873 0.672791 0.408465
threshold=0.19302244266424434 -0.019696370333794063 -0.0034561764784570843 0.57470207512378702 -0.0005012364636661214 -0.010803727486247415 -0.015664441648858548
decision_type=2 2 2 2 2 2 2
left_child=1 -1 4 -4 -3 -5 -6
right_child=-2 2 3 5 6 -7 -8
leaf_value=0.016099107210715603 -0.022466248159450055 -0.012387993989562252 0.014842893953120438 0.017548646492727443 0.0038977186727760711 -0.031399099508474339 0.033817453340442664
leaf_weight=4.4245468131266579 1.858219422167166 2.8947643144056201 2.3409137101843918 0.83376571908593522 2.0048905755393207 4.4431347909849102 2.64648855896667
leaf_count=34 31 34 16 6 21 88 20
internal_value=3.74266e-05 0.00217219 -0.00189142 -0.0118319 0.00814346 -0.0236652 0.0209211
internal_weight=21.4467 19.5885 15.164 7.61781 7.54614 5.2769 4.65138
internal_count=250 219 185 110 75 94 41
is_linear=0
shrinkage=0.05


Tree=257
num_leaves=9
num_cat=0
split_feature=22 14 21 28 28 19 28 19
split_gain=0.539713 0.709449 0.703249 0.756833 0.632962 1.07248 0.805781 0.0016134
threshold=-0.010224915326078053 0.91261069408760076 0.0019773403340929145 -0.022465270449632865 -0.017113539039669608 -0.026162347019371531 0.042903524122921984 -0.032155153630750603
decision_type=2 2 2 2 2 2 2 2
left_child=-1 2 4 -4 5 -2 -6 -5
right_child=1 -3 3 7 6 -7 -8 -9
leaf_value=0.021325294654455724 0.011975132935504552 -0.026213170669676062 0.012602884447778035 -0.037463770508504544 0.017807806836880484 -0.023016877205668539 -0.0085781628904111531 -0.034824093476995652
leaf_weight=2.6903476286679497 4.0715326406061649 2.7576986886560908 1.2009307704865935 0.93331502377986941 10.076652787625791 4.7378285787999683 4.0588872209191313 1.5242613172158588
leaf_count=18 22 16 12 8 64 32 29 49
internal_value=-0.000109027 -0.00207305 0.000429309 -0.0199293 0.00367543 -0.00684418 0.0102313 -0.0358266
internal_weight=32.0515 29.3611 26.6034 3.65851 22.9449 8.80936 14.1355 2.45758
internal_count=250 232 216 69 147 54 93 57
is_linear=0
shrinkage=0.05


Tree=258
num_leaves=8
num_cat=0
split_feature=13 15 33 15 28 6 19
split_gain=0.477761 0.559629 0.74493 0.781129 0.959364 0.73128 0.562225
threshold=32.195348833919574 0.011000000246685425 0.34500000000000003 0.01015419806089239 -0.025951307483199178 0.87745184370244245 -0.022900162063845483
decision_type=2 2 2 2 2 2 2
left_child=-1 2 5 4 -4 -2 -7
right_child=1 -3 3 -5 -6 6 -8
leaf_value=-0.015228960522359173 -0.012436308355505373 0.025158692134825272 0.024313587120934798 -0.030446798162117251 -0.0099736010593787037 -0.0021306602344586183 0.027051510866001594
leaf_weight=4.378892892040315 2.6295716222375685 2.4906314061954609 2.7415082231164023 2.9015117101371279 7.9744688048958716 2.3833982367068529 5.3674202123656869
leaf_count=36 19 25 13 26 71 19 41
internal_value=7.03486e-05 0.00259952 0.000258208 -0.00743309 -0.00120178 0.010348 0.0180779
internal_weight=30.8674 26.4885 23.9979 13.6175 10.716 10.3804 7.75082
internal_count=250 214 189 110 84 79 60
is_linear=0
shrinkage=0.05


Tree=259
num_leaves=9
num_cat=0
split_feature=22 20 21 27 11 2 7 21
split_gain=0.404 0.633993 0.567906 0.478137 0.412759 0.614736 0.369296 0.000442147
threshold=0.0082048974914769052 0.16096981848955397 -0.0015171906031645752 -0.018199025752940131 0.57304750800132764 0.0038617842614222524 0.59782695174217237 -0.0025521066969108603
decision_type=2 2 2 2 2 2 2 2
left_child=1 2 3 -1 -4 -6 -2 -5
right_child=6 -3 4 7 5 -7 -8 -9
leaf_value=0.011300854854297524 -0.036998390255601608 0.029312609987762906 0.018392225178813778 -0.034451079706822485 0.0044508221840906413 -0.026145006414362751 0.0020942463655440791 -0.03598830605020522
leaf_weight=0.78267085226252708 1.3147676526568823 1.9888902250677336 3.4887130707502392 1.0809668693691492 8.5171923539601249 2.0337593886069945 1.1176905552856622 0.82459944672883145
leaf_count=13 28 16 22 35 69 41 14 12
internal_value=0.000133597 0.00262487 -0.000548216 -0.0216021 0.00348306 -0.00144671 -0.0190357 -0.0351163
internal_weight=21.1493 18.7168 16.7279 2.68824 14.0397 10.551 2.43246 1.90557
internal_count=250 208 192 60 132 110 42 47
is_linear=0
shrinkage=0.05


Tree=260
num_leaves=9
num_cat=0
split_feature=21 29 1 16 11 21 21 21
split_gain=0.526999 0.627091 0.677964 0.501507 0.633551 0.651025 0.00300675 0.000373576
threshold=-0.0035448987863623822 -0.00081754060861255462 0.0066522696785845667 0.0046617050402747275 0.59232789933681496 0.0013112881169073944 -0.0014024552950721023 0.00030882381942320963
decision_type=2 2 2 2 2 2 2 2
left_child=-1 2 6 -3 5 -5 -2 -8
right_child=1 3 -4 4 -6 -7 7 -9
leaf_value=0.017925213233762189 -0.038293220698621948 -0.012810094653780402 0.00079688623818333472 0.017943923753332324 -0.010494453022531706 -0.0063866491037011079 -0.035558566875850656 -0.034036551375787941
leaf_weight=3.5736493971198824 0.9970064610242847 5.1085520200431338 2.3722446132451296 9.1816685795784014 4.8497199025005093 3.9245372861623755 0.80923285707831982 0.80344151565805078
leaf_count=33 6 28 21 50 32 26 11 43
internal_value=-0.000158032 -0.00246218 -0.018549 0.00101257 0.00494518 0.0106583 -0.0361347 -0.0348003
internal_weight=31.6201 28.0464 4.98193 23.0645 17.9559 13.1062 2.60968 1.61267
internal_count=250 217 81 136 108 76 60 54
is_linear=0
shrinkage=0.05


Tree=261
num_leaves=7
num_cat=0
split_feature=13 2 34 23 10 13
split_gain=0.453533 0.539987 0.922088 0.853474 0.775794 0.326889
threshold=31.674897332386326 0.028870196427363329 1.4080835361424526 0.0062072404666733147 -0.0015955109384784519 55.853147849674379
decision_type=2 2 2 2 2 2
left_child=-1 2 3 4 -2 -5
right_child=1 -3 -4 5 -6 -7
leaf_value=-0.016006895128011185 0.004544301393218513 -0.020484716199410197 0.034034974414891513 0.010180558430382959 -0.017043521203238307 0.040038908218712081
leaf_weight=3.8332093274220851 11.779680749401463 2.3535206317901602 2.3979199565947047 2.1069536162540312 6.4351875409483901 1.6225985735654829
leaf_count=33 90 14 19 35 48 11
internal_value=7.57759e-05 0.00238506 0.0045962 0.00137936 -0.00308253 0.0231709
internal_weight=30.5291 26.6959 24.3423 21.9444 18.2149 3.72955
internal_count=250 217 203 184 138 46
is_linear=0
shrinkage=0.05


Tree=262
num_leaves=7
num_cat=0
split_feature=29 27 2 13 27 6
split_gain=0.395567 0.693208 0.523086 0.570262 0.896205 0.539285
threshold=0.0080479003464957195 -0.033109752436628496 -0.016801949833589232 41.010789158825688 0.0099447874182597724 0.87321955009389862
decision_type=2 2 2 2 2 2
left_child=1 -1 -3 5 -5 -4
right_child=-2 2 3 4 -6 -7
leaf_value=0.034504093708155964 -0.01934366448605708 -0.021880960270482412 0.035689780119193659 0.0034837292509516957 -0.0354081451433979 0.0028657041965771948
leaf_weight=1.556988425552851 2.3160943728871635 2.4200904853642049 2.1545873060822442 7.638775695813818 1.8375841635279355 2.9848905578255653
leaf_count=9 34 29 10 78 54 36
internal_value=0.000141726 0.002569 -0.000349694 0.00321545 -0.00405789 0.0166263
internal_weight=20.909 18.5929 17.0359 14.6158 9.47636 5.13948
internal_count=250 216 207 178 132 46
is_linear=0
shrinkage=0.05


Tree=263
num_leaves=9
num_cat=0
split_feature=22 14 21 28 28 19 15 19
split_gain=0.506308 0.672132 0.646076 0.735391 0.578738 0.970644 0.756943 0.00158273
threshold=-0.010224915326078053 0.91261069408760076 0.0019773403340929145 -0.022465270449632865 -0.017113539039669608 -0.026162347019371531 0.0098724357532675219 -0.032155153630750603
decision_type=2 2 2 2 2 2 2 2
left_child=-1 2 4 -4 5 -2 -6 -5
right_child=1 -3 3 7 6 -7 -8 -9
leaf_value=0.020889548819044222 0.011399870929220034 -0.025788940812501372 0.012591879786374769 -0.037404854977695301 0.019104936523032974 -0.022259650032837447 -0.0050180003038481939 -0.034737706574680997
leaf_weight=2.6152436565607813 3.9943979643285275 2.7093965373933306 1.1835685544647279 0.91178460419178042 8.5006971750408393 4.6180705633014529 5.2667347975075236 1.4263890837319184
leaf_count=18 22 16 12 8 59 32 34 49
internal_value=-0.000168983 -0.00209388 0.000384705 -0.019522 0.00351725 -0.00664862 0.0098767 -0.0357778
internal_weight=31.2263 28.611 25.9016 3.52174 22.3799 8.61247 13.7674 2.33817
internal_count=250 232 216 69 147 54 93 57
is_linear=0
shrinkage=0.05


Tree=264
num_leaves=10
num_cat=0
split_feature=28 21 29 20 0 0 29 8 21
split_gain=0.476974 0.608102 0.767509 0.614967 1.07143 0.559371 0.866587 0.712167 0.000592595
threshold=-0.096574303923250213 0.00020139240034111608 -0.0035934354107605699 -0.044341565688476851 -0.0024098268414474706 0.0054449427277806226 0.0033149998586834433 -0.0014284626181781041 -0.0015171906031645752
decision_type=2 2 2 2 2 2 2 2 2
left_child=-1 5 -3 -4 -5 6 7 -2 -8
right_child=1 2 3 4 -6 -7 8 -9 -10
leaf_value=0.019582021968781768 0.0075412168286354475 0.035875670707844712 0.020026465929661633 0.018117116912810989 -0.019794268118709324 0.011449023280032963 -0.035349697950744267 -0.021689335304976173 -0.036713094923500063
leaf_weight=2.8303554430604008 4.6941868308931598 1.8287510145455605 3.0629878938198081 2.8977059852331859 5.2224738877266628 2.6938830576837054 1.7000775095075371 3.7471097717061648 1.5003508701920498
leaf_count=15 32 39 21 22 35 18 28 24 16
internal_value=4.26055e-05 -0.00197964 0.0058463 0.000935679 -0.0062655 -0.00908297 -0.013834 -0.00543429 -0.0359889
internal_weight=30.1779 27.3475 13.0119 11.1832 8.12018 14.3356 11.6417 8.4413 3.20043
internal_count=250 235 117 78 57 118 100 56 44
is_linear=0
shrinkage=0.05


Tree=265
num_leaves=9
num_cat=0
split_feature=22 20 21 27 15 28 7 21
split_gain=0.388756 0.566297 0.538133 0.4705 0.393351 0.437521 0.356433 0.000362943
threshold=0.0082048974914769052 0.16096981848955397 -0.0015171906031645752 -0.021222573148696241 0.0081318505833619919 0.0080418620390485546 0.59782695174217237 -0.0025521066969108603
decision_type=2 2 2 2 2 2 2 2
left_child=1 2 3 -1 -4 -6 -2 -5
right_child=6 -3 4 7 5 -7 -8 -9
leaf_value=0.012339695722532939 -0.036851620259407733 0.028211557371749903 0.014594686284670637 -0.034370050079570939 -0.011906779646822414 0.011055603283116482 0.0019645926053055355 -0.035788731137140421
leaf_weight=0.73630544729530845 1.2748390724882477 1.9366968451067794 5.0756726635154363 1.0230222591198981 5.2989499093964678 3.409048815490678 1.1032030642963944 0.80602699331939809
leaf_count=11 28 16 36 36 54 42 14 13
internal_value=0.000173056 0.00264625 -0.000382207 -0.0214092 0.00353124 -0.00291736 -0.0188443 -0.0349952
internal_weight=20.6638 18.2857 16.349 2.56535 13.7837 8.708 2.37804 1.82905
internal_count=250 208 192 60 132 96 42 49
is_linear=0
shrinkage=0.05


Tree=266
num_leaves=8
num_cat=0
split_feature=16 27 0 19 29 21 6
split_gain=0.507925 0.74928 0.721586 1.13491 0.724333 0.820346 0.47486
threshold=0.010570778124519601 -0.027074638446665019 0.0030946694649471866 -0.012292146278990666 0.00055872193595185593 0.00020139240034111608 1.0586573528928021
decision_type=2 2 2 2 2 2 2
left_child=1 -1 4 -4 6 -6 -3
right_child=-2 2 3 -5 5 -7 -8
leaf_value=-0.027276582071700469 0.019443936732795691 -0.019067987397585039 -0.031419021278703295 0.0079003753772551432 0.024747327258872163 -0.0024035661995350237 0.0086582552621187973
leaf_weight=2.7022974314168158 2.9851859132759264 3.7453990424983266 3.8633423708379269 3.4959043012931934 6.6561622349545342 4.7799455504864454 2.6277058362029493
leaf_count=19 37 43 19 29 45 31 27
internal_value=-0.000157562 -0.00225704 0.000429266 -0.0127409 0.00587154 0.0133991 -0.00763613
internal_weight=30.8559 27.8708 25.1685 7.35925 17.8092 11.4361 6.3731
internal_count=250 213 194 48 146 76 70
is_linear=0
shrinkage=0.05


Tree=267
num_leaves=10
num_cat=0
split_feature=21 28 24 11 28 21 27 33 1
split_gain=0.431763 0.486943 1.55603 0.757418 0.668918 0.765986 0.76461 0.589601 0.230359
threshold=0.00345933293059475 -0.017113539039669608 -0.002015135361664921 0.58756233453750617 -0.0044504972991431515 -0.00030387879530863188 0.0068201055940260167 0.82500000000000007 0.0040614351497384469
decision_type=2 2 2 2 2 2 2 2 2
left_child=1 2 3 -1 -3 7 -7 -6 -2
right_child=8 4 -4 -5 5 6 -8 -9 -10
leaf_value=-0.023951128435634322 0.036624522419578212 -0.02396001265426162 0.031711813421488426 0.0075583682083310566 -0.029841510972121496 0.028782861376311364 -0.0061001700225948446 0.0040332461542180236 0.0048123070558751231
leaf_weight=3.5392122976481915 1.1585988346487277 4.3845059601590064 3.9311197297647649 4.1359119154512882 2.9622939638793486 3.0374458702281046 3.2536289030686021 2.2680060714483261 1.1183493789285419
leaf_count=28 25 33 24 25 34 22 28 16 15
internal_value=7.53463e-05 -0.00165638 0.0061308 -0.00697153 -0.00733855 -0.00101318 0.010742 -0.0151525 0.0209996
internal_weight=29.7891 27.5121 11.6062 7.67512 15.9059 11.5214 6.29107 5.2303 2.27695
internal_count=250 210 77 53 133 100 50 50 40
is_linear=0
shrinkage=0.05


Tree=268
num_leaves=11
num_cat=0
split_feature=25 16 8 23 24 27 26 33 16 24
split_gain=0.38336 0.577279 0.384702 0.771852 0.435098 0.477302 0.339075 0.318876 0.000871777 1.25504e-05
threshold=0.02489918393512747 0.0080278989070882208 0.0021063073551174129 0.0013613179649126785 -0.0046630972275966678 -1.0000000180025095e-35 -0.036257505166980446 0.28500000000000009 0.0082663386996949355 -0.018221782193865606
decision_type=2 2 2 2 2 2 2 2 2 2
left_child=1 2 4 -4 5 -1 -3 -6 -8 -10
right_child=-2 6 3 -5 7 -7 8 -9 9 -11
leaf_value=0.0064633368376742122 -0.023672035205369757 0.015102542283224675 -0.02773079774991415 0.011972191798480834 0.011339857186113703 0.03312994868132401 -0.036430814278764143 -0.013467778039799795 -0.034212653984619472 -0.033820506189936372
leaf_weight=3.7867141757160425 1.554716249462216 0.43805542541667808 2.3053053752519181 2.6101175951771438 2.6143319010734585 3.0133276563137832 0.56047551799565443 2.567531984532252 0.29717107606120396 0.65098766190931212
leaf_count=25 18 13 30 27 22 18 7 31 11 48
internal_value=0.000191404 0.00216025 0.00513065 -0.00664828 0.00996281 0.0182802 -0.023623 -0.000951936 -0.0348675 -0.0339434
internal_weight=20.3987 18.844 16.8973 4.91542 11.9819 6.80004 1.94669 5.18186 1.50863 0.948159
internal_count=250 232 153 57 96 43 79 53 66 59
is_linear=0
shrinkage=0.05


Tree=269
num_leaves=10
num_cat=0
split_feature=21 29 1 26 31 32 2 21 21
split_gain=0.484408 0.567239 0.639083 0.468197 0.83859 0.616775 0.422248 0.00225186 0.000322681
threshold=-0.0035448987863623822 -0.00081754060861255462 0.0066522696785845667 -0.0027505105221876098 0.096504105927356934 -0.054966514173133564 -0.0048930205108428928 -0.0014024552950721023 0.00030882381942320963
decision_type=2 2 2 2 2 2 2 2 2
left_child=-1 2 7 6 5 -5 -3 -2 -9
right_child=1 3 -4 4 -6 -7 -8 8 -10
leaf_value=0.017515794352449637 -0.03786350795433932 0.024880880849288963 0.00076686318365655124 -0.007401844459385569 -0.025040780293222927 0.015729148047165308 6.465152802608118e-05 -0.035461368725228454 -0.034000136024202189
leaf_weight=3.4236413119360831 0.93440943956375155 3.237050786614418 2.3030131058767438 6.7229331359267288 3.6078852824866781 5.0441529564559282 3.6433306327089747 0.7665051631629527 0.74504188913851976
leaf_count=33 6 19 21 38 21 30 28 11 43
internal_value=-0.00020208 -0.00244837 -0.0181359 0.000899113 -0.00395228 0.00251363 0.0117401 -0.0359339 -0.0347411
internal_weight=30.428 27.0043 4.74897 22.2554 15.375 11.7671 6.88038 2.44596 1.51155
internal_count=250 217 81 136 89 68 47 60 54
is_linear=0
shrinkage=0.05


Tree=270
num_leaves=7
num_cat=0
split_feature=29 28 27 11 21 31
split_gain=0.434934 0.504436 0.760784 0.663544 0.684358 0.481915
threshold=-0.0093031486362166165 -0.10402667924806379 -0.022950688985176989 0.59209696233272557 0.0015291427556902717 -0.11301076866706793
decision_type=2 2 2 2 2 2
left_child=-1 -2 -3 4 -4 -5
right_child=1 2 3 5 -6 -7
leaf_value=0.021761926419690849 0.020986109075520291 -0.031441482625971615 -0.01411540806085055 -0.0029851740609718245 0.0082020173853841957 0.023103259566345898
leaf_weight=2.140653437003496 2.2581131756305757 2.2475404813885751 10.41594625730067 3.1618990004062653 5.1253491938114157 4.0216707438230506
leaf_count=24 11 22 86 27 42 38
internal_value=6.11315e-05 -0.00164482 -0.0036912 -0.000946639 -0.00675537 0.0116203
internal_weight=29.3712 27.2305 24.9724 22.7249 15.5413 7.18357
internal_count=250 226 215 193 128 65
is_linear=0
shrinkage=0.05


Tree=271
num_leaves=10
num_cat=0
split_feature=31 17 0 12 27 19 30 2 31
split_gain=0.3795 0.412851 0.536002 0.652077 0.504667 0.498382 0.513691 0.404583 0.0721703
threshold=0.19302244266424434 -3.9877528213727841e-05 -0.0016957237943864276 -0.0097134665619787661 -0.0039516722137676865 0.031216549075207659 0.0060549121341574317 -0.0080913432049150007 -0.10718304534502911
decision_type=2 2 2 2 2 2 2 2 2
left_child=1 2 8 -4 -5 6 -3 -8 -1
right_child=-2 5 3 4 -6 -7 7 -9 -10
leaf_value=-0.016930314831246279 -0.022169389907889515 0.02702069229458047 0.01822517363273099 0.0089379915390930525 -0.035364512598134286 -0.011704600082050723 0.018952789791930821 -0.011732929291841178 -0.035536483469674252
leaf_weight=0.89179540099576149 1.7366735157556821 4.0779991354793292 2.8522296193987131 1.1276698515284809 1.4950707643292886 2.362721623154358 1.9782051583752061 2.3505159751512084 1.2540703364647923
leaf_count=17 31 34 18 10 30 39 13 30 28
internal_value=0.000172611 0.00228246 -0.00662324 0.00167837 -0.0163163 0.00858445 0.0142867 0.0022903 -0.027804
internal_weight=20.127 18.3903 7.62084 5.47497 2.62274 10.7694 8.40672 4.32872 2.14587
internal_count=250 219 103 58 40 116 77 43 45
is_linear=0
shrinkage=0.05


Tree=272
num_leaves=7
num_cat=0
split_feature=11 11 26 26 10 21
split_gain=0.486012 0.693024 0.584326 0.750718 1.40518 0.668837
threshold=0.57311292290687577 0.58071451783180239 -0.02433451875377712 0.026922991040097325 -0.0089202028727462333 -0.0024933130898751039
decision_type=2 2 2 2 2 2
left_child=-1 -2 -3 5 -5 -4
right_child=1 2 3 4 -6 -7
leaf_value=-0.016257268123153489 0.021551104386395036 0.018900409991770013 0.012942951858390436 -0.016231495955337679 0.031872777116931171 -0.016770668338547588
leaf_weight=4.0622332505881813 3.9759386265650418 3.1224430208094516 2.3146322816610434 2.7904022810980678 3.3295792406424871 10.418120597489162
leaf_count=33 27 38 20 20 25 87
internal_value=-0.000175576 0.00234176 -0.00113376 -0.00445188 0.00993966 -0.0113692
internal_weight=30.0133 25.9511 21.9752 18.8527 6.11998 12.7328
internal_count=250 217 190 152 45 107
is_linear=0
shrinkage=0.05


Tree=273
num_leaves=9
num_cat=0
split_feature=29 13 34 23 23 13 31 16
split_gain=0.417475 0.489028 0.716321 0.479112 0.574114 0.680016 0.507256 0.40713
threshold=-0.0093031486362166165 41.010789158825688 -1.8115844303605255 0.0080036353042441961 -0.0027669954116248392 57.617313997056513 -0.034650839878932312 0.0082663386996949355
decision_type=2 2 2 2 2 2 2 2
left_child=-1 2 -2 4 6 -6 -3 -4
right_child=1 3 7 -5 5 -7 -8 -9
leaf_value=0.021437766897989995 0.0092011073700869941 0.023295754725609116 -0.032400711332766813 0.024116848996351237 0.0030546285693654404 -0.024640278069878892 -0.0033674181628361947 -0.0044671691477581798
leaf_weight=2.113889062311503 2.7452952079474926 3.7033287044614553 3.5017739236354846 2.3223201697692266 5.3243875754997081 3.7971469033509493 3.4414257649332383 2.0787946572527289
leaf_count=24 20 27 37 27 40 28 25 22
internal_value=4.20953e-05 -0.00163834 -0.0117089 0.00287227 -0.0001608 -0.00847431 0.0104529 -0.0219953
internal_weight=29.0284 26.9145 8.32586 18.5886 16.2663 9.12153 7.14475 5.58057
internal_count=250 226 79 147 120 68 52 59
is_linear=0
shrinkage=0.05


Tree=274
num_leaves=11
num_cat=0
split_feature=25 16 29 32 8 27 22 26 16 15
split_gain=0.358575 0.52442 0.351074 0.588918 0.583736 0.605816 0.50566 0.333435 0.000728438 9.61266e-06
threshold=0.02489918393512747 0.0080278989070882208 0.0036902644695857583 -0.051952891426448912 0.0021063073551174129 -0.0093027693675610795 -0.003337231720740907 -0.036257505166980446 0.0082663386996949355 0.0090844150950784436
decision_type=2 2 2 2 2 2 2 2 2 2
left_child=1 2 4 -4 6 -6 -1 -3 -9 -10
right_child=-2 7 3 -5 5 -7 -8 8 9 -11
leaf_value=0.028284125182512838 -0.023395305689450481 0.015236722923195535 0.030512277162117109 -0.0024402615659726676 0.0058342266720932704 -0.03621885219107486 -0.00050993634060757665 -0.036248887365000704 -0.034104326269722589 -0.03377248416764362
leaf_weight=2.116501282900578 1.4967986252158869 0.43463841686025251 2.9318840000778437 2.522337161935865 1.5600027497857811 1.898862848524004 5.4532660001423237 0.53306307364255079 0.37916611088439822 0.51416796259582043
leaf_count=13 18 13 20 25 10 33 52 7 17 42
internal_value=0.000135992 0.00205606 0.00489676 0.0152732 -0.000234903 -0.0172523 0.00754086 -0.0231035 -0.0347862 -0.0339133
internal_weight=19.8407 18.3439 16.4829 5.45422 11.0286 3.45887 7.56977 1.86104 1.4264 0.893334
internal_count=250 232 153 45 108 43 65 79 66 59
is_linear=0
shrinkage=0.05


Tree=275
num_leaves=7
num_cat=0
split_feature=11 11 22 26 20 24
split_gain=0.478452 0.865639 0.530598 0.730575 0.543314 0.343458
threshold=0.57311292290687577 0.57708930373191847 -0.0065167157848388104 -0.02433451875377712 0.085161376258323776 0.014415285199557594
decision_type=2 2 2 2 2 2
left_child=-1 -2 -3 5 -5 -4
right_child=1 2 3 4 -6 -7
leaf_value=-0.016132370993734182 0.032093189347329361 0.015449433442328376 0.030968713098885426 -0.0040321361299304947 -0.027344631659803293 0.00016010219834204458
leaf_weight=4.0367318335920599 2.2382576130330589 4.2844724203460016 1.8859047791920702 12.362348042894139 3.1325816167518488 1.738590385764837
leaf_count=33 15 32 19 101 29 21
internal_value=-0.000132085 0.00238677 -0.000454236 -0.00401809 -0.00874518 0.0161905
internal_weight=29.6789 25.6422 23.4039 19.1194 15.4949 3.6245
internal_count=250 217 202 170 130 40
is_linear=0
shrinkage=0.05


Tree=276
num_leaves=10
num_cat=0
split_feature=28 29 25 25 33 23 29 7 24
split_gain=0.399911 0.547674 0.743829 0.572013 0.820461 0.740754 0.608737 0.288806 0.00250858
threshold=-0.096574303923250213 -0.0030622976835565359 0.0077943764213005426 0.020863175612870991 0.24500000000000002 0.0062072404666733147 0.0019156742382460126 0.57470207512378702 -0.0084446454129469811
decision_type=2 2 2 2 2 2 2 2 2
left_child=-1 2 7 4 6 -6 -3 -2 -9
right_child=1 3 -4 -5 5 -7 -8 8 -10
leaf_value=0.018206936255879106 0.0082887693538195948 0.027913310668495412 -0.011314242833782597 0.016551358638002375 -0.021959046116423946 0.0083965935134450911 -0.0073262019527864115 0.038555596647618068 0.035160308908624691
leaf_weight=2.7383987605571773 1.5119181722402637 2.1831809189170626 2.245451457798481 2.4943405762314788 10.011587976478038 2.5144723923876873 2.7936630491167307 0.96971950680017505 1.2392439385876057
leaf_count=15 8 20 15 15 93 20 24 7 33
internal_value=3.38024e-05 -0.00188293 0.0114118 -0.00584952 -0.00904187 -0.0158655 0.00813224 0.0251264 0.0366508
internal_weight=28.702 25.9636 5.96633 19.9972 17.5029 12.5261 4.97684 3.72088 2.20896
internal_count=250 235 63 172 157 113 44 48 40
is_linear=0
shrinkage=0.05


Tree=277
num_leaves=10
num_cat=0
split_feature=31 17 33 0 5 8 23 23 22
split_gain=0.350071 0.384312 0.52293 0.595247 0.484309 0.401466 0.3587 0.276063 0.0914299
threshold=0.19302244266424434 -3.9877528213727841e-05 0.46500000000000002 -0.0016957237943864276 0.0042403286998341149 0.0021063073551174129 0.0045796882368773781 -0.0037387814530928649 -0.0037499442418346125
decision_type=2 2 2 2 2 2 2 2 2
left_child=1 2 3 -1 -3 7 -7 -6 -4
right_child=-2 4 8 -5 5 6 -8 -9 -10
leaf_value=-0.024673169277424929 -0.021681774379336882 -0.015185563324219246 -0.014735132754985376 0.012668394336086753 0.031117290814319222 -0.021227911074064663 0.014512307339160486 0.0094151859286506229 -0.035679745951687721
leaf_weight=1.4949093763716517 1.6849088086746622 1.8149793634656823 0.87296216282993588 3.7302230764180466 3.0413265530951343 1.3255434951279315 1.4924770779907701 2.8278764511924197 1.2925592032261191
leaf_count=29 31 23 16 31 20 24 16 33 27
internal_value=0.000106278 0.00215798 -0.00657717 0.00198498 0.00830512 0.0132129 -0.00229921 0.0206609 -0.0272366
internal_weight=19.5778 17.8929 7.39065 5.22513 10.5022 8.68722 2.81802 5.8692 2.16552
internal_count=250 219 103 60 116 93 40 53 43
is_linear=0
shrinkage=0.05


Tree=278
num_leaves=9
num_cat=0
split_feature=21 7 23 7 7 19 9 16
split_gain=0.452571 0.496253 0.487064 0.633295 0.881304 0.811463 0.570593 0.41594
threshold=-0.0024933130898751039 0.58049837648868574 -0.0027669954116248392 0.58097840249538435 0.5877581954002381 -0.007256721409300059 0.58908429741859447 0.0058262042463009091
decision_type=2 2 2 2 2 2 2 2
left_child=1 -1 6 7 -5 -6 -2 -4
right_child=2 -3 3 4 5 -7 -8 -9
leaf_value=-0.00063468760732587003 -0.0020436009718731206 0.027603621186773911 0.0017511631988597683 0.033113530529096699 0.016559486235281636 -0.02036804646945976 -0.029969948297480137 -0.023235322195229696
leaf_weight=3.5468448083847788 4.3382330711465391 2.7716369070112705 3.5645874049514488 2.8915529367513937 3.2196685876697329 2.7654983180109385 3.1624836605042219 3.1263531763106585
leaf_count=22 35 32 25 19 27 41 27 22
internal_value=-0.000103818 0.0117522 -0.00335121 0.00169185 0.0104473 -0.000503201 -0.013818 -0.00992381
internal_weight=29.3869 6.31848 23.0684 15.5677 8.87672 5.98517 7.50072 6.69094
internal_count=250 54 196 134 87 68 62 47
is_linear=0
shrinkage=0.05


Tree=279
num_leaves=7
num_cat=0
split_feature=8 10 23 17 13 24
split_gain=0.406973 0.75291 0.665306 0.659164 0.579014 0.536398
threshold=-0.012192760185328737 -0.013875114583943041 -0.013562418320805845 6.5304840632413895e-05 47.707756716730138 -0.0039215571686257436
decision_type=2 2 2 2 2 2
left_child=-1 -2 -3 4 -4 -5
right_child=1 2 3 5 -6 -7
leaf_value=-0.0206645028009056 0.029919684434123257 0.024224575544144433 -0.010622159345952092 -0.03507140837913926 0.0086073550001114496 -0.0022334937914073815
leaf_weight=2.1897634360939291 2.1782574169337812 2.3934692889452043 6.3476163432933381 2.6221075188368559 10.213318014051763 2.365442822687327
leaf_count=24 15 14 65 28 78 26
internal_value=4.03828e-05 0.00177616 -0.000784362 -0.0035622 0.0012369 -0.0194974
internal_weight=28.31 26.1202 23.942 21.5485 16.5609 4.98755
internal_count=250 226 211 197 143 54
is_linear=0
shrinkage=0.05


Tree=280
num_leaves=10
num_cat=0
split_feature=27 21 32 23 32 16 16 5 34
split_gain=0.348208 0.4716 0.395548 0.476662 0.467859 0.459312 0.414678 0.000377446 6.91602e-05
threshold=-0.0290949916291201 -0.002646338343760601 0.065285399631770422 -0.0046649395293827936 -0.10145693133280075 0.0048161118628037387 0.0053166330981199387 0.0051590255234074288 -1.4653884417566041
decision_type=2 2 2 2 2 2 2 2 2
left_child=-1 8 4 -4 5 -3 -6 -5 -2
right_child=1 2 3 7 6 -7 -8 -9 -10
leaf_value=0.017716401960187238 -0.034865394346410776 0.015209469004358029 0.0055247434231926913 -0.036036032215287526 -0.0018473884531633345 -0.014268652883059035 0.023994720187094514 -0.034490278681981366 -0.034062619016443967
leaf_weight=2.4533807290717986 0.50202206475660205 1.8425708720460559 1.2956956056877973 0.86119536170735844 2.6793404966592709 4.6722552799619734 3.6907129955943674 0.72942143050022423 0.57625814201310877
leaf_count=21 11 13 14 14 19 67 29 31 31
internal_value=0.000117339 -0.00244519 -0.000257942 -0.0169883 0.00348979 -0.00593143 0.0131251 -0.0353272 -0.0344364
internal_weight=19.3029 16.8495 15.7712 2.88631 12.8849 6.51483 6.37005 1.59062 1.07828
internal_count=250 229 187 59 128 80 48 45 42
is_linear=0
shrinkage=0.05


Tree=281
num_leaves=7
num_cat=0
split_feature=22 0 29 16 20 19
split_gain=0.447344 0.577826 0.573421 0.563484 0.643307 0.468927
threshold=-0.010224915326078053 0.0030946694649471866 0.0061833681038172559 0.00473850989130482 0.017435260543101298 -0.027861413579735369
decision_type=2 2 2 2 2 2
left_child=-1 2 3 -2 -5 -3
right_child=1 5 -4 4 -6 -7
leaf_value=0.020345793860274262 -0.021140643046341046 -0.026752250869721647 0.018876390011560364 0.011724225270919472 -0.01190546306833401 -0.00098939005545719129
leaf_weight=2.445613685995343 3.0825870889239075 3.6383148431777954 4.1709735281765452 7.6070195375941676 4.6355355500709265 3.4327354924753299
leaf_count=18 27 18 36 62 55 34
internal_value=-0.000117473 -0.0020012 0.00243963 -0.00203389 0.00277705 -0.0142453
internal_weight=29.0128 26.5672 19.4961 15.3251 12.2426 7.07105
internal_count=250 232 180 144 117 52
is_linear=0
shrinkage=0.05


Tree=282
num_leaves=7
num_cat=0
split_feature=13 2 34 23 10 13
split_gain=0.397484 0.46296 0.794634 0.699297 0.6497 0.296915
threshold=31.674897332386326 0.028870196427363329 1.4080835361424526 0.0062072404666733147 -0.0015955109384784519 55.853147849674379
decision_type=2 2 2 2 2 2
left_child=-1 2 3 4 -2 -5
right_child=1 -3 -4 5 -6 -7
leaf_value=-0.015748232922738938 0.0044323765807507184 -0.019674052288536123 0.033072811636576098 0.0091794308442575603 -0.016132678975715499 0.039139205624860895
leaf_weight=3.4805318005383041 10.900028130039585 2.1828530337661496 2.1877270173281422 1.9113139496184879 5.9299129825085393 1.4576880298554895
leaf_count=33 90 14 19 35 48 11
internal_value=6.56564e-05 0.00230586 0.00444905 0.00134884 -0.00281358 0.0221423
internal_weight=28.0501 24.5695 22.3867 20.1989 16.8299 3.369
internal_count=250 217 203 184 138 46
is_linear=0
shrinkage=0.05


Tree=283
num_leaves=7
num_cat=0
split_feature=29 27 2 13 27 2
split_gain=0.336074 0.618354 0.469299 0.519916 0.762957 0.44323
threshold=0.0080479003464957195 -0.033109752436628496 -0.016801949833589232 41.010789158825688 0.0099447874182597724 -0.010598808550307702
decision_type=2 2 2 2 2 2
left_child=1 -1 -3 5 -5 -4
right_child=-2 2 3 4 -6 -7
leaf_value=0.033994186447848185 -0.018971274599426002 -0.021764685947978969 0.032840465649850679 0.0028809329944072099 -0.035227588325063723 0.0021006745249072902
leaf_weight=1.417317505925898 2.0681743172463021 2.2243979140184864 2.1922279209829867 7.0200566099956614 1.6156758832512421 2.521342466352503
leaf_count=9 34 29 17 78 54 29
internal_value=5.92672e-05 0.0023757 -0.000501812 0.00304123 -0.00424886 0.0163974
internal_weight=19.0592 16.991 15.5737 13.3493 8.63573 4.71357
internal_count=250 216 207 178 132 46
is_linear=0
shrinkage=0.05


Tree=284
num_leaves=11
num_cat=0
split_feature=21 6 26 27 13 1 31 30 21 29
split_gain=0.439821 1.16135 0.753101 0.626856 0.459962 0.778823 0.721443 0.433514 0.00561526 0.000146364
threshold=0.0013112881169073944 0.87745184370244245 -0.01796537404307413 0.0063316902180607934 46.234159065179341 0.010390647050759873 0.0068371023868690995 -0.0082307248416565986 0.0019773403340929145 0.0026216089184337714
decision_type=2 2 2 2 2 2 2 2 2 2
left_child=2 -2 -1 4 6 -6 -4 -3 -9 -10
right_child=1 7 3 -5 5 -7 -8 8 9 -11
leaf_value=0.028015685891227844 0.01435357904076625 -0.0019334655118920477 0.01742329116428417 0.014945744611664757 -0.034147767117265714 0.001846550452052559 -0.012965589084135859 -0.039144182990500598 -0.034388331492947982 -0.035359741085420032
leaf_weight=2.7253727409988704 2.7767614233307532 1.2291657922323791 3.9470241302624363 5.0662501426413646 2.9824894070625305 3.029208155348897 3.8659990429878235 1.5514578521251681 0.74903647787868954 0.80396503582596779
leaf_count=26 22 21 28 37 26 16 23 9 30 12
internal_value=-0.000103432 -0.0108907 0.00344487 -9.99256e-05 -0.00561361 -0.0160107 0.00238643 -0.0270658 -0.0370166 -0.0348912
internal_weight=28.7267 7.11039 21.6163 18.891 13.8247 6.0117 7.81302 4.33363 3.10446 1.553
internal_count=250 94 156 130 93 42 51 72 51 42
is_linear=0
shrinkage=0.05


Tree=285
num_leaves=7
num_cat=0
split_feature=28 13 33 6 15 29
split_gain=0.381465 0.506969 0.514391 0.810565 0.808061 0.611744
threshold=-0.096574303923250213 31.674897332386326 0.23500000000000001 0.80528015183799839 0.011000000246685425 0.0014032743461628307
decision_type=2 2 2 2 2 2
left_child=-1 -2 5 -4 -5 -3
right_child=1 2 3 4 -6 -7
leaf_value=0.01807068696024992 -0.020683147710692896 0.030055371503288617 0.021577532362940428 -0.013302322249969271 0.02104723180929903 -0.0040102412230005801
leaf_weight=2.6529663428664234 3.1324303057044771 2.8633304522372809 2.6976858526468304 11.919622754678128 1.9993387106806029 2.4417145662009716
leaf_count=15 31 28 18 112 24 22
internal_value=4.1516e-05 -0.00186758 0.000821008 -0.00350665 -0.00836831 0.0143762
internal_weight=27.7071 25.0541 21.9217 16.6166 13.919 5.30505
internal_count=250 235 204 154 136 50
is_linear=0
shrinkage=0.05


Tree=286
num_leaves=10
num_cat=0
split_feature=25 16 29 8 26 17 26 16 24
split_gain=0.319638 0.487375 0.32781 0.598978 0.67244 0.554083 0.294239 0.000591112 8.43862e-06
threshold=0.02489918393512747 0.0080278989070882208 0.0051853945891207074 0.0021063073551174129 0.0037789125592970767 8.2595650866350417e-05 -0.036257505166980446 0.0082663386996949355 -0.018221782193865606
decision_type=2 2 2 2 2 2 2 2 2
left_child=1 2 3 5 -5 -1 -3 -8 -9
right_child=-2 6 -4 4 -6 -7 7 8 -10
leaf_value=-0.0018649260249491558 -0.022704016326902714 0.01439390149632642 0.016782572487932242 0.009258553585941175 -0.036254573076918269 0.02542073350480667 -0.036060561553580991 -0.034110958011179401 -0.033767119150787582
leaf_weight=5.3221181007102185 1.4221131179947395 0.39705365919508029 4.1437830836512139 1.3837058395147317 1.9627103474922476 2.8606196884065866 0.49715010449290165 0.26179594709537912 0.56046310265082877
leaf_count=55 18 13 33 14 32 19 7 11 48
internal_value=8.6944e-05 0.0019508 0.00472094 0.000385768 -0.0174354 0.00767392 -0.0233432 -0.0346995 -0.0338766
internal_weight=18.8115 17.3894 15.6729 11.5292 3.34642 8.18274 1.71646 1.31941 0.822259
internal_count=250 232 153 120 46 74 79 66 59
is_linear=0
shrinkage=0.05


Tree=287
num_leaves=9
num_cat=0
split_feature=21 29 32 16 16 21 31 21
split_gain=0.433711 0.540579 0.58472 0.4212 0.702287 0.640277 0.230838 0.00647735
threshold=-0.0035448987863623822 -0.00081754060861255462 -0.2965054553334443 0.0046617050402747275 0.0049607320485826742 -1.0000000180025095e-35 -0.22842670611619467 -0.00090719209144074487
decision_type=2 2 2 2 2 2 2 2
left_child=-1 2 -2 -3 -5 -6 -4 -8
right_child=1 3 6 4 5 -7 7 -9
leaf_value=0.017303574648574668 0.011867988347949349 -0.012465810863403405 -0.0064553435828455076 0.029763476595576661 0.012486974885314221 -0.0091424704344946449 -0.040342595599687198 -0.035021977828408248
leaf_weight=3.1787806721404221 1.1813048170879481 4.4969803709536782 0.82503003021702204 2.4051329419016865 6.1703063026070684 7.6803375417366517 0.94595279172062907 1.4470795441884607
leaf_count=33 17 28 12 10 41 57 6 46
internal_value=-9.83321e-05 -0.00229762 -0.0182181 0.00107734 0.0048239 0.000493205 -0.0292622 -0.0371252
internal_weight=28.3309 25.1521 4.39937 20.7528 16.2558 13.8506 3.21806 2.39303
internal_count=250 217 81 136 108 98 64 52
is_linear=0
shrinkage=0.05


Tree=288
num_leaves=10
num_cat=0
split_feature=21 28 24 11 28 21 13 5 1
split_gain=0.37426 0.440042 1.35141 0.666414 0.586676 0.647865 0.861055 0.522389 0.205376
threshold=0.00345933293059475 -0.017113539039669608 -0.002015135361664921 0.58756233453750617 -0.0044504972991431515 -0.0011061820532373698 45.18604115521665 0.0057471597548892335 0.0040614351497384469
decision_type=2 2 2 2 2 2 2 2 2
left_child=1 2 3 -1 -3 7 -7 -6 -2
right_child=8 4 -4 -5 5 6 -8 -9 -10
leaf_value=-0.023514495379970534 0.036376988508474095 -0.023516203966156612 0.030565046201287055 0.0072403925676638161 -0.037704962825016827 -0.014367695381624286 0.021443978135068362 0.0011941138135152932 0.0046181690844009299
leaf_weight=3.2261834312230349 1.0285309567116194 4.0300479345023659 3.6925671971403116 3.8794390745460987 1.7787178223952671 2.7383643351495195 4.3367387447506189 1.6766488403081892 1.0078834444284437
leaf_count=28 25 33 24 25 22 23 37 18 15
internal_value=3.56503e-05 -0.00162046 0.00602787 -0.00672333 -0.00729252 -0.00108366 0.00758334 -0.0188299 0.0206586
internal_weight=27.3951 25.3587 10.7982 7.10562 14.5605 10.5305 7.0751 3.45537 2.03641
internal_count=250 210 77 53 133 100 60 40 40
is_linear=0
shrinkage=0.05


Tree=289
num_leaves=8
num_cat=0
split_feature=31 17 33 0 19 25 22
split_gain=0.327124 0.342577 0.477339 0.540037 0.439632 0.466423 0.0916714
threshold=0.19302244266424434 -3.9877528213727841e-05 0.46500000000000002 -0.0016957237943864276 0.031216549075207659 0.0043825540775941372 -0.0037499442418346125
decision_type=2 2 2 2 2 2 2
left_child=1 2 3 -1 5 -3 -4
right_child=-2 4 6 -5 -6 -7 -8
leaf_value=-0.024186920837663588 -0.021347491321935589 0.023988239664329704 -0.013949545921693694 0.01233193133990659 -0.011894001850989336 -0.00087972553420626824 -0.035560699857120501
leaf_weight=1.411868163035251 1.6264267514925439 4.5374450297094882 0.82847356889396939 3.5775413196533963 2.1502279047854245 3.2262353305704892 1.2035771906375883
leaf_count=29 31 39 16 31 39 38 27
internal_value=7.13587e-05 0.00212837 -0.00632171 0.00199808 0.00811308 0.0136542 -0.0267498
internal_weight=18.5618 16.9354 7.02146 4.98941 9.91391 7.76368 2.03205
internal_count=250 219 103 60 116 77 43
is_linear=0
shrinkage=0.05


Tree=290
num_leaves=7
num_cat=0
split_feature=22 0 29 16 20 19
split_gain=0.418299 0.532527 0.510245 0.498268 0.604621 0.440325
threshold=-0.010224915326078053 0.0030946694649471866 0.0061833681038172559 0.00473850989130482 0.017435260543101298 -0.027861413579735369
decision_type=2 2 2 2 2 2
left_child=-1 2 3 -2 -5 -3
right_child=1 5 -4 4 -6 -7
leaf_value=0.02004405302511823 -0.020346442548530845 -0.026054917563019631 0.018227156139545821 0.011587403464096264 -0.011680560382591401 -0.00071812530467185937
leaf_weight=2.3637149231508401 2.9276042031124296 3.5598504245281219 4.0140996892005196 7.3042931365780515 4.5194048245903105 3.3084912579506627
leaf_count=18 27 18 36 62 55 34
internal_value=-8.21929e-05 -0.00193806 0.0024219 -0.001879 0.00269363 -0.0138501
internal_weight=27.9975 25.6337 18.7654 14.7513 11.8237 6.86834
internal_count=250 232 180 144 117 52
is_linear=0
shrinkage=0.05


Tree=291
num_leaves=10
num_cat=0
split_feature=28 29 25 27 0 0 7 7 24
split_gain=0.383062 0.479839 0.690392 0.496202 0.68898 0.801629 0.277947 0.271661 0.00191225
threshold=-0.10402667924806379 -0.0030622976835565359 0.0077943764213005426 -0.014721517926501447 0.0064742164117858056 -0.0027616193467268064 0.57470207512378702 0.58694015443325054 -0.0084446454129469811
decision_type=2 2 2 2 2 2 2 2 2
left_child=-1 2 6 7 5 -5 -2 -3 -8
right_child=1 3 -4 4 -6 -7 8 -9 -10
leaf_value=0.020211723467108148 0.0078265638008825147 -0.0075960030979776161 -0.011397130180850331 0.01017925788953717 0.022772305943822391 -0.015604310311621178 0.038101580622238215 -0.034338695041306745 0.035042852285309706
leaf_weight=2.1669837571680572 1.4455148503184383 1.8088038209825836 2.1275441627949476 4.7776454091072145 2.4607592839747676 8.1690825270488663 0.9020181801170114 1.9992657983675597 1.1786891357041893
leaf_count=12 8 19 15 39 15 79 7 22 34
internal_value=4.96455e-05 -0.00170717 0.0110968 -0.00547446 -0.00147999 -0.00608957 0.0246684 -0.0216361 0.0363689
internal_weight=27.0363 24.8693 5.65377 19.2156 15.4075 12.9467 3.52622 3.80807 2.08071
internal_count=250 238 64 174 133 118 49 41 41
is_linear=0
shrinkage=0.05


Tree=292
num_leaves=9
num_cat=0
split_feature=22 20 21 27 21 17 26 21
split_gain=0.31156 0.439319 0.420134 0.41548 0.326983 0.317034 0.410395 0.000218163
threshold=0.0082048974914769052 0.16096981848955397 -0.0015171906031645752 -0.021222573148696241 0.0020484144885183357 0.00015134490192736291 -0.0077384855730128202 -0.0025521066969108603
decision_type=2 2 2 2 2 2 2 2
left_child=1 2 3 -1 -2 6 -4 -5
right_child=4 -3 5 7 -6 -7 -8 -9
leaf_value=0.012712476093779804 -0.036539860159610714 0.026329763006734237 0.016686476528605314 -0.034216402199509013 0.0032948147311609717 0.01984316159770989 -0.0066006706922691815 -0.03540994984194213
leaf_weight=0.65692703286185894 1.1213460210710757 1.7075815310236055 2.5299175799591485 0.84578629210591327 0.95296452892944206 2.3027757294476023 7.5026863787788898 0.6995078977197432
leaf_count=11 17 16 30 36 25 18 84 13
internal_value=8.46621e-06 0.00233848 -0.000479524 -0.0205965 -0.0182393 0.00311194 -0.00072836 -0.0347567
internal_weight=18.3195 16.2452 14.5376 2.20222 2.07431 12.3354 10.0326 1.54529
internal_count=250 208 192 60 42 132 114 49
is_linear=0
shrinkage=0.05


Tree=293
num_leaves=8
num_cat=0
split_feature=8 28 13 33 4 8 9
split_gain=0.407771 0.523219 0.532077 0.806365 0.690088 0.557553 0.383307
threshold=-0.011795579183823119 0.042903524122921984 65.88286058407077 0.34500000000000003 0.0047146045922053575 0.0021063073551174129 0.5826767951250077
decision_type=2 2 2 2 2 2 2
left_child=-1 2 3 4 -2 -5 -3
right_child=1 6 -4 5 -6 -7 -8
leaf_value=0.018802889769378741 0.0039824157559346192 -1.5107516141826613e-05 -0.017021267476787689 0.0022931484539745789 -0.024825974863170661 0.027029446009714953 -0.034124006696761799
leaf_weight=2.5978623204864588 5.844864262966448 1.3910674061626189 3.4911750499159089 4.5074359835125488 3.2261911779642105 4.6056833863258362 2.0193417288828641
leaf_count=27 54 12 29 39 27 30 32
internal_value=-5.4087e-05 -0.0020069 0.000857398 0.00428992 -0.00626351 0.0147946 -0.0202114
internal_weight=27.6836 25.0858 21.6753 18.1842 9.07106 9.11312 3.41041
internal_count=250 223 179 150 81 69 44
is_linear=0
shrinkage=0.05


Tree=294
num_leaves=10
num_cat=0
split_feature=28 21 29 15 9 7 17 0 0
split_gain=0.358817 0.457197 0.6849 0.802718 0.899191 0.666253 0.578454 0.439006 0.000307554
threshold=-0.10402667924806379 0.0015291427556902717 0.0033149998586834433 0.0077694050159963285 0.59054372757673279 0.59381327927112593 -8.7276060381646429e-05 0.0042556505669444364 -0.00223691013093763
decision_type=2 2 2 2 2 2 2 2 2
left_child=-1 2 3 -2 -5 6 -3 8 -4
right_child=1 5 7 4 -6 -7 -8 -9 -10
leaf_value=0.019645923623371368 0.0220973572824118 -0.00019427504584131311 -0.035898238521901826 -0.018399746752016406 0.014214175686110053 -0.010418256710838868 0.03467603087298568 -0.0016703342469940458 -0.034830847701435207
leaf_weight=2.1496808379888561 3.0052851736545625 2.0822208831086755 1.5901955179870126 6.3493867963552457 3.1678533786907792 2.9456510781310499 2.7734360517933956 1.4762017689645288 1.1724283145740622
leaf_count=12 19 23 22 47 28 26 37 12 24
internal_value=5.74147e-05 -0.00165694 -0.0063108 -0.00043041 -0.00754407 0.00834202 0.0197228 -0.0236829 -0.0354452
internal_weight=26.7123 24.5627 16.7614 12.5225 9.51724 7.80131 4.85566 4.23883 2.76262
internal_count=250 238 152 94 75 86 60 58 46
is_linear=0
shrinkage=0.05


Tree=295
num_leaves=9
num_cat=0
split_feature=32 29 23 32 16 29 6 24
split_gain=0.314882 0.479722 0.626488 0.407703 0.787294 0.53245 0.131041 0.000390406
threshold=0.065285399631770422 0.0040863722802544364 -0.0023865193985180828 -0.034935575588706448 0.0072847571243107858 1.0000000180025095e-35 0.87321955009389862 -0.0084446454129469811
decision_type=2 2 2 2 2 2 2 2
left_child=3 2 -2 4 5 -1 -6 -8
right_child=1 -3 -4 -5 6 -7 7 -9
leaf_value=-0.013130422687580865 0.021948413416555231 -0.036093936470069969 -0.02729404324965963 0.015985128679079509 -0.0081757856077252309 0.015340924025479341 -0.03621871414355287 -0.034650452906965688
leaf_weight=2.4834954850375652 1.4657946685329077 1.3893944467417894 1.1547686203848564 4.4842518619261691 0.6101967194117609 4.8469808669760823 0.65510764298960578 1.0066279598977412
leaf_count=29 15 29 38 39 11 37 13 39
internal_value=1.86721e-05 -0.0123431 0.000249398 0.00353761 -0.00227529 0.0056951 -0.0279921 -0.0352687
internal_weight=18.0966 4.00996 2.62056 14.0867 9.60241 7.33048 2.27193 1.66174
internal_count=250 82 53 168 129 66 63 52
is_linear=0
shrinkage=0.05


Tree=296
num_leaves=10
num_cat=0
split_feature=21 29 2 26 31 32 1 16 21
split_gain=0.401135 0.499632 0.677433 0.378587 0.657112 0.532129 0.396152 0.239602 0.00575891
threshold=-0.0035448987863623822 -0.00081754060861255462 0.02054770821198049 -0.0027505105221876098 0.096504105927356934 -0.054966514173133564 -0.0043566291543222216 0.0046878954608843585 -0.0014024552950721023
decision_type=2 2 2 2 2 2 2 2 2
left_child=-1 2 7 6 5 -5 -3 -2 -9
right_child=1 3 -4 4 -6 -7 -8 8 -10
leaf_value=0.017036627505722334 -0.0042893541805357344 0.026926378367858272 0.017660104844744083 -0.0071726972501280689 -0.023184102390447766 0.015359054083575754 0.0010665035426905692 -0.039417077376911115 -0.034547861954855909
leaf_weight=3.0461424486711648 0.73760448582471072 2.4606362134218216 1.0146906133741138 6.1172821484506184 3.2525004614144573 4.5839999578893007 3.7198266703635534 1.1330408081412318 1.3085478772409258
leaf_count=33 9 17 10 38 21 30 30 7 55
internal_value=-6.83701e-05 -0.0022101 -0.0179101 0.00106015 -0.00350284 0.002479 0.0113621 -0.0292629 -0.0368075
internal_weight=27.3743 24.3281 4.19388 20.1342 13.9538 10.7013 6.18046 3.17919 2.44159
internal_count=250 217 81 136 89 68 47 71 62
is_linear=0
shrinkage=0.05


Tree=297
num_leaves=8
num_cat=0
split_feature=29 19 13 34 23 25 22
split_gain=0.343958 0.422838 0.50967 0.940578 0.613587 0.530083 0.399134
threshold=-0.0093031486362166165 0.067199160345935552 41.010789158825688 -1.8115844303605255 0.0066468461892038597 -0.0029433312413856823 0.0074747971721756965
decision_type=2 2 2 2 2 2 2
left_child=-1 2 3 -2 5 -4 -5
right_child=1 -3 4 6 -6 -7 -8
leaf_value=0.02060766084567936 0.018046557557122266 -0.022994615644834782 0.018067195187487631 -0.034666942182835156 0.028772822651853359 -0.0046510111642053395 -0.0037733382499106644
leaf_weight=1.8860548399388815 1.9167825896292923 2.101613118313252 3.4526946954429194 2.9425091631710591 2.36761893890798 10.01676770905032 1.6216950565576551
leaf_count=24 17 15 27 42 30 82 13
internal_value=3.50194e-05 -0.00155391 0.000465086 -0.0113464 0.00529867 0.00117246 -0.0236902
internal_weight=26.3057 24.4197 22.3181 6.48099 15.8371 13.4695 4.5642
internal_count=250 226 211 72 139 109 55
is_linear=0
shrinkage=0.05


Tree=298
num_leaves=7
num_cat=0
split_feature=29 27 2 13 27 2
split_gain=0.306926 0.546209 0.42781 0.473896 0.684335 0.385002
threshold=0.0080479003464957195 -0.033109752436628496 -0.016801949833589232 41.010789158825688 0.0099447874182597724 -0.010598808550307702
decision_type=2 2 2 2 2 2
left_child=1 -1 -3 5 -5 -4
right_child=-2 2 3 4 -6 -7
leaf_value=0.033152286947471646 -0.01874542923394094 -0.021534359542523446 0.031952515272033744 0.0026904443107587106 -0.035085533438407028 0.0025001186691710454
leaf_weight=1.3226018510758883 1.926644202787428 2.0576359085971481 2.0666881613433361 6.6068682044278813 1.4646636305842546 2.3959533432498583
leaf_count=9 34 29 17 78 54 29
internal_value=0.00010283 0.00238465 -0.000404125 0.00306466 -0.0041644 0.0161398
internal_weight=17.8411 15.9144 14.5918 12.5342 8.07153 4.46264
internal_count=250 216 207 178 132 46
is_linear=0
shrinkage=0.05


Tree=299
num_leaves=8
num_cat=0
split_feature=22 13 2 32 8 21 5
split_gain=0.404214 0.487389 0.6534 0.695405 0.580389 0.364162 0.270406
threshold=-0.010224915326078053 65.88286058407077 0.003241913707658695 -0.18332467089323864 -0.011795579183823119 -1.0000000180025095e-35 0.0044222854662366506
decision_type=2 2 2 2 2 2 2
left_child=-1 2 3 6 -5 -4 -2
right_child=1 -3 5 4 -6 -7 -8
leaf_value=0.019953174864623321 -0.0072022614912719387 -0.020101420417440254 0.03320287185539246 0.025756201222470389 -0.0030623405126422179 0.0055315600779107486 -0.033552262201195317
leaf_weight=2.2983742542564896 1.705656155012558 3.2224068306386462 1.9950948432087896 2.0979161378927627 10.447433985769736 2.9426760200876734 2.2686206945218146
leaf_count=18 18 27 16 23 92 29 27
internal_value=-0.00010215 -0.00196986 0.000753087 -0.00401711 0.00175689 0.0167121 -0.0222435
internal_weight=26.9782 24.6798 21.4574 16.5196 12.5454 4.93777 3.97428
internal_count=250 232 205 160 115 45 45
is_linear=0
shrinkage=0.05


Tree=300
num_leaves=7
num_cat=0
split_feature=23 32 32 13 22 24
split_gain=0.34331 0.531857 0.690128 0.625816 0.640698 0.574234
threshold=-0.013562418320805845 -0.39292547838884201 -0.18332467089323864 47.707756716730138 -0.0016743999685090436 -1.0000000180025095e-35
decision_type=2 2 2 2 2 2
left_child=-1 -2 -3 4 -4 -5
right_child=1 2 3 5 -6 -7
leaf_value=0.016556065229205563 -0.024041684543205037 0.017966817592920514 -0.036861922592116923 -0.0084498550518499107 -0.0052863819735095522 0.01788623189022356
leaf_weight=2.8061751406639841 2.4400005945935908 4.4982949905097547 2.2412095572799533 3.9295901879668236 5.673192823771374 4.3732786662876588
leaf_count=21 27 39 27 27 66 43
internal_value=3.96195e-05 -0.00196197 0.000638703 -0.00416771 -0.014228 0.00542186
internal_weight=25.9617 23.1556 20.7156 16.2173 7.9144 8.30287
internal_count=250 229 202 163 93 70
is_linear=0
shrinkage=0.05


Tree=301
num_leaves=8
num_cat=0
split_feature=31 27 1 7 21 33 3
split_gain=0.300484 0.317228 0.486038 0.728486 0.651568 0.44902 0.430948
threshold=0.19302244266424434 -0.019696370333794063 -0.0034561764784570843 0.57470207512378702 -0.0005012364636661214 0.65500000000000014 -0.014772537784935201
decision_type=2 2 2 2 2 2 2
left_child=1 -1 4 -4 -3 -5 -6
right_child=-2 2 3 5 6 -7 -8
leaf_value=0.014985361493103339 -0.020966533839596759 -0.01294062344376147 0.013083668186413608 -0.035661759787894348 0.0025175626076323603 -0.0016143163392494022 0.035997430277589677
leaf_weight=3.6759371703956321 1.5499125695787359 2.2878851105924696 2.0210470031015539 2.6974526043049991 1.76870449539274 1.5106776030734179 2.1051773905055633
leaf_count=34 31 34 16 68 22 26 19
internal_value=5.81368e-05 0.00208631 -0.00174037 -0.0115893 0.00821633 -0.0234391 0.0207115
internal_weight=17.6168 16.0669 12.3909 6.22918 6.16177 4.20813 3.87388
internal_count=250 219 185 110 75 94 41
is_linear=0
shrinkage=0.05


Tree=302
num_leaves=7
num_cat=0
split_feature=11 11 21 3 26 29
split_gain=0.392827 0.731221 0.465008 0.528208 0.808582 0.523456
threshold=0.57311292290687577 0.57708930373191847 -0.0035448987863623822 -0.01385217568953828 0.028204673365416547 0.0027171793287790185
decision_type=2 2 2 2 2 2
left_child=-1 -2 -3 5 -5 -4
right_child=1 2 3 4 -6 -7
leaf_value=-0.01535280825849014 0.030862904762876172 0.023028848696991639 -0.033545251205882191 -0.0040677306993360486 0.025227236666571257 -0.0022954093667352767
leaf_weight=3.6345930490642813 2.0465171439573195 1.9163113487884498 2.3828855103347548 10.577385935932382 3.0302847661077967 3.0620819590985775
leaf_count=33 15 23 36 100 23 20
internal_value=-7.7027e-05 0.00233532 -0.000448903 -0.00281029 0.00245595 -0.0159713
internal_weight=26.6501 23.0155 20.9689 19.0526 13.6077 5.44497
internal_count=250 217 202 179 123 56
is_linear=0
shrinkage=0.05


Tree=303
num_leaves=7
num_cat=0
split_feature=21 32 32 8 5 1
split_gain=0.336031 0.4498 0.95998 0.61972 0.466525 0.18676
threshold=0.00345933293059475 -0.40705853454327484 -0.18332467089323864 -0.011795579183823119 0.0046813475532034082 0.0040614351497384469
decision_type=2 2 2 2 2 2
left_child=1 -1 -3 -4 -5 -2
right_child=5 2 3 4 -6 -7
leaf_value=-0.022848447583500887 0.036236705784484569 0.020301597520316909 -0.034930078605111985 -0.013333608675007318 0.0048413197848172331 0.0046932517633599281
leaf_weight=2.2446569190360668 0.93618000159039982 4.8306100592017271 1.5679160747677183 5.6157388337887673 9.5099281123839301 0.94083621725440025
leaf_count=23 25 37 20 50 80 15
internal_value=5.91496e-05 -0.0015492 0.000671998 -0.00500821 -0.00190652 0.0204259
internal_weight=25.6459 23.7688 21.5242 16.6936 15.1257 1.87702
internal_count=250 210 187 150 130 40
is_linear=0
shrinkage=0.05


Tree=304
num_leaves=10
num_cat=0
split_feature=25 16 29 8 26 17 10 16 15
split_gain=0.293107 0.424272 0.292414 0.524234 0.598318 0.482187 0.261537 0.000420471 8.69866e-06
threshold=0.02489918393512747 0.0080278989070882208 0.0051853945891207074 0.0021063073551174129 0.0037789125592970767 8.2595650866350417e-05 -0.012937004513058228 0.0082663386996949355 0.0087598424905410283
decision_type=2 2 2 2 2 2 2 2 2
left_child=1 2 3 5 -5 -1 -3 -8 -9
right_child=-2 6 -4 4 -6 -7 7 8 -10
leaf_value=-0.0019100537208596004 -0.022805261668612062 0.014055607866595515 0.016354738470640603 0.0085220512679233511 -0.036020407633000018 0.024482079686350855 -0.035781457224292511 -0.034089708804084094 -0.033716348602086006
leaf_weight=4.9377048630267435 1.2970371299888928 0.36169508285820473 3.8512629796750835 1.3108078739605846 1.7745687344577161 2.6645487397909164 0.45061900001019128 0.22825925867073238 0.4928287819493562
leaf_count=55 18 12 33 14 32 19 7 11 49
internal_value=5.88384e-05 0.00190398 0.00454222 0.00028561 -0.0170968 0.00734025 -0.0231105 -0.0345833 -0.0338345
internal_weight=17.3693 16.0723 14.5389 10.6876 3.08538 7.60225 1.5334 1.17171 0.721088
internal_count=250 232 153 120 46 74 79 67 60
is_linear=0
shrinkage=0.05


Tree=305
num_leaves=7
num_cat=0
split_feature=8 22 13 3 21 2
split_gain=0.372141 0.482721 0.507278 0.608658 0.549004 0.296999
threshold=-0.011795579183823119 0.0066061922442051122 65.88286058407077 -0.015664441648858548 -0.0022840014219216993 -0.0087497886228138349
decision_type=2 2 2 2 2 2
left_child=-1 2 3 -2 -5 -3
right_child=1 5 -4 4 -6 -7
leaf_value=0.018607934752338327 -0.013914989332608631 -0.037995374258571031 -0.0172072804749548 0.031961738681346261 0.0046522571805706712 -0.0068768855178578826
leaf_weight=2.415318489540371 3.6771041490137675 1.3488481128588321 3.3012926233932367 2.1864813724532821 11.623388495063397 1.7767686254810531
leaf_count=27 30 17 30 24 95 27
internal_value=-9.64301e-05 -0.00198558 0.000768973 0.00416263 0.0089761 -0.020306
internal_weight=26.3292 23.9139 20.7883 17.487 13.8099 3.12562
internal_count=250 223 179 149 119 44
is_linear=0
shrinkage=0.05


Tree=306
num_leaves=7
num_cat=0
split_feature=23 32 32 21 13 20
split_gain=0.336202 0.485794 0.59928 0.584078 0.677659 0.524278
threshold=-0.013562418320805845 -0.39292547838884201 -0.18332467089323864 0.0019773403340929145 47.707756716730138 0.021202393633159015
decision_type=2 2 2 2 2 2
left_child=-1 -2 -3 4 -4 -5
right_child=1 2 3 5 -6 -7
leaf_value=0.016535795950705666 -0.023432227754374937 0.016887198525934229 -0.021453198308844366 -0.005418150669806626 0.0015787497225509444 0.037213872251677542
leaf_weight=2.7536322344094541 2.3609379725530806 4.3881856566295108 5.6860693823546047 1.4121364387683581 7.2859078235924244 1.4738077442161737
leaf_count=21 27 39 66 22 49 26
internal_value=4.05669e-05 -0.00196862 0.000534292 -0.00399087 -0.00851696 0.0163534
internal_weight=25.3607 22.607 20.2461 15.8579 12.972 2.88594
internal_count=250 229 202 163 115 48
is_linear=0
shrinkage=0.05


Tree=307
num_leaves=10
num_cat=0
split_feature=0 30 1 16 12 19 21 17 29
split_gain=0.29256 0.639835 0.497177 0.643648 0.466465 0.54605 0.366523 0.309315 0.303121
threshold=0.00095182434837837182 0.0068599290075537231 0.0049896023878169835 0.0060058424245078611 -0.0086961853494015237 0.040467463007027978 -1.0000000180025095e-35 1.1975943700534599e-05 0.0010558219587901709
decision_type=2 2 2 2 2 2 2 2 2
left_child=1 4 6 -4 5 -1 -2 -6 -3
right_child=2 8 3 -5 7 -7 -8 -9 -10
leaf_value=-0.028264289488474731 0.00038500650627174243 -0.0043588073827973391 -0.035963531822988296 0.013767507874788115 0.0028906626833948533 0.01503253456292329 0.030291332695081743 0.031192426807289866 -0.036170673506979445
leaf_weight=1.8922352126101043 1.6918209788855163 1.2141783854458483 1.206881500547752 1.4116461935918776 2.4002825270872572 1.1837931629270313 2.5974017251282921 1.61496638902463 1.9537640535272656
leaf_count=34 24 19 20 29 31 15 25 19 34
internal_value=5.97528e-05 -0.00529626 0.00801437 -0.00915357 0.00304964 -0.0116017 0.0184952 0.0142739 -0.0239781
internal_weight=17.167 10.2592 6.90775 2.61853 7.09128 3.07603 4.28922 4.01525 3.16794
internal_count=250 152 98 49 99 49 49 50 53
is_linear=0
shrinkage=0.05


Tree=308
num_leaves=9
num_cat=0
split_feature=22 0 29 6 21 19 16 19
split_gain=0.369842 0.460311 0.439751 0.586673 0.495705 0.53146 0.453395 0.355846
threshold=-0.010224915326078053 0.0030946694649471866 0.00066787763764009089 0.95006825920893856 0.00020139240034111608 -0.026162347019371531 0.0068488332342479539 -0.027861413579735369
decision_type=2 2 2 2 2 2 2 2
left_child=-1 2 3 -2 5 -4 -5 -3
right_child=1 7 4 6 -6 -7 -8 -9
leaf_value=0.019430511842367548 -0.032827782951172731 -0.024468524311059742 0.032662143645145893 -0.014083427459478945 -0.0039207863240902363 0.0038451912328679051 0.018150184920329836 -0.00096800501253953622
leaf_weight=2.2220285478979376 1.7579131342936367 3.3877837881445885 3.0011582691222491 2.2746899798512459 4.8126436378806829 3.4269604831933895 2.0963259674608707 3.0710359816439441
leaf_count=18 29 18 32 32 36 23 28 34
internal_value=-7.8869e-05 -0.00189814 0.00233954 -0.00843461 0.00821405 0.0172992 0.00137572 -0.0132945
internal_weight=26.0505 23.8285 17.3697 6.12893 11.2408 6.42812 4.37102 6.45882
internal_count=250 232 180 89 91 55 60 52
is_linear=0
shrinkage=0.05


Tree=309
num_leaves=8
num_cat=0
split_feature=13 33 6 23 27 6 23
split_gain=0.318546 0.377473 0.620692 0.72233 0.683942 0.504519 0.493645
threshold=31.674897332386326 0.23500000000000001 0.96147676015366057 0.0062072404666733147 0.002342432154555985 0.96147676015366057 -0.0033190834437444856
decision_type=2 2 2 2 2 2 2
left_child=-1 5 4 6 -3 -2 -4
right_child=1 2 3 -5 -6 -7 -8
leaf_value=-0.015121080533498442 -0.0062065925650308471 0.023827133544407499 -0.0032346724602951415 0.01440183954679854 -0.0072965191263058456 0.025536611462939365 -0.029520401568356232
leaf_weight=3.0369024085812297 1.9957459918223346 3.86573641560972 3.2465078346431318 2.3149175550788641 3.2483849553391337 3.3577497228980064 3.9707021308131436
leaf_count=33 19 29 35 27 34 34 39
internal_value=5.85541e-05 0.00215399 -0.0015602 -0.00990115 0.00961574 0.013703 -0.0176963
internal_weight=25.0366 21.9997 16.6462 9.53213 7.11412 5.3535 7.21721
internal_count=250 217 164 101 63 53 74
is_linear=0
shrinkage=0.05


Tree=310
num_leaves=10
num_cat=0
split_feature=32 29 29 32 16 29 6 0 24
split_gain=0.278562 0.431056 0.568567 0.353198 0.704876 0.490008 0.134039 0.122448 0.000320153
threshold=0.065285399631770422 0.0040863722802544364 0.002339464084286536 -0.034935575588706448 0.0072847571243107858 1.0000000180025095e-35 0.87321955009389862 0.0012301199701210133 -0.0084446454129469811
decision_type=2 2 2 2 2 2 2 2 2
left_child=3 2 7 4 5 -1 -6 -2 -8
right_child=1 -3 -4 -5 6 -7 8 -9 -10
leaf_value=-0.013054539510359217 -0.0043631122717414147 -0.03585351534226211 0.026839967406217427 0.015387648751199648 -0.0068940886500642052 0.015160587008835906 -0.036049326201398786 -0.035197982989183946 -0.034573096035588308
leaf_weight=2.3258833214640617 0.56515366525854893 1.2572216992266474 1.0965997874736784 4.2207373599521825 0.57738141110166941 4.5471506421454251 0.61027013207785796 0.74822225258685648 0.92238039965741303
leaf_count=29 20 29 10 39 11 37 13 23 39
internal_value=7.15198e-05 -0.0121196 0.000261812 0.00345745 -0.00214801 0.00561239 -0.0274261 -0.0219296 -0.0351609
internal_weight=16.871 3.6672 2.40998 13.2038 8.98307 6.87303 2.11003 1.31338 1.53265
internal_count=250 82 53 168 129 66 63 43 52
is_linear=0
shrinkage=0.05


Tree=311
num_leaves=8
num_cat=0
split_feature=16 27 0 19 29 21 32
split_gain=0.356221 0.543225 0.51123 0.776637 0.493876 0.58685 0.357045
threshold=0.010570778124519601 -0.027074638446665019 0.0030946694649471866 -0.012292146278990666 0.00055872193595185593 0.00020139240034111608 -0.20446716504523213
decision_type=2 2 2 2 2 2 2
left_child=1 -1 4 -4 6 -6 -3
right_child=-2 2 3 -5 5 -7 -8
leaf_value=-0.025542996705138089 0.018026984111079166 0.010918778595354749 -0.027883033772871154 0.0071747850373803691 0.02324129402518478 -0.0018230423899283183 -0.016574539820971412
leaf_weight=2.2192354872822824 2.4505467773415139 1.82725707674399 3.3588589914143085 2.9824761077761641 5.3782951682805997 4.1276928279548883 3.3383182999677983
leaf_count=19 37 21 19 29 45 31 49
internal_value=-0.000104063 -0.00201654 0.000468158 -0.0113945 0.00559544 0.0123579 -0.00684913
internal_weight=25.6827 23.2321 21.0129 6.34134 14.6716 9.50599 5.16558
internal_count=250 213 194 48 146 76 70
is_linear=0
shrinkage=0.05


Tree=312
num_leaves=7
num_cat=0
split_feature=21 32 32 14 5 1
split_gain=0.312252 0.392519 0.862993 0.527433 0.518796 0.196961
threshold=0.00345933293059475 -0.40705853454327484 -0.18332467089323864 0.91261069408760076 0.0059881343319951172 0.0056033652467084591
decision_type=2 2 2 2 2 2
left_child=1 -1 -3 4 -4 -2
right_child=5 2 3 -5 -6 -7
leaf_value=-0.021882107370814936 0.035987855898626207 0.019510537911620215 -0.014510127178379302 0.018149667660412608 0.0068721505894480898 0.0028954926346318162
leaf_weight=2.1453942279331448 0.93647698685526737 4.6688295714557269 10.009778245817865 2.1504593938589087 3.9587070709094396 0.86492181289941072
leaf_count=23 27 37 94 14 42 13
internal_value=5.43208e-05 -0.00152018 0.000581264 -0.00490157 -0.00845033 0.0200989
internal_weight=24.7346 22.9332 20.7878 16.1189 13.9685 1.8014
internal_count=250 210 187 150 136 40
is_linear=0
shrinkage=0.05


Tree=313
num_leaves=10
num_cat=0
split_feature=25 21 25 25 23 17 2 30 4
split_gain=0.271988 0.379497 0.334701 0.608543 0.557331 0.385711 0.205757 0.126285 0.000172826
threshold=0.02489918393512747 -0.0024933130898751039 -0.0045398784191691402 -0.0011540621058457876 -0.0040759159234969302 4.740957915233709e-05 -0.0026297801279104856 -0.011280597462065332 0.0042212835201310608
decision_type=2 2 2 2 2 2 2 2 2
left_child=1 7 5 -4 -5 6 -3 -1 -9
right_child=-2 2 3 4 -6 -7 -8 8 -10
leaf_value=-0.0020641600757828151 -0.02247774265523524 -0.0011000419919236463 0.031912502548043307 0.017726022939135236 -0.008512348445689568 0.0095571098101067328 -0.03542659643584075 -0.035334541452709686 -0.033922873048275598
leaf_weight=0.45250614080578089 1.2396902632899571 0.65827672416344296 2.2334206025116137 3.4906461015343639 4.816332568065266 1.5463115733582524 1.296066610957495 0.37716770870611138 0.50996068317908794
leaf_count=7 18 16 17 29 67 22 34 7 33
internal_value=5.19879e-05 0.00186789 0.00429383 0.00874265 0.00251318 -0.00910147 -0.0238645 -0.023559 -0.0345231
internal_weight=16.6204 15.3807 14.0411 10.5404 8.30698 3.50065 1.95434 1.33963 0.887128
internal_count=250 232 185 113 96 72 50 47 40
is_linear=0
shrinkage=0.05


Tree=314
num_leaves=8
num_cat=0
split_feature=22 14 33 25 5 21 27
split_gain=0.357287 0.41915 0.492111 0.74591 0.657907 0.67641 0.593611
threshold=-0.010224915326078053 0.91261069408760076 0.34500000000000003 0.011016035910764834 0.0067174571062145324 0.00090965672952703091 -0.013281257467528005
decision_type=2 2 2 2 2 2 2
left_child=-1 2 3 6 5 -4 -2
right_child=1 -3 4 -5 -6 -7 -8
leaf_value=0.019277631492719483 0.0063095592217881167 -0.022378383971790344 0.023191044914985359 0.018730180293329027 -0.010782523242383116 -0.0095980532442636046 -0.025429743130081919
leaf_weight=2.1773959640413549 2.0906360847875476 2.2568152118474236 6.1389288892969471 1.9700148701667783 3.6174154160544267 2.1146658577490598 4.9876705890055799
leaf_count=18 16 16 52 15 37 36 60
internal_value=-8.70751e-05 -0.00190639 0.000302169 -0.00848173 0.00699744 0.0147901 -0.0160553
internal_weight=25.3535 23.1761 20.9193 9.04832 11.871 8.25359 7.07831
internal_count=250 232 216 91 125 88 76
is_linear=0
shrinkage=0.05


Tree=315
num_leaves=9
num_cat=0
split_feature=28 29 25 27 0 0 21 8
split_gain=0.311999 0.428243 0.608119 0.499439 0.515518 0.637214 0.307312 0.137379
threshold=-0.10402667924806379 -0.0035934354107605699 0.0077943764213005426 -0.014721517926501447 0.0064742164117858056 -0.0027616193467268064 0.00040767674802122405 0.00041388846994313893
decision_type=2 2 2 2 2 2 2 2
left_child=-1 2 7 6 5 -5 -3 -2
right_child=1 3 -4 4 -6 -7 -8 -9
leaf_value=0.019048639702823583 0.037283022792647391 -0.035924104092636203 -0.010394076292834396 0.010569157528720102 0.020720104188138844 -0.013616897682939881 -0.0075289889145933866 0.014316098343440593
leaf_weight=1.9863021131604934 1.5172618981450825 1.825465278234341 1.7710089907050131 4.239949977025395 2.3389391396194705 7.6132626477628804 1.9933794569224117 1.140568694565445
leaf_count=12 28 29 13 39 16 81 15 17
internal_value=5.50787e-05 -0.00162617 0.0123031 -0.00505134 -0.000732324 -0.00496543 -0.0211023 0.0274271
internal_weight=24.4261 22.4398 4.42884 18.011 14.1922 11.8532 3.81884 2.65783
internal_count=250 238 58 180 136 120 44 45
is_linear=0
shrinkage=0.05


Tree=316
num_leaves=8
num_cat=0
split_feature=31 27 1 7 21 16 3
split_gain=0.272541 0.311223 0.420971 0.631534 0.557791 0.422333 0.385487
threshold=0.19302244266424434 -0.019696370333794063 -0.0034561764784570843 0.57470207512378702 -0.0005012364636661214 0.0046878954608843585 -0.014772537784935201
decision_type=2 2 2 2 2 2 2
left_child=1 -1 4 -4 -3 -5 -6
right_child=-2 2 3 5 6 -7 -8
leaf_value=0.015202879420734366 -0.02073386446884605 -0.012641065011522519 0.012294574762647236 -0.0012193670882197005 0.0019908989681958044 -0.035469087104503423 0.034775248435665755
leaf_weight=3.4601942356675872 1.4380191331729282 2.1224040023516864 1.8871181532740591 1.4176395316608252 1.6635144136380406 2.4653894721996039 1.9449862575856967
leaf_count=34 31 34 16 18 22 76 19
internal_value=5.71137e-05 0.00205546 -0.00190005 -0.0114334 0.00769858 -0.022965 0.0196617
internal_weight=16.3993 14.9612 11.5011 5.77015 5.7309 3.88303 3.6085
internal_count=250 219 185 110 75 94 41
is_linear=0
shrinkage=0.05


Tree=317
num_leaves=8
num_cat=0
split_feature=22 13 2 32 8 21 0
split_gain=0.338929 0.413271 0.584757 0.555515 0.488794 0.320708 0.319668
threshold=-0.010224915326078053 65.88286058407077 0.003241913707658695 -0.18332467089323864 -0.011795579183823119 -1.0000000180025095e-35 -0.0020525681101037914
decision_type=2 2 2 2 2 2 2
left_child=-1 2 3 6 -5 -4 -2
right_child=1 -3 5 4 -6 -7 -8
leaf_value=0.018867021085756296 -0.035704625421796775 -0.019225310893798767 0.032661953290765877 0.024721452493878929 -0.0031716826421902058 0.005730498174355547 -0.0059842787880541367
leaf_weight=2.1545027540996697 1.8421733053401115 2.9849392529577008 1.8155827354639766 1.8723397431895197 9.7466287154238582 2.8261384773068121 1.7779837374109835
leaf_count=18 24 27 16 23 92 29 21
internal_value=-9.12056e-05 -0.00187752 0.000727099 -0.0040055 0.00132316 0.0162646 -0.0211079
internal_weight=25.0203 22.8658 19.8808 15.2391 11.619 4.64172 3.62016
internal_count=250 232 205 160 115 45 45
is_linear=0
shrinkage=0.05


Tree=318
num_leaves=7
num_cat=0
split_feature=23 27 33 32 27 17
split_gain=0.30819 0.460319 0.572361 0.516482 0.484848 0.552083
threshold=-0.013562418320805845 -0.014721517926501447 0.23500000000000001 -0.40705853454327484 -0.0020918071227466468 6.5304840632413895e-05
decision_type=2 2 2 2 2 2
left_child=-1 2 -2 -3 -5 -6
right_child=1 3 -4 4 5 -7
leaf_value=0.016260726895098197 0.0046819069000217988 -0.021667352881520975 -0.032706211415525904 0.019375068719786216 0.0058977713242360473 -0.019850656565238711
leaf_weight=2.6202696077525642 1.7832542089745462 2.0805092812515857 2.4030148591846228 4.1886395267210963 8.2393066883086998 2.7856747889891258
leaf_count=21 14 24 30 37 88 36
internal_value=7.19951e-05 -0.00190277 -0.0167797 0.00169839 0.00489372 -0.000608067
internal_weight=24.1007 21.4804 4.18627 17.2941 15.2136 11.025
internal_count=250 229 44 185 161 124
is_linear=0
shrinkage=0.05


Tree=319
num_leaves=10
num_cat=0
split_feature=5 17 5 4 25 6 10 3 15
split_gain=0.269604 0.354099 0.486764 0.416355 0.294548 0.618149 0.34463 0.676368 0.000200323
threshold=0.0037422665285693157 -3.9877528213727841e-05 0.0055442066047449818 0.0045649940171945255 0.0042163440294625829 1.0410005789012093 -0.0059337779510924048 0.023103940251078651 0.0095143936688033229
decision_type=2 2 2 2 2 2 2 2 2
left_child=-1 2 3 -2 6 -6 -3 -8 -4
right_child=1 4 8 -5 5 -7 7 -9 -10
leaf_value=-0.021980355833497625 -0.017869210415312566 0.029124192352179862 -0.035641064300926395 0.012701280678119407 -0.022937734146946512 0.018315269837841607 -0.019969300021492081 0.028490506647533782 -0.034370195213991608
leaf_weight=1.2782408014172713 1.9065380652900792 2.5098626636900008 0.52841576281934954 2.6785772737348452 1.8637137233745309 1.7709543011151252 1.4691957598552075 1.4121168553829191 0.75043624301906675
leaf_count=21 34 26 11 31 31 19 28 14 35
internal_value=5.61525e-05 0.00194791 -0.00761821 -1.02436e-05 0.00816289 -0.00283764 0.0155793 0.00378061 -0.0348953
internal_weight=16.1681 14.8898 5.86397 4.58512 9.02584 3.63467 5.39118 2.88131 1.27885
internal_count=250 229 111 65 118 50 68 42 46
is_linear=0
shrinkage=0.05


Tree=320
num_leaves=9
num_cat=0
split_feature=22 13 33 25 33 31 25 34
split_gain=0.32385 0.392145 0.546589 0.683953 0.683595 0.58608 0.581597 0.372577
threshold=-0.010224915326078053 65.88286058407077 0.34500000000000003 0.011016035910764834 0.77500000000000013 0.19302244266424434 0.0029042696538627015 -1.1903663078159104
decision_type=2 2 2 2 2 2 2 2
left_child=-1 2 3 5 7 -2 -6 -4
right_child=1 -3 4 -5 6 -7 -8 -9
leaf_value=0.018524425232859278 -0.024189689166570726 -0.018828076534078812 -0.00010649734844605834 0.01796382270417262 0.011365503932955427 0.0092521577399525805 -0.027866979343474981 0.025103729348512811
leaf_weight=2.1313409050926593 5.2078186104772666 2.9604065027087918 2.0933051975444013 1.9154253359884021 1.8331849623937162 1.7505147680640218 1.9489534636959431 4.8870949521660734
leaf_count=18 66 27 25 15 25 12 17 45
internal_value=-0.000106883 -0.0018642 0.000693302 -0.00849371 0.00826803 -0.0157767 -0.00885118 0.0175436
internal_weight=24.728 22.5967 19.6363 8.87376 10.7625 6.95833 3.78214 6.9804
internal_count=250 232 205 93 112 78 42 70
is_linear=0
shrinkage=0.05


Tree=321
num_leaves=8
num_cat=0
split_feature=13 15 15 19 22 24 21
split_gain=0.307542 0.33865 0.527966 0.635318 0.508942 0.528599 0.249832
threshold=31.674897332386326 0.011000000246685425 0.0095143936688033229 -0.012292146278990666 0.0055217955313094933 0.014415285199557594 -1.0000000180025095e-35
decision_type=2 2 2 2 2 2 2
left_child=-1 2 4 -4 5 -2 -5
right_child=1 -3 3 6 -6 -7 -8
leaf_value=-0.015181710004167175 0.0089446630266549389 0.021963383613249753 0.0067974454291890377 -0.034165741970488654 0.029736237695930891 -0.019528743557476295 -0.010749077313305726
leaf_weight=2.8918159431777921 6.7918161936104351 1.966651971451937 3.375466856174171 2.1577176623977721 2.049655362032353 2.1447190390899777 2.4126610211096695
leaf_count=33 62 25 36 20 24 20 30
internal_value=0.000100803 0.00221549 0.000164088 -0.00965402 0.00726511 0.0021112 -0.0218043
internal_weight=23.7905 20.8987 18.932 7.94585 10.9862 8.93654 4.57038
internal_count=250 217 192 86 106 82 50
is_linear=0
shrinkage=0.05


Tree=322
num_leaves=9
num_cat=0
split_feature=22 20 0 16 16 23 32 7
split_gain=0.258118 0.375582 0.339555 0.544132 0.52182 0.669203 0.440981 0.25837
threshold=0.0082048974914769052 0.16096981848955397 0.00095182434837837182 0.0049607320485826742 0.0046878954608843585 -0.0073735535121085541 -0.068008031643293373 0.59782695174217237
decision_type=2 2 2 2 2 2 2 2
left_child=1 2 4 -4 -1 -6 -5 -2
right_child=7 -3 3 6 5 -7 -8 -9
leaf_value=0.012507499269650824 -0.035929596749648712 0.025694984309057291 -0.014284843643855356 -0.0073620209379029302 0.01267890958718125 -0.0293063892469984 0.029254921165852224 0.0024350889178284497
leaf_weight=2.1026701265946013 0.94151225674431838 1.5228741446044285 1.832976577337831 1.1585997436195614 1.3216671873815333 3.3666623741155512 2.8321698368526995 0.82199556473642588
leaf_count=22 28 16 24 29 16 68 33 14
internal_value=-1.02562e-05 0.00223966 -0.00059191 0.00826641 -0.00818853 -0.0174705 0.0186243 -0.0180473
internal_weight=15.9011 14.1376 12.6147 5.82375 6.791 4.68833 3.99077 1.76351
internal_count=250 208 192 86 106 84 62 42
is_linear=0
shrinkage=0.05


Tree=323
num_leaves=10
num_cat=0
split_feature=21 29 2 26 22 24 2 16 21
split_gain=0.322254 0.340893 0.531057 0.3953 0.599925 0.337637 0.301094 0.189417 0.00449179
threshold=-0.0031355868358565737 -0.00081754060861255462 0.02054770821198049 -0.0027505105221876098 -0.002301899024704845 -0.00093329779586320816 -0.0048930205108428928 0.0046878954608843585 -0.0014024552950721023
decision_type=2 2 2 2 2 2 2 2 2
left_child=-1 2 7 6 -5 -6 -3 -2 -9
right_child=1 3 -4 4 5 -7 -8 8 -10
leaf_value=0.014441383183190349 -0.0054959475868728508 0.024010352273934634 0.016723269680749223 0.0061918524164067557 -0.025964232415729073 -0.0015940741838544423 0.00062598994634870727 -0.039437921267537965 -0.034440242287113378
leaf_weight=3.2988494755700257 0.672740891110159 2.5769258439540863 0.88117935322225083 6.2422475516796174 3.4950879216194215 2.395290384069062 2.9551173262298187 0.73812835663557086 1.1501636796165251
leaf_count=39 9 19 10 37 26 22 28 5 55
internal_value=-9.15794e-05 -0.00236297 -0.0167576 0.000442029 -0.0046086 -0.0160542 0.0115188 -0.0282775 -0.0363938
internal_weight=24.4057 21.1069 3.44221 17.6647 12.1326 5.89038 5.53204 2.56103 1.88829
internal_count=250 211 79 132 85 48 47 69 60
is_linear=0
shrinkage=0.05


Tree=324
num_leaves=9
num_cat=0
split_feature=28 29 25 27 11 33 31 23
split_gain=0.301803 0.405022 0.544654 0.462022 0.494818 0.675388 0.35645 0.221075
threshold=-0.10402667924806379 -0.0028343717650526341 0.0077943764213005426 -0.022950688985176989 0.59254903197288533 0.57500000000000007 -0.085930382411052206 -0.0025970891986756279
decision_type=2 2 2 2 2 2 2 2
left_child=-1 2 7 -3 5 -5 -6 -2
right_child=1 3 -4 4 6 -7 -8 -9
leaf_value=0.019059039440087477 0.037228163886516639 -0.030305256000383793 -0.010665193343319931 0.0004457496590960103 -0.0051759835674232207 -0.026676983697979512 0.022590887102345376 0.010448718983991825
leaf_weight=1.926929192617538 1.5418201591819525 1.6640997417271215 1.8177601369097827 6.8048067279159934 2.0043276231735945 3.4634277974255383 2.7301809089258322 1.5409235744737115
leaf_count=12 16 21 15 65 21 38 26 36
internal_value=0.000100015 -0.00159387 0.0110423 -0.00530927 -0.00253672 -0.00870262 0.0108359 0.0238423
internal_weight=23.4943 21.5673 4.9005 16.6668 15.0027 10.2682 4.73451 3.08274
internal_count=250 238 67 171 150 103 47 52
is_linear=0
shrinkage=0.05


Tree=325
num_leaves=10
num_cat=0
split_feature=32 29 29 32 16 29 11 0 24
split_gain=0.253666 0.384228 0.512509 0.313041 0.627303 0.448222 0.1246 0.1128 0.000240142
threshold=0.065285399631770422 0.0040863722802544364 0.002339464084286536 -0.034935575588706448 0.0072847571243107858 1.0000000180025095e-35 0.57425519287586224 0.0012301199701210133 -0.0053380768019015137
decision_type=2 2 2 2 2 2 2 2 2
left_child=3 2 7 4 5 -1 -6 -2 -8
right_child=1 -3 -4 -5 6 -7 8 -9 -10
leaf_value=-0.013144767136209781 -0.0043101968555228475 -0.035625493096998917 0.026279134183641386 0.014916002751401645 -0.0066933820732975437 0.01477385575640649 -0.035780447427587778 -0.03507612536140612 -0.034464630741906137
leaf_weight=2.1719555929303151 0.52121698111295856 1.1498682938981799 1.0106941992416976 3.9493598029948762 0.53494648728519667 4.252107797190547 0.65950824681203801 0.69543028227053583 0.73118918121326704
leaf_count=29 20 29 10 39 10 37 15 23 38
internal_value=-1.55287e-05 -0.0121532 -3.56385e-05 0.00331737 -0.00216871 0.00533466 -0.0272004 -0.0218959 -0.0350886
internal_weight=15.6763 3.37721 2.22734 12.2991 8.34971 6.42406 1.92564 1.21665 1.3907
internal_count=250 82 53 168 129 66 63 43 53
is_linear=0
shrinkage=0.05


Tree=326
num_leaves=10
num_cat=0
split_feature=21 6 26 27 22 13 31 25 21
split_gain=0.31551 0.946485 0.574153 0.46706 0.914572 0.398763 0.473131 0.383886 0.00168108
threshold=0.0013112881169073944 0.87745184370244245 -0.01796537404307413 0.003512235076551296 -0.002301899024704845 46.234159065179341 0.0068371023868690995 -0.0074187843487615304 0.0019773403340929145
decision_type=2 2 2 2 2 2 2 2 2
left_child=2 -2 -1 5 -5 6 -4 -3 -9
right_child=1 7 3 4 -6 -7 -8 8 -10
leaf_value=0.027006488684410697 0.013974469297260921 -0.00065584695147954042 0.015587129785873144 0.02947507967536411 -0.011901943860490516 -0.017731085787564004 -0.012624947151390979 -0.03795377441023004 -0.035383983484995878
leaf_weight=2.224760113283998 2.4509162805043152 1.0357770583359527 3.1073909532278758 3.1135718887671828 2.3385448083281508 4.4174389485269785 2.8483184427022934 1.3510824106633665 1.2031025609467176
leaf_count=26 22 28 27 27 21 35 20 10 34
internal_value=-8.74329e-05 -0.0099784 0.00322282 -0.000120756 0.0117275 -0.00634817 0.0020947 -0.0263314 -0.0367433
internal_weight=24.0909 6.04088 18.05 15.8253 5.45212 10.3731 5.95571 3.58996 2.55418
internal_count=250 94 156 130 48 82 47 72 44
is_linear=0
shrinkage=0.05


Tree=327
num_leaves=8
num_cat=0
split_feature=13 23 33 6 27 21 20
split_gain=0.290943 0.308608 0.397493 0.755433 0.637201 0.557274 0.391667
threshold=31.674897332386326 0.0082086458205183916 0.23500000000000001 0.96147676015366057 0.002342432154555985 0.0015291427556902717 -0.0026693760831497655
decision_type=2 2 2 2 2 2 2
left_child=-1 2 6 4 -4 -5 -2
right_child=1 -3 3 5 -6 -7 -8
leaf_value=-0.015030344047340577 -0.0023173393750571779 0.019675421895256857 0.022594736116656272 -0.022846132398315053 -0.010450309821686668 0.0083079944435317486 0.027036297347766587
leaf_weight=2.8042852720245746 2.2107539921998978 2.2356194453313938 3.5215380620211345 5.6010693851858377 2.4905614526942372 1.93003589566797 2.3384493980556789
leaf_count=33 23 39 27 64 27 19 18
internal_value=6.70218e-05 0.00214973 -1.58638e-05 -0.00431116 0.00890556 -0.0148621 0.0127715
internal_weight=23.1323 20.328 18.0924 13.5432 6.0121 7.53111 4.5492
internal_count=250 217 178 137 54 83 41
is_linear=0
shrinkage=0.05


Tree=328
num_leaves=7
num_cat=0
split_feature=29 27 29 8 24 2
split_gain=0.245055 0.418262 0.33858 0.434904 0.494851 0.458596
threshold=0.0080479003464957195 -0.0290949916291201 0.0051853945891207074 0.0021063073551174129 -0.0068616275588160849 0.027873921200633926
decision_type=2 2 2 2 2 2
left_child=1 -1 3 4 -3 -5
right_child=-2 2 -4 5 -6 -7
leaf_value=0.026068896474555223 -0.018056908773949398 0.014880258333639262 0.014903040176427927 -0.035583178620303343 -0.012118326229275923 0.0094958875379161801
leaf_weight=1.622122786939143 1.670423005823978 3.3994886423461108 2.6325441082008174 1.912318228161894 3.3893192755058421 0.80029099853709329
leaf_count=12 34 33 32 48 76 15
internal_value=2.74003e-05 0.00222341 -0.000964366 -0.00536073 0.00140119 -0.0222837
internal_weight=15.4265 13.7561 12.134 9.50142 6.78881 2.71261
internal_count=250 216 204 172 109 63
is_linear=0
shrinkage=0.05


Tree=329
num_leaves=9
num_cat=0
split_feature=22 0 29 6 21 19 16 19
split_gain=0.310461 0.379577 0.402777 0.495273 0.420142 0.471215 0.393447 0.270297
threshold=-0.010224915326078053 0.0030946694649471866 0.00066787763764009089 0.95006825920893856 0.00020139240034111608 -0.026162347019371531 0.0068488332342479539 -0.027861413579735369
decision_type=2 2 2 2 2 2 2 2
left_child=-1 2 3 -2 5 -4 -5 -3
right_child=1 7 4 6 -6 -7 -8 -9
leaf_value=0.01852563903213738 -0.032355928798787292 -0.022738056501382539 0.032305375927974798 -0.014342300820816315 -0.0035652392312583501 0.0037894002404234729 0.017385736827710597 -0.0013483755790232787
leaf_weight=2.0478002913296249 1.5778063804609725 3.1249076966196299 2.6782231628894833 2.0440444722771649 4.4135794593021274 3.1557163484394506 1.8719234743621198 2.8007285515777758
leaf_count=18 29 18 32 32 36 23 28 34
internal_value=-8.31999e-05 -0.00184197 0.00221843 -0.00870493 0.00807452 0.0168804 0.000824437 -0.0126283
internal_weight=23.7147 21.6669 15.7413 5.49377 10.2475 5.83394 3.91597 5.92564
internal_count=250 232 180 89 91 55 60 52
is_linear=0
shrinkage=0.05


Tree=330
num_leaves=11
num_cat=0
split_feature=28 29 25 11 33 21 11 7 23 24
split_gain=0.285541 0.369923 0.509475 0.385205 0.669038 0.684047 0.233254 0.22233 0.199495 0.00292249
threshold=-0.10402667924806379 -0.0028343717650526341 0.0077943764213005426 0.59254903197288533 0.57500000000000007 0.0017184121188301706 0.59634980201721211 0.57470207512378702 0.0045796882368773781 -0.0084446454129469811
decision_type=2 2 2 2 2 2 2 2 2 2
left_child=-1 2 7 4 5 -3 -5 -2 -6 -9
right_child=1 3 -4 6 8 -7 -8 9 -10 -11
leaf_value=0.018694588966349731 0.0070485786773145879 -0.010501275780430122 -0.010476821575857892 0.019431385079945504 -0.036834445613335313 0.024445559959403937 -0.0025608750349383836 0.037148390404797865 -0.013465457978253093 0.033019638120380272
leaf_weight=1.8855925984680677 1.2281860411167174 5.5030430629849452 1.7831782326102255 2.0190382450819007 2.270443254616112 1.8781712260097263 2.992866809014231 0.76419706083834149 1.5277812536805866 0.97599192894995213
leaf_count=12 8 56 15 20 32 19 31 7 13 37
internal_value=5.82793e-05 -0.00161964 0.0106472 -0.00521948 -0.0103832 -0.00160895 0.00629867 0.0233369 -0.0274346 0.0348328
internal_weight=22.8285 20.9429 4.75155 16.1913 11.1794 7.38121 5.01191 2.96838 3.79822 1.74019
internal_count=250 238 67 171 120 75 51 52 45 44
is_linear=0
shrinkage=0.05


Tree=331
num_leaves=8
num_cat=0
split_feature=32 29 23 22 32 17 30
split_gain=0.242844 0.362623 0.48288 0.287706 0.36893 0.541735 0.405579
threshold=0.065285399631770422 0.0040863722802544364 -0.0023865193985180828 0.0082048974914769052 -0.034935575588706448 0.00015134490192736291 -0.0046712686240251147
decision_type=2 2 2 2 2 2 2
left_child=3 2 -2 4 5 6 -1
right_child=1 -3 -4 -5 -6 -7 -8
leaf_value=0.014068238566294938 0.020574934332614349 -0.035550879522718307 -0.02737527113076979 -0.016632017061451645 0.019465404136471246 0.025046100459349435 -0.016799069403746963
leaf_weight=1.4779948485083854 1.2136788452044132 1.0947615669574586 0.92536806187126908 1.5735026483889658 3.523403512313962 1.6010906220180912 3.800958148320206
leaf_count=15 15 29 38 36 34 15 68
internal_value=1.14837e-05 -0.0121468 -0.000168692 0.00329427 0.00630808 -0.000430041 -0.00815688
internal_weight=15.2108 3.23381 2.13905 11.9769 10.4034 6.88004 5.27895
internal_count=250 82 53 168 132 98 83
is_linear=0
shrinkage=0.05


Tree=332
num_leaves=9
num_cat=0
split_feature=21 24 23 7 7 19 9 21
split_gain=0.307668 0.368323 0.367393 0.43856 0.588214 0.642276 0.407945 0.305927
threshold=-0.0024933130898751039 -0.0025921583594201709 -0.0027669954116248392 0.58097840249538435 0.5877581954002381 -0.007256721409300059 0.58908429741859447 1.0000000180025095e-35
decision_type=2 2 2 2 2 2 2 2
left_child=1 -1 6 7 -5 -6 -2 -4
right_child=2 -3 3 4 5 -7 -8 -9
leaf_value=0.027159314315327948 -0.0021258185947343211 -0.00066508808372334389 0.002041144614575538 0.030399703099897216 0.016923542893419696 -0.019814450412833237 -0.028605304281072635 -0.021836391445311455
leaf_weight=2.0628362176939845 3.4757133744424271 2.8089026175439384 2.9292741306126064 2.3617770825512707 2.5680125546641683 2.2165331656578893 2.5012672119773924 2.4748038197867572
leaf_count=26 35 28 18 19 27 41 27 29
internal_value=-6.43231e-05 0.0111166 -0.00300432 0.00185461 0.00998245 -9.60417e-05 -0.013207 -0.0088936
internal_weight=23.3991 4.87174 18.5274 12.5504 7.14632 4.78455 5.97698 5.40408
internal_count=250 54 196 134 87 68 62 47
is_linear=0
shrinkage=0.05


Tree=333
num_leaves=8
num_cat=0
split_feature=13 15 15 19 22 24 21
split_gain=0.272376 0.302529 0.446224 0.587528 0.455409 0.476893 0.219265
threshold=31.674897332386326 0.011000000246685425 0.0095143936688033229 -0.012292146278990666 0.0055217955313094933 0.014415285199557594 -1.0000000180025095e-35
decision_type=2 2 2 2 2 2 2
left_child=-1 2 4 -4 5 -2 -5
right_child=1 -3 3 6 -6 -7 -8
leaf_value=-0.01472212020415496 0.0084784096005436592 0.021514140795579222 0.0069570916087346394 -0.033460933724224137 0.028718394342697764 -0.019288520441357017 -0.010735220150987927
leaf_weight=2.7321007018908885 6.4723428925499373 1.8252746381331224 3.2177427234128118 1.9905627332627771 1.9351780042052258 2.0317605724558234 2.2737981092650434
leaf_count=33 62 25 36 20 24 20 30
internal_value=7.46458e-05 0.00212189 0.00014681 -0.00917251 0.00682621 0.00184446 -0.0213434
internal_weight=22.4788 19.7467 17.9214 7.4821 10.4393 8.5041 4.26436
internal_count=250 217 192 86 106 82 50
is_linear=0
shrinkage=0.05


Tree=334
num_leaves=9
num_cat=0
split_feature=13 27 10 3 16 0 1 26
split_gain=0.236148 0.476286 0.404356 0.388649 0.58203 0.422178 0.235156 0.0002509
threshold=41.010789158825688 0.0099447874182597724 -0.013390511892050956 0.023103940251078651 0.005482655021841234 0.00095182434837837182 -0.0020905120229978143 0.021669805349917807
decision_type=2 2 2 2 2 2 2 2
left_child=2 3 -1 4 -2 -6 -4 -3
right_child=1 7 6 -5 5 -7 -8 -9
leaf_value=-0.012665791953037412 -0.031281151028867603 -0.033946016446377611 0.025240972560286557 0.016648287637722674 -0.013533184796957434 0.023690025493489336 0.0031770068056524328 -0.035403939284828781
leaf_weight=1.8839588249102233 1.7878970713354627 0.5242263867985455 2.5131205208599567 2.2173620164394379 1.5592639844398948 1.4893092981074003 2.3246920796809727 0.67517681384924799
leaf_count=31 30 37 28 20 33 24 28 19
internal_value=2.84335e-05 -0.00563798 0.00698586 -0.00068505 -0.00863181 0.00465135 0.0146387 -0.0347667
internal_weight=14.975 8.25324 6.72177 7.05383 4.83647 3.04857 4.83781 1.1994
internal_count=250 163 87 107 87 57 56 56
is_linear=0
shrinkage=0.05


Tree=335
num_leaves=8
num_cat=0
split_feature=21 24 23 0 23 14 29
split_gain=0.291926 0.359949 0.337898 0.469869 0.587752 0.778655 0.391385
threshold=-0.0024933130898751039 -0.0025921583594201709 -0.0037387814530928649 -0.0036693491102514071 0.0013613179649126785 0.41498557306153444 0.0033149998586834433
decision_type=2 2 2 2 2 2 2
left_child=1 -1 6 -4 -5 -6 -2
right_child=2 -3 3 4 5 -7 -8
leaf_value=0.026910148194714791 -0.029443987763915849 -0.00077754729565268361 -0.018941500542820913 0.022833395625478266 0.017570126252967635 -0.016390957318930973 -0.0022912463477318293
leaf_weight=2.0242119715549052 2.2379545988515082 2.7941664494574097 2.3047093759523731 3.4646528568118722 2.8747714436613023 4.0877646957524121 3.2609011735767126
leaf_count=26 33 28 35 27 35 43 23
internal_value=-9.12716e-05 0.0108541 -0.00298413 0.0014894 0.00600521 -0.00236872 -0.013342
internal_weight=23.0491 4.81838 18.2308 12.7319 10.4272 6.96254 5.49886
internal_count=250 54 196 140 105 78 56
is_linear=0
shrinkage=0.05


Tree=336
num_leaves=10
num_cat=0
split_feature=28 29 25 27 0 0 21 7 24
split_gain=0.275256 0.366598 0.476259 0.378791 0.458558 0.597661 0.258738 0.220525 0.000889002
threshold=-0.10402667924806379 -0.0030622976835565359 0.0077943764213005426 -0.014721517926501447 0.0064742164117858056 -0.0027616193467268064 0.00040767674802122405 0.57470207512378702 -0.0084446454129469811
decision_type=2 2 2 2 2 2 2 2 2
left_child=-1 2 7 6 5 -5 -3 -2 -9
right_child=1 3 -4 4 -6 -7 -8 8 -10
leaf_value=0.018575038949962774 0.0074257761059024685 -0.035576398824083609 -0.0098205726379029107 0.0099936537050849678 0.019574226367271092 -0.014698426946663946 -0.0065474192056334951 0.036973160700846816 0.034612888405731991
leaf_weight=1.838966922834518 1.2089855074882554 1.5270177535712748 1.7212522123008964 3.8544037258252519 2.1599516654387125 6.7288852301426125 1.5434785559773443 0.73268914408981778 0.87585378345102072
leaf_count=12 8 28 15 39 15 79 13 7 34
internal_value=4.96522e-05 -0.00162422 0.0109015 -0.0052193 -0.00142076 -0.00570564 -0.0209841 0.0235608 0.035688
internal_weight=22.1915 20.3525 4.53878 15.8137 12.7432 10.5833 3.0705 2.81753 1.60854
internal_count=250 238 64 174 133 118 41 49 41
is_linear=0
shrinkage=0.05


Tree=337
num_leaves=9
num_cat=0
split_feature=22 20 21 27 31 15 5 21
split_gain=0.230213 0.332814 0.310943 0.300058 0.291085 0.231306 0.294098 9.10112e-05
threshold=0.0082048974914769052 0.16096981848955397 -0.0015171906031645752 -0.021222573148696241 -0.16052535437814258 0.0081318505833619919 0.0049448732224955617 -0.0025521066969108603
decision_type=2 2 2 2 2 2 2 2
left_child=1 2 3 -1 -2 -4 -7 -5
right_child=4 -3 5 7 -6 6 -8 -9
leaf_value=0.010906405979732421 0.0070598818483915199 0.024979985852321255 0.012719643038611179 -0.034026205937350215 -0.035757480527928903 -0.023863498250053544 0.0025688651809679633 -0.034908944152019269
leaf_weight=0.52960199397057284 0.68584943772293627 1.4302590512670565 3.697325395536609 0.62102395435795177 0.94228435505647279 1.3354568611830471 4.9641213098075241 0.55111332423984727
leaf_count=11 13 16 36 36 29 23 73 13
internal_value=1.31787e-05 0.00221238 -0.000571149 -0.0203285 -0.0177207 0.00279208 -0.00303457 -0.0344413
internal_weight=14.757 13.1289 11.6986 1.70174 1.62813 9.9969 6.29958 1.17214
internal_count=250 208 192 60 42 132 96 49
is_linear=0
shrinkage=0.05


Tree=338
num_leaves=11
num_cat=0
split_feature=21 6 26 27 22 30 13 31 21 25
split_gain=0.284206 0.859095 0.515532 0.427122 0.810685 0.42171 0.356107 0.409549 0.00222598 0.000140925
threshold=0.0013112881169073944 0.87745184370244245 -0.01796537404307413 0.003512235076551296 -0.002301899024704845 -0.0093338061284834444 46.234159065179341 0.0068371023868690995 0.0019773403340929145 -0.0014197207558074296
decision_type=2 2 2 2 2 2 2 2 2 2
left_child=2 -2 -1 6 -5 -3 7 -4 -7 -10
right_child=1 5 3 4 -6 8 -8 -9 9 -11
leaf_value=0.026471770274382397 0.013561936082925189 0.004585770780860793 0.015114990931160123 0.028764117893368742 -0.011159775146657506 -0.037744983054992798 -0.017220593340438611 -0.011919195419382446 -0.034181377092254155 -0.035239826089911018
leaf_weight=2.0836089309305015 2.3336177384480825 0.84603936085477505 2.8955182698555273 2.9469296829774976 2.2365432381629935 1.2371058389544489 4.1978725474327803 2.7140998393297195 0.5692388771567497 0.70266701979562585
leaf_count=26 22 20 27 27 21 9 35 20 25 18
internal_value=-5.69486e-05 -0.00973614 0.00316783 -7.12094e-05 0.0115379 -0.0259412 -0.00620689 0.00203505 -0.0362349 -0.0347661
internal_weight=22.7632 5.68867 17.0746 14.991 5.18347 3.35505 9.80749 5.60962 2.50901 1.27191
internal_count=250 94 156 130 48 72 82 47 52 43
is_linear=0
shrinkage=0.05


Tree=339
num_leaves=7
num_cat=0
split_feature=23 27 33 32 27 17
split_gain=0.254943 0.397666 0.487815 0.426827 0.408601 0.469802
threshold=-0.013562418320805845 -0.014721517926501447 0.23500000000000001 -0.40705853454327484 -0.0020918071227466468 6.5304840632413895e-05
decision_type=2 2 2 2 2 2
left_child=-1 2 -2 -3 -5 -6
right_child=1 3 -4 4 5 -7
leaf_value=0.015466513079848128 0.0039623445448043956 -0.021100378894486987 -0.032315192593392487 0.018546817009512814 0.0055617530540884247 -0.019422639504317041
leaf_weight=2.3853525379672673 1.6472610644996231 1.8231878024525965 2.1182935042306781 3.8231094595976201 7.563677490688848 2.5046099317260087
leaf_count=21 14 24 30 37 88 36
internal_value=3.77201e-05 -0.00185154 -0.0164454 0.00164546 0.00463076 -0.000653421
internal_weight=21.8655 19.4801 3.76555 15.7146 13.8914 10.0683
internal_count=250 229 44 185 161 124
is_linear=0
shrinkage=0.05


Tree=340
num_leaves=9
num_cat=0
split_feature=32 29 29 22 32 17 30 1
split_gain=0.228675 0.332481 0.445159 0.262249 0.326556 0.486758 0.342144 0.105665
threshold=0.065285399631770422 0.0040863722802544364 0.002339464084286536 0.0082048974914769052 -0.034935575588706448 0.00015134490192736291 -0.0046712686240251147 -0.0059347687216615421
decision_type=2 2 2 2 2 2 2 2
left_child=3 2 7 4 5 6 -1 -2
right_child=1 -3 -4 -5 -6 -7 -8 -9
leaf_value=0.013077860613410928 -0.0033481824737215831 -0.035350741654861156 0.025543847564888051 -0.016285336609892159 0.018777420816782023 0.024171056071956767 -0.015899161950414173 -0.034750276897213189
leaf_weight=1.4133779198164096 0.45823621319141272 1.0240010910201816 0.90945062693208445 1.4922706094803277 3.3996708588674664 1.5557757365750147 3.6479031321359803 0.64490049588494125
leaf_count=15 14 29 10 36 34 15 68 29
internal_value=4.89469e-05 -0.0121561 -0.000354698 0.00326918 0.00618237 -0.000288633 -0.00780724 -0.021706
internal_weight=14.5456 3.03659 2.01259 11.509 10.0167 6.61706 5.06128 1.10314
internal_count=250 82 53 168 132 98 83 43
is_linear=0
shrinkage=0.05


Tree=341
num_leaves=9
num_cat=0
split_feature=21 24 23 9 7 7 19 21
split_gain=0.27559 0.343737 0.309947 0.382925 0.381149 0.506359 0.584136 0.291365
threshold=-0.0024933130898751039 -0.0025921583594201709 -0.0027669954116248392 0.58908429741859447 0.58097840249538435 0.5877581954002381 -0.007256721409300059 1.0000000180025095e-35
decision_type=2 2 2 2 2 2 2 2
left_child=1 -1 3 -2 7 -6 -7 -4
right_child=2 -3 4 -5 5 6 -8 -9
leaf_value=0.026680511464287255 -0.0016245917924052585 -0.00074431419340672915 0.0022220647249991052 -0.027904212551464733 0.028901750347518847 0.016389961598879735 -0.019487267580514431 -0.02153586362164844
leaf_weight=1.9604168217629192 3.346481074462651 2.7387204021215465 2.8476437143981403 2.3663484347052872 2.2394859741907567 2.4649303685873782 2.1020290387095848 2.3600378441624343
leaf_count=26 35 28 18 27 19 27 41 29
internal_value=-6.85241e-05 0.010697 -0.00292228 -0.01251 0.00163679 0.00942671 -0.000123209 -0.00854465
internal_weight=22.4261 4.69914 17.727 5.71283 12.0141 6.80645 4.56696 5.20768
internal_count=250 54 196 62 134 87 68 47
is_linear=0
shrinkage=0.05


Tree=342
num_leaves=7
num_cat=0
split_feature=13 15 26 26 28 21
split_gain=0.254959 0.282631 0.420621 0.498374 0.551746 0.292481
threshold=31.674897332386326 0.011000000246685425 0.034702502551931975 -0.0070349264332598685 -0.013345747581097465 0.0019773403340929145
decision_type=2 2 2 2 2 2
left_child=-1 2 3 5 -5 -2
right_child=1 -3 -4 4 -6 -7
leaf_value=-0.014553733857784171 -0.022294398428001759 0.021192380250022076 -0.015509119459676521 0.020252577190380198 -0.0035071484115399795 0.0060726575226937923
leaf_weight=2.6271550306119051 2.3449260462075538 1.7530289608985175 3.4442704264074555 5.6232163850218111 4.3209686232730675 1.4835733897052703
leaf_count=33 33 25 38 41 55 25
internal_value=4.44134e-05 0.00206611 0.000118677 0.00402687 0.00992845 -0.0113019
internal_weight=21.5971 18.97 17.217 13.7727 9.94419 3.8285
internal_count=250 217 192 154 96 58
is_linear=0
shrinkage=0.05


Tree=343
num_leaves=9
num_cat=0
split_feature=13 27 10 3 16 0 28 26
split_gain=0.227554 0.437834 0.37724 0.337104 0.545197 0.367216 0.213036 0.000196291
threshold=41.010789158825688 0.0099447874182597724 -0.013390511892050956 0.023103940251078651 0.005482655021841234 0.00095182434837837182 0.014502907254664634 0.021669805349917807
decision_type=2 2 2 2 2 2 2 2
left_child=2 3 -1 4 -2 -6 -4 -3
right_child=1 7 6 -5 5 -7 -8 -9
leaf_value=-0.012439708530395541 -0.031080178529094268 -0.033911846704226846 0.0063425516407471629 0.01563903862224483 -0.012668880612432763 0.022658416760135108 0.028556413535608078 -0.035245002428533671
leaf_weight=1.8074460262432692 1.6915399921126661 0.49256573879392795 2.9467393433442339 2.1128239138051867 1.5102121989475565 1.4341485074255613 1.7031107260845599 0.62830636312719434
leaf_count=31 30 37 36 20 33 24 20 19
internal_value=-1.22837e-05 -0.0057203 0.00694416 -0.00091395 -0.00845802 0.00453845 0.0144789 -0.0346591
internal_weight=14.3269 7.8696 6.4573 6.74872 4.6359 2.94436 4.64985 1.12087
internal_count=250 163 87 107 87 57 56 56
is_linear=0
shrinkage=0.05


Tree=344
num_leaves=11
num_cat=0
split_feature=21 6 26 30 27 22 13 31 21 25
split_gain=0.269236 0.800892 0.474669 0.408222 0.393383 0.740936 0.322063 0.376563 0.00185072 0.000132981
threshold=0.0013112881169073944 0.87745184370244245 -0.01796537404307413 -0.0093338061284834444 0.003512235076551296 -0.002301899024704845 46.234159065179341 0.0068371023868690995 0.0019773403340929145 -0.0014197207558074296
decision_type=2 2 2 2 2 2 2 2 2 2
left_child=2 -2 -1 -3 6 -6 7 -4 -5 -10
right_child=1 3 4 8 5 -7 -8 -9 9 -11
leaf_value=0.026004136309783096 0.012981594192127618 0.0045519259517103399 0.014796427517202249 -0.03750328589017668 0.028024182685223931 -0.010546151308952707 -0.016552102937215377 -0.011502046729624127 -0.034147207978047656 -0.035196280911019874
leaf_weight=1.9979781676083863 2.297174699837341 0.83193936094176058 2.7985437805764359 1.1792706474661829 2.8678621528670192 2.2005152814090243 4.0953837130218744 2.6502271145582199 0.54712901008315418 0.67444914928637389
leaf_count=26 22 20 27 9 27 21 35 20 25 18
internal_value=-3.53748e-05 -0.00959132 0.00314599 -0.0256313 2.05801e-05 0.0112783 -0.00595776 0.00200512 -0.0360904 -0.0347264
internal_weight=22.1405 5.52996 16.6105 3.23279 14.6125 5.06838 9.54415 5.44877 2.40085 1.22158
internal_count=250 94 156 72 130 48 82 47 52 43
is_linear=0
shrinkage=0.05


Tree=345
num_leaves=7
num_cat=0
split_feature=22 13 21 11 33 11
split_gain=0.240901 0.585924 0.285627 0.427918 0.470437 0.277192
threshold=0.01080109079869185 31.674897332386326 -0.0031355868358565737 0.58862415075302132 0.31500000000000006 0.59347255110740671
decision_type=2 2 2 2 2 2
left_child=1 -1 -3 4 -4 -5
right_child=-2 2 3 5 -6 -7
leaf_value=-0.028846874834576142 0.018199243668504651 -0.015491119031672981 0.008964256011074756 0.025927842832003258 -0.013658464186236705 0.0047442274319061698
leaf_weight=1.7855997495353282 1.6779982314910729 2.2427490293048402 4.2501209247857243 2.6507742074318239 5.0032129627652466 3.6994425700977445
leaf_count=26 24 34 43 27 57 39
internal_value=1.54602e-05 -0.00153876 0.00119353 0.00359167 -0.00326769 0.0135869
internal_weight=21.3099 19.6319 17.8463 15.6036 9.25333 6.35022
internal_count=250 226 200 166 100 66
is_linear=0
shrinkage=0.05


Tree=346
num_leaves=7
num_cat=0
split_feature=29 27 2 13 27 2
split_gain=0.220108 0.400277 0.303321 0.374925 0.466155 0.296742
threshold=0.0080479003464957195 -0.033109752436628496 -0.016801949833589232 41.010789158825688 0.0099447874182597724 -0.010598808550307702
decision_type=2 2 2 2 2 2
left_child=1 -1 -3 5 -5 -4
right_child=-2 2 3 4 -6 -7
leaf_value=0.032079648776733478 -0.017927954331067083 -0.02070345152883938 0.030872236572464906 0.0015425118706024644 -0.034613553199639609 0.0021469069204459244
leaf_weight=1.0270000137388695 1.5285003202734522 1.5995646256487788 1.6933113138657065 5.2862477693706751 1.0723056095303034 1.9167612069286404
leaf_count=9 34 29 17 78 54 29
internal_value=-1.02229e-05 0.0021642 -0.000491633 0.00275155 -0.00455484 0.0156206
internal_weight=14.1237 12.5952 11.5682 9.96863 6.35855 3.61007
internal_count=250 216 207 178 132 46
is_linear=0
shrinkage=0.05


Tree=347
num_leaves=9
num_cat=0
split_feature=22 0 29 6 7 33 16 31
split_gain=0.277286 0.367815 0.359766 0.403141 0.37558 0.493508 0.318245 0.24862
threshold=-0.0080930277520570009 0.0030946694649471866 0.00066787763764009089 0.95006825920893856 0.57526236176490797 0.34500000000000003 0.0068488332342479539 -0.05759238185499535
decision_type=2 2 2 2 2 2 2 2
left_child=-1 2 3 -2 -4 -6 -5 -3
right_child=1 7 4 6 5 -7 -8 -9
leaf_value=0.016058184528014437 -0.031862117007294535 -0.027468201072298609 0.026303482143914841 -0.014254748993000187 -0.013785344383675433 0.013185804706060542 0.015735394608504004 -0.0049836702158238093
leaf_weight=2.3912766776047674 1.3602136095287303 1.940977059304714 2.1563435234129411 1.8405265363398942 2.8139593014493585 4.2691487353295088 1.7031722724204881 3.3537831115536383
leaf_count=27 28 18 16 31 28 43 28 31
internal_value=-8.47799e-06 -0.001985 0.00222328 -0.00872272 0.00803296 0.00247077 0.000159112 -0.0132262
internal_weight=21.8294 19.4381 14.1434 4.90391 9.23945 7.08311 3.5437 5.29476
internal_count=250 223 174 87 87 71 59 49
is_linear=0
shrinkage=0.05


Tree=348
num_leaves=7
num_cat=0
split_feature=22 13 15 34 8 2
split_gain=0.232912 0.722234 0.624155 0.316789 0.494971 0.335101
threshold=0.0066061922442051122 32.379329147647582 0.0097627065449910917 -1.6151436432156039 -0.0032703107102066849 -0.007894002245113883
decision_type=2 2 2 2 2 2
left_child=1 -1 -2 -3 -5 -6
right_child=2 3 -4 4 5 -7
leaf_value=-0.036571491620014461 0.026879039643735482 0.019984282148118513 -0.013146168637353895 -0.025326877412206007 0.020439879699874292 -0.0019996899930929081
leaf_weight=1.4291442716494263 2.422610883601009 1.8510308368131561 1.6289248818065969 1.9582890653982783 2.0050243930891183 9.7745999672915644
leaf_count=23 28 19 26 31 17 106
internal_value=1.2713e-05 -0.00255231 0.0107869 0.000566457 -0.00204988 0.00181978
internal_weight=21.0696 17.0181 4.05154 15.5889 13.7379 11.7796
internal_count=250 196 54 173 154 123
is_linear=0
shrinkage=0.05


Tree=349
num_leaves=9
num_cat=0
split_feature=32 29 23 22 8 23 16 8
split_gain=0.216004 0.297162 0.417169 0.243399 0.315012 0.799726 0.374795 0.476625
threshold=0.065285399631770422 0.0040863722802544364 -0.0023865193985180828 0.0082048974914769052 0.0021063073551174129 0.0013613179649126785 0.0046878954608843585 -0.0024706667299427532
decision_type=2 2 2 2 2 2 2 2
left_child=3 2 -2 4 6 -6 -1 -8
right_child=1 -3 -4 -5 5 -7 7 -9
leaf_value=0.031495939458516295 0.019803092103226172 -0.035152121479719516 -0.027593607213929762 -0.016023584214981408 -0.035505465362647058 0.016381299184207297 -0.01033487851667869 0.021027467044205189
leaf_weight=1.8059459552168826 1.065119756385684 0.94907316123135377 0.82295793958474051 1.4425705798203114 1.3752013109624388 1.6144303024047983 2.5081514703342669 2.3431968417717166
leaf_count=14 15 29 38 36 29 23 40 26
internal_value=-1.74829e-05 -0.0123284 -0.000855745 0.00313217 0.00599666 -0.00748611 0.0120514 0.00481311
internal_weight=13.9266 2.83715 1.88808 11.0895 9.64693 2.98963 6.65729 4.85135
internal_count=250 82 53 168 132 52 80 66
is_linear=0
shrinkage=0.05


Tree=350
num_leaves=9
num_cat=0
split_feature=21 24 23 9 0 23 10 16
split_gain=0.262689 0.328128 0.287319 0.352096 0.339769 0.525856 0.664674 0.28836
threshold=-0.0024933130898751039 -0.0025921583594201709 -0.0027669954116248392 0.57906941324472438 -0.0036693491102514071 0.0013613179649126785 -0.0022188857854934575 0.0061822754214432988
decision_type=2 2 2 2 2 2 2 2
left_child=1 -1 3 -2 -4 -6 -7 -5
right_child=2 -3 4 7 5 6 -8 -9
leaf_value=0.026633173224550302 0.0078397846039908597 -0.00066689877975148221 -0.017187659926140051 -0.037398912467293058 0.022593332215047338 0.016593057567269396 -0.015926481999418915 -0.009541554044668478
leaf_weight=1.8859436148777602 1.5577863480430156 2.6433839565143016 1.9862221778603295 1.5094877048395576 3.0687418496236116 2.6723407146055278 3.8137327102012906 2.4154592966660857
leaf_count=26 17 28 32 17 24 35 43 28
internal_value=-1.13118e-06 0.0107004 -0.00284838 -0.0122727 0.00162876 0.00554025 -0.00252804 -0.0202552
internal_weight=21.5531 4.52933 17.0238 5.48273 11.541 9.55482 6.48607 3.92495
internal_count=250 54 196 62 134 102 78 45
is_linear=0
shrinkage=0.05


Tree=351
num_leaves=10
num_cat=0
split_feature=15 11 25 29 33 8 25 22 7
split_gain=0.226246 0.378502 0.588787 0.360228 0.664043 0.326665 0.504604 0.766073 0.192505
threshold=0.0073208555651802718 0.58756233453750617 0.009093606437767689 -0.0015804448436849692 0.31500000000000006 0.0086378983578244174 0.0066549994903849505 -0.0031215827720538765 0.58610641360282911
decision_type=2 2 2 2 2 2 2 2 2
left_child=-1 2 3 -2 -5 6 7 -3 -8
right_child=1 5 -4 4 -6 -7 8 -9 -10
leaf_value=0.015393321005063229 0.015914896998616909 -0.036975936299568343 -0.030782955471224834 0.010287526687668986 -0.029751143048771134 0.024566887404287623 0.027958216957673272 0.0050943510354056216 0.0048501666958036338
leaf_weight=2.1387022994458702 2.0181488629896194 1.7034389115870014 2.3589028688147664 2.0593483746051806 2.0830399608239532 1.7270232997834671 1.5414368221536281 2.9664908207487279 2.1701556467451155
leaf_count=21 28 21 28 20 29 12 12 51 28
internal_value=-8.94377e-06 -0.0017773 -0.00954084 -0.00140712 -0.0098463 0.00476578 0.000685739 -0.0102515 0.014447
internal_weight=20.7667 18.628 8.51944 6.16054 4.14239 10.1085 8.38152 4.66993 3.71159
internal_count=250 229 105 77 49 124 112 72 40
is_linear=0
shrinkage=0.05


Tree=352
num_leaves=11
num_cat=0
split_feature=32 29 29 27 13 34 31 17 19 0
split_gain=0.207017 0.285884 0.392967 0.2346 0.338403 0.455847 0.394932 0.254951 0.241029 0.0849856
threshold=0.065285399631770422 0.0040863722802544364 0.002339464084286536 -0.019696370333794063 44.337530627580911 -1.5200885470993741 -0.13822934139942208 8.2595650866350417e-05 -0.01800405366926355 0.0012301199701210133
decision_type=2 2 2 2 2 2 2 2 2 2
left_child=3 2 9 -1 5 -5 -6 -8 -7 -2
right_child=1 -3 -4 4 6 8 7 -9 -10 -11
leaf_value=0.018081914918454147 -0.0056483725048074038 -0.035075913482687703 0.024488609521320152 -0.010154818420475761 -0.034971490346902494 0.035597392849356292 -0.018572264104564105 0.015436087459460332 0.0076437384187292602 -0.034752320469780447
leaf_weight=2.109276946168392 0.45185771049000434 0.91482961969450105 0.83555600233376015 2.1764059541746974 1.2594240424223229 1.3474986741784962 1.0054945038864409 1.2194608318386597 1.8028842327184955 0.56380595581140369
leaf_count=23 20 29 10 26 34 13 27 15 30 23
internal_value=8.74783e-06 -0.0122097 -0.00090979 0.00310358 -0.00048204 0.00744298 -0.0125975 6.7145e-05 0.0196002 -0.0218043
internal_weight=13.6865 2.76605 1.85122 10.9204 8.81117 5.32679 3.48438 2.22496 3.15038 1.01566
internal_count=250 82 53 168 145 69 76 42 43 43
is_linear=0
shrinkage=0.05


Tree=353
num_leaves=8
num_cat=0
split_feature=22 13 2 32 8 5 28
split_gain=0.261571 0.360811 0.451594 0.397227 0.380774 0.216894 0.20723
threshold=-0.0080930277520570009 65.88286058407077 0.003241913707658695 -0.18332467089323864 -0.011795579183823119 0.0044222854662366506 -0.0032323439705244645
decision_type=2 2 2 2 2 2 2
left_child=-1 2 3 5 -5 -2 -4
right_child=1 -3 6 4 -6 -7 -8
leaf_value=0.015713799938838792 -0.0044241205166510736 -0.020529515365308636 0.027152301694284248 0.023662424429473736 -0.0034520667423362777 -0.031957555101558489 0.0043022343533444243
leaf_weight=2.3554694708436754 1.25023641530425 2.2968958369456223 1.9149280870333316 1.5394703806378007 8.147049003862767 1.6715819869423283 2.0592816469725213
leaf_count=27 17 23 17 23 90 26 27
internal_value=3.10854e-06 -0.00195702 0.000615514 -0.00401698 0.000857217 -0.0201761 0.0153123
internal_weight=21.2349 18.8794 16.5825 12.6083 9.68652 2.92182 3.97421
internal_count=250 223 200 156 113 43 44
is_linear=0
shrinkage=0.05


Tree=354
num_leaves=8
num_cat=0
split_feature=13 23 33 6 27 7 20
split_gain=0.22324 0.252593 0.302871 0.624861 0.525985 0.462026 0.361024
threshold=31.674897332386326 0.0082086458205183916 0.23500000000000001 0.96147676015366057 0.002342432154555985 0.58049837648868574 -0.0026693760831497655
decision_type=2 2 2 2 2 2 2
left_child=-1 2 6 4 -4 -5 -2
right_child=1 -3 3 5 -6 -7 -8
leaf_value=-0.014137730443617906 -0.0036894819148393407 0.018695816046064268 0.021718391447992442 -0.034691190566187857 -0.010305680529771391 -0.0057998904213217026 0.025909940934290384
leaf_weight=2.4574709776788977 2.0067786248400807 1.9968189750798035 3.1175198452547175 1.9845481794327495 2.1780181438662112 4.5712843085639179 2.1168451588600901
leaf_count=33 23 39 27 21 27 62 18
internal_value=-3.19504e-06 0.00192957 -0.000166158 -0.00422717 0.00854711 -0.0145457 0.0115053
internal_weight=20.4293 17.9718 15.975 11.8514 5.29554 6.55583 4.12362
internal_count=250 217 178 137 54 83 41
is_linear=0
shrinkage=0.05


Tree=355
num_leaves=10
num_cat=0
split_feature=13 27 30 3 16 0 24 28 26
split_gain=0.202576 0.395673 0.351024 0.291001 0.498877 0.314327 0.284283 0.421054 0.000153004
threshold=41.010789158825688 0.0099447874182597724 -0.012568522530608526 0.023103940251078651 0.005482655021841234 0.00095182434837837182 -0.019967995460981488 0.012078625894855645 0.023864787640002553
decision_type=2 2 2 2 2 2 2 2 2
left_child=2 3 -1 4 -2 -6 -4 -8 -3
right_child=1 8 6 -5 5 -7 7 -9 -10
leaf_value=-0.01868858956516898 -0.03078537744452944 -0.033917739472278129 0.033391119751379754 0.014843374518077518 -0.011906175407434334 0.021785224289690458 -0.011253831810789247 0.022106870414532749 -0.035145983865715817
leaf_weight=1.1104501863010225 1.5643099555745719 0.4904471887857651 1.2185531440190969 2.0002405745908618 1.4187796136830004 1.3519656067946924 1.8696154467761519 1.9141824572579933 0.52494450088124722
leaf_count=20 30 38 12 20 33 24 27 28 18
internal_value=1.64061e-05 -0.00557655 0.00674197 -0.000932382 -0.00821148 0.00453331 0.0123872 0.00562299 -0.0345527
internal_weight=13.4635 7.35069 6.1128 6.3353 4.33506 2.77075 5.00235 3.7838 1.01539
internal_count=250 163 87 107 87 57 67 55 56
is_linear=0
shrinkage=0.05


Tree=356
num_leaves=9
num_cat=0
split_feature=22 14 33 25 27 33 11 21
split_gain=0.264994 0.315363 0.343785 0.546047 0.472297 0.464012 0.373807 0.274978
threshold=-0.010224915326078053 0.91261069408760076 0.34500000000000003 0.011016035910764834 -0.013281257467528005 0.65500000000000014 0.58706140756607061 -0.00040527243065019419
decision_type=2 2 2 2 2 2 2 2
left_child=-1 2 3 4 -2 7 -7 -4
right_child=1 -3 5 -5 -6 6 -8 -9
leaf_value=0.018181956027768828 0.0070414414196420146 -0.020892793081247814 0.03089430455342362 0.017636688943162084 -0.02416555613597289 0.014409571448561753 -0.015056880301795479 0.0071341376364539551
leaf_weight=1.827360038645568 1.7253285245969889 1.9333668760955323 2.1226602187380252 1.6594177614897487 4.078289987635805 1.6655974332243202 3.0420332890935242 2.8561867373064085
leaf_count=18 16 16 27 15 60 17 44 37
internal_value=-7.44184e-06 -0.00174924 0.000408924 -0.00765623 -0.0148882 0.00662279 -0.00463141 0.0172639
internal_weight=20.9102 19.0829 17.1495 7.46304 5.80362 9.68648 4.70763 4.97885
internal_count=250 232 216 91 76 125 61 64
is_linear=0
shrinkage=0.05


Tree=357
num_leaves=9
num_cat=0
split_feature=28 29 25 6 11 21 6 23
split_gain=0.220683 0.344086 0.43049 0.348105 0.353695 0.504324 0.379754 0.177757
threshold=-0.096574303923250213 -0.0028343717650526341 0.0077943764213005426 0.79331960107146282 0.59274459600448626 0.00020139240034111608 0.95723501456540327 -0.0025970891986756279
decision_type=2 2 2 2 2 2 2 2
left_child=-1 2 7 -3 5 -5 -6 -2
right_child=1 3 -4 4 6 -7 -8 -9
leaf_value=0.015795953537218219 0.036503171738033531 0.013618286132074102 -0.0098137703168202743 -0.02973089599905452 -0.015877297313006866 -0.0041457723511638712 0.015526854243658295 0.010293632192976583
leaf_weight=1.9882720503956104 1.2945768102072177 2.0335204228758785 1.5650950251147149 3.3262111712247115 1.5793190263211725 4.5756876720115542 2.4653880223631859 1.2930905125103938
leaf_count=15 16 20 15 59 14 43 33 35
internal_value=-1.7375e-05 -0.00175131 0.0108861 -0.00550521 -0.00876036 -0.0149155 0.00326461 0.0234059
internal_weight=20.1212 18.1329 4.15276 13.9801 11.9466 7.9019 4.04471 2.58767
internal_count=250 235 66 169 149 102 47 51
is_linear=0
shrinkage=0.05


Tree=358
num_leaves=11
num_cat=0
split_feature=16 25 8 30 20 25 6 16 15 15
split_gain=0.198927 0.210079 0.35255 0.365101 0.324905 0.433235 0.205849 0.000128653 4.00248e-06 5.9536e-07
threshold=0.0080916097938561107 0.010820773144827657 0.0042405302340722409 0.0064075205522092791 -0.024650548014966186 0.0070718421844901966 1.1398804882445359 0.0082663386996949355 0.0087598424905410283 0.0095816758914750947
decision_type=2 2 2 2 2 2 2 2 2 2
left_child=1 2 4 -4 -1 -6 7 -2 -9 -10
right_child=6 -3 3 -5 5 -7 -8 8 9 -11
leaf_value=0.021943520655280626 -0.035112015961972762 -0.012063708482213185 0.0087684801687832482 -0.035108402887343647 -0.0097478840430484347 0.021762553682221339 0.011684574235014074 -0.033927254395127886 -0.033695611900497718 -0.033572760896141952
leaf_weight=3.1909166835248444 0.2352047995664186 2.2154571702703825 0.89907765015959729 1.0030557060381395 3.0992413939675325 1.6832787645980714 0.35517828620504588 0.161042156862095 0.18906569632235914 0.20615022763377056
leaf_count=32 5 34 12 30 45 15 13 11 19 34
internal_value=-3.63558e-05 0.00185117 0.0049728 -0.0143692 0.009587 0.00134268 -0.0199398 -0.0341317 -0.0337171 -0.0336315
internal_weight=13.2377 12.091 9.87557 1.90213 7.97344 4.78252 1.14664 0.791463 0.556258 0.395216
internal_count=250 168 134 42 92 60 82 69 64 53
is_linear=0
shrinkage=0.05


Tree=359
num_leaves=6
num_cat=0
split_feature=28 29 5 24 15
split_gain=0.261502 0.360446 0.342887 0.624496 0.389465
threshold=-0.10402667924806379 0.0079183424289078781 0.0067174571062145324 -0.022985661634108975 0.0095143936688033229
decision_type=2 2 2 2 2
left_child=-1 2 3 -2 -5
right_child=1 -3 -4 4 -6
leaf_value=-0.021668327114999206 0.028774518033594751 0.017872067356940035 -0.019528123851596579 -0.008678356436242509 0.010245683518321468
leaf_weight=1.2997598466463411 1.8307052049785912 2.8637691512703887 2.2405073831323525 8.3457538007060048 4.0324977280106387
leaf_count=12 18 31 29 104 56
internal_value=4.03084e-05 0.00150128 -0.0013488 0.00151777 -0.00251342
internal_weight=20.613 19.3132 16.4495 14.209 12.3783
internal_count=250 238 207 178 160
is_linear=0
shrinkage=0.05


Tree=360
num_leaves=10
num_cat=0
split_feature=21 32 7 6 5 17 32 0 29
split_gain=0.211194 0.470443 0.459988 0.451744 0.562732 0.396545 0.337915 0.307744 0.163402
threshold=0.0015291427556902717 -0.18332467089323864 0.59381327927112593 1.0257708823608653 0.0046281344656441429 -8.7276060381646429e-05 -0.2965054553334443 0.0036338870393066718 -0.0012902808061239777
decision_type=2 2 2 2 2 2 2 2 2
left_child=1 6 5 4 -3 -2 -1 -6 -5
right_child=2 3 -4 8 7 -7 -8 -9 -10
leaf_value=-0.0037172280088012943 0.00048396412546560528 -0.021411188791270918 -0.010159450581050819 -0.0094988741990220324 -0.0024163323464602982 0.03349460690269615 0.027664623308259518 0.023495411915002429 -0.031467926061197353
leaf_weight=1.6392064371611925 1.64435923518613 2.3012833297252655 2.1980396620929241 1.3739941064268353 2.6471227910369635 2.0364266494289032 1.7995024900883443 2.0204873960465193 2.2042379695922136
leaf_count=25 24 28 26 12 33 38 16 15 33
internal_value=-1.24871e-05 -0.00335499 0.00793938 -0.00859111 -0.00117628 0.0187474 0.0127051 0.00880019 -0.0230321
internal_weight=19.8647 13.9858 5.87883 10.5471 6.96889 3.68079 3.43871 4.66761 3.57823
internal_count=250 162 88 121 76 62 41 48 45
is_linear=0
shrinkage=0.05


Tree=361
num_leaves=9
num_cat=0
split_feature=27 16 4 28 29 26 20 16
split_gain=0.199843 0.243293 0.380634 0.290526 0.567456 0.593348 0.0766735 0.000196085
threshold=-0.0290949916291201 0.0072847571243107858 0.0038969724369864018 -0.025951307483199178 0.0051853945891207074 0.018311682024720447 -0.03655062635746447 0.0080278989070882208
decision_type=2 2 2 2 2 2 2 2
left_child=-1 3 -3 -2 5 -5 -4 -8
right_child=1 2 6 4 -6 -7 7 -9
leaf_value=0.016664232769808062 -0.014266929479322732 0.012286388056555585 -0.0087166335517017083 0.0092295705173248005 0.027265562167487486 -0.029210426605817998 -0.035266285526047603 -0.033992433892775439
leaf_weight=1.5851824672427035 2.1871581260347721 0.80611028533894513 0.35470753163099322 3.0359055097214878 2.2425375240854919 1.4998309654183684 0.89541115460451626 0.45591663673985749
leaf_count=21 36 15 23 45 21 27 16 46
internal_value=2.31232e-05 -0.0022752 -0.0160274 0.00157822 0.006691 -0.00348137 -0.0294058 -0.0348365
internal_weight=13.0628 11.4776 2.51215 8.96543 6.77827 4.53574 1.70604 1.35133
internal_count=250 229 100 129 93 72 85 62
is_linear=0
shrinkage=0.05


Tree=362
num_leaves=9
num_cat=0
split_feature=21 24 23 9 7 26 23 16
split_gain=0.247539 0.292959 0.261229 0.316997 0.304624 0.454986 0.919501 0.258311
threshold=-0.0024933130898751039 -0.0025921583594201709 -0.0027669954116248392 0.58908429741859447 0.58097840249538435 0.028204673365416547 0.0039345755386615009 0.0058262042463009091
decision_type=2 2 2 2 2 2 2 2
left_child=1 -1 3 -2 7 6 -6 -4
right_child=2 -3 4 -5 5 -7 -8 -9
leaf_value=0.026388525715444217 -0.0018227365869506644 -0.0002280217381386894 0.0030027119537233598 -0.027077722638239252 0.019688130697380419 0.031019946248958204 -0.026030172296410137 -0.020344714846170189
leaf_weight=1.7535342751070855 3.0417888171505245 2.5188021715730455 2.5137632237747258 2.1005491563118994 2.6285016536712646 1.6821747310459612 1.8910191390896214 2.2406892427243292
leaf_count=26 35 28 25 27 27 14 46 22
internal_value=-2.65093e-06 0.0106965 -0.00284206 -0.0121389 0.00152149 0.00882141 0.00055907 -0.00800052
internal_weight=20.3708 4.27234 16.0985 5.14234 10.9561 6.2017 4.51952 4.75445
internal_count=250 54 196 62 134 87 73 47
is_linear=0
shrinkage=0.05


Tree=363
num_leaves=8
num_cat=0
split_feature=13 13 11 15 32 21 9
split_gain=0.214729 0.262873 0.291192 0.462837 0.430018 0.333322 0.301937
threshold=31.674897332386326 33.367061912787143 0.58862415075302132 0.0074607507764479584 -0.18332467089323864 -1.0000000180025095e-35 0.58668616116046912
decision_type=2 2 2 2 2 2 2
left_child=-1 -2 3 -3 -4 -6 -5
right_child=1 2 4 6 5 -7 -8
leaf_value=-0.014105568897696763 0.023636898789512164 0.015529281600771817 0.03402110591653057 -0.019711212163782979 -0.011566340817955913 0.014164572107798782 0.00070333054520892212
leaf_weight=2.3693170836195376 1.2923477245494748 2.0761299524456245 1.3082654695026574 4.3285214703064412 2.4135894263163209 2.6301853442564598 3.1144769601523876
leaf_count=33 12 22 19 53 31 37 43
internal_value=4.35808e-06 0.00195215 0.000186413 -0.00534598 0.00847723 0.0018516 -0.0111689
internal_weight=19.5328 17.1635 15.8712 9.51913 6.35204 5.04377 7.443
internal_count=250 217 205 118 87 68 96
is_linear=0
shrinkage=0.05


Tree=364
num_leaves=10
num_cat=0
split_feature=17 5 0 4 5 5 6 27 15
split_gain=0.194412 0.361213 0.285252 0.285273 0.258737 0.284375 0.191527 0.250765 0.000127132
threshold=-3.9877528213727841e-05 0.0055442066047449818 -0.0016957237943864276 0.0047146045922053575 0.0042403286998341149 0.0045287325951783699 0.9407249070714151 -0.0290949916291201 0.0095143936688033229
decision_type=2 2 2 2 2 2 2 2 2
left_child=1 2 -1 -4 -2 -6 -7 -8 -3
right_child=4 8 3 -5 5 6 7 -9 -10
leaf_value=-0.023955291423928507 -0.011788516936310727 -0.035273639762846865 -0.0091225311626576388 0.021025863206297905 0.032277607054714934 -0.012013607083565251 0.031197797392104456 0.0019825137282374595 -0.034132850778248729
leaf_weight=1.024679326219484 1.7611716653918845 0.436774163506925 1.5215368419885638 1.6201294646598396 1.1569219300290567 1.2671772309113292 1.044664203654974 2.473766516894103 0.55397965386509895
leaf_count=31 27 11 25 18 15 27 11 50 35
internal_value=1.36493e-05 -0.00749989 -0.00104699 0.00642473 0.00504345 0.0100319 0.00465398 0.0106569 -0.0346358
internal_weight=12.8608 5.1571 4.16635 3.14167 7.7037 5.94253 4.78561 3.51843 0.990754
internal_count=250 120 74 43 130 103 88 61 46
is_linear=0
shrinkage=0.05


Tree=365
num_leaves=6
num_cat=0
split_feature=16 16 22 22 22
split_gain=0.242945 0.518061 0.459154 0.709792 0.489349
threshold=0.004583219894230905 0.0048857480062729696 -0.0072886065952298398 -0.0054486290544957785 -0.002301899024704845
decision_type=2 2 2 2 2
left_child=-1 -2 -3 -4 -5
right_child=1 2 3 4 -6
leaf_value=-0.011999716059334118 0.026617458665055473 0.020692566956339919 -0.035818365492538563 0.019439243026690919 -0.0056861640564939602
leaf_weight=3.4912427882663932 1.9647605575155491 2.1352920630015459 1.5711183478124464 2.5217521390877673 8.3702144724083958
leaf_count=39 15 27 15 25 129
internal_value=-1.2998e-05 0.00251361 -0.00073047 -0.00440086 0.000130972
internal_weight=20.0544 16.5631 14.5984 12.4631 10.892
internal_count=250 211 196 169 154
is_linear=0
shrinkage=0.05


Tree=366
num_leaves=8
num_cat=0
split_feature=13 15 15 19 22 24 21
split_gain=0.205058 0.231108 0.348476 0.446583 0.330667 0.373726 0.187684
threshold=31.674897332386326 0.011000000246685425 0.0095143936688033229 -0.012292146278990666 0.0055217955313094933 0.01473693122331843 -1.0000000180025095e-35
decision_type=2 2 2 2 2 2 2
left_child=-1 2 4 -4 5 -2 -5
right_child=1 -3 3 6 -6 -7 -8
leaf_value=-0.013827078056513013 0.0079914303592604711 0.020402753843669547 0.0065152308347674603 -0.032469846911118483 0.026641047244334401 -0.01891049472924838 -0.0097901122982345604
leaf_weight=2.3477017963305142 5.6924980757758039 1.5409053780604143 2.7221052632667124 1.6871386829297992 1.6523096489254383 1.6696615079417823 1.9859758908860374
leaf_count=33 63 25 36 20 24 19 30
internal_value=2.19851e-05 0.00194012 9.39291e-05 -0.00883299 0.00642704 0.00189035 -0.0202074
internal_weight=19.2983 16.9506 15.4097 6.39522 9.01447 7.36216 3.67311
internal_count=250 217 192 86 106 82 50
is_linear=0
shrinkage=0.05


Tree=367
num_leaves=10
num_cat=0
split_feature=5 17 5 4 25 6 10 3 15
split_gain=0.206268 0.268631 0.354952 0.301863 0.240544 0.434283 0.271165 0.362419 0.000115581
threshold=0.0037422665285693157 -3.9877528213727841e-05 0.0055442066047449818 0.0045649940171945255 0.0042163440294625829 1.0410005789012093 -0.0059337779510924048 0.021803291620287938 0.0095143936688033229
decision_type=2 2 2 2 2 2 2 2 2
left_child=-1 2 3 -2 6 -6 -3 -8 -4
right_child=1 4 8 -5 5 -7 7 -9 -10
leaf_value=-0.021930794699956617 -0.017452312174284404 0.028608098208263728 -0.035216119172987621 0.011644006990922886 -0.022318511016201626 0.017046023141730478 -0.018281326415031815 0.022344299135339359 -0.034110858520507277
leaf_weight=0.99016248318366784 1.524808797752484 2.0429772004717952 0.42320843879133452 2.1458861978026107 1.4562854635296392 1.3503268128260968 1.0322714741341772 1.1725471693789584 0.53625931695569307
leaf_count=21 34 26 11 31 31 19 27 15 35
internal_value=-1.94147e-05 0.00183738 -0.00752042 -0.000442621 0.00797937 -0.00337931 0.0154843 0.00332383 -0.0345984
internal_weight=12.6747 11.6846 4.63016 3.67069 7.05441 2.80661 4.2478 2.20482 0.959468
internal_count=250 229 111 65 118 50 68 42 46
is_linear=0
shrinkage=0.05


Tree=368
num_leaves=6
num_cat=0
split_feature=28 29 16 16 22
split_gain=0.239787 0.337502 0.321932 0.701572 0.510162
threshold=-0.10402667924806379 0.0079183424289078781 0.0046617050402747275 0.0049607320485826742 -0.0072886065952298398
decision_type=2 2 2 2 2
left_child=-1 2 -2 -4 -5
right_child=1 -3 3 4 -6
leaf_value=-0.021189350057985761 -0.017080786831205546 0.017648248988879213 0.034661142108377306 0.025655846346484702 -0.0061403122781324773
leaf_weight=1.2518306137062634 2.7070185542106655 2.7320945700630537 1.4497983276378352 1.4390269597060985 10.227904022089202
leaf_count=12 33 31 12 20 142
internal_value=-8.99666e-06 0.00141989 -0.00138206 0.00185783 -0.0022185
internal_weight=19.8077 18.5558 15.8237 13.1167 11.6669
internal_count=250 238 207 174 162
is_linear=0
shrinkage=0.05


Tree=369
num_leaves=9
num_cat=0
split_feature=21 7 32 16 0 17 32 29
split_gain=0.197986 0.426422 0.404613 0.430655 0.494938 0.362992 0.301539 0.2837
threshold=0.0015291427556902717 0.59381327927112593 -0.18332467089323864 0.0080916097938561107 0.0029319662353390901 -8.7276060381646429e-05 -0.2965054553334443 0.0014032743461628307
decision_type=2 2 2 2 2 2 2 2
left_child=2 5 6 4 7 -2 -1 -4
right_child=1 -3 3 -5 -6 -7 -8 -9
leaf_value=-0.0038645316049457932 0.00074566160573795567 -0.009901519881542635 -0.002015547907463929 -0.029548990364235125 0.013366984848145677 0.033085586569549096 0.02646486116480512 -0.025172513780872652
leaf_weight=1.5666720301378521 1.5727127960417422 2.0994723844341934 2.9949412159621698 1.9144902601838119 2.9104855246841908 1.9355202112346876 1.7183923516422517 2.368679947219789
leaf_count=25 24 26 27 31 24 38 16 39
internal_value=2.70532e-05 0.0079217 -0.00325868 -0.00817864 -0.0032339 0.0185879 0.0120005 -0.0122421
internal_weight=19.0814 5.60771 13.4737 10.1886 8.27411 3.50823 3.28506 5.36362
internal_count=250 88 162 121 90 62 41 66
is_linear=0
shrinkage=0.05


Tree=370
num_leaves=9
num_cat=0
split_feature=5 17 5 4 33 12 4 17
split_gain=0.19279 0.256185 0.342561 0.283135 0.234858 0.286427 0.187515 0.000109664
threshold=0.0037422665285693157 -3.9877528213727841e-05 0.0055442066047449818 0.0045649940171945255 0.22500000000000003 0.0002527387237556919 0.0059592874609542606 -0.00010321984763223205
decision_type=2 2 2 2 2 2 2 2
left_child=-1 2 3 -2 -3 -6 -7 -4
right_child=1 4 7 -5 5 6 -8 -9
leaf_value=-0.021434195882410526 -0.017110378211009039 0.023773477936981091 -0.034111114988065044 0.011225688577308841 -0.013845832936885561 -0.00090743665567834622 0.022414602419568417 -0.035219752811921738
leaf_weight=0.96945228736149225 1.5042441493133076 1.7330724399071176 0.55289509653812274 2.1296595230232924 1.7662699936190618 1.7002654670504855 1.7478844693396238 0.37391304958146054
leaf_count=21 34 24 33 31 39 34 21 13
internal_value=-2.07397e-05 0.00178313 -0.00742434 -0.000503946 0.00782742 0.00252756 0.0109146 -0.0345584
internal_weight=12.4777 11.5082 4.56071 3.6339 6.94749 5.21442 3.44815 0.926808
internal_count=250 229 111 65 118 94 55 46
is_linear=0
shrinkage=0.05


Tree=371
num_leaves=11
num_cat=0
split_feature=21 6 16 24 13 30 1 32 21 25
split_gain=0.242903 0.646062 0.37215 0.386917 0.513904 0.357216 0.333952 0.276147 0.00106473 8.81587e-05
threshold=0.0013112881169073944 0.87745184370244245 0.0082663386996949355 0.0014100378556757278 46.234159065179341 -0.0093338061284834444 -0.00070857321214801139 -0.042155975580735278 0.0019773403340929145 -0.0014197207558074296
decision_type=2 2 2 2 2 2 2 2 2 2
left_child=2 -2 3 7 -5 -3 -4 -1 -7 -10
right_child=1 5 6 4 -6 8 -8 -9 9 -11
leaf_value=-0.018386476098986675 0.011669424982027938 0.0045619642766894326 0.0010909351930383209 0.028625545430920177 -0.0066728893471856487 -0.036802984671481569 0.035625826284710574 0.00076966102565512162 -0.034040746164108029 -0.03495785039718332
leaf_weight=3.2443873314186931 2.0624946670141062 0.74897987057920579 1.3091945461928847 2.1478497795760632 1.9832092919386921 1.0365984216332438 1.5044112787581969 4.477962522767486 0.47201270970981601 0.58905887627042774
leaf_count=33 22 20 19 23 22 9 21 38 25 18
internal_value=-1.315e-05 -0.00964015 0.00320907 -0.000671259 0.0116797 -0.0250797 0.0195564 -0.0072784 -0.0356633 -0.0345499
internal_weight=19.5762 4.90914 14.667 11.8534 4.13106 2.84665 2.81361 7.72235 2.09767 1.06107
internal_count=250 94 156 116 45 72 40 71 52 43
is_linear=0
shrinkage=0.05


Tree=372
num_leaves=9
num_cat=0
split_feature=28 29 25 34 21 2 7 5
split_gain=0.201038 0.326115 0.393669 0.349081 0.445635 0.414208 0.377533 0.109868
threshold=-0.096574303923250213 -0.0035934354107605699 0.0077943764213005426 1.4080835361424526 0.0015291427556902717 -0.017497243728357367 0.59312489926815049 0.0045699113372921563
decision_type=2 2 2 2 2 2 2 2
left_child=-1 2 7 4 5 -3 -6 -2
right_child=1 3 -4 -5 6 -7 -8 -9
leaf_value=0.015650014412020782 0.011759576975943061 0.0064652961966363944 -0.0085761915150121288 0.016370313710959084 0.017165355899828188 -0.021746477301771996 -0.01277201284999413 0.035545704124542138
leaf_weight=1.8612983375787759 0.80274150380865261 1.6720414203591669 1.3650600323453543 1.654857090907172 2.517790568061173 5.8639733621384869 1.8102582469582555 1.2283150015864519
leaf_count=15 10 23 13 20 27 87 21 34
internal_value=5.33486e-05 -0.00166288 0.0121887 -0.00514256 -0.00814328 -0.015487 0.00464369 0.0261446
internal_weight=18.7763 16.915 3.39612 13.5189 11.8641 7.53601 4.32805 2.03106
internal_count=250 235 57 178 158 110 48 44
is_linear=0
shrinkage=0.05


Tree=373
num_leaves=9
num_cat=0
split_feature=13 27 10 3 16 0 1 26
split_gain=0.195317 0.34808 0.297251 0.264714 0.414437 0.28545 0.170567 0.000115793
threshold=41.010789158825688 0.0099447874182597724 -0.013390511892050956 0.023103940251078651 0.005482655021841234 0.00095182434837837182 -0.0020905120229978143 0.023864787640002553
decision_type=2 2 2 2 2 2 2 2
left_child=2 3 -1 4 -2 -6 -4 -3
right_child=1 7 6 -5 5 -7 -8 -9
leaf_value=-0.011738860228647433 -0.030572977206977527 -0.033863686157113528 0.02400494234064339 0.014399777478901851 -0.012797183045283201 0.020671285142370592 0.0034923476046708059 -0.03499193917527
leaf_weight=1.5473997853696344 1.3843423782382163 0.43315924087073643 2.0816091543529183 1.8466178905218837 1.3158967699855568 1.2350162530783562 1.9749194047180934 0.47875878075137734
leaf_count=31 30 38 28 20 33 24 28 18
internal_value=1.92927e-05 -0.00574623 0.0069061 -0.00121811 -0.00854681 0.00340647 0.0140184 -0.034456
internal_weight=12.2977 6.69379 5.60393 5.78187 3.93526 2.55091 4.05653 0.911918
internal_count=250 163 87 107 87 57 56 56
is_linear=0
shrinkage=0.05


Tree=374
num_leaves=6
num_cat=0
split_feature=28 29 5 24 15
split_gain=0.231379 0.303635 0.293942 0.530267 0.34638
threshold=-0.10402667924806379 0.0079183424289078781 0.0067174571062145324 -0.022985661634108975 0.0095143936688033229
decision_type=2 2 2 2 2
left_child=-1 2 3 -2 -5
right_child=1 -3 -4 4 -6
leaf_value=-0.021199164118810579 0.027641329107619302 0.016968046385765937 -0.018778811835669585 -0.0083878202296225023 0.010068099527440562
leaf_weight=1.2133288178592945 1.6816641096957052 2.6562093133106819 2.0880063346121451 7.8380771748488751 3.7626919578760862
leaf_count=12 18 31 29 104 56
internal_value=-6.43944e-05 0.00135813 -0.00133946 0.00140202 -0.00240167
internal_weight=19.24 18.0266 15.3704 13.2824 11.6008
internal_count=250 238 207 178 160
is_linear=0
shrinkage=0.05


Tree=375
num_leaves=8
num_cat=0
split_feature=13 23 33 6 27 7 20
split_gain=0.204191 0.214537 0.236245 0.540431 0.46766 0.405189 0.304123
threshold=31.674897332386326 0.0082086458205183916 0.23500000000000001 0.96147676015366057 0.002342432154555985 0.58049837648868574 -0.03655062635746447
decision_type=2 2 2 2 2 2 2
left_child=-1 2 6 4 -4 -5 -2
right_child=1 -3 3 5 -6 -7 -8
leaf_value=-0.014025898278657044 -0.0047814676326796016 0.018308526646707065 0.021419537752016139 -0.034240485053134644 -0.010262006697694805 -0.0054872681945295782 0.02380814790738639
leaf_weight=2.2690481729805496 1.710495292209089 1.7912552577909071 2.8725506747141463 1.7402819441631434 1.95931596821174 4.1400888527277857 2.0390641421545324
leaf_count=33 19 39 27 21 27 62 22
internal_value=2.44997e-05 0.00198604 -3.56815e-05 -0.00381654 0.00857271 -0.0139967 0.010766
internal_weight=18.5221 16.2531 14.4618 10.7122 4.83187 5.88037 3.74956
internal_count=250 217 178 137 54 83 41
is_linear=0
shrinkage=0.05


Tree=376
num_leaves=10
num_cat=0
split_feature=13 27 10 3 16 0 1 3 26
split_gain=0.183824 0.336359 0.276954 0.245281 0.39641 0.266671 0.24134 0.134811 9.92346e-05
threshold=41.010789158825688 0.0099447874182597724 -0.011140277455090409 0.023103940251078651 0.005482655021841234 0.00095182434837837182 -0.0020905120229978143 -0.029208712282706936 0.023864787640002553
decision_type=2 2 2 2 2 2 2 2 2
left_child=2 3 7 4 -2 -6 -4 -1 -3
right_child=1 8 6 -5 5 -7 -8 -9 -10
leaf_value=0.0069125157625023817 -0.03024961041253027 -0.03384876633866276 0.030429494385779667 0.013966263557326134 -0.012345067549484546 0.020121314167688819 0.0038085098807301102 -0.018739300167544767 -0.034913099170836653
leaf_weight=0.90319904382340643 1.3418698818422856 0.4173727401648647 1.5109089596662673 1.8221058370545504 1.307192840962671 1.2253736056154592 1.9503940450958905 1.1831055535003541 0.4607814364717342
leaf_count=17 30 38 18 20 33 24 26 26 18
internal_value=5.26262e-05 -0.00560317 0.00675554 -0.00116286 -0.00827793 0.00336368 0.015429 -0.00763416 -0.0344072
internal_weight=12.1223 6.5747 5.54761 5.69654 3.87444 2.53257 3.4613 2.0863 0.878154
internal_count=250 163 87 107 87 57 44 43 56
is_linear=0
shrinkage=0.05


Tree=377
num_leaves=8
num_cat=0
split_feature=21 27 23 9 0 23 10
split_gain=0.221876 0.274102 0.246079 0.288205 0.283322 0.409537 0.571189
threshold=-0.0024933130898751039 -0.0020918071227466468 -0.0027669954116248392 0.58908429741859447 -0.0036693491102514071 0.0013613179649126785 -0.0022188857854934575
decision_type=2 2 2 2 2 2 2
left_child=1 -1 3 -2 -4 -6 -7
right_child=2 -3 4 -5 5 6 -8
leaf_value=-0.00018374602553362753 -0.001915622520597916 0.026587684812443113 -0.016603251977221019 -0.026834116981210434 0.021384910742553651 0.016458168663808562 -0.015503021449822924
leaf_weight=2.4161089230328803 2.8114349675597632 1.5822420460172022 1.7793036407092593 1.9758856024127451 2.706826480105514 2.3946707996074101 3.3583167816977957
leaf_count=28 35 26 32 27 24 35 43
internal_value=-5.73849e-05 0.0104103 -0.00284272 -0.0122003 0.00153244 0.00534682 -0.00219923
internal_weight=19.0248 3.99835 15.0264 4.78732 10.2391 8.45981 5.75299
internal_count=250 54 196 62 134 102 78
is_linear=0
shrinkage=0.05


Tree=378
num_leaves=9
num_cat=0
split_feature=29 13 34 16 11 16 4 29
split_gain=0.265135 0.269057 0.399006 0.256245 0.251398 0.380586 0.560368 0.318128
threshold=-0.0093031486362166165 41.010789158825688 -1.8115844303605255 0.0088740731910890002 0.58862415075302132 0.0046617050402747275 0.004276727284450851 0.0027171793287790185
decision_type=2 2 2 2 2 2 2 2
left_child=-1 2 -2 -4 5 -3 -7 -6
right_child=1 4 3 -5 7 6 -8 -9
leaf_value=0.021602478846673795 0.008010197995073241 0.018610530713711829 -0.031123965674791917 -0.0023506528873253035 0.023425247876459162 0.012656463597008503 -0.020792673670185367 -0.002974107210481765
leaf_weight=1.3188952566124523 1.7866529030725358 1.5435649696737508 2.2321168747730584 1.1843355847522614 2.5504261814057827 1.8954911697655914 3.6889117243699729 2.0652998611330986
leaf_count=24 20 16 39 20 35 21 52 23
internal_value=8.92068e-06 -0.00167161 -0.0111366 -0.0211495 0.0025219 -0.00336499 -0.00943917 0.0116129
internal_weight=18.2657 16.9468 5.20311 3.41645 11.7437 7.12797 5.5844 4.61573
internal_count=250 226 79 59 147 89 73 58
is_linear=0
shrinkage=0.05


Tree=379
num_leaves=9
num_cat=0
split_feature=32 29 23 22 8 23 16 25
split_gain=0.17557 0.239149 0.329746 0.206589 0.268486 0.629898 0.299694 0.409774
threshold=0.065285399631770422 0.0040863722802544364 -0.0023865193985180828 0.0082048974914769052 0.0021063073551174129 0.0013613179649126785 0.0046878954608843585 0.0018935690417275499
decision_type=2 2 2 2 2 2 2 2
left_child=3 2 -2 4 6 -6 -1 -8
right_child=1 -3 -4 -5 5 -7 7 -9
leaf_value=0.030478694762995886 0.01886442244394736 -0.034795443031729149 -0.02693663231307938 -0.016115613517493462 -0.03508525359201848 0.01503328467687955 0.019116541078453342 -0.012123740419849973
leaf_weight=1.565100098028777 0.90335583151318144 0.78239384677726764 0.69556236109929259 1.227822930086403 1.1490376428700986 1.3796866276534272 2.3018445706693456 1.9295980205060912
leaf_count=14 15 29 38 36 29 23 31 35
internal_value=2.75102e-06 -0.012144 -0.00105998 0.00303058 0.00585429 -0.00774029 0.0117849 0.00487053
internal_weight=11.9344 2.38131 1.59892 9.55309 8.32527 2.52872 5.79654 4.23144
internal_count=250 82 53 168 132 52 80 66
is_linear=0
shrinkage=0.05


Tree=380
num_leaves=11
num_cat=0
split_feature=21 27 24 21 12 12 33 5 16 28
split_gain=0.215365 0.478162 0.645838 0.366409 0.385573 0.568711 0.360361 0.273046 0.198159 0.141401
threshold=-0.0015171906031645752 0.003512235076551296 -0.0025921583594201709 -0.0011061820532373698 0.0034899143713645448 -0.013587592649497453 0.34500000000000003 0.0042403286998341149 0.0054439931240400892 -0.0073545046320818699
decision_type=2 2 2 2 2 2 2 2 2 2
left_child=1 2 -1 -2 5 7 -6 -5 -7 -8
right_child=3 -3 -4 4 6 8 9 -9 -10 -11
leaf_value=0.022168053398222188 -0.026120791632389569 0.029024217205791038 -0.019103359157302172 0.0039788477077070386 -0.035635160985540752 0.027339933061746532 0.0090301361452396599 -0.025704738072503494 0.0057078040514398571 -0.013486646386073404
leaf_weight=1.6274269465357067 1.5819708108901984 1.8453348535113034 2.2701945584267404 1.6446136973681862 1.2173873846186323 2.462308333255347 1.2988048736006021 1.4646678480785338 1.857106451760046 1.5053472889121622
leaf_count=22 12 26 24 18 25 21 14 23 38 27
internal_value=-1.04272e-05 0.00805647 -0.00187074 -0.0035653 -0.00044902 0.00630179 -0.0129193 -0.010004 0.0180393 -0.0030575
internal_weight=18.7752 5.74296 3.89762 13.0322 11.4502 7.4287 4.02154 3.10928 4.31941 2.80415
internal_count=250 72 46 178 166 100 66 41 59 41
is_linear=0
shrinkage=0.05


Tree=381
num_leaves=9
num_cat=0
split_feature=29 13 34 16 11 16 4 29
split_gain=0.2542 0.256952 0.371736 0.244514 0.239286 0.356958 0.528479 0.298941
threshold=-0.0093031486362166165 41.010789158825688 -1.8115844303605255 0.0088740731910890002 0.58862415075302132 0.0046617050402747275 0.004276727284450851 0.0027171793287790185
decision_type=2 2 2 2 2 2 2 2
left_child=-1 2 -2 -4 5 -3 -7 -6
right_child=1 4 3 -5 7 6 -8 -9
leaf_value=0.021328201459135408 0.0075272488505467965 0.018171321670485522 -0.030825182812589714 -0.0025088249400335091 0.022985283748925694 0.012361438750565903 -0.020412104616964351 -0.0028267985138305286
leaf_weight=1.2951350994408155 1.7684165835380552 1.5122708193957786 2.1591584747657211 1.178482949035242 2.5016592822503299 1.8638034183531997 3.6174026308581233 2.0334905544295907
leaf_count=24 20 16 39 20 35 21 52 23
internal_value=-8.10479e-06 -0.0016693 -0.0110069 -0.020827 0.00246634 -0.00333447 -0.00926794 0.0114115
internal_weight=17.9298 16.6347 5.10606 3.33764 11.5286 6.99348 5.48121 4.53515
internal_count=250 226 79 59 147 89 73 58
is_linear=0
shrinkage=0.05


Tree=382
num_leaves=11
num_cat=0
split_feature=16 27 32 23 29 29 6 16 24 15
split_gain=0.178798 0.218782 0.208737 0.232634 0.197212 0.32521 0.168414 9.24376e-05 2.71422e-06 8.03726e-07
threshold=0.0080916097938561107 -0.0290949916291201 0.065285399631770422 -0.0046649395293827936 0.0040001644693997704 0.00066787763764009089 1.1398804882445359 0.0082663386996949355 -0.017078451661609147 0.0092892228465823613
decision_type=2 2 2 2 2 2 2 2 2 2
left_child=1 -1 4 -4 5 -3 7 -2 -9 -10
right_child=6 2 3 -5 -6 -7 -8 8 9 -11
leaf_value=0.024300121233573335 -0.034925403158353185 0.0047075005705138409 0.0042804032501998828 -0.034485452477715617 0.013795555466684113 -0.022958203886987549 0.010244200291060129 -0.033834648056687823 -0.033654559806780532 -0.03349293024645153
leaf_weight=0.98805012181401153 0.21185796731151718 3.9682214804925007 0.70102757541462779 0.8639477552496817 2.7230465384200215 1.4505159026011822 0.31186030054232106 0.16361876775044948 0.17421374394325539 0.13771403254941106
leaf_count=10 5 56 14 35 30 23 13 12 20 32
internal_value=-4.62529e-06 0.0018852 -0.000396409 -0.0171204 0.00281819 -0.0026982 -0.0202309 -0.0340567 -0.0336697 -0.0335832
internal_weight=11.6941 10.6948 9.70676 1.56498 8.14178 5.41874 0.999265 0.687405 0.475547 0.311928
internal_count=250 168 158 49 109 79 82 69 64 52
is_linear=0
shrinkage=0.05


Tree=383
num_leaves=9
num_cat=0
split_feature=21 29 1 16 30 16 21 21
split_gain=0.211537 0.425119 0.288826 0.278129 0.334113 0.404925 0.000315716 7.96611e-05
threshold=-0.0035448987863623822 -0.00081754060861255462 0.0066522696785845667 0.004583219894230905 0.015012514807604351 0.0058262042463009091 -0.0018808302338486624 -1.0000000180025095e-35
decision_type=2 2 2 2 2 2 2 2
left_child=-1 2 6 -3 5 -5 -2 -8
right_child=1 3 -4 4 -6 -7 7 -9
leaf_value=0.015420450202605206 -0.035908259669249806 -0.013339956754369282 -0.0024954169478492126 0.027048416635865186 -0.0087345854707805409 0.0029151997614886281 -0.034862400444968376 -0.033953728070030935
leaf_weight=1.9870211309753383 0.49540091305971146 2.4926975630223724 1.293628253508359 2.5370762683451158 3.1299783475697032 5.5195705383084714 0.43498400785028934 0.54140288068447728
leaf_count=33 5 25 21 20 31 60 9 46
internal_value=1.08186e-05 -0.00185113 -0.019731 0.00176346 0.00512894 0.0105149 -0.0348802 -0.0343585
internal_weight=18.4318 16.4447 2.76542 13.6793 11.1866 8.05665 1.47179 0.976387
internal_count=250 217 81 136 111 80 60 55
is_linear=0
shrinkage=0.05


Tree=384
num_leaves=8
num_cat=0
split_feature=29 13 34 16 33 30 27
split_gain=0.240084 0.237457 0.35534 0.236347 0.223781 0.2976 0.565082
threshold=-0.0093031486362166165 41.010789158825688 -1.8115844303605255 0.0088740731910890002 0.89500000000000013 0.017116571252273175 -0.017033787620969462
decision_type=2 2 2 2 2 2 2
left_child=-1 2 -2 -4 5 6 -3
right_child=1 4 3 -5 -6 -7 -8
leaf_value=0.020927416395063719 0.0074496473648233991 -0.02596029450839582 -0.030446653670503965 -0.0024329811651988935 -0.014797768982756108 0.019891141450656999 0.0075768235580316035
leaf_weight=1.2706995704211319 1.7593875899910925 1.6208114731125558 2.1016014562919767 1.1732514665927736 1.627352853771298 2.5549636220093817 5.5808595961425409
leaf_count=24 20 19 39 20 21 26 81
internal_value=-1.09423e-05 -0.00163148 -0.0106738 -0.0204105 0.00236722 0.00523024 2.8944e-05
internal_weight=17.6889 16.4182 5.03424 3.27485 11.384 9.75663 7.20167
internal_count=250 226 79 59 147 126 100
is_linear=0
shrinkage=0.05


Tree=385
num_leaves=8
num_cat=0
split_feature=29 27 15 33 24 31 23
split_gain=0.171594 0.298471 0.250891 0.333602 0.310001 0.349312 0.286884
threshold=0.0080479003464957195 -0.0290949916291201 0.009206977182814784 0.97500000000000009 -0.0053380768019015137 -0.11301076866706793 -0.0046649395293827936
decision_type=2 2 2 2 2 2 2
left_child=1 -1 4 6 -3 -6 -4
right_child=-2 2 3 -5 5 -7 -8
leaf_value=0.02604900644066345 -0.017758734960236749 0.020627576052322759 0.0009200063113241222 0.013439995310419096 0.010837351977704319 -0.020336498963080221 -0.034507572691088888
leaf_weight=1.1550917886197556 1.216208494850435 2.1219071804080158 0.90597420546691698 0.95241804386023421 1.9618405528017322 1.6581001625163461 1.5474913916550599
leaf_count=12 34 23 19 16 31 38 77
internal_value=3.08182e-06 0.0020998 -0.000924291 -0.0116757 0.00545312 -0.00344171 -0.0214255
internal_weight=11.519 10.3028 9.14773 3.40588 5.74185 3.61994 2.45347
internal_count=250 216 204 112 92 69 96
is_linear=0
shrinkage=0.05


Tree=386
num_leaves=12
num_cat=0
split_feature=21 6 16 24 13 1 20 26 19 21 28
split_gain=0.212214 0.581093 0.328884 0.325525 0.469861 0.302575 0.29556 0.252589 0.323273 0.00083383 2.64354e-05
threshold=0.0013112881169073944 0.87745184370244245 0.0082663386996949355 0.0014100378556757278 46.234159065179341 -0.00070857321214801139 0.10096375196097997 0.0088536452964012042 -0.010555299724805454 0.0019773403340929145 0.0055941864955652018
decision_type=2 2 2 2 2 2 2 2 2 2 2
left_child=2 -2 3 7 -5 -4 9 -1 -9 -3 -11
right_child=1 6 5 4 -6 -7 -8 8 -10 10 -12
leaf_value=-0.022337817493407981 0.01139137302538086 -0.036346095906293556 0.0011212776236064932 0.028024657198662536 -0.0069929653843688521 0.035327929734235534 0.0013727508666634286 -0.017018907760817065 0.0085461461868042692 -0.034459976016067428 -0.033892608626568718
leaf_weight=1.9374499712139384 1.9519335711374868 1.0212771333754065 1.2257398618385198 1.9854825995862486 1.8509769975207744 1.3679639368783671 0.77404926664894436 1.9995323047041891 3.2406819770112634 0.48676545813214023 0.35505736235063523
leaf_count=19 22 10 19 23 22 21 18 18 34 17 27
internal_value=8.68605e-06 -0.00928931 0.00314433 -0.000627764 0.0111297 0.0191625 -0.0245965 -0.00691213 -0.00120883 -0.0353857 -0.0342207
internal_weight=18.1969 4.58908 13.6078 11.0141 3.83646 2.5937 2.63715 7.17766 5.24021 1.8631 0.841823
internal_count=250 94 156 116 45 40 72 71 52 54 44
is_linear=0
shrinkage=0.05


Tree=387
num_leaves=7
num_cat=0
split_feature=22 13 21 11 33 24
split_gain=0.203805 0.447973 0.215038 0.278179 0.300977 0.204214
threshold=0.01080109079869185 31.674897332386326 -0.0031355868358565737 0.58862415075302132 0.31500000000000006 0.00060575428328957248
decision_type=2 2 2 2 2 2
left_child=1 -1 -3 4 -4 -5
right_child=-2 2 3 5 -6 -7
leaf_value=-0.028119709784439336 0.018397438182193609 -0.014986135033046381 0.0080410933878661828 0.0037487464570919561 -0.012038678076764448 0.023739842618943036
leaf_weight=1.4470684849657178 1.3862881558015931 1.828774706460538 3.4511719581205345 3.0233561201021075 4.0634868568740785 2.2122120261192322
leaf_count=26 24 34 43 31 57 35
internal_value=5.18522e-06 -0.00158578 0.0010479 0.00334767 -0.00281687 0.0121957
internal_weight=17.4124 16.0261 14.579 12.7502 7.51466 5.23557
internal_count=250 226 200 166 100 66
is_linear=0
shrinkage=0.05


Tree=388
num_leaves=9
num_cat=0
split_feature=22 20 21 31 27 26 24 21
split_gain=0.168604 0.250977 0.243499 0.210407 0.199702 0.162831 0.281201 4.51113e-05
threshold=0.0082048974914769052 0.16096981848955397 -0.0015171906031645752 -0.16052535437814258 -0.021222573148696241 -0.0077384855730128202 -0.0039215571686257436 -0.0025521066969108603
decision_type=2 2 2 2 2 2 2 2
left_child=1 2 4 -2 -1 -4 -7 -6
right_child=3 -3 5 -5 7 6 -8 -9
leaf_value=0.0085311716974194613 0.0066451650782711333 0.024058727515183259 0.013812934112136733 -0.03515733954354721 -0.03385877443012747 0.0073902681578261785 -0.015844496311628126 -0.034573864603512541
leaf_weight=0.39588983380235732 0.52030705893412232 1.1466567877214391 2.2711222894140493 0.71423754381248794 0.45913025666959584 3.1705691558308873 2.209820843418135 0.42442599451169083
leaf_count=11 13 16 38 29 36 45 49 13
internal_value=-9.89707e-05 0.00203754 -0.000789782 -0.0175394 -0.0209796 0.00258625 -0.00215266 -0.0342023
internal_weight=11.3122 10.0776 8.93096 1.23454 1.27945 7.65151 5.38039 0.883556
internal_count=250 208 192 42 60 132 94 49
is_linear=0
shrinkage=0.05


Tree=389
num_leaves=10
num_cat=0
split_feature=21 27 33 7 23 27 23 16 26
split_gain=0.209757 0.2461 0.226904 0.372215 0.316549 0.238477 0.235535 0.471643 0.0355587
threshold=-0.0024933130898751039 -0.0020918071227466468 0.34500000000000003 0.57526236176490797 -0.0040759159234969302 -0.0072446442111588896 0.0029060253165701382 0.0058262042463009091 0.0037789125592970767
decision_type=2 2 2 2 2 2 2 2 2
left_child=1 -1 3 -2 -4 -5 -6 -8 -7
right_child=2 -3 4 5 6 8 7 -9 -10
leaf_value=0.00031361740628764738 0.0079162530012460274 0.026431206478549164 -0.013499249243133823 -0.0057048670814928608 0.021007967623775874 -0.023567124195902529 0.015689279381510303 -0.019834582879046603 -0.036636007296435728
leaf_weight=2.3126337705180053 1.8636225516092952 1.4786505289375806 2.2640685108490288 1.7559577566571536 2.3044297434389573 0.95657839823979918 2.2268962827511136 1.6097905152710152 1.1416950580896807
leaf_count=28 22 26 30 22 25 22 24 32 19
internal_value=5.7456e-05 0.0104998 -0.00274576 -0.0104297 0.00248145 -0.0193005 0.00837311 0.000784238 -0.0306781
internal_weight=17.9143 3.79128 14.123 5.71785 8.40519 3.85423 6.14112 3.83669 2.09827
internal_count=250 54 196 85 111 63 81 56 41
is_linear=0
shrinkage=0.05


Tree=390
num_leaves=8
num_cat=0
split_feature=29 13 34 6 26 23 16
split_gain=0.233736 0.217466 0.326336 0.225979 0.352542 0.333047 0.221042
threshold=-0.0093031486362166165 41.010789158825688 -1.8115844303605255 0.79331960107146282 0.034702502551931975 0.0033813377423780326 0.0088740731910890002
decision_type=2 2 2 2 2 2 2
left_child=-1 2 -2 -3 5 -5 -4
right_child=1 3 6 4 -6 -7 -8
leaf_value=0.020866867580353603 0.0071542834144482873 0.019391805770307455 -0.029976980879377113 -0.0034306081157588196 -0.022666764108874072 0.018656955999946045 -0.0024157724117186397
leaf_weight=1.2440050556324447 1.7056926693767307 1.6349548026919354 2.0094998884014781 5.4302689451724273 1.5354742300696669 2.4889016868546605 1.14027539989911
leaf_count=24 20 15 39 64 22 46 20
internal_value=-7.2831e-06 -0.00163585 -0.0104604 0.00222792 -0.000740168 0.00351125 -0.0199993
internal_weight=17.1891 15.9451 4.85547 11.0896 9.45464 7.91917 3.14978
internal_count=250 226 79 147 132 110 59
is_linear=0
shrinkage=0.05


Tree=391
num_leaves=7
num_cat=0
split_feature=29 27 29 8 24 2
split_gain=0.161777 0.274358 0.232035 0.310179 0.32436 0.294344
threshold=0.0080479003464957195 -0.0290949916291201 0.0051853945891207074 0.0021063073551174129 -0.0068616275588160849 0.027873921200633926
decision_type=2 2 2 2 2 2
left_child=1 -1 3 4 -3 -5
right_child=-2 2 -4 5 -6 -7
leaf_value=0.025333149864744928 -0.017547742980861477 0.013810141881907177 0.014276790136330847 -0.034904788635536699 -0.011678702243145107 0.0080215396754386003
leaf_weight=1.1188410483300675 1.1837191044469371 2.5499710557633053 1.9533675941638646 1.3590838221134616 2.4448492855008235 0.56551073922310013
leaf_count=12 34 33 32 48 76 15
internal_value=-6.97502e-05 0.00200089 -0.000941266 -0.00523736 0.00133394 -0.0222916
internal_weight=11.1753 9.99162 8.87278 6.91941 4.99482 1.92459
internal_count=250 216 204 172 109 63
is_linear=0
shrinkage=0.05


Tree=392
num_leaves=11
num_cat=0
split_feature=21 6 16 30 1 24 13 32 21 24
split_gain=0.199906 0.55095 0.317518 0.316277 0.287506 0.286837 0.43794 0.239032 0.000575246 7.84425e-05
threshold=0.0013112881169073944 0.87745184370244245 0.0082663386996949355 -0.0093338061284834444 -0.00070857321214801139 0.0014100378556757278 46.234159065179341 -0.042155975580735278 0.0019773403340929145 -0.002015135361664921
decision_type=2 2 2 2 2 2 2 2 2 2
left_child=2 -2 5 -3 -4 7 -7 -1 -5 -10
right_child=1 3 4 8 -6 6 -8 -9 9 -11
leaf_value=-0.017507855401472733 0.011148820257173921 0.0042735119562015153 0.0013802107854119067 -0.03623093667050243 0.03519491208341536 0.027486150531940208 -0.0069350589025103356 0.0012149002692789972 -0.035005546509245443 -0.034072080798604347
leaf_weight=2.9160048281773925 1.9078780716517929 0.69516949472017597 1.1996735939756038 0.90567319840192795 1.3205342451110471 1.888592313975096 1.809366231318563 4.1039704447612184 0.38454646314494301 0.54264273017179232
leaf_count=33 22 20 19 9 21 23 22 38 12 31
internal_value=5.11866e-05 -0.00913504 0.00312936 -0.024443 0.0190984 -0.000625587 0.0106443 -0.00656228 -0.0353347 -0.0344592
internal_weight=17.6741 4.43591 13.2381 2.52803 2.52021 10.7179 3.69796 7.01998 1.83286 0.927189
internal_count=250 94 156 72 40 116 45 71 52 43
is_linear=0
shrinkage=0.05


Tree=393
num_leaves=9
num_cat=0
split_feature=22 15 23 0 26 29 21 24
split_gain=0.185508 0.438292 0.267548 0.29049 0.331949 0.331604 0.302693 0.288655
threshold=0.0061741923939917518 0.0097627065449910917 -0.013562418320805845 0.0030946694649471866 0.025475498098222586 0.0017180215788457078 0.0015291427556902717 -0.010240258568484538
decision_type=2 2 2 2 2 2 2 2
left_child=2 -2 -1 5 -5 7 -7 -4
right_child=1 -3 3 4 -6 6 -8 -9
leaf_value=0.018897513757936458 0.024699485854139322 -0.011319292207153496 -0.01911341606897474 0.017815445300967288 -0.0095855636257775548 -0.03508819242541239 -0.0035680019933781409 0.0074607090854734541
leaf_weight=1.2973607424646623 2.1012102945242073 1.4122452987357972 1.5896714858245102 2.3962094571907073 2.051665143109858 1.9989077250938865 1.2305628061294553 2.8610154963098466
leaf_count=13 30 30 21 32 22 46 13 43
internal_value=-6.74761e-06 0.0102216 -0.00268353 -0.0049921 0.00517622 -0.010881 -0.0230777 -0.00203089
internal_weight=16.9388 3.51346 13.4254 12.128 4.44787 7.68016 3.22947 4.45069
internal_count=250 60 190 177 54 123 59 64
is_linear=0
shrinkage=0.05


Tree=394
num_leaves=9
num_cat=0
split_feature=22 20 21 31 27 15 28 21
split_gain=0.159963 0.229156 0.228738 0.195874 0.187344 0.159943 0.202695 3.7629e-05
threshold=0.0082048974914769052 0.16096981848955397 -0.0015171906031645752 -0.16052535437814258 -0.021222573148696241 0.0081318505833619919 0.0080418620390485546 -0.0025521066969108603
decision_type=2 2 2 2 2 2 2 2
left_child=1 2 4 -2 -1 -4 -7 -6
right_child=3 -3 5 -5 7 6 -8 -9
leaf_value=0.0079474001671695944 0.0060440727572029888 0.023260685775738359 0.012006622289183408 -0.035055794760459384 -0.033827417226334616 -0.011251864468336351 0.010127440726043477 -0.034499158739792271
leaf_weight=0.38663569674827158 0.50650213297922164 1.1200296827591945 2.7836367915733726 0.6778554055781576 0.43226813367800787 2.9130268073640764 1.789844468119554 0.40268903132527778
leaf_count=11 13 16 36 29 36 54 42 13
internal_value=-0.000119803 0.0019721 -0.000766018 -0.017479 -0.0208271 0.0025074 -0.00311521 -0.0341514
internal_weight=11.0125 9.82813 8.7081 1.18436 1.22159 7.48651 4.70287 0.834957
internal_count=250 208 192 42 60 132 96 49
is_linear=0
shrinkage=0.05


Tree=395
num_leaves=8
num_cat=0
split_feature=22 13 22 27 24 11 24
split_gain=0.199845 0.376322 0.352233 0.342201 0.475631 0.284855 0.222628
threshold=-0.0076027317613067682 65.88286058407077 -0.002301899024704845 -0.0085680501305291906 0.0019139013244990901 0.58580574333667768 -0.0062446973774611938
decision_type=2 2 2 2 2 2 2
left_child=-1 2 5 6 -5 -2 -4
right_child=1 -3 3 4 -6 -7 -8
leaf_value=0.014161728882014092 0.025412700228936887 -0.024073466468346249 0.019771230929725825 -0.02710044447690664 0.0018485891301367814 -0.0005921402477220047 -0.005066327516963183
leaf_weight=2.2017099473159787 2.1756005976349106 1.7072858605533827 1.8171030152589085 2.7659757416695347 2.9133159010089003 2.0409582753200084 1.7918651932850469
leaf_count=30 20 22 17 44 66 26 25
internal_value=8.23267e-05 -0.00195544 0.000840729 -0.00459994 -0.0122504 0.0128255 0.0074393
internal_weight=17.4138 15.2121 13.5048 9.28826 5.67929 4.21656 3.60897
internal_count=250 220 198 152 110 46 42
is_linear=0
shrinkage=0.05


Tree=396
num_leaves=7
num_cat=0
split_feature=22 13 21 11 33 0
split_gain=0.180383 0.41258 0.203169 0.247438 0.285671 0.200446
threshold=0.01080109079869185 31.674897332386326 -0.0031355868358565737 0.58862415075302132 0.31500000000000006 0.00072734023587939245
decision_type=2 2 2 2 2 2
left_child=1 -1 -3 4 -4 -5
right_child=-2 2 3 5 -6 -7
leaf_value=-0.027964741470126737 0.017700050053572943 -0.014936382165310777 0.0081097927176604825 0.022977176846649988 -0.011801632937441282 0.0028948150254582247
leaf_weight=1.3466123831458414 1.3247880812268693 1.7488706524018187 3.3381837287452054 2.2310819842386991 3.9127968600951135 2.8042913055978715
leaf_count=26 24 34 43 33 57 33
internal_value=-3.24401e-06 -0.00152797 0.00100851 0.00327815 -0.00263487 0.0117929
internal_weight=16.7066 15.3818 14.0352 12.2864 7.25098 5.03537
internal_count=250 226 200 166 100 66
is_linear=0
shrinkage=0.05


Tree=397
num_leaves=10
num_cat=0
split_feature=32 29 29 32 16 29 15 0 24
split_gain=0.153846 0.222213 0.285955 0.196426 0.413732 0.290095 0.114936 0.0628588 0.000109468
threshold=0.065285399631770422 0.0040863722802544364 0.002339464084286536 -0.034935575588706448 0.0072847571243107858 1.0000000180025095e-35 0.0079486857978110659 0.0012301199701210133 -0.0053380768019015137
decision_type=2 2 2 2 2 2 2 2 2
left_child=3 2 7 4 5 -1 -6 -2 -8
right_child=1 -3 -4 -5 6 -7 8 -9 -10
leaf_value=-0.012887988591247687 -0.0055388689278354358 -0.034727484068919678 0.023900977927095748 0.01368556985087453 -0.0022452617105623899 0.014036373033474991 -0.035226479076046056 -0.034419447217070492 -0.03419415464652225
leaf_weight=1.5019570705480862 0.34415145698585659 0.72029923001537088 0.64546503964811563 2.828798795817419 0.37148741958662856 2.9961063510272652 0.49848560651298601 0.41632137133274227 0.52965735254110757
leaf_count=29 20 29 10 39 10 37 15 23 38
internal_value=-8.44834e-05 -0.0121448 -0.000575072 0.00285405 -0.00234124 0.00504601 -0.026082 -0.0213496 -0.0346947
internal_weight=10.8527 2.12624 1.40594 8.72649 5.89769 4.49806 1.39963 0.760473 1.02814
internal_count=250 82 53 168 129 66 63 43 53
is_linear=0
shrinkage=0.05


Tree=398
num_leaves=9
num_cat=0
split_feature=21 29 1 16 30 16 21 21
split_gain=0.193783 0.393642 0.261992 0.233324 0.281107 0.359882 0.000254826 5.04721e-05
threshold=-0.0035448987863623822 -0.00081754060861255462 0.0066522696785845667 0.004583219894230905 0.015012514807604351 0.0058262042463009091 -0.0018808302338486624 -1.0000000180025095e-35
decision_type=2 2 2 2 2 2 2 2
left_child=-1 2 6 -3 5 -5 -2 -8
right_child=1 3 -4 4 -6 -7 7 -9
leaf_value=0.015277399064476777 -0.035718115727490958 -0.012549814536134886 -0.0027756405694024898 0.026295750253484147 -0.0082608136024540559 0.0027096631426585288 -0.034701047607088066 -0.03394233086908674
leaf_weight=1.8639852176420415 0.46317245811223984 2.3158905031159494 1.212863049469888 2.3535131029784662 2.8889124747365713 5.1700753113254905 0.38806844968348742 0.5037092449492786
leaf_count=33 5 25 21 20 31 60 9 46
internal_value=5.65886e-05 -0.00179821 -0.0196562 0.00180445 0.00499705 0.0100878 -0.0347667 -0.0342725
internal_weight=17.1602 15.2962 2.56781 12.7284 10.4125 7.52359 1.35495 0.891778
internal_count=250 217 81 136 111 80 60 55
is_linear=0
shrinkage=0.05


Tree=399
num_leaves=7
num_cat=0
split_feature=22 14 23 22 15 1
split_gain=0.172974 0.324806 0.258261 0.331848 0.266952 0.254278
threshold=-0.010224915326078053 0.91261069408760076 -0.013562418320805845 0.0061741923939917518 0.01061791426111326 -0.0086038335605040355
decision_type=2 2 2 2 2 2
left_child=-1 2 -2 4 -4 -5
right_child=1 -3 3 5 -6 -7
leaf_value=-0.016812025616767614 0.017638859272300779 0.023395557544005335 -0.011754736709500576 -0.0025209979911137072 0.012455451612343842 0.027295571072912906
leaf_weight=1.4044613596051956 1.6462187794968475 1.5270901508629311 7.722081905230878 1.5412194554228338 1.3355394294485448 1.3339068929199118
leaf_count=18 20 16 122 27 22 25
internal_value=-2.78154e-05 0.00153267 -0.00092603 -0.00348721 -0.00818496 0.0113123
internal_weight=16.5105 15.1061 13.579 11.9327 9.05762 2.87513
internal_count=250 232 216 196 144 52
is_linear=0
shrinkage=0.05


Tree=400
num_leaves=11
num_cat=0
split_feature=8 19 24 8 22 5 5 22 17 3
split_gain=0.14826 0.386258 0.382613 0.263098 0.303484 0.245941 0.284689 0.156304 0.000108833 3.79186e-05
threshold=0.0021063073551174129 -0.04244663305314688 0.01560440255260165 -0.002026340463067071 -0.0012032368139320291 0.0042509680859100273 0.0046201887620894938 -0.003337231720740907 7.2263784246559399e-05 0.021803291620287938
decision_type=2 2 2 2 2 2 2 2 2 2
left_child=3 -2 8 4 -1 -6 -7 -5 9 -3
right_child=1 2 -4 7 5 6 -8 -9 -10 -11
leaf_value=-0.025143359303315113 0.024207870000777454 -0.033969936830408567 0.010055298020653075 0.030743330632829233 -0.019693975826633219 0.029646673844938159 -0.0013705345213223131 0.0059905855633476581 -0.035138013786486899 -0.034661758776253798
leaf_weight=1.1940195386996491 0.64037100202403996 0.45812098222086228 0.71216964424820606 1.1024218357051725 0.89135653339326371 1.1691327891312542 2.0144724393612705 1.513156304717995 0.65094485285226256 0.34891099343076348
leaf_count=25 13 32 13 12 18 13 64 30 18 12
internal_value=-5.47199e-05 -0.00991491 -0.0199839 0.00346003 -0.00297515 0.00352044 0.0100201 0.0164234 -0.034657 -0.034269
internal_weight=10.6951 2.81052 2.17015 7.88456 5.26898 4.07496 3.18361 2.61558 1.45798 0.807032
internal_count=250 88 75 162 120 95 77 42 62 44
is_linear=0
shrinkage=0.05


Tree=401
num_leaves=9
num_cat=0
split_feature=22 0 29 6 21 28 16 19
split_gain=0.223565 0.274444 0.319695 0.327914 0.275267 0.350296 0.258143 0.16822
threshold=-0.010224915326078053 0.0030946694649471866 0.00066787763764009089 0.95006825920893856 0.00020139240034111608 -0.016422625026643652 0.0068488332342479539 -0.027861413579735369
decision_type=2 2 2 2 2 2 2 2
left_child=-1 2 3 -2 5 -4 -5 -3
right_child=1 7 4 6 -6 -7 -8 -9
leaf_value=0.018562242118287817 -0.031623439737951786 -0.021818638927556724 -0.0029371153148664963 -0.014498531932752447 -0.0026048347716806316 0.027495316601099985 0.015979918181588733 -0.0016790641394104668
leaf_weight=1.4894610210321868 1.1502974830218575 2.2803182546049356 1.4480871995911 1.449190096696839 3.1728012068197131 2.7249608291313052 1.3344527157023547 1.9014206007122982
leaf_count=18 29 18 16 32 36 39 28 34
internal_value=6.16177e-05 -0.00172061 0.0023354 -0.00916716 0.00849539 0.016935 0.000112556 -0.0126613
internal_weight=16.951 15.4615 11.2798 3.93394 7.34585 4.17305 2.78364 4.18174
internal_count=250 232 180 89 91 55 60 52
is_linear=0
shrinkage=0.05


Tree=402
num_leaves=8
num_cat=0
split_feature=34 3 32 28 21 14 17
split_gain=0.158281 0.318054 0.2589 0.344116 0.323695 0.36756 0.335128
threshold=1.4080835361424526 0.023103940251078651 -0.18332467089323864 -0.019282751643865833 0.0013112881169073944 0.39311398686405685 -5.7239657170834947e-05
decision_type=2 2 2 2 2 2 2
left_child=1 2 3 -1 6 -6 -4
right_child=-2 -3 4 -5 5 -7 -8
leaf_value=0.031491209646102553 0.013776365846203027 -0.025229968608601872 0.0018245980097370031 -0.00085239754955185169 -0.0028201615055900107 0.035623920536823124 -0.019964794731151522
leaf_weight=1.3972525894641878 1.8439488955773402 1.3143663471564639 3.4891340374015258 1.9987819658126671 1.7040329682640734 0.97891087061725546 3.5704350522719355
leaf_count=12 27 15 49 39 32 21 55
internal_value=-1.9073e-05 -0.00177914 0.000566857 0.0124549 -0.00357708 0.0112067 -0.00919557
internal_weight=16.2969 14.4529 13.1385 3.39603 9.74251 2.68294 7.05957
internal_count=250 223 208 51 157 53 104
is_linear=0
shrinkage=0.05


Tree=403
num_leaves=7
num_cat=0
split_feature=29 27 29 8 22 2
split_gain=0.145344 0.254209 0.213082 0.277179 0.292582 0.272534
threshold=0.0080479003464957195 -0.0290949916291201 0.0051853945891207074 0.0021063073551174129 0.0012587613250992782 0.027873921200633926
decision_type=2 2 2 2 2 2
left_child=1 -1 3 4 -3 -5
right_child=-2 2 -4 5 -6 -7
leaf_value=0.025088051747100118 -0.017216060634205357 0.012681686210896496 0.013995973320212849 -0.03478368735058187 -0.012316517657552855 0.0077529616648348166
leaf_weight=1.0541220046579827 1.1052895926986828 2.5337521563051251 1.8511945274658499 1.2511561510618774 2.1754822818038519 0.53868797246832389
leaf_count=12 34 41 32 48 68 15
internal_value=-6.46175e-05 0.00195118 -0.000969578 -0.00523236 0.00113349 -0.0219815
internal_weight=10.5097 9.4044 8.35027 6.49908 4.70923 1.78984
internal_count=250 216 204 172 109 63
is_linear=0
shrinkage=0.05


Tree=404
num_leaves=9
num_cat=0
split_feature=22 0 29 6 21 28 16 31
split_gain=0.199157 0.25494 0.296799 0.312018 0.260845 0.332026 0.243587 0.167446
threshold=-0.010224915326078053 0.0030946694649471866 0.00066787763764009089 0.95006825920893856 0.00020139240034111608 -0.016422625026643652 0.0068488332342479539 -0.05759238185499535
decision_type=2 2 2 2 2 2 2 2
left_child=-1 2 3 -2 5 -4 -5 -3
right_child=1 7 4 6 -6 -7 -8 -9
leaf_value=0.017664687148805622 -0.031210553772073341 -0.025494759464000313 -0.0027899020623512872 -0.01419655989044092 -0.0025235581164560076 0.027058919916884933 0.015512330668246442 -0.0045904087687952885
leaf_weight=1.4655535635538424 1.1133804996497914 1.5114049534313378 1.4339364692568777 1.429673735285178 3.1571744438260794 2.6597779300063848 1.3334979979554189 2.616008687997236
leaf_count=18 29 19 16 32 36 39 28 33
internal_value=5.92057e-05 -0.00163218 0.00230447 -0.00886355 0.00827524 0.0166035 0.000140857 -0.0122453
internal_weight=16.7204 15.2549 11.1274 3.87655 7.25089 4.09371 2.76317 4.12741
internal_count=250 232 180 89 91 55 60 52
is_linear=0
shrinkage=0.05


Tree=405
num_leaves=10
num_cat=0
split_feature=28 29 25 25 4 0 21 7 24
split_gain=0.161169 0.281634 0.353045 0.280115 0.367185 0.346833 0.277735 0.120437 0.00101089
threshold=-0.096574303923250213 -0.0028343717650526341 0.0077943764213005426 0.020863175612870991 0.0051634085052639092 -0.0029206484882643431 1.0000000180025095e-35 0.57470207512378702 -0.0084446454129469811
decision_type=2 2 2 2 2 2 2 2 2
left_child=-1 2 7 4 5 -3 -6 -2 -9
right_child=1 3 -4 -5 6 -7 -8 8 -10
leaf_value=0.015025764937312067 0.0098542980619798683 0.018611388727265848 -0.0099005918901041521 0.014032879152079125 -0.03512598940239775 -0.008495161298093027 -0.0074816866744947729 0.035812054445477449 0.032873559564605519
leaf_weight=1.5979524496942783 0.89058003574609923 1.625615732744335 1.2513526352122424 1.5732176909223206 1.809934826102108 4.3057269465643868 1.8244125014171002 0.53622539900243316 0.6444166603032494
leaf_count=15 8 20 15 15 43 65 26 7 36
internal_value=-4.27518e-05 -0.00170778 0.0110681 -0.00551863 -0.00873416 -0.00106601 -0.0212488 0.0237365 0.0342082
internal_weight=16.0594 14.4615 3.32257 11.1389 9.56569 5.93134 3.63435 2.07122 1.18064
internal_count=250 235 66 169 154 85 69 51 43
is_linear=0
shrinkage=0.05


Tree=406
num_leaves=9
num_cat=0
split_feature=25 33 8 2 23 23 16 9
split_gain=0.143565 0.38194 0.224439 0.400253 0.235362 0.215665 0.350226 7.87322e-05
threshold=0.010820773144827657 0.70500000000000007 0.0042405302340722409 0.028870196427363329 -0.0093579012357998242 -0.0040759159234969302 0.0071483520404295089 0.57816263586282746
decision_type=2 2 2 2 2 2 2 2
left_child=2 -2 4 7 -1 -6 -7 -4
right_child=1 -3 3 -5 5 6 -8 -9
leaf_value=-0.019027801201856084 -0.03112362511703522 0.011602961451264653 -0.034931707898877881 0.019555937335867898 0.023628048369154404 0.011440272332148834 -0.023963476133273095 -0.034015176351236569
leaf_weight=0.78209518291987379 1.1510393958305951 0.95867652865126718 0.48117496375925817 0.53984062280505896 1.981567016569896 3.0975939147756444 0.90193220175569866 0.45671722944825888
leaf_count=17 34 23 12 9 24 49 50 32
internal_value=-7.00079e-05 -0.0117082 0.00290943 -0.0147432 0.00676647 0.0101394 0.00345638 -0.0344854
internal_weight=10.3506 2.10972 8.24092 1.47773 6.76319 5.98109 3.99953 0.937892
internal_count=250 57 193 53 140 123 99 44
is_linear=0
shrinkage=0.05


Tree=407
num_leaves=10
num_cat=0
split_feature=11 22 26 0 33 27 19 28 3
split_gain=0.181221 0.303867 0.510516 0.380822 0.373476 0.415372 0.26134 0.228753 0.200123
threshold=0.57293053865432753 -0.002301899024704845 0.026922991040097325 0.00095182434837837182 0.34500000000000003 -0.013281257467528005 -0.0051572431413661737 -0.033081101643172232 -0.011753036127575998
decision_type=2 2 2 2 2 2 2 2 2
left_child=-1 2 7 4 5 -3 -6 -2 -5
right_child=1 3 -4 8 6 -7 -8 -9 -10
leaf_value=-0.014444719325365922 -0.014192677546849972 0.013805865794265982 0.029621327823172106 -0.0374879294115728 0.02755265984560247 -0.022210326740911231 -0.003813515764878218 0.01130192554857219 -0.0089166795441341321
leaf_weight=1.8987672873772705 1.6919892719015481 1.2973591054324063 2.2326827957294881 1.0018877740949395 1.8197844333481041 2.0904606410767848 1.0456756271887573 1.8330697435885674 1.5784896796103565
leaf_count=24 17 14 27 13 29 40 27 28 31
internal_value=8.5578e-05 0.00197639 0.0109137 -0.00384892 0.00281989 -0.00841799 0.0161064 -0.000935201 -0.0200101
internal_weight=16.4902 14.5914 5.75774 8.83366 6.25328 3.38782 2.86546 3.52506 2.58038
internal_count=250 226 72 154 110 54 56 45 44
is_linear=0
shrinkage=0.05


Tree=408
num_leaves=7
num_cat=0
split_feature=13 22 6 33 33 20
split_gain=0.15309 0.172723 0.296533 0.213663 0.425136 0.229673
threshold=31.674897332386326 -0.010224915326078053 0.79331960107146282 0.34500000000000003 0.54500000000000015 0.065802742179996279
decision_type=2 2 2 2 2 2
left_child=-1 -2 -3 5 -5 -4
right_child=1 2 3 4 -6 -7
leaf_value=-0.013490887359186699 -0.015328644442818264 0.023923406002328354 0.00084976485994419499 -0.022459067861294896 0.0044783104739745489 0.024197900004899284
leaf_weight=1.8585818987339742 1.3331551738083351 1.5706045418046404 3.0975283321458829 2.2974051330238581 4.0412884491961449 1.5959825370227916
leaf_count=33 17 20 49 44 69 18
internal_value=-1.15867e-05 0.00178609 0.00359653 0.000702685 -0.00528491 0.00878907
internal_weight=15.7945 13.936 12.6028 11.0322 6.33869 4.69351
internal_count=250 217 200 180 113 67
is_linear=0
shrinkage=0.05


Tree=409
num_leaves=10
num_cat=0
split_feature=32 29 29 32 16 29 15 23 16
split_gain=0.142713 0.206287 0.274844 0.166488 0.396358 0.25179 0.121622 0.0571405 0.000106155
threshold=0.065285399631770422 0.0040863722802544364 0.002339464084286536 -0.034935575588706448 0.0072847571243107858 1.0000000180025095e-35 0.0077694050159963285 -0.00095123756154930062 0.0081744100094172829
decision_type=2 2 2 2 2 2 2 2 2
left_child=3 2 7 4 5 -1 -6 -2 -8
right_child=1 -3 -4 -5 6 -7 8 -9 -10
leaf_value=-0.011961833434569155 -0.0058137684756925205 -0.034635541332011306 0.024137644897790172 0.013221540223542369 0.0017275969355889061 0.013968028376527941 -0.03494951636330481 -0.034267313172056148 -0.033877745412073897
leaf_weight=1.3998224760871369 0.31787618878297497 0.67028233036398877 0.60757613042369485 2.6374650415964416 0.30017231847159553 2.82686194521375 0.63814595714211442 0.39657617485500019 0.36214690841734409
leaf_count=29 11 29 10 39 7 37 14 32 42
internal_value=-4.21619e-05 -0.0120402 -0.000584104 0.00288557 -0.00204659 0.0053804 -0.0261853 -0.0216077 -0.0345615
internal_weight=10.1569 1.99231 1.32203 8.16461 5.52715 4.22668 1.30047 0.714452 1.00029
internal_count=250 82 53 168 129 66 63 43 56
is_linear=0
shrinkage=0.05


Tree=410
num_leaves=10
num_cat=0
split_feature=21 6 30 16 27 13 31 21 25
split_gain=0.179251 0.485311 0.320608 0.293468 0.253416 0.343031 0.317915 0.000411542 5.68317e-05
threshold=0.0013112881169073944 0.87745184370244245 -0.010803727486247415 0.0084388460264830743 0.0063316902180607934 46.234159065179341 0.0068371023868690995 0.0019773403340929145 0.0012177978034709771
decision_type=2 2 2 2 2 2 2 2 2
left_child=3 -2 -3 4 5 6 -1 -4 -9
right_child=1 2 7 -5 -6 -7 -8 8 -10
leaf_value=0.01941932901070147 0.010680098118983801 0.0076460387915168312 -0.035878396433924445 0.020141439518189794 0.012403188564288794 -0.017734780922524691 -0.0085190719283183957 -0.033926511404956249 -0.034753645303507961
leaf_weight=1.865187274292113 1.7641769122565154 0.58885843760799628 0.88036168366670609 2.0873539138119659 2.7713623018935323 3.1654012487269938 2.2423934228718281 0.42863436369225383 0.4028544215252623
leaf_count=24 22 18 10 37 35 37 23 31 13
internal_value=3.77389e-05 -0.00904938 -0.0241779 0.0030825 -0.000462588 -0.00536508 0.00416731 -0.035125 -0.0343273
internal_weight=16.1966 4.06489 2.30071 12.1317 10.0443 7.27298 4.10758 1.71185 0.831489
internal_count=250 94 72 156 119 84 47 54 44
is_linear=0
shrinkage=0.05


Tree=411
num_leaves=9
num_cat=0
split_feature=28 29 25 34 21 7 2 0
split_gain=0.150953 0.270271 0.330869 0.273402 0.354147 0.331489 0.331427 0.0805255
threshold=-0.096574303923250213 -0.0035934354107605699 0.0077943764213005426 1.4080835361424526 0.0015291427556902717 0.59312489926815049 -0.017497243728357367 -0.00028150837613849505
decision_type=2 2 2 2 2 2 2 2
left_child=-1 2 7 4 6 -6 -3 -2
right_child=1 3 -4 -5 5 -7 -8 -9
leaf_value=0.014765645137336339 0.013555020915480318 0.0061574143388606374 -0.0085244661108255758 0.015779204501930415 0.017233408138709636 -0.01336931148952737 -0.021545090097422719 0.035696813131447923
leaf_weight=1.5539078675210483 0.71406497096177191 1.3923148862086208 1.14942882489413 1.369928249856456 2.1004535281099384 1.5290616634301839 4.8080983101390311 0.96630917000584238
leaf_count=15 22 23 13 20 27 21 87 22
internal_value=-2.09512e-05 -0.0016587 0.0121475 -0.00514703 -0.00806337 0.00434093 -0.0153244 0.0262878
internal_weight=15.5836 14.0297 2.8298 11.1999 9.82993 3.62952 6.20041 1.68037
internal_count=250 235 57 178 158 48 110 44
is_linear=0
shrinkage=0.05


Tree=412
num_leaves=8
num_cat=0
split_feature=13 19 10 19 32 17 26
split_gain=0.139776 0.245362 0.234422 0.232982 0.303714 0.14763 0.0802685
threshold=41.010789158825688 0.018612447512979195 -0.013390511892050956 -0.007256721409300059 -0.042155975580735278 -8.7276060381646429e-05 -0.0062667465184871865
decision_type=2 2 2 2 2 2 2
left_child=2 3 -1 4 -2 -4 -3
right_child=1 6 5 -5 -6 -7 -8
leaf_value=-0.011874607900972752 0.0046365760023960433 -0.0078928921599224402 -0.0014071436803183108 0.016829706591518966 -0.029575874026254723 0.020905648158314465 -0.034528928123584976
leaf_weight=1.2706199043896047 1.740821791347116 0.4388390222156886 1.118427731562406 1.413083140680101 1.0339858498773535 2.1986417235457338 0.79568176850443684
leaf_count=31 32 26 22 34 37 34 34
internal_value=-3.6306e-05 -0.00547092 0.00638712 0.000303779 -0.00811212 0.0133824 -0.0250605
internal_weight=10.0101 5.42241 4.58769 4.18789 2.77481 3.31707 1.23452
internal_count=250 163 87 103 69 56 60
is_linear=0
shrinkage=0.05


Tree=413
num_leaves=10
num_cat=0
split_feature=21 29 32 16 29 27 26 24 22
split_gain=0.172635 0.349905 0.258068 0.2095 0.310599 0.421605 0.254448 0.0931232 0.000844323
threshold=-0.0035448987863623822 -0.00081754060861255462 -0.2965054553334443 0.0046617050402747275 0.0051853945891207074 -0.00062016403197201464 0.019484874286811008 -1.0000000180025095e-35 -0.0032360433571405607
decision_type=2 2 2 2 2 2 2 2 2
left_child=-1 2 -2 -3 6 -6 -5 -4 -9
right_child=1 3 7 4 5 -7 -8 8 -10
leaf_value=0.015011760170213023 0.0092234704797074032 -0.010909160910476725 -0.010214833396568746 0.0042388810607765772 -0.022672662953060165 0.012103118875010374 0.025900690265720949 -0.037123180057836526 -0.034535603181611994
leaf_weight=1.7188231945037848 0.60215793526731465 2.5534484740346661 0.49999789078719947 3.6044655358418805 1.8722308026626708 1.6306288503110407 2.1728953411802649 0.52992815943434834 0.77821889921324172
leaf_count=33 17 28 16 44 21 22 21 8 40
internal_value=4.32206e-05 -0.00176304 -0.0191272 0.00177372 0.00526341 -0.00648406 0.012386 -0.0285687 -0.0355838
internal_weight=15.9628 14.244 2.4103 11.8337 9.28022 3.50286 5.77736 1.80814 1.30815
internal_count=250 217 81 136 108 43 65 64 48
is_linear=0
shrinkage=0.05


Tree=414
num_leaves=8
num_cat=0
split_feature=22 15 1 20 19 34 19
split_gain=0.14526 0.390458 0.227204 0.458803 0.24315 0.407682 0.173138
threshold=0.0061741923939917518 0.0097627065449910917 0.0058602463198278451 -0.041333395816720735 0.018612447512979195 -1.6151436432156039 -0.041394857340756423
decision_type=2 2 2 2 2 2 2
left_child=2 -2 4 -4 5 -1 -7
right_child=1 -3 3 -5 -6 6 -8
leaf_value=0.011186603986890833 0.0240045080108994 -0.0116965237830231 0.017394879298914603 -0.012943731777577423 0.0053464959700309849 -0.0057875681331577347 -0.029965108751119962
leaf_weight=1.1484213219955552 1.8854872265364986 1.28974737401586 3.1489730511093512 2.0622808742336929 2.1959217200055718 1.0394196705892671 2.5745485015213494
leaf_count=19 30 30 35 34 38 22 42
internal_value=-2.07164e-05 0.00950312 -0.00250564 0.0053888 -0.00841798 -0.0147647 -0.0230114
internal_weight=15.3448 3.17523 12.1696 5.21125 6.95831 4.76239 3.61397
internal_count=250 60 190 69 121 83 64
is_linear=0
shrinkage=0.05


Tree=415
num_leaves=10
num_cat=0
split_feature=17 5 0 4 8 25 2 4 17
split_gain=0.135149 0.265072 0.208489 0.191447 0.187111 0.270848 0.248947 0.0993308 6.71897e-05
threshold=-3.9877528213727841e-05 0.0055442066047449818 -0.0016957237943864276 0.0047146045922053575 0.0021063073551174129 0.0042163440294625829 0.012919128821184291 0.0045387294542112598 -0.00010321984763223205
decision_type=2 2 2 2 2 2 2 2 2
left_child=1 2 -1 -4 5 7 -6 -2 -3
right_child=4 8 3 -5 6 -7 -8 -9 -10
leaf_value=-0.023614010990705942 0.033194991343720892 -0.033957279619652024 -0.0082655691381550277 0.019472571990911375 -0.026517255340417618 -0.0051113767880708542 0.012839327103499821 0.012853308839894398 -0.034930677483057823
leaf_weight=0.77879781543742943 0.97962977818679098 0.42629727194434963 1.2073225629865194 1.2832403660286216 0.93128292576875515 1.6919934623292645 0.70671251806197688 1.5492039364180525 0.303491529484745
leaf_count=31 13 33 25 18 29 36 20 32 13
internal_value=-3.01674e-05 -0.00711622 -0.00103438 0.00602626 0.00480667 0.010373 -0.00953687 0.0207334 -0.0343621
internal_weight=9.85797 3.99915 3.26936 2.49056 5.85882 4.22083 1.638 2.52883 0.729789
internal_count=250 120 74 43 130 81 49 45 46
is_linear=0
shrinkage=0.05


Tree=416
num_leaves=9
num_cat=0
split_feature=21 29 1 24 24 28 21 21
split_gain=0.163258 0.327125 0.251317 0.200836 0.337498 0.292776 0.000171959 3.87331e-05
threshold=-0.0035448987863623822 -0.00081754060861255462 0.0066522696785845667 -0.00093329779586320816 0.014415285199557594 -0.024131775791238704 -0.0018808302338486624 -0.00030387879530863188
decision_type=2 2 2 2 2 2 2 2
left_child=-1 2 6 5 -5 -3 -2 -8
right_child=1 3 -4 4 -6 -7 7 -9
leaf_value=0.014717039025655616 -0.035436749641388897 0.0070991898637856226 -0.0018705644204918893 0.021665015913077221 -0.0044600737173791259 -0.01377978623191714 -0.03461545674362921 -0.033901271810970135
leaf_weight=1.6908856797963387 0.41378434747457504 3.1781796347349864 1.1360310080926863 2.6173746404238045 2.3427110193297267 3.5594991408288479 0.31172637362033129 0.48555610969196938
leaf_count=33 5 32 21 33 34 37 8 47
internal_value=3.91009e-05 -0.001728 -0.0187635 0.00169008 0.00932581 -0.00393112 -0.0346097 -0.0341805
internal_weight=15.7357 14.0449 2.3471 11.6978 4.96009 6.73768 1.21107 0.797282
internal_count=250 217 81 136 67 69 60 55
is_linear=0
shrinkage=0.05


Tree=417
num_leaves=10
num_cat=0
split_feature=21 16 32 16 0 32 6 29 28
split_gain=0.147112 0.324951 0.276371 0.325413 0.370602 0.244242 0.238027 0.217054 0.0236247
threshold=0.0015291427556902717 0.0075777069883626175 -0.18332467089323864 0.0080916097938561107 0.0029319662353390901 -0.2965054553334443 0.96147676015366057 0.0014032743461628307 0.017842288638760365
decision_type=2 2 2 2 2 2 2 2 2
left_child=2 6 5 4 7 -1 -2 -4 -3
right_child=1 8 3 -5 -6 -7 -8 -9 -10
leaf_value=-0.0048179151018695361 -0.013939224189596741 0.036169654904011098 -0.0017998624187997151 -0.02883944840706907 0.012807814044110556 0.026019127686868052 0.013175231317578813 -0.024565453805042995 0.022145645461827835
leaf_weight=1.2429334281478079 1.6469636652618658 0.65649719000793971 2.3802076829597336 1.4866949180141089 2.3866306571289897 1.3283727625384916 1.5915958373807368 1.8692586799152193 0.55348959274124354
leaf_count=25 19 15 27 31 24 16 29 39 25
internal_value=5.18322e-06 0.0076463 -0.00317338 -0.00769577 -0.00295892 0.0111129 -0.000613777 -0.011814 0.0297546
internal_weight=15.1426 4.44855 10.6941 8.12279 6.6361 2.57131 3.23856 4.24947 1.20999
internal_count=250 88 162 121 90 41 48 66 40
is_linear=0
shrinkage=0.05


Tree=418
num_leaves=11
num_cat=0
split_feature=13 19 30 19 6 30 25 0 27 8
split_gain=0.1367 0.231136 0.224819 0.209235 0.290759 0.194689 0.250419 0.186339 0.0842296 4.56391e-05
threshold=41.010789158825688 0.018612447512979195 -0.012568522530608526 -0.007256721409300059 1.110242225713175 -0.0043147934207384822 -0.0014197207558074296 -0.0020525681101037914 -0.019696370333794063 -0.0027284296565807118
decision_type=2 2 2 2 2 2 2 2 2 2
left_child=2 3 -1 4 7 -4 -7 -2 -3 -10
right_child=1 8 5 -5 -6 6 -8 -9 9 -11
leaf_value=-0.017446887823031287 -0.0015916421805845168 -0.0059328206990602933 0.030778057223333488 0.016043793063732246 0.014162039083633365 0.022225694498824798 -0.0086951618688215337 -0.034637547458536803 -0.03479760150312259 -0.034021053313149745
leaf_weight=0.80995863990392525 0.75850271445233342 0.38935279409633949 0.97648237412795458 1.369507600378711 0.9566872608847915 1.15419643977657 1.5133232061634767 0.97485650831367832 0.31136050293571316 0.48228339513298102
leaf_count=20 16 8 14 34 16 18 35 37 14 38
internal_value=-6.06726e-05 -0.00553271 0.00638021 0.000134703 -0.00796464 0.0116763 0.00468384 -0.020177 -0.0249809 -0.0343257
internal_weight=9.69651 5.24255 4.45396 4.05955 2.69005 3.644 2.66752 1.73336 1.183 0.793644
internal_count=250 163 87 103 69 67 53 53 60 52
is_linear=0
shrinkage=0.05


Tree=419
num_leaves=10
num_cat=0
split_feature=22 21 33 16 28 21 15 19 29
split_gain=0.179039 0.223929 0.354181 0.264454 0.31029 0.548926 0.40561 0.000319097 1.36363e-05
threshold=-0.010224915326078053 0.0019773403340929145 0.62500000000000011 0.0082663386996949355 -0.017113539039669608 -0.0011061820532373698 0.0098724357532675219 -0.0377800591992472 0.0025370905464605635
decision_type=2 2 2 2 2 2 2 2 2
left_child=-1 3 7 4 5 -2 -6 -3 -9
right_child=1 2 -4 -5 6 -7 -8 8 -10
leaf_value=0.017287298495789052 -0.035276796835060242 -0.035759584171654334 0.010617765166464959 0.016610662501183843 0.012099903351191633 0.0027900910261772003 -0.016291423394878973 -0.033868704184869473 -0.034319299332409202
leaf_weight=1.3707094404380775 1.6764911860227587 0.4794293800368904 0.68392052326817054 2.1756664472632101 4.547848262824119 2.1764681562781307 1.7390258125960825 0.3690183989237984 0.30808485858142376
leaf_count=18 15 7 23 37 58 27 21 34 10
internal_value=3.28357e-05 -0.0016379 -0.0179053 0.000793138 -0.00260077 -0.0137735 0.00424652 -0.0347726 -0.0340737
internal_weight=15.5267 14.156 1.84045 12.3155 10.1398 3.85296 6.28687 1.15653 0.677103
internal_count=250 232 74 158 121 42 79 51 44
is_linear=0
shrinkage=0.05


Tree=420
num_leaves=9
num_cat=0
split_feature=13 15 15 19 15 15 22 21
split_gain=0.146639 0.172531 0.273156 0.312123 0.199261 0.397873 0.271205 0.140041
threshold=31.674897332386326 0.011000000246685425 0.0095143936688033229 -0.012292146278990666 0.0083278056347627864 0.0077694050159963285 -0.0013117943768909399 -1.0000000180025095e-35
decision_type=2 2 2 2 2 2 2 2
left_child=-1 2 4 -4 5 -2 -6 -5
right_child=1 -3 3 7 6 -7 -8 -9
leaf_value=-0.013563544057433831 0.01180683380294718 0.019935730980176911 0.0056022640483624209 -0.031861486182254546 -0.0023246700523088751 -0.020344568519328005 0.028417849386286304 -0.0095253834402884794
leaf_weight=1.7610981806647039 2.4263081343378854 1.1924953233683471 2.0869688466191292 1.3106596861034634 1.1967775002121928 1.59466877579689 1.7909720141906289 1.5104756186483426
leaf_count=33 33 25 36 20 23 22 28 30
internal_value=-1.69136e-05 0.00180293 -1.15841e-05 -0.00905761 0.00632321 -0.000944007 0.0161036 -0.0199024
internal_weight=14.8704 13.1093 11.9168 4.9081 7.00873 4.02098 2.98775 2.82114
internal_count=250 217 192 86 106 55 51 50
is_linear=0
shrinkage=0.05


Tree=421
num_leaves=10
num_cat=0
split_feature=13 27 30 30 25 3 16 33 26
split_gain=0.130257 0.262327 0.210915 0.184583 0.238066 0.184098 0.311136 0.206201 6.00582e-05
threshold=41.010789158825688 0.0099447874182597724 -0.012568522530608526 -0.0043147934207384822 -0.0014197207558074296 0.023103940251078651 0.005482655021841234 0.43500000000000005 0.023864787640002553
decision_type=2 2 2 2 2 2 2 2 2
left_child=2 5 -1 -4 -5 6 -2 -8 -3
right_child=1 8 3 4 -6 -7 7 -9 -10
leaf_value=-0.016907503844319806 -0.029677235842141221 -0.03373821218143163 0.030369501133992567 0.021897417422826023 -0.008429753558310665 0.013908054371699783 0.017800740310517121 -0.014718729008377812 -0.034679433228093415
leaf_weight=0.79904603830073018 1.0670091447536836 0.31134056471637439 0.9519447619095448 1.140054549556226 1.4965643387404266 1.4169765813276169 1.1316703498596323 0.8563263373216613 0.37197622668463737
leaf_count=20 30 38 14 18 35 20 28 29 18
internal_value=-7.66678e-06 -0.00539677 0.00632435 0.0114973 0.00468349 -0.00098792 -0.00789699 0.00379303 -0.0342506
internal_weight=9.54291 5.1553 4.38761 3.58856 2.63662 4.47198 3.05501 1.988 0.683317
internal_count=250 163 87 67 53 107 87 57 56
is_linear=0
shrinkage=0.05


Tree=422
num_leaves=9
num_cat=0
split_feature=22 0 29 6 21 28 16 2
split_gain=0.166725 0.212944 0.252429 0.280842 0.237136 0.281711 0.211029 0.163254
threshold=-0.010224915326078053 0.0030946694649471866 0.00066787763764009089 0.95006825920893856 0.00020139240034111608 -0.016422625026643652 0.0068488332342479539 0.0078855189296168655
decision_type=2 2 2 2 2 2 2 2
left_child=-1 2 3 -2 5 -4 -5 -3
right_child=1 7 4 6 -6 -7 -8 -9
leaf_value=0.016815459600104388 -0.031170091387364235 -0.0043987915294836548 -0.0024559610397004382 -0.013728299212908513 -0.0027977644967263505 0.026393517251439003 0.015112273140553304 -0.026503452522169714
leaf_weight=1.3472907005343593 0.99349833559244727 2.5027561646420504 1.3028846383094772 1.3148360556224363 2.8989005153998733 2.4140669736079889 1.22539379785303 1.2537071080878375
leaf_count=18 29 36 16 32 36 39 28 16
internal_value=2.12855e-05 -0.00160582 0.00215832 -0.00863094 0.00792119 0.0162811 0.000184244 -0.0117761
internal_weight=15.2533 13.906 10.1496 3.53373 6.61585 3.71695 2.54023 3.75646
internal_count=250 232 180 89 91 55 60 52
is_linear=0
shrinkage=0.05


Tree=423
num_leaves=8
num_cat=0
split_feature=32 32 21 14 16 0 23
split_gain=0.140185 0.366271 0.320571 0.351983 0.337212 0.342338 0.217209
threshold=-0.39292547838884201 -0.18332467089323864 0.0014189416767858012 0.39311398686405685 0.0080916097938561107 0.0029319662353390901 1.0000000180025095e-35
decision_type=2 2 2 2 2 2 2
left_child=-1 6 4 -4 5 -3 -2
right_child=1 2 3 -5 -6 -7 -8
leaf_value=-0.014481783384333202 0.030644057320290487 -0.011578628703096935 -0.002546954706593314 0.035317865822691613 -0.030167431531218914 0.012450911314344172 0.0025739317502191266
leaf_weight=1.5061217423062778 1.5009201085194939 4.1111918524838966 1.525786991347559 1.0267649707384405 1.3785217450931666 2.3178323032334447 1.2742826356552539
leaf_count=30 20 66 32 27 30 23 22
internal_value=-3.34253e-05 0.00162325 -0.00269807 0.0126842 -0.00772705 -0.00291535 0.0177552
internal_weight=14.6414 13.1353 10.3601 2.55255 7.80755 6.42902 2.7752
internal_count=250 220 178 59 119 89 42
is_linear=0
shrinkage=0.05


Tree=424
num_leaves=6
num_cat=0
split_feature=29 27 29 13 33
split_gain=0.128378 0.221886 0.188996 0.242334 0.21273
threshold=0.0080479003464957195 -0.0290949916291201 0.0051853945891207074 29.18695311812959 0.21500000000000002
decision_type=2 2 2 2 2
left_child=1 -1 3 -3 -5
right_child=-2 2 -4 4 -6
leaf_value=0.024819743132077514 -0.017057380048614294 0.025518402028889327 0.013954188309107361 -0.029306037850890639 -0.0036387779328212488
leaf_weight=0.94702932983636756 0.98494812438730228 0.5794703119317991 1.6676086687948553 0.99918963300297026 4.2024539747217204
leaf_count=12 34 8 32 39 125
internal_value=1.9997e-05 0.00202343 -0.000874889 -0.00515246 -0.00856923
internal_weight=9.3807 8.39575 7.44872 5.78111 5.20164
internal_count=250 216 204 172 164
is_linear=0
shrinkage=0.05


Tree=425
num_leaves=7
num_cat=0
split_feature=32 13 22 27 23 16
split_gain=0.15823 0.287337 0.411463 0.413765 0.451081 0.368388
threshold=-0.41485685047301873 65.558776445758312 -0.0014142978401038284 -0.014249805898495336 0.0024291938876954693 0.0070016151806818264
decision_type=2 2 2 2 2 2
left_child=-1 2 5 -4 -5 -2
right_child=1 -3 3 4 -6 -7
leaf_value=0.015489590119496136 0.0010982204110920855 -0.02047614957949126 0.011802721966683282 -0.028136862133198388 0.0042798381360442117 0.02828958888999681
leaf_weight=1.4892257002647973 3.2474199389107499 1.7680182540789235 1.9784188866615275 2.776819349674045 1.7491122647770678 2.0206893580034375
leaf_count=24 36 28 30 49 50 33
internal_value=2.00806e-05 -0.00168131 0.00114135 -0.00727119 -0.015609 0.011528
internal_weight=15.0297 13.5405 11.7725 6.50435 4.52593 5.26811
internal_count=250 226 198 129 99 69
is_linear=0
shrinkage=0.05


Tree=426
num_leaves=11
num_cat=0
split_feature=28 29 25 27 33 13 13 24 7 24
split_gain=0.147042 0.246023 0.296469 0.219373 0.30285 0.37251 0.199812 0.150262 0.122072 0.000152784
threshold=-0.10402667924806379 -0.0030622976835565359 0.0077943764213005426 -0.014721517926501447 0.57500000000000007 45.18604115521665 50.05474669062675 0.0048123284416209397 0.57470207512378702 -0.0053380768019015137
decision_type=2 2 2 2 2 2 2 2 2 2
left_child=-1 2 8 7 5 -5 -6 -3 -2 -10
right_child=1 3 -4 4 6 -7 -8 -9 9 -11
leaf_value=0.016662351827007812 0.0089410588324493508 -0.035852116739246993 -0.0093482734123681733 -0.010416229204429535 -0.0021271348188700097 0.015696166564363338 -0.029383789371696462 -0.0078241135397363239 0.03543225865528888 0.034216375069246664
leaf_weight=1.2095448318868882 0.81552042812108938 0.86646863049827416 1.1030447883531449 2.3279397096484882 1.3716963664628568 3.3045598110184073 1.3188720359466968 1.0671386574394999 0.50861295405775298 0.5251090166857465
leaf_count=12 8 18 15 43 24 46 20 23 8 33
internal_value=-2.37386e-05 -0.00155168 0.0111672 -0.00521269 -0.00168816 0.00490379 -0.0154879 -0.0203837 0.0234043 0.0348146
internal_weight=14.4185 13.209 2.95229 10.2567 8.32307 5.6325 2.69057 1.93361 1.84924 1.03372
internal_count=250 238 64 174 133 89 44 41 49 41
is_linear=0
shrinkage=0.05


Tree=427
num_leaves=10
num_cat=0
split_feature=17 5 31 24 8 25 29 6 17
split_gain=0.125956 0.240968 0.193682 0.297884 0.164935 0.232314 0.230199 0.079323 5.3357e-05
threshold=-3.9877528213727841e-05 0.0055442066047449818 -0.11301076866706793 -0.013767256148029259 0.0021063073551174129 0.0042163440294625829 0.0027171793287790185 0.95468797852071452 -0.00010321984763223205
decision_type=2 2 2 2 2 2 2 2 2
left_child=1 2 -1 -4 5 7 -6 -2 -3
right_child=4 8 3 -5 6 -7 -8 -9 -10
leaf_value=0.010958452563866046 0.030217207414805571 -0.033895993508175098 0.0104792824642016 -0.034537209130393952 -0.025031766483735635 -0.0045485519767773375 0.014338117453970248 0.011865875052505198 -0.034801206801597859
leaf_weight=1.5935689506004569 1.068704615521711 0.38676577046862803 0.67173823568737168 0.81136173830600422 0.91545741766458355 1.5963417789316734 0.6246278746984899 1.3114469935535451 0.28111059358343471
leaf_count=30 19 33 9 35 30 36 19 26 13
internal_value=2.39258e-05 -0.00705362 -0.00114402 -0.014148 0.00482802 0.0102084 -0.00906413 0.0201058 -0.034277
internal_weight=9.26112 3.74455 3.07667 1.4831 5.51658 3.97649 1.54009 2.38015 0.667876
internal_count=250 120 74 44 130 81 49 45 46
is_linear=0
shrinkage=0.05


Tree=428
num_leaves=9
num_cat=0
split_feature=11 22 26 0 0 27 9 28
split_gain=0.151057 0.247872 0.43682 0.31429 0.333773 0.494383 0.194425 0.163015
threshold=0.57293053865432753 -0.002301899024704845 0.026922991040097325 0.00095182434837837182 -0.0014861315654076666 -0.014249805898495336 0.58668616116046912 0.0080418620390485546
decision_type=2 2 2 2 2 2 2 2
left_child=-1 2 6 4 5 -3 -2 -5
right_child=1 3 -4 7 -6 -7 -8 -9
leaf_value=-0.013980213078765905 0.01109993844705825 0.019197810204580976 0.028753241275457298 -0.006528889602533625 0.018612336342549093 -0.020013093823850046 -0.013610953042922834 -0.033271113996539023
leaf_weight=1.7073456342332072 1.6086039394140237 1.2202794605400402 1.9857335702981798 1.1860698612872513 2.0654846047982578 2.3557932826224715 1.5757495998404918 1.0968743155244736
leaf_count=24 18 20 27 22 32 58 27 22
internal_value=8.15418e-06 0.00183204 0.0103488 -0.00372446 0.00260982 -0.00663298 -0.00112803 -0.0193776
internal_weight=14.8019 13.0946 5.17009 7.9245 5.64156 3.57607 3.18435 2.28294
internal_count=250 226 72 154 110 78 45 44
is_linear=0
shrinkage=0.05


Tree=429
num_leaves=9
num_cat=0
split_feature=28 29 25 34 21 11 7 5
split_gain=0.143297 0.236843 0.282983 0.241358 0.32198 0.292739 0.278966 0.0796871
threshold=-0.096574303923250213 -0.0035934354107605699 0.0077943764213005426 1.4080835361424526 0.0015291427556902717 0.59254903197288533 0.59312489926815049 0.0045699113372921563
decision_type=2 2 2 2 2 2 2 2
left_child=-1 2 7 4 5 -3 -6 -2
right_child=1 3 -4 -5 6 -7 -8 -9
leaf_value=0.015130464582769934 0.011765231805715868 -0.023016691584879394 -0.0083999332830749212 0.015500950107855288 0.016863429862612321 0.0013626930925847505 -0.012535480901183874 0.034996561686014963
leaf_weight=1.4055693168193109 0.62220699968747728 3.8455589083023352 1.0253675258718429 1.2483413416193787 1.9079944589175286 1.8113077626330776 1.3982590031810103 0.90753471467178315
leaf_count=15 10 77 13 20 27 33 21 34
internal_value=-2.19392e-05 -0.00169018 0.0119243 -0.00509681 -0.00796556 -0.0152105 0.00443024 0.0255475
internal_weight=14.1721 12.7666 2.55511 10.2115 8.96312 5.65687 3.30625 1.52974
internal_count=250 235 57 178 158 110 48 44
is_linear=0
shrinkage=0.05


Tree=430
num_leaves=9
num_cat=0
split_feature=32 29 23 22 8 23 16 25
split_gain=0.124129 0.183715 0.240668 0.142188 0.178523 0.430745 0.224978 0.308597
threshold=0.065285399631770422 0.0040863722802544364 -0.0023865193985180828 0.0082048974914769052 0.0021063073551174129 0.0013613179649126785 0.0046878954608843585 0.0018935690417275499
decision_type=2 2 2 2 2 2 2 2
left_child=3 2 -2 4 6 -6 -1 -8
right_child=1 -3 -4 -5 5 -7 7 -9
leaf_value=0.029447035505266048 0.01859141259724445 -0.03448611303110298 -0.026646003383721219 -0.01540460353672618 -0.034571537243656553 0.013631379919831838 0.018267986618680229 -0.012549872293953027
leaf_weight=1.2138120364397762 0.69741104589775194 0.59223175840452302 0.50829365238314483 0.91863466741051514 0.81821754749398667 1.0689384925644843 1.7854077205411161 1.490434148639906
leaf_count=14 15 29 38 36 29 23 31 35
internal_value=8.63451e-05 -0.0116811 -0.000479502 0.00298639 0.00563578 -0.00726804 0.0110597 0.00424656
internal_weight=9.09338 1.79794 1.2057 7.29544 6.37681 1.88716 4.48965 3.27584
internal_count=250 82 53 168 132 52 80 66
is_linear=0
shrinkage=0.05


Tree=431
num_leaves=8
num_cat=0
split_feature=8 22 16 32 16 4 2
split_gain=0.146787 0.271465 0.240586 0.283465 0.315603 0.300403 0.117823
threshold=-0.011795579183823119 0.0066061922442051122 0.0046617050402747275 -0.10145693133280075 0.0049607320485826742 0.0047146045922053575 -0.0087497886228138349
decision_type=2 2 2 2 2 2 2
left_child=-1 2 -2 5 -5 -4 -3
right_child=1 6 3 4 -6 -7 -8
leaf_value=0.016178949362760205 -0.012484065689316527 -0.03555217721949256 0.031102072720513293 0.021541904349827581 -0.0071832635424089394 -0.00029636688713143158 -0.0089380512089193617
leaf_weight=1.2740298943826935 2.5275053316727272 0.72233627212699503 1.7270606255624419 1.1966858054511256 4.7585785295814276 1.3629528137389568 0.9801397684495885
leaf_count=27 36 17 25 14 78 26 27
internal_value=-3.25958e-05 -0.00158842 0.00115395 0.0049648 -0.00141106 0.0172528 -0.02023
internal_weight=14.5493 13.2753 11.5728 9.04528 5.95526 3.09001 1.70248
internal_count=250 223 179 143 92 51 44
is_linear=0
shrinkage=0.05


Tree=432
num_leaves=8
num_cat=0
split_feature=13 23 33 6 27 7 20
split_gain=0.136715 0.158741 0.191316 0.398874 0.33854 0.27824 0.217315
threshold=31.674897332386326 0.0082086458205183916 0.23500000000000001 0.96147676015366057 0.002342432154555985 0.58049837648868574 -0.0026693760831497655
decision_type=2 2 2 2 2 2 2
left_child=-1 2 6 4 -4 -5 -2
right_child=1 -3 3 5 -6 -7 -8
leaf_value=-0.013584832520994922 -0.003286695981382517 0.018059514413019614 0.02050379712590053 -0.033619928339812484 -0.010458515519599622 -0.0061372945358462222 0.024224259721053566
leaf_weight=1.6418010898632935 1.3939116024412217 1.3343921800842498 2.1955216424539672 1.3052245089784262 1.4765951568260787 3.1282591248163953 1.4799621494021256
leaf_count=33 23 39 27 21 27 62 18
internal_value=-3.17118e-05 0.00177532 -0.000203784 -0.00413382 0.00805354 -0.0142282 0.0108807
internal_weight=13.9557 12.3139 10.9795 8.1056 3.67212 4.43348 2.87387
internal_count=250 217 178 137 54 83 41
is_linear=0
shrinkage=0.05


Tree=433
num_leaves=10
num_cat=0
split_feature=17 5 0 4 25 6 8 6 0
split_gain=0.121912 0.229803 0.184946 0.169609 0.151076 0.249324 0.213418 0.0733621 4.72603e-05
threshold=-3.9877528213727841e-05 0.0055442066047449818 -0.0016957237943864276 0.0047146045922053575 0.0042163440294625829 1.0410005789012093 0.0021063073551174129 0.95468797852071452 -0.0003992982303850367
decision_type=2 2 2 2 2 2 2 2 2
left_child=1 2 -1 -4 6 -6 7 -2 -3
right_child=4 8 3 -5 5 -7 -8 -9 -10
leaf_value=-0.02346287536011267 0.029835376415985201 -0.033791206588704013 -0.0084553300741838366 0.018961424784982823 -0.022237582505516332 0.011904590083071938 -0.0091119464160267817 0.011849544439130964 -0.034654737664313172
leaf_weight=0.70744925079634491 1.0218763197190135 0.29630875558359548 1.0825784133630807 1.1778392526321111 1.0815784359583633 1.0575460509862749 0.8793765180162153 1.2735480665578505 0.34054679126711551
leaf_count=31 19 28 25 18 34 21 30 26 18
internal_value=9.7675e-05 -0.00699999 -0.00115195 0.00583076 0.00491241 -0.00535828 0.0118326 0.0198565 -0.034253
internal_weight=8.91865 3.60472 2.96787 2.26042 5.31393 2.13912 3.1748 2.29542 0.636856
internal_count=250 120 74 43 130 55 75 45 46
is_linear=0
shrinkage=0.05


Tree=434
num_leaves=9
num_cat=0
split_feature=21 29 15 26 31 21 2 9
split_gain=0.145158 0.229153 0.244666 0.186533 0.330874 0.222436 0.153031 6.47806e-05
threshold=-0.0031355868358565737 -0.00081754060861255462 0.0097879448107176439 -0.0027505105221876098 0.096504105927356934 1.0000000180025095e-35 -0.0048930205108428928 0.57164171189069768
decision_type=2 2 2 2 2 2 2 2
left_child=-1 2 7 6 5 -5 -3 -2
right_child=1 3 -4 4 -6 -7 -8 -9
leaf_value=0.012981177579694893 -0.035011679036076063 0.022932202457280955 0.00042769794941246645 0.012151590971045106 -0.022670819791117736 -0.007951768185895252 0.0010731661836145821 -0.034211317632622966
leaf_weight=1.8645321778021759 0.4560585799626995 1.4635295178741219 0.97553139063529659 2.8620664179325113 1.7131901299580929 2.6499508088454604 1.7678301436826558 0.56732156389625743
leaf_count=39 9 19 35 31 20 34 28 35
internal_value=-2.99278e-05 -0.00197763 -0.017489 0.000987568 -0.00347846 0.00248672 0.0109734 -0.034568
internal_weight=14.32 12.4555 1.99891 10.4566 7.22521 5.51202 3.23136 1.02338
internal_count=250 211 79 132 85 65 47 44
is_linear=0
shrinkage=0.05


Tree=435
num_leaves=9
num_cat=0
split_feature=28 29 25 34 21 12 7 5
split_gain=0.135869 0.217842 0.269051 0.2222 0.307257 0.275598 0.254299 0.0943727
threshold=-0.096574303923250213 -0.0035934354107605699 0.0077943764213005426 1.4080835361424526 0.0015291427556902717 -0.027749138333333017 0.59312489926815049 0.0040774832041355754
decision_type=2 2 2 2 2 2 2 2
left_child=-1 2 7 4 5 -3 -6 -2
right_child=1 3 -4 -5 6 -7 -8 -9
leaf_value=0.014905115953661903 0.0085449055252480154 0.012233009859658686 -0.0082544669107294105 0.015025149459857119 0.016465366611561276 -0.019641675697948151 -0.011939624089018018 0.03489141985686852
leaf_weight=1.3714649202302105 0.5355044188909226 0.79323489777743539 1.0116361877880988 1.2158209818880994 1.8608748917467894 4.6740997467422867 1.3666005600243805 0.93047570728231221
leaf_count=15 8 9 13 20 27 101 21 36
internal_value=-2.75834e-05 -0.00168074 0.0115801 -0.00499588 -0.00779548 -0.0150171 0.00443792 0.0252674
internal_weight=13.7597 12.3882 2.47762 9.91063 8.69481 5.46733 3.22748 1.46598
internal_count=250 235 57 178 158 110 48 44
is_linear=0
shrinkage=0.05


Tree=436
num_leaves=9
num_cat=0
split_feature=27 16 4 28 29 26 28 16
split_gain=0.124701 0.147902 0.252342 0.197786 0.316452 0.375761 0.0522353 5.44351e-05
threshold=-0.0290949916291201 0.0072847571243107858 0.0038969724369864018 -0.025951307483199178 0.0051853945891207074 0.018311682024720447 0.056699226868054627 0.007958868494052489
decision_type=2 2 2 2 2 2 2 2
left_child=-1 3 -3 -2 5 -5 7 -4
right_child=1 2 6 4 -6 -7 -8 -9
leaf_value=0.016238160503925396 -0.014368396757666244 0.012168174209350888 -0.034666511194176616 0.0094043840368694537 0.025334082756324129 -0.028295524425768027 -0.0078898206066508689 -0.033871420638260111
leaf_weight=1.0502931969240306 1.4765027491957869 0.5626007867977022 0.53164778748759978 2.0732148810639059 1.517939012032002 0.97028910170774896 0.23585383698809892 0.36174746838514693
leaf_count=21 36 15 15 45 21 27 25 45
internal_value=7.28489e-05 -0.00212363 -0.0151895 0.00153746 0.00668606 -0.00261459 -0.0288193 -0.0343446
internal_weight=8.78009 7.7298 1.69185 6.03795 4.56144 3.0435 1.12925 0.893395
internal_count=250 229 100 129 93 72 85 60
is_linear=0
shrinkage=0.05


Tree=437
num_leaves=11
num_cat=0
split_feature=21 6 25 26 27 22 6 32 22 29
split_gain=0.139299 0.42182 0.307011 0.251452 0.210784 0.383317 0.196892 0.62686 0.000227533 9.87143e-05
threshold=0.0013112881169073944 0.87745184370244245 -0.010648289944895027 -0.01796537404307413 0.003512235076551296 -0.002301899024704845 0.9796228852233152 -0.012428642969439139 -0.00361039904614413 0.0027171793287790185
decision_type=2 2 2 2 2 2 2 2 2 2
left_child=3 -2 -3 -1 6 -6 -5 -8 -4 -10
right_child=1 2 8 4 5 -7 7 -9 9 -11
leaf_value=0.024161249991553446 0.011259844621305384 0.0097319852617313782 -0.03587493578312316 -0.014572281461007586 0.025901016013712665 -0.0087348081622916109 -0.016222643782594193 0.028783875668132914 -0.034047654362649414 -0.035077371910974785
leaf_weight=1.224031195975839 1.5198914267821249 0.51319764056825112 0.56133106094785068 2.9879007614217681 1.7849460514262321 1.4458972681313751 1.7793339220806939 1.3688881061971205 0.43246885616099406 0.50397928757593036
leaf_count=26 22 21 8 36 27 21 29 17 32 11
internal_value=-1.84171e-05 -0.00861895 -0.0236433 0.00284886 6.38579e-05 0.0104005 -0.00537866 0.00334678 -0.035079 -0.0346018
internal_weight=14.1219 3.53087 2.01098 10.591 9.36697 3.23084 6.13612 3.14822 1.49778 0.936448
internal_count=250 94 72 156 130 48 82 46 51 43
is_linear=0
shrinkage=0.05


Tree=438
num_leaves=8
num_cat=0
split_feature=13 23 33 6 27 6 7
split_gain=0.135167 0.146029 0.177087 0.364701 0.309872 0.30181 0.264636
threshold=31.674897332386326 0.0082086458205183916 0.23500000000000001 0.96147676015366057 0.002342432154555985 0.96147676015366057 0.58049837648868574
decision_type=2 2 2 2 2 2 2
left_child=-1 2 5 4 -4 -2 -5
right_child=1 -3 3 6 -6 -7 -8
leaf_value=-0.013672930608528864 -0.0095448567468385433 0.017672047567895616 0.019982319235451056 -0.03335580387606895 -0.010077177519488589 0.024021264268471263 -0.0058904685567282167
leaf_weight=1.5972767393104739 1.1112361948471501 1.2943913046037767 2.1222501466982071 1.2340427197050301 1.438466979190707 1.6853729365393517 3.0316516766324639
leaf_count=33 14 39 27 21 27 27 62
internal_value=-1.44475e-05 0.00181618 -0.000115819 -0.00397482 0.00783881 0.0106837 -0.013836
internal_weight=13.5147 11.9174 10.623 7.82641 3.56072 2.79661 4.26569
internal_count=250 217 178 137 54 41 83
is_linear=0
shrinkage=0.05


Tree=439
num_leaves=9
num_cat=0
split_feature=29 27 15 33 23 23 3 3
split_gain=0.120804 0.204401 0.149465 0.249253 0.230634 0.196646 0.236805 0.0874915
threshold=0.0080479003464957195 -0.0290949916291201 0.009206977182814784 0.97500000000000009 -0.0046649395293827936 0.0013613179649126785 -0.010010721593914028 -0.0051035989247621419
decision_type=2 2 2 2 2 2 2 2
left_child=1 -1 5 4 -4 6 -3 -7
right_child=-2 2 3 -5 -6 7 -8 -9
leaf_value=0.02478182647255063 -0.017320434102820869 0.011485808987250896 0.002493284151440245 0.014381281994156132 -0.034186389360412954 0.0035363042174654693 -0.021452265508199869 0.024221533167844162
leaf_weight=0.88072313740849484 0.89246087532956142 1.0496294510085138 0.69017790915677313 0.72511460125679139 1.130597942043096 0.86577528895577449 1.1365298534510655 1.2481703826924784
leaf_count=12 34 19 19 16 77 20 30 23
internal_value=9.68645e-05 0.00210862 -0.000808243 -0.0104098 -0.0202827 0.00487638 -0.00563788 0.0157498
internal_weight=8.61918 7.72672 6.846 2.54589 1.82078 4.3001 2.18616 2.11395
internal_count=250 216 204 112 96 92 49 43
is_linear=0
shrinkage=0.05


Tree=440
num_leaves=8
num_cat=0
split_feature=21 29 15 16 16 31 22
split_gain=0.14101 0.214192 0.232944 0.177425 0.259536 0.267538 6.17257e-05
threshold=-0.0031355868358565737 -0.00081754060861255462 0.0097879448107176439 0.004583219894230905 0.0048857480062729696 0.10259464852219044 -0.0043162381674018415
decision_type=2 2 2 2 2 2 2
left_child=-1 2 6 -3 -5 -6 -2
right_child=1 3 -4 4 5 -7 -8
leaf_value=0.012933574141586524 -0.035078847372425601 -0.012821491937810695 0.00036720654672939946 0.024350904232091033 0.0066262355122666235 -0.014889834371080485 -0.034229857445695226
leaf_weight=1.8180515915155417 0.318215889390558 1.912606207653879 0.9431918517802842 1.325271338224409 4.82989711035043 2.0613995054736733 0.6542964020918578
leaf_count=39 7 24 35 11 69 28 37
internal_value=-4.61402e-05 -0.0020053 -0.0173371 0.00089437 0.00408707 0.000190115 -0.0345077
internal_weight=13.8629 12.0449 1.9157 10.1292 8.21657 6.8913 0.972512
internal_count=250 211 79 132 108 97 44
is_linear=0
shrinkage=0.05


Tree=441
num_leaves=9
num_cat=0
split_feature=28 29 21 9 7 28 11 32
split_gain=0.133884 0.201083 0.217455 0.290734 0.305985 0.249768 0.41191 0.249495
threshold=-0.10402667924806379 -0.0093031486362166165 -1.0000000180025095e-35 0.57340133637189872 0.59290556013584139 -0.0044504972991431515 0.58756233453750617 -0.2965054553334443
decision_type=2 2 2 2 2 2 2 2
left_child=-1 -2 3 -3 -5 6 -4 -7
right_child=1 2 5 4 -6 7 -8 -9
leaf_value=0.016417165636666519 0.020981257490919402 0.011818554869276354 -0.024478759174524869 -0.028388441362192131 0.0031284286721857089 -0.010297884678631955 0.0094862248003720947 0.021444754270497478
leaf_weight=1.1314683323726065 0.9149283446604376 1.0167852975428084 1.6999101457186023 2.4504980653291573 1.1230487223947418 0.85329630598425676 1.8797080579679457 2.2548543219454631
leaf_count=12 23 13 27 58 22 14 25 56
internal_value=-3.57513e-05 -0.00156252 -0.00339137 -0.0117716 -0.0184837 0.00236062 -0.00664327 0.0127303
internal_weight=13.3245 12.193 11.2781 4.59033 3.57355 6.68777 3.57962 3.10815
internal_count=250 238 215 93 80 122 52 70
is_linear=0
shrinkage=0.05


Tree=442
num_leaves=10
num_cat=0
split_feature=17 5 0 4 25 6 8 6 0
split_gain=0.115041 0.212747 0.173543 0.155268 0.142945 0.2301 0.198003 0.0691618 3.54991e-05
threshold=-3.9877528213727841e-05 0.0055442066047449818 -0.0016957237943864276 0.0047146045922053575 0.0042163440294625829 1.0410005789012093 0.0021063073551174129 0.95468797852071452 -0.0003992982303850367
decision_type=2 2 2 2 2 2 2 2 2
left_child=1 2 -1 -4 6 -6 7 -2 -3
right_child=4 8 3 -5 5 -7 -8 -9 -10
leaf_value=-0.02353313344816901 0.029642746566539958 -0.033771832971875464 -0.0083588504012458206 0.01856095576428619 -0.021983661043173848 0.011577517094317714 -0.0089987320652600931 0.011753198878297191 -0.03454609483529205
leaf_weight=0.66772040858632031 0.96791112597566176 0.27772400063986424 1.028992136649322 1.1172161023132501 1.0304460576735439 1.0125897272955624 0.83165889073279675 1.2228127337293697 0.31703835891676124
leaf_count=31 19 28 25 18 34 21 30 26 18
internal_value=8.73361e-05 -0.00701437 -0.00127158 0.00565435 0.00486632 -0.00534974 0.011772 0.0196572 -0.0341846
internal_weight=8.47411 3.40869 2.81393 2.14621 5.06542 2.04304 3.02238 2.19072 0.594762
internal_count=250 120 74 43 130 55 75 45 46
is_linear=0
shrinkage=0.05


Tree=443
num_leaves=9
num_cat=0
split_feature=22 0 29 6 21 28 16 31
split_gain=0.138379 0.179477 0.209899 0.240794 0.198471 0.218915 0.172701 0.120613
threshold=-0.010224915326078053 0.0030946694649471866 0.00066787763764009089 0.95006825920893856 0.00020139240034111608 -0.01564290556059 0.0068488332342479539 -0.05759238185499535
decision_type=2 2 2 2 2 2 2 2
left_child=-1 2 3 -2 5 -4 -5 -3
right_child=1 7 4 6 -6 -7 -8 -9
leaf_value=0.016068776222464064 -0.030667638805129946 -0.024031710725234256 -0.00079880365657384396 -0.013201230334965437 -0.0026925195135509101 0.025596147161269008 0.014378894853882726 -0.0042747632065451959
leaf_weight=1.2176729706116027 0.87775396142387618 1.2223180918954315 1.2626600423827752 1.1710984959499913 2.653958332259208 2.0789464954286831 1.1014336775988338 2.0991180331911883
leaf_count=18 29 19 17 32 36 38 28 33
internal_value=-1.92714e-05 -0.00159058 0.00202468 -0.00842501 0.00751532 0.0156225 0.000166096 -0.0115455
internal_weight=13.685 12.4673 9.14585 3.15029 5.99556 3.34161 2.27253 3.32144
internal_count=250 232 180 89 91 55 60 52
is_linear=0
shrinkage=0.05


Tree=444
num_leaves=7
num_cat=0
split_feature=13 32 32 21 16 8
split_gain=0.130806 0.137443 0.285662 0.26392 0.35766 0.312613
threshold=31.674897332386326 -0.39292547838884201 -0.18332467089323864 0.0014189416767858012 0.0080916097938561107 -0.0017242232767823603
decision_type=2 2 2 2 2 2
left_child=-1 -2 -3 4 -4 -5
right_child=1 2 3 5 -6 -7
leaf_value=-0.013626700017236558 -0.013402086893430738 0.020337161684868856 0.00047894585833299581 -0.0095165344037209422 -0.029722434242768547 0.032265118509299924
leaf_weight=1.5574078841600574 1.3157620732672501 2.0736154112964842 5.0640836264938116 0.73369253054261196 1.2156086743343619 1.1484605892328543
leaf_count=33 27 35 73 21 30 31
internal_value=-2.42021e-05 0.00180977 0.00376525 -0.000445049 -0.00536737 0.015978
internal_weight=13.1086 11.5512 10.2355 8.16185 6.27969 1.88215
internal_count=250 217 190 155 103 52
is_linear=0
shrinkage=0.05


Tree=445
num_leaves=9
num_cat=0
split_feature=27 16 28 28 29 26 17 16
split_gain=0.115372 0.135879 0.231191 0.176336 0.288161 0.3457 0.122084 5.39514e-05
threshold=-0.0290949916291201 0.0072847571243107858 -0.048363642012562928 -0.025951307483199178 0.0051853945891207074 0.018311682024720447 0.00016924078281754234 0.0080916097938561107
decision_type=2 2 2 2 2 2 2 2
left_child=-1 3 -3 -2 5 -5 7 -4
right_child=1 2 6 4 -6 -7 -8 -9
leaf_value=0.015974070723687662 -0.013846051106938274 0.019417614723741736 -0.034422327491266357 0.0091985500696756557 0.024814535838665112 -0.027992941331655016 0.0036079307359762275 -0.033631071703937039
leaf_weight=1.0085783491376785 1.4077504020533513 0.37361096730455745 0.60634882905287646 1.9727903204329789 1.4379815007559953 0.91443193214945484 0.27734230246278457 0.33415406763378996
leaf_count=21 36 8 20 45 21 27 13 59
internal_value=0.000119609 -0.00206357 -0.0149892 0.00152456 0.00652733 -0.00258062 -0.0255445 -0.0341412
internal_weight=8.33299 7.32441 1.59146 5.73295 4.3252 2.88722 1.21785 0.940503
internal_count=250 229 100 129 93 72 92 79
is_linear=0
shrinkage=0.05


Tree=446
num_leaves=9
num_cat=0
split_feature=21 29 1 16 11 29 21 21
split_gain=0.136884 0.256751 0.212981 0.16816 0.237024 0.228942 9.37813e-05 6.52686e-06
threshold=-0.0035448987863623822 -0.00081754060861255462 0.0066522696785845667 0.0046617050402747275 0.59232789933681496 0.0025370905464605635 -0.00030387879530863188 0.00040390760757880178
decision_type=2 2 2 2 2 2 2 2
left_child=-1 2 6 -3 5 -5 -2 -8
right_child=1 3 -4 4 -6 -7 7 -9
leaf_value=0.014645922618005666 -0.034789633186745134 -0.010663204580143346 -0.0016378072835636288 0.022839556585511726 -0.009093479491517566 0.002231547795843173 -0.034056055723911474 -0.033638559183567292
leaf_weight=1.4176206707488752 0.60967700090259302 2.2268971316516382 0.98024281696416427 2.2162272948771715 2.1815412724390626 3.4389288537204266 0.15278955735266109 0.2417057034035679
leaf_count=33 13 28 21 27 32 49 5 42
internal_value=-5.04577e-05 -0.0017797 -0.0182169 0.00146152 0.00490691 0.0103077 -0.034401 -0.0338003
internal_weight=13.4656 12.048 1.98442 10.0636 7.8367 5.65516 1.00417 0.394495
internal_count=250 217 81 136 108 76 60 47
is_linear=0
shrinkage=0.05


Tree=447
num_leaves=10
num_cat=0
split_feature=28 29 21 24 25 28 11 33 29
split_gain=0.132385 0.187007 0.197405 0.284409 0.452044 0.232665 0.377535 0.231808 0.047895
threshold=-0.10402667924806379 -0.0093031486362166165 -1.0000000180025095e-35 -0.0025921583594201709 0.004539819047931438 -0.0044504972991431515 0.58756233453750617 0.62500000000000011 -0.0015804448436849692
decision_type=2 2 2 2 2 2 2 2 2
left_child=-1 -2 3 8 -5 6 -4 -7 -3
right_child=1 2 5 4 -6 7 -8 -9 -10
leaf_value=0.016501967405681672 0.020666921422929939 -0.016684889742858117 -0.024000023547169375 -0.027119168028227999 0.014028208163905626 0.022005146446666572 0.008947167116917348 -0.0075947606044584753 -0.034575566329092998
leaf_weight=1.1096538677811629 0.87612893036566575 0.58453198522329319 1.644664207007734 1.0872775488533064 1.7287599106784908 2.0345814320025992 1.8447345015592871 0.98004817788023491 1.0390899779740719
leaf_count=12 23 7 27 26 24 49 25 21 36
internal_value=-1.04471e-05 -0.00156065 -0.00334014 -0.0114681 -0.00185887 0.00220805 -0.00658189 0.0123823 -0.0281346
internal_weight=12.9295 11.8198 10.9437 4.43966 2.81604 6.50403 3.4894 3.01463 1.62362
internal_count=250 238 215 93 50 122 52 70 43
is_linear=0
shrinkage=0.05


Tree=448
num_leaves=7
num_cat=0
split_feature=29 27 29 8 24 2
split_gain=0.115752 0.187397 0.135465 0.207873 0.228947 0.190781
threshold=0.0080479003464957195 -0.0290949916291201 0.0051853945891207074 0.0021063073551174129 -0.0068616275588160849 0.027873921200633926
decision_type=2 2 2 2 2 2
left_child=1 -1 3 4 -3 -5
right_child=-2 2 -4 5 -6 -7
leaf_value=0.02429228445434195 -0.017321629183519715 0.013655079177832669 0.012718108677402556 -0.034372050953114887 -0.011105665244919224 0.006857600065185751
leaf_weight=0.84584761410951603 0.85137148154899467 1.8901473857695232 1.4549072453519327 0.91137821559095733 1.8446875178342457 0.40538236379506998
leaf_count=12 34 33 32 48 76 15
internal_value=0.00013186 0.0021529 -0.000725227 -0.00459703 0.0014254 -0.021679
internal_weight=8.20372 7.35235 6.5065 5.0516 3.73483 1.31676
internal_count=250 216 204 172 109 63
is_linear=0
shrinkage=0.05


Tree=449
num_leaves=9
num_cat=0
split_feature=11 21 11 25 24 24 17 26
split_gain=0.132872 0.219919 0.215293 0.248427 0.22152 0.313164 0.146463 0.10665
threshold=0.57293053865432753 -0.0035448987863623822 0.58580574333667768 0.0052830468921410976 0.0082458491579464627 -0.012052754655787255 1.7315197662951398e-05 -0.022232474653718356
decision_type=2 2 2 2 2 2 2 2
left_child=-1 -2 3 6 5 -4 -3 -6
right_child=1 2 4 -5 7 -7 -8 -9
leaf_value=-0.014032627483168914 0.023661271926488644 -0.012755039171179032 -0.016375345711076357 0.024724652637540666 -0.0049473668936698923 0.0083686397849610863 0.012254816053081929 -0.033383946787368467
leaf_weight=1.5103237368166453 1.0410648098913942 1.2648944426910009 2.0727051537251073 1.5248005483299492 0.51346618763636798 3.3380616062786457 1.0896978757809845 0.92139098566258304
leaf_count=24 29 29 29 21 19 51 18 30
internal_value=-7.13041e-05 0.00172081 -0.000408929 0.00900152 -0.0057418 -0.00111005 -0.00118056 -0.0232079
internal_weight=13.2764 11.7661 10.725 3.87939 6.84562 5.41077 2.35459 1.43486
internal_count=250 226 197 68 129 80 47 49
is_linear=0
shrinkage=0.05


Tree=450
num_leaves=9
num_cat=0
split_feature=28 29 21 24 28 16 3 29
split_gain=0.125813 0.179093 0.18685 0.269131 0.438757 0.221516 0.294092 0.0489731
threshold=-0.10402667924806379 -0.0093031486362166165 -1.0000000180025095e-35 -0.0025921583594201709 -0.017113539039669608 0.0080278989070882208 0.020681012355864951 -0.0015804448436849692
decision_type=2 2 2 2 2 2 2 2
left_child=-1 -2 3 7 -5 6 -4 -3
right_child=1 2 5 4 -6 -7 -8 -9
leaf_value=0.016146058805327514 0.020406984934903703 -0.016201439350731171 0.0043966428980592304 0.022957864903697816 -0.01787394678922043 0.022732883007640103 -0.023395236613472221 -0.034531303957219324
leaf_weight=1.0990523919463164 0.85961201088502903 0.5738147646188736 4.0862988990265876 1.0792975947260857 1.6851005328353477 1.0824750671163199 1.2409719731658695 0.99849392869509734
leaf_count=12 23 7 71 12 38 34 17 36
internal_value=-2.27117e-05 -0.00155384 -0.00331049 -0.0113259 -0.00193208 0.00211256 -0.00207739 -0.0278418
internal_weight=12.7051 11.6061 10.7465 4.33671 2.7644 6.40975 5.32727 1.57231
internal_count=250 238 215 93 50 122 88 43
is_linear=0
shrinkage=0.05


Tree=451
num_leaves=10
num_cat=0
split_feature=17 5 31 24 25 6 8 4 0
split_gain=0.11117 0.201859 0.160066 0.255933 0.133703 0.220633 0.176802 0.0809893 3.15792e-05
threshold=-3.9877528213727841e-05 0.0055442066047449818 -0.11301076866706793 -0.013767256148029259 0.0042163440294625829 0.9407249070714151 0.0021063073551174129 0.0045387294542112598 -0.0003992982303850367
decision_type=2 2 2 2 2 2 2 2 2
left_child=1 2 -1 -4 6 -6 7 -2 -3
right_child=4 8 3 -5 5 -7 -8 -9 -10
leaf_value=0.010488670840783525 0.032181300477221272 -0.033760694941716567 0.010291366868854533 -0.034394767377290129 -0.025021334657866125 0.0089986787270912843 -0.0084940807939257856 0.011811426660895605 -0.034509306615376323
leaf_weight=1.3877644691092432 0.7783750570961282 0.26378374293562956 0.59015044156694818 0.70105842850170996 0.81464694393798698 1.1484585826983673 0.77975734276697029 1.3078911085030993 0.3023342823726124
leaf_count=30 13 28 9 35 21 34 30 32 18
internal_value=0.000124169 -0.00703288 -0.0013003 -0.0139709 0.00493358 -0.0051189 0.0118191 0.0194113 -0.0341605
internal_weight=8.07422 3.24509 2.67897 1.29121 4.82913 1.96311 2.86602 2.08627 0.566118
internal_count=250 120 74 44 130 55 75 45 46
is_linear=0
shrinkage=0.05


Tree=452
num_leaves=8
num_cat=0
split_feature=22 0 21 29 32 7 19
split_gain=0.128573 0.17027 0.188854 0.181575 0.285703 0.221301 0.115618
threshold=-0.010224915326078053 0.0030946694649471866 -0.002646338343760601 -0.00067909459252551974 -0.41485685047301873 0.57526236176490797 -0.027861413579735369
decision_type=2 2 2 2 2 2 2
left_child=-1 2 -2 4 -4 -5 -3
right_child=1 6 3 5 -6 -7 -8
leaf_value=0.015738982212957813 0.021619833026678886 -0.020263375290834447 0.020785985455688456 0.020717095643463343 -0.034332413646333639 -0.0021823783568844712 -0.0010756192265124421
leaf_weight=1.1729174795327715 1.0745898387394826 1.7275795973837378 0.3263659905642271 1.3264952953904892 0.84077165296184542 5.1557409632951021 1.4390466610202555
leaf_count=18 28 18 5 17 54 76 34
internal_value=-5.46567e-05 -0.00161258 0.0019922 -0.000765099 -0.0189197 0.00250367 -0.0115437
internal_weight=13.0635 11.8906 8.72396 7.64937 1.16714 6.48224 3.16663
internal_count=250 232 180 152 59 93 52
is_linear=0
shrinkage=0.05


Tree=453
num_leaves=8
num_cat=0
split_feature=13 15 15 19 22 19 21
split_gain=0.120072 0.127247 0.232762 0.328085 0.181034 0.198976 0.0846538
threshold=31.674897332386326 0.010850845689223254 0.0095143936688033229 -0.012292146278990666 0.0055217955313094933 0.0012326341754252958 -1.0000000180025095e-35
decision_type=2 2 2 2 2 2 2
left_child=-1 2 4 -4 5 -2 -5
right_child=1 -3 3 6 -6 -7 -8
leaf_value=-0.013295941133042581 -0.0068699833823320554 0.017841566635624882 0.0073748779242813938 -0.031586940548810484 0.024851241409390153 0.013688430509117853 -0.012506799139718684
leaf_weight=1.4937743662158034 2.6674078362993878 1.112790694227441 1.7202535769902167 1.0886530131101608 1.0821671850280834 2.1063606287352741 1.2474656031699851
leaf_count=33 45 28 34 20 24 37 29
internal_value=7.2974e-06 0.00180973 9.94339e-06 -0.00919599 0.00638684 0.00220114 -0.0213983
internal_weight=12.5189 11.0251 9.91231 4.05637 5.85594 4.77377 2.33612
internal_count=250 217 189 83 106 82 49
is_linear=0
shrinkage=0.05


Tree=454
num_leaves=7
num_cat=0
split_feature=29 27 2 13 27 2
split_gain=0.105932 0.189169 0.164131 0.179291 0.237398 0.153338
threshold=0.0080479003464957195 -0.033109752436628496 -0.016801949833589232 41.010789158825688 0.0099447874182597724 -0.010598808550307702
decision_type=2 2 2 2 2 2
left_child=1 -1 -3 5 -5 -4
right_child=-2 2 3 4 -6 -7
leaf_value=0.029491943366593717 -0.016975337182788756 -0.020513970863544919 0.028477584290488252 0.0014345500580456843 -0.03411302452251621 0.0016113998991570773
leaf_weight=0.57659512944519509 0.81668780971085642 0.87677651725243766 0.99782783084083382 2.9729034319170755 0.55779892593272951 1.1354647646076044
leaf_count=9 34 29 17 78 54 29
internal_value=8.0309e-05 0.00203737 -0.000382858 0.0027334 -0.00418144 0.0141778
internal_weight=7.93405 7.11737 6.54077 5.66399 3.5307 2.13329
internal_count=250 216 207 178 132 46
is_linear=0
shrinkage=0.05


Tree=455
num_leaves=7
num_cat=0
split_feature=11 11 22 7 24 24
split_gain=0.12576 0.205176 0.185876 0.229926 0.276407 0.234305
threshold=0.57293053865432753 0.57708930373191847 -0.0065167157848388104 0.58277845382690441 -0.002015135361664921 0.014415285199557594
decision_type=2 2 2 2 2 2
left_child=-1 -2 -3 4 -4 -5
right_child=1 2 3 5 -6 -7
leaf_value=-0.013891771385769032 0.020605630498355107 0.013194626299443867 -0.03298958343802124 0.0077762257349625998 -0.0006290819210053194 -0.015917449379629179
leaf_weight=1.4566243672743446 1.2759064735146228 1.9520968972938106 1.2647400200366976 4.1463652214733884 1.3797425201337317 1.3942772994341792
leaf_count=24 24 32 18 81 25 46
internal_value=-5.66079e-05 0.00170913 -0.000669246 -0.00397569 -0.0161057 0.00181382
internal_weight=12.8698 11.4131 10.1372 8.18513 2.64448 5.54064
internal_count=250 226 202 170 43 127
is_linear=0
shrinkage=0.05


Tree=456
num_leaves=10
num_cat=0
split_feature=28 29 25 25 33 29 23 7 24
split_gain=0.123532 0.176775 0.247925 0.192668 0.307048 0.259534 0.249108 0.11162 9.64679e-05
threshold=-0.10402667924806379 -0.0030622976835565359 0.0077943764213005426 0.020863175612870991 0.24500000000000002 0.0019156742382460126 0.0062072404666733147 0.57470207512378702 -0.0084446454129469811
decision_type=2 2 2 2 2 2 2 2 2
left_child=-1 2 7 4 5 -3 -6 -2 -9
right_child=1 3 -4 -5 6 -7 -8 8 -10
leaf_value=0.016211591463184502 0.0075430322852191077 0.026089261147474098 -0.0097213643309483014 0.013285220411760399 -0.019951986633250096 -0.0080005520846512246 0.0070732923022385832 0.035142595409615049 0.034081292525149104
leaf_weight=1.0731270378455526 0.6867376342415803 1.0275997559074297 0.96549964603036631 1.2513154987245796 4.2163514823187143 1.2225884366780517 1.0688366075046358 0.40454088523983966 0.45485912507865567
leaf_count=12 8 21 15 15 94 24 20 7 34
internal_value=-1.97675e-07 -0.00154001 0.0101579 -0.0048838 -0.00790093 0.00756734 -0.0144866 0.0225717 0.0345809
internal_weight=12.3715 11.2983 2.51164 8.78669 7.53538 2.25019 5.28519 1.54614 0.8594
internal_count=250 238 64 174 159 45 114 49 41
is_linear=0
shrinkage=0.05


Tree=457
num_leaves=9
num_cat=0
split_feature=5 17 5 4 33 12 4 15
split_gain=0.105846 0.152087 0.191895 0.165408 0.142479 0.167974 0.103854 2.76823e-05
threshold=0.0037422665285693157 -3.9877528213727841e-05 0.0055442066047449818 0.0045649940171945255 0.22500000000000003 0.0002527387237556919 0.0059592874609542606 0.0095143936688033229
decision_type=2 2 2 2 2 2 2 2
left_child=-1 2 3 -2 -3 -6 -7 -4
right_child=1 4 7 -5 5 6 -8 -9
leaf_value=-0.020515739485151799 -0.017432052018566537 0.022834724105833908 -0.034496426741770302 0.0097959854344622233 -0.013553809871642536 -0.00085395480111824073 0.021182978306379094 -0.03377905565029523
leaf_weight=0.57770839356817294 0.92481701099313873 1.1345971299451774 0.25971034576650698 1.4054278351832179 1.1075601172051395 1.0437823644024322 1.0960543404798953 0.27888763857481536
leaf_count=21 34 24 11 31 39 34 21 35
internal_value=8.13999e-05 0.00172247 -0.00722715 -0.00101015 0.00758169 0.00225248 0.0104337 -0.034125
internal_weight=7.82855 7.25084 2.86884 2.33024 4.38199 3.2474 2.13984 0.538598
internal_count=250 229 111 65 118 94 55 46
is_linear=0
shrinkage=0.05


Tree=458
num_leaves=8
num_cat=0
split_feature=21 29 15 24 24 28 9
split_gain=0.120054 0.187153 0.196233 0.172297 0.23967 0.2368 2.80835e-05
threshold=-0.0031355868358565737 -0.00081754060861255462 0.0097879448107176439 -0.00093329779586320816 0.014415285199557594 -0.024131775791238704 0.57164171189069768
decision_type=2 2 2 2 2 2 2
left_child=-1 2 6 5 -5 -3 -2
right_child=1 3 -4 4 -6 -7 -8
leaf_value=0.012595935803517791 -0.034675315707754888 0.00594465938369241 -0.00051708255075943489 0.020298163192948249 -0.0043008977925310136 -0.015035591815081871 -0.03409362758237322
leaf_weight=1.6354059991426773 0.37309395824558922 2.5871967431157805 0.87420943292090669 2.1109989425167455 1.8649648525752125 2.8010140340775247 0.46749364875722677
leaf_count=39 9 31 35 32 33 36 35
internal_value=-4.99275e-05 -0.00191663 -0.0171027 0.000864302 0.00875973 -0.00496174 -0.0343518
internal_weight=12.7144 11.079 1.7148 9.36417 3.97596 5.38821 0.840588
internal_count=250 211 79 132 65 67 44
is_linear=0
shrinkage=0.05


Tree=459
num_leaves=8
num_cat=0
split_feature=28 29 21 26 24 12 1
split_gain=0.118498 0.168992 0.176889 0.255795 0.422534 0.210521 0.30065
threshold=-0.10402667924806379 -0.0093031486362166165 -1.0000000180025095e-35 -0.0062667465184871865 -0.0025921583594201709 -0.014780391021530972 0.0092955624951558419
decision_type=2 2 2 2 2 2 2
left_child=-1 -2 3 -3 -5 -4 -7
right_child=1 2 5 4 -6 6 -8
leaf_value=0.015954874649395125 0.020265350968516893 -0.034946527737714887 0.019812770905604682 -0.026694413865781277 0.010172722063458943 -0.0098311420565848455 0.018944882458003312
leaf_weight=1.0654245410114533 0.8257289071334516 0.89334492199122895 1.3199911828851298 1.3036190576385709 1.9245442431420068 3.6625384669750956 1.2067723013460634
leaf_count=12 23 26 26 38 29 75 21
internal_value=2.45462e-05 -0.0014995 -0.00324251 -0.0112679 -0.00471522 0.00210168 -0.00269951
internal_weight=12.202 11.1365 10.3108 4.12151 3.22816 6.1893 4.86931
internal_count=250 238 215 93 67 122 96
is_linear=0
shrinkage=0.05


Tree=460
num_leaves=9
num_cat=0
split_feature=13 27 10 3 16 33 1 26
split_gain=0.101793 0.204754 0.164157 0.145383 0.235971 0.165679 0.107395 3.07653e-05
threshold=41.010789158825688 0.0099447874182597724 -0.013390511892050956 0.023103940251078651 0.005482655021841234 0.43500000000000005 -0.0020905120229978143 0.023864787640002553
decision_type=2 2 2 2 2 2 2 2
left_child=2 3 -1 4 -2 -6 -4 -3
right_child=1 7 6 -5 5 -7 -8 -9
leaf_value=-0.011220276153351576 -0.02886970080544321 -0.033662428875001482 0.022927986637320871 0.013925775362539285 0.017291248779087231 -0.015007685391498621 0.0025628182876163206 -0.034426127830538632
leaf_weight=0.972389682370704 0.86110366479260925 0.23553597021964368 1.3112167258514098 1.1290183416567741 0.93063040080596671 0.69246577209560201 1.2786515381885686 0.29963350319303572
leaf_count=31 30 38 28 20 28 29 28 18
internal_value=9.70347e-05 -0.00522657 0.00629658 -0.000951478 -0.00771289 0.00351147 0.0128734 -0.03409
internal_weight=7.71065 4.14839 3.56226 3.61322 2.4842 1.6231 2.58987 0.535169
internal_count=250 163 87 107 87 57 56 56
is_linear=0
shrinkage=0.05


Tree=461
num_leaves=8
num_cat=0
split_feature=8 22 16 32 0 4 2
split_gain=0.11779 0.238487 0.181083 0.250769 0.269651 0.245771 0.0988772
threshold=-0.011795579183823119 0.0066061922442051122 0.0046617050402747275 -0.10145693133280075 0.0030946694649471866 0.0047146045922053575 -0.0087497886228138349
decision_type=2 2 2 2 2 2 2
left_child=-1 2 -2 5 -5 -4 -3
right_child=1 6 3 4 -6 -7 -8
leaf_value=0.015654439264251981 -0.011476131724576438 -0.035257518460598977 0.030464967644676419 0.0084421680052166881 -0.014682322726577129 -0.00013056643894636931 -0.0090651792242941315
leaf_weight=1.0859933977480984 2.2003345396369678 0.63488622277509421 1.5120575625915056 2.8703713763970908 2.2479497380554676 1.1598767180694265 0.83317325642565154
leaf_count=27 36 17 25 62 30 26 27
internal_value=-8.35186e-05 -0.00157508 0.00119002 0.00476754 -0.00171403 0.0171836 -0.0203925
internal_weight=12.5446 11.4586 9.99059 7.79026 5.11832 2.67193 1.46806
internal_count=250 223 179 143 92 51 44
is_linear=0
shrinkage=0.05


Tree=462
num_leaves=8
num_cat=0
split_feature=13 26 22 22 20 34 33
split_gain=0.117627 0.117024 0.293031 0.254055 0.349351 0.298436 0.244792
threshold=31.674897332386326 0.028204673365416547 -0.0043162381674018415 -0.0041467324355741178 -0.0077711965930201124 0.10813977641566029 0.37500000000000006
decision_type=2 2 2 2 2 2 2
left_child=-1 3 -3 -2 5 -5 -6
right_child=1 2 -4 4 6 -7 -8
leaf_value=-0.013456563911093782 0.01889675317765261 -0.026001350943359286 0.0063090348668798941 -0.031659510012702556 0.022734902329311361 0.0043441584349135087 -0.0060128837584170376
leaf_weight=1.4256309298798449 2.3216259308392173 1.1732859055045994 1.7459811549633739 1.2803907403722399 1.7134770874981771 1.0455874050967393 1.3040879881009457
leaf_count=33 36 24 28 33 35 21 40
internal_value=2.62775e-05 0.0018423 -0.00667687 0.00508681 -0.000913241 -0.0154749 0.0103111
internal_weight=12.0101 10.5844 2.91927 7.66517 5.34354 2.32598 3.01757
internal_count=250 217 52 165 129 54 75
is_linear=0
shrinkage=0.05


Tree=463
num_leaves=9
num_cat=0
split_feature=27 16 4 28 29 26 20 16
split_gain=0.100517 0.130619 0.199745 0.151652 0.247703 0.303193 0.042326 3.3054e-05
threshold=-0.0290949916291201 0.0072847571243107858 0.0038969724369864018 -0.025951307483199178 0.0051853945891207074 0.018311682024720447 -0.032857244889021524 0.007958868494052489
decision_type=2 2 2 2 2 2 2 2
left_child=-1 3 -3 -2 5 -5 -4 -8
right_child=1 2 6 4 -6 -7 7 -9
leaf_value=0.015486387101415776 -0.013263951902059104 0.010929455984907443 -0.0088600183729057782 0.0091841864801768553 0.024265680715402655 -0.027378104356076363 -0.034483453186819592 -0.03380600581029751
leaf_weight=0.9282809447031467 1.2918425813259085 0.47912871706648708 0.21132134605431929 1.7927535628841735 1.3069852571934459 0.82930506218690414 0.44284752712701447 0.30343103152699769
leaf_count=21 36 15 24 45 21 27 13 48
internal_value=7.26943e-05 -0.00207646 -0.015427 0.00159746 0.00648378 -0.00237974 -0.0286143 -0.034208
internal_weight=7.5859 6.65762 1.43673 5.22089 3.92904 2.62206 0.9576 0.746279
internal_count=250 229 100 129 93 72 85 61
is_linear=0
shrinkage=0.05


Tree=464
num_leaves=8
num_cat=0
split_feature=11 21 11 25 31 29 17
split_gain=0.116262 0.19557 0.185326 0.222554 0.189827 0.240157 0.131637
threshold=0.57293053865432753 -0.0035448987863623822 0.58580574333667768 0.0052830468921410976 -0.18054079030364209 0.0027171793287790185 1.7315197662951398e-05
decision_type=2 2 2 2 2 2 2
left_child=-1 -2 3 6 -4 -6 -3
right_child=1 2 4 -5 5 -7 -8
leaf_value=-0.013584561238360167 0.023326587235213331 -0.012579386157751322 0.0072080720692901919 0.024110958500542061 -0.025000475308457167 -0.0013026672422287741 0.011918756729705784
leaf_weight=1.4100112046580768 0.95180226815864344 1.1894646816072043 2.0090833508293118 1.4162093289196489 1.8568669653323038 2.5200234013609588 1.0173292436520567
leaf_count=24 29 29 38 21 54 37 18
internal_value=-7.00883e-05 0.00166843 -0.000391145 0.00864165 -0.00551579 -0.0113563 -0.00128577
internal_weight=12.3708 10.9608 10.009 3.623 6.38597 4.37689 2.20679
internal_count=250 226 197 68 129 91 47
is_linear=0
shrinkage=0.05


Tree=465
num_leaves=8
num_cat=0
split_feature=13 23 33 6 27 7 20
split_gain=0.112265 0.114028 0.146805 0.312043 0.254808 0.241963 0.175125
threshold=31.674897332386326 0.0082086458205183916 0.23500000000000001 0.96147676015366057 0.002342432154555985 0.58049837648868574 -0.0026693760831497655
decision_type=2 2 2 2 2 2 2
left_child=-1 2 6 4 -4 -5 -2
right_child=1 -3 3 5 -6 -7 -8
leaf_value=-0.013215123691892525 -0.0032838677022462189 0.016812581220846879 0.019609680913942648 -0.033200619828061904 -0.0095612667492020516 -0.0052854588112141174 0.023700799592741208
leaf_weight=1.4091054107993848 1.1666210452094676 1.1308808851172205 1.8746808678843083 1.0961271098349246 1.246269804658368 2.6601165788015351 1.2406448485562558
leaf_count=33 23 39 27 21 27 62 18
internal_value=3.03363e-05 0.00182233 -3.53437e-06 -0.00372333 0.00796103 -0.0134315 0.0106234
internal_weight=11.8244 10.4153 9.28446 6.87719 3.12095 3.75624 2.40727
internal_count=250 217 178 137 54 83 41
is_linear=0
shrinkage=0.05


Tree=466
num_leaves=9
num_cat=0
split_feature=22 20 21 27 31 26 24 21
split_gain=0.0976899 0.150204 0.147857 0.128934 0.128218 0.0977389 0.163402 1.01999e-05
threshold=0.0082048974914769052 0.16096981848955397 -0.0015171906031645752 -0.021222573148696241 -0.16052535437814258 -0.0077384855730128202 -0.0039215571686257436 -0.0025521066969108603
decision_type=2 2 2 2 2 2 2 2
left_child=1 2 3 -1 -2 -4 -7 -5
right_child=4 -3 5 7 -6 6 -8 -9
leaf_value=0.0088146384046882392 0.0062899610713519115 0.022976179722619297 0.013010690220791807 -0.033668889503787151 -0.034466174859815853 0.0069243553828593086 -0.014830511714968365 -0.03409604859486122
leaf_weight=0.25859435694292188 0.34321011870633811 0.75868465172243293 1.5452160451095545 0.28969065955607221 0.44085720516159188 2.0930944653227925 1.4688797914714093 0.27000922872684885
leaf_count=11 13 16 38 36 29 45 49 13
internal_value=7.08086e-05 0.00202938 -0.000652601 -0.0203843 -0.016626 0.0025089 -0.00204687 -0.033875
internal_weight=7.46824 6.68417 5.92548 0.818294 0.784067 5.10719 3.56197 0.5597
internal_count=250 208 192 60 42 132 94 49
is_linear=0
shrinkage=0.05


Tree=467
num_leaves=12
num_cat=0
split_feature=21 6 30 26 27 22 6 32 23 21 24
split_gain=0.114837 0.347637 0.264044 0.213107 0.169919 0.318688 0.17539 0.204125 0.180117 0.000163663 3.4471e-05
threshold=0.0013112881169073944 0.87745184370244245 -0.010803727486247415 -0.01796537404307413 0.003512235076551296 -0.002301899024704845 1.0052916316708818 -0.068008031643293373 -0.0057079269505725385 0.0019773403340929145 -0.0053380768019015137
decision_type=2 2 2 2 2 2 2 2 2 2 2
left_child=3 -2 -3 -1 6 -6 8 -8 -5 -4 -11
right_child=1 2 9 4 5 -7 7 -9 -10 10 -12
leaf_value=0.024099098224289777 0.01057093498611876 0.0097415971486831815 -0.035260805708784426 -0.00012961415483101512 0.025514532699615945 -0.0085223624769528283 -0.010664838447155803 0.017985600220625637 -0.025613454312182666 -0.034597071517463433 -0.033832616887929406
leaf_weight=1.0365469828248013 1.3576115545001823 0.45080970725393865 0.66962484270334199 1.287029959843492 1.5122088318457829 1.2613314539194105 1.1831240621395411 1.3101028716191647 1.5032009053975346 0.24275640107225616 0.37567244234378461
leaf_count=26 22 18 10 23 27 21 23 18 18 9 35
internal_value=-7.28074e-05 -0.00838932 -0.0231925 0.00275908 1.36468e-05 0.0100355 -0.00524729 0.00438996 -0.0138587 -0.0347192 -0.0341327
internal_weight=12.19 3.09647 1.73886 9.09355 8.057 2.77354 5.28346 2.49323 2.79023 1.28805 0.618429
internal_count=250 94 72 156 130 48 82 41 41 54 44
is_linear=0
shrinkage=0.05


Tree=468
num_leaves=10
num_cat=0
split_feature=28 29 25 6 11 21 31 7 24
split_gain=0.107197 0.163169 0.231907 0.181627 0.188661 0.25224 0.127737 0.0962683 0.000463908
threshold=-0.096574303923250213 -0.0028343717650526341 0.0077943764213005426 0.79331960107146282 0.59274459600448626 0.00020139240034111608 -0.085930382411052206 0.57470207512378702 -0.0084446454129469811
decision_type=2 2 2 2 2 2 2 2 2
left_child=-1 2 7 -3 5 -5 -6 -2 -9
right_child=1 3 -4 4 6 -7 -8 8 -10
leaf_value=0.014268097008938685 0.0078909596906985725 0.012846987091698382 -0.009860803234003044 -0.028717030739922877 -0.010715257107633951 -0.0044843472246929054 0.012760509877939594 0.03501715619292816 0.032622636259579819
leaf_weight=1.1832022769376642 0.6467334330081933 1.2122470601461808 0.91164310416206706 1.7946900597307829 0.97981940372847054 2.6736955950036645 1.4180943833198396 0.38068712130188953 0.43158963846508402
leaf_count=15 8 20 15 59 21 43 26 7 36
internal_value=4.16037e-06 -0.001611 0.009923 -0.00499566 -0.00814578 -0.0142172 0.003168 0.0222846 0.0337449
internal_weight=11.6324 10.4492 2.37065 8.07855 6.8663 4.46839 2.39791 1.45901 0.812277
internal_count=250 235 66 169 149 102 47 51 43
is_linear=0
shrinkage=0.05


Tree=469
num_leaves=11
num_cat=0
split_feature=17 5 0 4 5 5 12 31 4 17
split_gain=0.095522 0.177124 0.141636 0.132706 0.116927 0.147701 0.107512 0.0987313 0.0764638 2.34053e-05
threshold=-3.9877528213727841e-05 0.0055442066047449818 -0.0016957237943864276 0.0047146045922053575 0.0042403286998341149 0.0045287325951783699 0.0002527387237556919 0.092570940386588571 0.0061503432917404234 -0.00010321984763223205
decision_type=2 2 2 2 2 2 2 2 2 2
left_child=1 2 -1 -4 -2 -6 7 -7 -8 -3
right_child=4 9 3 -5 5 6 8 -9 -10 -11
leaf_value=-0.023001569671919759 -0.010511438103168789 -0.03377192838537374 -0.008883098266399065 0.017922429873360637 0.030109166763947617 -0.024905525410666651 -0.00076996294710125388 0.0063965747798663307 0.020305205536492635 -0.034462711794350273
leaf_weight=0.57747491777991022 0.98379778239177529 0.28304268514330033 0.86920958262635373 0.98489763750694692 0.66964942135382477 0.49840397690422855 0.74600322954938736 0.50936051056487486 1.0172495214501394 0.21635265025543038
leaf_count=31 27 33 25 18 15 25 26 15 22 13
internal_value=5.17074e-05 -0.00694899 -0.00137867 0.00535594 0.00468931 0.00903569 0.00394303 -0.00908432 0.0113886 -0.0340712
internal_weight=7.35544 2.93098 2.43158 1.85411 4.42446 3.44067 2.77102 1.00776 1.76325 0.499395
internal_count=250 120 74 43 130 103 88 40 48 46
is_linear=0
shrinkage=0.05


Tree=470
num_leaves=9
num_cat=0
split_feature=21 23 9 33 2 16 0 24
split_gain=0.116359 0.179156 0.187751 0.176683 0.300896 0.187954 0.395041 0.161044
threshold=-0.0024933130898751039 -0.0027669954116248392 0.58908429741859447 0.34500000000000003 -0.0094541337809695963 0.0058262042463009091 0.0008872526791706693 -0.0025921583594201709
decision_type=2 2 2 2 2 2 2 2
left_child=7 2 -2 4 -3 -5 -7 -1
right_child=1 3 -4 5 -6 6 -8 -9
leaf_value=0.025030492631795964 -0.0018122683818671043 0.010749070734572331 -0.027003780162353302 0.017535970993201047 -0.024826904738806933 0.019496249021138265 -0.028286450044029878 -0.00097644431862744076
leaf_weight=1.0066034407354894 1.7265925815445364 1.0895466863294134 1.2939031611895186 2.3807339851045981 1.3077085642144073 0.87524890259373911 0.85520254820585251 1.4566591330803937
leaf_count=26 35 17 27 34 38 25 20 28
internal_value=-3.57503e-05 -0.00253986 -0.0126037 0.00213064 -0.00865771 0.00842139 -0.00411833 0.0096512
internal_weight=11.9922 9.52894 3.0205 6.50844 2.39726 4.11119 1.73045 2.46326
internal_count=250 196 62 134 55 79 45 54
is_linear=0
shrinkage=0.05


Tree=471
num_leaves=9
num_cat=0
split_feature=22 15 13 12 26 26 24 0
split_gain=0.107705 0.283762 0.181655 0.268123 0.154483 0.178789 0.198119 0.174312
threshold=0.0066061922442051122 0.0097627065449910917 41.010789158825688 -0.021915913290367777 0.034702502551931975 -0.0027505105221876098 -0.002015135361664921 -0.0003992982303850367
decision_type=2 2 2 2 2 2 2 2
left_child=2 -2 3 -1 5 7 -7 -4
right_child=1 -3 4 -5 -6 6 -8 -9
leaf_value=0.003761753058953442 0.024857567656783926 -0.011927895179395237 0.009299935923863023 -0.030456170362340124 -0.013731472966823286 0.0026678985687271502 0.025972727988032386 -0.022721131031968128
leaf_weight=1.072045967448503 1.3002566925715666 0.87843160517513741 0.77800954889971763 1.228558236383831 1.3168117770692331 2.5055997851304701 1.4338231370784362 0.93670458742417284
leaf_count=22 28 26 21 37 28 35 29 24
internal_value=2.2239e-05 0.0100259 -0.00232849 -0.0145111 0.00169212 0.00528417 0.0111501 -0.00819236
internal_weight=11.4502 2.17869 9.27155 2.3006 6.97095 5.65414 3.93942 1.71471
internal_count=250 54 196 59 137 109 64 45
is_linear=0
shrinkage=0.05


Tree=472
num_leaves=8
num_cat=0
split_feature=29 27 15 33 23 24 31
split_gain=0.0964356 0.158736 0.121867 0.200062 0.19383 0.15114 0.191984
threshold=0.0080479003464957195 -0.0290949916291201 0.009206977182814784 0.97500000000000009 -0.0046649395293827936 -0.010831987329948721 -0.11301076866706793
decision_type=2 2 2 2 2 2 2
left_child=1 -1 5 4 -4 -3 -7
right_child=-2 2 3 -5 -6 6 -8
leaf_value=0.023557204705756982 -0.016918018104845962 0.020946997186727326 0.0025650126746016842 0.01411722768474767 -0.034058589739052986 0.011251224694751434 -0.016113710097541808
leaf_weight=0.75706573389470566 0.74820569969597261 1.0333669704268689 0.58816705830395211 0.60170810771523964 0.93653093581087921 1.3549041323130953 1.2163158263720104
leaf_count=12 34 16 19 16 77 34 42
internal_value=7.92237e-05 0.00203935 -0.000803161 -0.0102962 -0.0199307 0.00479692 -0.00169376
internal_weight=7.23626 6.48806 5.73099 2.12641 1.5247 3.60459 2.57122
internal_count=250 216 204 112 96 92 76
is_linear=0
shrinkage=0.05


Tree=473
num_leaves=10
num_cat=0
split_feature=22 21 33 16 28 15 21 19 29
split_gain=0.113465 0.154209 0.263803 0.180351 0.243048 0.305089 0.241614 0.000127691 8.45296e-06
threshold=-0.010224915326078053 0.0019773403340929145 0.62500000000000011 0.0082663386996949355 -0.017113539039669608 0.0098724357532675219 -0.00090719209144074487 -0.039434394064007276 0.0026216089184337714
decision_type=2 2 2 2 2 2 2 2 2
left_child=-1 3 7 4 6 -6 -2 -3 -9
right_child=1 2 -4 -5 5 -7 -8 8 -10
leaf_value=0.015743653979335841 -0.028904453738422195 -0.035136807548213266 0.010025771902037664 0.01597561684182822 0.012200773786843738 -0.016058367610041618 -0.00019674592097789083 -0.033715684384299303 -0.034130495239503574
leaf_weight=1.0348065787693492 1.3891207221895459 0.35555321350693703 0.54812851879978552 1.606208295561373 3.4990978613495836 1.3136722333729265 1.5515919092576922 0.28108620969578513 0.2181143332272768
leaf_count=18 16 6 23 37 58 21 26 36 9
internal_value=-7.01789e-05 -0.00159066 -0.0170499 0.000726455 -0.00243256 0.00448728 -0.0137576 -0.0344127 -0.0338969
internal_weight=11.7974 10.7626 1.40288 9.35969 7.75348 4.81277 2.94071 0.854754 0.499201
internal_count=250 232 74 158 121 79 42 51 45
is_linear=0
shrinkage=0.05


Tree=474
num_leaves=9
num_cat=0
split_feature=13 15 15 19 15 15 22 21
split_gain=0.106735 0.114229 0.195691 0.271263 0.143845 0.276475 0.188381 0.0770812
threshold=31.674897332386326 0.010850845689223254 0.0095143936688033229 -0.012292146278990666 0.0083278056347627864 0.0077694050159963285 -0.0013117943768909399 -1.0000000180025095e-35
decision_type=2 2 2 2 2 2 2 2
left_child=-1 2 4 -4 5 -2 -6 -5
right_child=1 -3 3 7 6 -7 -8 -9
leaf_value=-0.013242567981803344 0.011134635152216828 0.017881881169752978 0.0069115485529614041 -0.031146536988786101 -0.0019544889999842511 -0.01967547778780631 0.027539158618130985 -0.011817449556721373
leaf_weight=1.3365863544167957 1.8581724856048789 0.99455405573826361 1.5456064797472211 0.95970646908972446 0.90384924388490651 1.1972956000827251 1.350124394521117 1.1150501182419246
leaf_count=33 33 28 34 20 23 22 28 29
internal_value=2.18499e-05 0.00180827 1.8073e-05 -0.00894552 0.00613011 -0.000938413 0.0157121 -0.0207584
internal_weight=11.2609 9.92436 8.9298 3.62036 5.30944 3.05547 2.25397 2.07476
internal_count=250 217 189 83 106 55 51 49
is_linear=0
shrinkage=0.05


Tree=475
num_leaves=9
num_cat=0
split_feature=13 27 10 3 16 33 1 26
split_gain=0.0953063 0.186185 0.145787 0.131696 0.212709 0.145546 0.0978333 2.64412e-05
threshold=41.010789158825688 0.0099447874182597724 -0.013390511892050956 0.023103940251078651 0.005482655021841234 0.43500000000000005 -0.0020905120229978143 0.023864787640002553
decision_type=2 2 2 2 2 2 2 2
left_child=2 3 -1 4 -2 -6 -4 -3
right_child=1 7 6 -5 5 -7 -8 -9
leaf_value=-0.010974201189361502 -0.028646310412268242 -0.033629086951217795 0.022817446445654744 0.013516283731449006 0.016814116677843747 -0.01480316089957856 0.0026087508752893809 -0.034370237219206408
leaf_weight=0.88916487386450205 0.79801290982868645 0.21153453568695102 1.2001781801227487 1.0580738727003334 0.85457850844250038 0.63405485686962493 1.1954080368159332 0.27913801185786724
leaf_count=31 30 38 28 20 28 29 28 18
internal_value=6.48812e-05 -0.00528855 0.00631574 -0.00106913 -0.00781807 0.00334734 0.0127332 -0.0340507
internal_weight=7.12014 3.83539 3.28475 3.34472 2.28665 1.48863 2.39559 0.490673
internal_count=250 163 87 107 87 57 56 56
is_linear=0
shrinkage=0.05


Tree=476
num_leaves=8
num_cat=0
split_feature=21 23 9 15 24 25 24
split_gain=0.111263 0.161139 0.177686 0.174013 0.212645 0.179694 0.156761
threshold=-0.0024933130898751039 -0.0027669954116248392 0.58908429741859447 0.0095143936688033229 1.0000000180025095e-35 0.00093230085384843353 -0.0025921583594201709
decision_type=2 2 2 2 2 2 2
left_child=6 2 -2 5 -5 -3 -1
right_child=1 3 -4 4 -6 -7 -8
leaf_value=0.025096712659127763 -0.001695986832184867 0.0059469832385286477 -0.026633170655082312 0.022500734757250021 -0.0049767426306802824 -0.01700806661534799 -0.0010378823682393198
leaf_weight=0.96651328948792103 1.6893492965900798 1.6812087168800638 1.2376716702710835 1.6792271132580938 1.2125395761686375 1.7296491077868266 1.4120720196515328
leaf_count=26 35 39 27 25 39 31 28
internal_value=-6.09924e-05 -0.00254601 -0.0122405 0.00195625 0.0109792 -0.00569354 0.00958164
internal_weight=11.6082 9.22965 2.92702 6.30262 2.89177 3.41086 2.37859
internal_count=250 196 62 134 64 70 54
is_linear=0
shrinkage=0.05


Tree=477
num_leaves=7
num_cat=0
split_feature=23 27 32 33 22 13
split_gain=0.105627 0.174182 0.1969 0.195986 0.177334 0.302489
threshold=-0.013562418320805845 -0.014721517926501447 -0.40705853454327484 0.23500000000000001 0.0082048974914769052 45.18604115521665
decision_type=2 2 2 2 2 2
left_child=-1 3 -3 -2 5 -4
right_child=1 2 4 -5 -6 -7
leaf_value=0.014052625828819785 0.0019257918728309746 -0.019993805437247346 -0.011918217933012992 -0.030364873107753206 0.024787266281841594 0.010622635923518619
leaf_weight=1.1987965446896858 0.87973886518739064 0.93582387093919983 2.53147152659949 1.0086936366278676 0.92773753171786655 3.6120499037206173
leaf_count=21 14 24 62 30 27 72
internal_value=3.56793e-05 -0.00166241 0.00155915 -0.0153221 0.00441151 0.00133455
internal_weight=11.0943 9.89552 8.00708 1.88843 7.07126 6.14352
internal_count=250 229 185 44 161 134
is_linear=0
shrinkage=0.05


Tree=478
num_leaves=10
num_cat=0
split_feature=29 27 15 27 23 23 3 31 13
split_gain=0.0933476 0.14836 0.118268 0.191927 0.278508 0.144091 0.181814 0.120608 0.0112211
threshold=0.0080479003464957195 -0.0290949916291201 0.009206977182814784 -1.0000000180025095e-35 1.0000000180025095e-35 0.0013613179649126785 -0.010010721593914028 -0.10718304534502911 43.623376792089182
decision_type=2 2 2 2 2 2 2 2 2
left_child=1 -1 5 8 -5 6 -3 -7 -4
right_child=-2 2 3 4 -6 7 -8 -9 -10
leaf_value=0.023133378005173594 -0.016884728523449268 0.011197071045896076 -0.022471340320441863 0.01802693239368405 -0.033926847168786717 0.028764099326882616 -0.020665722530612878 0.0022629944731524707 -0.034230286148454879
leaf_weight=0.73391672410070885 0.72988405902287912 0.8730645717587322 0.3640825353213587 0.84859359997790307 0.37061390401504468 0.8339338093646802 0.91896536917192884 0.88488601954304591 0.45821546416846104
leaf_count=12 34 19 15 26 46 19 30 24 25
internal_value=4.07798e-05 0.00200596 -0.000786686 -0.0103563 0.00223406 0.00477791 -0.00514239 0.0151208 -0.0290239
internal_weight=7.01616 6.28627 5.55236 2.04151 1.21921 3.51085 1.79203 1.71882 0.822298
internal_count=250 216 204 112 72 92 49 43 40
is_linear=0
shrinkage=0.05


Tree=479
num_leaves=10
num_cat=0
split_feature=29 25 22 26 26 10 27 7 22
split_gain=0.11238 0.436073 0.165413 0.24074 0.214174 0.266629 0.13111 0.0640418 0.144473
threshold=-0.00081754060861255462 0.011479340990343758 -0.0072886065952298398 -0.0027505105221876098 0.019484874286811008 -0.0098972463134255687 -0.0064433138516971069 0.58347238004207613 -0.0031215827720538765
decision_type=2 2 2 2 2 2 2 2 2
left_child=1 7 -2 6 -5 -6 -4 -1 -9
right_child=2 -3 3 4 5 -7 -8 8 -10
leaf_value=-0.035150141243908521 0.020532385763628824 0.021459973521300385 0.0237830601518998 -0.017475465498673761 -0.014683096277804512 0.014686617359026658 0.0014577047240338569 0.014153318209827213 -0.03401212440160227
leaf_weight=0.82438048091717175 1.1020015866961319 0.72569788550026704 1.283047703560442 2.3502746392041445 1.3260964602231959 1.8519843863323351 1.3491061744280139 0.26553084817715 0.37635486014187325
leaf_count=28 24 12 20 39 21 26 30 11 39
internal_value=-5.95363e-05 -0.0102402 0.0023497 -0.000105699 -0.00603144 0.00243171 0.0123402 -0.0259295 -0.0140874
internal_weight=11.4545 2.19196 9.26251 8.16051 5.52836 3.17808 2.63215 1.46627 0.641886
internal_count=250 90 160 136 86 47 50 78 50
is_linear=0
shrinkage=0.05


Tree=480
num_leaves=9
num_cat=0
split_feature=29 13 34 16 23 23 25 31
split_gain=0.136538 0.135237 0.208599 0.143585 0.124764 0.178552 0.228946 0.143886
threshold=-0.0093031486362166165 41.010789158825688 -1.8115844303605255 0.0088740731910890002 0.0066468461892038597 -0.0027669954116248392 0.0043825540775941372 -0.034650839878932312
decision_type=2 2 2 2 2 2 2 2
left_child=-1 2 -2 -4 5 7 -7 -3
right_child=1 4 3 -5 -6 6 -8 -9
leaf_value=0.020502339522857939 0.0072219601468893032 0.019493350937072204 -0.029877228089822384 -0.0016877696230555952 0.017479118054831381 0.0018731048461806872 -0.025754627905048205 -0.0034010967554849746
leaf_weight=0.7578428430133507 1.0989892506040635 1.4580870731733742 1.2819318952970187 0.69751450105104584 1.1374523185659198 1.9637557330424913 1.2130839496385304 1.2964918543584629
leaf_count=24 20 27 39 20 35 36 24 25
internal_value=3.00371e-05 -0.00149892 -0.0102458 -0.0199439 0.00231027 -0.000598625 -0.00867661 0.00871767
internal_weight=10.9051 10.1473 3.07844 1.97945 7.06887 5.93142 3.17684 2.75458
internal_count=250 226 79 59 147 112 60 52
is_linear=0
shrinkage=0.05


Tree=481
num_leaves=10
num_cat=0
split_feature=17 5 0 4 25 6 8 6 17
split_gain=0.0932713 0.15759 0.127973 0.11813 0.107781 0.189465 0.154324 0.0541924 1.80331e-05
threshold=-3.9877528213727841e-05 0.0055442066047449818 -0.0016957237943864276 0.0047146045922053575 0.0042163440294625829 0.9407249070714151 0.0021063073551174129 0.95468797852071452 -0.00010321984763223205
decision_type=2 2 2 2 2 2 2 2 2
left_child=1 2 -1 -4 6 -6 7 -2 -3
right_child=4 8 3 -5 5 -7 -8 -9 -10
leaf_value=-0.02303474237852559 0.02874562123100935 -0.033726182343695746 -0.0088447238487763345 0.017268384571500216 -0.024708679713690833 0.0091617335402012015 -0.0091155658553757728 0.011244966588478747 -0.034360054950307736
leaf_weight=0.53984739992301989 0.80327970074722566 0.25395640665374231 0.82654474303126313 0.90982179326238111 0.70673588640056528 0.99301669717533514 0.66429521577083495 0.98450780400889926 0.20101697035715904
leaf_count=31 19 33 25 18 21 34 30 26 13
internal_value=3.41072e-05 -0.00714216 -0.00177253 0.00483803 0.00475485 -0.00492116 0.0114621 0.0191083 -0.0340062
internal_weight=6.88302 2.73119 2.27621 1.73637 4.15184 1.69975 2.45208 1.78779 0.454973
internal_count=250 120 74 43 130 55 75 45 46
is_linear=0
shrinkage=0.05


Tree=482
num_leaves=11
num_cat=0
split_feature=21 6 30 26 27 22 13 31 22 10
split_gain=0.105802 0.314762 0.239601 0.189451 0.147527 0.280152 0.163024 0.207885 0.000136201 2.27924e-05
threshold=0.0013112881169073944 0.87745184370244245 -0.010803727486247415 -0.01796537404307413 0.003512235076551296 -0.002301899024704845 46.234159065179341 0.0068371023868690995 -0.00361039904614413 0.0063535774078200729
decision_type=2 2 2 2 2 2 2 2 2 2
left_child=3 -2 -3 -1 6 -6 7 -5 -4 -10
right_child=1 2 8 4 5 -7 -8 -9 9 -11
leaf_value=0.023700864854743257 0.010268586373922455 0.0095554045889620787 -0.035255221210035867 0.016070715688389112 0.024911450803382171 -0.0081665365799577349 -0.01558549921278319 -0.011283019964598314 -0.033911361530702032 -0.034492788212977361
leaf_weight=0.95836573233827849 1.2648039396153774 0.41478721311432298 0.49555480480194081 1.4418356606038281 1.3970213512657212 1.1814507683739064 2.0903524938039482 1.3402369543910024 0.38368940484360781 0.30061325430870056
leaf_count=26 22 18 8 27 27 21 35 20 34 12
internal_value=-4.99008e-05 -0.00835829 -0.0231323 0.00277525 8.37069e-05 0.00975518 -0.00503441 0.00289331 -0.0346239 -0.0341668
internal_weight=11.2687 2.85945 1.59464 8.40926 7.4509 2.57847 4.87243 2.78207 1.17986 0.684303
internal_count=250 94 72 156 130 48 82 47 54 46
is_linear=0
shrinkage=0.05


Tree=483
num_leaves=9
num_cat=0
split_feature=13 15 15 19 32 15 26 21
split_gain=0.0992995 0.110824 0.172961 0.239277 0.139586 0.177079 0.150358 0.0761828
threshold=31.674897332386326 0.010850845689223254 0.0095143936688033229 -0.012292146278990666 -0.024711668027584222 0.0083581741689479818 0.017694819313036073 -1.0000000180025095e-35
decision_type=2 2 2 2 2 2 2 2
left_child=-1 2 4 -4 6 -6 -2 -5
right_child=1 -3 3 7 5 -7 -8 -9
leaf_value=-0.01304869324754218 0.022273098988395745 0.017983212876774134 0.0065198080446942216 -0.030930903635574297 -0.020164435637369204 0.010068850034529567 0.00026400670759107325 -0.01110782126045951
leaf_weight=1.2762395298341296 1.7263422212563435 0.95247152086813081 1.4757275748997929 0.89162545761791978 0.94611768168397092 0.99228337872773409 1.4096370961051432 1.0619395481771787
leaf_count=33 35 28 34 20 21 21 29 29
internal_value=4.27168e-05 0.00180959 -1.97409e-06 -0.00867618 0.0058601 -0.00468777 0.0123799 -0.0201553
internal_weight=10.7324 9.45614 8.50367 3.42929 5.07438 1.9384 3.13598 1.95357
internal_count=250 217 189 83 106 42 64 49
is_linear=0
shrinkage=0.05


Tree=484
num_leaves=9
num_cat=0
split_feature=32 29 29 22 31 28 0 23
split_gain=0.0927965 0.137781 0.184808 0.106912 0.123929 0.166647 0.121855 0.0452771
threshold=0.065285399631770422 0.0040863722802544364 0.002339464084286536 0.0082048974914769052 0.066432535943579465 -0.025951307483199178 1.0000000180025095e-35 -0.0023865193985180828
decision_type=2 2 2 2 2 2 2 2
left_child=3 2 7 4 5 -1 -7 -2
right_child=1 -3 -4 -5 -6 6 -8 -9
leaf_value=-0.023217599808879056 -0.0034610379418956098 -0.034249356396742946 0.023726089827278307 -0.015966764839770064 0.016660479810620219 -0.0075586846907374676 0.015022201480509593 -0.034002357637673272
leaf_weight=0.6319445163244376 0.20923045964445919 0.45061568194068968 0.42441621911711991 0.6546558639674912 1.6482447483576832 1.0272830928734049 1.4278695014945695 0.28892103061662033
leaf_count=24 9 29 10 36 37 33 38 34
internal_value=1.60725e-05 -0.0115875 -0.000518567 0.00297225 0.00559055 -0.000319848 0.00557392 -0.0211746
internal_weight=6.76318 1.37318 0.922568 5.39 4.73534 3.0871 2.45515 0.498151
internal_count=250 82 53 168 132 95 71 43
is_linear=0
shrinkage=0.05


Tree=485
num_leaves=8
num_cat=0
split_feature=21 29 15 24 24 22 9
split_gain=0.108554 0.177268 0.156322 0.148031 0.189746 0.187876 1.98979e-05
threshold=-0.0031355868358565737 -0.00081754060861255462 0.0097879448107176439 -0.00093329779586320816 0.014415285199557594 -0.0013117943768909399 0.57164171189069768
decision_type=2 2 2 2 2 2 2
left_child=-1 2 6 5 -5 -3 -2
right_child=1 3 -4 4 -6 -7 -8
leaf_value=0.012854560261389073 -0.034540192222261193 0.0039690490526277456 -0.0015366968164795642 0.01980371092144045 -0.0037159054602264618 -0.016063825995225735 -0.034016888879787308
leaf_weight=1.4204843424959115 0.3283441294915963 2.671055920422075 0.72578887775307521 1.8334417005535226 1.6110652675852177 2.0831441031768914 0.40659629195579328
leaf_count=39 9 34 35 32 33 33 35
internal_value=-5.11877e-05 -0.00194906 -0.0179962 0.000909981 0.00880311 -0.00480874 -0.0342507
internal_weight=11.0799 9.65944 1.46073 8.19871 3.44451 4.7542 0.73494
internal_count=250 211 79 132 65 67 44
is_linear=0
shrinkage=0.05


Tree=486
num_leaves=9
num_cat=0
split_feature=28 29 25 34 21 2 7 5
split_gain=0.0965612 0.165973 0.197477 0.174278 0.240622 0.209368 0.201709 0.0585318
threshold=-0.096574303923250213 -0.0035934354107605699 0.0077943764213005426 1.4080835361424526 0.0015291427556902717 -0.017497243728357367 0.59312489926815049 0.0045699113372921563
decision_type=2 2 2 2 2 2 2 2
left_child=-1 2 7 4 5 -3 -6 -2
right_child=1 3 -4 -5 6 -7 -8 -9
leaf_value=0.014328472252555553 0.01138839735079979 0.005799053337481673 -0.0078593969736964423 0.015630132353391335 0.016532577023870461 -0.020988666824375737 -0.012065370392039837 0.034542090662253076
leaf_weight=1.062960701063276 0.46393588441423961 0.94031021953560268 0.76851815963163961 0.91480598511407141 1.4702759943902495 3.2523185804020618 1.0619282489642499 0.66307170351501554
leaf_count=15 10 23 13 20 27 87 21 34
internal_value=3.4194e-05 -0.0015593 0.011684 -0.00484519 -0.00763053 -0.0149808 0.00453948 0.0250108
internal_weight=10.5981 9.53516 1.89553 7.63964 6.72483 4.19263 2.5322 1.12701
internal_count=250 235 57 178 158 110 48 44
is_linear=0
shrinkage=0.05


Tree=487
num_leaves=10
num_cat=0
split_feature=32 29 29 22 16 32 22 16 23
split_gain=0.0887137 0.132226 0.174988 0.103794 0.120971 0.209898 0.191967 0.111256 0.0436392
threshold=0.065285399631770422 0.0040863722802544364 0.002339464084286536 0.0082048974914769052 0.0046878954608843585 -0.10145693133280075 0.00085918318370781243 0.0060058424245078611 -0.0023865193985180828
decision_type=2 2 2 2 2 2 2 2 2
left_child=3 2 8 4 -1 6 -6 -7 -2
right_child=1 -3 -4 -5 5 7 -8 -9 -10
leaf_value=0.019032565223546922 -0.0036487387616204294 -0.034214824951238454 0.023164325056736705 -0.015811430423213785 -0.034161245351805328 -0.0036121914005235361 0.0031511199622836351 0.020073069723695616 -0.033974893557071666
leaf_weight=1.218520385911688 0.20697415317408741 0.43375493981875479 0.41626959922723472 0.65192201966419805 0.64993931018398077 0.81698704464361194 0.73403498530387878 1.2611386177304664 0.27790922076383118
leaf_count=24 9 29 10 36 38 16 22 32 34
internal_value=-5.62747e-06 -0.0115329 -0.000615352 0.00288002 0.00548339 0.000714626 -0.0143714 0.0107615 -0.0210301
internal_weight=6.66745 1.33491 0.901153 5.33254 4.68062 3.4621 1.38397 2.07813 0.484883
internal_count=250 82 53 168 132 108 60 48 43
is_linear=0
shrinkage=0.05


Tree=488
num_leaves=9
num_cat=0
split_feature=21 33 10 23 8 21 30 30
split_gain=0.104487 0.146574 0.221331 0.186598 0.164075 0.16581 0.139658 0.069766
threshold=-0.0024933130898751039 0.34500000000000003 -0.0059337779510924048 -0.0040759159234969302 0.011760188043357165 0.0013112881169073944 0.0031816290088312331 0.014011278285931296
decision_type=2 2 2 2 2 2 2 2
left_child=6 2 -2 -3 5 -5 -1 -4
right_child=1 3 7 4 -6 -7 -8 -9
leaf_value=-0.0026348195127013745 0.0011924832773115464 -0.012980099748494713 -0.034670731185931475 0.023775737651210088 -0.0098651090052154413 -0.00081902357358969906 0.022296737787189533 -0.013821062049811204
leaf_weight=1.1466315463185321 1.8801289733091837 1.3767337366007257 0.79031886029406251 1.7857683289330468 0.92338923551142205 1.1120007229619657 1.1011002623708916 0.81494934903457761
leaf_count=25 34 30 31 26 10 45 29 20
internal_value=-2.97201e-05 -0.00251686 -0.01045 0.00280262 0.00848901 0.0143377 0.00957845 -0.0240859
internal_weight=10.931 8.68329 3.4854 5.19789 3.82116 2.89777 2.24773 1.60527
internal_count=250 196 85 111 81 71 54 51
is_linear=0
shrinkage=0.05


Tree=489
num_leaves=7
num_cat=0
split_feature=13 2 17 24 12 29
split_gain=0.0953332 0.110361 0.145967 0.16618 0.259164 0.223568
threshold=31.674897332386326 -0.019906281077156637 -0.00024145177608750243 -0.0068616275588160849 -0.0022397594686638629 0.0014032743461628307
decision_type=2 2 2 2 2 2
left_child=-1 -2 -3 4 -4 -5
right_child=1 2 3 5 -6 -7
leaf_value=-0.012975631035099817 0.02206916067668321 -0.0177360508612491 -0.023977459042366627 0.021081328500644248 0.005717083334746507 -0.0012600847415525451
leaf_weight=1.2431973435450352 0.62450964539311726 0.99212144687771608 1.239529606420547 2.0257410845370059 1.8044597806292557 2.5037936577573419
leaf_count=33 14 26 26 67 34 50
internal_value=1.92282e-05 0.00177711 0.00029764 0.00266003 -0.0063747 0.00873165
internal_weight=10.4334 9.19016 8.56565 7.57352 3.04399 4.52953
internal_count=250 217 203 177 60 117
is_linear=0
shrinkage=0.05


Tree=490
num_leaves=12
num_cat=0
split_feature=17 23 23 32 17 5 5 12 27 4 23
split_gain=0.0857287 0.147822 0.178352 0.184553 0.175093 0.107441 0.128463 0.0953692 0.10073 0.0674553 0.0128442
threshold=-3.9877528213727841e-05 0.0013613179649126785 0.0039345755386615009 -0.15926675644656976 -0.00024145177608750243 0.0042403286998341149 0.0045287325951783699 0.0002527387237556919 -0.017033787620969462 0.0061503432917404234 -0.0040759159234969302
decision_type=2 2 2 2 2 2 2 2 2 2 2
left_child=1 4 -3 -4 -1 -2 -7 8 -8 -9 -6
right_child=5 2 3 -5 10 6 7 9 -10 -11 -12
leaf_value=0.0062334393714272547 -0.0105449158769516 0.030093212358308325 0.021826260645094062 -0.034168047244373709 -0.034349605317993775 0.029804477037031013 0.0092083618090063862 -0.00057904962723363471 -0.02479524972324354 0.020384477597293463 -0.022850802304470386
leaf_weight=0.5263184024952352 0.89658217446412924 0.47393424913752802 0.25209642120171338 0.35349985568609554 0.56889804732054472 0.60349832929205183 0.40318064484745264 0.66987325338413917 0.47366791748208958 0.89833515661302954 0.42374012019718088
leaf_count=21 27 10 12 35 27 15 10 26 30 22 15
internal_value=2.55769e-05 -0.00702614 0.00711988 -0.0108588 -0.0170798 0.00467023 0.00914501 0.00404576 -0.00916017 0.0114297 -0.029441
internal_weight=6.54362 2.59849 1.07953 0.605596 1.51896 3.94514 3.04856 2.44506 0.876849 1.56821 0.992638
internal_count=250 120 57 47 63 130 103 88 40 48 42
is_linear=0
shrinkage=0.05


Tree=491
num_leaves=10
num_cat=0
split_feature=29 25 16 6 11 6 29 7 22
split_gain=0.101352 0.395193 0.132086 0.192013 0.202648 0.255738 0.112687 0.0567426 0.129745
threshold=-0.00081754060861255462 0.011479340990343758 0.0046617050402747275 0.79331960107146282 0.58756233453750617 0.95723501456540327 0.0025370905464605635 0.58347238004207613 -0.0031215827720538765
decision_type=2 2 2 2 2 2 2 2 2
left_child=1 7 -2 -4 6 -6 -5 -1 -9
right_child=2 -3 3 4 5 -7 -8 8 -10
leaf_value=-0.034996923057874919 -0.0095506965080717175 0.020877944911941768 -0.015551637582545545 0.027273844859002229 0.017251090185928901 -0.013338281556010832 0.0082456749321408573 0.013552053978958555 -0.033973687941405255
leaf_weight=0.75017844009562507 1.8517690342850963 0.68197353975847352 0.93633585423231114 1.5323799047619107 1.1531213531270625 1.6769237114349378 1.5806580383796243 0.24513183278031658 0.3467345532553735
leaf_count=28 29 12 16 21 20 38 36 11 39
internal_value=-3.4214e-05 -0.0101153 0.00230273 0.00549338 0.00880903 -0.000874431 0.0176122 -0.0258648 -0.0142901
internal_weight=10.7552 2.02402 8.73119 6.87942 5.94308 2.83005 3.11304 1.34204 0.591866
internal_count=250 90 160 131 115 58 57 78 50
is_linear=0
shrinkage=0.05


Tree=492
num_leaves=9
num_cat=0
split_feature=22 15 13 11 1 19 21 33
split_gain=0.0976781 0.236299 0.155085 0.119198 0.201254 0.272606 0.131754 0.144705
threshold=0.0066061922442051122 0.0097627065449910917 32.793232040832834 0.58862415075302132 0.0069135415942409581 0.018612447512979195 -0.0018007710176434764 0.48500000000000004
decision_type=2 2 2 2 2 2 2 2
left_child=2 -2 -1 4 5 -4 -5 -8
right_child=1 -3 3 6 -6 -7 7 -9
leaf_value=-0.022954203562939691 0.024193481159982044 -0.011251977076744668 -0.028044410794881448 -0.0087297126437718437 0.0068029259752813744 0.0060621419875143386 0.00087643973419553652 0.026455588953265177
leaf_weight=0.82316984666976889 1.1785383552778519 0.7823174339137039 1.5125116449780764 0.90115465456619892 1.9034483360592274 0.95628364151343692 1.0817753076553347 1.1309350979281587
leaf_count=26 28 26 41 27 39 21 22 20
internal_value=1.40807e-05 0.0100519 -0.00235468 -8.95671e-05 -0.00541401 -0.0148333 0.00738659 0.0139502
internal_weight=10.2701 1.96086 8.30928 7.48611 4.37224 2.4688 3.11387 2.21271
internal_count=250 54 196 170 101 62 69 42
is_linear=0
shrinkage=0.05


Tree=493
num_leaves=9
num_cat=0
split_feature=22 20 21 27 30 26 24 21
split_gain=0.0846663 0.119455 0.121956 0.110318 0.101331 0.0773222 0.143671 6.1176e-06
threshold=0.0082048974914769052 0.16096981848955397 -0.0015171906031645752 -0.021222573148696241 1.0000000180025095e-35 -0.0077384855730128202 -0.0039215571686257436 -0.0025521066969108603
decision_type=2 2 2 2 2 2 2 2
left_child=1 2 3 -1 -2 -4 -7 -5
right_child=4 -3 5 7 -6 6 -8 -9
leaf_value=0.0089482529297203565 -0.034361841384362428 0.021944265496048884 0.012583383906166033 -0.033619419725939792 0.0046451882280505556 0.007029287958163666 -0.015038168805402345 -0.033980271413002347
leaf_weight=0.22233553428668529 0.36810668121324841 0.66618728518369597 1.3272955138236278 0.24227995282853954 0.30398310909367865 1.8304396732710297 1.2353582988143907 0.22796697891317297
leaf_count=11 25 16 38 36 17 45 49 13
internal_value=7.33317e-05 0.00203549 -0.000572421 -0.020073 -0.0167191 0.00250189 -0.00186276 -0.0337944
internal_weight=6.42395 5.75186 5.08568 0.692582 0.67209 4.39309 3.0658 0.470247
internal_count=250 208 192 60 42 132 94 49
is_linear=0
shrinkage=0.05


Tree=494
num_leaves=6
num_cat=0
split_feature=29 5 16 16 24
split_gain=0.100887 0.185097 0.209321 0.276945 0.225147
threshold=0.0079183424289078781 0.0069011616898899857 0.0046617050402747275 0.0049607320485826742 -0.02221139897748153
decision_type=2 2 2 2 2
left_child=1 2 -1 -4 -5
right_child=-2 -3 3 4 -6
leaf_value=-0.016390178787853409 0.010362033299587306 -0.023704229488548098 0.032135395777540626 0.020810740466813589 -0.0047833713416618497
leaf_weight=1.5340620515635217 1.9042964908294386 0.90826864563859988 0.77798909472767253 1.0692637393949533 4.3751300742442272
leaf_count=34 37 23 12 20 124
internal_value=-5.82543e-05 -0.00234838 0.000152355 0.00423074 0.000243241
internal_weight=10.569 8.66471 7.75644 6.22238 5.44439
internal_count=250 213 190 156 144
is_linear=0
shrinkage=0.05


Tree=495
num_leaves=7
num_cat=0
split_feature=22 15 13 23 23 29
split_gain=0.0911256 0.22395 0.146927 0.115446 0.177953 0.144883
threshold=0.0066061922442051122 0.0097627065449910917 32.793232040832834 -0.013562418320805845 0.0082086458205183916 -0.0010543446260813381
decision_type=2 2 2 2 2 2
left_child=2 -2 -1 -4 5 -5
right_child=1 -3 3 4 -6 -7
leaf_value=-0.022532659226353693 0.023700789867081337 -0.011043926855110527 0.018144175319223761 0.0082800691710826456 0.019272370390711089 -0.0099597924456350795
leaf_weight=0.80820394726469924 1.1575712538324303 0.77380864258157078 0.7776838862337162 1.4564895022194813 0.84044832061044861 4.3116803807788555
leaf_count=26 28 26 13 36 27 94
internal_value=1.01462e-05 0.0097803 -0.0022926 -7.79475e-05 -0.00222228 -0.00535414
internal_weight=10.1259 1.93138 8.19451 7.3863 6.60862 5.76817
internal_count=250 54 196 170 157 130
is_linear=0
shrinkage=0.05


Tree=496
num_leaves=11
num_cat=0
split_feature=32 29 29 27 13 34 17 19 23 7
split_gain=0.0829024 0.126893 0.159285 0.098584 0.137649 0.193926 0.167287 0.0849708 0.054249 0.0452595
threshold=0.065285399631770422 0.0040863722802544364 0.002339464084286536 -0.019696370333794063 44.337530627580911 -1.5200885470993741 8.2595650866350417e-05 -0.01800405366926355 -0.0027669954116248392 0.57594073712825788
decision_type=2 2 2 2 2 2 2 2 2 2
left_child=3 2 8 -1 5 -5 9 -7 -2 -6
right_child=1 -3 -4 4 6 7 -8 -9 -10 -11
leaf_value=0.017200821823313447 0.0016544633300023118 -0.034170987346402601 0.022990284834641262 -0.0099679931720636963 -0.0092083166922138898 0.032075537499775215 0.0064758509737026506 0.0079800883252467182 -0.033925601263795714 -0.033944103194998215
leaf_weight=0.97267922537866969 0.17224756709765643 0.41279540161485784 0.39222473930567503 1.0339081007696225 0.26384298782795645 0.63452909450279549 0.67859523007064126 0.86418497015256412 0.28338968172465662 0.61826311210461427
leaf_count=23 8 29 10 26 8 13 21 30 35 47
internal_value=3.71628e-05 -0.0114365 -0.000367783 0.00289233 -0.000507732 0.00668996 -0.0121878 0.0181817 -0.020475 -0.0265455
internal_weight=6.32666 1.26066 0.847862 5.066 4.09332 2.53262 1.5607 1.49871 0.455637 0.882106
internal_count=250 82 53 168 145 69 76 43 43 55
is_linear=0
shrinkage=0.05


Tree=497
num_leaves=9
num_cat=0
split_feature=22 14 33 25 27 33 25 21
split_gain=0.101594 0.133833 0.169891 0.216204 0.216274 0.214318 0.15959 0.113158
threshold=-0.010224915326078053 0.91261069408760076 0.34500000000000003 0.011016035910764834 -0.013281257467528005 0.65500000000000014 0.010194244742315119 -0.00040527243065019419
decision_type=2 2 2 2 2 2 2 2
left_child=-1 2 3 4 -2 7 -7 -4
right_child=1 -3 5 -5 -6 6 -8 -9
leaf_value=0.015876852122076363 0.0065779139880424347 -0.019317460737187687 0.029835935910876916 0.014422953216452407 -0.023242664732518674 0.0087236453835898477 -0.01727044266920413 0.0080341186324764339
leaf_weight=0.91538898786529976 0.87374219996854741 0.95490863313898522 1.0052588991820792 0.85847992287017394 1.9992073421890344 1.1923017899971458 1.1697805374860761 1.4589425736339783
leaf_count=18 16 16 27 15 60 40 21 37
internal_value=-3.23988e-05 -0.00156333 0.000417759 -0.00759433 -0.0141734 0.00661228 -0.00414948 0.0169281
internal_weight=10.428 9.51262 8.55771 3.73143 2.87295 4.82628 2.36208 2.4642
internal_count=250 232 216 91 76 125 61 64
is_linear=0
shrinkage=0.05


Tree=498
num_leaves=7
num_cat=0
split_feature=13 15 26 26 28 29
split_gain=0.0899066 0.0965614 0.148861 0.169326 0.245202 0.129337
threshold=31.674897332386326 0.010850845689223254 0.034702502551931975 -0.0070349264332598685 -0.018112666604498281 1.0000000180025095e-35
decision_type=2 2 2 2 2 2
left_child=-1 2 3 5 -5 -2
right_child=1 -3 -4 4 -6 -7
leaf_value=-0.012933430165983403 0.0068045060575229552 0.017335282048023891 -0.013814683247867816 0.019687494864184821 -0.0033533681598450719 -0.021216588283572022
leaf_weight=1.1816684968071065 0.68634922028286283 0.89350916596595187 1.565152541734278 2.3540539118694124 2.2663821188034499 1.0294998423196373
leaf_count=33 28 28 38 33 61 29
internal_value=1.57692e-05 0.00175559 -6.18657e-06 0.00340471 0.00838566 -0.010008
internal_weight=9.97662 8.79495 7.90144 6.33629 4.62044 1.71585
internal_count=250 217 189 151 94 57
is_linear=0
shrinkage=0.05


Tree=499
num_leaves=10
num_cat=0
split_feature=5 17 5 4 25 6 10 3 15
split_gain=0.0839974 0.114751 0.141152 0.120476 0.097183 0.18696 0.108285 0.204472 1.26518e-05
threshold=0.0037422665285693157 -3.9877528213727841e-05 0.0055442066047449818 0.0045649940171945255 0.0042163440294625829 1.0410005789012093 -0.0059337779510924048 0.023103940251078651 0.0095143936688033229
decision_type=2 2 2 2 2 2 2 2 2
left_child=-1 2 3 -2 6 -6 -3 -8 -4
right_child=1 4 8 -5 5 -7 7 -9 -10
leaf_value=-0.020534560871592847 -0.016997377492537678 0.025945734209520507 -0.03421592129363623 0.0091657680677807978 -0.020474205773741271 0.015607790572743453 -0.018784536517015449 0.025022966027851895 -0.033656060436767964
leaf_weight=0.45948914834298182 0.73234594185487401 1.0118906687130222 0.20232902473071579 1.1022772724827516 0.72809862348367438 0.70821958151645958 0.53302998980507277 0.5324312866141554 0.20131304966344032
leaf_count=21 34 26 11 31 31 19 28 14 35
internal_value=3.74485e-05 0.00168083 -0.00716761 -0.00127805 0.00731743 -0.0026829 0.0142318 0.00310691 -0.0339367
internal_weight=6.21142 5.75194 2.23827 1.83462 3.51367 1.43632 2.07735 1.06546 0.403642
internal_count=250 229 111 65 118 50 68 42 46
is_linear=0
shrinkage=0.05


Tree=500
num_leaves=11
num_cat=0
split_feature=21 17 23 16 24 13 1 32 6 26
split_gain=0.0949444 0.281643 0.232252 0.157878 0.154741 0.24095 0.151948 0.131636 0.0286586 2.11288e-05
threshold=0.0013112881169073944 -5.7239657170834947e-05 0.0018205661624105531 0.0082663386996949355 0.0014100378556757278 46.234159065179341 0.0015514150282381902 -0.042155975580735278 0.87321955009389862 -0.012570187596177949
decision_type=2 2 2 2 2 2 2 2 2 2
left_child=3 2 -2 4 7 -6 -5 -1 -3 -10
right_child=1 8 -4 6 5 -7 -8 -9 9 -11
leaf_value=-0.017072874476060197 0.024911350558788029 -0.017218683426126435 -0.013798932845262455 0.0013091996203395935 0.026535926344747374 -0.006986691976078015 0.034118160527488874 0.0011255831220395394 -0.034705744126427567 -0.034145302333919082
leaf_weight=1.6830001724883912 0.7636216289829465 0.37833127938210942 0.78662891546264291 0.69927198835648574 1.1025331458076837 1.0432321268599478 0.71244429924990982 2.426071987953037 0.31712061841972172 0.35805020527914166
leaf_count=33 11 8 35 21 23 22 19 38 15 25
internal_value=-3.79669e-05 -0.00828719 0.00526896 0.00276368 -0.000645086 0.0102378 0.0178667 -0.00632817 -0.0282354 -0.0344085
internal_weight=10.2703 2.60375 1.55025 7.66655 6.25484 2.14577 1.41172 4.10907 1.0535 0.675171
internal_count=250 94 46 156 116 45 40 71 48 40
is_linear=0
shrinkage=0.05


Tree=501
num_leaves=10
num_cat=0
split_feature=22 6 13 4 29 20 32 32 17
split_gain=0.0885236 0.210898 0.137452 0.228882 0.128189 0.23153 0.203166 0.198613 0.146958
threshold=0.0066061922442051122 0.99806916552231006 41.010789158825688 0.0046129113186807102 -0.0010543446260813381 -0.051682377367623315 -0.019187853425426619 -0.024711668027584222 -7.0616115247109141e-05
decision_type=2 2 2 2 2 2 2 2 2
left_child=2 -2 3 -1 8 7 -7 -6 -4
right_child=1 -3 4 -5 5 6 -8 -9 -10
leaf_value=-0.034598315599214911 0.024228314530679022 -0.0097533512819435245 0.028706392823449108 0.00033238512742945955 0.02232662211186448 -0.031077968268546044 0.00062614317749544283 -0.0057539452270320597 -0.003134363757195887
leaf_weight=0.78788628394249816 1.0776819573366081 0.79223766340874124 0.80375670164357871 1.1585387035738675 1.1865493342047559 1.0138278119266027 1.0074395546689654 1.3417922947555769 0.65991210337960982
leaf_count=27 29 25 20 32 19 22 25 27 24
internal_value=4.14737e-05 0.00983114 -0.00225835 -0.0138071 0.00147984 -0.00266086 -0.015276 0.00742425 0.0143506
internal_weight=9.82962 1.86992 7.9597 1.94642 6.01328 4.54961 2.02127 2.52834 1.46367
internal_count=250 54 196 59 137 93 47 46 44
is_linear=0
shrinkage=0.05


Tree=502
num_leaves=9
num_cat=0
split_feature=22 20 21 27 30 15 28 21
split_gain=0.0786671 0.110124 0.109932 0.10471 0.0963081 0.0757269 0.110271 4.97985e-06
threshold=0.0082048974914769052 0.16096981848955397 -0.0015171906031645752 -0.021222573148696241 1.0000000180025095e-35 0.0081318505833619919 0.0080418620390485546 -0.0025521066969108603
decision_type=2 2 2 2 2 2 2 2
left_child=1 2 3 -1 -2 -4 -7 -5
right_child=4 -3 5 7 -6 6 -8 -9
leaf_value=0.0089779445971173693 -0.034297487657626351 0.02152699939213136 0.011099427299989613 -0.033595898111669215 0.0047282810935887652 -0.010815193449493402 0.010307228611693753 -0.033933667073514411
leaf_weight=0.21328313020057976 0.34853957226732735 0.63543234058306541 1.5561676434881517 0.22529210045468062 0.28931303406716324 1.6322904132975966 0.9942700020619667 0.21162766648922104
leaf_count=11 25 16 36 36 17 54 42 13
internal_value=2.0426e-05 0.00195869 -0.000614151 -0.0197405 -0.0165964 0.00235903 -0.00281942 -0.0337595
internal_weight=6.10622 5.46836 4.83293 0.650203 0.637853 4.18273 2.62656 0.43692
internal_count=250 208 192 60 42 132 96 49
is_linear=0
shrinkage=0.05


Tree=503
num_leaves=10
num_cat=0
split_feature=22 21 33 16 28 21 15 19 29
split_gain=0.0962888 0.131439 0.223313 0.145765 0.199207 0.321007 0.245007 8.94978e-05 5.27739e-06
threshold=-0.010224915326078053 0.0019773403340929145 0.62500000000000011 0.0082663386996949355 -0.017113539039669608 -0.0011061820532373698 0.0098724357532675219 -0.039434394064007276 0.0026216089184337714
decision_type=2 2 2 2 2 2 2 2 2
left_child=-1 3 7 4 5 -2 -6 -3 -9
right_child=1 2 -4 -5 6 -7 -8 8 -10
leaf_value=0.015604733150657302 -0.033812961328922579 -0.034938815011796097 0.009827463417587735 0.015563390405168199 0.01189390875195942 0.0023146178221427 -0.015391812084885173 -0.033662636894603082 -0.034020795709350363
leaf_weight=0.89493971015326756 1.0921565778553488 0.31369221396744251 0.47179825554485433 1.3739567149896172 2.998999798670412 1.4069333588704438 1.1337279668077824 0.23277545272139721 0.18426942219957709
leaf_count=18 15 6 23 37 58 27 21 36 9
internal_value=-5.26954e-05 -0.00157441 -0.0169877 0.000740789 -0.00233011 -0.0134739 0.00440864 -0.0343008 -0.0338209
internal_weight=10.1032 9.20831 1.20254 8.00577 6.63182 2.49909 4.13273 0.730737 0.417045
internal_count=250 232 74 158 121 42 79 51 45
is_linear=0
shrinkage=0.05


Tree=504
num_leaves=10
num_cat=0
split_feature=21 32 6 5 7 17 32 25 29
split_gain=0.0894929 0.187764 0.199163 0.229262 0.184674 0.185871 0.137112 0.124441 0.0664831
threshold=0.0015291427556902717 -0.18332467089323864 1.0257708823608653 0.0046281344656441429 0.59381327927112593 -8.7276060381646429e-05 -0.2965054553334443 0.001501405692066138 -1.0000000180025095e-35
decision_type=2 2 2 2 2 2 2 2 2
left_child=1 6 3 -3 5 -2 -1 -5 -4
right_child=4 2 8 7 -6 -7 -8 -9 -10
leaf_value=-0.0035814544971993012 -0.00056012965697187569 -0.019589974373570223 -0.01046133655389106 -0.0036943849389040628 -0.0085253511974714268 0.032214513820636441 0.025527086079876801 0.019454231378649892 -0.030074470429558121
leaf_weight=0.76799407403450459 0.78199123864760622 1.0937429019249978 0.77176421135663986 1.1326412674970927 1.1066395781235767 0.96817403793102152 0.85487011261284329 1.1911110891960559 0.98165138321928658
leaf_count=25 24 28 14 21 26 38 16 27 31
internal_value=3.66369e-05 -0.00308565 -0.00774235 -0.00071358 0.00746174 0.0175705 0.0117519 0.00817115 -0.0214418
internal_weight=9.65058 6.79378 5.17091 3.4175 2.8568 1.75017 1.62286 2.32375 1.75342
internal_count=250 162 121 76 88 62 41 48 45
is_linear=0
shrinkage=0.05


Tree=505
num_leaves=10
num_cat=0
split_feature=32 29 29 27 16 25 25 21 1
split_gain=0.0752666 0.117995 0.147099 0.0908622 0.132185 0.155385 0.261295 0.209291 0.0430104
threshold=0.065285399631770422 0.0040863722802544364 0.002339464084286536 -0.019696370333794063 0.004583219894230905 -0.0011540621058457876 -0.0041429453672370822 -0.00019971507347621428 -0.0059347687216615421
decision_type=2 2 2 2 2 2 2 2 2
left_child=3 2 8 -1 -5 6 -6 -7 -2
right_child=1 -3 -4 4 5 7 -8 -9 -10
leaf_value=0.016745588389968449 -0.0019132812037369086 -0.034105220903553127 0.022545820269334556 0.016479863051359223 -0.015154068978136925 -0.00025208006997753268 0.032002979505964854 -0.034471160378515643 -0.033911384824868607
leaf_weight=0.9408574680564924 0.18248151784064248 0.38266598770860583 0.37421943829394877 0.87952977558597956 0.58223827223991975 1.0617423047660848 0.59285908739548199 0.77155666680482671 0.24739379014499696
leaf_count=23 14 29 10 20 40 45 9 31 29
internal_value=3.04535e-05 -0.0112512 -0.000374981 0.00280311 -0.000570893 -0.00555582 0.00863756 -0.0146534 -0.0203282
internal_weight=6.01554 1.18676 0.804095 4.82878 3.88793 3.0084 1.1751 1.8333 0.429875
internal_count=250 82 53 168 145 125 49 76 43
is_linear=0
shrinkage=0.05


Tree=506
num_leaves=10
num_cat=0
split_feature=21 29 1 24 24 22 7 21 21
split_gain=0.0975839 0.19612 0.138132 0.121278 0.160334 0.150776 0.222733 3.00594e-05 5.10486e-06
threshold=-0.0035448987863623822 -0.00081754060861255462 0.0066522696785845667 -0.00093329779586320816 0.014415285199557594 -0.0055832014234467589 0.58610641360282911 -0.00040527243065019419 0.00040390760757880178
decision_type=2 2 2 2 2 2 2 2 2
left_child=-1 2 7 5 -5 -3 -7 -2 -9
right_child=1 3 -4 4 -6 6 -8 8 -10
leaf_value=0.014589276844047717 -0.034402063466167442 0.010418013641650327 -0.0026624255838211468 0.019660500817854434 -0.0030465305307711835 -0.022574483829964978 0.0043070751841337079 -0.033961127039219247 -0.03356109080139176
leaf_weight=1.020766147645191 0.40338189573958516 1.2972382083535179 0.67501791450195014 1.6563590322621169 1.464972893707454 1.633226856589318 1.4589021038264034 0.15317616052925476 0.16636439046123996
leaf_count=33 12 19 21 33 34 24 26 6 42
internal_value=-5.4058e-05 -0.00173191 -0.0189277 0.00146867 0.00900313 -0.00388917 -0.00989145 -0.0341151 -0.0337529
internal_weight=9.92941 8.90864 1.39794 7.5107 3.12133 4.38937 3.09213 0.722922 0.319541
internal_count=250 217 81 136 67 69 50 60 48
is_linear=0
shrinkage=0.05


Tree=507
num_leaves=8
num_cat=0
split_feature=13 2 25 11 19 22 25
split_gain=0.0882833 0.0949025 0.133492 0.162807 0.218726 0.158283 0.153327
threshold=31.674897332386326 -0.019906281077156637 -0.0029433312413856823 0.58983105957508097 0.0078413239599637325 -0.0065167157848388104 0.0018935690417275499
decision_type=2 2 2 2 2 2 2
left_child=-1 -2 3 4 -3 -4 -7
right_child=1 2 5 -5 -6 6 -8
leaf_value=-0.013158138651782428 0.021358443632754031 -0.020024642404960855 -0.022404838924526146 0.032837750468212988 0.019663945857373754 -0.01412434753046289 0.0056870944465134635
leaf_weight=1.1143181066145196 0.57870525773614545 0.6247813445515924 0.92927826155209814 0.61689007520908479 0.78119511506520212 1.3577560760313652 3.4791646625380963
leaf_count=33 14 16 27 24 29 31 76
internal_value=6.2657e-05 0.00182324 0.000371832 0.0114232 0.00202731 -0.00350515 0.00012589
internal_weight=9.48209 8.36777 7.78907 2.02287 1.40598 5.7662 4.83692
internal_count=250 217 203 69 45 134 107
is_linear=0
shrinkage=0.05


Tree=508
num_leaves=9
num_cat=0
split_feature=17 5 23 5 32 31 11 17
split_gain=0.0759253 0.130941 0.105808 0.0962381 0.100897 0.150285 0.105471 1.12621e-05
threshold=-3.9877528213727841e-05 0.0055442066047449818 0.0013613179649126785 0.0042403286998341149 0.086893883412088604 0.085103491175313031 0.57311292290687577 -0.00010321984763223205
decision_type=2 2 2 2 2 2 2 2
left_child=1 2 -1 -2 5 6 -5 -3
right_child=3 7 -4 4 -6 -7 -8 -9
leaf_value=-0.012306358597269378 -0.010569348972338521 -0.033659659386209462 0.011152228183214824 0.02086032162414251 -0.0096442125077625743 0.033666920910947369 -0.005825731971326859 -0.034208659810747423
leaf_weight=1.0674391865031796 0.80622424307512153 0.20952345461410005 0.87445393875532307 0.63338431902229853 0.57187598047312338 0.67031233260058787 0.89127049964736216 0.1685697373759466
leaf_count=38 27 33 36 11 31 15 46 13
internal_value=5.9032e-05 -0.00698418 -0.00174272 0.00463218 0.00906172 0.0139354 0.0052604 -0.0339044
internal_weight=5.89305 2.31999 1.94189 3.57307 2.76684 2.19497 1.52465 0.378093
internal_count=250 120 74 130 103 72 57 46
is_linear=0
shrinkage=0.05


Tree=509
num_leaves=11
num_cat=0
split_feature=21 6 30 9 16 21 21 22 22 4
split_gain=0.0944548 0.253589 0.205335 0.144392 0.219734 0.204973 0.192208 0.143484 8.47807e-05 1.61459e-05
threshold=0.0013112881169073944 0.87745184370244245 -0.010803727486247415 0.59579013884067544 0.0082663386996949355 -0.0011061820532373698 -0.0025521066969108603 -0.0012032368139320291 -0.00361039904614413 0.0060260298039499305
decision_type=2 2 2 2 2 2 2 2 2 2
left_child=3 -2 -3 4 5 6 -1 -7 -4 -10
right_child=1 2 8 -5 -6 7 -8 -9 9 -11
leaf_value=0.0044616676744537341 0.0094314640035728318 0.0096538112749179478 -0.03498725956394818 -0.015336703449848752 0.027006805724326583 0.01946556110528164 -0.024054315617481434 -0.0027782625410138384 -0.033824872428307964 -0.034355530853910576
leaf_weight=1.204389210790396 1.0877661320264453 0.35726977195008647 0.42840779339894641 0.9581686274614184 0.99938557355198998 1.7372740453574806 1.1601520171388982 1.2441803796682507 0.32338401704328124 0.25746484857518226
leaf_count=26 22 18 8 25 32 29 17 27 34 12
internal_value=-9.65375e-05 -0.00858265 -0.022922 0.00275515 0.00548706 0.00146414 -0.00952958 0.0101831 -0.0344537 -0.0340601
internal_weight=9.75784 2.45429 1.36653 7.30355 6.34538 5.346 2.36454 2.98145 1.00926 0.580849
internal_count=250 94 72 156 131 99 43 56 54 46
is_linear=0
shrinkage=0.05


Tree=510
num_leaves=8
num_cat=0
split_feature=34 3 32 21 2 17 28
split_gain=0.0883771 0.163998 0.137134 0.172873 0.238904 0.17567 0.166122
threshold=1.4080835361424526 0.023103940251078651 -0.18332467089323864 1.0000000180025095e-35 -0.0091141053459055082 -0.00017217535359671872 -0.019282751643865833
decision_type=2 2 2 2 2 2 2
left_child=1 2 6 5 -5 -4 -1
right_child=-2 -3 3 4 -6 -7 -8
leaf_value=0.029392763135005568 0.013788060183089297 -0.023787708490427679 0.008241888251724892 -0.018854297722581084 0.017829924711653063 -0.01746985410412475 -0.00016376444256996464
leaf_weight=0.80552338249981392 1.0457490184344358 0.75908756675198663 0.91009630868211289 0.61763064732076634 1.5770642770803531 2.4598763338290159 1.1600226332666341
leaf_count=12 27 15 21 23 47 66 39
internal_value=9.10183e-05 -0.00163695 0.000595968 -0.00341419 0.00750626 -0.0105261 0.0119491
internal_weight=9.33505 8.2893 7.53021 5.56467 2.19469 3.36997 1.96555
internal_count=250 223 208 157 70 87 51
is_linear=0
shrinkage=0.05


Tree=511
num_leaves=9
num_cat=0
split_feature=22 20 21 30 25 26 24 21
split_gain=0.0733823 0.099036 0.105223 0.134085 0.0941315 0.073397 0.126943 7.40025e-06
threshold=0.0082048974914769052 0.16096981848955397 -0.0015171906031645752 -0.0046712686240251147 -0.0004555242770711842 -0.0077384855730128202 -0.0039215571686257436 -0.0025521066969108603
decision_type=2 2 2 2 2 2 2 2
left_child=1 2 3 -1 -2 -4 -7 -5
right_child=4 -3 5 7 -6 6 -8 -9
leaf_value=0.0192369904546572 0.0054553994132291259 0.021034653451407551 0.012888311583269607 -0.033568166109374742 -0.034185720523241189 0.0067839023967317755 -0.014883637407771723 -0.033974524582478419
leaf_weight=0.16179503558669239 0.27072086296539055 0.59914838886470523 1.1746271963347679 0.20338420837651938 0.33515402843477193 1.6675509728956968 1.1367922567587816 0.24945812101941545
leaf_count=7 21 16 38 37 21 45 49 16
internal_value=-6.18398e-06 0.00191512 -0.000578662 -0.0198328 -0.016473 0.00239556 -0.00199943 -0.033792
internal_weight=5.79863 5.19276 4.59361 0.614637 0.605875 3.97897 2.80434 0.452842
internal_count=250 208 192 60 42 132 94 53
is_linear=0
shrinkage=0.05


Tree=512
num_leaves=8
num_cat=0
split_feature=8 22 16 32 0 4 2
split_gain=0.0933 0.174732 0.136377 0.173935 0.198753 0.170874 0.0742763
threshold=-0.011795579183823119 0.0066061922442051122 0.0046617050402747275 -0.10145693133280075 0.0030946694649471866 0.0047146045922053575 -0.0087497886228138349
decision_type=2 2 2 2 2 2 2
left_child=-1 2 -2 5 -5 -4 -3
right_child=1 6 3 4 -6 -7 -8
leaf_value=0.015539855536697881 -0.011460654710605915 -0.034748749079410446 0.029390737414037412 0.0084660685691655621 -0.014230951622159149 -3.3690617916630526e-05 -0.0087327341703911411
leaf_weight=0.8689425475313336 1.6904178569093327 0.48828536391374655 1.135482212062924 2.1979838367260545 1.7187639493495224 0.8725468962220474 0.62618875800399088
leaf_count=27 36 17 25 62 30 26 27
internal_value=-8.47832e-05 -0.00164004 0.00106611 0.00464016 -0.00149393 0.016605 -0.0201311
internal_weight=9.59861 8.72967 7.61519 5.92478 3.91675 2.00803 1.11447
internal_count=250 223 179 143 92 51 44
is_linear=0
shrinkage=0.05


Tree=513
num_leaves=9
num_cat=0
split_feature=13 15 15 19 32 15 26 21
split_gain=0.0863386 0.0850225 0.150234 0.189355 0.117502 0.145156 0.130844 0.0701958
threshold=31.674897332386326 0.010850845689223254 0.0095143936688033229 -0.012292146278990666 -0.024711668027584222 0.0083581741689479818 0.017694819313036073 -1.0000000180025095e-35
decision_type=2 2 2 2 2 2 2 2
left_child=-1 2 4 -4 6 -6 -2 -5
right_child=1 -3 3 7 5 -7 -8 -9
leaf_value=-0.013174246468977991 0.022418968965230317 0.017001138867592133 0.0061629760538913069 -0.030622604423028506 -0.019689904899157215 0.0098299178857733788 0.00030202197187544175 -0.010111339457828231
leaf_weight=1.0822620732942603 1.4824528585886572 0.8321277200593612 1.2398531999206173 0.77651399525348097 0.80597436020616375 0.86162569199223071 1.2182625081622971 0.90126192750176393
leaf_count=33 35 28 34 20 21 21 29 29
internal_value=9.14781e-05 0.00186 0.000130731 -0.00865451 0.00599846 -0.00443742 0.0124423 -0.0196044
internal_weight=9.20033 8.11807 7.28594 2.91763 4.36832 1.6676 2.70072 1.67778
internal_count=250 217 189 83 106 42 64 49
is_linear=0
shrinkage=0.05


Tree=514
num_leaves=9
num_cat=0
split_feature=13 19 10 19 31 1 28 26
split_gain=0.0717096 0.131018 0.116081 0.109074 0.183581 0.078645 0.0504135 0.0494902
threshold=41.010789158825688 0.018612447512979195 -0.013390511892050956 -0.012292146278990666 -0.010946651397044793 -0.0020905120229978143 -0.012716246410537367 -0.010061062549886866
decision_type=2 2 2 2 2 2 2 2
left_child=2 3 -1 4 -2 -4 -5 -3
right_child=1 7 5 6 -6 -7 -8 -9
leaf_value=-0.011109057237459771 -0.034074493507041698 -0.0058453265941611965 0.022521728977595461 0.022914165108664852 0.0058086131848722293 0.0022835944936911838 0.0020938131642806775 -0.034016049888896289
leaf_weight=0.71864038801868479 0.48340855102287639 0.23726534449087922 0.96442651411052804 0.51350380583608057 0.71571092313388374 0.95573996123857763 0.67021881374239456 0.45466547243995581
leaf_count=31 33 24 28 16 28 28 26 36
internal_value=-1.36427e-05 -0.00520286 0.0060329 0.000358903 -0.0102697 0.0124484 0.0111258 -0.0243562
internal_weight=5.71358 3.07477 2.63881 2.38284 1.19912 1.92017 1.18372 0.691931
internal_count=250 163 87 103 61 56 42 60
is_linear=0
shrinkage=0.05


Tree=515
num_leaves=8
num_cat=0
split_feature=14 22 16 32 0 4 21
split_gain=0.113 0.155806 0.13814 0.167195 0.189163 0.155716 0.0928579
threshold=0.019284521957886162 0.0066061922442051122 0.0046617050402747275 -0.10145693133280075 0.0030946694649471866 0.0047146045922053575 0.00020139240034111608
decision_type=2 2 2 2 2 2 2
left_child=-1 2 -2 5 -5 -4 -3
right_child=1 6 3 4 -6 -7 -8
leaf_value=0.021887917321110284 -0.011335490794248462 -0.0056820193479439176 0.029057380371060388 0.008042371907046382 -0.013870422462398047 0.00094112822249958436 -0.034378356048248369
leaf_weight=0.55123314063530493 1.7370384319219718 0.62011119816452243 1.1041203479981039 2.3403050281922342 1.7004973777802659 0.88890710519626726 0.51688815069792327
leaf_count=15 38 13 25 67 30 27 35
internal_value=-8.07349e-05 -0.00144019 0.00108922 0.00466609 -0.00117922 0.0165173 -0.0187276
internal_weight=9.4591 8.90787 7.77087 6.03383 4.0408 1.99303 1.137
internal_count=250 235 187 149 97 52 48
is_linear=0
shrinkage=0.05


Tree=516
num_leaves=11
num_cat=0
split_feature=21 16 32 6 5 5 6 32 29 12
split_gain=0.0816231 0.16888 0.154176 0.178358 0.207425 0.139389 0.137135 0.129209 0.0906716 0.0164904
threshold=0.0015291427556902717 0.0075777069883626175 -0.18332467089323864 1.0257708823608653 0.0046281344656441429 0.005510279076268298 0.96147676015366057 -0.2965054553334443 -0.0012902808061239777 -0.0054535231361830415
decision_type=2 2 2 2 2 2 2 2 2 2
left_child=2 6 7 4 -4 -6 -2 -1 -5 -3
right_child=1 9 3 8 5 -7 -8 -9 -10 -11
leaf_value=-0.0043041542563368859 -0.013336018762549799 0.019392532855509702 -0.019049699151511543 -0.0063065802663985274 0.025751711496341385 -0.00085734013293761963 0.013214473428079677 0.024858813972481686 -0.030208324035240704 0.034610086844359692
leaf_weight=0.72906136326491833 0.98815681179985426 0.31448394618928432 1.0247242706827822 0.6598300077021122 0.74621272087097201 1.4456299771554766 0.9576937296660617 0.79285756498575188 0.99528912850655593 0.41027988179121155
leaf_count=25 19 17 28 12 13 35 29 16 33 23
internal_value=6.35676e-05 0.00740496 -0.00300294 -0.00734266 -0.000479962 0.00820171 -0.000268602 0.0108886 -0.0206797 0.028007
internal_weight=9.06422 2.67061 6.39361 4.87169 3.21657 2.19184 1.94585 1.52192 1.65512 0.724764
internal_count=250 88 162 121 76 48 48 41 45 40
is_linear=0
shrinkage=0.05


Tree=517
num_leaves=9
num_cat=0
split_feature=22 20 21 30 25 26 24 21
split_gain=0.0711678 0.0933842 0.097513 0.126823 0.087709 0.0676196 0.11431 6.35529e-06
threshold=0.0082048974914769052 0.16096981848955397 -0.0015171906031645752 -0.0046712686240251147 -0.0004555242770711842 -0.0077384855730128202 -0.0039215571686257436 -0.0025521066969108603
decision_type=2 2 2 2 2 2 2 2
left_child=1 2 3 -1 -2 -4 -7 -5
right_child=4 -3 5 7 -6 6 -8 -9
leaf_value=0.018610999025980922 0.0047373398760362142 0.020687434002792427 0.012436734776643952 -0.033552764615657392 -0.034157289835912201 0.0063987018696679693 -0.014495434026505705 -0.033940512317095578
leaf_weight=0.15842298942152411 0.264888757141307 0.58351484531885933 1.1534565015172118 0.19159136388043407 0.32010524514771521 1.6268999802414328 1.0953114762087357 0.23565797333139915
leaf_count=7 21 16 38 37 21 45 49 16
internal_value=-3.68983e-05 0.00187742 -0.000582806 -0.0195986 -0.0165456 0.00229077 -0.00200828 -0.0337666
internal_weight=5.62985 5.04486 4.46134 0.585672 0.584994 3.87567 2.72221 0.427249
internal_count=250 208 192 60 42 132 94 53
is_linear=0
shrinkage=0.05


Tree=518
num_leaves=8
num_cat=0
split_feature=14 22 16 32 16 4 21
split_gain=0.105821 0.149333 0.130622 0.158341 0.187844 0.150549 0.0908828
threshold=0.019284521957886162 0.0066061922442051122 0.0046617050402747275 -0.10145693133280075 0.0049607320485826742 0.0047146045922053575 0.00020139240034111608
decision_type=2 2 2 2 2 2 2
left_child=-1 2 -2 5 -5 -4 -3
right_child=1 6 3 4 -6 -7 -8
leaf_value=0.021492541649723959 -0.011016543887868331 -0.0055986660370918907 0.028780352852704888 0.021158275976477996 -0.0063626595166588742 0.00095621677201646732 -0.034339268103549335
leaf_weight=0.5377403851598509 1.7199976830743233 0.61372317560017087 1.0795517531223584 0.76714577886741686 3.2331622715573758 0.8844521646387874 0.49846680733026005
leaf_count=15 38 13 25 13 84 27 35
internal_value=-3.94739e-05 -0.00135575 0.0011227 0.00462343 -0.00108492 0.0162503 -0.0184798
internal_weight=9.33424 8.7965 7.68431 5.96431 4.00031 1.964 1.11219
internal_count=250 235 187 149 97 52 48
is_linear=0
shrinkage=0.05


Tree=519
num_leaves=9
num_cat=0
split_feature=33 1 6 11 5 22 6 0
split_gain=0.0814779 0.195057 0.161706 0.161019 0.167946 0.159812 0.219399 0.134629
threshold=0.34500000000000003 0.0058602463198278451 0.80528015183799839 0.58862415075302132 0.006227197738881589 0.0066061922442051122 0.95468797852071452 0.00056899006114441441
decision_type=2 2 2 2 2 2 2 2
left_child=1 5 -2 7 -5 6 -1 -4
right_child=2 -3 3 4 -6 -7 -8 -9
leaf_value=-0.02728327557585554 0.017856523065416553 0.027000010051999968 -0.031957164574354879 -0.012920197489632787 0.014827713010675165 0.015819452449463704 0.0057885562122110198 -0.0065406107732757339
leaf_weight=0.877514743129724 0.71626726584509004 0.82977765426039685 0.92397570842877064 1.0339984842576089 1.1538368841866029 1.0226860226830465 1.1702830992289817 1.1946441697073167
leaf_count=23 15 22 27 37 34 25 30 37
internal_value=6.87108e-05 0.00549069 -0.00414158 -0.00780039 0.0017137 -0.000322065 -0.00838326 -0.0176253
internal_weight=8.92298 3.90026 5.02272 4.30646 2.18784 3.07048 2.0478 2.11862
internal_count=250 100 150 135 71 78 53 64
is_linear=0
shrinkage=0.05


Tree=520
num_leaves=7
num_cat=0
split_feature=29 27 29 8 22 13
split_gain=0.0691736 0.115876 0.0950949 0.136314 0.146691 0.128623
threshold=0.0080479003464957195 -0.0290949916291201 0.0051853945891207074 0.0021063073551174129 0.0012587613250992782 68.643291584557076
decision_type=2 2 2 2 2 2
left_child=1 -1 3 4 -3 -5
right_child=-2 2 -4 5 -6 -7
leaf_value=0.023026312433338442 -0.016679387887820141 0.012181492005763406 0.012854812523890312 -0.034151501540686399 -0.012024038181660944 0.0061942307949513949
leaf_weight=0.57161045167595137 0.56069972486875475 1.3764121525309754 0.97834737371886138 0.6236725405906326 1.1479160727394626 0.28912151650001761
leaf_count=12 34 41 32 46 68 17
internal_value=-2.84576e-05 0.00184361 -0.00089862 -0.00481342 0.00117424 -0.0213723
internal_weight=5.54778 4.98708 4.41547 3.43712 2.52433 0.912794
internal_count=250 216 204 172 109 63
is_linear=0
shrinkage=0.05


Tree=521
num_leaves=7
num_cat=0
split_feature=14 22 16 16 32 11
split_gain=0.0996052 0.14172 0.12356 0.234185 0.197752 0.0856448
threshold=0.019284521957886162 0.0066061922442051122 0.0046617050402747275 0.0048857480062729696 -0.10145693133280075 0.58756233453750617
decision_type=2 2 2 2 2 2
left_child=-1 2 -2 -4 -5 -3
right_child=1 5 3 4 -6 -7
leaf_value=0.021123701225769825 -0.010782143076507669 -0.0027192210923527604 0.032335475676988516 0.014402527030174795 -0.0061131852506258978 -0.030942497610727478
leaf_weight=0.52377812261693257 1.6995474628638456 0.48929347637749721 0.67061104322783638 1.7903565940214301 3.4151957556314319 0.59647943564050365
leaf_count=15 38 17 11 51 87 31
internal_value=-4.95609e-05 -0.00132995 0.00109134 0.00452548 0.000942827 -0.0182239
internal_weight=9.18526 8.66148 7.57571 5.87616 5.20555 1.08577
internal_count=250 235 187 149 138 48
is_linear=0
shrinkage=0.05


Tree=522
num_leaves=8
num_cat=0
split_feature=13 33 6 23 27 6 23
split_gain=0.0814178 0.0891761 0.158125 0.204924 0.145254 0.131545 0.127164
threshold=31.674897332386326 0.23500000000000001 0.96147676015366057 0.0062072404666733147 0.002342432154555985 0.96147676015366057 -0.00099286337003323655
decision_type=2 2 2 2 2 2 2
left_child=-1 5 4 6 -3 -2 -4
right_child=1 2 3 -5 -6 -7 -8
leaf_value=-0.013184876043808198 -0.0063508531209386827 0.018735626093712206 -0.0046938560393831458 0.013921358492836773 -0.0052266415508872245 0.020740842379552888 -0.027331865414425116
leaf_weight=1.0249572522589003 0.69726449216250319 1.4126178033184262 1.2886715136701241 0.7706007944070733 1.1450872173300011 1.2536894994555039 1.1961328186444011
leaf_count=33 19 29 42 27 34 34 32
internal_value=6.00939e-05 0.0018086 -0.00129574 -0.00860525 0.00800769 0.0110584 -0.0155913
internal_weight=8.78902 7.76406 5.81311 3.25541 2.55771 1.95095 2.4848
internal_count=250 217 164 101 63 53 74
is_linear=0
shrinkage=0.05


Tree=523
num_leaves=10
num_cat=0
split_feature=32 29 23 27 13 34 17 19 7
split_gain=0.0694097 0.109145 0.141275 0.0822438 0.113622 0.167916 0.134955 0.0666006 0.0485247
threshold=0.065285399631770422 0.0040863722802544364 -0.0023865193985180828 -0.019696370333794063 44.337530627580911 -1.5200885470993741 8.2595650866350417e-05 -0.01800405366926355 0.57408823370933548
decision_type=2 2 2 2 2 2 2 2 2
left_child=3 2 -2 -1 5 -5 8 -7 -6
right_child=1 -3 -4 4 6 7 -8 -9 -10
leaf_value=0.016764507240981486 0.017838159150634868 -0.034069797583283302 -0.026379620310010007 -0.0099489060884121634 -0.0051868682240673869 0.031593920794190371 0.0058436633167155624 0.0083855288926571892 -0.033837655331200422
leaf_weight=0.84785634523723263 0.43809149751905352 0.35528375106514432 0.30738304046099052 0.90599461627425659 0.20239458605647065 0.53767456923378643 0.59079972584731877 0.72720963368192326 0.54771923350926954
leaf_count=23 15 29 38 26 5 13 21 30 50
internal_value=-4.46337e-05 -0.0112635 -0.000394248 0.00278798 -0.000586386 0.006482 -0.0120298 0.0182509 -0.0261071
internal_weight=5.46041 1.10076 0.745475 4.35965 3.51179 2.17088 1.34091 1.26488 0.750114
internal_count=250 82 53 168 145 69 76 43 55
is_linear=0
shrinkage=0.05


Tree=524
num_leaves=7
num_cat=0
split_feature=14 22 11 3 26 11
split_gain=0.0942624 0.134202 0.121337 0.136489 0.246528 0.0818506
threshold=0.019284521957886162 0.0066061922442051122 0.57311292290687577 -0.014772537784935201 0.026922991040097325 0.58756233453750617
decision_type=2 2 2 2 2 2
left_child=-1 2 -2 -4 -5 -3
right_child=1 5 3 4 -6 -7
leaf_value=0.02071603725236942 -0.013761420422789156 -0.0027836202048548051 -0.008887324229618453 0.0008779623078216379 0.026205878101407849 -0.030701394520015347
leaf_weight=0.51622908038552928 1.1639414930250476 0.48319555785565149 1.5854655262955919 3.3854085225902972 1.3414253863738848 0.57492809182440396
leaf_count=15 30 17 38 86 33 31
internal_value=-3.14288e-05 -0.00128641 0.00107239 0.00380764 0.00806576 -0.0179527
internal_weight=9.05059 8.53436 7.47624 6.3123 4.72683 1.05812
internal_count=250 235 187 157 119 48
is_linear=0
shrinkage=0.05


Tree=525
num_leaves=10
num_cat=0
split_feature=21 7 17 32 6 5 5 32 29
split_gain=0.0832421 0.158028 0.162356 0.150321 0.158444 0.182994 0.127342 0.117515 0.0984377
threshold=0.0015291427556902717 0.59381327927112593 -8.7276060381646429e-05 -0.18332467089323864 1.0257708823608653 0.0046281344656441429 0.005510279076268298 -0.2965054553334443 -0.0026625958599817419
decision_type=2 2 2 2 2 2 2 2 2
left_child=3 2 -2 7 5 -5 -7 -1 -6
right_child=1 -3 -4 4 8 6 -8 -9 -10
leaf_value=-0.0038724922881181096 -0.0002801655141786019 -0.0082087597484752518 0.032021927033836696 -0.018794486159604787 -0.0044536019919015598 0.024692549969731359 -0.0012968681706694962 0.02456930494531552 -0.030098694620928842
leaf_weight=0.69626457738922909 0.70738568535307433 0.96665229689097021 0.86426990985637542 0.97273234510794315 0.60584068484604359 0.70864258054643903 1.407367813400924 0.75916792359203078 0.97862977290060349
leaf_count=25 24 26 38 28 10 13 35 16 35
internal_value=8.48857e-05 0.00769898 0.0174831 -0.00306865 -0.0074387 -0.000844675 0.00740687 0.010963 -0.020293
internal_weight=8.66695 2.53831 1.57166 6.12865 4.67321 3.08874 2.11601 1.45543 1.58447
internal_count=250 88 62 162 121 76 48 41 45
is_linear=0
shrinkage=0.05


Tree=526
num_leaves=9
num_cat=0
split_feature=22 20 21 30 25 15 28 21
split_gain=0.0675447 0.0868154 0.0927159 0.115267 0.0804261 0.0699709 0.0934869 5.15578e-06
threshold=0.0082048974914769052 0.16096981848955397 -0.0015171906031645752 -0.0046712686240251147 -0.0004555242770711842 0.0081318505833619919 0.0080418620390485546 -0.0025521066969108603
decision_type=2 2 2 2 2 2 2 2
left_child=1 2 3 -1 -2 -4 -7 -5
right_child=4 -3 5 7 -6 6 -8 -9
leaf_value=0.017788738303633585 0.0040466788641998703 0.020278600904627089 0.011155280840005262 -0.033538470295784467 -0.03411249934530846 -0.010885636976896613 0.0098052929637909118 -0.033898881230283999
leaf_weight=0.14885921613313258 0.25541383647941984 0.5627192178799304 1.377280341810547 0.18070290966716129 0.30058672036102496 1.4450710964156317 0.87738160882145155 0.22008253139210854
leaf_count=7 21 16 36 37 21 54 42 16
internal_value=-8.30178e-05 0.00182343 -0.000620472 -0.0197819 -0.0165831 0.00222622 -0.00306897 -0.0337364
internal_weight=5.3681 4.8121 4.24938 0.549645 0.556001 3.69973 2.32245 0.400785
internal_count=250 208 192 60 42 132 96 53
is_linear=0
shrinkage=0.05


Tree=527
num_leaves=11
num_cat=0
split_feature=21 17 23 26 27 22 6 32 6 29
split_gain=0.093608 0.223674 0.192561 0.138767 0.104681 0.222792 0.113511 0.366553 0.021255 1.05394e-05
threshold=0.0013112881169073944 -5.7239657170834947e-05 0.0018205661624105531 -0.01796537404307413 0.003512235076551296 -0.002301899024704845 0.9796228852233152 -0.012428642969439139 0.87321955009389862 0.0027171793287790185
decision_type=2 2 2 2 2 2 2 2 2 2
left_child=3 2 -2 -1 6 -6 -5 -8 -3 -10
right_child=1 8 -4 4 5 -7 7 -9 9 -11
leaf_value=0.023031251688455181 0.023380353236101901 -0.018087538601661853 -0.014786771417590836 -0.013185897831311265 0.024531109469800527 -0.0085500524178864275 -0.015443617426060553 0.027590206422226426 -0.034018615287474609 -0.034450112424348332
leaf_weight=0.75938277738168825 0.6525795429479333 0.31804563291370858 0.66950785170774907 1.9088210701011123 1.1186970230774025 0.93378091696649779 1.1032085079932588 0.89730604179203499 0.27623112539004069 0.29017089679837227
leaf_count=26 11 8 35 36 27 21 29 17 31 9
internal_value=-3.24891e-05 -0.00896809 0.00405244 0.00290102 0.000336947 0.00948074 -0.00446372 0.00385867 -0.0284314 -0.0342397
internal_weight=8.92773 2.20654 1.32209 6.7212 5.96181 2.05248 3.90934 2.00051 0.884448 0.566402
internal_count=250 94 46 156 130 48 82 46 48 40
is_linear=0
shrinkage=0.05


Tree=528
num_leaves=10
num_cat=0
split_feature=29 28 27 33 13 25 2 5 21
split_gain=0.0791772 0.159052 0.140447 0.157426 0.191702 0.123269 0.108847 0.105866 0.0976064
threshold=-0.0035934354107605699 -0.10402667924806379 -0.014721517926501447 0.57500000000000007 45.18604115521665 0.0077943764213005426 -0.0091141053459055082 0.0067174571062145324 0.00040767674802122405
decision_type=2 2 2 2 2 2 2 2 2
left_child=5 -2 8 4 -4 6 -1 -5 -3
right_child=1 2 3 7 -6 -7 -8 -9 -10
leaf_value=0.0013513201864360771 0.021804446557149346 -0.034199306345439946 -0.009188862882093727 -0.028117932535725559 0.015300278278810775 -0.0077698480542018975 0.034395285944468598 -0.0026306272836283868 -0.0063164809004844146
leaf_weight=0.42817215545801435 0.62413841672241677 0.5992118953145098 1.3415178126888361 0.70691170514328383 1.9765499325003473 0.61251307372003783 0.59625758026959363 0.96170446928590536 0.65910374326631427
leaf_count=17 10 29 43 25 48 13 30 20 15
internal_value=9.27594e-05 -0.00226213 -0.0046674 -0.000900807 0.00539915 0.00997464 0.0205842 -0.0134284 -0.0195943
internal_weight=8.50608 6.86914 6.245 4.98668 3.31807 1.63694 1.02443 1.66862 1.25832
internal_count=250 190 180 136 91 60 47 45 44
is_linear=0
shrinkage=0.05


Tree=529
num_leaves=11
num_cat=0
split_feature=16 0 0 0 30 34 28 3 16 15
split_gain=0.066407 0.133087 0.0800711 0.13069 0.137524 0.119036 0.109083 0.00336339 5.83552e-06 7.07565e-07
threshold=0.0080278989070882208 0.0093033194705283168 0.0044746396494101956 0.0012301199701210133 0.0068599290075537231 -1.2873463774667158 -0.03250753575340614 -0.017441355962832191 0.0082663386996949355 0.0086524866780641942
decision_type=2 2 2 2 2 2 2 2 2 2
left_child=2 7 3 4 5 -1 -6 -2 -9 -10
right_child=1 -3 -4 -5 6 -7 -8 8 9 -11
leaf_value=-0.011757066194201462 -0.022064799711228111 0.029412368897204791 -0.015604685747342049 0.01812985806028224 0.0026865370309673009 0.013364431169332612 -0.033989105386543345 -0.033963600426569228 -0.03365924704136198 -0.033450320064253379
leaf_weight=0.69591312037664499 0.077364619821310043 0.11719043929770123 0.58123155601788301 1.2010992163850458 0.3485046151035931 1.4626002203440296 0.48472875449806441 0.1353941123234107 0.063745837542228401 0.11124509794899495
leaf_count=23 19 6 27 36 12 36 31 7 8 45
internal_value=-3.67415e-05 -0.0172802 0.00178705 0.00419797 -0.00139527 0.00526516 -0.0186493 -0.0313922 -0.0337171 -0.0335264
internal_weight=5.27902 0.50494 4.77408 4.19285 2.99175 2.15851 0.833233 0.38775 0.310385 0.174991
internal_count=250 85 165 138 102 59 43 79 60 53
is_linear=0
shrinkage=0.05


Tree=530
num_leaves=9
num_cat=0
split_feature=21 29 15 26 31 21 8 22
split_gain=0.0906419 0.135969 0.125539 0.11341 0.190163 0.161899 0.0820131 1.21283e-05
threshold=-0.0031355868358565737 -0.00081754060861255462 0.0097879448107176439 -0.0027505105221876098 0.096504105927356934 1.0000000180025095e-35 -0.003488453744232236 -0.0015153737971058676
decision_type=2 2 2 2 2 2 2 2
left_child=-1 2 7 6 5 -5 -3 -2
right_child=1 3 -4 4 -6 -7 -8 -9
leaf_value=0.013234119916190721 -0.034339954988159331 0.023327805786689151 -0.0013085615019541633 0.012578227264382222 -0.021833003560499647 -0.0090587471276059733 0.0023668877325494198 -0.0338817383492971
leaf_weight=1.1172330706613136 0.26014768134336919 0.79238721542060364 0.58378192805685103 1.8051214534789335 1.0777974450029431 1.6592387259006498 1.1352442910429079 0.3245990437135331
leaf_count=39 11 17 35 31 20 34 30 33
internal_value=-6.79636e-05 -0.00201362 -0.0177106 0.000821464 -0.00349106 0.0022153 0.0109832 -0.0340856
internal_weight=8.75555 7.63832 1.16853 6.46979 4.54216 3.46436 1.92763 0.584747
internal_count=250 211 79 132 85 65 47 44
is_linear=0
shrinkage=0.05


Tree=531
num_leaves=7
num_cat=0
split_feature=13 33 6 23 23 6
split_gain=0.0774991 0.0833546 0.143872 0.160019 0.167167 0.123449
threshold=31.674897332386326 0.23500000000000001 0.80528015183799839 -0.01183458642570606 0.0062072404666733147 0.96147676015366057
decision_type=2 2 2 2 2 2
left_child=-1 5 -3 -4 -5 -2
right_child=1 2 3 4 -6 -7
leaf_value=-0.013175057956815143 -0.0061756458938512131 0.017234075971375291 0.016906154220292052 -0.014589853022363351 0.0095289115870139246 0.020611053502638893
leaf_weight=0.97651875496376295 0.67272961937123898 0.88227381138131011 0.71814786642789785 2.9751536570838661 0.94712964876089234 1.1926660627359522
leaf_count=33 19 18 18 91 37 34
internal_value=6.29109e-05 0.00181263 -0.00127395 -0.00479284 -0.0087658 0.0109508
internal_weight=8.36462 7.3881 5.5227 4.64043 3.92228 1.8654
internal_count=250 217 164 146 128 53
is_linear=0
shrinkage=0.05


Tree=532
num_leaves=10
num_cat=0
split_feature=25 16 23 19 8 27 8 16 15
split_gain=0.0656899 0.0864017 0.1725 0.0868861 0.159277 0.140018 0.102705 9.95138e-06 7.94234e-07
threshold=0.021589382443640174 0.0072847571243107858 -0.0040759159234969302 -0.039434394064007276 0.0021063073551174129 -0.0093027693675610795 -0.002026340463067071 0.0080278989070882208 0.0083581741689479818
decision_type=2 2 2 2 2 2 2 2 2
left_child=1 3 -3 -1 6 -6 -5 -4 -9
right_child=-2 2 7 4 5 -7 -8 8 -10
leaf_value=0.018552610126854368 -0.018664408740134683 0.0061920695855337436 -0.034018618677807741 -0.00091745731586932483 0.0069814532041274236 -0.034042286151493011 0.02287705658875492 -0.033679226486321601 -0.033471984611349252
leaf_weight=0.93835075967945147 0.43065052782185365 0.64557219762355089 0.26496521043009102 1.0751876891881693 0.35658440680708736 0.49914938469009928 0.78431630576960798 0.073921499599236995 0.12341658148943679
leaf_count=23 21 36 14 40 9 37 17 7 46
internal_value=3.61664e-05 0.00172754 -0.0105038 0.00543645 0.000903678 -0.0169477 0.00911878 -0.0338184 -0.0335496
internal_weight=5.19211 4.76146 1.10788 3.65359 2.71524 0.855734 1.8595 0.462303 0.197338
internal_count=250 229 103 126 103 46 57 67 53
is_linear=0
shrinkage=0.05


Tree=533
num_leaves=9
num_cat=0
split_feature=21 29 15 26 31 21 8 22
split_gain=0.0850761 0.126406 0.122978 0.106055 0.177126 0.149697 0.0771455 1.01302e-05
threshold=-0.0031355868358565737 -0.00081754060861255462 0.0097879448107176439 -0.0027505105221876098 0.096504105927356934 1.0000000180025095e-35 -0.003488453744232236 -0.0015153737971058676
decision_type=2 2 2 2 2 2 2 2
left_child=-1 2 7 6 5 -5 -3 -2
right_child=1 3 -4 4 -6 -7 -8 -9
leaf_value=0.012894076033239261 -0.034287589746892611 0.022855178031584808 -0.0011353244820007627 0.012152232764320982 -0.021288620852272969 -0.0087899766408538263 0.0023297836499852061 -0.033859453189499067
leaf_weight=1.1015250777709296 0.24871233757585287 0.77006257511675347 0.57584023431991227 1.7765441350638878 1.0614480739459393 1.6419948721304534 1.128915732493623 0.31083800276974194
leaf_count=39 11 17 35 31 20 34 30 33
internal_value=-8.2871e-05 -0.00198515 -0.0173564 0.000750774 -0.00344664 0.00209326 0.0106531 -0.0340498
internal_weight=8.61588 7.51436 1.13539 6.37897 4.47999 3.41854 1.89898 0.55955
internal_count=250 211 79 132 85 65 47 44
is_linear=0
shrinkage=0.05


Tree=534
num_leaves=10
num_cat=0
split_feature=21 16 32 16 0 6 29 32 3
split_gain=0.0740901 0.155227 0.139738 0.152433 0.174217 0.119944 0.115476 0.105248 0.0119657
threshold=0.0015291427556902717 0.0075777069883626175 -0.18332467089323864 0.0080916097938561107 0.0029319662353390901 0.96147676015366057 0.0019156742382460126 -0.2965054553334443 -0.0078356416126023048
decision_type=2 2 2 2 2 2 2 2 2
left_child=2 5 7 4 6 -2 -4 -1 -3
right_child=1 8 3 -5 -6 -7 -8 -9 -10
leaf_value=-0.0034727789002971157 -0.01312536599238095 0.020848287522112485 -0.0031693555457205343 -0.027604251492935158 0.011243664209460444 0.012908465910686333 -0.026471663169803674 0.024041080706454589 0.03448892194098109
leaf_weight=0.66972125408938155 0.89632200961932562 0.29376952699385583 1.5100402752868838 0.76808703423012037 1.3415213818661866 0.87367407482815906 0.82056365162134159 0.72259645164012887 0.35511814238270734
leaf_count=25 19 20 30 31 24 29 36 16 20
internal_value=3.6998e-05 0.0073941 -0.00301416 -0.00734793 -0.00311098 -0.000275008 -0.0113737 0.0108066 0.0283134
internal_weight=8.25141 2.41888 5.83253 4.44021 3.67213 1.77 2.3306 1.39232 0.648888
internal_count=250 88 162 121 90 48 66 41 40
is_linear=0
shrinkage=0.05


Tree=535
num_leaves=7
num_cat=0
split_feature=29 27 2 25 25 15
split_gain=0.064833 0.11438 0.101147 0.0945605 0.16035 0.130559
threshold=0.0080479003464957195 -0.033109752436628496 -0.016801949833589232 -0.0045398784191691402 -0.0011540621058457876 0.0082137171279058514
decision_type=2 2 2 2 2 2
left_child=1 -1 -3 5 -5 -4
right_child=-2 2 3 4 -6 -7
leaf_value=0.028884588798876489 -0.016775032035054122 -0.020242665323000217 0.012377107382803575 0.030772274068848166 0.0010668083155200233 -0.028020981342844722
leaf_weight=0.36321662366390217 0.5134860598045633 0.55533336052030779 0.32992766884854052 0.56775617746461682 2.2732038335670954 0.50785360519512324
leaf_count=9 34 29 11 13 107 47
internal_value=7.54104e-05 0.00195749 -0.000352429 0.00265015 0.00700334 -0.0121118
internal_weight=5.11078 4.59729 4.23407 3.67874 2.84096 0.837781
internal_count=250 216 207 178 120 58
is_linear=0
shrinkage=0.05


Tree=536
num_leaves=8
num_cat=0
split_feature=22 14 33 25 4 27 21
split_gain=0.0825113 0.103583 0.145072 0.17918 0.160722 0.159185 0.117395
threshold=-0.010224915326078053 0.91261069408760076 0.34500000000000003 0.011016035910764834 0.0072814345521229366 -0.013281257467528005 0.0013112881169073944
decision_type=2 2 2 2 2 2 2
left_child=-1 2 3 5 6 -2 -4
right_child=1 -3 4 -5 -6 -7 -8
leaf_value=0.015733709667825047 0.0055388295133670593 -0.018625307317644516 0.017942742906865133 0.014485415158947088 -0.013276574760785947 -0.023160620039295258 -0.0033259207825100247
leaf_weight=0.75179543998092402 0.68816397502087112 0.80235685920342792 2.2283202537801126 0.6862961072474717 0.80599453707691271 1.6219392352068098 0.91529522105702188
leaf_count=18 16 16 60 15 29 60 36
internal_value=-8.12563e-05 -0.00161572 0.00034911 -0.00794694 0.00664297 -0.0146112 0.0117502
internal_weight=8.50016 7.74837 6.94601 2.9964 3.94961 2.3101 3.14362
internal_count=250 232 216 91 125 76 96
is_linear=0
shrinkage=0.05


Tree=537
num_leaves=7
num_cat=0
split_feature=23 32 27 27 21 34
split_gain=0.0746732 0.122282 0.139947 0.125098 0.149675 0.0541716
threshold=-0.013562418320805845 -0.39292547838884201 -0.014721517926501447 -0.0020918071227466468 1.0000000180025095e-35 -0.29613998660057927
decision_type=2 2 2 2 2 2
left_child=-1 -2 5 -4 -5 -3
right_child=1 2 3 4 -6 -7
leaf_value=0.013930571927094884 -0.020827383093913642 -0.0032246777580722829 0.016707286989110188 -0.011280347112231933 0.0088381988718340618 -0.023391546202348207
leaf_weight=0.86438999325036991 0.74342401069588948 0.63202944840304554 1.4593041278421872 1.7366831417893998 1.9767335505457593 0.70379753806628265
leaf_count=21 27 21 37 52 71 21
internal_value=3.92115e-05 -0.00161655 0.000577761 0.00430361 -0.000570802 -0.0138499
internal_weight=8.11636 7.25197 6.50855 5.17272 3.71342 1.33583
internal_count=250 229 202 160 123 42
is_linear=0
shrinkage=0.05


Tree=538
num_leaves=10
num_cat=0
split_feature=5 17 23 3 23 2 33 12 4
split_gain=0.0654197 0.086086 0.0935486 0.141267 0.127087 0.146674 0.0746573 0.105219 0.0493994
threshold=0.0037422665285693157 -3.9877528213727841e-05 0.0029060253165701382 -0.015664441648858548 0.0039345755386615009 -0.0046280573335181199 0.22500000000000003 0.0002527387237556919 0.0059592874609542606
decision_type=2 2 2 2 2 2 2 2 2
left_child=-1 2 3 -2 -4 -6 -3 -8 -9
right_child=1 6 4 -5 5 -7 7 8 -10
leaf_value=-0.020490160924593073 0.0014760140481843262 0.020885959482308744 0.033962939300031782 -0.033961656407648651 0.02396847299671916 -0.034005219738611508 -0.013607799535487795 0.00062087309737343546 0.019350968550481275
leaf_weight=0.35769379886914965 0.57983796688495193 0.73475163138937238 0.27663900039624412 0.54606680464348745 0.19079566108121071 0.25480443266860675 0.69133047599461894 0.68774959807342362 0.7211693175486289
leaf_count=21 24 24 5 38 14 30 39 34 21
internal_value=0.000120222 0.00169442 -0.00670165 -0.0157114 0.00734365 -0.00918222 0.00716784 0.00236869 0.0102081
internal_weight=5.04084 4.68314 1.84814 1.1259 0.722239 0.4456 2.835 2.10025 1.40892
internal_count=250 229 111 62 49 44 118 94 55
is_linear=0
shrinkage=0.05


Tree=539
num_leaves=6
num_cat=0
split_feature=29 5 16 16 24
split_gain=0.078217 0.17683 0.172769 0.195595 0.160662
threshold=0.0079183424289078781 0.0070568177230496522 0.0046617050402747275 0.0049607320485826742 -0.02221139897748153
decision_type=2 2 2 2 2
left_child=1 2 -1 -4 -5
right_child=-2 -3 3 4 -6
leaf_value=-0.016313422538324497 0.01025018682319485 -0.027538878807136014 0.031259212843578986 0.020169374064787485 -0.0039979756724274366
leaf_weight=1.2641448021167887 1.4957773303613064 0.63336463179439295 0.59602808894123871 0.85480279009789129 3.5177300314826434
leaf_count=35 37 18 12 20 128
internal_value=-0.000110535 -0.00236762 0.000190267 0.00438928 0.00072659
internal_weight=8.36185 6.86607 6.23271 4.96856 4.37253
internal_count=250 213 195 160 148
is_linear=0
shrinkage=0.05


Tree=540
num_leaves=7
num_cat=0
split_feature=13 22 6 33 33 25
split_gain=0.0750162 0.0787208 0.11423 0.110671 0.189706 0.101615
threshold=31.674897332386326 -0.010224915326078053 0.79331960107146282 0.34500000000000003 0.54500000000000015 0.0077943764213005426
decision_type=2 2 2 2 2 2
left_child=-1 -2 -3 5 -5 -4
right_child=1 2 3 4 -6 -7
leaf_value=-0.013131054115414847 -0.014162314462594527 0.021311535063999354 0.016390538545500231 -0.021428397310708489 0.0039324770037227974 -0.0061213529486584513
leaf_weight=0.94981383509002615 0.69351756660034869 0.79469230608083297 1.6039793723321056 1.1329701214563104 2.1118724719854072 0.72913962695747603
leaf_count=33 17 20 49 44 69 18
internal_value=6.18967e-05 0.00183525 0.00357622 0.00104947 -0.00492253 0.00935519
internal_weight=8.01599 7.06617 6.37265 5.57796 3.24484 2.33312
internal_count=250 217 200 180 113 67
is_linear=0
shrinkage=0.05


Tree=541
num_leaves=9
num_cat=0
split_feature=22 20 21 30 25 15 5 21
split_gain=0.061565 0.0768451 0.0853032 0.100655 0.0737965 0.0593071 0.085762 3.70843e-06
threshold=0.0082048974914769052 0.16096981848955397 -0.0015171906031645752 -0.0046712686240251147 -0.0004555242770711842 0.0081318505833619919 0.0049448732224955617 -0.0025521066969108603
decision_type=2 2 2 2 2 2 2 2
left_child=1 2 3 -1 -2 -4 -7 -5
right_child=4 -3 5 7 -6 6 -8 -9
leaf_value=0.017021640910781382 0.0040698000525552754 0.020170237334670844 0.010927677134189224 -0.033515585100346114 -0.034043557261720057 -0.0220210945135597 0.0024863639517496241 -0.033839136403669527
leaf_weight=0.13462802406866103 0.2373062349652173 0.51474437172873866 1.2822715941292702 0.16069523252372164 0.27324442482495204 0.45173838365008157 1.7017128658044383 0.19729050435125861
leaf_count=7 21 16 36 37 21 23 73 16
internal_value=0.00011533 0.00200485 -0.000375424 -0.0198337 -0.0163283 0.0024145 -0.00265467 -0.0336939
internal_weight=4.95363 4.44308 3.92834 0.492614 0.510551 3.43572 2.15345 0.357986
internal_count=250 208 192 60 42 132 96 53
is_linear=0
shrinkage=0.05


Tree=542
num_leaves=10
num_cat=0
split_feature=21 24 33 7 23 8 21 27 13
split_gain=0.0800774 0.117203 0.116138 0.173021 0.137576 0.120225 0.116534 0.0844851 0.0105303
threshold=-0.0024933130898751039 -0.0025921583594201709 0.34500000000000003 0.57526236176490797 -0.0040759159234969302 0.011760188043357165 0.0013112881169073944 -0.0072446442111588896 45.18604115521665
decision_type=2 2 2 2 2 2 2 2 2
left_child=1 -1 3 -2 -4 6 -6 -5 -9
right_child=2 -3 4 7 5 -7 -8 8 -10
leaf_value=0.025459633602213639 0.0079002907966113454 -0.0013614058158288873 -0.012759635263433261 -0.0078681080314721152 0.02300703624598455 -0.0095164218549711691 -0.00070517011808628129 -0.02379457605345019 -0.034421209041700117
leaf_weight=0.68845616170438007 0.83446785011619828 0.99740358674898721 1.051641788100824 0.80931053031235944 1.3783986166818074 0.71333941910415877 0.83021964860381547 0.40928096575953499 0.54164219700032845
leaf_count=26 22 28 30 22 26 10 45 15 26
internal_value=-0.000129324 0.00959153 -0.00262434 -0.0108521 0.00274824 0.00832968 0.0140936 -0.0197419 -0.0298475
internal_weight=8.25416 1.68586 6.5683 2.5947 3.9736 2.92196 2.20862 1.76023 0.950923
internal_count=250 54 196 85 111 81 71 63 41
is_linear=0
shrinkage=0.05


Tree=543
num_leaves=8
num_cat=0
split_feature=29 28 31 34 21 33 31
split_gain=0.0752066 0.153143 0.139973 0.122372 0.169327 0.166831 0.145436
threshold=-0.0035934354107605699 -0.10402667924806379 0.092570940386588571 1.4080835361424526 0.0015291427556902717 0.13500000000000004 -0.14409156596470082
decision_type=2 2 2 2 2 2 2
left_child=2 -2 -1 4 5 -3 -6
right_child=1 3 -4 -5 6 -7 -8
leaf_value=0.021077200803724654 0.022116215122576107 0.010642539448741389 -0.010833441025675024 0.014956388097453309 -0.012677258535791013 -0.019488482163193863 0.015830232263859059
leaf_weight=0.99315869947895385 0.5817491691559552 0.55375103635014999 0.52546419185819104 0.69119839870836575 0.74118667049333442 2.696132673532702 1.1287182077066971
leaf_count=39 10 17 21 20 18 95 30
internal_value=3.35949e-05 -0.00234245 0.0100357 -0.00479105 -0.00745706 -0.0143544 0.00453053
internal_weight=7.91136 6.39274 1.51862 5.81099 5.11979 3.24988 1.8699
internal_count=250 190 60 180 160 112 48
is_linear=0
shrinkage=0.05


Tree=544
num_leaves=10
num_cat=0
split_feature=25 16 23 19 8 27 8 16 15
split_gain=0.0600801 0.0768741 0.161521 0.0847951 0.144056 0.127735 0.0901155 7.6052e-06 6.70304e-07
threshold=0.021589382443640174 0.0072847571243107858 -0.0040759159234969302 -0.039434394064007276 0.0021063073551174129 -0.0093027693675610795 -0.002026340463067071 0.0080278989070882208 0.0083581741689479818
decision_type=2 2 2 2 2 2 2 2 2
left_child=1 3 -3 -1 6 -6 -5 -4 -9
right_child=-2 2 7 4 5 -7 -8 8 -10
leaf_value=0.018663954564519497 -0.018372888391148399 0.0062669224168150784 -0.033962987443829099 -0.00085722599564838501 0.0064483573942161216 -0.033984905781127034 0.022105877967021029 -0.033659309910606158 -0.033461627070529423
leaf_weight=0.89443565253168333 0.40135947169619601 0.61681054717337247 0.2426991107931824 1.0165572412370238 0.33949125366052613 0.45999680271779642 0.73699694988317843 0.068716377340024337 0.11406022266601212
leaf_count=23 21 36 14 40 9 37 17 7 46
internal_value=0.000161407 0.00181827 -0.0100806 0.00541569 0.000774276 -0.0168155 0.00879388 -0.0337795 -0.0335359
internal_weight=4.89112 4.48976 1.04229 3.44748 2.55304 0.799488 1.75355 0.425476 0.182777
internal_count=250 229 103 126 103 46 57 67 53
is_linear=0
shrinkage=0.05


Tree=545
num_leaves=10
num_cat=0
split_feature=22 0 29 6 33 9 16 15 19
split_gain=0.0764654 0.0976553 0.126067 0.139094 0.121579 0.15077 0.0970544 0.0788048 0.0647355
threshold=-0.010224915326078053 0.0030946694649471866 0.00066787763764009089 0.95006825920893856 0.34500000000000003 0.5787211522459984 0.0068488332342479539 0.0097627065449910917 -0.027861413579735369
decision_type=2 2 2 2 2 2 2 2 2
left_child=-1 2 3 -2 5 -4 -5 -6 -3
right_child=1 8 4 6 7 -7 -8 -9 -10
leaf_value=0.015436729470490025 -0.030675911300915217 -0.019298028891828089 0.01254401413406271 -0.01291898501341765 0.025200523753181183 -0.017299146831988157 0.014037774509082779 0.0045975015711160298 -0.0011615682299643162
leaf_weight=0.71921344276051957 0.51998572771844909 1.0914715840481219 0.845374630764127 0.7081620941753497 1.047709838952869 0.84749948675744236 0.63180043996544555 0.83322984585538495 0.89584246999584127
leaf_count=18 29 18 18 32 24 23 28 26 34
internal_value=-0.000129632 -0.00163825 0.00183046 -0.00872643 0.00732466 -0.0023963 -0.00020871 0.0160737 -0.0111225
internal_weight=8.14029 7.42108 5.43376 1.85995 3.57381 1.69287 1.33996 1.88094 1.98731
internal_count=250 232 180 89 91 41 60 50 52
is_linear=0
shrinkage=0.05


Tree=546
num_leaves=8
num_cat=0
split_feature=29 28 31 34 21 2 31
split_gain=0.0701674 0.137479 0.13127 0.11649 0.169515 0.14821 0.133779
threshold=-0.0035934354107605699 -0.096574303923250213 0.092570940386588571 1.4080835361424526 0.0015291427556902717 -0.017497243728357367 -0.14409156596470082
decision_type=2 2 2 2 2 2 2
left_child=2 -2 -1 4 5 -3 -6
right_child=1 3 -4 -5 6 -7 -8
leaf_value=0.020604902799093841 0.019169627775289834 0.0052841167335835387 -0.010550532369932085 0.014580813931505836 -0.012126246449090237 -0.020614412005028435 0.015400345395250365
leaf_weight=0.97387407202040754 0.66834044363349665 0.71889461588580106 0.51788580368156545 0.68053513212362293 0.73010105197317887 2.3855016230954798 1.1162080836948005
leaf_count=39 12 23 21 20 18 87 30
internal_value=3.80959e-05 -0.00227091 0.00978885 -0.00481557 -0.00748184 -0.014617 0.00451528
internal_weight=7.79134 6.29958 1.49176 5.63124 4.95071 3.1044 1.84631
internal_count=250 190 60 178 158 110 48
is_linear=0
shrinkage=0.05


Tree=547
num_leaves=9
num_cat=0
split_feature=27 23 24 31 24 27 15 29
split_gain=0.0585505 0.0667528 0.0999384 0.119931 0.176755 0.150434 0.116689 0.0561692
threshold=-0.0290949916291201 -0.0086735165594201673 -0.0046630972275966678 -0.11301076866706793 0.011836860373625082 0.013369589287541396 0.0088856909557026662 0.002339464084286536
decision_type=2 2 2 2 2 2 2 2
left_child=-1 -2 6 4 -4 -5 -3 -8
right_child=1 2 3 5 -6 -7 7 -9
leaf_value=0.01507948193845665 -0.016970765685736869 0.021695795619504535 -0.020943894637047964 -0.033951107498567168 0.024290667922269242 0.0077201843776935125 -0.016538228778838468 0.0095197573147742312
leaf_weight=0.57726813165936608 0.62568678546813306 0.91014281613752246 0.36491534701781325 0.62992672885593515 0.52905992820160463 0.33005368719022954 0.43779854223248549 0.3919463317579357
leaf_count=21 28 21 25 54 25 32 23 21
internal_value=0.000144565 -0.00189866 0.000725388 -0.00735194 0.00582619 -0.019624 0.00933227 -0.00422923
internal_weight=4.7968 4.21953 3.59384 1.85396 0.893975 0.95998 1.73989 0.829745
internal_count=250 229 201 136 50 86 65 44
is_linear=0
shrinkage=0.05


Tree=548
num_leaves=8
num_cat=0
split_feature=21 29 15 24 28 24 22
split_gain=0.0763914 0.115389 0.112242 0.096741 0.135283 0.131933 6.69566e-06
threshold=-0.0031355868358565737 -0.00081754060861255462 0.0097879448107176439 -0.00093329779586320816 -0.024131775791238704 0.014415285199557594 -0.0015153737971058676
decision_type=2 2 2 2 2 2 2
left_child=-1 2 6 4 -3 -5 -2
right_child=1 3 -4 5 -6 -7 -8
leaf_value=0.012679146082369835 -0.034193501269261052 0.0057991405082054954 -0.0014670729772973852 0.019068730419119637 -0.013975666830630866 -0.0041424751657801141 -0.033829647904764212
leaf_weight=1.0172167916898613 0.22661112126661465 1.6374889798462389 0.54976825235644355 1.3211429851362488 1.8330896040424702 1.1408774908632038 0.28603235509945057
leaf_count=39 11 31 35 32 36 33 33
internal_value=-0.000123595 -0.00198537 -0.0171605 0.000732199 -0.00464551 0.00831287 -0.0339905
internal_weight=8.01223 6.99501 1.06241 5.9326 3.47058 2.46202 0.512643
internal_count=250 211 79 132 67 65 44
is_linear=0
shrinkage=0.05


Tree=549
num_leaves=7
num_cat=0
split_feature=13 22 6 33 11 20
split_gain=0.0693388 0.0732122 0.105646 0.0960049 0.177085 0.0925901
threshold=31.674897332386326 -0.010224915326078053 0.79331960107146282 0.34500000000000003 0.58862415075302132 0.065802742179996279
decision_type=2 2 2 2 2 2
left_child=-1 -2 -3 5 -5 -4
right_child=1 2 3 4 -6 -7
leaf_value=-0.012953123556747792 -0.013970424127580417 0.021017286164389137 0.0014867493609527441 -0.015341295136778597 0.0086898047716942647 0.022803718295546695
leaf_weight=0.90551946405321349 0.66536296351114277 0.75403071532491583 1.4642453902633863 1.7261551357805731 1.3790714064380152 0.7811445640400051
leaf_count=33 17 20 49 59 54 18
internal_value=4.10843e-05 0.00177912 0.00349571 0.00102649 -0.00466877 0.00890267
internal_weight=7.67553 6.77001 6.10465 5.35062 3.10523 2.24539
internal_count=250 217 200 180 113 67
is_linear=0
shrinkage=0.05


Tree=550
num_leaves=7
num_cat=0
split_feature=29 27 29 8 24 13
split_gain=0.0585426 0.0997618 0.0752799 0.111029 0.125434 0.103238
threshold=0.0080479003464957195 -0.0290949916291201 0.0051853945891207074 0.0021063073551174129 -0.0068616275588160849 68.643291584557076
decision_type=2 2 2 2 2 2
left_child=1 -1 3 4 -3 -5
right_child=-2 2 -4 5 -6 -7
leaf_value=0.023296799871476703 -0.016432823157368565 0.012734740533488826 0.012513415650182628 -0.033996834361891083 -0.011338066538733024 0.0060357566620475485
leaf_weight=0.48647255357354868 0.47979049722198386 1.124799701850862 0.82954425120260555 0.50590457359794516 1.0428150929947153 0.23625353749957867
leaf_count=12 34 33 32 46 76 17
internal_value=0.000118309 0.0019975 -0.000773464 -0.00456141 0.00115358 -0.0212531
internal_weight=4.70558 4.22579 3.73932 2.90977 2.16761 0.742158
internal_count=250 216 204 172 109 63
is_linear=0
shrinkage=0.05


Tree=551
num_leaves=6
num_cat=0
split_feature=29 5 16 16 24
split_gain=0.0758266 0.163659 0.155094 0.180013 0.147372
threshold=0.0079183424289078781 0.0070568177230496522 0.0046617050402747275 0.0049607320485826742 -0.02221139897748153
decision_type=2 2 2 2 2
left_child=1 2 -1 -4 -5
right_child=-2 -3 3 4 -6
leaf_value=-0.015982815981229317 0.01036815769430547 -0.027176676665691658 0.030928916679371483 0.019841808402454714 -0.0039950962332793742
leaf_weight=1.1892492442857472 1.4170442575123159 0.60434623580658797 0.55655385821592052 0.80499132128897954 3.3337401220705951
leaf_count=35 37 18 12 20 128
internal_value=-0.000110304 -0.00239859 0.000146133 0.00423137 0.000641228
internal_weight=7.90593 6.48888 5.88453 4.69529 4.13873
internal_count=250 213 195 160 148
is_linear=0
shrinkage=0.05


Tree=552
num_leaves=10
num_cat=0
split_feature=21 16 32 16 0 6 29 32 17
split_gain=0.0654831 0.134385 0.118408 0.136197 0.149315 0.108837 0.100051 0.0974513 0.0142357
threshold=0.0015291427556902717 0.0075777069883626175 -0.18332467089323864 0.0080916097938561107 0.0029319662353390901 0.96147676015366057 0.0014032743461628307 -0.2965054553334443 -5.2552047195930365e-05
decision_type=2 2 2 2 2 2 2 2 2
left_child=2 5 7 4 6 -2 -4 -1 -3
right_child=1 8 3 -5 -6 -7 -8 -9 -10
leaf_value=-0.0040822436946468471 -0.012687933999937465 0.018905165483256246 -0.0014116113150453267 -0.027145744340734069 0.010780469512419021 0.013079917944802491 -0.023306507534887222 0.023452403855757323 0.034453217878444374
leaf_weight=0.61740591458510607 0.84343704115599416 0.26485033688368276 1.1864618347026414 0.70412111317273218 1.2447837367653845 0.79702962737064809 0.93133385386317957 0.67012325581163146 0.33147367648780335
leaf_count=25 19 21 27 31 24 29 39 16 19
internal_value=3.57108e-05 0.00722061 -0.00296586 -0.00714965 -0.00296249 -0.000168483 -0.0110402 0.0102488 0.0275477
internal_weight=7.59102 2.23679 5.35423 4.0667 3.36258 1.64047 2.1178 1.28753 0.596324
internal_count=250 88 162 121 90 48 66 41 40
is_linear=0
shrinkage=0.05


Tree=553
num_leaves=9
num_cat=0
split_feature=22 31 30 0 16 15 16 26
split_gain=0.056807 0.0757382 0.0709179 0.105551 0.12414 0.168869 0.0949751 0.0563841
threshold=0.0082048974914769052 -0.16052535437814258 -0.0056121491520734193 0.00095182434837837182 0.004583219894230905 0.0097627065449910917 0.0049607320485826742 -0.0077384855730128202
decision_type=2 2 2 2 2 2 2 2
left_child=2 -2 -1 4 -4 -6 -5 -8
right_child=1 -3 3 6 5 -7 7 -9
leaf_value=0.013757822673204113 0.0060056509886956232 -0.034007138995927354 0.011490061088357255 -0.01076786745912877 -0.034035552462739663 0.0053111430169244175 0.031216060699712635 0.0073701602468513377
leaf_weight=0.98025907494593401 0.21322531678015366 0.26555561969871622 0.45779270504135672 0.48335642565507431 0.72563539075781569 0.43686778053233866 0.38602145563345391 0.69279673114942841
leaf_count=39 13 29 17 23 46 25 13 45
internal_value=0.000122871 -0.0161874 0.00199882 -0.00162317 -0.0105642 -0.0192491 0.00765047 0.0159027
internal_weight=4.64151 0.478781 4.16273 3.18247 1.6203 1.1625 1.56217 1.07882
internal_count=250 42 208 169 88 71 81 58
is_linear=0
shrinkage=0.05


Tree=554
num_leaves=10
num_cat=0
split_feature=21 24 33 7 23 8 21 27 11
split_gain=0.0765178 0.108454 0.10168 0.158196 0.119144 0.111426 0.111274 0.08332 0.00948847
threshold=-0.0024933130898751039 -0.0025921583594201709 0.34500000000000003 0.57526236176490797 -0.0040759159234969302 0.011760188043357165 0.0013112881169073944 -0.0072446442111588896 0.58622684180736551
decision_type=2 2 2 2 2 2 2 2 2
left_child=1 -1 3 -2 -4 6 -6 -5 -9
right_child=2 -3 4 7 5 -7 -8 8 -10
leaf_value=0.025401767694809681 0.0079034221273096891 -0.0011592644775870141 -0.012286634278300819 -0.0071739184812816513 0.022707938566989917 -0.0096340110438241002 -0.0010799473215695194 -0.024331647067336704 -0.034610617477041548
leaf_weight=0.64914227556437254 0.7906742764898812 0.94207763229496755 0.99433492077514563 0.76946408825460832 1.2892377108801163 0.68297550873830903 0.79460745913092967 0.43877831997815486 0.45975393892877037
leaf_count=26 22 28 30 22 26 10 45 19 22
internal_value=-0.000107718 0.00967638 -0.00261079 -0.0105177 0.00255798 0.00789281 0.0136372 -0.0192498 -0.0295911
internal_weight=7.81105 1.59122 6.21983 2.45867 3.76116 2.76682 2.08385 1.668 0.898532
internal_count=250 54 196 85 111 81 71 63 41
is_linear=0
shrinkage=0.05


Tree=555
num_leaves=8
num_cat=0
split_feature=23 32 22 13 24 34 14
split_gain=0.0664564 0.104558 0.125189 0.119567 0.152237 0.144596 0.0969974
threshold=-0.013562418320805845 -0.39292547838884201 0.0061741923939917518 47.707756716730138 1.0000000180025095e-35 -1.7013176757177961 0.11566218217139841
decision_type=2 2 2 2 2 2 2
left_child=-1 -2 3 5 -5 -3 -4
right_child=1 2 6 4 -6 -7 -8
leaf_value=0.01375863555806168 -0.020011760190227303 0.0088106221177102675 0.00025761136812896295 -0.0070119980848802116 0.016900895290290721 -0.019081029020987149 0.030933849452057013
leaf_weight=0.78780821245163668 0.69101302220951755 0.6488378474023192 0.49092076765373327 1.3924108566716316 1.275053192512132 1.6371262953034604 0.54240020186989568
leaf_count=21 27 21 15 33 41 64 28
internal_value=2.41564e-05 -0.00159617 0.00052943 -0.00277291 0.00441841 -0.0111644 0.0163599
internal_weight=7.46557 6.67776 5.98675 4.95343 2.66746 2.28596 1.03332
internal_count=250 229 202 159 74 85 43
is_linear=0
shrinkage=0.05


Tree=556
num_leaves=10
num_cat=0
split_feature=32 29 29 22 16 32 22 16 1
split_gain=0.0553801 0.0925908 0.119378 0.0643907 0.0801671 0.132827 0.127524 0.066371 0.0348801
threshold=0.065285399631770422 0.0040863722802544364 0.002339464084286536 0.0082048974914769052 0.0046878954608843585 -0.10145693133280075 0.00085918318370781243 0.0060058424245078611 -0.0059347687216615421
decision_type=2 2 2 2 2 2 2 2 2
left_child=3 2 8 4 -1 6 -6 -7 -2
right_child=1 -3 -4 -5 5 7 -8 -9 -10
leaf_value=0.018571228263987809 -0.0013575250518161573 -0.033928291946696429 0.0238078988140661 -0.014894037237726624 -0.033894283017797802 -0.0034421090801574471 0.0032715548794541682 0.018757444738692189 -0.033814568272001154
leaf_weight=0.85234005167149085 0.1440297270019073 0.29369755793595687 0.28728823154233396 0.44349098241946183 0.43234305798250794 0.54555119108408623 0.49512391886673868 0.87944131647236645 0.19463157209247572
leaf_count=24 14 29 10 36 38 16 22 32 29
internal_value=0.000198315 -0.010767 0.000100364 0.00296241 0.00543344 0.000673377 -0.0140535 0.0102585 -0.0200109
internal_weight=4.56794 0.919647 0.62595 3.64829 3.2048 2.35246 0.927467 1.42499 0.338661
internal_count=250 82 53 168 132 108 60 48 43
is_linear=0
shrinkage=0.05


Tree=557
num_leaves=8
num_cat=0
split_feature=22 14 33 25 4 27 29
split_gain=0.0731139 0.0954715 0.118466 0.145466 0.136696 0.133108 0.104177
threshold=-0.010224915326078053 0.91261069408760076 0.34500000000000003 0.011016035910764834 0.0072814345521229366 -0.013281257467528005 0.0029789611772291784
decision_type=2 2 2 2 2 2 2
left_child=-1 2 3 5 6 -2 -4
right_child=1 -3 4 -5 -6 -7 -8
leaf_value=0.015501623296583234 0.0051664623754174594 -0.019001626212868352 0.0023201102171523757 0.013460356801594126 -0.013076381570489846 -0.022396071722835795 0.021470621422880632
leaf_weight=0.68070712778717268 0.6296212673769338 0.71306834183633316 1.5329965956916574 0.62829411064740259 0.72822822508169327 1.4395189630231471 1.3230461725033817
leaf_count=18 16 16 56 15 29 60 40
internal_value=-0.00014152 -0.00166386 0.000304243 -0.00761078 0.0062609 -0.014009 0.0111915
internal_weight=7.67548 6.99477 6.28171 2.69743 3.58427 2.06914 2.85604
internal_count=250 232 216 91 125 76 96
is_linear=0
shrinkage=0.05


Tree=558
num_leaves=6
num_cat=0
split_feature=13 15 33 26 8
split_gain=0.0662799 0.0801117 0.113967 0.12599 0.160046
threshold=31.674897332386326 0.011000000246685425 0.89500000000000013 0.034702502551931975 0.0072118012768027434
decision_type=2 2 2 2 2
left_child=-1 2 3 4 -2
right_child=1 -3 -4 -5 -6
leaf_value=-0.012949312577214739 0.00049384521434599432 0.019154244421655628 -0.020072513222210278 -0.013174654297074723 0.022765511156256347
leaf_weight=0.86923999636201177 3.1240473568614107 0.60024300403892983 0.63248810986988235 1.0418822283972984 1.0874122541863469
leaf_count=33 115 25 18 33 26
internal_value=1.59569e-05 0.00175352 -2.10289e-05 0.00239312 0.00624446
internal_weight=7.35531 6.48607 5.88583 5.25334 4.21146
internal_count=250 217 192 174 141
is_linear=0
shrinkage=0.05


Tree=559
num_leaves=9
num_cat=0
split_feature=23 27 24 21 13 17 8 20
split_gain=0.0574986 0.093453 0.114798 0.137911 0.0867779 0.184058 0.0707154 0.0114477
threshold=-0.013562418320805845 -0.019696370333794063 0.0014100378556757278 0.0013112881169073944 41.22198545260877 8.2595650866350417e-05 -0.0017242232767823603 -0.058537407738036167
decision_type=2 2 2 2 2 2 2 2
left_child=-1 -2 4 7 -3 -6 -5 -4
right_child=1 2 3 6 5 -7 -8 -9
leaf_value=-0.019249391257348598 0.016268209206484398 0.013192665014288056 -0.01986917413741833 0.025499386462415469 -0.033783741538262732 0.012801563655543732 -0.013631990567907905 -0.033855499462234047
leaf_weight=0.35021549611701619 0.88378686789656047 1.255743562680437 0.2153335515758954 0.23314847499568714 0.37437508265429631 0.48894919217855204 0.22870476450771093 0.45636596041731514
leaf_count=21 29 35 16 22 41 18 32 36
internal_value=0.000203442 0.00185045 -0.00206708 -0.0149103 0.00480312 -0.00739986 0.00612195 -0.0293718
internal_weight=4.48662 4.13641 3.25262 1.13355 2.11907 0.863324 0.461853 0.6717
internal_count=250 229 200 106 94 59 54 52
is_linear=0
shrinkage=0.05


Tree=560
num_leaves=10
num_cat=0
split_feature=21 24 33 7 23 23 16 27 13
split_gain=0.071515 0.0996672 0.0935534 0.149533 0.111295 0.102826 0.168082 0.0779255 0.0107611
threshold=-0.0024933130898751039 -0.0025921583594201709 0.34500000000000003 0.57526236176490797 -0.0040759159234969302 0.0029060253165701382 0.0058262042463009091 -0.0072446442111588896 45.18604115521665
decision_type=2 2 2 2 2 2 2 2 2
left_child=1 -1 3 -2 -4 -6 -7 -5 -9
right_child=2 -3 4 7 5 6 -8 8 -10
leaf_value=0.025010182797917908 0.0078604492116010043 -0.00096541437224323282 -0.012117921315136525 -0.0072694746070413978 0.020445926073987989 0.013370972339970172 -0.018569704785630858 -0.022967712829551692 -0.034312083082963067
leaf_weight=0.61833776807179675 0.76329455968516446 0.91684180125594117 0.96853590360842678 0.74846441345289361 0.99124749767361242 0.9974748174427075 0.7015861673571635 0.36938509969331756 0.48157955839997157
leaf_count=26 22 28 30 22 25 24 32 15 26
internal_value=-0.00013632 0.00949701 -0.00259231 -0.0103478 0.00241587 0.00764817 0.000181842 -0.0190373 -0.0293877
internal_weight=7.55675 1.53518 6.02157 2.36272 3.65884 2.69031 1.69906 1.59943 0.850965
internal_count=250 54 196 85 111 81 56 63 41
is_linear=0
shrinkage=0.05


Tree=561
num_leaves=9
num_cat=0
split_feature=29 28 21 34 21 7 2 15
split_gain=0.0666992 0.130889 0.11341 0.106506 0.160172 0.136749 0.130608 0.00888088
threshold=-0.0035934354107605699 -0.096574303923250213 -1.0000000180025095e-35 1.4080835361424526 0.0015291427556902717 0.59355634450912487 -0.017497243728357367 0.0095228403490942564
decision_type=2 2 2 2 2 2 2 2
left_child=2 -2 -1 4 6 -6 -3 -4
right_child=1 3 7 -5 5 -7 -8 -9
leaf_value=-0.0010639964321042144 0.019317221288501451 0.0045027817096273647 0.020657906806587092 0.014224587968663813 0.01621227812081209 -0.012568499353560964 -0.020626776895092472 0.034048070904369211
leaf_weight=0.87799137085676193 0.62328724749386299 0.67461629433091674 0.21008109633112304 0.63798708264948789 1.0179105828283352 0.69419530022423703 2.2139137082849638 0.30160903243813664
leaf_count=17 12 23 15 20 29 19 87 28
internal_value=-8.33681e-06 -0.00234315 0.00984028 -0.00492028 -0.00757517 0.00454274 -0.0147578 0.0285506
internal_weight=7.25159 5.86191 1.38968 5.23862 4.60064 1.71211 2.88853 0.51169
internal_count=250 190 60 178 158 48 110 43
is_linear=0
shrinkage=0.05


Tree=562
num_leaves=9
num_cat=0
split_feature=22 31 20 21 30 22 19 21
split_gain=0.0526755 0.0720577 0.0666029 0.0728223 0.0907753 0.0532382 0.0673604 2.5231e-06
threshold=0.0082048974914769052 -0.16052535437814258 0.16096981848955397 -0.0015171906031645752 -0.0046712686240251147 0.0039113057008812744 -0.007256721409300059 -0.0025521066969108603
decision_type=2 2 2 2 2 2 2 2
left_child=2 -2 3 4 -1 6 -5 -6
right_child=1 -3 -4 5 7 -7 -8 -9
leaf_value=0.017132296112914194 0.0059734783381192869 -0.033973381280409151 0.019926311777046131 -0.011795320770282506 -0.033492848828188766 0.012978280870468496 0.0058608904576988247 -0.033778277307864701
leaf_weight=0.12224307958967984 0.20606676250463352 0.24966359737663868 0.45999492742703285 0.94474163194536354 0.13855167584551964 0.85803944530198339 1.2615181362489232 0.17549284896813411
leaf_count=7 13 29 16 39 37 36 57 16
internal_value=0.00018725 -0.0159107 0.00203958 -0.000310824 -0.019423 0.00241033 -0.00169967 -0.0336524
internal_weight=4.41631 0.45573 3.96058 3.50059 0.436288 3.0643 2.20626 0.314045
internal_count=250 42 208 192 60 132 96 53
is_linear=0
shrinkage=0.05


Tree=563
num_leaves=11
num_cat=0
split_feature=21 27 24 21 12 12 26 25 30 16
split_gain=0.0684821 0.152256 0.224823 0.135344 0.143098 0.169048 0.120857 0.103657 0.0817893 0.0726401
threshold=-0.0015171906031645752 0.003512235076551296 -0.0025921583594201709 -0.0011061820532373698 0.0034899143713645448 -0.013587592649497453 0.021669805349917807 0.0046937744592279182 0.0033555050217708442 0.0052541295778591431
decision_type=2 2 2 2 2 2 2 2 2 2
left_child=1 2 -1 -2 5 7 8 -5 -6 -7
right_child=3 -3 -4 4 6 9 -8 -9 -10 -11
leaf_value=0.021707580511705991 -0.02463961903583247 0.026524869904815691 -0.017654774097846906 -0.022365578137511097 -0.0068809474654363189 0.025263632964424267 0.0089438357038693836 0.0065379668150107248 -0.034242578452918102 0.0050970582105613867
leaf_weight=0.61049430118873727 0.64615311939269293 0.70150779612595204 0.89394930191338073 0.62715758409467504 0.50991753017296992 0.96456136717461072 0.46208143653348077 0.61376951704733074 0.58813128211477306 0.83143317643407499
leaf_count=22 12 26 24 26 20 19 16 15 30 40
internal_value=-0.000102897 0.00728814 -0.00168176 -0.0032125 -0.000200741 0.00612207 -0.0125086 -0.00806972 -0.0215362 0.0159278
internal_weight=7.44916 2.20595 1.50444 5.24321 4.59705 3.03692 1.56013 1.24093 1.09805 1.79599
internal_count=250 72 46 178 166 100 66 41 50 59
is_linear=0
shrinkage=0.05


Tree=564
num_leaves=9
num_cat=0
split_feature=29 13 34 33 20 22 22 16
split_gain=0.102515 0.0952208 0.140248 0.086105 0.104888 0.197434 0.159286 0.0856757
threshold=-0.0093031486362166165 41.010789158825688 -1.8115844303605255 0.89500000000000013 -0.051682377367623315 -0.002301899024704845 -0.0041467324355741178 0.0088740731910890002
decision_type=2 2 2 2 2 2 2 2
left_child=-1 2 -2 4 6 -6 -3 -4
right_child=1 3 7 -5 5 -7 -8 -9
leaf_value=0.021578323844164062 0.0069437323918531109 0.027719298351240252 -0.029872426039057411 -0.014247261549762254 -0.025520979232872717 0.007786716135028262 -0.0018561269498607782 -0.0029949640829810536
leaf_weight=0.51171474638977077 0.72621500724926624 0.97525232151383534 0.84790123743005075 0.6681086515309288 0.64347337686922434 1.4418116246815769 0.85383348190225683 0.45592825178755447
leaf_count=24 20 19 39 21 21 60 26 20
internal_value=1.75329e-05 -0.00165096 -0.0106656 0.00234255 0.00517411 -0.00249131 0.0139132 -0.0204738
internal_weight=7.12424 6.61252 2.03004 4.58248 3.91437 2.08529 1.82909 1.30383
internal_count=250 226 79 147 126 81 45 59
is_linear=0
shrinkage=0.05


Tree=565
num_leaves=12
num_cat=0
split_feature=17 23 17 23 32 5 5 12 27 12 29
split_gain=0.0521882 0.0982585 0.118598 0.103683 0.117667 0.0738433 0.0861077 0.0556601 0.0657404 0.0379349 0.0075099
threshold=-3.9877528213727841e-05 0.0013613179649126785 -0.00024145177608750243 0.0039345755386615009 -0.15926675644656976 0.0042403286998341149 0.0045287325951783699 0.0002527387237556919 -0.017033787620969462 0.012636530794298774 0.00055872193595185593
decision_type=2 2 2 2 2 2 2 2 2 2 2
left_child=1 2 -1 -3 -5 -2 -7 8 -8 -9 -4
right_child=5 3 10 4 -6 6 7 9 -10 -11 -12
leaf_value=0.0061761584905683994 -0.010822858047042588 0.028694402144103723 -0.023257092400966715 0.021495326713008939 -0.033828176234095758 0.029938249897979014 0.0098229083194310493 0.019137333345025171 -0.024208078355283255 -0.00010771621685833863 -0.034105820863305443
leaf_weight=0.36713513860013325 0.59578182341647368 0.3218928058631717 0.28249147592578072 0.17082124610897154 0.21975430542443064 0.40139344439376179 0.26370003959164023 0.5994683231692759 0.30727921907964617 0.44698842302022967 0.36645358375972137
leaf_count=21 27 10 18 12 35 15 10 22 30 26 24
internal_value=0.000188467 -0.00655241 -0.0165348 0.00768384 -0.00963201 0.00464493 0.00920967 0.00406553 -0.00849127 0.0109169 -0.0293833
internal_weight=4.34316 1.72855 1.01608 0.712468 0.390576 2.61461 2.01883 1.61744 0.570979 1.04646 0.648945
internal_count=250 120 63 57 47 130 103 88 40 48 42
is_linear=0
shrinkage=0.05


Tree=566
num_leaves=10
num_cat=0
split_feature=22 21 33 16 28 21 15 19 29
split_gain=0.0673713 0.0932382 0.151661 0.105224 0.123649 0.227678 0.157918 2.88702e-05 2.6966e-06
threshold=-0.010224915326078053 0.0019773403340929145 0.62500000000000011 0.0082663386996949355 -0.017113539039669608 -0.0011061820532373698 0.0098724357532675219 -0.039434394064007276 0.0014032743461628307
decision_type=2 2 2 2 2 2 2 2 2
left_child=-1 3 7 4 5 -2 -6 -3 -9
right_child=1 2 -4 -5 6 -7 -8 8 -10
leaf_value=0.015354070076531171 -0.033084460282647096 -0.034476753499984129 0.0086704416683068327 0.015449239913106205 0.011006979824292188 0.0026881953548102419 -0.014559680599605614 -0.033555683185349565 -0.033857960057575305
leaf_weight=0.64099680504295964 0.78050735080614675 0.2204424487426877 0.34677930822363123 0.99693041737191368 2.1551903295330712 1.0341054644668468 0.83914917893707741 0.13399512101750577 0.16418809094466269
leaf_count=18 15 6 23 37 58 27 21 34 11
internal_value=-0.000129023 -0.00161668 -0.0169271 0.000665432 -0.00239936 -0.0126985 0.00384205 -0.0340429 -0.0337221
internal_weight=7.31228 6.67129 0.865405 5.80588 4.80895 1.81461 2.99434 0.518626 0.298183
internal_count=250 232 74 158 121 42 79 51 45
is_linear=0
shrinkage=0.05


Tree=567
num_leaves=8
num_cat=0
split_feature=29 28 32 25 4 21 0
split_gain=0.0653605 0.118256 0.115335 0.100049 0.155782 0.11038 0.109843
threshold=-0.0030622976835565359 -0.096574303923250213 -0.042155975580735278 0.020863175612870991 0.0051634085052639092 1.0000000180025095e-35 -0.0029206484882643431
decision_type=2 2 2 2 2 2 2
left_child=2 -2 -1 4 6 -6 -3
right_child=1 3 -4 -5 5 -7 -8
leaf_value=0.019008514646881969 0.018554185027333744 0.015264860247772223 -0.010484111183385094 0.012475530690098262 -0.034078658043231146 -0.0077799233637890599 -0.0071514404165193991
leaf_weight=1.0045542388106694 0.59461636096239079 0.78119288478046622 0.49475732480641443 0.69768808875232924 0.75848306983243652 0.84181711520068347 1.8189673746237536
leaf_count=39 12 22 27 15 43 27 65
internal_value=2.34337e-05 -0.00250223 0.00927625 -0.00505839 -0.00797074 -0.0202446 -0.000416681
internal_weight=6.99208 5.49276 1.49931 4.89815 4.20046 1.6003 2.60016
internal_count=250 184 66 172 157 70 87
is_linear=0
shrinkage=0.05


Tree=568
num_leaves=9
num_cat=0
split_feature=31 29 32 30 0 21 17 10
split_gain=0.0514807 0.0709064 0.139995 0.10173 0.133559 0.0886002 0.0790529 0.0601759
threshold=0.19302244266424434 -0.0035934354107605699 0.027719428264188901 0.0060549121341574317 0.0012301199701210133 -1.0000000180025095e-35 -3.4975499912913667e-05 -0.008644337804185916
decision_type=2 2 2 2 2 2 2 2
left_child=1 2 -1 6 7 -6 -3 -5
right_child=-2 3 -4 4 5 -7 -8 -9
leaf_value=-0.033844542570531592 -0.017782570912987346 0.00022482022975929027 0.015450453567479663 -0.0031863487386256852 -0.012020127876048722 0.02010747926880874 0.022047416116829074 -0.033895688517997735
leaf_weight=0.35751338929549126 0.36553980847384071 0.70139768769149657 0.24119643280937453 0.26706284401006997 0.34514151918119773 0.5673445019056087 1.0163314593955877 0.39615282119484596
leaf_count=37 31 36 13 12 27 22 36 36
internal_value=0.000157843 0.00184276 -0.0139855 0.00472017 -0.00445491 0.00795543 0.0131366 -0.0215297
internal_weight=4.25768 3.89214 0.59871 3.29343 1.5757 0.912486 1.71773 0.663216
internal_count=250 219 50 169 97 49 72 48
is_linear=0
shrinkage=0.05


Tree=569
num_leaves=9
num_cat=0
split_feature=21 29 1 24 24 28 21 21
split_gain=0.068539 0.140348 0.102884 0.0851387 0.114684 0.105651 1.01804e-05 2.5679e-06
threshold=-0.0035448987863623822 -0.00081754060861255462 0.0066522696785845667 -0.00093329779586320816 0.014415285199557594 -0.024131775791238704 -0.00040527243065019419 0.00040390760757880178
decision_type=2 2 2 2 2 2 2 2
left_child=-1 2 6 5 -5 -3 -2 -8
right_child=1 3 -4 4 -6 -7 7 -9
leaf_value=0.014482443150199168 -0.034114289943776653 0.0060779963576917647 -0.0024134060118632594 0.019375926029367649 -0.0033246683312437362 -0.012209868912445665 -0.03384076098968488 -0.033509608558372296
leaf_weight=0.7229998381808399 0.29872911516577005 1.4640113338828085 0.50427454937016591 1.2102340357378132 1.0298095094040034 1.714754427783191 0.116231709718704 0.11794641756569035
leaf_count=33 12 32 21 33 34 37 6 42
internal_value=-0.000116436 -0.00175135 -0.018602 0.00147393 0.00893984 -0.00378722 -0.0339208 -0.033674
internal_weight=7.17899 6.45599 1.03718 5.41881 2.24004 3.17877 0.532907 0.234178
internal_count=250 217 81 136 67 69 60 48
is_linear=0
shrinkage=0.05


Tree=570
num_leaves=9
num_cat=0
split_feature=13 15 15 20 15 15 22 29
split_gain=0.0623675 0.071535 0.107623 0.124956 0.08018 0.143857 0.109681 0.0787889
threshold=31.674897332386326 0.011000000246685425 0.0095143936688033229 -0.061088419513442342 0.0083278056347627864 0.0077694050159963285 -0.0013117943768909399 -0.0033718182032360651
decision_type=2 2 2 2 2 2 2 2
left_child=-1 2 4 -4 5 -2 -6 -5
right_child=1 -3 3 7 6 -7 -8 -9
leaf_value=-0.012973600641726112 0.010091867831090982 0.01872991471699606 0.0068986876333070567 0.0020446352043422427 -0.0021461259436776799 -0.01837625162059071 0.02637409594594109 -0.024669157000268727
leaf_weight=0.81520511384587724 1.1418502260348762 0.56310952524654556 0.83579685096628997 0.37706750637153175 0.56551210174802691 0.72586330818012346 0.83463114936603211 1.0299361981451507
leaf_count=33 33 25 22 20 23 22 28 44
internal_value=1.21634e-05 0.00175508 2.04959e-05 -0.00841394 0.00580923 -0.000971908 0.0148549 -0.01751
internal_weight=6.88897 6.07377 5.51066 2.2428 3.26786 1.86771 1.40014 1.407
internal_count=250 217 192 86 106 55 51 64
is_linear=0
shrinkage=0.05


Tree=571
num_leaves=10
num_cat=0
split_feature=32 29 29 27 16 25 25 21 1
split_gain=0.0525654 0.0804735 0.105231 0.0587375 0.0900265 0.0985939 0.165551 0.145018 0.0300854
threshold=0.065285399631770422 0.0040863722802544364 0.002339464084286536 -0.019696370333794063 0.004583219894230905 -0.0011540621058457876 -0.0041429453672370822 -0.00019971507347621428 -0.0059347687216615421
decision_type=2 2 2 2 2 2 2 2 2
left_child=3 2 8 -1 -5 6 -6 -7 -2
right_child=1 -3 -4 4 5 7 -8 -9 -10
leaf_value=0.016329454697743523 -0.0021824224845621034 -0.033870179253887397 0.023046069640276987 0.016364196078012715 -0.01424205968040587 0.00019912436932614493 0.031293104523376011 -0.034106167781125019 -0.033764247227183727
leaf_weight=0.6594532105373222 0.13205986008688342 0.26439385515550384 0.25866819242946804 0.62159414566122029 0.40085978555725887 0.7447988714848186 0.39758611540310163 0.52536410569882586 0.17578598721229344
leaf_count=23 14 29 10 20 40 45 9 31 29
internal_value=0.000164072 -0.011093 -0.000462842 0.00295648 -0.000321658 -0.00533557 0.00843217 -0.0139902 -0.0202163
internal_weight=4.18056 0.830908 0.566514 3.34966 2.6902 2.06861 0.798446 1.27016 0.307846
internal_count=250 82 53 168 145 125 49 76 43
is_linear=0
shrinkage=0.05


Tree=572
num_leaves=10
num_cat=0
split_feature=21 24 33 7 23 8 21 27 26
split_gain=0.06681 0.0883084 0.0840665 0.135853 0.0969309 0.0954585 0.102998 0.0775664 0.00990609
threshold=-0.0024933130898751039 -0.0025921583594201709 0.34500000000000003 0.57526236176490797 -0.0040759159234969302 0.011760188043357165 0.0013112881169073944 -0.0072446442111588896 0.0037789125592970767
decision_type=2 2 2 2 2 2 2 2 2
left_child=1 -1 3 -2 -4 6 -6 -5 -9
right_child=2 -3 4 7 5 -7 -8 8 -10
leaf_value=0.024662787179226729 0.0077576624524405939 -0.00064274692035313477 -0.011660638924711024 -0.0066173540285680028 0.022128017949438555 -0.0096492749804781581 -0.001781948190379109 -0.023318444706837534 -0.034531309221698524
leaf_weight=0.57642256218241528 0.71568754495092468 0.85780348558910169 0.90879831672646139 0.70181495632277813 1.1714945409912618 0.62039140705019225 0.73175118392100547 0.36137716696248356 0.43297240699757822
leaf_count=26 22 28 30 22 26 10 45 22 19
internal_value=-0.000108738 0.00952767 -0.00255737 -0.0101589 0.00234102 0.00738323 0.0129352 -0.0187292 -0.0294302
internal_weight=7.07851 1.43423 5.64429 2.21185 3.43244 2.52364 1.90325 1.49616 0.79435
internal_count=250 54 196 85 111 81 71 63 41
is_linear=0
shrinkage=0.05


Tree=573
num_leaves=9
num_cat=0
split_feature=29 28 32 11 33 21 31 23
split_gain=0.0599648 0.109361 0.10451 0.0943039 0.161083 0.111795 0.0753889 0.0559063
threshold=-0.0030622976835565359 -0.096574303923250213 -0.042155975580735278 0.59254903197288533 0.57500000000000007 0.0013112881169073944 -0.090926239146210827 0.0050206361227920224
decision_type=2 2 2 2 2 2 2 2
left_child=2 -2 -1 4 5 -3 -5 -6
right_child=1 3 -4 6 7 -7 -8 -9
leaf_value=0.018503289275040285 0.018100241532691609 -0.0097659582792565276 -0.01010882560961454 -0.0098579096514050356 -0.034278218412485191 0.014819229608676416 0.013308477921487573 -0.011742432747781665
leaf_weight=0.96664564230013639 0.57823602203279723 1.3807089843321598 0.47646559993154347 0.53956682339776296 0.6655826238566076 0.69522847211919714 1.0058359837275928 0.46921493043191731
leaf_count=39 12 50 27 22 33 23 31 13
internal_value=1.43218e-05 -0.00243188 0.00905655 -0.00492811 -0.00981268 -0.00153241 0.00522009 -0.0249601
internal_weight=6.77749 5.33437 1.44311 4.75614 3.21074 2.07594 1.5454 1.1348
internal_count=250 184 66 172 119 73 53 46
is_linear=0
shrinkage=0.05


Tree=574
num_leaves=9
num_cat=0
split_feature=22 20 21 30 31 15 21 21
split_gain=0.0501092 0.0619455 0.0658776 0.0833289 0.0615365 0.0483644 0.0694281 2.09364e-06
threshold=0.0082048974914769052 0.16096981848955397 -0.0015171906031645752 -0.0046712686240251147 -0.16052535437814258 0.0081318505833619919 -0.0011061820532373698 -0.0025521066969108603
decision_type=2 2 2 2 2 2 2 2
left_child=1 2 3 -1 -2 -4 -7 -5
right_child=4 -3 5 7 -6 6 -8 -9
leaf_value=0.016985300296641387 0.0050133882244461359 0.019817410306562196 0.010800198327528739 -0.033477590659504508 -0.033909611459931509 0.016929695790514114 -0.0076093573539810421 -0.033749864771855508
leaf_weight=0.11341424565762281 0.18477803049609065 0.4327485176763729 1.0622892541141484 0.12498906976543367 0.22543230967494299 0.36097701219841893 1.4305608078066134 0.16226366808405224
leaf_count=7 13 16 36 37 29 9 87 16
internal_value=0.000200656 0.00204493 -0.000318273 -0.0193036 -0.0163769 0.00234721 -0.00266498 -0.0336314
internal_weight=4.09745 3.68724 3.25449 0.400667 0.41021 2.85383 1.79154 0.287253
internal_count=250 208 192 60 42 132 96 53
is_linear=0
shrinkage=0.05


Tree=575
num_leaves=6
num_cat=0
split_feature=29 16 16 5 21
split_gain=0.066093 0.100624 0.182784 0.134712 0.123235
threshold=0.0079183424289078781 0.0046617050402747275 0.0049607320485826742 0.0070568177230496522 -1.0000000180025095e-35
decision_type=2 2 2 2 2
left_child=1 -1 -3 4 -4
right_child=-2 2 3 -5 -6
leaf_value=-0.016411614245560657 0.010317658033343485 0.029913957441345326 0.0088386769768479378 -0.026204022154474139 -0.0096631480134086092
leaf_weight=1.0472000092267988 1.2430282009299842 0.48145884671248484 2.0692348749144003 0.52887325058691192 1.5927701665714269
leaf_count=35 37 13 63 17 85
internal_value=-0.000132027 -0.00240306 0.000736646 -0.00261532 0.000791404
internal_weight=6.96257 5.71954 4.67234 4.19088 3.66201
internal_count=250 213 178 165 148
is_linear=0
shrinkage=0.05


Tree=576
num_leaves=6
num_cat=0
split_feature=13 29 23 33 6
split_gain=0.0591976 0.0620525 0.0795791 0.0865416 0.135592
threshold=31.674897332386326 -0.0093031486362166165 0.0082086458205183916 0.23500000000000001 1.0257708823608653
decision_type=2 2 2 2 2
left_child=-1 -2 3 -3 -5
right_child=1 2 -4 4 -6
leaf_value=-0.012857331467740077 0.019659449067193278 0.0093104989035828461 0.018155554435282578 0.0023430571663187838 -0.017380200910538865
leaf_weight=0.78799605346284796 0.44625301207997825 1.2952877642819656 0.55807199963601295 2.1209402732783933 1.4790825668023897
leaf_count=33 23 38 29 70 57
internal_value=1.43812e-05 0.00173362 0.000266736 -0.00177261 -0.00576032
internal_weight=6.68763 5.89964 5.45338 4.89531 3.60002
internal_count=250 217 194 165 127
is_linear=0
shrinkage=0.05


Tree=577
num_leaves=10
num_cat=0
split_feature=16 0 0 0 34 13 10 27 11
split_gain=0.049711 0.101658 0.0581825 0.0889166 0.101766 0.0976216 0.00192647 2.46821e-06 3.48953e-07
threshold=0.0080278989070882208 0.0093033194705283168 0.0044746396494101956 0.0012301199701210133 -1.3752316912306199 41.010789158825688 -0.012215143697305501 -0.027074638446665019 0.57425519287586224
decision_type=2 2 2 2 2 2 2 2 2
left_child=2 6 3 4 -1 -6 -2 -8 -9
right_child=1 -3 -4 -5 5 -7 7 8 -10
leaf_value=-0.018798597372206245 -0.023754170719122857 0.029043378105680442 -0.015115621080230216 0.01738964067856617 0.021860507609619696 -0.0033837742775631821 -0.033844735891032832 -0.033598072418278266 -0.033437922455481127
leaf_weight=0.59281596967775918 0.063587883050786331 0.091318431514082476 0.43722192996938236 0.92712884479260527 0.58231436647474799 1.1186768937695886 0.071896757115609944 0.050490240508224704 0.10423028999866801
leaf_count=30 15 6 27 36 15 57 6 6 52
internal_value=0.000208075 -0.0169668 0.00199931 0.00432255 -0.000959004 0.00525831 -0.0314447 -0.0336027 -0.0334902
internal_weight=4.03968 0.381524 3.65816 3.22094 2.29381 1.70099 0.290205 0.226617 0.154721
internal_count=250 85 165 138 102 72 79 64 58
is_linear=0
shrinkage=0.05


Tree=578
num_leaves=9
num_cat=0
split_feature=11 22 26 0 0 27 28 28
split_gain=0.0659104 0.111 0.185796 0.121449 0.138707 0.209716 0.0880812 0.0743932
threshold=0.57293053865432753 -0.002301899024704845 0.026922991040097325 0.00095182434837837182 -0.0014861315654076666 -0.014249805898495336 -0.033081101643172232 0.0080418620390485546
decision_type=2 2 2 2 2 2 2 2
left_child=-1 2 6 4 5 -3 -2 -5
right_child=1 3 -4 7 -6 -7 -8 -9
leaf_value=-0.013910794617451913 -0.014110652803920884 0.018050451153363536 0.02736888187920879 -0.0053385281424975367 0.017183108678416281 -0.01937027523295488 0.01038384067713902 -0.031804626212574717
leaf_weight=0.77097482548560936 0.69179051992250618 0.56531456171069328 0.93619912973372255 0.5505566250067202 0.95042940799612585 1.1087135370398753 0.78177279210649442 0.51285118755185977
leaf_count=24 17 20 27 22 32 58 28 22
internal_value=-0.000136379 0.00160524 0.00995074 -0.00384796 0.0019278 -0.0067334 -0.00111554 -0.0181024
internal_weight=6.8686 6.09763 2.40976 3.68787 2.62446 1.67403 1.47356 1.06341
internal_count=250 226 72 154 110 78 45 44
is_linear=0
shrinkage=0.05


Tree=579
num_leaves=10
num_cat=0
split_feature=21 16 32 16 0 29 6 28 17
split_gain=0.0585624 0.114018 0.101737 0.122884 0.12201 0.0982885 0.0909333 0.0594623 0.0125974
threshold=0.0015291427556902717 0.0075777069883626175 -0.18332467089323864 0.0080916097938561107 0.0029319662353390901 0.0019156742382460126 0.96147676015366057 -0.018112666604498281 -5.2552047195930365e-05
decision_type=2 2 2 2 2 2 2 2 2
left_child=2 6 7 4 5 -4 -2 -1 -3
right_child=1 8 3 -5 -6 -7 -8 -9 -10
leaf_value=0.023919487955438329 -0.012402945709187044 0.018664325514097538 -0.0021366909967503551 -0.027258387847845622 0.010502353916310067 -0.026266824082495657 0.01292070559329609 0.0004090113481487927 0.034309785998336208
leaf_weight=0.46009471686556935 0.72705471189692594 0.23292058633523993 1.1926573922391988 0.62745527981314797 1.0769838700070975 0.65310592891182739 0.69180127349682152 0.64733049905044004 0.28743023326387618
leaf_count=11 19 21 30 31 24 36 29 30 19
internal_value=-1.45526e-05 0.00728644 -0.00305433 -0.00718154 -0.00287144 -0.0106749 -5.57206e-05 0.0101768 0.0273065
internal_weight=6.59683 1.93921 4.65763 3.5502 2.92275 1.84576 1.41886 1.10743 0.520351
internal_count=250 88 162 121 90 66 48 41 40
is_linear=0
shrinkage=0.05


Tree=580
num_leaves=11
num_cat=0
split_feature=5 17 23 3 23 2 8 2 25 4
split_gain=0.0513989 0.0710748 0.0755969 0.109957 0.0952138 0.106185 0.0633943 0.109586 0.0831921 0.0287379
threshold=0.0037422665285693157 -3.9877528213727841e-05 0.0029060253165701382 -0.015664441648858548 0.0039345755386615009 -0.0046280573335181199 0.0021063073551174129 0.013947343955016513 0.0042163440294625829 0.0051510667648043138
decision_type=2 2 2 2 2 2 2 2 2 2
left_child=-1 2 3 -2 -4 -6 8 -8 9 -3
right_child=1 6 4 -5 5 -7 7 -9 -10 -11
leaf_value=-0.020364370600937234 0.0012009047760744235 0.030532783601822683 0.03332846380361508 -0.033851567071579755 0.022179280187080909 -0.033807807090417773 -0.025361544432274254 0.017376300031040164 -0.0011240220647627959 0.013281119841509632
leaf_weight=0.2826032417797254 0.45986765797715634 0.48040712915826567 0.21867793635465205 0.43570556636405011 0.15259342011268018 0.19031127664857195 0.33852574697812077 0.26932481830590405 0.66433300383505411 0.48520753023331054
leaf_count=21 24 15 5 38 14 30 29 16 33 25
internal_value=0.000187649 0.00175954 -0.00683417 -0.0158525 0.00754761 -0.00889342 0.00735539 -0.00642537 0.0124946 0.0218641
internal_weight=3.97756 3.69495 1.45716 0.895573 0.561583 0.342905 2.2378 0.607851 1.62995 0.965615
internal_count=250 229 111 62 49 44 118 45 73 40
is_linear=0
shrinkage=0.05


Tree=581
num_leaves=10
num_cat=0
split_feature=21 30 33 7 20 2 27 29 26
split_gain=0.0638977 0.0821729 0.0781396 0.124682 0.0912642 0.109731 0.0740456 0.0660769 0.00973161
threshold=-0.0024933130898751039 0.0031816290088312331 0.34500000000000003 0.57526236176490797 -0.077765495100857215 -0.0062259614841679847 -0.0072446442111588896 -9.5624694734952595e-05 0.0037789125592970767
decision_type=2 2 2 2 2 2 2 2 2
left_child=1 -1 3 -2 -4 -6 -5 -7 -8
right_child=2 -3 4 6 5 7 8 -9 -10
leaf_value=-0.0023089549227780152 0.0075239152822107781 0.022059253391915778 -0.010540946971536893 -0.0064688685562702816 -0.0082971202613939723 0.00097481999135763881 -0.023043402469079141 0.022601817106029806 -0.034459823236250492
leaf_weight=0.71504294895566978 0.68314919318072531 0.6702316683367826 0.97410798922646824 0.67905090400017809 0.72935758982203003 0.53768943302566219 0.34370957582723316 1.0292304735630744 0.40854127798957052
leaf_count=25 22 29 22 22 34 33 22 22 19
internal_value=-9.60669e-05 0.00948101 -0.00255982 -0.0100505 0.00228323 0.0077234 -0.0184386 0.0151805 -0.0292436
internal_weight=6.77011 1.38527 5.38484 2.11445 3.27039 2.29628 1.4313 1.56692 0.752251
internal_count=250 54 196 85 111 89 63 55 41
is_linear=0
shrinkage=0.05


Tree=582
num_leaves=9
num_cat=0
split_feature=29 13 34 33 20 22 32 16
split_gain=0.0859388 0.0879533 0.119279 0.0782761 0.0901508 0.165807 0.136879 0.0748775
threshold=-0.0093031486362166165 41.010789158825688 -1.8115844303605255 0.89500000000000013 -0.051682377367623315 -0.002301899024704845 -0.024711668027584222 0.0088740731910890002
decision_type=2 2 2 2 2 2 2 2
left_child=-1 2 -2 4 6 -6 -3 -4
right_child=1 3 7 -5 5 -7 -8 -9
leaf_value=0.020662918849221387 0.0061795576456503453 0.029636256892943781 -0.029709960135337738 -0.014051089610194495 -0.024636508488439512 0.0075806955181259355 0.00090605467083759543 -0.0033037185260851769
leaf_weight=0.46790411698748346 0.66697416221722949 0.74726250194362365 0.75420865230262257 0.61469789186958212 0.57435194938443546 1.3108006689290057 0.93117239163257159 0.41682849344215356
leaf_count=24 20 20 39 21 21 60 25 20
internal_value=2.23023e-05 -0.00158298 -0.010698 0.00242667 0.00526899 -0.00223496 0.0136971 -0.0203107
internal_weight=6.4842 6.0163 1.83801 4.17829 3.56359 1.88515 1.67843 1.17104
internal_count=250 226 79 147 126 81 45 59
is_linear=0
shrinkage=0.05


Tree=583
num_leaves=9
num_cat=0
split_feature=27 32 23 29 5 33 7 5
split_gain=0.0494885 0.0571542 0.0775445 0.0643877 0.0737897 0.0646525 0.0598848 2.83778e-06
threshold=-0.0290949916291201 0.065285399631770422 -0.0046649395293827936 -0.0035934354107605699 0.0042509680859100273 0.48500000000000004 0.57862810492515571 0.0051590255234074288
decision_type=2 2 2 2 2 2 2 2
left_child=-1 3 -3 6 -5 -6 -2 -4
right_child=1 2 7 4 5 -7 -8 -9
leaf_value=0.01532090232633971 0.0022438363689455416 0.003230286414031152 -0.033837124917189938 -0.0093822941631545483 0.020102430697246515 0.00056708701071905008 -0.033777831273454871 -0.033528777409462716
leaf_weight=0.47479620319791171 0.22635207002167668 0.26808186854032101 0.16883421721286129 0.70033692043216467 0.81154713347495977 0.88581757766223745 0.23534157256653998 0.13371107287093764
leaf_count=21 11 20 14 35 36 47 29 37
internal_value=0.000191676 -0.00190257 -0.0163505 0.0009807 0.00427311 0.00990736 -0.0161177 -0.0337008
internal_weight=3.90482 3.43002 0.570627 2.8594 2.3977 1.69736 0.461694 0.302545
internal_count=250 229 71 158 118 83 40 51
is_linear=0
shrinkage=0.05


Tree=584
num_leaves=9
num_cat=0
split_feature=22 21 33 16 13 31 19 29
split_gain=0.0637271 0.0855214 0.132377 0.101413 0.121044 0.134193 2.18213e-05 1.78933e-06
threshold=-0.010224915326078053 0.0019773403340929145 0.62500000000000011 0.0082663386996949355 65.558776445758312 0.066432535943579465 -0.039434394064007276 0.0026216089184337714
decision_type=2 2 2 2 2 2 2 2
left_child=-1 3 6 4 5 -2 -3 -8
right_child=1 2 -4 -5 -6 -7 7 -9
leaf_value=0.015681151681155876 0.0097464849148696242 -0.034376809734543191 0.007904583439311318 0.015772563965296214 -0.021418760113599066 -0.0094995662137533458 -0.03356912634460197 -0.033829144986575521
leaf_weight=0.58129947946872551 2.0234706744086002 0.19967512972652912 0.31642588431714103 0.91506587341427792 0.71048175659961987 1.6395776935387401 0.14721351012121875 0.12017616606317461
leaf_count=18 61 6 23 37 17 43 36 9
internal_value=-0.000134228 -0.00164828 -0.017065 0.000635659 -0.00253141 0.00113197 -0.0339813 -0.033686
internal_weight=6.65339 6.07209 0.783491 5.2886 4.37353 3.66305 0.467065 0.26739
internal_count=250 232 74 158 121 104 51 45
is_linear=0
shrinkage=0.05


Tree=585
num_leaves=9
num_cat=0
split_feature=29 13 34 23 23 25 16 16
split_gain=0.0820134 0.0827043 0.112123 0.0764339 0.0866186 0.12493 0.0770317 0.0737417
threshold=-0.0093031486362166165 41.010789158825688 -1.8115844303605255 0.0066468461892038597 -0.0027669954116248392 0.0043825540775941372 0.0061822754214432988 0.0088740731910890002
decision_type=2 2 2 2 2 2 2 2
left_child=-1 2 -2 4 6 -6 -3 -4
right_child=1 3 7 -5 5 -7 -8 -9
leaf_value=0.020349913243215036 0.0059216435675943559 0.020904195532305596 -0.029471204051199514 0.018105931458133353 0.0023186556902557967 -0.024242177367826079 -0.0013758519275274684 -0.0030345894292970396
leaf_weight=0.45981697097886343 0.65986271505244065 0.66785835148766615 0.73282342951279111 0.64800227354862716 1.1504124820348809 0.7196580956224351 0.92565248580649495 0.41212387609994039
leaf_count=24 20 21 39 35 36 24 31 20
internal_value=9.15724e-06 -0.00157171 -0.0104944 0.00234496 -0.000603765 -0.00790273 0.00796197 -0.0199553
internal_weight=6.37621 5.91639 1.80481 4.11158 3.46358 1.87007 1.59351 1.14495
internal_count=250 226 79 147 112 60 52 59
is_linear=0
shrinkage=0.05


Tree=586
num_leaves=9
num_cat=0
split_feature=22 20 21 30 31 15 28 21
split_gain=0.0491986 0.0578641 0.0611458 0.0741998 0.0531061 0.0459484 0.0643089 1.58627e-06
threshold=0.0082048974914769052 0.16096981848955397 -0.0015171906031645752 -0.0046712686240251147 -0.16052535437814258 0.0081318505833619919 0.0080418620390485546 -0.0025521066969108603
decision_type=2 2 2 2 2 2 2 2
left_child=1 2 3 -1 -2 -4 -7 -5
right_child=4 -3 5 7 -6 6 -8 -9
leaf_value=0.016300940523193447 0.0038176637867837746 0.019591309108084692 0.010794098985258268 -0.033468465879804545 -0.033867003660666584 -0.010418300753285335 0.0096089070236345664 -0.033715996472321257
leaf_weight=0.10386976134032011 0.16956601466517895 0.41354133865388565 0.99658578283560961 0.11488826046115719 0.20836965774651606 1.0447885859321102 0.65035046768025484 0.14822817384265485
leaf_count=7 13 16 36 37 29 54 42 16
internal_value=0.000172503 0.0020372 -0.000336135 -0.019482 -0.0169593 0.00227419 -0.00273474 -0.0336079
internal_weight=3.85019 3.47225 3.05871 0.366986 0.377936 2.69172 1.69514 0.263116
internal_count=250 208 192 60 42 132 96 53
is_linear=0
shrinkage=0.05


Tree=587
num_leaves=7
num_cat=0
split_feature=29 5 24 33 11 20
split_gain=0.0609293 0.0932454 0.121643 0.0912536 0.122184 0.106828
threshold=0.0079183424289078781 0.0067174571062145324 -0.022985661634108975 0.34500000000000003 0.57311292290687577 0.065802742179996279
decision_type=2 2 2 2 2 2
left_child=1 2 -1 5 -5 -4
right_child=-2 -3 3 4 -6 -7
leaf_value=0.021047917852629137 0.01029495180484946 -0.017395054645841009 -0.0034321996552154469 -0.014903698143937072 0.011508683355545717 -0.030820875186530795
leaf_weight=0.62291948596248348 1.1585197069216517 0.86414267780492071 1.2470048358591164 0.60841424565296653 1.5620039694185832 0.49829300060082449
leaf_count=19 37 31 57 19 68 19
internal_value=-0.000110124 -0.00234129 0.000524904 -0.00273994 0.00410473 -0.0112518
internal_weight=6.5613 5.40278 4.53864 3.91572 2.17042 1.7453
internal_count=250 213 182 163 87 76
is_linear=0
shrinkage=0.05


Tree=588
num_leaves=9
num_cat=0
split_feature=21 7 17 32 16 0 29 23
split_gain=0.0561369 0.105597 0.114021 0.0937813 0.112787 0.112586 0.092322 0.0506754
threshold=0.0015291427556902717 0.59381327927112593 -8.7276060381646429e-05 -0.18332467089323864 0.0080916097938561107 0.0029319662353390901 0.0019156742382460126 -0.0033190834437444856
decision_type=2 2 2 2 2 2 2 2
left_child=3 2 -2 7 5 6 -5 -1
right_child=1 -3 -4 4 -6 -7 -8 -9
leaf_value=0.022428767569348813 -0.0004897648982683209 -0.0077320604674475969 0.031390312855539948 -0.0020109334896281582 -0.026799459574236646 0.010245376007313501 -0.025886302499222937 0.00031929453183012613
leaf_weight=0.46107262503937818 0.51580644931527775 0.71249191265087564 0.61472478244104412 1.1327203777618713 0.59744950255844731 1.0325522646307943 0.63014737068442617 0.59183849667897426
leaf_count=18 24 26 38 30 31 24 36 23
internal_value=6.76789e-06 0.00734378 0.016845 -0.00303483 -0.00708027 -0.0028658 -0.0105453 0.0100011
internal_weight=6.2888 1.84302 1.13053 4.44578 3.39287 2.79542 1.76287 1.05291
internal_count=250 88 62 162 121 90 66 41
is_linear=0
shrinkage=0.05


Tree=589
num_leaves=9
num_cat=0
split_feature=31 29 32 30 0 17 16 32
split_gain=0.0477796 0.0557934 0.120546 0.0830138 0.117439 0.0661027 0.0659332 0.00825796
threshold=0.19302244266424434 -0.0035934354107605699 0.027719428264188901 0.0060549121341574317 -0.0003992982303850367 -3.4975499912913667e-05 0.0049607320485826742 -0.2188642467932021
decision_type=2 2 2 2 2 2 2 2
left_child=1 2 -1 5 7 -3 -6 -5
right_child=-2 3 -4 4 6 -7 -8 -9
leaf_value=-0.033764079211854203 -0.018188593583070799 0.00025170756606090707 0.014974714716729329 -0.019095038729140937 -0.012852507966218894 0.021300978642611011 0.013868462420899747 -0.033774236794666387
leaf_weight=0.30100571500224838 0.32444618079171039 0.63677083066431805 0.21929070233090897 0.16741057437320706 0.35140574333490693 0.90034129747073188 0.67294408246380044 0.22401179713051611
leaf_count=37 31 36 13 12 16 36 41 28
internal_value=0.000161038 0.00187516 -0.013222 0.00453528 -0.00420003 0.012581 0.00470177 -0.027496
internal_weight=3.79763 3.47318 0.520296 2.95288 1.41577 1.53711 1.02435 0.391422
internal_count=250 219 50 169 97 72 57 40
is_linear=0
shrinkage=0.05


Tree=590
num_leaves=8
num_cat=0
split_feature=8 22 16 32 0 4 31
split_gain=0.0598674 0.115659 0.0870925 0.111781 0.123869 0.108457 0.0369913
threshold=-0.011795579183823119 0.0066061922442051122 0.0046617050402747275 -0.10145693133280075 0.0030946694649471866 0.0047146045922053575 0.12153902286576651
decision_type=2 2 2 2 2 2 2
left_child=-1 2 -2 5 -5 -4 -3
right_child=1 6 3 4 -6 -7 -8
leaf_value=0.014778610826228215 -0.011181788832911002 -0.030788269279353731 0.028504741662629396 0.0080574942620542413 -0.013802688266415217 2.4859947841089769e-05 -0.008179242011984179
leaf_weight=0.61208017918397661 1.1426781318150458 0.39043514044897154 0.76825075939996146 1.4756675965181791 1.1554278515977783 0.59179608337581158 0.33713192693539895
leaf_count=27 36 26 25 62 30 26 18
internal_value=-0.000101047 -0.00165487 0.000989222 0.00447383 -0.00154226 0.0161123 -0.0203119
internal_weight=6.47347 5.86139 5.13382 3.99114 2.6311 1.36005 0.727567
internal_count=250 223 179 143 92 51 44
is_linear=0
shrinkage=0.05


Tree=591
num_leaves=10
num_cat=0
split_feature=21 16 32 13 6 16 6 0 34
split_gain=0.0542111 0.103734 0.0874753 0.110571 0.100389 0.114742 0.0809928 0.0495546 0.0113735
threshold=0.0015291427556902717 0.0075777069883626175 -0.18332467089323864 36.17952356018008 1.0257708823608653 0.0061822754214432988 0.96147676015366057 -0.0027616193467268064 -0.23333213556327295
decision_type=2 2 2 2 2 2 2 2 2
left_child=2 6 7 -4 5 -5 -2 -1 -3
right_child=1 8 3 4 -6 -7 -8 -9 -10
leaf_value=0.020753556123890834 -0.012240392685355653 0.018878706204507836 -0.026460446100693893 0.018884150521936264 -0.016311810767564775 -0.0064913515176981797 0.012528972054813268 -0.001115566254815711 0.034177720185258241
leaf_weight=0.51101737003773451 0.66840233840048291 0.22951206981088035 0.59700798487756435 0.75987316179089281 0.90859325282508496 1.0767304426990447 0.65193381067365408 0.52532742434414081 0.25808406766736869
leaf_count=13 19 19 31 21 36 33 29 28 21
internal_value=-1.58759e-05 0.00726807 -0.00302346 -0.00695881 -0.00271772 0.00400746 -1.01842e-05 0.00966801 0.0269765
internal_weight=6.18648 1.80793 4.37855 3.3422 2.7452 1.8366 1.32034 1.03634 0.487596
internal_count=250 88 162 121 90 54 48 41 40
is_linear=0
shrinkage=0.05


Tree=592
num_leaves=10
num_cat=0
split_feature=22 32 29 29 8 23 16 25 20
split_gain=0.0469108 0.0552268 0.076972 0.113128 0.0638887 0.167572 0.0906211 0.130096 0.049242
threshold=0.0082048974914769052 0.065285399631770422 0.0040863722802544364 0.002339464084286536 0.0021063073551174129 0.0013613179649126785 0.0046878954608843585 0.0018935690417275499 0.065802742179996279
decision_type=2 2 2 2 2 2 2 2 2
left_child=1 4 3 -3 6 -6 -1 -8 -2
right_child=8 2 -4 -5 5 -7 7 -9 -10
leaf_value=0.027640119018552345 0.003393712145077628 -0.020395208636757031 -0.033816492492556825 0.028108222559611009 -0.03384369027208587 0.013497073903506235 0.017780986111892296 -0.013280825230776559 -0.033884654521842215
leaf_weight=0.53842993546277407 0.16184998959943175 0.27151125133241283 0.23384795687161386 0.21574124717153609 0.32785631821025152 0.43486000873235753 0.7277903253707334 0.62793396420602221 0.19569523714380921
leaf_count=14 20 38 29 9 29 23 31 35 22
internal_value=0.000212541 0.00203547 -0.0102362 0.0010807 0.00536612 -0.00685252 0.0102862 0.00339401 -0.0170099
internal_weight=3.73552 3.37797 0.7211 0.487252 2.65687 0.762716 1.89415 1.35572 0.357545
internal_count=250 208 76 47 132 52 80 66 42
is_linear=0
shrinkage=0.05


Tree=593
num_leaves=9
num_cat=0
split_feature=21 29 15 26 31 21 2 24
split_gain=0.0580277 0.092756 0.0914703 0.0783325 0.131449 0.144228 0.0633103 4.20204e-06
threshold=-0.0031355868358565737 -0.00081754060861255462 0.0097879448107176439 -0.0027505105221876098 0.077405887443331586 1.0000000180025095e-35 -0.0048930205108428928 0.0021640454513893741
decision_type=2 2 2 2 2 2 2 2
left_child=-1 2 7 6 5 -5 -3 -2
right_child=1 3 -4 4 -6 -7 -8 -9
leaf_value=0.012459684207397717 -0.033703064586006075 0.022251246044021684 -0.0012972400287953676 0.015015992536402168 -0.018178984856131102 -0.010155747066255154 0.00089464622134598703 -0.034023442766628505
leaf_weight=0.80274575599469233 0.18255072308238585 0.64592627855017781 0.44711398426443338 1.2263054717332131 1.0294230037834493 1.0617921205703167 0.74988261563703396 0.23294941178028239
leaf_count=39 20 19 35 30 24 31 28 24
internal_value=-0.000109072 -0.00191854 -0.0169929 0.000840294 -0.00334074 0.00333504 0.0107777 -0.0338827
internal_weight=6.37869 5.57594 0.862614 4.71333 3.31752 2.2881 1.39581 0.4155
internal_count=250 211 79 132 85 61 47 44
is_linear=0
shrinkage=0.05


Tree=594
num_leaves=9
num_cat=0
split_feature=29 28 25 11 4 1 31 27
split_gain=0.0513131 0.100395 0.0962281 0.0877457 0.141511 0.0739642 0.060362 0.0563389
threshold=-0.0030622976835565359 -0.096574303923250213 0.0077943764213005426 0.59254903197288533 0.0042596302810550225 0.0019074052346677031 -0.090926239146210827 0.0052510406100106941
decision_type=2 2 2 2 2 2 2 2
left_child=2 -2 5 4 -3 -1 -5 -6
right_child=1 3 -4 6 7 -7 -8 -9
leaf_value=0.034140718272942315 0.018302321606883023 0.0060616225321660005 -0.0094142479534308748 -0.0089699959409984369 -0.026238173189720493 0.0042169698946713996 0.013042758445877344 -0.0092689568663158872
leaf_weight=0.40911700058495604 0.52042212150990952 0.93883829866535995 0.46421452541835606 0.47592968901153654 0.95541263377526764 0.41697633225703612 0.90099559543887131 1.0022303143341558
leaf_count=30 12 33 15 22 49 21 31 37
internal_value=-4.99694e-05 -0.00243223 0.00880076 -0.00495732 -0.00989719 0.0190365 0.00543412 -0.0175507
internal_weight=6.08414 4.79383 1.29031 4.27341 2.89648 0.826093 1.37693 1.95764
internal_count=250 184 66 172 119 51 53 86
is_linear=0
shrinkage=0.05


Tree=595
num_leaves=8
num_cat=0
split_feature=27 2 13 27 2 25 26
split_gain=0.0472218 0.0532068 0.0694265 0.0897461 0.0775883 0.0683417 3.73114e-06
threshold=-0.0290949916291201 -0.016801949833589232 41.010789158825688 0.0099447874182597724 -0.0091141053459055082 -0.0045398784191691402 0.023864787640002553
decision_type=2 2 2 2 2 2 2
left_child=-1 -2 4 5 -3 -4 -5
right_child=1 2 3 6 -6 -7 -8
leaf_value=0.015489004314899813 -0.0197927878583911 0.020850165889231002 -0.022559007320725168 -0.033499354172402192 -0.0043226549253573459 0.0046044927272631082 -0.033886140228432365
leaf_weight=0.44457838963717256 0.36781027035613156 0.66968822560738772 0.29611581120843822 0.11041828091401829 0.56382300454424672 1.0620574157946967 0.14322806101699825
leaf_count=21 32 25 25 37 29 63 18
internal_value=0.000215914 -0.00189731 0.000416004 -0.00641649 0.00934398 -0.00131783 -0.0337178
internal_weight=3.65772 3.21314 2.84533 1.61182 1.23351 1.35817 0.253646
internal_count=250 229 197 143 54 88 55
is_linear=0
shrinkage=0.05


Tree=596
num_leaves=6
num_cat=0
split_feature=29 16 5 24 16
split_gain=0.0579737 0.0847076 0.149528 0.0957883 0.176893
threshold=0.0079183424289078781 0.0046617050402747275 0.0070568177230496522 -0.02221139897748153 0.0058262042463009091
decision_type=2 2 2 2 2
left_child=1 -1 3 -3 -5
right_child=-2 2 -4 4 -6
leaf_value=-0.015854052077220394 0.010320552383008549 0.020404961195344781 -0.025674182984783845 0.017521146456973193 -0.0082716956553875644
leaf_weight=0.94249769346788514 1.1043241519946603 0.72465247969375912 0.47592105736839574 0.98774376319488588 2.0327858412420028
leaf_count=35 37 21 18 34 105
internal_value=-7.74951e-05 -0.00230129 0.000724796 0.00407946 0.000162825
internal_weight=6.26792 5.1636 4.2211 3.74518 3.02053
internal_count=250 213 178 160 139
is_linear=0
shrinkage=0.05


Tree=597
num_leaves=10
num_cat=0
split_feature=21 16 32 13 6 16 6 0 12
split_gain=0.0516379 0.100013 0.0822247 0.104112 0.0919993 0.107369 0.0744813 0.0485613 0.0122821
threshold=0.0015291427556902717 0.0075777069883626175 -0.18332467089323864 36.17952356018008 1.0257708823608653 0.0061822754214432988 0.96147676015366057 -0.0027616193467268064 -0.0054535231361830415
decision_type=2 2 2 2 2 2 2 2 2
left_child=2 6 7 -4 5 -5 -2 -1 -3
right_child=1 8 3 4 -6 -7 -8 -9 -10
leaf_value=0.020532410946574126 -0.011906634751501879 0.017889760041895186 -0.026268462482902821 0.018519085684823119 -0.0160052540470581 -0.0064645348512886299 0.012174230314896757 -0.0013791438933054671 0.03413273619148003
leaf_weight=0.496891756542027 0.6540765920653937 0.21080209891078994 0.57370186195476014 0.72791646607220206 0.88009585003601376 1.050889282254502 0.63075515534728765 0.51487657331745118 0.25982876004127309
leaf_count=13 19 17 31 21 36 33 29 28 23
internal_value=-7.43882e-05 0.00713827 -0.00305753 -0.00695093 -0.00278285 0.00375917 -8.47524e-05 0.00938189 0.0268573
internal_weight=5.99983 1.75546 4.24437 3.2326 2.6589 1.77881 1.28483 1.01177 0.470631
internal_count=250 88 162 121 90 54 48 41 40
is_linear=0
shrinkage=0.05


Tree=598
num_leaves=9
num_cat=0
split_feature=27 16 4 28 29 26 20 24
split_gain=0.0438954 0.0524465 0.099109 0.0645903 0.118848 0.135297 0.0194131 4.63257e-06
threshold=-0.0290949916291201 0.0072847571243107858 0.0038969724369864018 -0.025951307483199178 0.0051853945891207074 0.018311682024720447 -0.03655062635746447 -0.0084446454129469811
decision_type=2 2 2 2 2 2 2 2
left_child=-1 3 -3 -2 5 -5 -4 -8
right_child=1 2 6 4 -6 -7 7 -9
leaf_value=0.0150874123031083 -0.012527738592218486 0.011526489567545456 -0.0072717203253693007 0.0086178876466081397 0.023679785066338416 -0.02659463509987994 -0.034022436838683015 -0.033631560888187209
leaf_weight=0.43662002240307662 0.61592808973364377 0.24079372629057605 0.086403889406938106 0.83494317768054294 0.63733294111443672 0.40517200049362145 0.11181820050114766 0.23534514257335104
leaf_count=21 36 15 23 45 21 27 10 52
internal_value=0.000225028 -0.00182351 -0.0141944 0.00152234 0.0061317 -0.00288679 -0.0284792 -0.0337575
internal_weight=3.60436 3.16774 0.674361 2.49338 1.87745 1.24012 0.433567 0.347163
internal_count=250 229 100 129 93 72 85 62
is_linear=0
shrinkage=0.05


Tree=599
num_leaves=9
num_cat=0
split_feature=22 21 33 16 13 31 19 29
split_gain=0.0572955 0.0783347 0.121772 0.0864862 0.107943 0.119059 1.60426e-05 1.44616e-06
threshold=-0.010224915326078053 0.0019773403340929145 0.62500000000000011 0.0082663386996949355 65.558776445758312 0.066432535943579465 -0.039434394064007276 0.0026216089184337714
decision_type=2 2 2 2 2 2 2 2
left_child=-1 3 6 4 5 -2 -3 -8
right_child=1 2 -4 -5 -6 -7 7 -9
leaf_value=0.015570223322616667 0.0096715726831851957 -0.034283711758345214 0.0076566578940681224 0.015231489816459172 -0.020811718960836584 -0.0091020414101113164 -0.033555082463678554 -0.03379823055610786
leaf_weight=0.53564339218428347 1.8879714719951155 0.18189393170177937 0.29866533502354287 0.84984847751911718 0.66016383166424919 1.5280237449333069 0.13539301557466377 0.11152470402885228
leaf_count=18 61 6 23 37 17 43 36 9
internal_value=-5.89361e-05 -0.00153973 -0.0168551 0.000722052 -0.00230306 0.00127387 -0.0339274 -0.0336649
internal_weight=6.18913 5.65348 0.727477 4.92601 4.07616 3.416 0.428812 0.246918
internal_count=250 232 74 158 121 104 51 45
is_linear=0
shrinkage=0.05


end of trees

feature_importances:
x_dxy_ret_1=516
x_spx_ret_1=422
range_pct=317
x_tnx_ret_1=225
rsi_14=219
x_oil_ret_1=211
x_dxy_ret_5=187
corr_dxy=171
x_oil_ret_5=164
ret_1=159
x_tnx_ret_5=159
vol_percentile=158
x_gold_ret_1=147
atr_pct=129
sma_50=124
vol_ratio=123
body_pct=118
x_gold_ret_5=115
corr_vix=112
sma_10=104
dist_sma_10=103
vol_20=102
x_vix_ret_1=101
x_spx_ret_5=79
ret_5=71
ret_10=68
trend_strength=61
ret_20=56
x_vix_ret_5=55
vol_10=49
dist_sma_20=38
sma_20=37
dist_sma_50=33
bb_pctb=23

parameters:
[boosting: gbdt]
[objective: multiclass]
[metric: multi_logloss]
[tree_learner: serial]
[device_type: cpu]
[data_sample_strategy: bagging]
[data: ]
[valid: ]
[num_iterations: 200]
[learning_rate: 0.05]
[num_leaves: 31]
[num_threads: 2]
[seed: 0]
[deterministic: 0]
[force_col_wise: 0]
[force_row_wise: 0]
[histogram_pool_size: -1]
[max_depth: 5]
[min_data_in_leaf: 20]
[min_sum_hessian_in_leaf: 0.001]
[bagging_fraction: 1]
[pos_bagging_fraction: 1]
[neg_bagging_fraction: 1]
[bagging_freq: 0]
[bagging_seed: 3]
[bagging_by_query: 0]
[feature_fraction: 1]
[feature_fraction_bynode: 1]
[feature_fraction_seed: 2]
[extra_trees: 0]
[extra_seed: 6]
[early_stopping_round: 0]
[early_stopping_min_delta: 0]
[first_metric_only: 0]
[max_delta_step: 0]
[lambda_l1: 0]
[lambda_l2: 0]
[linear_lambda: 0]
[min_gain_to_split: 0]
[drop_rate: 0.1]
[max_drop: 50]
[skip_drop: 0.5]
[xgboost_dart_mode: 0]
[uniform_drop: 0]
[drop_seed: 4]
[top_rate: 0.2]
[other_rate: 0.1]
[min_data_per_group: 100]
[max_cat_threshold: 32]
[cat_l2: 10]
[cat_smooth: 10]
[max_cat_to_onehot: 4]
[top_k: 20]
[monotone_constraints: ]
[monotone_constraints_method: basic]
[monotone_penalty: 0]
[feature_contri: ]
[forcedsplits_filename: ]
[refit_decay_rate: 0.9]
[cegb_tradeoff: 1]
[cegb_penalty_split: 0]
[cegb_penalty_feature_lazy: ]
[cegb_penalty_feature_coupled: ]
[path_smooth: 0]
[interaction_constraints: ]
[verbosity: -1]
[saved_feature_importance_type: 0]
[use_quantized_grad: 0]
[num_grad_quant_bins: 4]
[quant_train_renew_leaf: 0]
[stochastic_rounding: 1]
[linear_tree: 0]
[max_bin: 255]
[max_bin_by_feature: ]
[min_data_in_bin: 3]
[bin_construct_sample_cnt: 200000]
[data_random_seed: 1]
[is_enable_sparse: 1]
[enable_bundle: 1]
[use_missing: 1]
[zero_as_missing: 0]
[feature_pre_filter: 1]
[pre_partition: 0]
[two_round: 0]
[header: 0]
[label_column: ]
[weight_column: ]
[group_column: ]
[ignore_column: ]
[categorical_feature: ]
[forcedbins_filename: ]
[precise_float_parser: 0]
[parser_config_file: ]
[objective_seed: 5]
[num_class: 3]
[is_unbalance: 0]
[scale_pos_weight: 1]
[sigmoid: 1]
[boost_from_average: 1]
[reg_sqrt: 0]
[alpha: 0.9]
[fair_c: 1]
[poisson_max_delta_step: 0.7]
[tweedie_variance_power: 1.5]
[lambdarank_truncation_level: 30]
[lambdarank_norm: 1]
[label_gain: ]
[lambdarank_position_bias_regularization: 0]
[eval_at: ]
[multi_error_top_k: 1]
[auc_mu_weights: ]
[num_machines: 1]
[local_listen_port: 12400]
[time_out: 120]
[machine_list_filename: ]
[machines: ]
[gpu_platform_id: -1]
[gpu_device_id: -1]
[gpu_device_id_list: ]
[gpu_use_dp: 0]
[num_gpu: 1]

end of parameters

pandas_categorical:[]
