tree
version=v4
num_class=3
num_tree_per_iteration=3
label_index=0
max_feature_idx=34
objective=multiclass num_class:3
feature_names=ret_1 ret_5 ret_10 ret_20 vol_10 vol_20 vol_ratio sma_10 dist_sma_10 sma_20 dist_sma_20 sma_50 dist_sma_50 rsi_14 bb_pctb atr_pct range_pct body_pct vol_z x_vix_ret_1 x_vix_ret_5 x_dxy_ret_1 x_dxy_ret_5 x_tnx_ret_1 x_tnx_ret_5 x_gold_ret_1 x_gold_ret_5 x_oil_ret_1 x_oil_ret_5 x_spx_ret_1 x_spx_ret_5 corr_vix corr_dxy vol_percentile trend_strength
feature_infos=[-0.31346844308759625:0.14025264653237324] [-0.33282934779020046:0.30637633090668981] [-0.33753083717210441:0.45885094459259279] [-0.24963856234948678:0.62013775251270786] [0.0088959642861502191:0.12746385221922688] [0.010595827684354662:0.09619211790365699] [0.41291362294050638:1.3791212965710753] [31.012499618530274:101.10350112915039] [-0.22142585647038818:0.22462010755601602] [31.944749641418458:91.499750900268552] [-0.17451538505322808:0.36064154287814787] [32.69009990692139:85.883400421142582] [-0.20030208545889069:0.67409936213538491] [19.436922804606525:86.276375985331882] [-0.15419555344665356:1.3453817120625162] [0.011304405405462889:0.15956409373579603] [0:0.53346530720713192] [-0.49271933193439987:0.087200238985409878] [-1.2867540217996609:4.2480817585810637] [-0.18386344627110762:0.3183201123002275] [-0.42442194180549409:0.54047468020857092] [-0.013395944759003298:0.014450913200693138] [-0.035057163196705932:0.028083565298270496] [-0.03211016950357426:0.02639967548160671] [-0.049773815210716665:0.059181234366852298] [-0.10779554287274529:0.060697222287814823] [-0.12104152623129605:0.10599732515288141] [-0.16414337128869971:0.12208368261757263] [-0.13421195174671341:0.356311639494584] [-0.027111673211413612:0.032558782749008364] [-0.038252079517042792:0.083058190857498992] [-0.75965152306906036:0.51503072099164016] [-0.69501031963230042:0.31339223931470017] [0.01:1] [-1.5848294535553686:3.2552293979733533]
tree_sizes=967 973 1272 978 1002 1296 983 1211 888 981 1218 882 1088 1334 996 986 1122 996 994 902 992 990 1115 883 994 902 1096 991 1116 884 988 1107 1085 784 903 994 981 1011 1084 885 1216 1096 1089 904 1197 894 1009 1094 992 1116 1099 778 1231 1201 1202 1121 1196 995 1234 886 891 1345 995 992 1222 1091 894 1127 993 997 1119 1197 993 1330 1208 784 1129 889 994 1217 781 1093 1221 1094 995 1131 992 994 1336 887 888 1342 1097 994 1339 993 1200 1336 881 886 1128 1094 993 1234 995 787 1341 895 1003 1343 992 894 1449 896 994 1232 1097 893 1343 991 884 1224 997 889 1342 1102 888 1447 790 993 1452 1100 790 1117 898 1091 1233 994 993 1351 997 893 1449 1100 999 1462 1099 895 1232 991 1197 1455 991 1199 1449 1104 798 1340 791 1093 1248 996 890 1460 896 994 1348 1105 1209 1340 1098 1212 1455 993 1099 1332 794 891 1354 1104 1098 1352 995 786 1455 997 783 1332 1206 784 1347 997 892 1353 892 784 1449 896 1198 1346 792 1100 1459 895 1202 1333 1096 795 1453 1209 890 1353 791 792 1453 1099 898 1244 997 992 1355 793 1101 1464 1097 785 1353 1214 896 1467 795 893 1354 899 1094 1332 1213 1109 1339 998 786 1462 1005 1109 1343 1113 894 1251 1213 1000 1345 999 900 1230 1105 788 1359 1107 786 1465 1099 998 1251 1107 898 1471 1097 1320 1333 1008 1003 1239 795 996 1353 1004 891 1459 787 901 1331 1003 1208 1239 1108 897 1257 898 901 1466 1009 999 1472 1098 904 1344 996 896 1574 1097 898 1593 794 792 1243 793 897 1346 1110 903 1468 1098 904 1348 1111 1006 1469 997 1007 1253 794 1211 1252 1105 997 1145 894 1214 1476 1112 794 1140 796 791 1365 1102 900 1364 1097 999 1353 1216 788 1465 1106 905 1359 1106 894 1251 791 790 1353 1098 901 1363 901 889 1357 1005 999 1364 1007 892 1247 1113 902 1363 796 899 1700 1099 1000 1357 1210 1118 1358 1115 998 1597 994 797 1487 1100 1107 1703 1105 900 1700 895 1111 1591 900 801 1480 790 904 1594 996 1111 1360 1012 789 1478 901 786 1364 788 902 1489 1005 790 1474 789 1113 1364 1006 790 1485 1003 892 1588 1114 1110 1482 794 1111 1364 784 1003 1601 789 1006 1492 1117 796 1357 797 1105 1481 1101 897 1360 796 1108 1356 901 790 1487 900 894 1374 1114 895 1478 893 1113 1369 1004 1210 1469 895 894 1483 790 1002 1486 1114 1111 1480 796 788 1493 1001 890 1363 1002 994 1495 1097 898 1257 1001 898 1371 906 797 1491 1000 1101 1487 1100 1207 1366 902 1114 1481 904 792 1371 901 1210 1384 1215 1000 1375 1102 785 1360 1004 1115 1495 1097 902 1597 907 1204 1480 1004 900 1598 896 1104 1497 1002 1002 1593 995 1001 1136 998 1005 1591 1217 1005 1596 797 793 1481 1109 884 1371 901 890 1495 999 890 1589 1116 900 1483 785 1002 1481 903 1104 1380 902 901 1492 1102 887 1496 906 796 1597 1100 1223 1498 1222 1002 1268 896 1003 1602 1011 1001 1488 1113 900 1372 1109 901 1604 893 897 1149 793 790 1602 789 897 1269 799 1212 1385 790 895 1258 794

Tree=0
num_leaves=8
num_cat=0
split_feature=6 18 0 2 6 27 14
split_gain=6.98694 7.35823 5.96397 4.19861 3.43618 4.72045 3.1308
threshold=0.94126342539275298 -0.53188899530935607 -0.010848610305276894 0.0063964808474424881 1.0364561919169415 -0.0031445754787510212 0.65287411437547371
decision_type=2 2 2 2 2 2 2
left_child=1 -1 -2 -4 -5 -6 -3
right_child=2 6 3 4 5 -7 -8
leaf_value=-0.9220775236952069 -0.9492903754507197 -0.88772599485195602 -0.93376714689274842 -0.86997770494960969 -0.87800301864458374 -0.92451335937681922 -0.85045458605702884
leaf_weight=11.196456432342528 11.557632446289061 14.085864543914797 12.279984474182127 7.5846962928771999 8.3070483207702654 15.891744613647459 9.3905763626098615
leaf_count=31 32 39 34 21 23 44 26
internal_value=-0.90634 -0.888724 -0.917322 -0.908937 -0.899343 -0.908547 -0.872817
internal_weight=90.294 34.6729 55.6211 44.0635 31.7835 24.1988 23.4764
internal_count=250 96 154 122 88 67 65
is_linear=0
shrinkage=1


Tree=1
num_leaves=8
num_cat=0
split_feature=21 19 26 22 3 0 18
split_gain=5.50788 7.61154 9.38167 9.32728 0.827101 4.44089e-16 4.44089e-16
threshold=0.00070309462270634626 0.015969209203225424 0.023323893851323056 0.0012189109172835446 -0.025097433374587304 0.034908250626824351 -0.21653572308370664
decision_type=2 2 2 2 2 2 2
left_child=4 2 3 -2 -1 6 -6
right_child=1 -3 -4 -5 5 -7 -8
leaf_value=-3.3107892826437637 -3.0706632664115285 -3.3588144858902105 -3.3588144858902105 -3.2752923932876938 -3.3588144858902105 -3.3588144858902105 -3.3588144858902105
leaf_weight=1.0411199927330015 1.0411199927330024 2.1863519847393036 1.0931759923696516 1.1972879916429517 4.1644799709320059 1.0931759923696516 1.1972879916429526
leaf_count=20 20 42 21 23 80 21 23
internal_value=-3.32424 -3.28632 -3.23875 -3.18012 -3.35214 -3.35881 -3.35881
internal_weight=13.014 5.51794 3.33158 2.23841 7.49606 6.45494 5.36177
internal_count=250 106 64 43 144 124 103
is_linear=0
shrinkage=1


Tree=2
num_leaves=11
num_cat=0
split_feature=14 6 21 27 20 0 15 3 9 31
split_gain=6.63789 5.73815 4.4706 4.1156 4.09387 2.97217 2.48213 2.4766 2.43507 2.34739
threshold=1.0069066000915821 1.0309105536361274 0.0022411371037304177 -1.0000000180025095e-35 0.039020292288146415 0.013129343927993477 0.0177772544592119 0.032796128569159928 48.639099788665781 -0.10786259983952258
decision_type=2 2 2 2 2 2 2 2 2 2
left_child=1 2 3 6 -4 7 -1 -3 -5 -9
right_child=-2 5 4 8 -6 -7 -8 9 -10 -11
leaf_value=-0.53874214745837179 -0.6191541601242867 -0.52673665649172408 -0.63204887417582856 -0.61499165593922756 -0.58117130943562223 -0.57997765014725966 -0.57827242259245604 -0.54058689363129575 -0.57440724013490119 -0.57911267964844626
leaf_weight=8.1311999559402448 9.6095999479293805 7.7615999579429653 8.5007999539375287 7.3919999599456805 7.3919999599456778 12.566399931907652 7.7615999579429618 7.3919999599456778 7.3919999599456787 8.5007999539375287
leaf_count=22 26 21 23 20 20 34 21 20 20 23
internal_value=-0.579818 -0.575253 -0.586862 -0.575711 -0.608385 -0.560327 -0.558048 -0.549887 -0.594699 -0.561194
internal_weight=92.4 82.7904 46.5696 30.6768 15.8928 36.2208 15.8928 23.6544 14.784 15.8928
internal_count=250 224 126 83 43 98 43 64 40 43
is_linear=0
shrinkage=1


Tree=3
num_leaves=8
num_cat=0
split_feature=6 18 0 2 6 27 14
split_gain=6.33507 6.68368 5.49705 3.845 3.1536 4.45601 2.83362
threshold=0.94126342539275298 -0.53188899530935607 -0.010848610305276894 0.0063964808474424881 1.0364561919169415 -0.0031445754787510212 0.65287411437547371
decision_type=2 2 2 2 2 2 2
left_child=1 -1 -2 -4 -5 -6 -3
right_child=2 6 3 4 5 -7 -8
leaf_value=-0.015191426595042842 -0.041429550344302235 0.017578424948939419 -0.026369430834500787 0.0346584409800944 0.027387684215887748 -0.017758023139247032 0.052872031102455135
leaf_weight=11.15473300218582 11.408100277185438 14.157154530286791 12.183766096830366 7.6425254344940212 8.3438092470169085 15.846214681863783 9.505596309900282
leaf_count=31 32 39 34 21 23 44 26
internal_value=7.87826e-07 0.0167153 -0.0104992 -0.00248273 0.00665979 -0.00218602 0.0317563
internal_weight=90.2419 34.8175 55.4244 44.0163 31.8325 24.19 23.6628
internal_count=250 96 154 122 88 67 65
is_linear=0
shrinkage=0.05


Tree=4
num_leaves=8
num_cat=0
split_feature=0 7 18 32 21 29 3
split_gain=5.02055 10.7738 7.23566 0.848917 9.52995e-06 7.54243e-06 6.37895e-07
threshold=-0.014162892182731033 53.208750152587896 -0.82799372523253945 -0.011934248046800518 0.001025673809258443 -0.00046381617630519839 -0.0065018909119071147
decision_type=2 2 2 2 2 2 2
left_child=1 -1 -2 4 6 -6 -4
right_child=2 -3 3 -5 5 -7 -8
leaf_value=0.170229681579294 0.10970804675334903 -0.034586232278956443 -0.034575488393429075 0.013182747165539681 -0.034553927421835766 -0.034717649732270837 -0.034531935375020938
leaf_weight=1.2199648208916198 1.0395522937178601 1.3554354831576345 1.0381302945315809 1.0463914647698409 1.1741772480309012 1.7547024898231027 4.4212189614772788
leaf_count=22 20 26 20 20 23 31 88
internal_value=-0.000108993 0.0624349 -0.0154873 -0.029282 -0.0345793 -0.034652 -0.0345402
internal_weight=13.0496 2.5754 10.4742 9.43462 8.38823 2.92888 5.45935
internal_count=250 48 202 182 162 54 108
is_linear=0
shrinkage=0.05


Tree=5
num_leaves=11
num_cat=0
split_feature=14 6 21 27 20 0 3 15 31 9
split_gain=6.05152 5.03814 4.12317 3.84221 3.78501 2.78511 2.29935 2.29076 2.21412 2.20002
threshold=1.0069066000915821 1.0309105536361274 0.0022411371037304177 -1.0000000180025095e-35 0.039020292288146415 0.013129343927993477 0.032796128569159928 0.0177772544592119 -0.10786259983952258 48.639099788665781
decision_type=2 2 2 2 2 2 2 2 2 2
left_child=1 2 3 7 -4 6 -3 -1 -8 -5
right_child=-2 5 4 9 -6 -7 8 -9 -10 -11
leaf_value=0.039990500987610644 -0.03743142751978297 0.051036799609265021 -0.049721692533999107 -0.0332512271496982 -0.00089336814480125537 -0.00059500581242890541 0.037797923175782698 0.0019788443334977884 0.00029698860149596738 0.005279440766862771
leaf_weight=8.0888774991035444 9.6605990529060346 7.6765499413013485 8.5567850172519666 7.432040214538576 7.4021247029304496 12.545175075531004 7.3405530154705039 7.7717415690422049 8.4865119159221631 7.3869355022907257
leaf_count=22 26 21 23 20 20 34 20 21 23 20
internal_value=1.4632e-05 0.00438956 -0.00646116 0.0042612 -0.0270739 0.0184278 0.0285813 0.0213647 0.0176898 -0.0140445
internal_weight=92.3479 82.6873 46.6385 30.6796 15.9589 36.0488 23.5036 15.8606 15.8271 14.819
internal_count=250 224 126 83 43 98 64 43 43 40
is_linear=0
shrinkage=0.05


Tree=6
num_leaves=8
num_cat=0
split_feature=6 18 0 2 6 27 14
split_gain=5.75281 6.03453 5.0556 3.5197 2.90394 4.21158 2.57115
threshold=0.94126342539275298 -0.53188899530935607 -0.010848610305276894 0.0063964808474424881 1.0364561919169415 -0.0031445754787510212 0.65287411437547371
decision_type=2 2 2 2 2 2 2
left_child=1 -1 -2 -4 -5 -6 -3
right_child=2 6 3 4 5 -7 -8
leaf_value=-0.014562413634436867 -0.03998185050130762 0.016578739701669534 -0.025380806840864197 0.033079563258913161 0.026466605324244698 -0.017392167179204363 0.050076073860706942
leaf_weight=11.100809603929518 11.235884398221968 14.216963350772859 12.079930931329725 7.6886688768863705 8.3748636543750781 15.800164848566054 9.594630688428877
leaf_count=31 32 39 34 21 23 44 26
internal_value=-1.45123e-06 0.0158828 -0.0100515 -0.00239865 0.00631417 -0.00219834 0.0300761
internal_weight=90.0919 34.9124 55.1795 43.9436 31.8637 24.175 23.8116
internal_count=250 96 154 122 88 67 65
is_linear=0
shrinkage=0.05


Tree=7
num_leaves=10
num_cat=0
split_feature=21 19 34 2 31 18 4 27 8
split_gain=4.82032 6.27508 7.28324 9.33016 0.860914 5.35656e-06 2.99492e-06 1.68322e-06 7.68594e-07
threshold=0.00070309462270634626 0.015969209203225424 1.7446068083914321 -0.0044371255646490351 -0.3441831795644556 -0.73922820907774223 0.026585727378219789 -0.0081993809289979663 0.014308976175244412
decision_type=2 2 2 2 2 2 2 2 2
left_child=4 2 3 -2 -1 -6 -3 -7 -9
right_child=1 6 -4 -5 5 7 -8 8 -10
leaf_value=0.015457275621825375 0.0096983753236433486 -0.034623292022715579 -0.034688906790513258 0.20053358057738124 -0.03462032450921345 -0.034463675336580894 -0.034505237739711786 -0.034555791773146584 -0.034507085778849429
leaf_weight=1.0001946650445459 1.1252918206155305 1.0683325342833998 1.107561722397804 1.4866624139249325 1.335683338344096 1.521012689918279 1.0806659683585165 1.3756543695926682 1.9697529934346674
leaf_count=20 20 20 20 24 25 32 22 27 40
internal_value=-0.000181102 0.0334567 0.0727565 0.118317 -0.0275896 -0.0345316 -0.0345639 -0.0345073 -0.0345271
internal_weight=13.0708 5.86851 3.71952 2.61195 7.2023 6.2021 2.149 4.86642 3.34541
internal_count=250 106 64 44 144 124 42 99 67
is_linear=0
shrinkage=0.05


Tree=8
num_leaves=7
num_cat=0
split_feature=14 32 19 19 26 27
split_gain=5.54388 4.48934 4.50887 4.55009 6.49961 4.92692
threshold=1.0069066000915821 -0.50376969951616046 -0.076062141151892401 -0.0080194077406610647 0.0032318553269292676 0.0061231973145561289
decision_type=2 2 2 2 2 2
left_child=1 -1 -3 4 -4 -5
right_child=-2 2 3 5 -6 -7
leaf_value=-0.025350406793284125 -0.035743415539266091 0.045005910431910871 -0.038070831085161766 0.032930638455613816 0.01073943324095507 -0.0042108709355214739
leaf_weight=11.101368874311445 9.6931426525115949 7.6853866875171652 12.202045977115633 19.783853977918625 15.463796794414518 16.273364752531052
leaf_count=30 26 21 33 54 42 44
internal_value=2.7091e-05 0.00422936 0.00882792 0.00446464 -0.0107884 0.0161679
internal_weight=92.203 82.5098 71.4084 63.7231 27.6658 36.0572
internal_count=250 224 194 173 75 98
is_linear=0
shrinkage=0.05


Tree=9
num_leaves=8
num_cat=0
split_feature=6 18 0 2 34 34 27
split_gain=5.26379 5.49452 4.6793 3.23087 2.7842 4.47177 2.45788
threshold=0.94126342539275298 -0.53188899530935607 -0.010848610305276894 0.0063964808474424881 1.875776712824224 2.2994106912304848 0.00076366770152147556
decision_type=2 2 2 2 2 2 2
left_child=1 -1 -2 -4 -5 -6 -3
right_child=2 6 3 4 5 -7 -8
leaf_value=-0.013997525232704228 -0.038700183178954933 0.011788459901825928 -0.024460894773560025 0.024635712752599438 -0.035850845103927394 0.01323214333584477 0.043882804085161771
leaf_weight=11.049957960844038 11.071110188961027 11.366232216358187 11.97893315553665 12.30298560857773 7.5584276914596584 12.01995813846588 12.554613530635832
leaf_count=31 32 31 34 34 21 33 34
internal_value=-5.8791e-07 0.0151626 -0.00965391 -0.00232212 0.00599619 -0.00571683 0.0286329
internal_weight=89.9022 34.9708 54.9314 43.8603 31.8814 19.5784 23.9208
internal_count=250 96 154 122 88 54 65
is_linear=0
shrinkage=0.05


Tree=10
num_leaves=10
num_cat=0
split_feature=21 19 0 17 12 18 27 4 34
split_gain=4.43102 5.41951 6.22549 4.22567 0.866058 4.61698e-06 3.41873e-06 2.57929e-06 1.10225e-06
threshold=0.00070309462270634626 0.015969209203225424 -0.014162892182731033 0.0053170828119114416 -0.0064805836411714795 -0.76308206829630942 -0.0031445754787510212 0.026585727378219789 1.7446068083914321
decision_type=2 2 2 2 2 2 2 2 2
left_child=4 2 -2 -4 -1 -6 -7 -3 -8
right_child=1 7 3 -5 5 6 8 -9 -10
leaf_value=0.015964160848667103 0.15369036462787322 -0.034577030006409382 -0.034834685430222438 0.091585286002504346 -0.034590469627690558 -0.03441702308526623 -0.034530835538294238 -0.034465655309583343 -0.034472628896553614
leaf_weight=0.99031121656298626 1.323699716478586 1.0334568619728091 1.4926492758095267 1.1863783188164232 1.0441738702356813 1.6894670389592641 1.8011970967054374 1.045964755117893 1.4830177500844
leaf_count=20 19 20 25 20 20 37 36 22 31
internal_value=-0.000264377 0.0309619 0.0649804 0.021149 -0.0273646 -0.0344949 -0.0344748 -0.034521 -0.0345046
internal_weight=13.0903 6.08215 4.00273 2.67903 7.00817 6.01786 4.97368 2.07942 3.28421
internal_count=250 106 64 45 144 124 104 42 67
is_linear=0
shrinkage=0.05


Tree=11
num_leaves=7
num_cat=0
split_feature=14 32 21 6 27 16
split_gain=5.08672 4.09738 4.21546 3.41894 2.48091 3.20083
threshold=1.0069066000915821 -0.50376969951616046 0.0022411371037304177 1.0338457275283963 0.015137609396044362 0.028828211625034249
decision_type=2 2 2 2 2 2
left_child=1 -1 4 -4 5 -3
right_child=-2 2 3 -5 -6 -7
leaf_value=-0.02413620715367007 -0.034186688658271715 0.013865559481657292 -0.027306246406996044 0.013150126339426679 -0.0088947117985933265 0.046928994347576025
leaf_weight=11.129459470510481 9.7108818888664228 32.26142206788063 12.273952305316927 9.0896552205085737 8.0846315622329694 9.4681920409202558
leaf_count=30 26 88 33 25 22 26
internal_value=3.81842e-05 0.00407614 0.00848746 -0.0100931 0.016456 0.0213674
internal_weight=92.0182 82.3073 71.1779 21.3636 49.8142 41.7296
internal_count=250 224 194 58 136 114
is_linear=0
shrinkage=0.05


Tree=12
num_leaves=9
num_cat=0
split_feature=6 18 25 14 2 3 10 1
split_gain=4.77973 5.01717 4.43575 2.37634 2.22404 3.26899 3.16329 2.21922
threshold=0.94126342539275298 -0.53188899530935607 0.0086695662645596156 0.65287411437547371 0.021129144167761019 0.071205682988444888 0.080269143239397364 0.031113489916074103
decision_type=2 2 2 2 2 2 2 2
left_child=1 -1 4 -3 -2 -6 -7 -4
right_child=2 3 7 -5 5 6 -8 -9
leaf_value=-0.013532725825336132 -0.036568297475116973 0.014309694089915732 -0.0082731699975066922 0.046376510938259126 0.016676817730453247 -0.04724668105370302 -0.0025687950564964456 0.026295959069791021
leaf_weight=11.007238626480101 12.481631487607954 14.335635989904405 8.5471889674663561 9.6776961982250196 7.5401760339736965 7.3865878582000724 8.5448607504367811 10.162806540727614
leaf_count=31 36 39 24 26 21 21 24 28
internal_value=-1.12422e-06 0.0144201 -0.0092402 0.0272331 -0.019515 -0.0104465 -0.0232836 0.0105039
internal_weight=89.6838 35.0206 54.6633 24.0133 35.9533 23.4716 15.9314 18.71
internal_count=250 96 154 65 102 66 45 52
is_linear=0
shrinkage=0.05


Tree=13
num_leaves=11
num_cat=0
split_feature=21 19 26 26 31 10 7 27 21 28
split_gain=4.07973 4.75957 5.57186 4.76531 0.85694 5.49956e-06 2.7837e-06 1.79058e-06 8.57341e-07 8.43179e-07
threshold=0.00070309462270634626 0.015969209203225424 0.023323893851323056 -0.0045908950434062059 -0.3441831795644556 -0.0084476027457778217 48.540699577331544 1.0000000180025095e-35 -0.0025364043464202175 -0.019957427510860489
decision_type=2 2 2 2 2 2 2 2 2 2
left_child=4 2 3 -2 -1 -6 -3 9 -9 -7
right_child=1 6 -4 -5 5 7 -8 8 -10 -11
leaf_value=0.015788544779977987 0.030521183262109338 -0.034544474969462183 -0.034713559091721642 0.1544672595619925 -0.034546803050443449 -0.034364012085428254 -0.034427082154444205 -0.034424960581319018 -0.034488497864163623 -0.034424333748055605
leaf_weight=0.99365915730595578 1.5224212929606438 1.0080943591892721 1.1618279255926607 1.5805534198880196 1.2640160694718359 1.0016616173088548 1.0118585377931593 0.91876321658492122 1.2577472142875192 1.3739237301051619
leaf_count=20 22 20 21 21 25 23 22 20 26 30
internal_value=-0.000311868 0.0287393 0.0586847 0.0936552 -0.0271232 -0.0344545 -0.0344857 -0.0344289 -0.0344617 -0.0343989
internal_weight=13.0945 6.28476 4.2648 3.10297 6.80977 5.81611 2.01995 4.5521 2.17651 2.37559
internal_count=250 106 64 43 144 124 42 99 46 53
is_linear=0
shrinkage=0.05


Tree=14
num_leaves=8
num_cat=0
split_feature=14 12 19 29 27 5 25
split_gain=4.65356 3.84362 3.83266 4.73905 4.65571 4.47936 1.84643
threshold=1.0069066000915821 0.18948306875824386 0.004140168272387835 0.0083427208081533494 0.0052541965779281394 0.031304608163528182 -0.00094726529960864603
decision_type=2 2 2 2 2 2 2
left_child=1 2 3 5 6 -1 -4
right_child=-2 -3 4 -5 -6 -7 -8
leaf_value=-0.0062269767471532997 -0.032662786809764116 0.031024279488349168 0.015068022771197485 0.02321013859545884 -0.0078113964644812954 -0.045579568776271083 0.050377562933056202
leaf_weight=23.955491006374359 9.7227364182472211 11.282108187675474 7.2033751904964447 8.7003549039363843 12.961213052272795 10.357782840728758 7.6180469989776629
leaf_count=65 26 31 20 24 35 28 21
internal_value=4.55831e-05 0.00392011 -0.000399216 -0.00974894 0.0140762 -0.0181059 0.0332167
internal_weight=91.8011 82.0784 70.7963 43.0136 27.7826 34.3133 14.8214
internal_count=250 224 193 117 76 93 41
is_linear=0
shrinkage=0.05


Tree=15
num_leaves=8
num_cat=0
split_feature=6 6 1 0 2 24 31
split_gain=4.41609 4.72476 5.60735 4.16331 2.8843 2.65653 3.15154
threshold=0.94126342539275298 0.75637751874617609 0.0074115308530028354 -0.010848610305276894 0.0063964808474424881 0.0022466909518641391 -0.048547615966447077
decision_type=2 2 2 2 2 2 2
left_child=1 -1 -3 -2 -5 6 -6
right_child=3 2 -4 4 5 -7 -8
leaf_value=-0.011647229650370208 -0.036751456888852257 0.0069066171057067475 0.057217109421407134 -0.023136531274110084 -0.023947679432844284 0.022320432472979365 0.018666896418543032
leaf_weight=11.961213469505308 10.7703520655632 13.812214910984041 9.2456180155277234 11.816668808460234 10.801204919815062 13.781917959451674 7.251169025897986
leaf_count=33 32 38 25 34 30 38 20
internal_value=1.97626e-06 0.0138521 0.0270799 -0.00891032 -0.00204086 0.00578971 -0.00683051
internal_weight=89.4404 35.019 23.0578 54.4213 43.651 31.8343 18.0524
internal_count=250 96 63 154 122 88 50
is_linear=0
shrinkage=0.05


Tree=16
num_leaves=9
num_cat=0
split_feature=21 19 3 12 18 27 4 2
split_gain=3.77576 4.19202 5.09894 0.863602 4.74741e-06 3.49665e-06 2.63118e-06 1.65164e-06
threshold=0.00070309462270634626 0.015969209203225424 0.08064634327304944 -0.0064805836411714795 -0.76308206829630942 -0.0031445754787510212 0.026585727378219789 0.06705628703128387
decision_type=2 2 2 2 2 2 2 2
left_child=3 2 -2 -1 -5 -6 -3 -7
right_child=1 6 -4 4 5 7 -8 -9
leaf_value=0.016373218908917107 0.098652045054590423 -0.034502321256522292 -0.0088961477093549065 -0.034521567987312124 -0.034340214819446185 -0.034463811416214324 -0.034386190734418447 -0.034389972582073457
leaf_weight=0.98239990323781956 2.6109221503138542 0.97543272748589493 1.9070575460791586 0.98776377364993084 1.5727743804454801 1.7482096254825594 0.97557231411337852 1.3361637704074381
leaf_count=20 35 20 29 20 37 37 22 30
internal_value=-0.000367866 0.0268058 0.0532555 -0.0268924 -0.034422 -0.0344009 -0.0344443 -0.0344318
internal_weight=13.0963 6.46898 4.51798 6.62731 5.64491 4.65715 1.95101 3.08437
internal_count=250 106 64 144 124 104 42 67
is_linear=0
shrinkage=0.05


Tree=17
num_leaves=8
num_cat=0
split_feature=14 12 19 29 27 26 25
split_gain=4.2236 3.65736 3.50758 4.36316 4.30495 4.20116 1.78157
threshold=1.0069066000915821 0.18948306875824386 0.004140168272387835 0.0083427208081533494 0.0052541965779281394 0.0011829397824293377 -0.00094726529960864603
decision_type=2 2 2 2 2 2 2
left_child=1 2 3 5 6 -1 -4
right_child=-2 -3 4 -5 -6 -7 -8
leaf_value=-0.037374558659590301 -0.031106161395080337 0.030272424381446457 0.014102217783488295 0.022363539171648614 -0.0075701710010258319 -0.002083933490219968 0.04895522385518946
leaf_weight=14.890495002269743 9.7220284640789014 11.218291312456129 7.1481519341468811 8.6398736238479596 12.953045099973677 19.446725368499756 7.5280265808105487
leaf_count=40 26 31 20 24 35 53 21
internal_value=5.06948e-05 0.00375261 -0.000460992 -0.00939648 0.0134381 -0.0173879 0.0319798
internal_weight=91.5466 81.8246 70.6063 42.9771 27.6292 34.3372 14.6762
internal_count=250 224 193 117 76 93 41
is_linear=0
shrinkage=0.05


Tree=18
num_leaves=8
num_cat=0
split_feature=6 18 25 16 26 17 14
split_gain=4.08144 4.40034 4.00335 2.24439 2.13107 2.40052 2.08949
threshold=0.94126342539275298 -0.53188899530935607 0.0086695662645596156 0.027255335138541843 -0.0023732118167472112 -0.00098007886687046398 0.65287411437547371
decision_type=2 2 2 2 2 2 2
left_child=1 -1 4 -4 -2 -6 -3
right_child=2 6 3 -5 5 -7 -8
leaf_value=-0.012993571250401579 -0.00064620419117798538 0.013149351837006017 0.02443486285423932 -0.010877866384748414 -0.010710710113625696 -0.042295923093856089 0.043179175502976841
leaf_weight=10.934146523475645 11.392984539270399 14.367606312036516 11.115095257759096 7.5601168572902671 11.741303414106369 12.335656732320786 9.7056932151317579
leaf_count=31 33 39 31 21 34 35 26
internal_value=4.76639e-06 0.0133096 -0.00859744 0.0101395 -0.0184626 -0.0268932 0.0252566
internal_weight=89.1526 35.0074 54.1452 18.6752 35.4699 24.077 24.0733
internal_count=250 96 154 52 102 69 65
is_linear=0
shrinkage=0.05


Tree=19
num_leaves=7
num_cat=0
split_feature=18 0 23 21 10 31
split_gain=3.67882 4.36583 0.975997 0.000185284 5.14898e-05 3.29897e-06
threshold=-0.75735966557968848 -0.014162892182731033 0.012595318047531336 0.001025673809258443 0.040613924551281336 -0.28321699017272828
decision_type=2 2 2 2 2 2
left_child=-1 -2 3 5 -5 -3
right_child=1 2 -4 4 -6 -7
leaf_value=0.06023979383856426 0.047176487971045573 -0.03445615128073818 0.020302781802323921 -0.035036576316866755 -0.034602983277563663 -0.034354794801653994
leaf_weight=2.0990007072687158 2.4287371262907973 1.0289540439844111 0.9060804247856139 1.9136409908533099 1.0661655478179453 3.6529035121202469
leaf_count=36 39 22 17 30 21 85
internal_value=-0.000417692 -0.0119959 -0.0287698 -0.0345732 -0.0348814 -0.0343771
internal_weight=13.0955 10.9965 8.56774 7.66166 2.97981 4.68186
internal_count=250 214 175 158 51 107
is_linear=0
shrinkage=0.05


Tree=20
num_leaves=8
num_cat=0
split_feature=14 12 19 29 5 27 25
split_gain=3.85605 3.40473 3.22684 3.97414 4.11349 3.9669 1.76299
threshold=1.0069066000915821 0.18948306875824386 0.004140168272387835 0.0083427208081533494 0.031304608163528182 0.0052541965779281394 -0.00094726529960864603
decision_type=2 2 2 2 2 2 2
left_child=1 2 3 4 -1 6 -4
right_child=-2 -3 5 -5 -6 -7 -8
leaf_value=-0.005224413452666974 -0.029729323900087208 0.02930094977761491 0.013005517023381631 0.021414293230161169 -0.042884164077566629 -0.0072056401570156558 0.047849771438374405
leaf_weight=23.946067869663239 9.7102634906768781 11.129380762577055 7.0870130062103271 8.5801770985126478 10.400184661149977 12.947533279657362 7.442397743463518
leaf_count=65 26 31 20 24 28 35 21
internal_value=5.52912e-05 0.00360253 -0.000459877 -0.00902402 -0.0166279 0.0129196 0.0308538
internal_weight=91.243 81.5328 70.4034 42.9264 34.3463 27.4769 14.5294
internal_count=250 224 193 117 93 76 41
is_linear=0
shrinkage=0.05


Tree=21
num_leaves=8
num_cat=0
split_feature=6 6 1 0 1 22 26
split_gain=3.77919 4.25253 4.98121 3.78972 3.13586 4.14617 2.69506
threshold=0.94126342539275298 0.75637751874617609 0.0074115308530028354 -0.0090471476600370564 0.018007980806412752 -0.0014679640980916895 -0.0045908950434062059
decision_type=2 2 2 2 2 2 2
left_child=1 -1 -3 -2 6 -6 -5
right_child=3 2 -4 4 5 -7 -8
leaf_value=-0.011461992701731497 -0.03319324626726624 0.0062778886805378359 0.053680124233885775 0.0024908694274988251 0.027677808043395841 -0.011294044963879302 -0.040381984682254506
leaf_weight=11.901175528764723 11.909811139106749 13.780566215515138 9.2704177498817426 7.0280192196369171 14.071264535188673 13.252186626195909 7.6616354882717115
leaf_count=33 36 38 25 20 39 37 22
internal_value=3.58204e-06 0.01281 0.0253417 -0.00829741 -0.00123998 0.00877601 -0.0198702
internal_weight=88.8751 34.9522 23.051 53.9229 42.0131 27.3235 14.6897
internal_count=250 96 63 154 118 76 42
is_linear=0
shrinkage=0.05


Tree=22
num_leaves=9
num_cat=0
split_feature=21 19 3 30 18 28 9 21
split_gain=3.4056 3.67477 4.00533 1.02858 1.34459e-05 5.18879e-06 2.25595e-06 2.20406e-06
threshold=0.00070309462270634626 0.015969209203225424 0.08064634327304944 0.026200320418896864 -0.73922820907774223 0.034849967132094768 48.639099788665781 -0.00061647896028110816
decision_type=2 2 2 2 2 2 2 2
left_child=3 2 -2 4 -1 7 -3 -6
right_child=1 6 -4 -5 5 -7 -8 -9
leaf_value=-0.03454516015661234 0.084561958921604674 -0.034474539437350384 -0.0088089153571854484 0.024926980784700306 -0.034303029073168921 -0.034460911534235986 -0.034365596996734471 -0.034393243022324653
leaf_weight=1.1990139745175836 2.9095590300858021 0.9479604475200174 1.8976911455392835 0.84155758097767819 2.4884880445897579 0.92759971693158139 0.95284973084926605 0.93009366095066104
leaf_count=24 35 20 29 18 61 20 22 21
internal_value=-0.000447851 0.0244326 0.0477032 -0.02658 -0.0343969 -0.034356 -0.0344199 -0.0343276
internal_weight=13.0948 6.70806 4.80725 6.38675 5.5452 4.34618 1.90081 3.41858
internal_count=250 106 64 144 126 102 42 82
is_linear=0
shrinkage=0.05


Tree=23
num_leaves=7
num_cat=0
split_feature=14 21 20 0 32 32
split_gain=3.61845 3.29523 3.66418 2.99846 4.60905 4.89915
threshold=1.0069066000915821 0.0022411371037304177 0.045975946076021852 -0.010848610305276894 -0.13286029858301437 -0.25007821571963179
decision_type=2 2 2 2 2 2
left_child=1 3 -3 -1 5 -5
right_child=-2 2 -4 4 -6 -7
leaf_value=0.03487247487031013 -0.028820210818337768 -0.028137689783709081 0.010270260243048474 0.0065622012629782348 0.03048925322535297 -0.036980655295007062
leaf_weight=10.141026496887205 9.6898600459098798 14.316536098718645 10.9663989841938 24.401929736137383 12.665007472038267 8.7857615649700218
leaf_count=29 26 39 30 67 35 24
internal_value=6.09694e-05 0.0035042 -0.0114784 0.0102693 0.00482793 -0.00496488
internal_weight=90.9665 81.2767 25.2829 55.9937 45.8527 33.1877
internal_count=250 224 69 155 126 91
is_linear=0
shrinkage=0.05


Tree=24
num_leaves=8
num_cat=0
split_feature=6 6 1 25 16 26 17
split_gain=3.55407 3.94326 4.62082 3.56425 2.12269 2.05337 2.37786
threshold=0.94126342539275298 0.75637751874617609 0.0074115308530028354 0.0086695662645596156 0.027255335138541843 -0.0023732118167472112 -0.00098007886687046398
decision_type=2 2 2 2 2 2 2
left_child=1 -1 -3 5 -5 -2 -7
right_child=3 2 -4 4 -6 6 -8
leaf_value=-0.010998503195663731 7.7768333504431026e-05 0.0061202575559084092 0.051777211461574491 0.023453088842708681 -0.010932861534015176 -0.009610871390434551 -0.041274569064030993
leaf_weight=11.863770812749861 11.291708469390867 13.782328158617021 9.2685044109821302 11.128876388072969 7.5213809311389914 11.579247295856476 12.151760965585709
leaf_count=33 33 38 25 31 21 34 35
internal_value=6.48041e-06 0.0124236 0.0244785 -0.00807093 0.00958573 -0.0174734 -0.0258247
internal_weight=88.5876 34.9146 23.0508 53.673 18.6503 35.0227 23.731
internal_count=250 96 63 154 52 102 69
is_linear=0
shrinkage=0.05


Tree=25
num_leaves=7
num_cat=0
split_feature=18 0 23 21 11 31
split_gain=3.17243 4.06556 0.922825 0.000265669 7.46288e-05 3.50687e-06
threshold=-0.75735966557968848 -0.014162892182731033 0.012595318047531336 0.001428650189670311 37.358750152587895 -0.28321699017272828
decision_type=2 2 2 2 2 2
left_child=-1 -2 3 5 -5 -3
right_child=1 2 -4 4 -6 -7
leaf_value=0.053505562194322336 0.043846961359450119 -0.034405913606884962 0.017981087884084018 -0.035218139668491036 -0.034702268924177541 -0.034299159753209747
leaf_weight=2.2522708736360082 2.5251942239701739 0.98110397532582094 0.94271584600210179 1.2997337132692339 1.5220875814557073 3.5633556433022022
leaf_count=36 39 22 17 19 29 88
internal_value=-0.000488124 -0.0117126 -0.0285978 -0.0345588 -0.0349399 -0.0343222
internal_weight=13.0865 10.8342 8.309 7.36628 2.82182 4.54446
internal_count=250 214 175 158 48 110
is_linear=0
shrinkage=0.05


Tree=26
num_leaves=9
num_cat=0
split_feature=14 12 19 26 27 17 23 25
split_gain=3.30219 3.116 2.90789 3.75238 3.49952 2.78161 2.41469 1.71688
threshold=1.0069066000915821 0.18948306875824386 0.004140168272387835 0.0011829397824293377 0.0052541965779281394 -0.00068483043084496744 0.0011060457034802742 -0.00094726529960864603
decision_type=2 2 2 2 2 2 2 2
left_child=1 2 3 6 7 -5 -1 -4
right_child=-2 -3 4 5 -6 -7 -8 -9
leaf_value=-0.0096032575895224903 -0.027566196157136437 0.028114024619506718 0.011610191568541256 -0.019796600121966587 -0.0065955394337844286 0.016110565234242244 -0.046048521631397027 0.046279601425879564
leaf_weight=10.309942394495012 9.6613392829895002 10.988045901060103 6.9966171085834503 8.060951352119444 12.93022361397743 16.29943281412125 8.1277340054512006 7.29343229532242
leaf_count=28 26 31 20 22 35 45 22 21
internal_value=6.4121e-05 0.00335949 -0.000525264 -0.00865146 0.0122514 0.00422874 -0.0256691 0.029305
internal_weight=90.6677 81.0064 70.0183 42.7981 27.2203 24.3604 18.4377 14.29
internal_count=250 224 193 117 76 67 50 41
is_linear=0
shrinkage=0.05


Tree=27
num_leaves=8
num_cat=0
split_feature=6 18 0 27 2 6 27
split_gain=3.31036 3.77919 3.45613 3.0989 2.56863 2.50263 3.74347
threshold=0.94126342539275298 -0.55535415071330096 -0.010848610305276894 0.00076366770152147556 0.0063964808474424881 1.0364561919169415 -0.0031445754787510212
decision_type=2 2 2 2 2 2 2
left_child=1 -1 -2 -3 -4 -6 -7
right_child=2 3 4 -5 5 6 -8
leaf_value=-0.015672893051313967 -0.033926327562813489 0.0036957373245236542 -0.021738614090891825 0.038433096933046834 0.030539936388553918 0.024854141555257156 -0.016692344182415678
leaf_weight=9.1113208532333356 10.24044147133827 12.319153457880022 11.603069067001341 13.408095657825468 7.7088576853275326 8.3186062574386614 15.569699376821516
leaf_count=26 32 34 34 36 21 23 44
internal_value=7.61318e-06 0.0119994 -0.00780997 0.0217996 -0.00161919 0.00576903 -0.00222464
internal_weight=88.2792 34.8386 53.4407 25.7272 43.2002 31.5972 23.8883
internal_count=250 96 154 70 122 88 67
is_linear=0
shrinkage=0.05


Tree=28
num_leaves=9
num_cat=0
split_feature=21 27 19 30 8 18 0 27
split_gain=3.05772 3.40527 5.0193 0.998523 0.726687 2.65827e-05 7.93247e-06 2.94419e-06
threshold=0.00070309462270634626 -0.0073145777874613618 -0.0066954261023005604 0.026200320418896864 0.012885501270952998 -0.75735966557968848 -0.0034769572737555206 0.0068201055940260167
decision_type=2 2 2 2 2 2 2 2
left_child=3 -2 -3 5 -4 -1 -7 -8
right_child=1 2 4 -5 -6 6 7 -9
leaf_value=-0.034578854631975402 -0.035162466604171078 0.087846620486596749 -0.034764868222031078 0.023839842554246399 0.023954890379453558 -0.034428544657647088 -0.034223346360424768 -0.034319452927815082
leaf_weight=1.0723067745566366 1.8858179599046705 2.8254060372710228 1.3849911615252497 0.85651288554072369 0.85040677711367596 0.93426235765218679 1.9124576337635524 1.3661472313106058
leaf_count=21 29 34 26 18 17 21 51 33
internal_value=-0.000538397 0.0221856 0.0435553 -0.0262406 -0.0124263 -0.0343566 -0.0343 -0.0342634
internal_weight=13.0883 6.94662 5.0608 6.14169 2.2354 5.28517 4.21287 3.2786
internal_count=250 106 77 144 43 126 105 84
is_linear=0
shrinkage=0.05


Tree=29
num_leaves=7
num_cat=0
split_feature=14 32 19 19 26 27
split_gain=3.1054 2.9778 3.73836 3.17262 4.97856 3.25164
threshold=1.0069066000915821 -0.50376969951616046 -0.076062141151892401 -0.0080194077406610647 0.0032318553269292676 0.0061231973145561289
decision_type=2 2 2 2 2 2
left_child=1 -1 -3 4 -4 -5
right_child=-2 2 3 5 -6 -7
leaf_value=-0.020784155314971561 -0.026770181866913146 0.040745515819087724 -0.033390211240679833 0.02725321163164935 0.009478271955853327 -0.0033955606104545152
leaf_weight=11.096370965242384 9.6280177533626539 7.3828104436397544 12.207420289516451 18.78092697262764 15.213191241025923 16.049279183149338
leaf_count=30 26 21 33 54 42 44
internal_value=7.05486e-05 0.00327163 0.007105 0.00311531 -0.00960641 0.0131307
internal_weight=90.358 80.73 69.6336 62.2508 27.4206 34.8302
internal_count=250 224 194 173 75 98
is_linear=0
shrinkage=0.05


Tree=30
num_leaves=8
num_cat=0
split_feature=6 6 1 25 16 2 27
split_gain=3.02446 3.51015 4.2735 3.28413 2.05083 1.98406 3.00864
threshold=0.94126342539275298 0.75637751874617609 0.0074115308530028354 0.0086695662645596156 0.027255335138541843 0.021129144167761019 -0.0029067971266946708
decision_type=2 2 2 2 2 2 2
left_child=1 -1 -3 5 -5 -2 -7
right_child=3 2 -4 4 -6 6 -8
leaf_value=-0.010715907060966449 -0.033176196991279293 0.0051863390660335656 0.049176545514437883 0.023109665520921176 -0.010785754225911331 0.01378830120218311 -0.023213736450471645
leaf_weight=11.782293349504469 11.870121806859968 13.748470067977907 9.2256387472152692 11.08582264184952 7.4694113731384268 9.3540124595165253 13.311491936445236
leaf_count=33 36 38 25 31 21 27 39
internal_value=5.90462e-06 0.0114722 0.0228513 -0.00750059 0.00946506 -0.0166159 -0.00794306
internal_weight=87.8473 34.7564 22.9741 53.0909 18.5552 34.5356 22.6655
internal_count=250 96 63 154 52 102 66
is_linear=0
shrinkage=0.05


Tree=31
num_leaves=9
num_cat=0
split_feature=21 27 10 14 27 18 12 21
split_gain=2.85466 3.09207 4.71726 8.5855 1.00483 2.58193e-05 5.96888e-06 5.32699e-06
threshold=0.00070309462270634626 -0.0073145777874613618 0.050378548270804298 0.59186377978394 0.018217743304008497 -0.76308206829630942 0.01403303524398824 -0.002026978138577384
decision_type=2 2 2 2 2 2 2 2
left_child=4 -2 3 -3 5 -1 -7 -8
right_child=1 2 -4 -5 -6 6 7 -9
leaf_value=-0.034564314090655787 -0.035114143564030115 0.0087612735832649832 -0.034833067660453333 0.16294585587079813 0.02437059270305042 -0.034394463145359884 -0.034187485437738314 -0.034316411985217322
leaf_weight=1.0075305476784704 1.8283484503626821 2.2666246332228188 1.4934068433940408 1.500602852553129 0.84947293996810902 0.9171916265040635 1.6570138595998285 1.5512426141649487
leaf_count=20 29 35 27 15 19 21 46 38
internal_value=-0.000565835 0.0208993 0.0403669 0.0701777 -0.0260012 -0.0343374 -0.034282 -0.0342498
internal_weight=13.0714 7.08898 5.26063 3.76723 5.98245 5.13298 4.12545 3.20826
internal_count=250 106 77 50 144 125 105 84
is_linear=0
shrinkage=0.05


Tree=32
num_leaves=9
num_cat=0
split_feature=20 6 25 26 21 1 4 33
split_gain=2.90526 3.523 5.55542 3.71661 3.4569 3.12152 2.787 2.70971
threshold=0.066771588266922657 0.98953836668712036 0.0096212394955369502 0.011993423042672148 0.0022411371037304177 0.0074115308530028354 0.014319135454146249 0.69500000000000006
decision_type=2 2 2 2 2 2 2 2
left_child=1 4 3 -3 6 7 -1 -2
right_child=5 2 -4 -5 -6 -7 -8 -9
leaf_value=0.016795117291820535 0.051412015984483 4.6319566994183099e-05 -0.020899010478458407 0.040928792064224 -0.043295186689098861 -0.0069300360360716618 -0.020621431214427326 0.0082329560971654003
leaf_weight=7.9207087755203309 7.1714034080505389 11.103141725063326 12.734750568866728 11.133725851774214 9.2668245732784253 9.8425951898097974 13.390190899372099 7.3648867011070251
leaf_count=22 20 31 35 32 25 27 37 21
internal_value=7.64782e-05 -0.00540423 0.00543471 0.0205157 -0.0178007 0.0148129 -0.00671467 0.0295351
internal_weight=89.9282 65.5493 34.9716 22.2369 30.5777 24.3789 21.3109 14.5363
internal_count=250 182 98 63 84 68 59 41
is_linear=0
shrinkage=0.05


Tree=33
num_leaves=6
num_cat=0
split_feature=32 14 19 28 32
split_gain=2.93924 3.96321 3.51474 3.41467 2.96428
threshold=-0.50376969951616046 1.0069066000915821 -0.071780892959792661 0.066840595175304621 -0.26665323684281872
decision_type=2 2 2 2 2
left_child=-1 2 -2 4 -4
right_child=1 -3 3 -5 -6
leaf_value=0.021810288497065219 -0.038767567346608273 0.030940177303166356 -0.02173411966980154 0.029469751461215804 0.0024094876693230502
leaf_weight=13.136055231094359 8.003672927618025 7.3758170008659354 22.112840890884392 6.9465051889419547 29.908110111951835
leaf_count=36 24 20 64 20 86
internal_value=6.84915e-06 -0.00384551 -0.00767661 -0.00345662 -0.00785337
internal_weight=87.483 74.3469 66.9711 58.9675 52.021
internal_count=250 214 194 170 150
is_linear=0
shrinkage=0.05


Tree=34
num_leaves=7
num_cat=0
split_feature=18 0 32 21 11 31
split_gain=2.74788 3.678 0.858925 0.000354088 0.000191504 5.50218e-06
threshold=-0.75735966557968848 -0.014162892182731033 1.0000000180025095e-35 0.001428650189670311 36.570810127258305 -0.32279910510230109
decision_type=2 2 2 2 2 2
left_child=-1 -2 3 5 -5 -3
right_child=1 2 -4 4 -6 -7
leaf_value=0.047781084883137086 0.039455557988728067 -0.034362399820249745 0.015426672697062285 -0.035416345799165382 -0.034606827278938809 -0.034219789174340869
leaf_weight=2.3934731408953676 2.6578385867178431 0.85696253553032686 0.97957793436944474 1.3222646676003935 1.6326282285153864 3.2090851701796055
leaf_count=36 39 20 17 18 33 87
internal_value=-0.000632133 -0.011504 -0.0284331 -0.0345525 -0.0349691 -0.0342498
internal_weight=13.0518 10.6584 8.00052 7.02094 2.95489 4.06605
internal_count=250 214 175 158 51 107
is_linear=0
shrinkage=0.05


Tree=35
num_leaves=8
num_cat=0
split_feature=14 12 19 29 25 21 8
split_gain=2.80272 2.79245 2.61791 3.30595 3.68966 3.15879 2.57644
threshold=1.0069066000915821 0.18948306875824386 0.004140168272387835 0.0083427208081533494 0.0080400305515768728 0.0018276261205159019 0.0081669721823087512
decision_type=2 2 2 2 2 2 2
left_child=1 2 3 4 -1 6 -4
right_child=-2 -3 5 -5 -6 -7 -8
leaf_value=-0.006253504119687784 -0.025507075810364724 0.026795997798314347 0.045772030602332661 0.019816364831755043 -0.045481519299309457 -0.0081843552078798756 0.0047023217731291299
leaf_weight=26.268990874290466 9.5564006865024549 10.794041872024534 8.1500372886657733 8.4022510349750501 7.7664326429367057 11.444008409976957 7.1854785382747641
leaf_count=72 26 31 24 24 21 32 20
internal_value=8.5425e-05 0.00314215 -0.00054654 -0.00827096 -0.0152048 0.0116944 0.0265288
internal_weight=89.5676 80.0112 69.2172 42.4377 34.0354 26.7795 15.3355
internal_count=250 224 193 117 93 76 44
is_linear=0
shrinkage=0.05


Tree=36
num_leaves=8
num_cat=0
split_feature=6 6 1 0 2 34 13
split_gain=2.73641 3.34014 3.78276 2.99997 2.15246 2.46635 3.99923
threshold=0.94126342539275298 0.75637751874617609 0.0074115308530028354 -0.010848610305276894 0.0063964808474424881 1.875776712824224 76.645043961273799
decision_type=2 2 2 2 2 2 2
left_child=1 -1 -3 -2 -5 -6 -7
right_child=3 2 -4 4 5 6 -8
leaf_value=-0.01073246164380129 -0.032046258625903858 0.0054111717298715827 0.046952453047533614 -0.020117945345612995 0.022863040251664808 -0.023543723948122257 0.023587886596372055
leaf_weight=11.738410890102385 9.8533083200454694 13.64611339569092 9.1577487885951978 11.338066965341566 12.213550537824633 12.006052672863008 7.1999224424362174
leaf_count=33 32 38 25 34 34 34 20
internal_value=4.3667e-06 0.0109384 0.0220936 -0.00717451 -0.00144292 0.00529615 -0.00587506
internal_weight=87.1532 34.5423 22.8039 52.6109 42.7576 31.4195 19.206
internal_count=250 96 63 154 122 88 54
is_linear=0
shrinkage=0.05


Tree=37
num_leaves=8
num_cat=0
split_feature=10 10 12 10 21 21 21
split_gain=2.62869 5.81616 2.61485 1.01235 0.000430892 8.07552e-05 8.46893e-06
threshold=0.050378548270804298 0.021152602004164873 0.067628875617832027 -0.11285941734783071 0.0025336981609509483 0.00070309462270634626 -0.0014770261133393301
decision_type=2 2 2 2 2 2 2
left_child=1 2 3 -1 -5 6 -2
right_child=5 -3 -4 4 -6 -7 -8
leaf_value=0.025259589458256706 -0.034176265910710171 0.076364303255095509 0.061718852936165039 -0.034446259394521901 -0.03543042914327181 -0.034711228583261804 -0.034373022869814966
leaf_weight=0.82781471684574981 1.3341400828212502 2.6624697577208281 1.0210894141346214 2.572834698483347 1.9589714258909223 1.7240333352237938 0.92683634720742825
leaf_count=14 38 39 16 59 28 34 22
internal_value=-0.000620252 0.0142889 -0.0116133 -0.0255842 -0.0348717 -0.0344535 -0.0342569
internal_weight=13.0282 9.04318 6.38071 5.35962 4.53181 3.98501 2.26098
internal_count=250 156 117 101 87 94 60
is_linear=0
shrinkage=0.05


Tree=38
num_leaves=9
num_cat=0
split_feature=20 6 0 21 17 1 31 4
split_gain=2.71001 3.20633 5.0618 3.2165 2.88868 3.18868 2.6461 2.48681
threshold=0.066771588266922657 0.98953836668712036 0.013797734485099357 0.0022411371037304177 -0.0011567865682057864 0.0021813498800227209 -0.12379451245757471 0.014319135454146249
decision_type=2 2 2 2 2 2 2 2
left_child=1 3 6 7 -2 -6 -3 -1
right_child=4 2 -4 -5 5 -7 -8 -9
leaf_value=0.015988478944996904 -0.0083347129838745055 0.044847800650198097 -0.018326781627273223 -0.041724027685851983 0.049240620826597435 0.003533604933726257 0.0075774647917725736 -0.01950184986690514
leaf_weight=7.8448929786682191 8.859976142644884 7.3489110767841348 13.805056273937224 9.2233933806419355 8.0372325479984266 7.2649456560611716 13.5306456387043 13.310698956251143
leaf_count=22 25 22 38 25 23 20 38 37
internal_value=8.63e-05 -0.00522388 0.00516391 -0.0170839 0.0143855 0.0275405 0.0206954 -0.00634137
internal_weight=89.2258 65.0636 34.6846 30.379 24.1622 15.3022 20.8796 21.1556
internal_count=250 182 98 84 68 43 60 59
is_linear=0
shrinkage=0.05


Tree=39
num_leaves=7
num_cat=0
split_feature=32 19 13 20 33 5
split_gain=2.56996 3.66927 2.95294 3.93241 3.84023 2.68293
threshold=-0.50376969951616046 -0.071780892959792661 77.803064234708287 0.025441883310397099 0.71500000000000008 0.01368699949439719
decision_type=2 2 2 2 2 2
left_child=-1 -2 3 5 -5 -3
right_child=1 2 -4 4 -6 -7
leaf_value=0.020382991466514171 -0.034384931871839879 -0.018920236259555287 0.029824871497628247 -0.044292992615104998 -0.001720161418303282 0.01396888469850394
leaf_weight=13.130362421274183 8.5689065158367139 7.9657446146011344 7.5483888685703269 9.4146532118320483 12.111272692680357 27.985247433185577
leaf_count=36 26 23 21 28 36 80
internal_value=5.73012e-06 -0.00362989 0.000422945 -0.00343838 -0.02034 0.00668157
internal_weight=86.7246 73.5942 65.0253 57.4769 21.5259 35.951
internal_count=250 214 188 167 64 103
is_linear=0
shrinkage=0.05


Tree=40
num_leaves=10
num_cat=0
split_feature=19 27 26 0 17 21 21 19 15
split_gain=2.52855 3.47786 4.53361 3.77744 5.5088 0.000383019 1.623e-05 7.28193e-06 1.36344e-06
threshold=0.011424485563714228 -0.0073145777874613618 0.023323893851323056 -0.014162892182731033 0.0053170828119114416 0.001428650189670311 -0.00051231168376147929 0.040467463007027978 0.02540102785746708
decision_type=2 2 2 2 2 2 2 2 2
left_child=1 5 3 -3 -5 -1 8 -8 -2
right_child=6 2 -4 4 -6 -7 7 -9 -10
leaf_value=-0.034228386870386165 -0.034128211230964281 0.12289018653491075 -0.034691155025218509 -0.034891909121321854 0.097441734681884093 -0.035437492722413221 -0.03448915556562155 -0.034316870179914992 -0.034227004254705026
leaf_weight=1.3177643306553357 0.69659136235713981 1.5544222816824902 1.7740384601056574 1.6636939197778704 1.4914098940789697 1.3022684119641779 1.0701513774693023 1.4367527626454828 0.70038167200982571
leaf_count=36 21 13 36 31 19 17 23 35 19
internal_value=-0.000650166 0.013786 0.0334316 0.0590929 0.0276619 -0.0348294 -0.0343143 -0.0343904 -0.0341777
internal_weight=13.0075 9.1036 6.48356 4.70953 3.1551 2.62003 3.90388 2.5069 1.39697
internal_count=250 152 99 63 50 53 98 58 40
is_linear=0
shrinkage=0.05


Tree=41
num_leaves=9
num_cat=0
split_feature=20 21 14 19 1 28 32 6
split_gain=2.57957 3.11006 3.25198 3.24203 3.47837 2.8353 2.39795 2.36415
threshold=0.045975946076021852 0.0022411371037304177 0.97300661240273612 0.004140168272387835 0.040730909693651791 0.028933030695949661 -0.22502480801797856 0.99901229192859031
decision_type=2 2 2 2 2 2 2 2
left_child=1 2 3 4 -1 6 -2 -3
right_child=5 7 -4 -5 -6 -7 -8 -9
leaf_value=-0.016161851956652973 0.037608927751747456 -0.043824772114850523 -0.024699898267408132 0.030525978567605229 0.023084513812777298 -0.01142184207738741 0.0021299337828837926 -0.0043070727078347373
leaf_weight=15.870598614215853 11.586069792509081 8.0763050615787488 9.7827519774436933 10.923181504011152 8.7629421055316907 8.5785060226917249 8.0865386128425616 7.1223822534084311
leaf_count=44 33 22 27 32 25 24 23 20
internal_value=8.96514e-05 -0.00573227 0.000829251 0.00785311 -0.00220066 0.0125652 0.0230251 -0.0253061
internal_weight=88.7893 60.5382 45.3395 35.5567 24.6335 28.2511 19.6726 15.1987
internal_count=250 170 128 101 69 80 56 42
is_linear=0
shrinkage=0.05


Tree=42
num_leaves=9
num_cat=0
split_feature=6 16 0 5 32 6 23 0
split_gain=2.4162 4.21885 3.65564 3.03141 2.58534 2.50156 2.10346 4.17777
threshold=1.0309105536361274 0.0065641166196733405 0.006354026024499416 0.048338959012481149 -0.1735390864362204 1.23249633836537 -0.0052549473674376448 -1.0000000180025095e-35
decision_type=2 2 2 2 2 2 2 2
left_child=1 -1 5 6 -4 -2 -3 -8
right_child=2 3 4 -5 -6 -7 7 -9
leaf_value=-0.016236459052566637 -0.044776567821440703 0.047359311596206474 0.018578193496415943 -0.0096094361037283478 -0.016179810507686212 -0.0060185543399815218 0.035618557632054564 -0.012963411774297148
leaf_weight=13.391674160957335 9.0068988204002398 7.6000629067420951 12.871687412261965 8.2164769172668439 9.155144661664961 7.7415422499179831 11.010544508695602 7.3988687992095992
leaf_count=39 28 21 36 23 27 24 31 21
internal_value=1.06847e-05 0.00755623 -0.00925556 0.0168657 0.00413152 -0.0268617 0.0252292 0.0160931
internal_weight=86.3929 47.6176 38.7753 34.226 22.0268 16.7484 26.0095 18.4094
internal_count=250 135 115 96 63 52 73 52
is_linear=0
shrinkage=0.05


Tree=43
num_leaves=7
num_cat=0
split_feature=18 0 32 21 25 31
split_gain=2.44133 3.1893 0.941831 0.000356225 0.000128282 6.0164e-06
threshold=-0.75735966557968848 -0.014162892182731033 0.038275515082006419 0.001428650189670311 -0.0049156172271392897 -0.33160038423716548
decision_type=2 2 2 2 2 2
left_child=-1 -2 3 5 -5 -3
right_child=1 2 -4 4 -6 -7
leaf_value=0.043700246518376229 0.033906513883644532 -0.034311815073059609 0.020568680570945165 -0.035298253086874835 -0.034630633872123485 -0.034152669990237479
leaf_weight=2.501325562596322 2.8425826393067828 0.73672550171613638 0.87744359858334053 1.2588706053793433 1.6794497668743131 3.0626195464283228
leaf_count=36 39 18 14 18 35 90
internal_value=-0.000673886 -0.0112875 -0.0281576 -0.0345033 -0.0349167 -0.0341835
internal_weight=12.959 10.4577 7.61511 6.73767 2.93832 3.79935
internal_count=250 214 175 161 53 108
is_linear=0
shrinkage=0.05


Tree=44
num_leaves=10
num_cat=0
split_feature=6 1 20 33 0 3 25 2 20
split_gain=2.3248 4.08667 5.61806 2.94639 2.44415 2.77749 2.48114 2.25225 1.51002
threshold=1.0309105536361274 0.0074115308530028354 0.066771588266922657 0.83500000000000008 0.006354026024499416 0.071205682988444888 -0.0028790390695633823 0.093194240508503126 -0.0026693760831497655
decision_type=2 2 2 2 2 2 2 2 2
left_child=1 2 -1 8 6 -6 -2 -7 -3
right_child=4 3 -4 -5 5 7 -8 -9 -10
leaf_value=-0.011468345316682407 0.0047981096239592957 -0.01777758686617362 0.039588058716113914 0.0028769971303762073 -0.026716230798194303 0.030977947199775119 0.042342113178472245 -0.0078765388957760928 -0.047636695413866594
leaf_weight=14.072758346796038 9.1127904057502764 8.2383730113506353 8.730650454759596 8.55024406313896 7.5261287093162563 7.0845733880996686 8.510124057531355 7.8761093318462372 8.7115437984466553
leaf_count=39 27 23 25 24 21 20 25 22 24
internal_value=8.83329e-05 -0.00729988 0.00807942 -0.0210528 0.00898585 -0.00194073 0.0229281 0.0105229 -0.0331239
internal_weight=88.4133 48.3036 22.8034 25.5002 40.1097 22.4868 17.6229 14.9607 16.9499
internal_count=250 135 64 71 115 63 52 42 47
is_linear=0
shrinkage=0.05


Tree=45
num_leaves=7
num_cat=0
split_feature=32 19 13 20 33 3
split_gain=2.31068 3.40159 2.65045 3.33999 3.6264 2.57905
threshold=-0.50376969951616046 -0.071780892959792661 77.803064234708287 0.025441883310397099 0.71500000000000008 -0.010618695829480494
decision_type=2 2 2 2 2 2
left_child=-1 -2 3 5 -5 -3
right_child=1 2 -4 4 -6 -7
leaf_value=0.019345349974180217 -0.033377863890414909 0.032189773846563706 0.028309156259410453 -0.042662429538316636 -0.00088697756325103018 -0.00083405838415780099
leaf_weight=13.095990329980848 8.4082590043544752 7.4686133861541704 7.5316735804080954 9.1742466390132922 11.976406514644621 28.369137048721317
leaf_count=36 26 21 21 28 36 82
internal_value=7.49928e-06 -0.00346506 0.000433173 -0.00325096 -0.0190074 0.00604813
internal_weight=86.0243 72.9283 64.5201 56.9884 21.1507 35.8378
internal_count=250 214 188 167 64 103
is_linear=0
shrinkage=0.05


Tree=46
num_leaves=8
num_cat=0
split_feature=10 2 12 10 17 21 21
split_gain=2.39168 4.75775 3.20044 0.970859 0.00058754 8.98688e-05 1.04936e-05
threshold=0.050378548270804298 0.047898897954025028 0.069826108695435526 -0.11285941734783071 -0.01006886597402297 0.00070309462270634626 -0.0014770261133393301
decision_type=2 2 2 2 2 2 2
left_child=1 2 3 -1 -5 6 -2
right_child=5 -3 -4 4 -6 -7 -8
leaf_value=0.023291648179370752 -0.034101436217388016 0.077606613096243948 0.054258771126344744 -0.035816345226252141 -0.034508374335973493 -0.034691319393927091 -0.034328386539207709
leaf_weight=0.85367770493030448 1.2083209678530695 2.1775954551994801 1.6352824717760084 1.1515795737504944 3.3744951672852044 1.6436452865600584 0.88047766499221447
leaf_count=14 38 28 22 15 77 34 22
internal_value=-0.0006605 0.0130446 -0.00699665 -0.0256164 -0.0348412 -0.0344147 -0.0341971
internal_weight=12.9251 9.19263 7.01503 5.37975 4.52607 3.73244 2.0888
internal_count=250 156 128 106 92 94 60
is_linear=0
shrinkage=0.05


Tree=47
num_leaves=9
num_cat=0
split_feature=20 14 34 30 2 17 1 34
split_gain=2.18655 2.67773 3.23574 3.54168 3.63642 2.54024 2.82024 2.02265
threshold=0.066771588266922657 1.0069066000915821 1.8445605191189891 1.0000000180025095e-35 -0.0076910651904384944 -0.0011567865682057864 0.0021813498800227209 2.2171443024841211
decision_type=2 2 2 2 2 2 2 2
left_child=1 2 3 -1 -5 -2 -7 -4
right_child=5 -3 7 4 -6 6 -8 -9
leaf_value=-0.038302077209751491 -0.0082947116766957357 -0.032599330658542897 0.038891434080178151 0.023406198152774393 -0.01233582027511671 0.04647244783604132 0.0030253565995073278 0.0026431436994105717
leaf_weight=7.954753726720809 8.7789873480796832 7.5850383043289176 6.7950498163700095 10.360148400068278 22.728232055902485 7.7691689133644086 7.1934577524662018 8.8747409880161268
leaf_count=22 25 21 20 30 64 23 20 25
internal_value=8.96402e-05 -0.0046985 -0.00096692 -0.00834642 -0.0011448 0.0130571 0.0255848 0.0183619
internal_weight=88.0396 64.298 56.7129 41.0431 33.0884 23.7416 14.9626 15.6698
internal_count=250 182 161 116 94 68 43 45
is_linear=0
shrinkage=0.05


Tree=48
num_leaves=8
num_cat=0
split_feature=6 6 1 0 18 15 24
split_gain=2.17063 3.03961 3.27336 2.71918 1.93478 2.28144 2.23742
threshold=0.94126342539275298 0.75637751874617609 0.0074115308530028354 -0.010848610305276894 -0.27841517364768259 0.017609853402057968 -0.0037174288462306078
decision_type=2 2 2 2 2 2 2
left_child=1 -1 -3 -2 6 -6 -5
right_child=3 2 -4 4 5 -7 -8
leaf_value=-0.010952665122521833 -0.030647200006272038 0.0049090747811434592 0.043879389740350362 -0.010958384409817277 -0.032125800180452246 0.0016389477958256233 0.022405579518624558
leaf_weight=11.615896821022032 9.4842298328876478 13.416363596916201 9.0053365826606733 8.1526117026805878 8.3223491311073321 12.543074190616606 13.098152548074722
leaf_count=33 32 38 25 24 24 36 38
internal_value=5.23194e-06 0.00980638 0.0205609 -0.00645998 -0.00101321 -0.0118284 0.00960588
internal_weight=85.638 34.0376 22.4217 51.6004 42.1162 20.8654 21.2508
internal_count=250 96 63 154 122 60 62
is_linear=0
shrinkage=0.05


Tree=49
num_leaves=9
num_cat=0
split_feature=29 29 0 12 21 19 18 21
split_gain=2.33015 4.12732 3.01046 4.34679 0.000377356 0.000283064 7.04072e-05 5.82915e-06
threshold=0.0055267861700197827 0.0083427208081533494 -0.015278635098766922 0.069826108695435526 0.001428650189670311 0.004140168272387835 -0.73922820907774223 -0.0025364043464202175
decision_type=2 2 2 2 2 2 2 2
left_child=2 -2 3 -1 6 -6 -4 -8
right_child=1 -3 4 -5 5 -7 7 -9
leaf_value=-0.035248035679057134 0.075717725356420129 -0.034650852933450368 -0.034655302549667408 0.08110934319476204 -0.035505772565035655 -0.034421579353550689 -0.034050042674071218 -0.034195148045273384
leaf_weight=1.5435747317969792 2.2184833642095341 1.3702648561447857 0.81898208521306459 1.672120366245508 1.4324047695845368 1.0384763218462465 1.290087159723043 1.4931960459798579
leaf_count=24 33 29 16 18 20 25 43 42
internal_value=-0.000641425 0.0335765 -0.0138615 0.0252563 -0.0345742 -0.0350501 -0.0342478 -0.0341279
internal_weight=12.8776 3.58875 9.28884 3.2157 6.07315 2.47088 3.60227 2.78328
internal_count=250 62 188 42 146 45 101 85
is_linear=0
shrinkage=0.05


Tree=50
num_leaves=9
num_cat=0
split_feature=14 12 19 26 21 1 8 23
split_gain=2.02919 2.40365 2.18729 2.84252 2.70288 2.19068 2.16033 2.12176
threshold=1.0069066000915821 0.18948306875824386 0.004140168272387835 0.0011829397824293377 0.0018276261205159019 0.019171147918618296 0.0081669721823087512 0.0011060457034802742
decision_type=2 2 2 2 2 2 2 2
left_child=1 2 3 7 6 -5 -4 -1
right_child=-2 -3 4 5 -6 -7 -8 -9
leaf_value=-0.0076294802651113245 -0.021896851972339169 0.024941441900731193 0.042899527922507889 0.027251384212577657 -0.0078967740438047988 -0.0062111421639655384 0.0046956934804841975 -0.042179862734337964
leaf_weight=10.135063648223879 9.3722529113292676 10.533460259437559 7.7422435879707354 6.9121027290821102 11.205600887537001 16.727595180273056 7.0881165266036987 7.9127959609031668
leaf_count=28 26 31 24 20 32 47 20 22
internal_value=8.91478e-05 0.00272225 -0.000733643 -0.00783493 0.0106366 0.0035731 0.0246401 -0.0227775
internal_weight=87.6292 78.257 67.7235 41.6876 26.036 23.6397 14.8304 18.0479
internal_count=250 224 193 117 76 67 44 50
is_linear=0
shrinkage=0.05


Tree=51
num_leaves=6
num_cat=0
split_feature=32 19 14 5 33
split_gain=2.02362 3.22383 2.40077 2.82531 2.57025
threshold=-0.50376969951616046 -0.071780892959792661 0.35263440835164134 0.013584880234422253 0.97500000000000009
decision_type=2 2 2 2 2
left_child=-1 -2 -3 -4 -5
right_child=1 2 3 4 -6
leaf_value=0.018127937989282545 -0.032603532598391459 -0.02571852338556609 -0.01868609948657474 0.016487339960034365 -0.011084093796256456
leaf_weight=13.043267786502836 8.291648328304289 7.6619992554187766 10.938614934682844 33.989885121583939 11.250548020005224
leaf_count=36 26 24 32 98 34
internal_value=4.1776e-06 -0.00327302 0.000536415 0.0041172 0.00963078
internal_weight=85.176 72.1327 63.841 56.179 45.2404
internal_count=250 214 188 164 132
is_linear=0
shrinkage=0.05


Tree=52
num_leaves=10
num_cat=0
split_feature=26 26 29 0 21 21 25 18 21
split_gain=2.28187 3.64348 4.50427 4.26533 0.000229389 0.000170122 0.00014758 3.01346e-05 7.2328e-06
threshold=0.023323893851323056 -0.016121076442306089 0.0055267861700197827 -0.012865413414604008 0.0017184121188301706 0.001428650189670311 -1.0000000180025095e-35 -0.53188899530935607 -0.0014770261133393301
decision_type=2 2 2 2 2 2 2 2 2
left_child=1 5 3 -3 -5 -1 -2 -8 -9
right_child=6 2 -4 4 -6 -7 7 8 -10
leaf_value=-0.034292767799919119 -0.035000642906427619 0.062576806637431967 0.10022692550538513 -0.034252565970868308 -0.035200601107294248 -0.035085950991228479 -0.034514216129070976 -0.034061949388124735 -0.034272736473203995
leaf_weight=1.1143133472651237 1.0158108565956356 1.9758556336164463 1.8064231835305689 1.5400134399533274 1.0894436202943323 1.7186522856354711 0.94370211660862002 0.87972543947398696 0.75729533843696151
leaf_count=29 18 21 22 44 19 28 20 29 20
internal_value=-0.000697897 0.0124485 0.0333134 0.00706668 -0.0346454 -0.034774 -0.0344901 -0.0342892 -0.0341595
internal_weight=12.8412 9.2447 6.41174 4.60531 2.62946 2.83297 3.59653 2.58072 1.63702
internal_count=250 163 106 84 63 57 87 69 49
is_linear=0
shrinkage=0.05


Tree=53
num_leaves=10
num_cat=0
split_feature=20 14 1 19 5 27 34 17 1
split_gain=1.95504 2.35181 3.00024 3.3745 4.95959 2.99443 2.37855 2.31841 2.60271
threshold=0.066771588266922657 1.0069066000915821 0.040730909693651791 0.004140168272387835 0.01368699949439719 0.00076366770152147556 1.3008358884870461 -0.0011567865682057864 0.0021813498800227209
decision_type=2 2 2 2 2 2 2 2 2
left_child=1 2 3 4 -1 -5 -4 -2 -9
right_child=7 -3 6 5 -6 -7 -8 8 -10
leaf_value=0.01535533419939669 -0.0079690537720150424 -0.030765584593138592 -0.0065798703925314646 0.035557914667242688 -0.034067934750348958 -0.011520265146381652 0.030607092470378173 0.045004259870530611 0.0029158208062298875
leaf_weight=7.130400866270068 8.7250553071498889 7.4875991940498343 7.1116200685501125 6.5361844599246961 17.617926418781281 6.9896397292613983 10.876437962055205 7.5636885166168195 7.1410829424858093
leaf_count=20 25 21 20 20 49 20 32 23 20
internal_value=9.87161e-05 -0.00444054 -0.000937103 -0.00885261 -0.0198283 0.0112297 0.0159051 0.0124495 0.0245648
internal_weight=87.1796 63.7498 56.2622 38.2742 24.7483 13.5258 17.9881 23.4298 14.7048
internal_count=250 182 161 109 69 40 52 68 43
is_linear=0
shrinkage=0.05


Tree=54
num_leaves=10
num_cat=0
split_feature=6 16 6 0 27 32 16 4 25
split_gain=1.95386 3.76817 2.76333 2.49066 2.34083 2.13798 1.37212 2.46466 1.18505
threshold=1.0338457275283963 0.0065641166196733405 0.72579868597074493 0.006354026024499416 -0.0031445754787510212 -0.23206440836187839 0.033067663556618637 0.014823734425796153 -0.00033551514938506827
decision_type=2 2 2 2 2 2 2 2 2
left_child=1 8 -3 4 -2 -5 7 -4 -1
right_child=3 2 6 5 -6 -7 -8 -9 -10
leaf_value=-0.031354339722401987 -0.0031411508334512166 -0.011668584992000847 0.014023281449422248 0.020453929663828471 -0.04207121801145973 -0.011392891549681431 0.0063577073167793282 0.050777680905249395 -0.0014990603528116503
leaf_weight=6.4266034364700317 7.2451773285865775 7.4004575908184043 10.168029427528387 9.3001120090484601 8.2676273137330991 12.161340951919557 8.6332787573337537 8.2717462778091413 6.884273022413252
leaf_count=20 23 21 29 26 27 36 25 23 20
internal_value=4.79039e-06 0.00668257 0.0154073 -0.00862536 -0.0238891 0.00240762 0.0228085 0.0305106 -0.0159134
internal_weight=84.7586 47.7844 34.4735 36.9743 15.5128 21.4615 27.0731 18.4398 13.3109
internal_count=250 138 98 112 50 62 77 52 40
is_linear=0
shrinkage=0.05


Tree=55
num_leaves=9
num_cat=0
split_feature=10 10 12 25 17 21 26 23
split_gain=2.2085 3.85091 2.27266 0.871352 0.000391124 9.70848e-05 4.78854e-05 6.44685e-06
threshold=0.050378548270804298 0.021152602004164873 0.071140544057473762 0.0086695662645596156 -0.012957896902092125 0.00020024655014716511 0.025141671794802759 0.0021750184705252589
decision_type=2 2 2 2 2 2 2 2
left_child=1 2 3 4 -1 7 -7 -2
right_child=5 -3 -4 -5 -6 6 -8 -9
leaf_value=-0.035525114160671174 -0.034020388665169023 0.057096076298180157 0.055465023665171691 0.018772819870951578 -0.034496045174536943 -0.034863707095231754 -0.034361040746828025 -0.034223686152940282
leaf_weight=1.3966097626835092 0.96557021141052357 3.1437792088836432 1.0625044293701646 0.92843376658856858 2.7248310111463065 1.015272283926606 0.88834021054208268 0.65415642224252224
leaf_count=20 34 39 13 21 63 20 22 18
internal_value=-0.000697146 0.0121268 -0.0110022 -0.024987 -0.0348448 -0.034387 -0.0346291 -0.0341025
internal_weight=12.7795 9.25616 6.11238 5.04987 4.12144 3.52334 1.90361 1.61973
internal_count=250 156 117 104 83 94 42 52
is_linear=0
shrinkage=0.05


Tree=56
num_leaves=10
num_cat=0
split_feature=6 1 20 33 0 34 3 27 24
split_gain=1.8704 3.4076 4.61996 2.67733 2.08705 4.38722 2.23279 2.01275 1.3792
threshold=1.0309105536361274 0.0074115308530028354 0.066771588266922657 0.83500000000000008 0.013129343927993477 2.1392143301347883 0.032796128569159928 -0.0031445754787510212 0.00047758897183736165
decision_type=2 2 2 2 2 2 2 2 2
left_child=1 2 -1 8 6 -6 -2 -8 -3
right_child=4 3 -4 -5 5 -7 7 -9 -10
leaf_value=-0.010063876619396568 0.042443842094324433 -0.015399052314856358 0.036903874337127322 0.0037972148437611778 -0.032177169095258681 0.018539967380960823 -0.01156017419167836 0.024600589892413965 -0.044201491830058559
leaf_weight=13.891943812370302 6.6850227117538479 7.7726253867149415 8.402615159749983 8.4048342406749708 7.9382680058479336 9.2124962806701642 7.1631575822830209 8.3153034746646846 8.9332609176635724
leaf_count=39 21 22 25 24 22 26 21 25 25
internal_value=9.80534e-05 -0.00658908 0.00763784 -0.0192205 0.00816143 -0.00493457 0.0182955 0.00786603 -0.0308008
internal_weight=86.7195 47.4053 22.2946 25.1107 39.3142 17.1508 22.1635 15.4785 16.7059
internal_count=250 135 64 71 115 48 67 46 47
is_linear=0
shrinkage=0.05


Tree=57
num_leaves=8
num_cat=0
split_feature=6 6 1 25 16 26 17
split_gain=1.87247 2.64222 2.8236 2.49756 1.92226 1.88128 2.32995
threshold=0.94126342539275298 0.75637751874617609 0.0074115308530028354 0.0086695662645596156 0.027255335138541843 -0.0023732118167472112 -0.00098007886687046398
decision_type=2 2 2 2 2 2 2
left_child=1 -1 -3 5 -5 -2 -7
right_child=3 2 -4 4 -6 6 -8
leaf_value=-0.010293862950079119 0.0029786460107461329 0.0046788392800127835 0.041193831867637094 0.022131621605595977 -0.011094756295897948 -0.005992063812648345 -0.038530175256358677
leaf_weight=11.473262727260588 10.599154397845266 13.230633229017259 8.8258437514305097 10.864966839551927 7.2627214491367331 10.740471884608269 11.279778257012367
leaf_count=33 33 38 25 31 21 34 35
internal_value=-1.74367e-06 0.00916709 0.0192902 -0.0060598 0.00881972 -0.0143288 -0.0226596
internal_weight=84.2768 33.5297 22.0565 50.7471 18.1277 32.6194 22.0203
internal_count=250 96 63 154 52 102 69
is_linear=0
shrinkage=0.05


Tree=58
num_leaves=10
num_cat=0
split_feature=26 26 29 0 21 21 21 29 21
split_gain=2.13913 3.31792 3.57658 3.83655 0.000246124 0.000151535 0.000118152 2.61295e-05 2.65345e-05
threshold=0.023323893851323056 -0.016121076442306089 0.0055267861700197827 -0.012865413414604008 0.0017184121188301706 0.001428650189670311 0.0026840217540907711 -8.1454106746259289e-05 -0.0013658083856538104
decision_type=2 2 2 2 2 2 2 2 2
left_child=1 5 3 -3 -5 -1 7 -2 -9
right_child=6 2 -4 4 -6 -7 -8 8 -10
leaf_value=-0.03425399514099732 -0.034048903360466155 0.057214934135036123 0.087087574622972827 -0.034208381298783001 -0.035207868555409576 -0.035018584299851482 -0.034988590732992535 -0.034196407296440336 -0.034575178956371952
leaf_weight=1.0670692976564162 0.80400066450238306 2.0687753371894351 1.982703275978565 1.4580001533031466 1.0664847977459428 1.6502149347215889 0.77506280876696099 0.90328334085643336 0.9472683519124987
leaf_count=29 27 21 22 44 19 28 14 26 20
internal_value=-0.000696786 0.011758 0.0309626 0.00673604 -0.0346306 -0.0347183 -0.0344455 -0.0342869 -0.0343903
internal_weight=12.7229 9.29325 6.57596 4.59326 2.52448 2.71728 3.42962 2.65455 1.85055
internal_count=250 163 106 84 63 57 87 73 46
is_linear=0
shrinkage=0.05


Tree=59
num_leaves=7
num_cat=0
split_feature=14 21 20 0 32 32
split_gain=1.69792 2.19782 2.46188 2.2593 3.63412 3.91246
threshold=1.0069066000915821 0.0022411371037304177 0.045975946076021852 -0.010848610305276894 -0.13286029858301437 -0.25007821571963179
decision_type=2 2 2 2 2 2
left_child=1 3 -3 -1 5 -5
right_child=-2 2 -4 4 -6 -7
leaf_value=0.03087911951035413 -0.020159419186108026 -0.023814566425343416 0.0084036051497584502 0.0054287620942034178 0.027128685209918114 -0.033976538686578538
leaf_weight=9.1243727803230268 9.2308351099491102 13.777732640504839 10.408843398094175 23.169191002845761 11.874640196561815 8.65116795897484
leaf_count=29 26 39 30 67 35 24
internal_value=0.000104504 0.00253357 -0.00994928 0.00824961 0.00352413 -0.00528456
internal_weight=86.2368 77.0059 24.1866 52.8194 43.695 31.8204
internal_count=250 224 69 155 126 91
is_linear=0
shrinkage=0.05


Tree=60
num_leaves=7
num_cat=0
split_feature=32 19 13 32 27 24
split_gain=1.8053 3.00508 2.29916 2.98126 4.77987 3.43212
threshold=-0.50376969951616046 -0.071780892959792661 77.803064234708287 -0.22502480801797856 -0.0070363230232534093 -0.0031152819580795295
decision_type=2 2 2 2 2 2
left_child=-1 -2 3 5 -5 -3
right_child=1 2 -4 4 -6 -7
leaf_value=0.017184784254416982 -0.031840755528513058 -0.0338458535349161 0.026677212040566053 0.04322213747982491 -0.0038946192944467567 0.0012973229447786744
leaf_weight=12.927838027477263 8.0768637806177122 12.537056937813757 7.4294597804546347 7.3723747134208706 19.945409238338478 15.582173511385912
leaf_count=36 26 39 21 21 60 47
internal_value=5.20707e-07 -0.00313093 0.000557611 -0.00294284 0.00882099 -0.0143714
internal_weight=83.8712 70.9433 62.8665 55.437 27.3178 28.1192
internal_count=250 214 188 167 81 86
is_linear=0
shrinkage=0.05


Tree=61
num_leaves=11
num_cat=0
split_feature=27 12 10 4 21 0 23 21 21 32
split_gain=2.11502 2.83008 3.32353 2.53987 0.000525012 0.000139557 9.98446e-05 4.88597e-05 1.72897e-05 1.17602e-05
threshold=-0.0073145777874613618 0.094757459096297833 0.013467378622698997 0.04332470515195392 0.0027557726860134584 -0.0090471476600370564 0.0077039173898337818 0.00096570780090388119 -0.00061647896028110816 -0.22502480801797856
decision_type=2 2 2 2 2 2 2 2 2 2
left_child=4 2 3 5 7 -2 8 9 -3 -1
right_child=1 6 -4 -5 -6 -7 -8 -9 -10 -11
leaf_value=-0.034015471497148682 -0.03514595697616122 -0.034086377191232191 0.063207028404212995 0.058905082171755829 -0.035656316740117266 -0.034380306847248548 -0.034960064298878893 -0.034620881085037462 -0.034408383203431252 -0.034282082002711267
leaf_weight=0.97857830859720751 1.0818292573094361 0.7334299609065057 3.3941175676882267 1.0364902336150406 0.9614538587629794 1.3229840341955417 0.75611617788672436 0.71553657762706269 0.96582368575036537 0.71643322706222645
leaf_count=35 18 24 39 15 12 34 15 15 24 19
internal_value=-0.000749298 0.0115613 0.0281007 -0.00652427 -0.0346684 -0.0347247 -0.0344821 -0.0342744 -0.0342694 -0.0341282
internal_weight=12.6628 9.29079 6.83542 3.4413 3.372 2.40481 2.45537 2.41055 1.69925 1.69501
internal_count=250 169 106 67 81 52 63 69 48 54
is_linear=0
shrinkage=0.05


Tree=62
num_leaves=8
num_cat=0
split_feature=20 17 1 30 28 14 13
split_gain=1.66076 2.13944 2.27605 2.06957 2.61718 2.0345 2.50739
threshold=0.066771588266922657 -0.0011567865682057864 0.0021813498800227209 -0.004407399218083973 -0.018494661262625275 0.99707896685407171 61.024283199120809
decision_type=2 2 2 2 2 2 2
left_child=3 -2 -3 -1 -5 6 -6
right_child=1 2 -4 4 5 -7 -8
leaf_value=-0.029213535322232559 -0.0080570278724828148 0.043060107792998195 0.0032161110711185457 -0.020136072563752432 -0.0023257042545912318 -0.019467824129387815 0.024371948517524979
leaf_weight=7.2535875141620627 8.6282013356685656 7.2835137546062452 7.0570115447044373 13.329330891370772 18.841990828514099 6.9444900453090659 16.49254634976387
leaf_count=21 25 23 20 38 55 20 48
internal_value=0.000110037 0.0116161 0.0234528 -0.0040941 -0.000817501 0.00527307 0.0101355
internal_weight=85.8307 22.9687 14.3405 62.8619 55.6084 42.279 35.3345
internal_count=250 68 43 182 161 123 103
is_linear=0
shrinkage=0.05


Tree=63
num_leaves=8
num_cat=0
split_feature=28 0 1 26 28 26 1
split_gain=1.69804 2.68434 3.40345 3.7192 4.32202 3.0013 2.43191
threshold=0.066840595175304621 -0.010848610305276894 0.0074115308530028354 0.01344173506750468 0.020588253627280565 -0.016121076442306089 0.0095217517472774311
decision_type=2 2 2 2 2 2 2
left_child=1 6 5 -4 -5 -3 -1
right_child=-2 2 3 4 -6 -7 -8
leaf_value=-0.0046743773438806405 0.01728013779806575 0.0058780845044569558 0.035622017067449281 0.012639035896533729 -0.032740587849678746 -0.032962705371502574 -0.047486106711648719
leaf_weight=7.7619676589965803 12.145157530903814 9.2844474613666552 10.648489177227018 20.035303801298145 7.1085470020771018 10.71197873353958 5.7926404923200607
leaf_count=24 36 27 30 58 21 34 20
internal_value=-2.32088e-06 -0.0029444 0.00175274 0.0105791 0.000754827 -0.0149287 -0.0229702
internal_weight=83.4885 71.3434 57.7888 37.7923 27.1439 19.9964 13.5546
internal_count=250 214 170 109 79 61 44
is_linear=0
shrinkage=0.05


Tree=64
num_leaves=10
num_cat=0
split_feature=26 26 27 29 0 21 21 14 24
split_gain=2.01918 2.99845 2.97856 3.21084 4.21175 0.000128607 0.000109772 2.84657e-05 5.9909e-06
threshold=0.023323893851323056 -0.016121076442306089 -0.0073145777874613618 0.0055267861700197827 -0.012865413414604008 0.001428650189670311 0.0026840217540907711 0.78107161524579183 -0.0060777869556781208
decision_type=2 2 2 2 2 2 2 2 2
left_child=1 5 -3 4 -4 -1 7 -2 -9
right_child=6 2 3 -5 -6 -7 -8 8 -10
leaf_value=-0.03420305821961702 -0.034432625829977116 -0.034789041124544465 0.074596587720936969 0.10152051881322166 -0.034744896497662096 -0.034926520088717286 -0.034938315470663749 -0.03420032235441877 -0.033991008845512198
leaf_weight=1.0093859154731029 1.1636395845562235 1.4464860521256913 1.7228091321885575 1.7519981525838373 1.8017949350178253 1.5693849977105854 0.75356128811836232 0.68705499544739757 0.68038434535264913
leaf_count=29 28 34 14 14 44 28 14 20 25
internal_value=-0.000707315 0.0111932 0.0287746 0.0461995 0.0187007 -0.0346433 -0.0344086 -0.0342509 -0.0340962
internal_weight=12.5865 9.30186 6.72309 5.2766 3.5246 2.57877 3.28464 2.53108 1.36744
internal_count=250 163 106 72 58 57 87 73 45
is_linear=0
shrinkage=0.05


Tree=65
num_leaves=9
num_cat=0
split_feature=6 1 20 8 0 34 3 27
split_gain=1.58794 3.02243 4.01652 2.56793 1.81415 3.97388 2.08421 1.8095
threshold=1.0309105536361274 0.0074115308530028354 0.066771588266922657 0.032895226057923242 0.013129343927993477 2.1392143301347883 0.032796128569159928 -0.0031445754787510212
decision_type=2 2 2 2 2 2 2 2
left_child=1 2 -1 -3 6 -6 -2 -8
right_child=4 3 -4 -5 5 -7 7 -9
leaf_value=-0.0090432418076415652 0.04101242663130119 -0.033726858210300824 0.035199767699940231 -0.0014867057652361831 -0.030539776771230862 0.017874359146598837 -0.011250051383380004 0.023274223184151448
leaf_weight=13.808073818683626 6.4482176601886776 12.735845297574999 8.1620880961418134 11.991821080446242 7.9160307049751308 9.1234569549560529 7.1397908926010141 8.1022979319095576
leaf_count=39 21 36 25 35 22 26 21 25
internal_value=0.00010648 -0.00610166 0.00739338 -0.0180918 0.00759185 -0.00461738 0.0171832 0.00710215
internal_weight=85.4276 46.6978 21.9702 24.7277 38.7298 17.0395 21.6903 15.2421
internal_count=250 135 64 71 115 48 67 46
is_linear=0
shrinkage=0.05


Tree=66
num_leaves=7
num_cat=0
split_feature=32 19 13 32 27 24
split_gain=1.64614 2.83603 2.06144 2.71418 4.32634 3.24018
threshold=-0.50376969951616046 -0.071780892959792661 77.803064234708287 -0.22502480801797856 -0.0070363230232534093 -0.0031152819580795295
decision_type=2 2 2 2 2 2
left_child=-1 -2 3 5 -5 -3
right_child=1 2 -4 4 -6 -7
leaf_value=0.016452147564649199 -0.031188484034460819 -0.032939567723821915 0.025356459946458382 0.041152201334715484 -0.0037312775139857132 0.0014697826633017512
leaf_weight=12.839350461959837 7.9263716340064994 12.282983958721159 7.3905523419380179 7.3741436600685146 19.74422146379948 15.443605005741118
leaf_count=36 26 39 21 21 60 47
internal_value=-8.24983e-06 -0.00302044 0.00056707 -0.00277339 0.00847363 -0.0137737
internal_weight=83.0012 70.1619 62.2355 54.845 27.1184 27.7266
internal_count=250 214 188 167 81 86
is_linear=0
shrinkage=0.05


Tree=67
num_leaves=9
num_cat=0
split_feature=10 10 21 21 23 3 21 24
split_gain=1.94656 2.75608 1.9017 0.000203434 0.000168814 3.43362e-05 2.09688e-05 1.07373e-05
threshold=0.050378548270804298 0.021152602004164873 0.0032469187252929248 0.001428650189670311 0.010531519258500268 -0.013874762819344131 -0.0013658083856538104 -0.0041380773778612592
decision_type=2 2 2 2 2 2 2 2
left_child=1 2 3 5 6 -1 -2 -8
right_child=4 -3 -4 -5 -6 -7 7 -9
leaf_value=-0.034507671897796757 -0.033982486782115191 0.046074663907711949 0.023472539404049159 -0.03511480264747073 -0.035053396556830201 -0.034116018969418779 -0.034402646893487369 -0.034139530701694787
leaf_weight=0.90112668462097634 0.97618366032838899 3.4718457236886024 2.4322841111570597 0.99877296946942795 0.67624047398567189 1.4766258131712664 0.81931930221617266 0.73608961887657665
leaf_count=20 37 39 32 18 14 47 20 23
internal_value=-0.000775295 0.0108303 -0.0102348 -0.034516 -0.0343516 -0.0342644 -0.0341641 -0.0342781
internal_weight=12.4885 9.28066 5.80881 3.37653 3.20783 2.37775 2.53159 1.55541
internal_count=250 156 117 85 94 67 80 43
is_linear=0
shrinkage=0.05


Tree=68
num_leaves=8
num_cat=0
split_feature=18 32 22 20 29 18 23
split_gain=1.50394 1.74781 2.03211 3.49731 2.18834 2.10444 3.04383
threshold=-0.82799372523253945 -0.53261325719357444 -0.00075626678585982699 0.078246208741906256 -0.00020256336495405589 -0.50839156335179181 0.0045796882368773781
decision_type=2 2 2 2 2 2 2
left_child=-1 -2 5 4 -4 -3 -7
right_child=1 2 3 -5 -6 6 -8
leaf_value=-0.018963262869414035 -0.019290844736602711 0.019001016443659691 -0.018585770921528352 0.038804012689884711 0.013295549890242744 -0.025280050970670754 0.010679115974208123
leaf_weight=9.2039250135421735 8.2451405525207502 7.6112137585878363 7.7226780951023057 9.781995475292204 17.762313961982734 14.902274817228319 9.7255430072545987
leaf_count=27 23 23 23 30 52 43 29
internal_value=0.00012203 0.00244093 0.00509524 0.0133895 0.0036346 -0.00397807 -0.0110798
internal_weight=84.9551 75.7512 67.506 35.267 25.485 32.239 24.6278
internal_count=250 223 200 105 75 95 72
is_linear=0
shrinkage=0.05


Tree=69
num_leaves=8
num_cat=0
split_feature=28 23 0 21 32 27 27
split_gain=1.61026 2.51286 3.39607 2.43269 2.96168 2.983 2.70403
threshold=0.066840595175304621 -0.0095295079809938881 0.0078295374500486643 -0.0043047725503809189 -0.2594098876771716 -0.0070363230232534093 0.0088135326162109857
decision_type=2 2 2 2 2 2 2
left_child=1 2 -1 -3 6 -6 -5
right_child=-2 3 -4 4 5 -7 -8
leaf_value=-0.0093917081308641358 0.016891150116577238 0.020637184023338907 0.040459641692826523 -0.038030429672229263 0.027105849532471877 -0.010194071472714374 -0.002536734256913799
leaf_weight=6.6155212819576246 12.043645694851874 6.762824445962905 7.0646558701992035 14.18958599865436 7.3192141056060782 20.025985166430484 8.6292347908020002
leaf_count=21 36 20 20 45 21 62 25
internal_value=-7.01574e-06 -0.00288939 0.0163523 -0.00751338 -0.0113085 -0.000210377 -0.024608
internal_weight=82.6507 70.607 13.6802 56.9268 50.164 27.3452 22.8188
internal_count=250 214 41 173 153 83 70
is_linear=0
shrinkage=0.05


Tree=70
num_leaves=9
num_cat=0
split_feature=26 18 0 23 21 21 3 34
split_gain=1.90401 2.74114 2.42974 0.855073 0.000376935 0.000125238 2.80301e-05 5.70148e-06
threshold=0.023323893851323056 -0.75735966557968848 -0.014162892182731033 0.012205976298980794 0.001428650189670311 0.0026840217540907711 0.0046410571143528099 2.2994106912304848
decision_type=2 2 2 2 2 2 2 2
left_child=1 -1 -3 4 -4 6 -2 -8
right_child=5 2 3 -5 -6 -7 7 -9
leaf_value=0.064008070554727875 -0.034448802946666787 0.03481756068151496 -0.034149194052467829 0.021950426492593902 -0.035136850411344532 -0.034957506123771853 -0.034160425968022594 -0.033963098711731386
leaf_weight=1.9113035295158614 0.82166462950408625 2.6773775070905677 2.0829819142818455 0.8071396481245755 1.8015669547021387 0.73512892797589291 1.0101599581539629 0.57410443387925614
leaf_count=21 20 30 68 12 32 14 31 22
internal_value=-0.000738029 0.0106507 -0.00318856 -0.0248773 -0.0346072 -0.0343863 -0.0342118 -0.0340889
internal_weight=12.4214 9.28037 7.36907 4.69169 3.88455 3.14106 2.40593 1.58426
internal_count=250 163 142 112 100 87 73 53
is_linear=0
shrinkage=0.05


Tree=71
num_leaves=10
num_cat=0
split_feature=6 1 20 33 0 34 3 27 24
split_gain=1.43492 2.69031 3.71007 2.35904 1.69487 3.68719 1.92297 1.66456 1.17068
threshold=1.0309105536361274 0.0074115308530028354 0.066771588266922657 0.83500000000000008 0.013129343927993477 2.1392143301347883 0.032796128569159928 -0.0031445754787510212 0.00047758897183736165
decision_type=2 2 2 2 2 2 2 2 2
left_child=1 2 -1 8 6 -6 -2 -8 -3
right_child=4 3 -4 -5 5 -7 7 -9 -10
leaf_value=-0.0087417493568208212 0.039921950440339006 -0.013911444248381364 0.03410405435810298 0.00464533629538918 -0.029517496812565408 0.017234522840015514 -0.010564996029056781 0.022679543234409277 -0.040775656024365302
leaf_weight=13.758442878723146 6.2658753097057369 7.6283083856105867 7.9847067743539801 8.2341130673885328 7.8929623067379024 9.0560401678085309 7.1362985372543344 7.9709457904100391 8.6582218706607801
leaf_count=39 21 22 25 24 22 26 21 25 25
internal_value=0.000115235 -0.00581183 0.00699246 -0.0171658 0.00727059 -0.00453737 0.0166344 0.00697562 -0.028193
internal_weight=84.5859 46.2638 21.7431 24.5206 38.3221 16.949 21.3731 15.1072 16.2865
internal_count=250 135 64 71 115 48 67 46 47
is_linear=0
shrinkage=0.05


Tree=72
num_leaves=8
num_cat=0
split_feature=6 6 1 0 18 15 24
split_gain=1.54936 2.35345 2.28905 2.14534 1.8219 1.97684 1.91916
threshold=0.94126342539275298 0.75637751874617609 0.0074115308530028354 -0.010848610305276894 -0.27841517364768259 0.017609853402057968 -0.0037174288462306078
decision_type=2 2 2 2 2 2 2
left_child=1 -1 -3 -2 6 -6 -5
right_child=3 2 -4 4 5 -7 -8
leaf_value=-0.010115360220210062 -0.028083518750641124 0.0048823392714963457 0.038259555180193985 -0.0097889952899271881 -0.030649904811994363 0.0013045373832669752 0.021688410604845609
leaf_weight=11.222765654325483 8.7316551357507688 12.929668024182321 8.5228582322597486 7.81655377149582 8.0509284138679558 12.135767310857771 12.726034909486767
leaf_count=33 32 38 25 24 24 36 38
internal_value=-1.17791e-05 0.00843712 0.0181427 -0.00559336 -0.000771861 -0.0114396 0.00971111
internal_weight=82.1362 32.6753 21.4525 49.4609 40.7293 20.1867 20.5426
internal_count=250 96 63 154 122 60 62
is_linear=0
shrinkage=0.05


Tree=73
num_leaves=11
num_cat=0
split_feature=19 27 12 10 21 21 0 21 19 19
split_gain=1.86624 2.39516 2.61074 2.1572 1.95551 0.000403227 3.10973e-05 1.51211e-05 1.2989e-05 5.55807e-06
threshold=0.011424485563714228 -0.0073145777874613618 0.094757459096297833 0.021152602004164873 0.0032469187252929248 0.0022411371037304177 -0.014162892182731033 -0.0013036609250813289 -0.048867405145294966 0.045747483518209349
decision_type=2 2 2 2 2 2 2 2 2 2
left_child=1 5 3 4 -3 8 -2 -8 -1 -9
right_child=6 2 -4 -5 -6 -7 7 9 -10 -11
leaf_value=-0.034324780186835956 -0.034397495283486838 -0.034599988015497837 -0.034650366775291611 0.074511168942484607 0.04678354530059755 -0.035543555605670699 -0.03388903383284271 -0.03426703041186839 -0.034005360674809984 -0.034059923917896813
leaf_weight=0.68924907408654701 1.0332685708999636 1.2906172592192882 1.4578102361410854 2.5369285028427839 1.7242295555770395 0.9338405281305312 0.78652581572532687 0.66998518630862303 0.59131052531301898 0.62722156010568142
leaf_count=19 24 30 35 18 16 12 34 19 22 21
internal_value=-0.000725222 0.0105776 0.0248982 0.0405347 0.0119443 -0.0347535 -0.0341732 -0.034062 -0.0341773 -0.0341669
internal_weight=12.341 9.22399 7.00959 5.55178 3.01485 2.2144 3.117 2.08373 1.28056 1.29721
internal_count=250 152 99 64 46 53 98 74 41 40
is_linear=0
shrinkage=0.05


Tree=74
num_leaves=10
num_cat=0
split_feature=18 6 14 17 27 24 25 23 3
split_gain=1.40412 1.57446 2.37505 5.34085 1.91281 3.09512 1.89793 1.28466 1.0544
threshold=-0.82799372523253945 1.0127699728408002 0.63683695175795474 -0.0046233693121496651 -0.0031445754787510212 -0.0014114887956193643 0.0024512262357069274 -0.0051058424205646094 0.090148343884470031
decision_type=2 2 2 2 2 2 2 2 2
left_child=-1 2 3 -2 5 -3 -6 -4 -8
right_child=1 4 7 -5 6 -7 8 -9 -10
leaf_value=-0.018379542419215265 -0.027857123823324816 0.019351612547718031 -0.03431233091468907 0.026442074687936426 0.038559910289614995 -0.028693978236553994 -0.0070207580961054172 -0.0073240838160802992 0.019910763090225412
leaf_weight=9.1434798538684827 6.9653791785240164 6.5941993892192841 6.9907917678356197 12.944710478186609 7.8855590075254467 6.8177163302898389 6.4370162785053244 11.941304385662077 8.3470248728990537
leaf_count=27 20 20 20 39 25 20 19 35 25
internal_value=0.000117971 0.00237536 -0.00461045 0.00744595 0.00989566 -0.00507154 0.0187506 -0.0172897 0.0081847
internal_weight=84.0672 74.9237 38.8422 19.9101 36.0815 13.4119 22.6696 18.9321 14.784
internal_count=250 223 114 59 109 40 69 55 44
is_linear=0
shrinkage=0.05


Tree=75
num_leaves=6
num_cat=0
split_feature=28 14 32 16 32
split_gain=1.49106 2.33847 2.35265 2.32989 3.58218
threshold=0.066840595175304621 0.97300661240273612 -0.47446013909112439 0.032006588452305459 -0.28564294382838434
decision_type=2 2 2 2 2
left_child=1 2 -1 4 -4
right_child=-2 -3 3 -5 -6
leaf_value=0.016766058221277406 0.016321511034760698 0.01678457457309326 -0.02796850414505736 -0.033599436969195838 0.0044728242265261531
leaf_weight=8.7552910149097425 11.931689411401747 12.500454455614088 12.556048005819312 9.4996665865182859 26.401523217558868
leaf_count=26 36 36 41 32 79
internal_value=-1.12466e-05 -0.00280667 -0.00708719 -0.011397 -0.00598303
internal_weight=81.6447 69.713 57.2125 48.4572 38.9576
internal_count=250 214 178 152 120
is_linear=0
shrinkage=0.05


Tree=76
num_leaves=9
num_cat=0
split_feature=27 27 18 25 21 25 21 32
split_gain=1.78978 2.47111 3.68067 2.08253 0.000433579 0.000304179 3.57259e-05 7.60846e-06
threshold=-0.0073145777874613618 -0.0048975516605805893 -0.75735966557968848 -0.013357536330666551 0.0027557726860134584 -0.0037680398937900423 0.00096570780090388119 -0.22502480801797856
decision_type=2 2 2 2 2 2 2 2
left_child=4 -2 -3 -4 6 -5 7 -1
right_child=1 2 3 5 -6 -7 -8 -9
leaf_value=-0.033919352571011266 0.076060089833120126 0.059184081121108081 0.037027074693365469 -0.035215898763048155 -0.035474135638110464 -0.034331814998950945 -0.034468236681996105 -0.034151059039982772
leaf_weight=0.83852437883615538 1.2301855608820904 1.9785319641232471 1.2894796393811674 1.3608544878661604 0.88633133284747589 3.4130820333957725 0.62952433340251435 0.61351069062948338
leaf_count=35 9 20 14 26 12 100 15 19
internal_value=-0.000753627 0.0100635 -3.20519e-05 -0.0193547 -0.034548 -0.0345838 -0.0341536 -0.0340173
internal_weight=12.24 9.27213 8.04195 6.06342 2.96789 4.77394 2.08156 1.45204
internal_count=250 169 160 140 81 126 69 54
is_linear=0
shrinkage=0.05


Tree=77
num_leaves=7
num_cat=0
split_feature=14 21 20 0 32 32
split_gain=1.37564 1.98904 2.12953 1.9684 3.34933 3.29278
threshold=1.0069066000915821 0.0022411371037304177 0.045975946076021852 -0.010848610305276894 -0.13286029858301437 -0.25007821571963179
decision_type=2 2 2 2 2 2
left_child=1 3 -3 -1 5 -5
right_child=-2 2 -4 4 -6 -7
leaf_value=0.029548895566862712 -0.018418173190917639 -0.022699703314800364 0.0077226699965519579 0.0049747689406824114 0.026503797267074594 -0.031462261828815591
leaf_weight=8.6943764388561231 8.9358693659305555 13.459398180246355 10.045452982187269 22.38440781831741 11.478343561291696 8.5758143067359942
leaf_count=29 26 39 30 67 35 24
internal_value=0.000121362 0.00234097 -0.00969785 0.00787499 0.00343467 -0.00511809
internal_weight=83.5737 74.6378 23.5049 51.1329 42.4386 30.9602
internal_count=250 224 69 155 126 91
is_linear=0
shrinkage=0.05


Tree=78
num_leaves=8
num_cat=0
split_feature=6 6 1 25 16 26 17
split_gain=1.3937 2.19347 2.13181 1.96649 1.77326 1.74995 2.22099
threshold=0.94126342539275298 0.75637751874617609 0.0074115308530028354 0.0086695662645596156 0.027255335138541843 -0.0023732118167472112 -0.00098007886687046398
decision_type=2 2 2 2 2 2 2
left_child=1 -1 -3 5 -5 -2 -7
right_child=3 2 -4 4 -6 6 -8
leaf_value=-0.0099520202362110271 0.0040554934304836508 0.0046672294652854596 0.037071890786419051 0.020794626218270856 -0.011453859747745475 -0.0045162298349923028 -0.037123310571304323
leaf_weight=11.123402014374731 10.199937969446184 12.862317815423014 8.3835449218749982 10.682261675596239 7.0934292227029792 10.201925739645961 10.699173286557194
leaf_count=33 33 38 25 31 21 34 35
internal_value=-1.09023e-05 0.00803617 0.017454 -0.00534018 0.0079258 -0.0129223 -0.0212076
internal_weight=81.246 32.3693 21.2459 48.8767 17.7757 31.101 20.9011
internal_count=250 96 63 154 52 102 69
is_linear=0
shrinkage=0.05


Tree=79
num_leaves=10
num_cat=0
split_feature=26 26 34 29 12 21 21 3 34
split_gain=1.74828 2.48856 2.2503 2.10947 3.56099 0.000170414 0.000122956 3.16548e-05 5.43842e-06
threshold=0.023323893851323056 -0.016121076442306089 1.7446068083914321 0.0055267861700197827 0.069826108695435526 0.0027557726860134584 0.001428650189670311 0.0046410571143528099 2.2994106912304848
decision_type=2 2 2 2 2 2 2 2 2
left_child=1 6 3 4 -3 7 -1 -2 -9
right_child=5 2 -4 -5 -6 -7 -8 8 -10
leaf_value=-0.034103672613751364 -0.034423021057141998 -0.034805038968185854 -0.034511575178971486 0.079707145458866951 0.065221838363087384 -0.035062716268162944 -0.034852434947653055 -0.0340978518885885 -0.033896629962467076
leaf_weight=0.87589345499873106 0.77025549300015139 1.7617216790094965 1.2856745962053535 2.017871581017971 1.7977212928235529 0.687261028215289 1.4658534992486236 0.96374019235372521 0.51534069515764713
leaf_count=29 20 42 37 15 12 13 28 32 22
internal_value=-0.000782391 0.00993426 0.0251205 0.0388669 0.0157142 -0.0343736 -0.0345724 -0.0341631 -0.0340277
internal_weight=12.1413 9.20474 6.86299 5.57731 3.55944 2.9366 2.34175 2.24934 1.47908
internal_count=250 163 106 69 54 87 57 74 54
is_linear=0
shrinkage=0.05


Tree=80
num_leaves=6
num_cat=0
split_feature=29 18 20 13 20
split_gain=1.33335 1.80198 1.78976 1.84006 2.0654
threshold=0.0083427208081533494 -0.82799372523253945 -0.10113077917364348 76.376538252059802 -0.032260571795772568
decision_type=2 2 2 2 2
left_child=1 -1 -3 4 -4
right_child=-2 2 3 -5 -6
leaf_value=-0.02413553434851104 0.018140320185990311 -0.015851521522899554 0.026525080491249926 -0.017415674039364046 0.0022328755190853243
leaf_weight=8.2444471418857557 9.1415726840496045 13.132128626108168 11.936849951744071 7.9299926608800879 32.77504529058934
leaf_count=24 29 39 35 23 100
internal_value=0.00012488 -0.0021001 0.000661935 0.00478141 0.00871823
internal_weight=83.16 74.0185 65.774 52.6419 44.7119
internal_count=250 221 197 158 135
is_linear=0
shrinkage=0.05


Tree=81
num_leaves=9
num_cat=0
split_feature=11 0 1 1 26 6 22 0
split_gain=1.35958 2.45636 2.40418 2.27343 3.8152 3.08008 2.24505 1.76104
threshold=82.38027050018313 -0.010848610305276894 0.0095217517472774311 0.0074115308530028354 -0.016121076442306089 1.0309105536361274 -0.0032460251132191416 0.0087139509089685391
decision_type=2 2 2 2 2 2 2 2
left_child=1 2 -1 4 -3 7 -7 -5
right_child=-2 3 -4 5 -6 6 -8 -9
leaf_value=-0.0030458391405569834 0.018815482139155973 0.012422029597586369 -0.045734579234420453 0.040442589914509393 -0.031899204106888082 0.014816673723074048 -0.018297224581670466 0.0094817199727567792
leaf_weight=7.6154458969831449 8.5753773748874647 8.8993749320507067 5.8179565072059631 8.636886268854143 10.685518771409987 8.9790362119674665 11.905085831880571 9.809055417776106
leaf_count=25 25 26 22 25 36 26 36 29
internal_value=-8.95182e-06 -0.00224019 -0.0215342 0.00215909 -0.0117596 0.0090901 -0.00406005 0.0239784
internal_weight=80.9237 72.3484 13.4334 58.915 19.5849 39.3301 20.8841 18.4459
internal_count=250 225 47 178 62 116 62 54
is_linear=0
shrinkage=0.05


Tree=82
num_leaves=10
num_cat=0
split_feature=26 26 34 29 12 21 21 3 30
split_gain=1.67007 2.33878 2.07004 1.76902 3.25809 0.000158114 0.000111256 2.84159e-05 3.61899e-06
threshold=0.023323893851323056 -0.016121076442306089 1.7446068083914321 0.0055267861700197827 0.069826108695435526 0.0027557726860134584 0.001428650189670311 0.0046410571143528099 0.0030269241125201467
decision_type=2 2 2 2 2 2 2 2 2
left_child=1 6 3 4 -3 7 -1 -2 -9
right_child=5 2 -4 -5 -6 -7 -8 8 -10
leaf_value=-0.034078432750532441 -0.034385191300701771 -0.034751175472238327 -0.034464917199256435 0.073006197525928768 0.061095857688861457 -0.035014280776665796 -0.034802291912425294 -0.03390882946420954 -0.034070630454930965
leaf_weight=0.84771277755498831 0.74464540928602385 1.6996293645352119 1.2423758013173936 2.1147992331534624 1.853593500331044 0.6681647803634404 1.4200432505458591 0.58622381649911381 0.8419345784932375
leaf_count=29 20 42 37 15 12 13 28 25 29
internal_value=-0.000841587 0.00952788 0.0239867 0.0367988 0.0152489 -0.0343416 -0.0345317 -0.0341348 -0.0340042
internal_weight=12.0191 9.17815 6.9104 5.66802 3.55322 2.84097 2.26776 2.1728 1.42816
internal_count=250 163 106 69 54 87 57 74 54
is_linear=0
shrinkage=0.05


Tree=83
num_leaves=9
num_cat=0
split_feature=20 21 0 9 16 28 4 26
split_gain=1.29523 2.18873 2.26931 2.16318 3.37229 1.75434 1.45727 1.9943
threshold=0.045975946076021852 0.0022411371037304177 -0.010116865083422686 46.778049945831306 0.033067663556618637 0.010908732969928893 0.014223378740180722 0.01344173506750468
decision_type=2 2 2 2 2 2 2 2
left_child=1 2 -1 -2 -5 -3 -4 -8
right_child=3 5 6 4 -6 -7 7 -9
leaf_value=0.029544377725820262 0.026932312656627117 -0.038235401096114945 0.014065774104134813 -0.02762731184986409 0.019454702374023847 -0.0033570778317554076 -0.026184317719078271 0.0016652979726634238
leaf_weight=6.2169334441423407 10.480707958340647 7.2570725083351117 9.2019651532173139 7.1442720293998709 8.1326984167098981 7.1647911369800568 10.38575264811516 16.869729995727539
leaf_count=21 34 21 27 21 25 21 30 50
internal_value=0.000130827 -0.00406808 0.00162293 0.00943842 -0.00256319 -0.0209078 -0.0031384 -0.00894685
internal_weight=82.8539 57.0962 42.6744 25.7577 15.277 14.4219 36.4574 27.2555
internal_count=250 170 128 80 46 42 107 80
is_linear=0
shrinkage=0.05


Tree=84
num_leaves=8
num_cat=0
split_feature=3 15 2 34 23 12 17
split_gain=1.35146 2.71857 2.14304 3.22127 2.79132 2.6203 1.91429
threshold=-0.14268556023954229 0.063607453881692935 0.0063964808474424881 1.2235340710340743 0.00093993267083458687 0.017342922961138204 -0.0029577846125323141
decision_type=2 2 2 2 2 2 2
left_child=-1 2 6 5 -5 -4 -2
right_child=1 -3 3 4 -6 -7 -8
leaf_value=-0.023187122115381077 0.0048959813822322985 0.031412888941011727 -0.00013867743717046576 0.0078665148472668988 -0.020816440436819489 0.041472041729017042 -0.029149397486554002
leaf_weight=5.83097219467163 6.6341841071844128 7.0238885283470145 6.7793155163526526 19.768965095281601 14.856324374675749 8.561165511608122 10.933376058936117
leaf_count=18 21 21 20 61 47 25 37
internal_value=-5.192e-06 0.00180782 -0.00127129 0.00401006 -0.00444019 0.0230833 -0.0162926
internal_weight=80.3882 74.5572 67.5333 49.9658 34.6253 15.3405 17.5676
internal_count=250 232 211 153 108 45 58
is_linear=0
shrinkage=0.05


Tree=85
num_leaves=9
num_cat=0
split_feature=27 27 18 25 21 25 3 21
split_gain=1.59944 2.74252 2.87652 1.89556 0.000426675 0.000410843 2.41055e-05 3.12112e-06
threshold=-0.0073145777874613618 -0.0062363175374047777 -0.75735966557968848 -0.013357536330666551 0.0027557726860134584 -0.0037680398937900423 -0.0065018909119071147 -0.00041168547789538485
decision_type=2 2 2 2 2 2 2 2
left_child=4 -2 -3 -4 6 -5 -1 -8
right_child=1 2 3 5 -6 -7 7 -9
leaf_value=-0.034331994614166049 0.08274082478710082 0.047953230246631402 0.033519931760736886 -0.035309139447919129 -0.035424775260435269 -0.034278859319026717 -0.03388550649801108 -0.034044931400120541
leaf_weight=0.61981446295976672 1.1099082995206107 2.1794569380581361 1.3168388307094554 1.3951553860679244 0.8518887162208556 3.1575977196916978 0.74248819891363382 0.52342117764055796
leaf_count=17 6 22 14 27 12 100 33 19
internal_value=-0.000962493 0.00906069 -0.00109929 -0.0193131 -0.0344961 -0.0345946 -0.0340765 -0.0339514
internal_weight=11.8966 9.15896 8.04905 5.86959 2.73761 4.55275 1.88572 1.26591
internal_count=250 169 163 141 81 127 69 52
is_linear=0
shrinkage=0.05


Tree=86
num_leaves=8
num_cat=0
split_feature=29 15 33 25 16 3 30
split_gain=1.22596 1.68408 2.20999 2.77969 2.15421 2.45055 1.51024
threshold=0.0083427208081533494 0.01572134429602708 0.97500000000000009 0.0096212394955369502 0.010612460727560497 0.08536160201534683 0.0070081563086216167
decision_type=2 2 2 2 2 2 2
left_child=1 6 4 -4 -3 -6 -1
right_child=-2 2 3 -5 5 -7 -8
leaf_value=0.030988925610546104 0.017553694457527868 0.0057862825579579136 0.030887457920414498 -0.012295216087806864 -0.029585633732208946 -0.00072203569519986089 -0.001577900203743489
leaf_weight=6.5829518735408765 9.0059995353221876 12.917541474103926 8.0335330963134748 6.951204687356948 19.157395154237751 11.934895396232603 7.751893937587738
leaf_count=21 29 38 27 20 56 36 23
internal_value=0.000144139 -0.00199403 -0.00572913 0.0108556 -0.011376 -0.0185062 0.0133777
internal_weight=82.3354 73.3294 58.9946 14.9847 44.0098 31.0923 14.3348
internal_count=250 221 177 47 130 92 44
is_linear=0
shrinkage=0.05


Tree=87
num_leaves=8
num_cat=0
split_feature=3 15 2 34 28 12 17
split_gain=1.32348 2.48516 2.00333 2.9461 2.5642 2.27869 1.79597
threshold=-0.14268556023954229 0.063607453881692935 0.0063964808474424881 1.3008358884870461 0.030355154475230076 0.017342922961138204 -0.0029577846125323141
decision_type=2 2 2 2 2 2 2
left_child=-1 2 6 5 -5 -4 -2
right_child=1 -3 3 4 -6 -7 -8
leaf_value=-0.022993256192399641 0.0047396628042575117 0.030106751777343167 -0.00038564615556873911 0.0022640008357280284 -0.032776317164173799 0.037839215377501637 -0.028386454824323185
leaf_weight=5.8082004040479651 6.6018307060003307 7.0158635675907126 6.7677235752344123 27.337765872478485 6.453539013862609 9.197275370359419 10.761092901229857
leaf_count=18 21 21 20 86 20 27 37
internal_value=-9.08372e-06 0.00179164 -0.00116809 0.00393472 -0.00442808 0.0216353 -0.0157911
internal_weight=79.9433 74.1351 67.1192 49.7563 33.7913 15.965 17.3629
internal_count=250 232 211 153 106 47 58
is_linear=0
shrinkage=0.05


Tree=88
num_leaves=11
num_cat=0
split_feature=26 26 3 25 30 21 21 19 3 34
split_gain=1.56133 2.13833 2.11043 2.13615 0.512079 0.000154342 0.000102133 6.99643e-05 3.0539e-05 3.45124e-06
threshold=0.023323893851323056 -0.016121076442306089 -0.040239398166712008 -0.0019206377730711097 0.0067993525455957169 0.0027557726860134584 0.001428650189670311 -0.015553345739007572 0.0046410571143528099 2.2656153387130189
decision_type=2 2 2 2 2 2 2 2 2 2
left_child=1 6 -3 4 -4 8 -1 -5 -2 -10
right_child=5 2 3 7 -6 -7 -8 -9 9 -11
leaf_value=-0.034033853070922326 -0.034369679278639452 0.083633406412405298 0.011977800059375314 -0.034681162026221603 0.048281315311625425 -0.03499227499415053 -0.034747851840830617 -0.034060422995012767 -0.034028734691010351 -0.033864035937670151
leaf_weight=0.79250523913651649 0.71364458743482995 1.1746962778270233 1.8497920557856553 0.81523807812481974 2.0454746726900339 0.64494491554796685 1.3609575051814315 1.0242755357176085 0.81775830592960097 0.52055672090500593
leaf_count=29 20 9 26 19 14 13 28 38 30 24
internal_value=-0.000919721 0.00901865 0.0225774 0.0100708 0.0310414 -0.0343176 -0.0344851 -0.0343355 -0.0341055 -0.0339647
internal_weight=11.7598 9.06294 6.90948 5.73478 3.89527 2.6969 2.15346 1.83951 2.05196 1.33832
internal_count=250 163 106 97 40 87 57 57 74 54
is_linear=0
shrinkage=0.05


Tree=89
num_leaves=7
num_cat=0
split_feature=14 21 20 0 32 32
split_gain=1.23308 1.68763 1.89848 1.65486 3.06204 2.95888
threshold=1.0069066000915821 0.0022411371037304177 0.045975946076021852 -0.010848610305276894 -0.13286029858301437 -0.25007821571963179
decision_type=2 2 2 2 2 2
left_child=1 3 -3 -1 5 -5
right_child=-2 2 -4 4 -6 -7
leaf_value=0.027797216624656625 -0.01757948228723857 -0.021297965164103445 0.0077037059412198494 0.004824364030131971 0.025635040344085855 -0.029921754026228015
leaf_weight=8.3120381385087949 8.7658310830593091 13.22407126426697 9.8430200368165952 21.950812980532643 11.267040073871614 8.4995836019516009
leaf_count=29 26 39 30 67 35 24
internal_value=0.000140992 0.00226605 -0.00892258 0.0074248 0.00336567 -0.00487428
internal_weight=81.8624 73.0966 23.0671 50.0295 41.7174 30.4504
internal_count=250 224 69 155 126 91
is_linear=0
shrinkage=0.05


Tree=90
num_leaves=7
num_cat=0
split_feature=3 11 23 23 21 34
split_gain=1.23805 2.37487 2.1434 4.29982 2.52907 2.2621
threshold=-0.14268556023954229 76.031430664062512 0.0045796882368773781 0.0085765641708744917 0.0022411371037304177 2.3234198556930066
decision_type=2 2 2 2 2 2
left_child=-1 2 4 -4 5 -2
right_child=1 -3 3 -5 -6 -7
leaf_value=-0.022347287309231183 -0.0087642218511460052 0.026459674817558912 -0.039347311018656482 0.0058054493469403426 0.027588891844928649 0.021205117595211587
leaf_weight=5.7522611021995536 26.060530304908752 8.5832225382328016 9.5942639857530612 11.705184727907179 9.528907895088194 8.3024237155914289
leaf_count=18 85 25 32 37 29 24
internal_value=-5.62295e-06 0.00173638 -0.00151875 -0.0145335 0.00479692 -0.00152334
internal_weight=79.5268 73.7745 65.1913 21.2994 43.8919 34.363
internal_count=250 232 207 69 138 109
is_linear=0
shrinkage=0.05


Tree=91
num_leaves=11
num_cat=0
split_feature=19 27 18 27 21 25 0 21 19 19
split_gain=1.50892 1.8288 1.3517 2.44302 0.000335807 0.000295284 2.93696e-05 1.18259e-05 8.64899e-06 4.54209e-06
threshold=0.011424485563714228 -0.0073145777874613618 -0.73922820907774223 0.0052541965779281394 0.0022411371037304177 -0.0019206377730711097 -0.014162892182731033 -0.0013036609250813289 -0.048867405145294966 0.045747483518209349
decision_type=2 2 2 2 2 2 2 2 2 2
left_child=1 4 -3 -4 8 -5 -2 -8 -1 -9
right_child=6 2 3 5 -6 -7 7 9 -10 -11
leaf_value=-0.034165516364392648 -0.034307849266901051 0.055956893131549425 0.035387075100613646 -0.035592879849562213 -0.0353718131594144 -0.03439589766010178 -0.03378702539859383 -0.034154543530933189 -0.033879053043007888 -0.033950653606001802
leaf_weight=0.57988742552697647 0.91351206600666079 1.952804222702978 3.066551299765707 0.98946391418576141 0.84269606694579113 1.0750206205993902 0.64092932734638464 0.57356283254921481 0.48292647488415141 0.52151903882622719
leaf_count=19 24 15 38 15 12 31 34 19 22 21
internal_value=-0.00091739 0.00885648 0.0205531 0.0070789 -0.0346264 -0.0349696 -0.0340784 -0.0339576 -0.0340354 -0.0340574
internal_weight=11.6389 8.98935 7.08384 5.13104 1.90551 2.06448 2.64952 1.73601 1.06281 1.09508
internal_count=250 152 99 84 53 46 98 74 41 40
is_linear=0
shrinkage=0.05


Tree=92
num_leaves=9
num_cat=0
split_feature=14 12 27 19 14 17 2 20
split_gain=1.18038 1.57611 1.61686 2.07991 2.65953 1.88353 2.27355 1.70844
threshold=1.0069066000915821 0.18948306875824386 0.00076366770152147556 -0.012081906300309196 0.60808474157676295 -0.01006886597402297 0.0063964808474424881 0.0012316468289991225
decision_type=2 2 2 2 2 2 2 2
left_child=1 2 3 4 -1 -4 -7 -5
right_child=-2 -3 5 7 -6 6 -8 -9
leaf_value=0.014421703211341372 -0.017238284462223929 0.020968017467038778 -0.030819831936123521 0.036367668806025148 -0.026227744779383833 0.014677989331385722 -0.015704333671504176 0.0020129551886349144
leaf_weight=8.4793275296688133 8.7270250618457776 9.7148701101541501 7.3104797303676561 8.1680156588554365 7.6576956063508979 11.252349197864538 13.59913559257984 6.4975317120552054
leaf_count=26 26 31 22 25 23 35 40 22
internal_value=0.000136655 0.00222296 -0.000669235 0.00751798 -0.00486817 -0.0085104 -0.00194771 0.0211469
internal_weight=81.4064 72.6794 62.9645 30.8026 16.137 32.162 24.8515 14.6655
internal_count=250 224 193 96 49 97 75 47
is_linear=0
shrinkage=0.05


Tree=93
num_leaves=8
num_cat=0
split_feature=23 0 28 21 32 27 12
split_gain=1.20741 3.09419 2.15931 2.20402 2.44359 2.79197 2.17621
threshold=-0.0095295079809938881 0.0078295374500486643 0.066840595175304621 -0.0046296260612544429 -0.22502480801797856 -0.0048975516605805893 0.1094427220691984
decision_type=2 2 2 2 2 2 2
left_child=1 -1 3 -2 6 -6 -5
right_child=2 -3 -4 4 5 -7 -8
leaf_value=-0.011000847658041128 0.022197350134656364 0.035424244944202765 0.018044085284987497 -0.029960770702622205 0.026979776175606741 -0.010404591953162038 0.0030474998489585237
leaf_weight=6.9096854329109174 5.815947711467742 7.468258410692215 10.334784373641012 18.566134810447689 7.2932209372520473 15.843783602118497 6.8304542601108542
leaf_count=23 18 22 32 60 22 51 22
internal_value=7.6755e-06 0.0131135 -0.00290547 -0.00688911 -0.0103746 0.00137967 -0.0210831
internal_weight=79.0623 14.3779 64.6843 54.3495 48.5336 23.137 25.3966
internal_count=250 45 205 173 155 73 82
is_linear=0
shrinkage=0.05


Tree=94
num_leaves=11
num_cat=0
split_feature=26 26 3 25 23 21 21 19 3 10
split_gain=1.48229 1.9666 1.76051 1.93694 0.816957 0.000162846 9.58826e-05 6.47518e-05 3.15371e-05 3.11099e-06
threshold=0.023323893851323056 -0.016121076442306089 -0.040239398166712008 -0.0019206377730711097 0.0061788359802942292 0.0031057158926393051 0.001428650189670311 -0.012081906300309196 0.0046410571143528099 0.093415075210335555
decision_type=2 2 2 2 2 2 2 2 2 2
left_child=1 6 -3 4 -4 8 -1 -5 -2 -10
right_child=5 2 3 7 -6 -7 -8 -9 9 -11
leaf_value=-0.033995174001065796 -0.034353397508387833 0.075400561315706591 0.0068720488900811255 -0.034599475832294058 0.052495220719257545 -0.03501628187565383 -0.034707771043673952 -0.033989319530408527 -0.033996668097168829 -0.033837746496504291
leaf_weight=0.74256607703864519 0.68668791837990406 1.2402586545795191 2.0151984244585033 0.86202359572052822 1.9123884774744508 0.60671879164874543 1.2958067599683998 0.87739364337176284 0.77918474189937093 0.50918068271130323
leaf_count=29 20 9 25 21 15 12 28 36 30 25
internal_value=-0.00092511 0.00870706 0.0214424 0.00963335 0.0290865 -0.0342998 -0.0344482 -0.0342917 -0.0340797 -0.0339339
internal_weight=11.5274 8.94564 6.90726 5.667 3.92759 2.58177 2.03837 1.73942 1.97505 1.28837
internal_count=250 163 106 97 40 87 57 57 75 55
is_linear=0
shrinkage=0.05


Tree=95
num_leaves=8
num_cat=0
split_feature=20 5 33 16 23 23 3
split_gain=1.16821 2.39771 4.57216 2.12226 1.59305 3.90622 3.56877
threshold=0.088356501377166899 0.030155189897340628 0.97500000000000009 0.033067663556618637 0.0085765641708744917 0.00081516680707138811 0.090148343884470031
decision_type=2 2 2 2 2 2 2
left_child=1 4 -3 -2 5 6 -1
right_child=3 2 -4 -5 -6 -7 -8
leaf_value=0.014854429531401489 -0.0021632740859435593 -0.035393519505923211 0.0083678307245111209 0.034521725593281885 -0.015993803131387541 0.031792869633472116 -0.027260704901687256
leaf_weight=11.217790812253954 10.270933851599695 13.07697853446007 10.980506196618078 6.398384913802146 7.6447439193725577 12.159493640065191 9.1193695962429029
leaf_count=35 33 39 35 20 23 38 27
internal_value=0.000124366 -0.00293786 -0.0154196 0.011918 0.00454269 0.00937385 -0.00403038
internal_weight=80.8682 64.1989 24.0575 16.6693 40.1414 32.4967 20.3372
internal_count=250 197 74 53 123 100 62
is_linear=0
shrinkage=0.05


Tree=96
num_leaves=10
num_cat=0
split_feature=6 16 5 27 0 34 27 22 18
split_gain=1.16688 2.21367 2.02564 1.87467 2.46188 1.93109 1.18791 1.17145 0.944835
threshold=1.0338457275283963 0.0065641166196733405 0.048338959012481149 -0.0031445754787510212 0.0078295374500486643 2.1392143301347883 -0.0031445754787510212 -0.0018201003496086663 -0.28963168704842207
decision_type=2 2 2 2 2 2 2 2 2
left_child=1 8 6 -2 -5 -6 -3 -8 -1
right_child=3 2 -4 4 5 -7 7 -9 -10
leaf_value=0.0015977975798507048 0.0088596186910267754 0.0066047319130776638 -0.010548433999191358 -0.038436932999500122 0.01499999341751984 -0.021509190445166155 0.012866789024884809 0.04194535225628758 -0.026398850959791706
leaf_weight=5.8274698555469513 12.174484297633169 10.694363057613371 7.4857181608676902 7.6845624595880535 7.1761220395565015 7.3128616511821747 6.342511743307111 7.6302025318145796 6.2410570979118329
leaf_count=20 39 33 23 29 22 22 20 22 20
internal_value=9.19948e-06 0.00537941 0.0122332 -0.00690467 -0.0155601 -0.00342688 0.0191467 0.028746 -0.0128802
internal_weight=78.5694 44.2213 32.1528 34.348 22.1735 14.489 24.6671 13.9727 12.0685
internal_count=250 138 98 112 73 44 75 42 40
is_linear=0
shrinkage=0.05


Tree=97
num_leaves=11
num_cat=0
split_feature=26 26 3 25 23 21 21 19 3 10
split_gain=1.41838 1.85083 1.521 1.81557 0.73384 0.000146107 8.64846e-05 5.88981e-05 3.0712e-05 2.78129e-06
threshold=0.023323893851323056 -0.016121076442306089 -0.040239398166712008 -0.0019206377730711097 0.0061788359802942292 0.0031057158926393051 0.001428650189670311 -0.012081906300309196 0.0046410571143528099 0.092413951055606833
decision_type=2 2 2 2 2 2 2 2 2 2
left_child=1 6 -3 4 -4 8 -1 -5 -2 -10
right_child=5 2 3 7 -6 -7 -8 -9 9 -11
leaf_value=-0.033971418964536836 -0.034330345851983489 0.069469945744821057 0.0066665350496139218 -0.03455878845948198 0.049697501016655737 -0.034959817324785807 -0.034660512349621149 -0.033966429654886686 -0.033975104444680673 -0.03382386607614668
leaf_weight=0.71524396631866594 0.66920742951333645 1.2917414382100094 2.0194438975304356 0.83230121433734738 1.9450895898044107 0.58617881406098593 1.2529705986380575 0.84635672532022266 0.7068164302036164 0.53340004663914442
leaf_count=29 20 9 25 21 15 12 28 36 28 27
internal_value=-0.000955731 0.00838226 0.0205272 0.00932411 0.0277785 -0.0342693 -0.0344101 -0.0342601 -0.0340574 -0.0339101
internal_weight=11.3988 8.90315 6.93493 5.64319 3.96453 2.4956 1.96821 1.67866 1.90942 1.24022
internal_count=250 163 106 97 40 87 57 57 75 55
is_linear=0
shrinkage=0.05


Tree=98
num_leaves=7
num_cat=0
split_feature=19 13 20 21 19 9
split_gain=1.16156 1.84 2.06317 2.33351 2.30846 2.08777
threshold=-0.071780892959792661 77.803064234708287 0.045975946076021852 0.0022411371037304177 0.012939101422696721 46.778049945831306
decision_type=2 2 2 2 2 2
left_child=-1 2 3 4 -2 -4
right_child=1 -3 5 -5 -6 -7
leaf_value=0.01585059481871445 -0.0081795880035155019 -0.025675589482608854 0.033155686859518835 -0.024035779326712522 0.021235174547683172 0.00066971190177213692
leaf_weight=10.247407555580137 19.564413607120517 7.4427694678306571 8.19623611867428 12.32090090215206 10.120424211025236 12.470788687467573
leaf_count=33 58 22 28 37 33 39
internal_value=0.000126568 -0.0021715 0.000619748 -0.00574356 0.00184876 0.0135532
internal_weight=80.3629 70.1155 62.6728 42.0057 29.6848 20.667
internal_count=250 217 195 128 91 67
is_linear=0
shrinkage=0.05


Tree=99
num_leaves=7
num_cat=0
split_feature=3 15 19 27 32 6
split_gain=1.3881 2.30745 1.8365 1.67825 3.00378 2.31391
threshold=-0.15411272258782002 0.063607453881692935 -0.071780892959792661 -0.010635572130582414 -0.25007821571963179 1.0338457275283963
decision_type=2 2 2 2 2 2
left_child=-1 2 -2 4 -4 -5
right_child=1 -3 3 5 -6 -7
leaf_value=-0.026309746391782574 -0.023115386764266624 0.027832306932081975 -0.0094819651853649788 0.0075604372463510998 0.034949956730100505 -0.016009338371956981
leaf_weight=4.7054168283939353 8.4164685457944852 7.5777650028467169 6.6510064601898184 22.576546669006348 8.8855827152729017 19.3272904753685
leaf_count=15 29 23 23 71 26 63
internal_value=1.68413e-05 0.00170375 -0.00130271 0.0018934 0.0159292 -0.00331064
internal_weight=78.1401 73.4347 65.8569 57.4404 15.5366 41.9038
internal_count=250 235 212 183 49 134
is_linear=0
shrinkage=0.05


Tree=100
num_leaves=9
num_cat=0
split_feature=27 27 18 25 25 21 3 21
split_gain=1.36087 1.99678 2.1857 1.65387 0.000478023 0.000332792 2.58322e-05 1.73988e-06
threshold=-0.0073145777874613618 -0.0062363175374047777 -0.75735966557968848 -0.013357536330666551 -0.0037680398937900423 0.0027557726860134584 -0.0081729271496018812 -0.002026978138577384
decision_type=2 2 2 2 2 2 2 2
left_child=5 -2 -3 -4 -5 6 -1 -8
right_child=1 2 3 4 -6 -7 7 -9
leaf_value=-0.034275756960937785 0.068995401014662977 0.039422776982138467 0.029728875973191116 -0.035316131220931628 -0.034157663553842484 -0.035255130608800665 -0.033781809992383872 -0.033909656034081276
leaf_weight=0.54628366511315141 1.1662621833384026 2.3148759119212619 1.3292717523872841 1.3200922710821017 2.7361630909144901 0.77318074740469445 0.47120589483529329 0.61146104428917236
leaf_count=16 6 22 14 27 100 12 26 27
internal_value=-0.00101818 0.00802577 -0.00120837 -0.018673 -0.0345347 -0.0344009 -0.0339954 -0.033854
internal_weight=11.2688 8.86667 7.7004 5.38553 4.05626 2.40213 1.62895 1.08267
internal_count=250 169 163 141 127 81 69 53
is_linear=0
shrinkage=0.05


Tree=101
num_leaves=9
num_cat=0
split_feature=14 12 27 19 14 17 8 20
split_gain=1.0862 1.43762 1.45821 1.82591 2.4243 1.64413 2.08656 1.59099
threshold=1.0069066000915821 0.18948306875824386 0.00076366770152147556 -0.012081906300309196 0.60808474157676295 -0.01006886597402297 -0.0031882531062378682 0.0012316468289991225
decision_type=2 2 2 2 2 2 2 2
left_child=1 2 3 4 -1 -4 -7 -5
right_child=-2 -3 5 7 -6 6 -8 -9
leaf_value=0.01406537457105337 -0.016690094840015168 0.020198007976629441 -0.029249152386548041 0.035058081254724725 -0.025097064819132354 0.018337551351702851 -0.012482077674356306 0.0015308304610025757
leaf_weight=8.346535339951517 8.5715600848197919 9.5538272559642774 7.1456535309553137 7.9584746360778791 7.5050279945135108 8.3282867819070834 16.124838709831241 6.3711427003145218
leaf_count=26 26 31 22 25 23 26 49 22
internal_value=0.000127121 0.0021479 -0.00064342 0.00721658 -0.00447634 -0.0081508 -0.00198548 0.0201514
internal_weight=79.9053 71.3338 61.78 30.1812 15.8516 31.5988 24.4531 14.3296
internal_count=250 224 193 96 49 97 75 47
is_linear=0
shrinkage=0.05


Tree=102
num_leaves=8
num_cat=0
split_feature=23 0 28 21 32 27 12
split_gain=1.1622 2.79955 1.86495 1.81004 2.18462 2.05633 2.04365
threshold=-0.0095295079809938881 0.0078295374500486643 0.066840595175304621 -0.0043047725503809189 -0.22502480801797856 -0.0048975516605805893 0.1094427220691984
decision_type=2 2 2 2 2 2 2
left_child=1 -1 3 -2 6 -6 -5
right_child=2 -3 -4 4 5 -7 -8
leaf_value=-0.010159390060008416 0.018294840276955934 0.034312681260283605 0.016754893988321192 -0.028917682113060235 0.024184354937972455 -0.0088107928848270966 0.0033219303756106796
leaf_weight=6.8038672655820829 6.41990141570568 7.374176561832428 10.174403324723242 18.120082542300221 6.8529245704412487 15.186409398913389 6.7452953010797492
leaf_count=23 20 22 32 60 21 50 22
internal_value=2.79698e-05 0.0129711 -0.00286197 -0.00660489 -0.0100129 0.00144874 -0.020172
internal_weight=77.6771 14.178 63.499 53.3246 46.9047 22.0393 24.8654
internal_count=250 45 205 173 153 71 82
is_linear=0
shrinkage=0.05


Tree=103
num_leaves=10
num_cat=0
split_feature=26 26 29 0 25 21 21 3 10
split_gain=1.32805 1.69331 1.21452 1.96485 0.000412367 0.000140256 7.75535e-05 3.02493e-05 2.44604e-06
threshold=0.023323893851323056 -0.016121076442306089 0.0055267861700197827 -0.012865413414604008 -0.0037680398937900423 0.0031057158926393051 0.001428650189670311 0.0046410571143528099 0.092413951055606833
decision_type=2 2 2 2 2 2 2 2 2
left_child=1 6 3 -3 -5 7 -1 -2 -9
right_child=5 2 -4 4 -6 -7 -8 8 -10
leaf_value=-0.033938347561401648 -0.034311275157805105 0.033284637080204821 0.046438678093046373 -0.035711896613042152 -0.03415028256330032 -0.03493614861968309 -0.034610485455787439 -0.033946095308970498 -0.033800038641304313
leaf_weight=0.66997356060892244 0.63813771586865309 2.3941440973430863 2.5851414445787668 0.63005704432725762 1.2847800161689531 0.56625886820256699 1.194017047062516 0.66671620309352853 0.50286347139626741
leaf_count=29 20 21 22 12 51 12 28 28 27
internal_value=-0.00107869 0.00791259 0.0193444 0.00308938 -0.0346641 -0.0342495 -0.0343689 -0.0340344 -0.0338833
internal_weight=11.1321 8.75811 6.89412 4.30898 1.91484 2.37398 1.86399 1.80772 1.16958
internal_count=250 163 106 84 63 87 57 75 55
is_linear=0
shrinkage=0.05


Tree=104
num_leaves=8
num_cat=0
split_feature=20 5 33 16 2 28 28
split_gain=1.0678 2.14176 4.03116 2.02709 1.46898 2.62695 1.69909
threshold=0.088356501377166899 0.030155189897340628 0.97500000000000009 0.033067663556618637 -0.0076910651904384944 -0.018494661262625275 -0.0056053388432018561
decision_type=2 2 2 2 2 2 2
left_child=1 4 -3 -2 -1 -6 -7
right_child=3 2 -4 -5 5 6 -8
leaf_value=0.026171672498347977 -0.0023636449358908395 -0.03374737974239838 0.0077366791872064151 0.033796042930286159 -0.025379396671007044 0.027837233116748586 -0.00056718138943498756
leaf_weight=6.4246073812246314 10.117545738816263 12.787650078535082 10.803586259484289 6.2825126051902762 7.770503342151641 7.4903197139501598 17.719696149230003
leaf_count=21 33 39 35 20 24 24 54
internal_value=0.000123878 -0.00283468 -0.0147498 0.0114884 0.00429872 3.7865e-05 0.00787225
internal_weight=79.3964 62.9964 23.5912 16.4001 39.4051 32.9805 25.21
internal_count=250 197 74 53 123 102 78
is_linear=0
shrinkage=0.05


Tree=105
num_leaves=6
num_cat=0
split_feature=3 15 19 1 20
split_gain=1.0989 2.07436 1.77079 1.55289 1.82144
threshold=-0.14268556023954229 0.063607453881692935 -0.071780892959792661 0.074560118982033199 -0.17076129812783533
decision_type=2 2 2 2 2
left_child=-1 2 -2 4 -4
right_child=1 -3 3 -5 -6
leaf_value=-0.021366482397382629 -0.022624892434694982 0.027892470313620982 0.026215665303652422 0.020943664312271126 -0.0050117603562007829
leaf_weight=5.5677257776260367 8.306492403149603 6.8346935361623755 5.2524421215057293 9.1604192703962308 42.083798646926887
leaf_count=18 29 21 16 28 138
internal_value=3.07668e-05 0.00169377 -0.00106937 0.00209986 -0.00154676
internal_weight=77.2056 71.6378 64.8032 56.4967 47.3362
internal_count=250 232 211 182 154
is_linear=0
shrinkage=0.05


Tree=106
num_leaves=11
num_cat=0
split_feature=19 27 26 25 3 21 26 0 21 34
split_gain=1.28062 1.48035 1.13088 1.20971 0.850225 0.000267922 0.000133495 3.81035e-05 8.62598e-06 6.73369e-06
threshold=0.011424485563714228 -0.0073145777874613618 0.010167311406912962 -0.0058150242782818986 -0.0081729271496018812 0.0027557726860134584 0.026841080934217557 -0.014162892182731033 -0.00081513905586688684 1.0483182196468277
decision_type=2 2 2 2 2 2 2 2 2 2
left_child=1 5 4 -4 -3 9 -5 -2 -9 -1
right_child=7 2 3 6 -6 -7 -8 8 -10 -11
leaf_value=-0.034099627281084233 -0.034289483724002555 0.068539636340807245 0.032023354140164176 -0.03508317069135105 0.019484364737657165 -0.035256180839769058 -0.034177874031604764 -0.033718506398921134 -0.033966712485538668 -0.033834694909812835
leaf_weight=0.51532582752406486 0.85732176341116462 1.2623155144974587 1.1691160202026358 0.78162039071321576 2.9417127640917888 0.7101410236209631 0.85011808387935162 0.57265320140868436 0.90047952160239275 0.44864962343126535
leaf_count=19 24 8 8 14 39 11 30 36 38 23
internal_value=-0.00111573 0.00772081 0.0178159 -0.00679719 0.0342139 -0.0345192 -0.0346115 -0.0340245 -0.0338702 -0.0339763
internal_weight=11.0095 8.679 7.00488 2.80085 4.20403 1.67412 1.63174 2.33045 1.47313 0.963975
internal_count=250 152 99 52 47 53 44 98 74 42
is_linear=0
shrinkage=0.05


Tree=107
num_leaves=7
num_cat=0
split_feature=32 19 15 1 25 3
split_gain=1.03978 3.21999 2.47666 2.81254 2.46379 2.20709
threshold=-0.44808815786432149 -0.076062141151892401 0.061249847598462366 0.074560118982033199 0.0011382053501360902 -0.0081729271496018812
decision_type=2 2 2 2 2 2
left_child=4 -2 3 5 -1 -3
right_child=1 2 -4 -5 -6 -7
leaf_value=0.0071439171426956986 0.039122646375236367 -0.026618501473236661 0.026592163957060336 -0.032515311773072611 -0.030268221749450604 0.0056216416994958199
leaf_weight=9.2962575107812899 5.6634951680898658 6.2775294184684745 7.3468833267688742 7.5878149718046179 8.356441915035246 34.38662177324295
leaf_count=29 20 20 23 23 25 110
internal_value=0.000125555 0.00320639 -0.000452164 -0.00456996 -0.0105663 0.000644569
internal_weight=78.915 61.2623 55.5988 48.252 17.6527 40.6642
internal_count=250 196 176 153 54 130
is_linear=0
shrinkage=0.05


Tree=108
num_leaves=8
num_cat=0
split_feature=23 0 28 21 32 27 27
split_gain=1.0513 2.56837 1.67832 1.8102 1.97188 2.38751 2.32881
threshold=-0.0095295079809938881 0.0078295374500486643 0.066840595175304621 -0.0046296260612544429 -0.2594098876771716 -0.0098572736172467517 0.0088135326162109857
decision_type=2 2 2 2 2 2 2
left_child=1 -1 3 -2 6 -6 -5
right_child=2 -3 -4 4 5 -7 -8
leaf_value=-0.0098149969552473286 0.020314882439403627 0.033045772341245429 0.015957710172592982 -0.034245044676754897 0.026488194654384734 -0.0088806737259379247 -4.1727184837267361e-05
leaf_weight=6.738000884652136 5.6955977380275717 7.2626198530197144 10.082450106739996 12.808518350124354 6.2864902615547171 19.797007709741603 8.1390184015035612
leaf_count=23 18 22 32 45 19 66 25
internal_value=2.8678e-05 0.0124184 -0.00273309 -0.00630716 -0.00953117 -0.000356278 -0.0209556
internal_weight=76.8097 14.0006 62.8091 52.7266 47.031 26.0835 20.9475
internal_count=250 45 205 173 155 85 70
is_linear=0
shrinkage=0.05


Tree=109
num_leaves=11
num_cat=0
split_feature=10 27 26 21 8 21 23 3 21 26
split_gain=1.24232 1.45056 1.55358 1.31866 0.543224 0.000226321 0.000154601 1.24398e-05 1.14086e-05 6.28227e-06
threshold=0.050378548270804298 -0.0073145777874613618 -0.016121076442306089 0.00070309462270634626 0.0232909779070011 0.0027557726860134584 0.0112184678635483 -0.0037655975107750424 -0.0013658083856538104 0.023323893851323056
decision_type=2 2 2 2 2 2 2 2 2 2
left_child=1 5 -3 4 -4 7 8 -1 -2 -10
right_child=6 2 3 -5 -6 -7 -8 -9 9 -11
leaf_value=-0.034164021614670761 -0.03378376569614841 -0.03442062877610088 -0.034328039048393176 0.043553381435680064 0.022839246901436003 -0.035184776040792017 -0.034959745375463008 -0.033800750114760976 -0.034173747485468378 -0.033936960932697886
leaf_weight=0.53058610577136278 0.64104377664625656 1.1930186115205277 0.93796404357999541 4.0982567835599184 0.74609856680035591 0.70318155363202095 0.48528466559946526 0.42397299967706092 0.52771846391260713 0.59702903311699629
leaf_count=18 37 35 30 29 10 11 13 23 18 26
internal_value=-0.0010884 0.00753746 0.017529 0.0282473 -0.00900093 -0.0345041 -0.0341693 -0.0340027 -0.0339521 -0.0340481
internal_weight=10.8842 8.63308 6.97534 5.78232 1.68406 1.65774 2.25108 0.954559 1.76579 1.12475
internal_count=250 156 104 69 40 52 94 41 81 44
is_linear=0
shrinkage=0.05


Tree=110
num_leaves=8
num_cat=0
split_feature=20 5 33 16 23 23 3
split_gain=1.00781 1.89034 3.7259 1.87744 1.37939 3.4081 3.0724
threshold=0.088356501377166899 0.030155189897340628 0.97500000000000009 0.033067663556618637 0.0085765641708744917 0.00081516680707138811 0.090148343884470031
decision_type=2 2 2 2 2 2 2
left_child=1 4 -3 -2 5 6 -1
right_child=3 2 -4 -5 -6 -7 -8
leaf_value=0.013664807408197267 -0.0021380587939125394 -0.032518071790294083 0.0076463198293126953 0.032921539837865277 -0.015439039736475904 0.029820265577934199 -0.025861786357065094
leaf_weight=10.920813664793974 10.006502747535707 12.559910863637926 10.687548011541365 6.1748014837503424 7.4261456429958335 11.774742513895033 8.9416293203830701
leaf_count=35 33 39 35 20 23 38 27
internal_value=0.00012286 -0.0027643 -0.0140533 0.0112407 0.00395403 0.00850614 -0.00412918
internal_weight=78.4921 62.3108 23.2475 16.1813 39.0633 31.6372 19.8624
internal_count=250 197 74 53 123 100 62
is_linear=0
shrinkage=0.05


Tree=111
num_leaves=7
num_cat=0
split_feature=26 22 23 1 26 20
split_gain=1.04799 2.36778 2.05526 2.04928 3.29055 1.23264
threshold=-0.028679364055228192 0.0071281247551754365 -0.0095295079809938881 0.018007980806412752 0.01344173506750468 -0.039594974019638011
decision_type=2 2 2 2 2 2
left_child=-1 2 -2 5 -5 -4
right_child=1 -3 3 4 -6 -7
leaf_value=0.014839654232871284 0.021115015527580543 -0.025104951234223051 -0.0025211054736924126 0.036452595164690772 -0.0040445837580716697 -0.031507764763913891
leaf_weight=10.326512455940245 10.921302124857901 9.6996580213308317 6.7279474437236777 6.3287092298269298 24.183009281754494 8.062917083501814
leaf_count=33 34 34 22 19 78 30
internal_value=2.90781e-05 -0.00229091 0.00164494 -0.0030488 0.0043553 -0.0183226
internal_weight=76.2501 65.9235 56.2239 45.3026 30.5117 14.7909
internal_count=250 217 183 149 97 52
is_linear=0
shrinkage=0.05


Tree=112
num_leaves=12
num_cat=0
split_feature=26 26 3 25 23 21 21 19 18 13 12
split_gain=1.20894 1.48584 1.22215 1.42965 0.596731 0.000170434 6.26878e-05 5.75158e-05 2.72556e-05 6.65337e-06 1.07239e-06
threshold=0.023323893851323056 -0.016121076442306089 -0.049825735683978682 -0.0019206377730711097 0.0061788359802942292 0.00345933293059475 0.001428650189670311 -0.018419264408128074 -0.72809652776535205 60.069868225063374 0.18948306875824386
decision_type=2 2 2 2 2 2 2 2 2 2 2
left_child=1 6 -3 4 -4 8 -1 -5 -2 -10 -11
right_child=5 2 3 7 -6 -7 -8 -9 9 10 -12
leaf_value=-0.033894770472497442 -0.03428007518891981 0.061026989942081389 0.0040999145273494407 -0.034567232872554123 0.042662097118599557 -0.035007223490608662 -0.034526756703821181 -0.033940085330967366 -0.03399807108917776 -0.033804738700120067 -0.033682566556184283
leaf_weight=0.60999991744756599 0.51230686344206344 1.3201357088983048 2.0442109052091828 0.63266404997557246 1.9700345853343604 0.52838490903377522 1.0998658305034039 0.86600601114332898 0.42826113384217113 0.39741897769272327 0.32774691376835108
leaf_count=29 16 8 26 17 15 11 28 40 17 21 22
internal_value=-0.00111901 0.00738371 0.0178147 0.00746703 0.0230247 -0.0342248 -0.0343013 -0.0342048 -0.0339766 -0.0338418 -0.0337495
internal_weight=10.737 8.54292 6.83305 5.51292 4.01425 2.19412 1.70987 1.49867 1.66573 1.15343 0.725166
internal_count=250 163 106 98 41 87 57 57 76 60 43
is_linear=0
shrinkage=0.05


Tree=113
num_leaves=7
num_cat=0
split_feature=32 19 15 1 25 3
split_gain=1.00372 2.94809 2.33177 2.42964 2.25258 1.9248
threshold=-0.44808815786432149 -0.076062141151892401 0.061249847598462366 0.074560118982033199 0.0011382053501360902 -0.0081729271496018812
decision_type=2 2 2 2 2 2
left_child=4 -2 3 5 -1 -3
right_child=1 2 -4 -5 -6 -7
leaf_value=0.0065575839061194231 0.038094611078496793 -0.025142774200386284 0.026106500513719336 -0.030512712011152132 -0.029415071727377423 0.005189249751892353
leaf_weight=9.2132954150438326 5.4950172007083884 6.1789546459913245 7.2488796114921561 7.4725454002618781 8.2475624531507474 34.065340846776962
leaf_count=29 20 20 23 23 25 110
internal_value=0.000125737 0.00317534 -0.000315601 -0.0043295 -0.0104339 0.000532187
internal_weight=77.9216 60.4607 54.9657 47.7168 17.4609 40.2443
internal_count=250 196 176 153 54 130
is_linear=0
shrinkage=0.05


Tree=114
num_leaves=8
num_cat=0
split_feature=6 6 1 25 26 17 16
split_gain=1.03933 2.06181 1.64344 1.52307 1.59642 2.0357 1.56126
threshold=0.94126342539275298 0.75637751874617609 0.0074115308530028354 0.0086695662645596156 -0.0023732118167472112 -0.00098007886687046398 0.027255335138541843
decision_type=2 2 2 2 2 2 2
left_child=1 -1 -3 4 -2 -6 -5
right_child=3 2 -4 6 5 -7 -8
leaf_value=-0.010828765333920286 0.0050581327361046797 0.0052028965892341773 0.034805317698969919 0.019510155587954131 -0.0034156984698256207 -0.035884542289264222 -0.011582171820672976
leaf_weight=10.350597009062769 9.5111355185508746 12.042668759822847 7.6777314096689215 10.198401093482973 9.4704765677452123 9.8467531055211985 6.6833727061748496
leaf_count=33 33 38 25 31 34 35 21
internal_value=2.34483e-05 0.00724281 0.016728 -0.0047259 -0.0117102 -0.0199663 0.00720093
internal_weight=75.7811 30.071 19.7204 45.7101 28.8284 19.3172 16.8818
internal_count=250 96 63 154 102 69 52
is_linear=0
shrinkage=0.05


Tree=115
num_leaves=10
num_cat=0
split_feature=19 26 18 0 23 25 0 26 21
split_gain=1.1661 1.31506 1.15221 1.76564 0.495882 0.000108486 3.49371e-05 2.97143e-05 7.15715e-06
threshold=0.011424485563714228 0.023323893851323056 -0.72809652776535205 -0.014162892182731033 0.0095181820269889545 -0.0016703033581055291 -0.014162892182731033 0.030377679636761527 -0.00081513905586688684
decision_type=2 2 2 2 2 2 2 2 2
left_child=1 2 -1 -4 -5 -3 -2 -7 -8
right_child=6 5 3 4 -6 7 8 -9 -10
leaf_value=0.049537915077234977 -0.034245290656452362 -0.034966143478673516 0.038255927882352131 -0.034790451377487812 0.012057043258627937 -0.034378150222238855 -0.033682327771991198 -0.033842007726747454 -0.033919225355558781
leaf_weight=1.9187426976859558 0.80102691054344211 0.48463540896773327 2.1362655945122229 2.0578568661585459 0.77858018316328514 0.44080323446542002 0.51709154248237621 0.62464220263063908 0.83154842164367493
leaf_count=13 24 11 14 59 11 12 36 32 38
internal_value=-0.00110693 0.00726527 0.0166248 0.00392511 -0.0219312 -0.0343459 -0.0339837 -0.0340638 -0.0338284
internal_weight=10.5912 8.44153 6.89145 4.9727 2.83644 1.55008 2.14967 1.06545 1.34864
internal_count=250 152 97 84 70 55 98 44 74
is_linear=0
shrinkage=0.05


Tree=116
num_leaves=9
num_cat=0
split_feature=18 18 6 28 26 14 0 24
split_gain=0.947024 1.35852 1.98283 2.83629 2.27296 1.64071 3.73163 1.59456
threshold=-0.82799372523253945 -0.55535415071330096 0.96494122800429361 -0.013345747581097465 0.011993423042672148 0.65287411437547371 -0.0063781847699869157 -0.0037174288462306078
decision_type=2 2 2 2 2 2 2 2
left_child=-1 -2 5 7 -5 6 -3 -4
right_child=1 2 3 4 -6 -7 -8 -9
leaf_value=-0.015571864010405757 0.01899389113857794 -0.029418178010445536 0.0063852933782353009 1.425184460982495e-05 0.032150919627406668 -0.027562370223573746 0.021382434599580398 -0.029887594254286266
leaf_weight=8.5449713021516782 10.12241108715534 6.4915331155061713 5.8137645572423935 10.088557884097105 12.10273641347885 9.7957121878862363 8.1577353179454821 6.3272611051797814
leaf_count=27 33 20 20 33 39 32 26 20
internal_value=0.000128438 0.0020756 -0.000838011 0.00691109 0.017541 -0.0117214 -0.00112885 -0.0125182
internal_weight=77.4447 68.8997 58.7773 34.3323 22.1913 24.445 14.6493 12.141
internal_count=250 223 190 112 72 78 46 40
is_linear=0
shrinkage=0.05


Tree=117
num_leaves=7
num_cat=0
split_feature=26 22 23 1 26 20
split_gain=0.96082 2.15393 1.84795 1.91925 3.05864 1.19111
threshold=-0.028679364055228192 0.0071281247551754365 -0.0095295079809938881 0.018007980806412752 0.01344173506750468 -0.039594974019638011
decision_type=2 2 2 2 2 2
left_child=-1 2 -2 5 -5 -4
right_child=1 -3 3 4 -6 -7
leaf_value=0.014215283696959688 0.020103263026751833 -0.024223713161115542 -0.0022243289709370875 0.035365227662627258 -0.0039002927503052291 -0.030924253287238069
leaf_weight=10.304914176464079 10.804779931902884 9.4951216727495176 6.6468536257743835 6.2632197141647366 23.828140795230865 7.92622262239456
leaf_count=33 34 34 22 19 78 30
internal_value=3.13231e-05 -0.0022186 0.0015482 -0.00294046 0.00427244 -0.0178341
internal_weight=75.2693 64.9643 55.4692 44.6644 30.0914 14.5731
internal_count=250 217 183 149 97 52
is_linear=0
shrinkage=0.05


Tree=118
num_leaves=11
num_cat=0
split_feature=10 27 10 33 21 0 23 3 21 26
split_gain=1.12497 1.29829 1.17585 1.50936 0.000209343 0.000186205 0.000169401 1.51705e-05 9.09424e-06 7.78496e-06
threshold=0.050378548270804298 -0.0073145777874613618 0.013467378622698997 0.97500000000000009 0.0027557726860134584 -0.011619816131256953 0.0112184678635483 -0.010618695829480494 -0.001836180035384327 0.022232332119969115
decision_type=2 2 2 2 2 2 2 2 2 2
left_child=1 4 3 5 7 -3 8 -1 -2 -10
right_child=6 2 -4 -5 -6 -7 -8 -9 9 -11
leaf_value=-0.034156977287744708 -0.033723888679554483 -0.035201112682752743 0.035016636262965618 0.037433523068006395 -0.035130977917595743 -0.034188232481953643 -0.034986334165128412 -0.033739062944587582 -0.034124551079687947 -0.033860568313210486
leaf_weight=0.45200354885309935 0.4854396926239134 0.76846628077328105 3.7702741101384163 1.1872415365651248 0.67226105183362961 1.1079411860555413 0.46712702140212048 0.41794229950755724 0.52040895726531833 0.6027626059949398
leaf_count=15 32 14 33 17 11 40 13 26 19 30
internal_value=-0.00119637 0.0069696 0.0163209 -0.00668705 -0.0344683 -0.034603 -0.0341481 -0.0339562 -0.0339047 -0.0339829
internal_weight=10.4519 8.37613 6.83392 3.06365 1.54221 1.87641 2.07574 0.869946 1.60861 1.12317
internal_count=250 156 104 71 52 54 94 41 81 49
is_linear=0
shrinkage=0.05


Tree=119
num_leaves=8
num_cat=0
split_feature=20 16 5 33 23 23 32
split_gain=0.946385 1.73512 1.67346 3.4049 1.23344 3.06014 2.61507
threshold=0.088356501377166899 0.033067663556618637 0.030155189897340628 0.97500000000000009 0.0085765641708744917 0.0045796882368773781 -0.11889196967284486
decision_type=2 2 2 2 2 2 2
left_child=2 -2 4 -4 5 6 -1
right_child=1 -3 3 -5 -6 -7 -8
leaf_value=-0.010400837099830635 -0.0019690981330196325 0.032139016487899928 -0.03135341184628191 0.0074121294827456906 -0.014830971570467928 0.038343671564505487 0.025833405793403902
leaf_weight=17.510304480791095 9.7778752595186216 6.0269851088523856 12.24403175711632 10.540813252329825 7.279807209968566 6.5667949914932242 6.9582213014364269
leaf_count=55 33 20 39 35 23 23 22
internal_value=0.000131937 0.0110376 -0.00268905 -0.0134195 0.00369204 0.0080369 -9.67476e-05
internal_weight=76.9048 15.8049 61.1 22.7848 38.3151 31.0353 24.4685
internal_count=250 53 197 74 123 100 77
is_linear=0
shrinkage=0.05


Tree=120
num_leaves=7
num_cat=0
split_feature=9 2 13 0 6 14
split_gain=0.92711 1.82113 1.98191 2.55795 2.05235 1.35938
threshold=83.080274963378926 0.0063964808474424881 56.323510573604779 -0.010848610305276894 1.0309105536361274 0.45947659281156356
decision_type=2 2 2 2 2 2
left_child=1 5 -3 -4 -5 -1
right_child=-2 2 3 4 -6 -7
leaf_value=-0.029419921861279522 0.014716506121138409 0.024691764528994384 -0.031494834330572548 0.01856843720985497 -0.0066890003644742169 -0.0014680673614334613
leaf_weight=9.0087289959192294 9.4000575393438321 8.6030537188053113 6.1239167600870124 13.635643541812895 19.609271168708801 8.4106133282184583
leaf_count=35 31 26 24 43 63 28
internal_value=3.38483e-05 -0.0020768 0.00295129 -0.00179953 0.00367052 -0.0159239
internal_weight=74.7913 65.3912 47.9719 39.3688 33.2449 17.4193
internal_count=250 219 156 130 106 63
is_linear=0
shrinkage=0.05


Tree=121
num_leaves=10
num_cat=0
split_feature=19 26 18 0 23 25 0 26 21
split_gain=1.08385 1.2062 0.99172 1.58893 0.53288 8.84847e-05 3.08154e-05 2.94795e-05 6.325e-06
threshold=0.011424485563714228 0.023323893851323056 -0.72809652776535205 -0.014162892182731033 0.010531519258500268 -0.0016703033581055291 -0.014162892182731033 0.030377679636761527 -0.00081513905586688684
decision_type=2 2 2 2 2 2 2 2 2
left_child=1 2 -1 -4 -5 -3 -2 -7 -8
right_child=6 5 3 4 -6 7 8 -9 -10
leaf_value=0.045799837826251827 -0.034208148007432722 -0.034881241924769234 0.035795267621960551 -0.034718912726849446 0.01603145428486364 -0.03436111172539854 -0.033663909249041252 -0.033814034202521291 -0.033893542090150691
leaf_weight=1.9468068294227112 0.76233673561364446 0.45902223140001286 2.1412087790667997 2.0279924878850588 0.69432581029832352 0.4249297361820934 0.48420774843543779 0.58558036107569933 0.78767797164619024
leaf_count=13 24 11 14 62 8 12 36 32 38
internal_value=-0.00125642 0.0067775 0.0156424 0.00357076 -0.0217751 -0.0343056 -0.0339568 -0.0340441 -0.0338061
internal_weight=10.3141 8.27987 6.81033 4.86353 2.72232 1.46953 2.03422 1.01051 1.27189
internal_count=250 152 97 84 70 55 98 44 74
is_linear=0
shrinkage=0.05


Tree=122
num_leaves=8
num_cat=0
split_feature=20 2 5 33 2 28 28
split_gain=0.852337 1.67051 1.55559 3.22957 1.16647 2.31555 1.49965
threshold=0.088356501377166899 0.023423037756275415 0.030155189897340628 0.97500000000000009 -0.0076910651904384944 -0.018494661262625275 -0.0056053388432018561
decision_type=2 2 2 2 2 2 2
left_child=2 -2 4 -4 -1 -6 -7
right_child=1 -3 3 -5 5 6 -8
leaf_value=0.023568900341356096 0.0283211908642193 -0.0044464296106114564 -0.030486649014655001 0.0073525794197560577 -0.024375600647781642 0.026489255320641961 -0.00072742935972891422
leaf_weight=6.1496891379356375 7.1644793450832358 8.5090977102518064 12.142992019653322 10.527963519096373 7.5648977011442176 7.1763658374547985 17.172516167163852
leaf_count=21 26 27 39 35 24 24 54
internal_value=0.000136469 0.0105318 -0.00254624 -0.0129148 0.00362939 -0.00021289 0.00729417
internal_weight=76.408 15.6736 60.7344 22.671 38.0635 31.9138 24.3489
internal_count=250 53 197 74 123 102 78
is_linear=0
shrinkage=0.05


Tree=123
num_leaves=7
num_cat=0
split_feature=26 22 23 1 26 20
split_gain=0.934881 1.95176 1.62276 1.6935 2.9421 1.10708
threshold=-0.028679364055228192 0.0071281247551754365 -0.0095295079809938881 0.018007980806412752 0.01344173506750468 -0.039594974019638011
decision_type=2 2 2 2 2 2
left_child=-1 2 -2 5 -5 -4
right_child=1 -3 3 4 -6 -7
leaf_value=0.014120974049978044 0.018850508716921614 -0.023398639268387394 -0.001942909851135042 0.034509680873683959 -0.004132450621475727 -0.029913699611263524
leaf_weight=10.16616305708885 10.708795189857481 9.2849303185939771 6.555545836687088 6.2218116074800518 23.646926507353783 7.684302553534506
leaf_count=33 34 34 22 19 78 30
internal_value=3.44406e-05 -0.00219958 0.0013911 -0.00284774 0.0039169 -0.0170369
internal_weight=74.2685 64.1023 54.8174 44.1086 29.8687 14.2398
internal_count=250 217 183 149 97 52
is_linear=0
shrinkage=0.05


Tree=124
num_leaves=11
num_cat=0
split_feature=10 27 10 33 21 23 0 3 21 26
split_gain=1.05155 1.1962 1.0224 1.40918 0.000188247 0.000180113 0.000163855 1.55739e-05 8.23727e-06 7.05634e-06
threshold=0.050378548270804298 -0.0073145777874613618 0.013467378622698997 0.97500000000000009 0.0027557726860134584 0.0112184678635483 -0.011619816131256953 -0.013874762819344131 -0.001836180035384327 0.022232332119969115
decision_type=2 2 2 2 2 2 2 2 2 2
left_child=1 4 3 6 7 8 -3 -1 -2 -10
right_child=5 2 -4 -5 -6 -7 -8 -9 9 -11
leaf_value=-0.034144122873538761 -0.033694177957652317 -0.035124172872041753 0.032835685589028787 0.035523404324021075 -0.035074892513627345 -0.035005940000756283 -0.034151037028077653 -0.033707732391813773 -0.034088790600806329 -0.033829568678803879
leaf_weight=0.41873749252408743 0.45030416268855322 0.73755614273249959 3.7574105262756348 1.2000795705243943 0.64185358583927155 0.45756703242659558 1.0460687121376402 0.39951585652306565 0.48888119310140676 0.56701346579939127
leaf_count=14 32 14 33 17 11 13 40 27 19 30
internal_value=-0.00127269 0.00659664 0.0154837 -0.00636775 -0.0344339 -0.0341372 -0.0345534 -0.0339311 -0.0338732 -0.0339496
internal_weight=10.165 8.20122 6.74111 2.9837 1.46011 1.96377 1.78362 0.818253 1.5062 1.05589
internal_count=250 156 104 71 52 94 54 41 81 49
is_linear=0
shrinkage=0.05


Tree=125
num_leaves=9
num_cat=0
split_feature=26 31 17 28 1 17 19 24
split_gain=0.851916 1.87418 1.76501 3.77804 1.64944 1.75374 2.25834 1.28742
threshold=0.017428735119305986 -0.33160038423716548 0.0053170828119114416 0.019235426896459743 0.016750071369864731 -0.01006886597402297 0.004140168272387835 -0.0053380768019015137
decision_type=2 2 2 2 2 2 2 2
left_child=4 -2 7 -4 5 -1 -7 -3
right_child=1 2 3 -5 -6 6 -8 -9
leaf_value=-0.01824326931389644 0.032576688900112373 0.031022764356040206 -0.03361372746974451 0.015597050414374827 -0.021466954886731983 -0.006715860221880531 0.025310000483812118 -8.0649183890012734e-05
leaf_weight=8.3645943850278872 5.5392742604017249 6.1373030841350555 8.3237054944038373 7.3389890044927588 10.835888415575026 11.477063298225405 10.57808108627796 7.2653272747993487
leaf_count=27 18 22 26 25 35 37 37 23
internal_value=0.000136817 0.00592225 0.000842446 -0.0105553 -0.00471592 0.00125101 0.00864437 0.0141622
internal_weight=75.8602 34.6046 29.0653 15.6627 41.2556 30.4197 22.0551 13.4026
internal_count=250 114 96 51 136 101 74 45
is_linear=0
shrinkage=0.05


Tree=126
num_leaves=7
num_cat=0
split_feature=3 15 19 27 32 6
split_gain=1.0018 1.74765 1.39946 1.27983 2.31708 2.12035
threshold=-0.14268556023954229 0.063607453881692935 -0.071780892959792661 -0.010635572130582414 -0.25007821571963179 1.0338457275283963
decision_type=2 2 2 2 2 2
left_child=-1 2 -2 4 -4 -5
right_child=1 -3 3 5 -6 -7
leaf_value=-0.020935452786736832 -0.02078149583852083 0.02598917697626843 -0.0089140973889943187 0.0080437667909663696 0.031542431978050026 -0.015174166644483561
leaf_weight=5.2871911823749533 7.7891998142004004 6.6600706130266181 6.0959775894880286 21.096298426389694 8.4382881969213468 18.418403968214989
leaf_count=18 29 21 23 70 26 63
internal_value=3.47298e-05 0.00165336 -0.000967646 0.0018878 0.0145741 -0.00277847
internal_weight=73.7854 68.4982 61.8382 54.049 14.5343 39.5147
internal_count=250 232 211 182 49 133
is_linear=0
shrinkage=0.05


Tree=127
num_leaves=12
num_cat=0
split_feature=26 26 20 23 11 21 25 18 0 13 12
split_gain=1.00884 1.22697 0.896155 1.68876 0.539008 0.000106901 6.70389e-05 2.49167e-05 8.5525e-06 4.31123e-06 8.57876e-07
threshold=0.023323893851323056 -0.016121076442306089 -0.13373297955387745 0.0065918573927026278 32.789059867858889 0.00345933293059475 -0.012490013162696876 -0.73922820907774223 0.006354026024499416 60.069868225063374 0.18948306875824386
decision_type=2 2 2 2 2 2 2 2 2 2 2
left_child=1 6 -3 4 -4 7 -1 -2 -8 -9 -11
right_child=5 2 3 -5 -6 -7 8 9 -10 10 -12
leaf_value=-0.034654535534824081 -0.034223843066945987 0.052398939677485892 0.01654241943324937 0.034899912007708443 -0.034852129635808728 -0.034781554832914924 -0.033830020189683958 -0.033905417896694073 -0.034132160099815144 -0.033741776237847645 -0.033624487806477588
leaf_weight=0.57254219893366098 0.43266858253628004 1.3260789206251482 0.68741556629538658 2.6249043773859739 1.9783546030521391 0.46082400064915408 0.51038429234176763 0.37144678458571501 0.43285300862044096 0.35984444804489613 0.27508252020925283
leaf_count=14 15 10 8 28 60 11 27 17 16 22 22
internal_value=-0.00131445 0.00634907 0.0156445 0.00643218 -0.0215991 -0.0341188 -0.0342277 -0.0339065 -0.0339687 -0.0337701 -0.033691
internal_weight=10.0324 8.13253 6.61675 5.29067 2.66577 1.89987 1.51578 1.43904 0.943237 1.00637 0.634927
internal_count=250 163 106 96 68 87 57 76 43 61 44
is_linear=0
shrinkage=0.05


Tree=128
num_leaves=6
num_cat=0
split_feature=29 18 20 13 20
split_gain=0.824709 1.19723 0.985035 1.10853 1.46538
threshold=0.0083427208081533494 -0.82799372523253945 -0.10113077917364348 76.376538252059802 -0.032260571795772568
decision_type=2 2 2 2 2
left_child=1 -1 -3 4 -4
right_child=-2 2 3 -5 -6
leaf_value=-0.020282726384479921 0.015218522553488482 -0.012206886321784275 0.022769347302154349 -0.013665857481024763 0.0013606675262337884
leaf_weight=7.6588757932186118 8.0952704697847349 11.819638192653654 10.99931074678897 7.5508229285478583 29.244248673319824
leaf_count=24 29 39 35 23 100
internal_value=0.000140969 -0.00167339 0.000717438 0.00391365 0.00721206
internal_weight=75.3682 67.2729 59.614 47.7944 40.2436
internal_count=250 221 197 158 135
is_linear=0
shrinkage=0.05


Tree=129
num_leaves=8
num_cat=0
split_feature=6 6 1 0 18 15 17
split_gain=0.874718 1.94079 1.42141 1.40439 1.25909 1.50239 1.38527
threshold=0.94126342539275298 0.75637751874617609 0.0074115308530028354 -0.010848610305276894 -0.27841517364768259 0.017609853402057968 0.00041533699837921864
decision_type=2 2 2 2 2 2 2
left_child=1 -1 -3 -2 6 -6 -5
right_child=3 2 -4 4 5 -7 -8
leaf_value=-0.01106335608394151 -0.024275027022593959 0.0053226949229832829 0.033375710175753935 0.025329419553009838 -0.027543680381004017 0.0018086432606052309 -0.0024053751283450732
leaf_weight=9.9922266900539416 7.3899108022451392 11.70718774199486 7.3504920899868003 7.508385822176936 7.1895019412040737 11.075283497571943 11.244887381792067
leaf_count=33 32 38 25 23 24 36 39
internal_value=3.87244e-05 0.00678467 0.0161427 -0.0043742 -0.000401405 -0.00974521 0.00869901
internal_weight=73.4579 29.0499 19.0577 44.408 37.0181 18.2648 18.7533
internal_count=250 96 63 154 122 60 62
is_linear=0
shrinkage=0.05


Tree=130
num_leaves=12
num_cat=0
split_feature=10 27 21 33 8 23 21 18 3 26 10
split_gain=0.99135 1.10985 0.89848 0.618985 0.600717 0.000215067 0.000162559 6.96187e-05 1.34089e-05 7.08294e-06 2.32302e-06
threshold=0.050378548270804298 -0.0073145777874613618 0.00070309462270634626 0.63500000000000012 0.031220214242643748 0.012205976298980794 0.0027557726860134584 -0.47258093747530577 -0.013874762819344131 0.021208347910125939 0.092413951055606833
decision_type=2 2 2 2 2 2 2 2 2 2 2
left_child=1 6 4 -4 7 9 8 -3 -1 -2 -11
right_child=5 2 3 -5 -6 -7 -8 -9 -10 10 -12
leaf_value=-0.03410289836024729 -0.033966084625745942 -0.034638153048106829 0.0084845676459047482 0.044665797149236706 0.025168249860142929 -0.035156741037727396 -0.03499002560485303 -0.033894037639777524 -0.033685155105880583 -0.033830827076402066 -0.033662719094265596
leaf_weight=0.39498685952275991 0.65029016416519947 0.64832100830972028 2.3733584498986602 2.3551010247319937 0.64167127013206471 0.39494301192462433 0.61554864794015884 0.61015523504465874 0.37396362517028936 0.40372503641992807 0.41854964662343264
leaf_count=14 31 17 33 17 8 10 11 29 27 22 31
internal_value=-0.00131409 0.0063317 0.014836 0.0265053 -0.0142029 -0.0341207 -0.0343845 -0.0342774 -0.0338997 -0.0338428 -0.0337453
internal_weight=9.88061 8.01311 6.62861 4.72846 1.90015 1.86751 1.3845 1.25848 0.76895 1.47256 0.822275
internal_count=250 156 104 50 54 94 52 46 41 84 53
is_linear=0
shrinkage=0.05


Tree=131
num_leaves=9
num_cat=0
split_feature=21 0 32 23 22 0 0 3
split_gain=0.822551 1.82747 1.93496 1.69172 2.26273 1.54854 1.76304 0.680394
threshold=0.001428650189670311 -0.010848610305276894 -0.49473428990582885 0.0045796882368773781 0.0033177758749288748 0.033995309272674364 0.013797734485099357 0.066085785593562055
decision_type=2 2 2 2 2 2 2 2
left_child=1 -1 -3 4 -2 6 -4 -5
right_child=3 2 5 7 -6 -7 -8 -9
leaf_value=0.028594923734900652 -0.035607807637962008 -0.024835471355715101 0.0064551019492703242 -0.0039131727274165839 0.0029266622401913872 0.025150006739716176 -0.023884933095997669 0.019439196222552992
leaf_weight=6.5835692584514609 8.2515311390161532 6.486580178141593 20.397041052579883 6.7075337916612607 7.0767192989587775 7.426573932170867 6.2569863200187674 5.8304811269044876
leaf_count=25 26 20 71 22 23 24 19 20
internal_value=0.000135161 0.00416017 0.000194699 -0.0066753 -0.0178173 0.00495871 -0.000667168 0.00694625
internal_weight=75.017 47.1508 40.5672 27.8663 15.3283 34.0806 26.654 12.538
internal_count=250 159 134 91 49 114 90 42
is_linear=0
shrinkage=0.05


Tree=132
num_leaves=6
num_cat=0
split_feature=3 15 8 29 27
split_gain=0.929897 1.62614 1.33441 1.80825 1.78205
threshold=-0.14268556023954229 0.063607453881692935 -0.011796965532306037 -0.0075254529763508207 -0.0098572736172467517
decision_type=2 2 2 2 2
left_child=-1 2 -2 -4 -5
right_child=1 -3 3 4 -6
leaf_value=-0.02030000063222822 -0.022185881175437846 0.02515777286329389 0.02921107736636408 0.013717794425453265 -0.0073711112846794923
leaf_weight=5.2158807069063178 6.5927150994539252 6.6154897361993781 5.3586882054805747 13.997934296727179 35.225955098867416
leaf_count=18 25 21 18 47 121
internal_value=4.35963e-05 0.00160885 -0.000937728 0.00162871 -0.001374
internal_weight=73.0067 67.7908 61.1753 54.5826 49.2239
internal_count=250 232 211 186 168
is_linear=0
shrinkage=0.05


Tree=133
num_leaves=9
num_cat=0
split_feature=19 26 18 0 23 10 25 21
split_gain=0.951018 1.03672 0.830013 1.32447 0.488123 6.79322e-05 2.14117e-05 3.50404e-06
threshold=0.011424485563714228 0.023323893851323056 -0.72809652776535205 -0.014162892182731033 0.010531519258500268 0.044531421015508749 -0.0037680398937900423 -0.00050283341367729484
decision_type=2 2 2 2 2 2 2 2
left_child=1 2 -1 -4 -5 -3 -2 -8
right_child=6 5 3 4 -6 -7 7 -9
leaf_value=0.041732916131878413 -0.034096118261625001 -0.034504445472360583 0.032000289845650863 -0.034687789462579749 0.01484139049888898 -0.033758596877604075 -0.033644663941659651 -0.033831432037384944
leaf_weight=1.9365349281579245 0.8021055320277809 0.84905250649899222 2.1188782081007949 1.8689688760787269 0.67787038534879673 0.47669509798288345 0.44024457130581129 0.58462703600525845
leaf_count=13 30 25 14 62 8 30 36 32
internal_value=-0.00138144 0.00611295 0.0142152 0.00279375 -0.021505 -0.0342363 -0.0339026 -0.0337512
internal_weight=9.75498 7.928 6.60225 4.66572 2.54684 1.32575 1.82698 1.02487
internal_count=250 152 97 84 70 55 98 68
is_linear=0
shrinkage=0.05


Tree=134
num_leaves=7
num_cat=0
split_feature=24 1 1 24 28 23
split_gain=0.813938 1.38854 1.55929 1.5696 2.16037 1.59858
threshold=0.026022165992401817 -0.037387331153708063 -0.0059488195014369407 0.0019046647635662108 -0.0069947090618584498 -0.0091884185435142634
decision_type=2 2 2 2 2 2
left_child=1 -1 -3 5 -5 -4
right_child=-2 2 3 4 -6 -7
leaf_value=-0.02137649533838255 0.015239438667196598 0.020764693933173775 -0.015561029819417283 -0.037200195672350861 -0.0021127095465728342 0.011509566558860679
leaf_weight=7.880338802933692 7.9688961654901496 8.5115205794572812 7.1953841596841803 6.3706782013177898 14.088633000850676 22.528189688920978
leaf_count=25 27 32 23 21 46 76
internal_value=0.000138081 -0.00166953 0.000976338 -0.00237997 -0.0130384 0.00495641
internal_weight=74.5436 66.5747 58.6944 50.1829 20.4593 29.7236
internal_count=250 223 198 166 67 99
is_linear=0
shrinkage=0.05


Tree=135
num_leaves=9
num_cat=0
split_feature=6 0 6 32 16 6 16 27
split_gain=0.858313 1.54967 1.90493 1.55365 1.31208 1.75812 1.19251 1.33913
threshold=1.0309105536361274 0.0048699040182711437 1.23249633836537 -0.1735390864362204 0.0065641166196733405 0.75637751874617609 0.029318766002921545 -0.0031445754787510212
decision_type=2 2 2 2 2 2 2 2
left_child=4 2 -2 -3 -1 -6 7 -7
right_child=1 3 -4 -5 5 6 -8 -9
leaf_value=-0.0097745129127327305 -0.038642892746146434 0.013592926127503386 0.00088083085422372516 -0.014408338213546486 -0.011445508050320526 0.0096230915705569735 0.0023057660453210805 0.0408328140387876
leaf_weight=10.927984610199927 6.4749787896871549 12.414636880159376 5.7611719518899918 8.2429643571376818 6.9030332863330868 6.3859702199697503 8.1468341797590238 7.4428633749485025
leaf_count=39 26 38 22 29 23 22 28 23
internal_value=4.36394e-05 -0.00593284 -0.0200339 0.00241963 0.00498223 0.0105663 0.0174807 0.0264206
internal_weight=72.7004 32.8938 12.2362 20.6576 39.8067 28.8787 21.9757 13.8288
internal_count=250 115 48 67 135 96 73 45
is_linear=0
shrinkage=0.05


Tree=136
num_leaves=10
num_cat=0
split_feature=10 26 23 20 32 23 25 26 10
split_gain=0.919873 1.04291 1.03679 1.70767 0.4239 0.000202022 7.27931e-05 6.43898e-06 1.95183e-06
threshold=0.050378548270804298 -0.016121076442306089 0.0065918573927026278 -0.13373297955387745 -0.53261325719357444 0.012205976298980794 -0.012490013162696876 0.021208347910125939 0.092413951055606833
decision_type=2 2 2 2 2 2 2 2 2
left_child=1 6 3 -3 -5 7 -1 -2 -9
right_child=5 2 -4 4 -6 -7 -8 8 -10
leaf_value=-0.034674392176228828 -0.033934742210904402 0.045063972787258738 0.040897850448970111 0.0089788065007324041 -0.034789189077945544 -0.035117528127898645 -0.033927342747410792 -0.033798201552308484 -0.033638513891507051
leaf_weight=0.56048889365047216 0.6121132052503524 1.3702827552333467 2.3329191468656063 0.75697937514632885 2.0551027222536518 0.37889532558619965 0.77971334895119049 0.37724109645932913 0.38834063149988651
leaf_count=14 31 13 22 10 59 10 38 22 31
internal_value=-0.00138535 0.00592897 0.0141917 -0.000704912 -0.0230074 -0.0340951 -0.0342398 -0.0338139 -0.0337172
internal_weight=9.61208 7.85549 6.51528 4.18236 2.81208 1.75659 1.3402 1.37769 0.765582
internal_count=250 156 104 82 69 94 52 84 53
is_linear=0
shrinkage=0.05


Tree=137
num_leaves=8
num_cat=0
split_feature=20 16 5 33 23 23 3
split_gain=0.817008 1.63084 1.41028 2.93619 1.08711 2.6833 2.59191
threshold=0.088356501377166899 0.033067663556618637 0.030155189897340628 0.97500000000000009 0.0085765641708744917 0.00081516680707138811 0.090148343884470031
decision_type=2 2 2 2 2 2 2
left_child=2 -2 4 -4 5 6 -1
right_child=1 -3 3 -5 -6 -7 -8
leaf_value=0.013077423603930775 -0.0024724963345553481 0.031257316495392505 -0.029597251771357302 0.0069945114709085571 -0.014233546939776472 0.02718553250788406 -0.024046586296130362
leaf_weight=10.328490629792219 9.3186309486627561 5.822917789220809 11.758842349052431 10.270599082112311 7.0473134666681281 11.040136113762854 8.630214646458624
leaf_count=35 33 20 39 35 23 38 27
internal_value=0.000136673 0.0104988 -0.00251923 -0.0125374 0.00343805 0.00758945 -0.00382184
internal_weight=74.2171 15.1415 59.0756 22.0294 37.0462 29.9988 18.9587
internal_count=250 53 197 74 123 100 62
is_linear=0
shrinkage=0.05


Tree=138
num_leaves=8
num_cat=0
split_feature=6 6 1 25 26 17 16
split_gain=0.820351 1.74752 1.32024 1.30538 1.39174 1.84987 1.35019
threshold=0.94126342539275298 0.75637751874617609 0.0074115308530028354 0.0086695662645596156 -0.0023732118167472112 -0.00098007886687046398 0.027255335138541843
decision_type=2 2 2 2 2 2 2
left_child=1 -1 -3 4 -2 -6 -5
right_child=3 2 -4 6 5 -7 -8
leaf_value=-0.01046883051878336 0.0049972880756141824 0.0051291941681336235 0.032442712194647817 0.01853011134535117 -0.0028113749139012417 -0.034679536005174094 -0.010915248410597381
leaf_weight=9.7974255681037921 9.124550789594652 11.546774759888651 7.1723604798316947 9.8839761614799517 9.0055974423885363 9.2116627246141416 6.4231408536434165
leaf_count=33 33 38 25 31 34 35 21
internal_value=4.4531e-05 0.00663996 0.0155945 -0.00426437 -0.0109421 -0.0189257 0.006932
internal_weight=72.1655 28.5166 18.7191 43.6489 27.3418 18.2173 16.3071
internal_count=250 96 63 154 102 69 52
is_linear=0
shrinkage=0.05


Tree=139
num_leaves=11
num_cat=0
split_feature=10 27 10 33 23 21 0 3 26 10
split_gain=0.884137 0.996833 0.836246 1.15702 0.00018515 0.000136715 0.000130442 1.19511e-05 5.83848e-06 1.79265e-06
threshold=0.050378548270804298 -0.0073145777874613618 0.013467378622698997 0.97500000000000009 0.012205976298980794 0.0027557726860134584 -0.011619816131256953 -0.013874762819344131 0.021208347910125939 0.092413951055606833
decision_type=2 2 2 2 2 2 2 2 2 2
left_child=1 5 3 6 8 7 -3 -1 -2 -10
right_child=4 2 -4 -5 -6 -7 -8 -9 9 -11
leaf_value=-0.034067200186749511 -0.033915299409434635 -0.034988827904201783 0.029630725229034927 0.030258401695515986 -0.035064633815065666 -0.034904855562312903 -0.034076007460151096 -0.033657091438373352 -0.033783517645067242 -0.033627929024957794
leaf_weight=0.37122522760182619 0.59101209649816133 0.67328367847949222 3.6331216795369983 1.2105952044948933 0.36837570276111353 0.58043474704027176 0.93469185288995571 0.34066356392577268 0.36489393282681704 0.37579304818063974
leaf_count=14 31 14 33 17 10 11 40 27 22 31
internal_value=-0.00142136 0.00574668 0.0137754 -0.00666199 -0.0340725 -0.0343353 -0.0344582 -0.0338709 -0.0337981 -0.0337046
internal_weight=9.44409 7.74402 6.45169 2.81857 1.70007 1.29232 1.60798 0.711889 1.3317 0.740687
internal_count=250 156 104 71 94 52 54 41 84 53
is_linear=0
shrinkage=0.05


Tree=140
num_leaves=8
num_cat=0
split_feature=20 16 5 33 16 28 28
split_gain=0.777972 1.52005 1.33028 2.71398 1.11392 1.31018 1.82749
threshold=0.088356501377166899 0.033067663556618637 0.030155189897340628 0.97500000000000009 0.0023467305293275818 -0.0166753827351892 -0.0056053388432018561
decision_type=2 2 2 2 2 2 2
left_child=2 -2 4 -4 -1 -6 -7
right_child=1 -3 3 -5 5 6 -8
leaf_value=-0.016557619956729754 -0.0022386891234727527 0.030474732921748755 -0.028725932329843336 0.0065804489667784689 -0.0077285381941449571 0.039055045936932577 0.0054430632181150136
leaf_weight=5.9014182090759268 9.2730078101158124 5.7545859962701789 11.64888918399811 10.217008665204046 9.9998128116130811 5.4873070567846325 15.374213859438898
leaf_count=19 33 20 39 35 34 19 51
internal_value=0.000138615 0.0102884 -0.00246296 -0.0122288 0.00334557 0.00715154 0.0142842
internal_weight=73.6562 15.0276 58.6286 21.8659 36.7628 30.8613 20.8615
internal_count=250 53 197 74 123 104 70
is_linear=0
shrinkage=0.05


Tree=141
num_leaves=7
num_cat=0
split_feature=26 22 23 1 26 20
split_gain=0.806388 1.71959 1.36306 1.48403 2.62567 1.02939
threshold=-0.028679364055228192 0.0071281247551754365 -0.0095295079809938881 0.018007980806412752 0.01344173506750468 -0.039594974019638011
decision_type=2 2 2 2 2 2
left_child=-1 2 -2 5 -5 -4
right_child=1 -3 3 4 -6 -7
leaf_value=0.013267926494323595 0.017532036822545369 -0.022504524863798503 -0.0014975341098943697 0.03302009340208318 -0.003998342140161067 -0.029080662792910668
leaf_weight=9.926370754837988 10.417349398136137 8.8360535651445371 6.315240666270256 6.0593406856060055 22.867630183696747 7.2835262864828092
leaf_count=33 34 34 22 19 78 30
internal_value=4.00088e-05 -0.00208539 0.00132251 -0.00264827 0.00375592 -0.0162711
internal_weight=71.7055 61.7791 52.9431 42.5257 28.927 13.5988
internal_count=250 217 183 149 97 52
is_linear=0
shrinkage=0.05


Tree=142
num_leaves=12
num_cat=0
split_feature=26 26 21 20 23 21 25 18 0 13 3
split_gain=0.864501 1.04032 0.689329 1.12056 1.24345 9.1348e-05 5.87004e-05 1.87319e-05 5.83529e-06 3.16376e-06 6.2894e-07
threshold=0.023323893851323056 -0.016121076442306089 0.0052549291488704917 -0.13373297955387745 0.0085765641708744917 0.00345933293059475 -0.012490013162696876 -0.75735966557968848 0.006354026024499416 60.069868225063374 0.18378081655178793
decision_type=2 2 2 2 2 2 2 2 2 2 2
left_child=1 6 3 -3 -5 7 -1 -2 -8 -9 -11
right_child=5 2 -4 4 -6 -7 8 9 -10 10 -12
leaf_value=-0.034571852048068973 -0.034151570683423831 0.045193644697919838 0.046151753052650499 -0.034743374788203649 0.024026632376741845 -0.034684616357887194 -0.033773173633160618 -0.033830074838081162 -0.034040131537900135 -0.033686212501999012 -0.033576883558996205
leaf_weight=0.5259417942725122 0.34102521883323778 1.3155264621600498 1.3316055592149494 2.0262705930508687 1.6192862438037989 0.42542243003845204 0.4456815938465295 0.36563088744878758 0.37857953645288944 0.30729158129543066 0.23000982264056802
leaf_count=14 13 10 10 70 16 11 27 19 16 22 22
internal_value=-0.00145527 0.00566463 0.0142095 0.00563586 -0.00863887 -0.0340522 -0.0341591 -0.0338359 -0.0338958 -0.0337166 -0.0336394
internal_weight=9.31227 7.64289 6.29269 4.96108 3.64556 1.66938 1.3502 1.24396 0.824261 0.902932 0.537301
internal_count=250 163 106 96 86 87 57 76 43 63 44
is_linear=0
shrinkage=0.05


Tree=143
num_leaves=9
num_cat=0
split_feature=26 31 17 28 1 17 19 24
split_gain=0.776487 1.63551 1.62282 3.35557 1.45521 1.58561 1.95804 1.15539
threshold=0.017428735119305986 -0.33160038423716548 0.0053170828119114416 0.019235426896459743 0.016750071369864731 -0.01006886597402297 0.004140168272387835 -0.0053380768019015137
decision_type=2 2 2 2 2 2 2 2
left_child=4 -2 7 -4 5 -1 -7 -3
right_child=1 2 3 -5 -6 6 -8 -9
leaf_value=-0.01762869068717797 0.031122514634740542 0.030212410617066518 -0.032276603998653064 0.01503859938795421 -0.020625651634572122 -0.0062166404861446686 0.024175984125140854 0.00027089404398088668
leaf_weight=8.1485610753297824 5.3428482860326758 5.9084882736206055 8.0427162051200849 7.0160276740789405 10.419654697179793 11.082958772778513 10.155144631862639 7.0860911160707492
leaf_count=27 18 22 26 25 35 37 37 23
internal_value=0.000145938 0.00576808 0.000939244 -0.010232 -0.00457085 0.00112171 0.0083158 0.013885
internal_weight=73.2025 33.3962 28.0533 15.0587 39.8063 29.3867 21.2381 12.9946
internal_count=250 114 96 51 136 101 74 45
is_linear=0
shrinkage=0.05


Tree=144
num_leaves=8
num_cat=0
split_feature=3 11 23 21 23 23 25
split_gain=0.883559 1.46367 1.16214 2.32129 2.26785 1.73373 1.55876
threshold=-0.14268556023954229 80.574380340576184 0.0045796882368773781 0.00090909552572626684 0.0085765641708744917 -0.0019425690332788845 0.0005742204483144554
decision_type=2 2 2 2 2 2 2
left_child=-1 2 3 6 -4 -5 -2
right_child=1 -3 4 5 -6 -7 -8
leaf_value=-0.020089135342917241 -0.02535473040297466 0.025305137126821614 -0.029529924241701078 0.0028293973380968669 0.0048724278471693099 0.038129753034958636 0.0024006796798552777
leaf_weight=5.0622878968715659 6.7398272901773479 5.9210380613803855 8.827753499150278 6.9039379358291626 10.474655643105505 7.0099270492792112 20.278290569782257
leaf_count=18 25 19 34 26 37 21 70
internal_value=4.36093e-05 0.00158419 -0.000747579 0.00402169 -0.0108611 0.020614 -0.00452307
internal_weight=71.2177 66.1554 60.2344 40.932 19.3024 13.9139 27.0181
internal_count=250 232 213 142 71 47 95
is_linear=0
shrinkage=0.05


Tree=145
num_leaves=12
num_cat=0
split_feature=19 27 21 28 27 21 25 0 5 21 34
split_gain=0.828824 0.906425 0.679007 0.552567 0.348897 0.000126736 0.000104197 1.52818e-05 4.70692e-06 4.63242e-06 1.49257e-06
threshold=0.011424485563714228 -0.0073145777874613618 0.00070309462270634626 -0.022415092388189502 0.0054391877774513384 0.0027557726860134584 0.010651203163546953 -0.019422724257759091 0.030155189897340628 -0.00081513905586688684 1.1026750935885286
decision_type=2 2 2 2 2 2 2 2 2 2 2
left_child=1 5 3 -3 -4 8 -5 -2 -1 -9 -11
right_child=7 2 4 6 -6 -7 -8 9 -10 10 -12
leaf_value=-0.033696505612005823 -0.034064230985057578 0.025627588174529495 0.037017172999614358 -0.033900419240971667 0.0095071661047065256 -0.034841976215812413 -0.03486410968504372 -0.033597399275006615 -0.033966492693319278 -0.033879184324607486 -0.033732975307861866
leaf_weight=0.38274272438138701 0.54457200411707152 0.58301431685686056 2.2700500451028347 0.58159942552447341 2.3412000145763159 0.54111678246408701 0.54178384691476822 0.37485604360699643 0.27918806253001094 0.39616492530331004 0.31203867262229323
leaf_count=28 21 10 17 28 29 11 15 36 14 20 21
internal_value=-0.00149766 0.00550365 0.0130784 -0.0138678 0.0230499 -0.0342744 -0.0343652 -0.0338482 -0.0338104 -0.0337395 -0.0338148
internal_weight=9.14833 7.5207 6.31765 1.7064 4.61125 1.20305 1.12338 1.62763 0.661931 1.08306 0.708204
internal_count=250 152 99 53 46 53 43 98 42 77 41
is_linear=0
shrinkage=0.05


Tree=146
num_leaves=9
num_cat=0
split_feature=21 0 32 23 3 0 0 3
split_gain=0.767266 1.65222 1.7622 1.61822 2.08066 1.38292 1.54026 0.59833
threshold=0.001428650189670311 -0.010848610305276894 -0.49473428990582885 0.0045796882368773781 0.043204744431820881 0.033995309272674364 0.013797734485099357 0.066085785593562055
decision_type=2 2 2 2 2 2 2 2
left_child=1 -1 -3 4 -2 6 -4 -5
right_child=3 2 5 7 -6 -7 -8 -9
leaf_value=0.027898835435653569 0.0018259306777599219 -0.023998513226074537 0.0063009188948910709 -0.0033114753612408956 -0.035476165745510969 0.024296019385945646 -0.022433658553594096 0.01897164786129164
leaf_weight=6.2893782258033744 7.2113528847694415 6.2723282575607291 19.741269946098331 6.4645475596189481 7.7621172964572906 7.1959297358989707 6.1061264276504508 5.6414515376091003
leaf_count=25 24 20 71 22 25 24 19 20
internal_value=0.000145771 0.00410432 0.000297878 -0.00652089 -0.0175112 0.00490985 -0.000487268 0.00707256
internal_weight=72.6845 45.605 39.3157 27.0795 14.9735 33.0433 25.8474 12.106
internal_count=250 159 134 91 49 114 90 42
is_linear=0
shrinkage=0.05


Tree=147
num_leaves=7
num_cat=0
split_feature=3 15 19 32 27 29
split_gain=0.823543 1.37254 1.21227 1.11733 2.25625 1.42303
threshold=-0.14268556023954229 0.063607453881692935 -0.071780892959792661 -0.22502480801797856 -0.011907369765761287 0.003175188418431341
decision_type=2 2 2 2 2 2
left_child=-1 2 -2 5 -5 -4
right_child=1 -3 3 4 -6 -7
leaf_value=-0.019494419392936235 -0.019743665745697119 0.023394757856602069 -0.013367968517601468 0.034865115061348907 0.00064175005141676035 0.011384657591087834
leaf_weight=5.0128995776176444 7.4309688508510581 6.4712636768817893 17.893658861517906 6.4573410749435451 18.946127772331241 8.5957770049571973
leaf_count=18 29 21 66 21 66 29
internal_value=4.10722e-05 0.00152947 -0.000855673 0.00184905 0.00934103 -0.00533578
internal_weight=70.808 65.7951 59.3239 51.8929 25.4035 26.4894
internal_count=250 232 211 182 87 95
is_linear=0
shrinkage=0.05


Tree=148
num_leaves=10
num_cat=0
split_feature=10 26 23 20 32 23 25 26 10
split_gain=0.816254 0.902455 0.876173 1.39594 0.406104 0.000182251 5.49901e-05 5.1932e-06 1.52317e-06
threshold=0.050378548270804298 -0.016121076442306089 0.0065918573927026278 -0.13373297955387745 -0.54425911603283328 0.012205976298980794 -0.012490013162696876 0.021208347910125939 0.092413951055606833
decision_type=2 2 2 2 2 2 2 2 2
left_child=1 6 3 -3 -5 7 -1 -2 -9
right_child=5 2 -4 4 -6 -7 -8 8 -10
leaf_value=-0.034557792256455208 -0.033881014021498804 0.040081711664439433 0.037762887611228972 0.0097496764844634959 -0.034681873375159288 -0.035052163494750564 -0.033872424036597064 -0.033749566075990868 -0.03359943057567439
leaf_weight=0.50513612758368254 0.54685613512992837 1.3522246805950997 2.2915039882063866 0.70686939451843489 1.8875075667165226 0.35585181508213271 0.69581316923722603 0.3346024239435792 0.34120539668947458
leaf_count=14 31 13 22 9 60 10 38 22 31
internal_value=-0.00139959 0.00552993 0.0131711 -0.00110755 -0.022576 -0.0340563 -0.0341607 -0.0337665 -0.0336738
internal_weight=9.01757 7.43905 6.23811 3.9466 2.59438 1.57852 1.20095 1.22266 0.675808
internal_count=250 156 104 82 69 94 52 84 53
is_linear=0
shrinkage=0.05


Tree=149
num_leaves=8
num_cat=0
split_feature=24 21 34 0 32 1 34
split_gain=0.753724 1.22597 1.53076 1.52858 1.50011 2.00743 0.945219
threshold=0.026022165992401817 0.0022411371037304177 1.520605039548699 -0.010848610305276894 -0.47446013909112439 0.016750071369864731 0.40938051752696408
decision_type=2 2 2 2 2 2 2
left_child=1 3 6 -1 -5 -6 -3
right_child=-2 2 -4 4 5 -7 -8
leaf_value=0.025120304713304294 0.01493816914124621 -0.0091104139413045928 0.007913065689885963 -0.020216301423619021 0.02025691896514531 -0.0057899088451801636 -0.036914026185072994
leaf_weight=6.53367094695568 7.6836084872484198 6.2214448601007479 6.0875232666730872 8.0726705789565987 11.802917331457143 19.817413106560707 6.0095142871141434
leaf_count=27 27 20 21 26 44 65 20
internal_value=0.000134471 -0.0016278 -0.0125744 0.00271008 -0.000978757 0.00393259 -0.0227713
internal_weight=72.2288 64.5452 18.3185 46.2267 39.693 31.6203 12.231
internal_count=250 223 61 162 135 109 40
is_linear=0
shrinkage=0.05


Tree=150
num_leaves=10
num_cat=0
split_feature=6 0 6 30 20 23 0 1 23
split_gain=0.800458 1.34624 1.82298 1.3192 1.55228 1.2212 2.48561 1.73911 1.44829
threshold=1.0309105536361274 0.0048699040182711437 1.23249633836537 0.014213040839767379 0.045975946076021852 -0.0052549473674376448 0.0019872686772199892 0.021320109706812421 0.0067664066851379498
decision_type=2 2 2 2 2 2 2 2 2
left_child=5 2 -2 4 -3 -1 8 -8 -7
right_child=1 3 -4 -5 -6 6 7 -9 -10
leaf_value=0.018997559281655273 -0.038047943342098434 0.02502893806165328 0.0013205936991230198 -0.017028605916294421 -0.0087842707981135443 0.0254048801502679 -0.039507301338036607 -0.00067843165917422167 -0.0050845019318618671
leaf_weight=10.979705035686491 6.1519531682133692 7.9732087850570696 5.632941409945488 6.2497286498546591 5.910134881734848 8.9619706422090548 5.2741117179393751 6.3627580851316452 6.8888512402772895
leaf_count=38 26 25 22 22 20 30 21 21 25
internal_value=4.47055e-05 -0.00580895 -0.0192306 0.00204741 0.0106347 0.00490172 -0.000728734 -0.0182766 0.012154
internal_weight=70.3854 31.918 11.7849 20.1331 13.8833 38.4674 27.4877 11.6369 15.8508
internal_count=250 115 48 67 45 135 97 42 55
is_linear=0
shrinkage=0.05


Tree=151
num_leaves=12
num_cat=0
split_feature=26 26 21 25 30 21 25 18 0 13 10
split_gain=0.794166 0.936936 0.596614 1.00217 0.839472 7.76412e-05 5.18332e-05 1.51064e-05 5.04469e-06 2.52526e-06 3.92076e-07
threshold=0.023323893851323056 -0.016121076442306089 0.0052549291488704917 -0.013357536330666551 0.022100896747837443 0.00345933293059475 -0.012490013162696876 -0.76308206829630942 0.0078295374500486643 60.069868225063374 0.12311147629540904
decision_type=2 2 2 2 2 2 2 2 2 2 2
left_child=1 6 3 -3 -5 7 -1 -2 -8 -9 -11
right_child=5 2 -4 4 -6 -7 8 9 -10 10 -12
leaf_value=-0.034521480682225276 -0.03410491297869802 0.043801898965489937 0.043339783039301055 -0.023571917859144344 0.030972816070859856 -0.034601665847989821 -0.033747562326942301 -0.033789007125297831 -0.034008739703398252 -0.033652018801486189 -0.033561527119702263
leaf_weight=0.48687904607504606 0.29141540499404062 1.2474134676158417 1.3165412694215772 2.5317683089524521 0.97786350175738324 0.40295983897522081 0.43043127143755533 0.3567537823691963 0.32409676257520914 0.28735529072582722 0.20516067231073976
leaf_count=14 12 8 10 78 10 11 28 20 15 23 21
internal_value=-0.00141573 0.00546143 0.0135515 0.00530742 -0.00837451 -0.0340051 -0.0341193 -0.0337943 -0.0338597 -0.0336877 -0.0336143
internal_weight=8.85864 7.31499 6.07359 4.75705 3.50963 1.54364 1.24141 1.14069 0.754528 0.84927 0.492516
internal_count=250 163 106 96 88 87 57 76 43 64 44
is_linear=0
shrinkage=0.05


Tree=152
num_leaves=8
num_cat=0
split_feature=20 16 5 33 16 28 28
split_gain=0.73371 1.46203 1.23855 2.53566 1.02495 1.23879 1.71672
threshold=0.088356501377166899 0.033067663556618637 0.030155189897340628 0.97500000000000009 0.0023467305293275818 -0.0166753827351892 -0.0056053388432018561
decision_type=2 2 2 2 2 2 2
left_child=2 -2 4 -4 -1 -6 -7
right_child=1 -3 3 -5 5 6 -8
leaf_value=-0.016063190724878978 -0.0023482669204578695 0.030222525964765323 -0.028159104924719344 0.006416529775750409 -0.0076677453705685924 0.038392872520678349 0.0053346814096109415
leaf_weight=5.7680863142013541 8.9806504994630796 5.5899572968482962 11.32740478217602 9.9696272462606412 9.7928377091884595 5.317406207323077 15.021075472235681
leaf_count=19 33 20 39 35 34 19 51
internal_value=0.000130907 0.0101474 -0.00242076 -0.0119735 0.0032463 0.00694275 0.0139776
internal_weight=71.767 14.5706 57.1964 21.297 35.8994 30.1313 20.3385
internal_count=250 53 197 74 123 104 70
is_linear=0
shrinkage=0.05


Tree=153
num_leaves=10
num_cat=0
split_feature=6 6 0 21 6 1 5 28 18
split_gain=0.733617 1.27993 1.96243 1.23109 1.18814 1.56677 1.73103 1.03379 1.0106
threshold=1.0309105536361274 1.2054516207136481 0.0078295374500486643 -1.0000000180025095e-35 0.75637751874617609 0.0074115308530028354 0.016244102895053441 0.014914210251467332 -0.28314778774556754
decision_type=2 2 2 2 2 2 2 2 2
left_child=4 2 -2 -3 -1 6 -6 -7 -4
right_child=1 3 8 -5 5 7 -8 -9 -10
leaf_value=-0.010671131717611117 -0.037598731095136714 -0.010330871312572942 0.012258640884730554 0.019726227821456322 -0.018658154989684064 0.0087583221199113437 0.016570831462061078 0.035297991466100409 -0.016875185120766738
leaf_weight=9.4541232436895353 6.0366135314107003 6.3037836253643036 5.8346114605665234 7.4127260446548444 7.4692944288253802 7.8655604869127256 6.5401085615158081 6.8777123987674713 6.0768143832683519
leaf_count=33 26 22 20 27 29 28 21 24 20
internal_value=4.14148e-05 -0.00558639 -0.0143744 0.0059127 0.00470555 0.00976154 -0.00221196 0.021139 -0.00260447
internal_weight=69.8713 31.6645 17.948 13.7165 38.2068 28.7527 14.0094 14.7433 11.9114
internal_count=250 115 66 49 135 102 50 52 40
is_linear=0
shrinkage=0.05


Tree=154
num_leaves=12
num_cat=0
split_feature=26 26 21 27 33 6 21 25 3 0 10
split_gain=0.761511 0.891504 0.576754 0.608179 0.460723 0.00015285 6.95571e-05 4.7338e-05 1.12659e-05 4.34527e-06 1.00387e-06
threshold=0.023323893851323056 -0.016121076442306089 0.00070309462270634626 0.013823629339375422 0.63500000000000012 0.78939476689956012 0.00345933293059475 -0.012490013162696876 0.0046410571143528099 0.006354026024499416 0.092413951055606833
decision_type=2 2 2 2 2 2 2 2 2 2 2
left_child=1 7 3 5 -4 -3 8 -1 -2 -9 -10
right_child=6 2 4 -5 -6 -7 -8 9 10 -11 -12
leaf_value=-0.034483883848757828 -0.03397839416194362 -0.035217258824157271 0.005996802857449933 0.032862204715628555 0.03814647625319352 -0.033908174629505093 -0.034554484335450351 -0.033727319211457406 -0.033701061820709935 -0.033972382059070626 -0.033577589099477612
leaf_weight=0.46976093063130975 0.42335480265319325 0.31780652515590169 2.1984559781849384 0.49315190222114313 2.2598400143906474 0.74732537707313895 0.38822868280112732 0.39303982723504283 0.39477878157049417 0.33510803338140249 0.28235465800389647
leaf_count=14 20 6 28 8 20 44 11 27 28 16 28
internal_value=-0.00142051 0.00529798 0.0131407 -0.0130443 0.022293 -0.0342988 -0.0339791 -0.0340926 -0.0337761 -0.0338401 -0.0336496
internal_weight=8.70321 7.21449 6.01658 1.55828 4.4583 1.06513 1.48872 1.19791 1.10049 0.728148 0.677133
internal_count=250 163 106 58 48 50 87 57 76 43 56
is_linear=0
shrinkage=0.05


Tree=155
num_leaves=9
num_cat=0
split_feature=32 12 27 3 34 19 22 16
split_gain=0.734177 1.22908 1.49241 1.63785 2.06735 1.43476 1.56265 1.32483
threshold=-0.05061643838151314 0.26393143450906403 -0.00055803520281222363 0.083714856261801987 -0.11078894230672311 -0.0374994983371204 -0.0014679640980916895 0.017346573234006957
decision_type=2 2 2 2 2 2 2 2
left_child=1 2 5 4 -4 -1 -7 -5
right_child=-2 -3 3 7 -6 6 -8 -9
leaf_value=-0.0079944759242949592 -0.014161310821363533 0.023775081472125648 0.0092556603170435518 -0.010933866441736535 -0.026778103103667544 0.0034168860808289694 0.033563411710958696 0.022775417345189283
leaf_weight=8.747760012745859 7.9771554768085471 5.8466967493295661 5.5643518865108517 5.4424019157886487 13.983894303441049 9.6634256094694155 7.7428770512342444 6.2758480310440063
leaf_count=30 28 21 21 18 47 33 30 22
internal_value=0.000132913 0.00193522 -0.000288562 -0.00766098 -0.0165212 0.00852496 0.016827 0.00711954
internal_weight=71.2444 63.2673 57.4206 31.2665 19.5482 26.1541 17.4063 11.7182
internal_count=250 222 201 108 68 93 63 40
is_linear=0
shrinkage=0.05


Tree=156
num_leaves=6
num_cat=0
split_feature=26 22 1 23 26
split_gain=0.706694 1.60053 1.2511 1.89389 0.979003
threshold=-0.028679364055228192 0.0071281247551754365 -0.0077560588602263994 -0.0098002246374394569 -0.0065462606363925193
decision_type=2 2 2 2 2
left_child=-1 2 -2 -4 -5
right_child=1 -3 3 4 -6
leaf_value=0.012619517677070952 -0.023230039379795162 -0.022133922440407065 0.026414492828031051 0.021131249741216829 -0.0035564158894096616
leaf_weight=9.6388196200132352 4.702252745628356 8.4498830586671811 7.7411909103393546 4.5478698164224545 34.319506935775287
leaf_count=33 20 34 25 16 122
internal_value=5.62258e-05 -0.00197011 0.00135047 0.00383036 -0.000667713
internal_weight=69.3995 59.7607 51.3108 46.6086 38.8674
internal_count=250 217 183 163 138
is_linear=0
shrinkage=0.05


Tree=157
num_leaves=11
num_cat=0
split_feature=2 26 29 0 25 9 25 13 26 3
split_gain=0.738439 0.789854 0.729318 1.30161 0.000256767 0.000221014 4.08027e-05 3.36963e-05 3.47472e-06 1.20003e-06
threshold=0.077523004792089636 -0.016121076442306089 0.0055267861700197827 -0.014162892182731033 -0.0016703033581055291 33.687550163269051 -0.012490013162696876 65.140195195615377 0.016477600502263882 0.18378081655178793
decision_type=2 2 2 2 2 2 2 2 2 2
left_child=1 6 3 -3 -5 -2 -1 -7 -9 -10
right_child=5 2 -4 4 -6 7 -8 8 9 -11
leaf_value=-0.034440793670142446 -0.035373348139873494 0.024652640496310961 0.034458624502585765 -0.035454269920284838 -0.034117258261942326 -0.034296384443641165 -0.03382031603803156 -0.033862561717290317 -0.033708013242093784 -0.033548668669818905
leaf_weight=0.45134408865123987 0.33783605974167574 2.1113148592412472 2.2762920199893415 0.52592825423926104 1.1320128170773389 0.3739783354103563 0.64161013485863783 0.25051830476149917 0.24874815158545971 0.22506040427833796
leaf_count=14 6 21 26 13 59 14 39 15 18 25
internal_value=-0.00154167 0.00503967 0.0121114 -0.00138438 -0.0345414 -0.034255 -0.0340765 -0.033911 -0.033712 -0.0336323
internal_weight=8.57464 7.1385 6.04555 3.76926 1.65794 1.43614 1.09295 1.09831 0.724327 0.473809
internal_count=250 172 119 93 72 78 53 72 58 43
is_linear=0
shrinkage=0.05


Tree=158
num_leaves=6
num_cat=0
split_feature=29 18 16 26 22
split_gain=0.710883 0.97248 0.844675 1.48923 1.90639
threshold=0.0083427208081533494 -0.82799372523253945 0.064590031862178793 -0.028679364055228192 0.0071281247551754365
decision_type=2 2 2 2 2
left_child=1 -1 3 -3 -5
right_child=-2 2 -4 4 -6
leaf_value=-0.01891337165811105 0.014587484445608648 -0.021426655972037471 -0.017784222922387915 0.0012765269006873208 0.029659105091855095
leaf_weight=7.1921281516551963 7.5918423533439627 5.6877639889717093 5.6102364510297766 37.6316909044981 7.0199129432439795
leaf_count=24 29 20 20 130 27
internal_value=0.000131723 -0.00160636 0.000618391 0.00266933 0.0057387
internal_weight=70.7336 63.1417 55.9496 50.3394 44.6516
internal_count=250 221 197 177 157
is_linear=0
shrinkage=0.05


Tree=159
num_leaves=9
num_cat=0
split_feature=6 0 6 32 23 0 1 23
split_gain=0.696437 1.21127 1.65173 1.26252 1.1208 2.22679 1.63608 1.34677
threshold=1.0309105536361274 0.0048699040182711437 1.23249633836537 -0.1735390864362204 -0.0052549473674376448 0.0019872686772199892 0.021320109706812421 0.0067664066851379498
decision_type=2 2 2 2 2 2 2 2
left_child=4 2 -2 -3 -1 7 -7 -6
right_child=1 3 -4 -5 5 6 -8 -9
leaf_value=0.018263855624340724 -0.036903005595488279 0.012169938988802212 0.0010265577641803288 -0.013620109624354785 0.024399777791609064 -0.038601403719590643 -0.00054656429094470077 -0.0052708138571662781
leaf_weight=10.768877536058424 5.8774145469069499 12.051344349980356 5.6098785996437073 7.8276814371347418 8.7904679328203219 5.1129876375198346 6.3100248724222183 6.7700742930173865
leaf_count=38 26 38 22 29 30 21 21 25
internal_value=5.18007e-05 -0.00545442 -0.0183799 0.0020147 0.0046266 -0.000815892 -0.0175801 0.0114907
internal_weight=69.1188 31.3663 11.4873 19.879 37.7524 26.9836 11.423 15.5605
internal_count=250 115 48 67 135 97 42 55
is_linear=0
shrinkage=0.05


Tree=160
num_leaves=10
num_cat=0
split_feature=27 27 18 25 25 21 3 29 21
split_gain=0.722453 0.953631 1.13867 0.907372 0.000349396 0.000119776 1.15806e-05 1.40235e-06 2.52201e-07
threshold=-0.0073145777874613618 -0.0062363175374047777 -0.75735966557968848 -0.013357536330666551 -0.0037680398937900423 0.0027557726860134584 -0.013874762819344131 0.0054051952553386693 -0.00041168547789538485
decision_type=2 2 2 2 2 2 2 2 2
left_child=5 -2 -3 -4 -5 6 -1 8 -8
right_child=1 2 3 4 -6 -7 7 -9 -10
leaf_value=-0.033997623036694492 0.048831978354427388 0.027179981869054272 0.018412999625106282 -0.035147329193297216 -0.03397281107611632 -0.034712247506244617 -0.033525944295647175 -0.033728887587109777 -0.033608042113252981
leaf_weight=0.32137824827805161 1.0563573334366081 2.0770635930821295 1.1581211844459174 0.9977641198784114 1.7329655843786904 0.51671188045293093 0.19264243030920625 0.20344403758645058 0.18185071367770411
leaf_count=14 6 22 14 27 100 12 24 14 17
internal_value=-0.00152564 0.00504404 -0.00270929 -0.0186734 -0.034402 -0.0341056 -0.033757 -0.0336232 -0.0335658
internal_weight=8.4383 7.02227 5.96591 3.88885 2.73073 1.41603 0.899315 0.577937 0.374493
internal_count=250 169 163 141 127 81 69 55 41
is_linear=0
shrinkage=0.05


Tree=161
num_leaves=8
num_cat=0
split_feature=32 32 25 21 15 16 20
split_gain=0.679338 1.17699 1.3136 1.86754 1.78143 1.47268 1.01769
threshold=-0.05061643838151314 -0.11889196967284486 0.0005742204483144554 0.0024370343170753155 0.017494283628147211 0.028828211625034249 -0.039594974019638011
decision_type=2 2 2 2 2 2 2
left_child=1 2 3 6 -4 -6 -1
right_child=-2 -3 4 -5 5 -7 -8
leaf_value=0.0091680620842292636 -0.013664867832550043 0.017824502489160173 0.0097346791256791732 -0.0066993993190869409 -0.028027106958718895 -0.00089390613249997267 0.039049336534882628
leaf_weight=6.6358223110437393 7.9190697669982901 9.7657087445259076 9.6806811243295687 11.060069173574446 11.584408596158029 8.7995695769786817 4.9937056601047534
leaf_count=25 28 36 34 38 37 32 20
internal_value=0.000131936 0.0018795 -0.00107219 0.00800996 -0.00792642 -0.016314 0.021999
internal_weight=70.439 62.52 52.7543 22.6896 30.0647 20.384 11.6295
internal_count=250 222 186 83 103 69 45
is_linear=0
shrinkage=0.05


Tree=162
num_leaves=7
num_cat=0
split_feature=2 31 20 23 23 3
split_gain=0.669481 1.63933 1.10672 1.7458 1.81829 1.66225
threshold=0.12844341958276875 -0.29482026384589571 -0.10113077917364348 0.0045796882368773781 0.0085765641708744917 0.030066634366301307
decision_type=2 2 2 2 2 2
left_child=1 -1 -3 5 -5 -4
right_child=-2 2 3 4 -6 -7
leaf_value=-0.01982216129072471 0.011199680281542251 0.019869425435664813 -0.010342814672537341 -0.038261821393397358 -0.00046104010977641215 0.01561839348892409
leaf_weight=10.668482258915899 11.254140898585318 7.2409254759550086 9.798022389411928 5.4890633076429349 7.5666709095239639 16.632157690823078
leaf_count=38 39 25 37 23 29 59
internal_value=4.89703e-05 -0.00213747 0.00190022 -0.00139497 -0.0163537 0.00599423
internal_weight=68.6495 57.3953 46.7268 39.4859 13.0557 26.4302
internal_count=250 211 173 148 52 96
is_linear=0
shrinkage=0.05


Tree=163
num_leaves=12
num_cat=0
split_feature=19 27 21 3 33 21 3 0 21 19 34
split_gain=0.700968 0.753559 0.533128 0.46263 0.289475 8.96039e-05 2.36077e-05 1.43217e-05 3.52925e-06 3.29965e-06 1.33296e-06
threshold=0.011424485563714228 -0.0073145777874613618 0.00070309462270634626 -0.074949141928207827 0.63500000000000012 0.0027557726860134584 0.022445720618068491 -0.019422724257759091 -0.00081513905586688684 -0.048867405145294966 1.1026750935885286
decision_type=2 2 2 2 2 2 2 2 2 2 2
left_child=1 5 3 -3 -4 9 -5 -2 -9 -1 -10
right_child=7 2 4 6 -6 -7 -8 8 10 -11 -12
leaf_value=-0.033862307927239252 -0.034024661765698717 0.023538625974225083 0.0071675482997172087 -0.034282052674530911 0.033106661418147137 -0.034688263324888287 -0.033789928055233495 -0.033550358781949556 -0.033822857854302835 -0.033617559506984244 -0.033673271452107099
leaf_weight=0.32121220976114273 0.48576350510120392 0.542956420220434 2.0230689197778702 0.46294561121612832 2.2965499432757497 0.47850734367966652 0.51455380069091916 0.30649400316178799 0.34600602509453871 0.24105705460533478 0.26146749500185251
leaf_count=19 21 5 23 17 23 11 31 36 20 23 21
internal_value=-0.00155099 0.00501031 0.0119955 -0.0134677 0.0209582 -0.0341854 -0.034023 -0.0338053 -0.0336887 -0.0337574 -0.0337585
internal_weight=8.28058 6.88085 5.84007 1.52046 4.31962 1.04078 0.977499 1.39973 0.913968 0.562269 0.607474
internal_count=250 152 99 53 46 53 48 98 77 42 41
is_linear=0
shrinkage=0.05


Tree=164
num_leaves=7
num_cat=0
split_feature=3 15 19 15 19 0
split_gain=0.669533 0.918659 1.10229 0.909845 1.53083 0.647637
threshold=-0.15411272258782002 0.063607453881692935 -0.071780892959792661 0.015519237629037176 -0.0066954261023005604 0.006354026024499416
decision_type=2 2 2 2 2 2
left_child=-1 2 -2 5 -5 -4
right_child=1 -3 3 4 -6 -7
leaf_value=0.019491075533866999 0.01893989660838585 -0.018401781203758256 -0.0013736953642050011 -0.016601733837895247 0.0030759678175090177 0.023151033929121434
leaf_weight=4.1996755897998801 7.4161859452724448 6.8709233105182639 5.2339792102575284 16.90809957683086 23.790260002017025 5.542565643787384
leaf_count=15 29 23 19 57 86 21
internal_value=0.000135521 -0.00110056 0.000918005 -0.00167848 -0.00509912 0.0112398
internal_weight=69.9617 65.762 58.8911 51.4749 40.6984 10.7765
internal_count=250 235 212 183 143 40
is_linear=0
shrinkage=0.05


Tree=165
num_leaves=8
num_cat=0
split_feature=6 6 0 1 18 15 24
split_gain=0.69066 1.4877 1.13466 1.09501 0.947578 1.3235 1.15735
threshold=0.94126342539275298 0.75637751874617609 -0.010848610305276894 0.0074115308530028354 -0.27841517364768259 0.017609853402057968 -0.0037174288462306078
decision_type=2 2 2 2 2 2 2
left_child=1 -1 -2 -3 6 -6 -4
right_child=2 3 4 -5 5 -7 -8
leaf_value=-0.0099700274824604113 -0.02283954479673796 0.0049774959284149892 -0.0086892213284476133 0.030601936580978942 -0.026132854261732282 0.0023862452649760033 0.01769067746633286
leaf_weight=9.2288434058427828 6.6990158334374419 10.867592722177507 6.6757346540689495 6.7641117721796027 6.6811009198427227 10.401591137051581 11.023115962743757
leaf_count=33 32 38 24 25 24 36 38
internal_value=4.82577e-05 0.0062946 -0.00399654 0.0148079 -0.000367322 -0.00876767 0.00774058
internal_weight=68.3411 26.8605 41.4806 17.6317 34.7815 17.0827 17.6989
internal_count=250 96 154 63 122 60 62
is_linear=0
shrinkage=0.05


Tree=166
num_leaves=11
num_cat=0
split_feature=26 26 1 30 18 21 25 18 21 34
split_gain=0.687638 0.781524 0.502034 0.825263 0.432623 6.61318e-05 4.19895e-05 1.29451e-05 3.17236e-06 1.89811e-06
threshold=0.023323893851323056 -0.016121076442306089 -0.030067091453524816 0.00020394155582603715 -0.73922820907774223 0.00345933293059475 -0.012490013162696876 -0.76308206829630942 0.0020307765680508409 1.8537104994692462
decision_type=2 2 2 2 2 2 2 2 2 2
left_child=1 6 -3 -4 -5 7 -1 -2 -8 -9
right_child=5 2 3 4 -6 -7 8 9 -10 -11
leaf_value=-0.034431059372071908 -0.034050019504737954 0.048610581668909941 -0.034735057097075743 0.042214356932648966 0.0058033930970317164 -0.034534737986385407 -0.03369230908050487 -0.033712595741067559 -0.033914363207653515 -0.033549840257887355
leaf_weight=0.43487735837697983 0.26520369248464704 0.81604921072721381 0.98216563230380494 1.1553305797278874 2.7759819659404465 0.36880183313041925 0.34566128533333518 0.41368910064920761 0.30082456581294537 0.31595884030684829
leaf_count=14 12 5 31 6 64 11 27 28 16 36
internal_value=-0.00155367 0.00493519 0.0122933 0.00626157 0.0165038 -0.0339629 -0.0340512 -0.0337509 -0.0337956 -0.0336421
internal_weight=8.17454 6.81089 5.72953 4.91348 3.93131 1.36365 1.08136 0.994852 0.646486 0.729648
internal_count=250 163 106 101 70 87 57 76 43 64
is_linear=0
shrinkage=0.05


Tree=167
num_leaves=9
num_cat=0
split_feature=14 12 27 24 10 25 17 15
split_gain=0.657879 1.29827 1.09461 1.58378 2.26825 1.36051 1.87874 1.01994
threshold=0.99707896685407171 0.18948306875824386 -0.00055803520281222363 -0.0026151902425762814 0.014210810340237091 0.010651203163546953 -0.0046233693121496651 0.019436485441081511
decision_type=2 2 2 2 2 2 2 2
left_child=1 2 3 4 -1 6 -4 -5
right_child=-2 -3 5 7 -6 -7 -8 -9
leaf_value=0.045645501115238608 -0.013227453827057471 0.020700311155133266 -0.019815501029475633 0.01206537271956881 0.0014333302273469232 -0.026239573234410774 0.010452150476065734 -0.016919704701147266
leaf_weight=4.9876041188836115 8.135044336318968 7.9916987717151633 8.3458319902420062 5.0228409469127602 6.9342356473207474 7.2570372223854056 13.292315803468233 7.6691775768995285
leaf_count=20 29 29 30 19 24 24 48 27
internal_value=0.000135025 0.00190255 -0.000904934 0.00684342 0.0199299 -0.00750523 -0.00122208 -0.00544892
internal_weight=69.6358 61.5007 53.509 24.6139 11.9218 28.8952 21.6381 12.692
internal_count=250 221 192 90 44 102 78 46
is_linear=0
shrinkage=0.05


Tree=168
num_leaves=10
num_cat=0
split_feature=6 6 0 21 23 0 1 23 18
split_gain=0.672107 1.12935 1.76271 1.1568 1.02258 2.00023 1.50444 1.26317 0.910468
threshold=1.0309105536361274 1.2054516207136481 0.0078295374500486643 1.0000000180025095e-35 -0.0052549473674376448 0.0019872686772199892 0.021320109706812421 0.0067664066851379498 -0.28314778774556754
decision_type=2 2 2 2 2 2 2 2 2
left_child=4 2 -2 -3 -1 7 -7 -6 -4
right_child=1 3 8 -5 5 6 -8 -9 -10
leaf_value=0.017698015162506547 -0.036502884478622571 -0.010366869087080989 0.011647523220397901 0.019035595794857071 0.02369874785427719 -0.037603660126708738 -0.00049450206086109922 -0.0052944268942298339 -0.016308899372322255
leaf_weight=10.612724773585795 5.7380989715457025 6.2102473080158216 5.6949006468057659 7.2513396590948105 8.6096660345792788 4.8854143321514112 6.1939213275909424 6.6648744046688071 5.9604928940534547
leaf_count=38 26 22 20 27 30 21 21 25 20
internal_value=4.60237e-05 -0.00540209 -0.0138175 0.00547133 0.00459343 -0.000683799 -0.0168577 0.0110479 -0.00264921
internal_weight=67.8217 30.8551 17.3935 13.4616 36.9666 26.3539 11.0793 15.2745 11.6554
internal_count=250 115 66 49 135 97 42 55 40
is_linear=0
shrinkage=0.05


Tree=169
num_leaves=11
num_cat=0
split_feature=10 30 4 12 2 32 23 25 26 10
split_gain=0.661135 0.728417 0.543708 1.01724 0.32407 0.000226581 0.000136454 8.59664e-05 3.53557e-06 1.12094e-06
threshold=0.050378548270804298 -0.0092962117947977246 0.015957637747188978 0.069826108695435526 0.047898897954025028 -0.54425911603283328 0.012205976298980794 -0.0084926001400884559 0.021208347910125939 0.092413951055606833
decision_type=2 2 2 2 2 2 2 2 2 2
left_child=1 5 3 7 -4 -1 8 -3 -2 -10
right_child=6 2 4 -5 -6 -7 -8 -9 9 -11
leaf_value=-0.035350712601333767 -0.033803523002846197 -0.034806281272507671 0.0066166223068614919 0.038070116218394984 0.036753808516230474 -0.033840180006637265 -0.034898621258591479 -0.034008139790493809 -0.033686701580132525 -0.033542815436456132
leaf_weight=0.44636377086862922 0.46444424474611856 0.6244176076725122 1.6015882873907688 0.75327134504914273 2.0133960153907537 0.55936523992568232 0.31238270271569479 0.7338932403363293 0.27351561468094587 0.26797365816310048
leaf_count=9 31 14 34 8 14 35 10 42 22 31
internal_value=-0.0016061 0.00473448 0.0116269 -0.00853146 0.0234018 -0.0345106 -0.0339858 -0.034375 -0.0337023 -0.0336155
internal_weight=8.05061 6.7323 5.72657 2.11158 3.61498 1.00573 1.31832 1.35831 1.00593 0.541489
internal_count=250 156 112 64 48 44 94 56 84 53
is_linear=0
shrinkage=0.05


Tree=170
num_leaves=9
num_cat=0
split_feature=20 2 28 28 13 14 27 0
split_gain=0.675956 1.35954 1.06338 2.61239 1.69673 1.70841 1.29904 1.08635
threshold=0.088356501377166899 0.023423037756275415 -0.018494661262625275 -0.037891354757429212 52.32587320475519 0.99707896685407171 0.00076366770152147556 0.010775382453792949
decision_type=2 2 2 2 2 2 2 2
left_child=2 -2 3 -1 6 7 -4 -6
right_child=1 -3 4 -5 5 -7 -8 -9
leaf_value=0.0054387031405071784 0.027244349642263167 -0.0041201636935933299 0.0038472981906672366 -0.040486207188658842 0.0070182041190222401 -0.014073479647762094 -0.025969439059449741 0.030452801664287876
leaf_weight=6.9044070094823837 6.2727345526218397 7.6916705518960953 6.7363081276416761 5.6147350519895536 13.843865871429449 6.3768888115882865 7.9806880727410316 7.6937002390623084
leaf_count=25 26 27 24 20 50 23 28 27
internal_value=0.000141919 0.0099686 -0.00234625 -0.0151583 0.00141612 0.00865891 -0.0123216 0.0153896
internal_weight=69.115 13.9644 55.1506 12.5191 42.6315 27.9145 14.717 21.5376
internal_count=250 53 197 45 152 100 52 77
is_linear=0
shrinkage=0.05


Tree=171
num_leaves=10
num_cat=0
split_feature=6 6 0 21 16 5 23 25 18
split_gain=0.654478 1.07035 1.68781 1.06923 0.967627 1.35968 0.926851 1.76061 0.848179
threshold=1.0309105536361274 1.2054516207136481 0.0078295374500486643 -1.0000000180025095e-35 0.0065641166196733405 0.04564816672045769 -0.0052549473674376448 -0.0025020179624143375 -0.28314778774556754
decision_type=2 2 2 2 2 2 2 2 2
left_child=4 2 -2 -3 -1 6 -6 -8 -4
right_child=1 3 8 -5 5 -7 7 -9 -10
leaf_value=-0.0086317620388327455 -0.036013524068810684 -0.010064445422324077 0.011167870995034379 0.018222798776641205 0.032789972429765994 -0.0089617876847921853 0.030068808686665005 -0.0066120735347673064 -0.015916211703943885
leaf_weight=10.078810192644594 5.6442708894610467 6.1798499077558517 5.661119036376479 7.2713416293263418 6.0016633272171047 7.2151804566383353 5.7317822575569171 7.6207383424043655 5.9067938774824098
leaf_count=39 26 22 20 27 21 26 21 28 20
internal_value=4.96314e-05 -0.00534037 -0.0135986 0.00522686 0.00455942 0.00956336 0.0164695 0.00913378 -0.00266177
internal_weight=67.3115 30.6634 17.2122 13.4512 36.6482 26.5694 19.3542 13.3525 11.5679
internal_count=250 115 66 49 135 96 70 49 40
is_linear=0
shrinkage=0.05


Tree=172
num_leaves=12
num_cat=0
split_feature=26 26 3 25 30 21 19 25 18 21 34
split_gain=0.647688 0.724067 0.451944 0.761564 0.186419 6.05245e-05 3.72023e-05 3.46535e-05 1.05383e-05 2.96042e-06 1.78228e-06
threshold=0.023323893851323056 -0.016121076442306089 -0.049825735683978682 -0.0019206377730711097 0.0080446166049941165 0.00345933293059475 -0.018419264408128074 -0.012490013162696876 -0.73922820907774223 0.0020307765680508409 1.8537104994692462
decision_type=2 2 2 2 2 2 2 2 2 2 2
left_child=1 7 -3 4 -4 8 -5 -1 -2 -9 -10
right_child=5 2 3 6 -6 -7 -8 9 10 -11 -12
leaf_value=-0.034368921234351403 -0.033985712777787724 0.038321773548094365 0.00281546059358732 -0.034370302855479262 0.026547075886463219 -0.034505013819160782 -0.033759456438075798 -0.033672311459291344 -0.033701873050235802 -0.033893229356173775 -0.033534883503244343
leaf_weight=0.41180156311020255 0.29736102791503072 1.245574703440069 1.5302519705146544 0.46202876558527262 1.801951511763036 0.35574689554050565 0.54125166335143393 0.32566439639776923 0.35106675000861265 0.28379631694406271 0.29326176038011909
leaf_count=14 15 8 27 17 14 11 40 27 25 16 36
internal_value=-0.0016532 0.00469339 0.0117765 0.00415005 0.0156488 -0.0339494 -0.0340408 -0.0340146 -0.0337395 -0.0337752 -0.0336259
internal_weight=7.89976 6.60232 5.58106 4.33548 3.3322 1.29744 1.00328 1.02126 0.94169 0.609461 0.644329
internal_count=250 163 106 98 41 87 57 57 76 43 61
is_linear=0
shrinkage=0.05


Tree=173
num_leaves=8
num_cat=0
split_feature=26 31 23 9 1 17 19
split_gain=0.649355 1.36465 1.72811 1.82028 1.26019 1.2186 1.63158
threshold=0.017428735119305986 -0.32279910510230109 0.00093993267083458687 58.434400177001962 0.016750071369864731 -0.01006886597402297 0.004140168272387835
decision_type=2 2 2 2 2 2 2
left_child=4 -2 3 -3 5 -1 -7
right_child=1 2 -4 -5 -6 6 -8
leaf_value=-0.015791510970546228 0.027414891294052016 -0.02297994544348805 0.016257224869562492 0.013061804993963614 -0.019795533598009105 -0.0059767720777839373 0.022782704158873679
leaf_weight=7.6518101245164898 5.7646014615893391 9.8683322295546549 10.364607289433478 5.4313188791275016 9.727151006460188 10.364189416170122 9.4083013832569105
leaf_count=27 21 36 37 20 35 37 37
internal_value=0.000141719 0.00543147 0.000493638 -0.0101853 -0.00433323 0.00115111 0.00770779
internal_weight=68.5803 31.4289 25.6643 15.2997 37.1515 27.4243 19.7725
internal_count=250 114 93 56 136 101 74
is_linear=0
shrinkage=0.05


Tree=174
num_leaves=9
num_cat=0
split_feature=6 6 0 1 30 22 18 20
split_gain=0.636948 1.30633 1.11144 1.02121 0.907312 2.51978 2.08735 0.92943
threshold=0.94126342539275298 0.75637751874617609 -0.010848610305276894 0.0074115308530028354 0.012721816906958396 -0.0032460251132191416 -0.4267077392991937 -0.15706019016851411
decision_type=2 2 2 2 2 2 2 2
left_child=1 -1 -2 -3 5 -4 -7 -6
right_child=2 3 4 -5 7 6 -8 -9
leaf_value=-0.0093004910560658266 -0.022699405608720066 0.0046342188279720571 0.031279293626736177 0.029706928572113291 0.0019952422660825461 0.021665180283943517 -0.016817033612719145 -0.027417085591899894
leaf_weight=9.0023477226495761 6.5670022293925276 10.637648873031141 6.6680258661508551 6.5691373050212851 5.5467303395271301 5.0667778402566936 11.571707941591741 5.2077589333057386
leaf_count=33 32 38 21 25 20 18 43 20
internal_value=5.50633e-05 0.00613221 -0.0038653 0.0142064 -0.000234066 0.00530933 -0.00509837 -0.0122474
internal_weight=66.8371 26.2091 40.628 17.2068 34.061 23.3065 16.6385 10.7545
internal_count=250 96 154 63 122 82 61 40
is_linear=0
shrinkage=0.05


Tree=175
num_leaves=11
num_cat=0
split_feature=2 24 24 8 4 7 16 13 26 8
split_gain=0.627132 0.659508 0.68569 1.19498 0.468306 0.000154614 0.000116154 2.69106e-05 2.81494e-06 9.87397e-07
threshold=0.077523004792089636 -0.01645309018349694 -0.014431264418244492 0.01602897539304687 0.012202648130476267 34.600599861145021 0.027255335138541843 65.140195195615377 0.014575206597835068 0.049889881608607307
decision_type=2 2 2 2 2 2 2 2 2 2
left_child=1 6 -3 4 -4 -2 -1 -7 -9 -10
right_child=5 2 3 -5 -6 7 -8 8 9 -11
leaf_value=-0.033915516686736501 -0.035169681833095677 0.04600917448814637 0.021835673167905544 0.028711155553740316 -0.034389702487332065 -0.034225449555372579 -0.035034992104731898 -0.033813207192853842 -0.033684701387659138 -0.033523911636360489
leaf_weight=0.48796446784399439 0.29836049210280158 1.1210032012313593 0.46469144150614861 2.1868882747367024 1.8240473512560127 0.33356580324470997 0.44122725445777178 0.21442192140966654 0.15946002211421728 0.23797229118645191
leaf_count=31 6 6 11 35 78 14 11 14 13 31
internal_value=-0.00163897 0.00456264 0.0110393 0.00228046 -0.022974 -0.0341773 -0.0344471 -0.0338642 -0.0336672 -0.0335884
internal_weight=7.7696 6.52582 5.59663 4.47563 2.28874 1.24378 0.929192 0.94542 0.611854 0.397432
internal_count=250 172 130 124 89 78 42 72 58 44
is_linear=0
shrinkage=0.05


Tree=176
num_leaves=6
num_cat=0
split_feature=24 1 1 28 17
split_gain=0.643223 0.952376 1.2058 1.28997 1.69119
threshold=0.026022165992401817 -0.037387331153708063 -0.0059488195014369407 0.030355154475230076 -0.0039784538800744776
decision_type=2 2 2 2 2
left_child=1 -1 -3 4 -4
right_child=-2 2 3 -5 -6
leaf_value=-0.018598055814966409 0.014278474121863872 0.019202058109917347 0.013686487578231314 0.013843640306270881 -0.012361132492448903
leaf_weight=7.2109099775552741 7.1878981590270987 7.6036651358008376 7.9900165796279863 9.7641700580716115 28.314751878380779
leaf_count=25 27 32 31 35 100
internal_value=0.000133005 -0.00153701 0.000755144 -0.00228951 -0.00662853
internal_weight=68.0714 60.8835 53.6726 46.0689 36.3048
internal_count=250 223 198 166 131
is_linear=0
shrinkage=0.05


Tree=177
num_leaves=7
num_cat=0
split_feature=2 31 20 23 23 3
split_gain=0.623127 1.39964 1.01588 1.49422 1.74051 1.55115
threshold=0.12844341958276875 -0.29482026384589571 -0.10113077917364348 0.0045796882368773781 0.0085765641708744917 0.030066634366301307
decision_type=2 2 2 2 2 2
left_child=1 -1 -3 5 -5 -4
right_child=-2 2 3 4 -6 -7
leaf_value=-0.018755712036530734 0.010937007420008164 0.019123015077810675 -0.010686390985629252 -0.037695955132805728 0.00014124610760540577 0.014802867760103523
leaf_weight=10.28647520393133 10.958468571305273 7.0456258952617636 9.475119501352312 5.2352065742015821 7.2461227178573608 16.128795854747295
leaf_count=38 39 25 37 23 29 59
internal_value=4.26552e-05 -0.00211164 0.00168197 -0.00154456 -0.0157293 0.00537018
internal_weight=66.3758 55.4173 45.1309 38.0852 12.4813 25.6039
internal_count=250 211 173 148 52 96
is_linear=0
shrinkage=0.05


Tree=178
num_leaves=11
num_cat=0
split_feature=10 27 10 33 23 0 21 3 26 10
split_gain=0.606805 0.666171 0.532968 0.758203 0.000114545 6.88707e-05 5.88778e-05 5.76527e-06 3.28231e-06 8.68641e-07
threshold=0.050378548270804298 -0.0073145777874613618 0.013467378622698997 0.97500000000000009 0.012205976298980794 -0.011619816131256953 0.0027557726860134584 -0.013874762819344131 0.021208347910125939 0.092413951055606833
decision_type=2 2 2 2 2 2 2 2 2 2
left_child=1 6 3 5 8 -3 7 -1 -2 -10
right_child=4 2 -4 -5 -6 -7 -8 -9 9 -11
leaf_value=-0.033914139284011401 -0.033776987645453331 -0.034671954429532303 0.024669809254695245 0.023193933987738405 -0.034814744641106316 -0.033911733374644037 -0.034549341998269589 -0.033575940161892782 -0.033653673403028876 -0.033520430126065599
leaf_weight=0.27484308881685138 0.43658898770809151 0.53006895352154937 3.1477096173912287 1.0937447096221147 0.29086716659367085 0.68022757163271363 0.44003432244062424 0.23270643060095597 0.24974681297317147 0.23972955578938127
leaf_count=14 31 14 33 17 10 40 11 27 22 31
internal_value=-0.00158552 0.00456893 0.0112946 -0.00697817 -0.0339492 -0.0342447 -0.0341261 -0.0337591 -0.0336773 -0.0335884
internal_weight=7.61627 6.39933 5.45175 2.30404 1.21693 1.2103 0.947584 0.50755 0.926065 0.489476
internal_count=250 156 104 71 94 54 52 41 84 53
is_linear=0
shrinkage=0.05


Tree=179
num_leaves=9
num_cat=0
split_feature=20 16 5 18 23 23 3 2
split_gain=0.660547 1.2898 1.03101 2.24655 0.888027 2.02907 2.16509 0.828449
threshold=0.088356501377166899 0.033067663556618637 0.030155189897340628 -0.4647510612317034 0.0085765641708744917 0.00081516680707138811 0.090148343884470031 0.037757942284040287
decision_type=2 2 2 2 2 2 2 2
left_child=2 -2 4 -4 5 6 -1 -5
right_child=1 -3 3 7 -6 -7 -8 -9
leaf_value=0.012900990642298353 -0.0022800721849148718 0.029247809535460308 0.0089916301063276242 -0.038118858643160197 -0.013693887670469116 0.024926456697665477 -0.022493016810343876 -0.011863731227115919
leaf_weight=9.3935851454734856 8.3562656268477422 5.3023023158311835 8.1336075216531771 6.0292960330843908 6.4552577435970298 9.9547606259584409 8.0007972121238691 5.9889843612909317
leaf_count=35 33 20 29 22 23 38 27 23
internal_value=0.000136722 0.00995916 -0.00234974 -0.0113015 0.00298671 0.00692385 -0.00337899 -0.0250353
internal_weight=67.6149 13.6586 53.9563 20.1519 33.8044 27.3491 17.3944 12.0183
internal_count=250 53 197 74 123 100 62 45
is_linear=0
shrinkage=0.05


Tree=180
num_leaves=9
num_cat=0
split_feature=6 6 0 1 30 22 18 20
split_gain=0.63365 1.22171 1.01534 0.967963 0.868246 2.34185 1.95816 0.8769
threshold=0.94126342539275298 0.75637751874617609 -0.010848610305276894 0.0074115308530028354 0.012721816906958396 -0.0032460251132191416 -0.4267077392991937 -0.15706019016851411
decision_type=2 2 2 2 2 2 2 2
left_child=1 -1 -2 -3 5 -4 -7 -6
right_child=2 3 4 -5 7 6 -8 -9
leaf_value=-0.0088771729846774169 -0.022096858844030204 0.0046495812351525639 0.030156190919118166 0.029260453497019612 0.001639417588406034 0.020927704787367947 -0.016496005297804636 -0.027108959390560634
leaf_weight=8.8722871392965335 6.4293702617287627 10.487004920840265 6.6153181791305533 6.4540819823741904 5.4921240210533142 5.0329704433679607 11.441431075334551 5.1303901821374875
leaf_count=33 32 38 21 25 20 18 43 20
internal_value=4.2265e-05 0.00615374 -0.00388777 0.0140256 -0.000415049 0.00502749 -0.00506297 -0.0122453
internal_weight=65.955 25.8134 40.1416 16.9411 33.7122 23.0897 16.4744 10.6225
internal_count=250 96 154 63 122 82 61 40
is_linear=0
shrinkage=0.05


Tree=181
num_leaves=11
num_cat=0
split_feature=19 27 27 18 25 21 0 21 19 3
split_gain=0.589341 0.619679 0.586007 0.811643 0.832615 5.75991e-05 1.15665e-05 2.39999e-06 2.22015e-06 7.87934e-07
threshold=0.011424485563714228 -0.0073145777874613618 -0.0062363175374047777 -0.73922820907774223 -0.013357536330666551 0.0027557726860134584 -0.019422724257759091 -0.00081513905586688684 -0.048867405145294966 0.043204744431820881
decision_type=2 2 2 2 2 2 2 2 2 2
left_child=1 5 -3 -4 -5 8 -2 -8 -1 -9
right_child=6 2 3 4 -6 -7 7 9 -10 -11
leaf_value=-0.033798378778457254 -0.033966529678158636 0.046097709142127498 0.029230486273107693 0.024503061491620654 -0.03461406608421299 -0.034509927451382975 -0.033516108585852432 -0.033759924632562693 -0.033580464522912294 -0.033636123839724606
leaf_weight=0.27243230305612087 0.42505298275500536 0.96940559428185213 1.7856218814849847 0.90523068048059885 1.7413216358982038 0.41581643465906382 0.25462805107235909 0.28233268018811919 0.20471180696040381 0.23591888137161732
leaf_count=19 21 5 15 9 70 11 36 19 23 22
internal_value=-0.00161253 0.00450498 0.0108836 0.00318158 -0.0143936 -0.0340798 -0.033757 -0.0336418 -0.0337049 -0.0337036
internal_weight=7.49247 6.29454 5.40158 4.43217 2.64655 0.892961 1.19793 0.77288 0.477144 0.518252
internal_count=250 152 99 94 79 53 98 77 42 41
is_linear=0
shrinkage=0.05


Tree=182
num_leaves=8
num_cat=0
split_feature=26 1 20 23 0 17 19
split_gain=0.627971 1.20558 1.19764 1.77363 1.53483 1.09649 1.45078
threshold=0.017428735119305986 0.016750071369864731 -0.05449106168792394 0.0033813377423780326 0.015029943573566131 -0.01006886597402297 0.004140168272387835
decision_type=2 2 2 2 2 2 2
left_child=1 5 -2 4 -4 -1 -7
right_child=2 -3 3 -5 -6 6 -8
leaf_value=-0.015102482548694561 0.019874620817242956 -0.019532511037235988 0.0029978149423999507 0.01976706531008068 -0.030109414706507277 -0.0055353094181275217 0.021908499495294172
leaf_weight=7.4942943304777172 9.7550651431083697 9.579802602529524 8.0930880904197711 6.7624890506267539 6.1691885292530051 10.194400101900102 9.127040356397627
leaf_count=27 35 35 32 26 21 37 37
internal_value=0.000138358 -0.00430738 0.00539521 -0.00132294 -0.0113228 0.00113173 0.00742857
internal_weight=67.1754 36.3955 30.7798 21.0248 14.2623 26.8157 19.3214
internal_count=250 136 114 79 53 101 74
is_linear=0
shrinkage=0.05


Tree=183
num_leaves=6
num_cat=0
split_feature=1 12 12 13 21
split_gain=0.956491 1.30299 0.849877 1.52731 0.954933
threshold=0.12249230229076892 0.18948306875824386 0.098957312985835558 71.23026022835576 -0.005235862263145096
decision_type=2 2 2 2 2
left_child=1 2 3 4 -1
right_child=-2 -3 -4 -5 -6
leaf_value=0.020276374792756929 0.020632192319385238 -0.022231113061055227 0.01396261786092183 -0.026468749727726771 -0.0018900649878430195
leaf_weight=5.7309189140796617 5.192289024591445 6.8690972551703444 10.101990230381487 5.6156781390309325 31.924637563526634
leaf_count=21 18 27 37 23 124
internal_value=4.11632e-05 -0.00173358 0.00090444 -0.00214409 0.00148352
internal_weight=65.4346 60.2423 53.3732 43.2712 37.6556
internal_count=250 232 205 168 145
is_linear=0
shrinkage=0.05


Tree=184
num_leaves=12
num_cat=0
split_feature=26 26 21 34 33 6 21 25 18 21 34
split_gain=0.574942 0.633306 0.404281 0.699774 0.334632 0.000171744 4.35906e-05 2.67568e-05 1.0319e-05 3.68148e-06 1.43344e-06
threshold=0.023323893851323056 -0.016121076442306089 0.00070309462270634626 -0.41953548780020095 0.63500000000000012 0.75637751874617609 0.00345933293059475 -0.018018837677260809 -0.75735966557968848 0.0018276261205159019 1.8537104994692462
decision_type=2 2 2 2 2 2 2 2 2 2 2
left_child=1 7 3 -3 -4 -5 8 -1 -2 -9 -10
right_child=6 2 4 5 -6 -7 -8 9 10 -11 -12
leaf_value=-0.034305092274373554 -0.033982998144459639 0.049797426882860707 0.0042318073312606732 -0.035322648987195435 0.033352040330795633 -0.033811798663215688 -0.034396460937889124 -0.033602795158511792 -0.033665545810844501 -0.033857776949118561 -0.033508521285292608
leaf_weight=0.34044718975201249 0.24715274572372437 0.33196631073951666 1.9317236114293339 0.25393515545874867 2.0162725336849689 0.72545678121969104 0.32085123285651207 0.25252194190397848 0.34066486917436101 0.32216212432831526 0.25348545960150659
leaf_count=12 13 1 28 5 20 52 11 26 27 19 36
internal_value=-0.00163781 0.00443465 0.0111143 -0.0129389 0.0191037 -0.0342035 -0.0339006 -0.0339538 -0.0337115 -0.0337457 -0.0335986
internal_weight=7.33664 6.17449 5.25935 1.31136 3.948 0.979392 1.16215 0.915131 0.841303 0.574684 0.59415
internal_count=250 163 106 58 48 57 87 57 76 45 63
is_linear=0
shrinkage=0.05


Tree=185
num_leaves=8
num_cat=0
split_feature=20 16 5 33 16 8 28
split_gain=0.633513 1.22612 0.990605 2.17123 0.885484 1.05974 1.05452
threshold=0.088356501377166899 0.033067663556618637 0.030155189897340628 0.97500000000000009 0.0023467305293275818 0.0023591396875635535 -0.0166753827351892
decision_type=2 2 2 2 2 2 2
left_child=2 -2 4 -4 -1 -6 -7
right_child=1 -3 3 -5 5 6 -8
leaf_value=-0.015726541729505692 -0.0021832477391654915 0.028787806153098457 -0.026719774892073563 0.0063787605338084946 0.025803252350310509 -0.014444286253509263 0.0089763107175480136
leaf_weight=5.3245879113674155 8.2383575364947301 5.2208043187856665 10.527570426464083 9.3602228537201864 5.6782566010952022 7.0126237049698856 15.275019660592077
leaf_count=19 33 20 39 35 24 25 55
internal_value=0.0001399 0.00983041 -0.00231272 -0.0111419 0.00296184 0.00652003 0.00160721
internal_weight=66.6374 13.4592 53.1783 19.8878 33.2905 27.9659 22.2876
internal_count=250 53 197 74 123 104 80
is_linear=0
shrinkage=0.05


Tree=186
num_leaves=6
num_cat=0
split_feature=1 12 12 13 14
split_gain=0.886602 1.21925 0.799804 1.44639 0.921702
threshold=0.12249230229076892 0.18948306875824386 0.098957312985835558 71.23026022835576 0.5123331456651935
decision_type=2 2 2 2 2
left_child=1 2 3 4 -1
right_child=-2 -3 -4 -5 -6
leaf_value=-0.0070719083538307546 0.019925517976541379 -0.021625406081670132 0.01355646159469627 -0.025885287729371594 0.008665266321694445
leaf_weight=17.205122165381908 5.1594529151916495 6.7904163300991049 10.075023077428339 5.5624408870935431 20.260714530944824
leaf_count=71 18 27 37 23 74
internal_value=3.76151e-05 -0.0016756 0.000875421 -0.00209383 0.00143842
internal_weight=65.0532 59.8937 53.1033 43.0283 37.4658
internal_count=250 232 205 168 145
is_linear=0
shrinkage=0.05


Tree=187
num_leaves=11
num_cat=0
split_feature=2 24 24 8 5 7 16 13 26 8
split_gain=0.559997 0.596094 0.561828 1.03245 0.443678 0.000124621 0.00010605 2.12974e-05 1.87705e-06 8.28206e-07
threshold=0.077523004792089636 -0.01645309018349694 -0.014431264418244492 0.01602897539304687 0.012747022052190917 34.600599861145021 0.027255335138541843 65.140195195615377 0.016477600502263882 0.049889881608607307
decision_type=2 2 2 2 2 2 2 2 2 2
left_child=1 6 -3 4 -4 -2 -1 -7 -9 -10
right_child=5 2 3 -5 -6 7 -8 8 9 -11
leaf_value=-0.033879512278140206 -0.035042905142782771 0.043031884656450074 0.022971166225050348 0.027156791329769558 -0.034299594533198939 -0.034156928168674397 -0.034995549437550018 -0.033755674541569324 -0.033657341132864373 -0.033498346664153661
leaf_weight=0.44257610174827267 0.27779579861089565 1.0674550561234344 0.42513899225741747 2.0944973542355001 1.6532447519712148 0.30291157029569149 0.41010158136487007 0.1972102546133101 0.13646630058065057 0.20486187981441617
leaf_count=31 6 6 9 35 80 14 11 15 12 31
internal_value=-0.0016174 0.00435396 0.0106624 0.00238208 -0.0225847 -0.0341247 -0.0344163 -0.0338215 -0.0336329 -0.0335619
internal_weight=7.21226 6.09301 5.24034 4.17288 2.07838 1.11925 0.852678 0.84145 0.538538 0.341328
internal_count=250 172 130 124 89 78 42 72 58 43
is_linear=0
shrinkage=0.05


Tree=188
num_leaves=10
num_cat=0
split_feature=26 18 20 2 3 25 16 6 4
split_gain=0.64024 1.14977 1.68024 2.25853 1.32105 1.11787 1.57447 1.13366 1.10728
threshold=0.017428735119305986 -0.13932022485710677 -0.047054593386037839 1.0000000180025095e-35 0.074410808308200807 0.0086695662645596156 0.027255335138541843 0.99901229192859031 0.017429090360635034
decision_type=2 2 2 2 2 2 2 2 2
left_child=1 2 3 -1 8 7 -7 -2 -4
right_child=5 -3 4 -5 -6 6 -8 -9 -10
leaf_value=0.010279361694568175 0.0016622664803892765 -0.021917792135034739 0.016804324302748967 -0.035558914393933404 0.029135098714728837 -0.018111935590799429 0.015021905470656139 0.028646642931880462 -0.014032814241696898
leaf_weight=4.8252177983522433 7.9767393022775668 7.4154106080532065 5.3609893843531626 6.0649402141571045 5.8571943789720526 8.6446796953678113 6.1261061429977408 7.6011653393507004 6.3699887841939926
leaf_count=20 31 27 23 22 21 29 22 32 23
internal_value=0.000139158 -0.00438079 0.000185627 -0.0152489 0.00974228 0.00548496 -0.00436985 0.0148292 5.95803e-05
internal_weight=66.2424 35.8937 28.4783 10.8902 17.5882 30.3487 14.7708 15.5779 11.731
internal_count=250 136 109 42 67 114 51 63 46
is_linear=0
shrinkage=0.05


Tree=189
num_leaves=6
num_cat=0
split_feature=1 12 12 13 14
split_gain=0.841851 1.12377 0.75872 1.32322 0.983156
threshold=0.12249230229076892 0.18948306875824386 0.098957312985835558 69.331278032146614 0.5123331456651935
decision_type=2 2 2 2 2
left_child=1 2 3 4 -1
right_child=-2 -3 -4 -5 -6
leaf_value=-0.0069583208017886923 0.01946076894303915 -0.020907117679275347 0.013193834822909279 -0.022369420016056504 0.0095869541124707046
leaf_weight=17.118492446839809 5.1320191621780387 6.717428356409072 10.015030503273008 6.7732363268733016 18.882866054773331
leaf_count=71 18 27 37 28 69
internal_value=3.04378e-05 -0.00164528 0.000805774 -0.00209471 0.00171975
internal_weight=64.6391 59.5071 52.7896 42.7746 36.0014
internal_count=250 232 205 168 140
is_linear=0
shrinkage=0.05


Tree=190
num_leaves=11
num_cat=0
split_feature=19 27 27 18 25 21 0 21 19 3
split_gain=0.543292 0.564877 0.544652 0.74396 0.734361 4.72272e-05 9.17718e-06 2.14359e-06 1.8005e-06 7.89983e-07
threshold=0.011424485563714228 -0.0073145777874613618 -0.0062363175374047777 -0.73922820907774223 -0.013357536330666551 0.0027557726860134584 -0.019422724257759091 -0.00081513905586688684 -0.048867405145294966 0.043204744431820881
decision_type=2 2 2 2 2 2 2 2 2 2
left_child=1 5 -3 -4 -5 8 -2 -8 -1 -9
right_child=6 2 3 4 -6 -7 7 9 -10 -11
leaf_value=-0.033767233094035017 -0.033924571301318131 0.045020419164656884 0.028013883027891102 0.022786272125714269 -0.034557477091469099 -0.034437710882898785 -0.033498447877971502 -0.033742095517089517 -0.033562226827438674 -0.033613461726795996
leaf_weight=0.24894143803976476 0.39556293748319149 0.93783550150692363 1.7304440457373851 0.8530874047428364 1.6157770389691015 0.38664889894425869 0.22963389498181641 0.26458169240504481 0.18797540059313167 0.21745347091928124
leaf_count=19 21 5 15 9 70 11 36 19 23 22
internal_value=-0.00156752 0.0044071 0.01057 0.00287618 -0.014743 -0.0340352 -0.0337315 -0.0336242 -0.033679 -0.0336841
internal_weight=7.06794 5.96071 5.13714 4.19931 2.46886 0.823566 1.10723 0.711669 0.436917 0.482035
internal_count=250 152 99 94 79 53 98 77 42 41
is_linear=0
shrinkage=0.05


Tree=191
num_leaves=8
num_cat=0
split_feature=1 12 26 1 20 23 5
split_gain=0.767043 1.24684 0.725894 1.72967 1.54033 1.28331 0.943702
threshold=0.12249230229076892 0.18948306875824386 0.01344173506750468 0.016750071369864731 -0.058294694248819771 0.00093993267083458687 0.013882861369227456
decision_type=2 2 2 2 2 2 2
left_child=1 2 3 6 -4 -6 -1
right_child=-2 -3 4 -5 5 -7 -8
leaf_value=0.018051979349604366 -0.018463016844358467 0.021780407127604626 0.026489356729668501 -0.027630473752496061 -0.013581289125777211 0.016200342983733306 -0.0049072630469422125
leaf_weight=5.8574339449405732 5.111455723643302 6.8601861000061026 6.532252952456477 7.0008029192686072 9.6934424564242345 5.7705376371741286 18.973159700632095
leaf_count=24 18 27 24 25 38 23 71
internal_value=0.000138477 0.00170519 -0.000853337 -0.00568004 0.00613152 -0.00246798 0.000508727
internal_weight=65.7993 60.6878 53.8276 31.8314 21.9962 15.464 24.8306
internal_count=250 232 205 120 85 61 95
is_linear=0
shrinkage=0.05


Tree=192
num_leaves=7
num_cat=0
split_feature=1 12 26 1 26 0
split_gain=0.741246 0.996326 0.700655 1.34434 1.66497 1.54382
threshold=0.12249230229076892 0.18948306875824386 -0.031210374655088854 0.0074115308530028354 0.01344173506750468 -0.012865413414604008
decision_type=2 2 2 2 2 2
left_child=1 2 -1 5 -5 -4
right_child=-2 -3 3 4 -6 -7
leaf_value=0.015434459626691811 0.018318280934756324 -0.019867572625245362 0.015259357031389049 0.022200805377366392 -0.0035626994443965277 -0.020106424121170929
leaf_weight=7.0324852690100661 5.0973171144723883 6.597687140107154 3.9697518944740322 9.6010764986276644 18.080292478203773 13.858242653310297
leaf_count=25 18 27 16 36 70 58
internal_value=2.35038e-05 -0.00155335 0.000746372 -0.00152335 0.00537318 -0.0122315
internal_weight=64.2369 59.1395 52.5418 45.5094 27.6814 17.828
internal_count=250 232 205 180 106 74
is_linear=0
shrinkage=0.05


Tree=193
num_leaves=11
num_cat=0
split_feature=26 26 29 0 22 18 25 10 16 14
split_gain=0.530394 0.574625 0.365005 0.885565 0.000172442 3.74335e-05 2.2925e-05 8.35944e-06 2.62846e-06 2.40506e-07
threshold=0.023323893851323056 -0.016121076442306089 0.0055267861700197827 -0.012865413414604008 -0.0067090732066747419 -0.82799372523253945 -0.018018837677260809 0.044531421015508749 0.030313700405156022 0.91241461699283388
decision_type=2 2 2 2 2 2 2 2 2 2
left_child=1 6 3 -3 -5 -2 -1 -7 -8 -9
right_child=5 2 -4 4 -6 7 8 9 -10 -11
leaf_value=-0.034248743139233144 -0.034405772037279535 0.021321611479899506 0.027138321552007308 -0.03549512335318588 -0.034185884753259503 -0.033844935214445197 -0.033610201887476245 -0.033572198766546227 -0.033836474475841559 -0.033486040171012546
leaf_weight=0.31692853942513466 0.25353011908009648 1.8286698935553429 2.0349968196824193 0.37015458196401563 0.78462169016711469 0.47776510845869757 0.2925087974872439 0.13414902798831463 0.2286851336248219 0.20442634169012308
leaf_count=12 9 21 22 12 51 31 29 14 16 33
internal_value=-0.00150302 0.00441066 0.0108111 -0.000325624 -0.0346056 -0.0338751 -0.0339134 -0.0337102 -0.0337095 -0.0335202
internal_weight=6.92644 5.85657 5.01844 2.98345 1.15478 1.06987 0.838122 0.81634 0.521194 0.338575
internal_count=250 163 106 84 63 87 57 78 45 47
is_linear=0
shrinkage=0.05


Tree=194
num_leaves=7
num_cat=0
split_feature=1 12 20 17 20 26
split_gain=0.67298 1.10921 0.7107 1.4685 1.24071 1.37809
threshold=0.12249230229076892 0.18948306875824386 0.066771588266922657 -0.0011567865682057864 -0.0026693760831497655 0.011993423042672148
decision_type=2 2 2 2 2 2
left_child=1 2 4 -4 5 -1
right_child=-2 -3 3 -5 -6 -7
leaf_value=-0.0082912261987956835 -0.017349745595562804 0.020729038316393722 -0.010819915499095273 0.02342287438958815 -0.019462168104727711 0.013096737927485436
leaf_weight=17.513857245445251 5.0753471404314032 6.7371569722890845 5.3015929907560349 7.6470443159341794 9.8805728033185023 13.213805213570593
leaf_count=66 18 27 18 35 38 48
internal_value=0.000136162 0.00160807 -0.000797246 0.00940276 -0.0040497 0.000906232
internal_weight=65.3694 60.294 53.5569 12.9486 40.6082 30.7277
internal_count=250 232 205 53 152 114
is_linear=0
shrinkage=0.05


Tree=195
num_leaves=6
num_cat=0
split_feature=1 12 12 13 14
split_gain=0.651874 0.883042 0.682556 1.26151 0.908722
threshold=0.12249230229076892 0.18948306875824386 0.098957312985835558 69.331278032146614 0.5123331456651935
decision_type=2 2 2 2 2
left_child=1 2 3 4 -1
right_child=-2 -3 -4 -5 -6
leaf_value=-0.006706715363238182 0.01723951652450947 -0.018864745583049802 0.012508612784865104 -0.021996688944625004 0.0092702757527769394
leaf_weight=16.97375014424324 5.0631072372198096 6.4824311658740035 9.9161136373877508 6.6852079778909674 18.709978148341179
leaf_count=71 18 27 37 28 69
internal_value=2.48946e-05 -0.00145823 0.000699874 -0.00206387 0.00167047
internal_weight=63.8306 58.7675 52.285 42.3689 35.6837
internal_count=250 232 205 168 140
is_linear=0
shrinkage=0.05


Tree=196
num_leaves=12
num_cat=0
split_feature=2 24 24 14 23 7 16 3 13 26 8
split_gain=0.517063 0.556059 0.482111 0.956467 0.454027 0.000104435 9.72827e-05 5.79622e-05 1.72713e-05 1.49315e-06 7.71655e-07
threshold=0.077523004792089636 -0.01645309018349694 -0.014431264418244492 0.61987951204463421 0.0085765641708744917 34.600599861145021 0.027255335138541843 0.055609497010041926 65.140195195615377 0.014575206597835068 0.046164627222375874
decision_type=2 2 2 2 2 2 2 2 2 2 2
left_child=1 6 -3 7 -5 -2 -1 -4 -7 -10 -11
right_child=5 2 3 4 -6 8 -8 -9 9 10 -12
leaf_value=-0.033838638554011133 -0.034945292547927907 0.041132048777537566 -0.033817420709530789 -0.00028623851458780647 0.040555631607475329 -0.034100544912466946 -0.034943119460725973 -0.03454713717562137 -0.033724771342385877 -0.033638232540670353 -0.033477893924103962
leaf_weight=0.4070198310073464 0.26131449872627832 1.02549519855529 0.81588969449512727 1.4311204915866258 1.2973283752799032 0.28091543074697256 0.39078947249799967 0.40832008421421051 0.1760871394071728 0.12585367728024721 0.18585052504204214
leaf_count=31 6 6 55 43 11 14 11 15 14 12 32
internal_value=-0.00144665 0.00437314 0.0105837 0.00265815 0.0191333 -0.0340818 -0.0343796 -0.0340608 -0.0337882 -0.0336084 -0.0335426
internal_weight=6.80598 5.77596 4.97815 3.95266 2.72845 1.03002 0.797809 1.22421 0.768707 0.487791 0.311704
internal_count=250 172 130 124 54 78 42 70 72 58 44
is_linear=0
shrinkage=0.05


Tree=197
num_leaves=7
num_cat=0
split_feature=24 21 0 32 1 23
split_gain=0.628789 0.931988 1.24571 1.29674 1.56034 1.18637
threshold=0.026022165992401817 0.0022411371037304177 -0.010848610305276894 -0.47446013909112439 0.016750071369864731 0.0045796882368773781
decision_type=2 2 2 2 2 2
left_child=1 2 -1 -4 -5 -3
right_child=-2 5 3 4 -6 -7
leaf_value=0.02421067772051555 0.014423134787583329 -0.023820999769287508 -0.019743710897833229 0.019093171400863418 -0.0051350324635207984 0.0031111432047065952
leaf_weight=5.6672476306557646 6.8769729286432257 9.0254685282707232 7.3490236103534654 10.534193128347402 18.001110792160034 7.4761080071330062
leaf_count=27 27 32 26 44 65 29
internal_value=0.000127165 -0.00156633 0.00242604 -0.00101443 0.00380914 -0.0116193
internal_weight=64.9301 58.0532 41.5516 35.8843 28.5353 16.5016
internal_count=250 223 162 135 109 61
is_linear=0
shrinkage=0.05


Tree=198
num_leaves=10
num_cat=0
split_feature=6 6 0 32 6 1 5 28 7
split_gain=0.594565 0.978165 1.51399 0.955309 0.86264 1.19163 1.21203 0.817564 0.647381
threshold=1.0309105536361274 1.2054516207136481 0.0078295374500486643 -0.2594098876771716 0.75637751874617609 0.0074115308530028354 0.016244102895053441 0.014914210251467332 48.540699577331544
decision_type=2 2 2 2 2 2 2 2 2
left_child=4 2 -2 -3 -1 6 -6 -7 -4
right_child=1 3 8 -5 5 7 -8 -9 -10
leaf_value=-0.009321357951650365 -0.035438906725601925 -0.0087302989901115405 0.010188104158162816 0.018733166364937649 -0.016825802013915123 0.0078858364426313415 0.014132989831433785 0.032710185202371934 -0.014173699475380228
leaf_weight=8.5671998560428602 5.2668315619230333 6.2727316468954086 5.1073955595493299 6.3942484408617002 6.6056442335248011 7.1479979455471021 6.0633812695741653 6.1879127621650696 5.8509536385536194
leaf_count=33 26 25 18 24 29 28 21 24 22
internal_value=1.48459e-05 -0.00527908 -0.0134079 0.00513316 0.00443901 0.0089723 -0.00200896 0.0194044 -0.00281931
internal_weight=63.4643 28.8922 16.2252 12.667 34.5721 26.0049 12.669 13.3359 10.9583
internal_count=250 115 66 49 135 102 50 52 40
is_linear=0
shrinkage=0.05


Tree=199
num_leaves=11
num_cat=0
split_feature=19 27 27 5 27 21 0 21 19 3
split_gain=0.502413 0.52262 0.478364 0.702606 0.322575 4.06719e-05 7.93428e-06 1.72928e-06 1.44318e-06 6.56957e-07
threshold=0.011424485563714228 -0.0073145777874613618 -0.0062363175374047777 0.017217289075567663 0.014228282603990563 0.0027557726860134584 -0.019422724257759091 -0.00081513905586688684 -0.048867405145294966 0.043204744431820881
decision_type=2 2 2 2 2 2 2 2 2 2
left_child=1 5 -3 -4 -5 8 -2 -8 -1 -9
right_child=6 2 3 4 -6 -7 7 9 -10 -11
leaf_value=-0.033734963938768486 -0.033893096820408967 0.04359378366193805 -0.034709899493100126 -0.0025557992884155528 0.029982871250936134 -0.034382781269208497 -0.033483451008720737 -0.033713056392315255 -0.033542946884459551 -0.033590614992148174
leaf_weight=0.22788638086058199 0.3668863121420145 0.89089252427220289 0.94068538583815176 1.4359919396229091 1.622034655883908 0.36483518034219742 0.20806605089455843 0.2445224884431807 0.1714944343548267 0.19847242487594485
leaf_count=19 21 5 36 40 18 11 36 19 23 22
internal_value=-0.00137098 0.00445101 0.0104609 0.003079 0.0147033 -0.0340011 -0.0337071 -0.0336024 -0.0336525 -0.0336582
internal_weight=6.67177 5.65382 4.8896 3.99871 3.05803 0.764216 1.01795 0.651061 0.399381 0.442995
internal_count=250 152 99 94 58 53 98 77 42 41
is_linear=0
shrinkage=0.05


Tree=200
num_leaves=6
num_cat=0
split_feature=24 23 23 21 22
split_gain=0.590692 0.861596 1.83785 1.70789 1.31769
threshold=0.026022165992401817 0.0085765641708744917 0.0053002131135493355 0.0022411371037304177 0.0044847557986847928
decision_type=2 2 2 2 2
left_child=1 2 3 4 -1
right_child=-2 -3 -4 -5 -6
leaf_value=-0.0031773232633172696 0.014012814648998478 -0.015815482237814905 0.025346989000137921 -0.021895115238681373 0.020089028013602746
leaf_weight=24.83752167224884 6.8464565575122824 8.9126935228705388 6.7317158058285704 9.1532852351665479 8.06039249897003
leaf_count=96 27 34 28 33 32
internal_value=0.000127122 -0.00152063 0.00109106 -0.00279192 0.00252322
internal_weight=64.5421 57.6956 48.7829 42.0512 32.8979
internal_count=250 223 189 161 128
is_linear=0
shrinkage=0.05


Tree=201
num_leaves=9
num_cat=0
split_feature=1 1 1 31 19 33 18 18
split_gain=0.594962 0.865621 1.13583 1.27812 1.11023 1.38989 1.08377 1.17364
threshold=0.12249230229076892 0.040730909693651791 0.018007980806412752 -0.056886644909363397 0.011424485563714228 0.69500000000000006 -0.12026819511010046 -0.28314778774556754
decision_type=2 2 2 2 2 2 2 2
left_child=1 2 6 -4 5 -3 7 -1
right_child=-2 4 3 -5 -6 -7 -8 -9
leaf_value=0.00087546961589705463 0.016572822900048453 -0.0012539281847859045 5.5865798129787834e-05 0.032636060660053472 0.0056512594461255146 -0.03824328531724757 0.015624617302337355 -0.022282135686620037
leaf_weight=14.592537462711336 4.9977384209632865 4.6995389610528964 6.4189772456884384 5.6686674281954748 6.1427864134311667 5.525604136288166 6.2575062587857273 8.7530665546655637
leaf_count=62 18 18 24 21 24 24 24 35
internal_value=1.90622e-05 -0.0014059 0.00241951 0.0153348 -0.0111496 -0.0212427 -0.00285411 -0.00780711
internal_weight=63.0564 58.0587 41.6908 12.0876 16.3679 10.2251 29.6031 23.3456
internal_count=250 232 166 45 66 42 121 97
is_linear=0
shrinkage=0.05


Tree=202
num_leaves=12
num_cat=0
split_feature=26 26 12 25 30 23 18 25 14 16 12
split_gain=0.48934 0.518811 0.384541 0.70364 0.20715 0.00010844 3.37701e-05 1.76954e-05 6.38018e-06 2.17293e-06 1.41888e-07
threshold=0.023323893851323056 -0.016121076442306089 -0.016586985229550575 -0.0019206377730711097 0.0080446166049941165 -0.010729402531970965 -0.82799372523253945 -0.018018837677260809 0.79603026824458434 0.030313700405156022 0.18948306875824386
decision_type=2 2 2 2 2 2 2 2 2 2 2
left_child=1 7 -3 4 -4 -5 -2 -1 -8 -9 -10
right_child=6 2 3 5 -6 -7 8 9 10 -11 -12
leaf_value=-0.034174135929911198 -0.034364367686551316 0.04506674632749294 0.00097505808511026595 -0.035004117424588983 0.026738414384526218 -0.033814548595795489 -0.033796285576679685 -0.033584371721846557 -0.033526657548850702 -0.033799852118142654 -0.033455899472132178
leaf_weight=0.29140514857135713 0.23709424119442701 0.68697518855333317 1.3643432939425109 0.27454416453838304 1.8223997564055023 0.63396802544593889 0.45931879570707668 0.26590161654166866 0.17260186327621341 0.20891926647163928 0.12017997703514993
leaf_count=12 9 4 29 11 15 47 32 29 23 16 23
internal_value=-0.00144667 0.00432922 0.0104492 0.00464217 0.0157083 -0.034174 -0.033844 -0.0338674 -0.03368 -0.0336792 -0.0334976
internal_weight=6.53765 5.54846 4.78223 4.09526 3.18674 0.908512 0.989195 0.766226 0.752101 0.474821 0.292782
internal_count=250 163 106 102 44 58 87 57 78 45 46
is_linear=0
shrinkage=0.05


Tree=203
num_leaves=7
num_cat=0
split_feature=29 18 4 15 28 25
split_gain=0.588203 0.741067 0.725517 1.0445 1.70373 0.775993
threshold=0.0083427208081533494 -0.82799372523253945 0.012202648130476267 0.017609853402057968 -0.0166753827351892 0.0005742204483144554
decision_type=2 2 2 2 2 2
left_child=1 -1 -3 4 -4 -5
right_child=-2 2 3 5 -6 -7
leaf_value=-0.017302005650104094 0.01389185326042878 -0.018285915780615006 -0.0087626604588393643 0.0058670138165439695 0.028391244225474246 -0.0095456945040901936
leaf_weight=6.5953012257814398 6.9245955273509017 4.6577105969190589 4.9609189108014098 15.328137211501597 8.1621765717864019 17.479196012020111
leaf_count=24 29 17 19 61 34 66
internal_value=0.00012878 -0.00153785 0.000517361 0.00242416 0.014346 -0.00234462
internal_weight=64.108 57.1834 50.5881 45.9304 13.1231 32.8073
internal_count=250 221 197 180 53 127
is_linear=0
shrinkage=0.05


Tree=204
num_leaves=10
num_cat=0
split_feature=6 6 0 21 6 1 5 28 7
split_gain=0.549591 0.921728 1.40391 0.904154 0.817687 1.0601 1.14865 0.770571 0.618999
threshold=1.0309105536361274 1.2054516207136481 0.0078295374500486643 -1.0000000180025095e-35 0.75637751874617609 0.0074115308530028354 0.016244102895053441 0.014914210251467332 48.540699577331544
decision_type=2 2 2 2 2 2 2 2 2
left_child=4 2 -2 -3 -1 6 -6 -7 -4
right_child=1 3 8 -5 5 7 -8 -9 -10
leaf_value=-0.0091357153443169508 -0.034683860788280861 -0.0096825091598457501 0.009866950847662391 0.017251829619760569 -0.016274464021690398 0.0074576798587936673 0.014057846878417086 0.031767279690038223 -0.014050591737593343
leaf_weight=8.5026613771915418 5.1103800907731083 5.7051138132810593 5.064248174428938 6.86514964699745 6.4776092469692248 7.0553158149123174 6.0235011130571365 6.0596555471420288 5.8072622865438461
leaf_count=33 26 22 18 27 29 28 21 24 22
internal_value=1.62289e-05 -0.00510217 -0.0130694 0.00502747 0.00429954 0.00875906 -0.00165923 0.0186897 -0.00290914
internal_weight=62.6709 28.5522 15.9819 12.5703 34.1187 25.6161 12.5011 13.115 10.8715
internal_count=250 115 66 49 135 102 50 52 40
is_linear=0
shrinkage=0.05


Tree=205
num_leaves=11
num_cat=0
split_feature=2 24 24 8 4 7 16 13 26 8
split_gain=0.47758 0.514207 0.432147 0.879885 0.361686 9.06405e-05 8.19636e-05 1.3947e-05 1.31774e-06 5.74124e-07
threshold=0.077523004792089636 -0.01645309018349694 -0.014431264418244492 0.01602897539304687 0.012202648130476267 34.600599861145021 0.027255335138541843 65.140195195615377 0.014575206597835068 0.046164627222375874
decision_type=2 2 2 2 2 2 2 2 2 2
left_child=1 6 -3 4 -4 -2 -1 -7 -9 -10
right_child=5 2 3 -5 -6 7 -8 8 9 -11
leaf_value=-0.033816563993318657 -0.034867457825872097 0.039809066622926714 0.020247774232083113 0.026085913729952059 -0.03421784074418209 -0.034048761358757354 -0.034865299299609014 -0.033701298494940045 -0.033609679198632676 -0.033464445608042487
leaf_weight=0.37591833202168334 0.24897326109930862 0.98525917716324318 0.38835503999143872 1.9259853332769123 1.4168594260700045 0.26068308437243104 0.36936761299148202 0.16389402863569558 0.114142588339746 0.16850166209042072
leaf_count=31 6 6 11 35 78 14 11 14 12 32
internal_value=-0.00144924 0.00425769 0.0103562 0.00257894 -0.0225007 -0.034047 -0.0343363 -0.0337582 -0.0335885 -0.0335231
internal_weight=6.41794 5.46174 4.71646 3.7312 1.80521 0.956195 0.745286 0.707221 0.446538 0.282644
internal_count=250 172 130 124 89 78 42 72 58 44
is_linear=0
shrinkage=0.05


Tree=206
num_leaves=9
num_cat=0
split_feature=20 2 5 28 11 12 1 6
split_gain=0.569955 1.23025 0.934995 2.03567 0.814253 1.51216 1.25771 0.551023
threshold=0.088356501377166899 0.023423037756275415 0.030155189897340628 0.010908732969928893 37.503110084533695 0.16108578341038443 0.018007980806412752 0.91306596762964809
decision_type=2 2 2 2 2 2 2 2
left_child=2 -2 4 -4 6 -6 7 -1
right_child=1 -3 3 -5 5 -7 -8 -9
leaf_value=-0.003800882152981664 0.026669762389114282 -0.0043682846119394219 -0.027513124652603506 0.0051940104777786376 0.026541473791171957 -0.0074965277493325815 -0.020065695564802054 0.018510210258376941
leaf_weight=5.8691778779029899 5.7743245586752874 7.1405777335166931 9.4334226846694964 9.5973028764128667 7.8281821459531766 5.5950636267662048 7.2399945110082617 5.2363719642162323
leaf_count=21 26 27 36 38 33 21 25 23
internal_value=0.000130019 0.009509 -0.00225443 -0.0110187 0.00299573 0.0123538 -0.00385147 0.00671901
internal_weight=63.7144 12.9149 50.7995 19.0307 31.7688 13.4232 18.3455 11.1055
internal_count=250 53 197 74 123 54 69 44
is_linear=0
shrinkage=0.05


Tree=207
num_leaves=6
num_cat=0
split_feature=21 21 23 28 32
split_gain=0.541893 1.24644 1.33471 1.39599 1.48985
threshold=-0.0054904455152217637 -0.0031141991286803834 -0.0098002246374394569 0.066840595175304621 -0.22502480801797856
decision_type=2 2 2 2 2
left_child=-1 -2 -3 4 -4
right_child=1 2 3 -5 -6
leaf_value=0.013384412596613167 -0.021386157624243111 0.023325782872085143 -0.015401445585402313 0.018663142978898782 0.0051280986555297774
leaf_weight=6.749640740454196 6.9727133959531775 5.9866774082183829 19.077573314309117 6.9144843295216551 16.464204363524917
leaf_count=27 27 24 78 27 67
internal_value=8.33637e-06 -0.00162087 0.00122408 -0.00189244 -0.00589144
internal_weight=62.1653 55.4157 48.4429 42.4563 35.5418
internal_count=250 223 196 172 145
is_linear=0
shrinkage=0.05


Tree=208
num_leaves=12
num_cat=0
split_feature=2 24 24 14 23 7 16 3 13 26 8
split_gain=0.462075 0.493997 0.40842 0.841789 0.410741 8.57418e-05 7.44337e-05 4.50931e-05 1.16689e-05 1.24485e-06 4.63543e-07
threshold=0.077523004792089636 -0.01645309018349694 -0.014431264418244492 0.61987951204463421 0.0085765641708744917 34.600599861145021 0.027255335138541843 0.055609497010041926 65.140195195615377 0.014575206597835068 0.049889881608607307
decision_type=2 2 2 2 2 2 2 2 2 2 2
left_child=1 6 -3 7 -5 -2 -1 -4 -7 -10 -11
right_child=5 2 3 4 -6 8 -8 -9 9 10 -12
leaf_value=-0.033803068952211843 -0.034832234904560659 0.039046866320954506 -0.033774257288315096 -0.00089046453698774061 0.039172075943548969 -0.034010054448490444 -0.034820023888026339 -0.034451662809815979 -0.033692219105890646 -0.03359363159180926 -0.033461394560115501
leaf_weight=0.36318169068545092 0.24297790508717287 0.97100285347551096 0.73036135686561487 1.3372915065847339 1.2266090512275694 0.25053006643429399 0.35660242661833763 0.37019051471725106 0.15934867225587368 0.11337634199298918 0.15950552304275334
leaf_count=31 6 6 55 43 11 14 11 15 14 13 31
internal_value=-0.00140756 0.00423099 0.0102151 0.00257526 0.0182761 -0.0340256 -0.0343069 -0.0340021 -0.0337385 -0.0335812 -0.0335163
internal_weight=6.28098 5.35524 4.63546 3.66445 2.5639 0.925739 0.719784 1.10055 0.682761 0.432231 0.272882
internal_count=250 172 130 124 54 78 42 70 72 58 44
is_linear=0
shrinkage=0.05


Tree=209
num_leaves=10
num_cat=0
split_feature=26 17 28 18 20 2 3 4 24
split_gain=0.557653 1.11508 2.09047 1.01232 1.56701 1.98316 1.17118 0.999553 0.932856
threshold=0.017428735119305986 0.0053170828119114416 0.016741035224298154 -0.13932022485710677 -0.047054593386037839 1.0000000180025095e-35 0.074410808308200807 0.017429090360635034 -0.010240258568484538
decision_type=2 2 2 2 2 2 2 2 2
left_child=3 8 -3 4 5 -1 7 -6 -2
right_child=1 2 -4 -5 6 -7 -8 -9 -10
leaf_value=0.0090850232539427377 0.0320957717868759 -0.02096108968213968 0.016897429745800035 -0.021008703640833949 0.016963921499844561 -0.03494071550592244 0.028326399661951412 -0.013128554630285783 0.0054955216106672439
leaf_weight=4.6550559774041194 5.2026617974042884 8.318881541490553 6.4918494820594779 7.0942949205636969 4.9820531010627764 5.6778175309300423 5.5927921980619422 6.1856521368026733 8.9934872612357157
leaf_count=20 23 31 27 27 23 22 21 23 33
internal_value=0.000131698 0.00523083 -0.00436692 -0.00419471 0.000207964 -0.0151067 0.00964948 0.000296076 0.0152441
internal_weight=63.1945 29.0069 14.8107 34.1877 27.0934 10.3329 16.7605 11.1677 14.1961
internal_count=250 114 58 136 109 42 67 46 56
is_linear=0
shrinkage=0.05


Tree=210
num_leaves=7
num_cat=0
split_feature=20 2 15 19 8 6
split_gain=0.544569 1.38789 1.04122 0.925741 1.00173 1.73464
threshold=0.088356501377166899 0.023423037756275415 0.059023398801951926 -0.071780892959792661 0.049889881608607307 0.94126342539275298
decision_type=2 2 2 2 2 2
left_child=2 -2 3 -1 5 -5
right_child=1 -3 -4 4 -6 -7
leaf_value=-0.019990970780768315 -0.028487592712659101 0.0052465220221441121 0.018858562036987051 0.012496431606374436 0.018036396644911915 -0.01272985235904573
leaf_weight=5.4740345031023017 5.3758915588259679 7.0441955253481865 8.0090214014053327 11.620412617921831 7.721661612391471 16.477801218628883
leaf_count=24 26 27 30 43 28 72
internal_value=2.32243e-06 -0.0093549 0.00235954 -0.000840477 0.00208612 -0.00229717
internal_weight=61.723 12.4201 49.3029 41.2939 35.8199 28.0982
internal_count=250 53 197 167 143 115
is_linear=0
shrinkage=0.05


Tree=211
num_leaves=11
num_cat=0
split_feature=18 27 21 12 33 23 25 21 26 3
split_gain=0.447641 0.518421 0.463928 0.441962 0.23733 9.00857e-05 7.50709e-05 3.63009e-05 2.71451e-06 1.60773e-06
threshold=-0.17374010434383533 -0.0073145777874613618 0.00070309462270634626 -0.016586985229550575 0.63500000000000012 -0.010729402531970965 -0.0078349671388439606 0.0022411371037304177 0.021208347910125939 -0.0013567935897936809
decision_type=2 2 2 2 2 2 2 2 2 2
left_child=1 7 3 -3 -4 -5 -2 9 -8 -1
right_child=6 2 4 5 -6 -7 8 -9 -10 -11
leaf_value=-0.033724910906256567 -0.03461516295558742 0.032408609604846768 0.0065451785633724091 -0.034796086914793689 0.033586435294795582 -0.033722224695841983 -0.033766842223964616 -0.034296369590620504 -0.033537760879301902 -0.033520815330704369
leaf_weight=0.16472598607651889 0.35153534123674035 0.34776010597124651 1.5617509654257449 0.28962163813412145 1.6888482100330291 0.59966817242093451 0.33209911314770568 0.36405385937541723 0.21178177115507424 0.23293810081668187
leaf_count=15 11 6 33 11 19 53 24 12 29 37
internal_value=-0.00137019 0.00420347 0.0106771 -0.0153829 0.0205945 -0.034072 -0.0340457 -0.0339356 -0.0336776 -0.0336054
internal_weight=6.14478 5.24937 4.48765 1.23705 3.2506 0.88929 0.895416 0.761718 0.543881 0.397664
internal_count=250 186 122 70 52 64 64 64 53 52
is_linear=0
shrinkage=0.05


Tree=212
num_leaves=6
num_cat=0
split_feature=14 18 25 4 28
split_gain=0.609963 1.06112 0.910444 0.911855 0.848157
threshold=0.25617768518348244 -0.82799372523253945 -0.011070390373092818 0.012202648130476267 -0.018494661262625275
decision_type=2 2 2 2 2
left_child=-1 -2 -3 -4 -5
right_child=1 2 3 4 -6
leaf_value=0.018182840778069746 -0.021010406790460012 -0.018684214657223457 -0.018002296781833866 -0.006863769904155978 0.009572824381913269
leaf_weight=4.3550745919346801 6.0661690831184378 5.2423589304089537 4.5458113849163047 10.385194718837736 32.133383132517338
leaf_count=20 23 23 17 42 125
internal_value=0.000131938 -0.0012148 0.00108096 0.00328254 0.00555817
internal_weight=62.728 58.3729 52.3067 47.0644 42.5186
internal_count=250 230 207 184 167
is_linear=0
shrinkage=0.05


Tree=213
num_leaves=6
num_cat=0
split_feature=21 21 23 28 32
split_gain=0.525207 1.12772 1.18003 1.30317 1.3356
threshold=-0.0054904455152217637 -0.0031141991286803834 -0.0098002246374394569 0.066840595175304621 -0.22502480801797856
decision_type=2 2 2 2 2
left_child=-1 -2 -3 4 -4
right_child=1 2 3 -5 -6
leaf_value=0.01324852856382999 -0.020592939003182285 0.021989435167489225 -0.014811590626788267 0.018123379720472142 0.0047408491133434849
leaf_weight=6.6812808811664572 6.8395972400903693 5.9298182278871527 18.802636578679081 6.8420138582587233 16.310309037566189
leaf_count=27 27 24 78 27 67
internal_value=1.45143e-05 -0.00160122 0.00111145 -0.0018394 -0.00572929
internal_weight=61.4057 54.7244 47.8848 41.955 35.1129
internal_count=250 223 196 172 145
is_linear=0
shrinkage=0.05


Tree=214
num_leaves=12
num_cat=0
split_feature=26 19 18 0 33 21 18 0 25 21 13
split_gain=0.432796 0.454822 0.342803 0.5881 0.309193 2.18001e-05 5.33937e-06 4.3551e-06 1.35651e-06 9.86411e-07 2.54416e-07
threshold=0.023323893851323056 0.011424485563714228 -0.72809652776535205 -0.014162892182731033 0.080000000000000016 0.0037708410989416579 -0.76308206829630942 -0.018361911271722427 0.0013602525060205652 0.0018276261205159019 63.129420145289252
decision_type=2 2 2 2 2 2 2 2 2 2 2
left_child=1 2 -1 -4 -5 6 -2 -3 -8 -9 -10
right_child=5 7 3 4 -6 -7 8 9 10 -11 -12
leaf_value=0.029790060508534267 -0.033882996248983145 -0.033865487205109124 0.023323979143355909 0.01563338241527858 -0.034530714182088883 -0.034226767674520556 -0.03368219096196913 -0.033521498372665701 -0.033550128657585984 -0.03368086487594292 -0.033462109527996282
leaf_weight=1.4560789279639714 0.17928010248579085 0.2953802200499922 1.4347193855792282 0.42037405609153289 1.1406966331414876 0.21624132711440325 0.16286160727031518 0.17153484071604896 0.162646729266271 0.22374819684773684 0.16577318729832768
leaf_count=13 12 18 14 15 55 9 15 28 19 20 32
internal_value=-0.00153114 0.00403177 0.00988862 0.000215691 -0.0210222 -0.0337902 -0.0336494 -0.0337202 -0.0335642 -0.0336117 -0.0335057
internal_weight=6.02934 5.14253 4.45187 2.99579 1.56107 0.886803 0.670562 0.690663 0.491282 0.395283 0.32842
internal_count=250 163 97 84 70 87 78 66 66 48 51
is_linear=0
shrinkage=0.05


Tree=215
num_leaves=9
num_cat=0
split_feature=20 16 28 28 13 28 26 18
split_gain=0.533625 1.15573 0.823827 2.09656 1.52813 1.21343 1.12158 0.848695
threshold=0.088356501377166899 0.033067663556618637 -0.018494661262625275 -0.037891354757429212 51.892607802561741 -0.0056053388432018561 0.011993423042672148 -0.4647510612317034
decision_type=2 2 2 2 2 2 2 2
left_child=2 -2 3 -1 7 -6 -7 -4
right_child=1 -3 4 -5 5 6 -8 -9
leaf_value=0.0051358958118853043 -0.0028744294213080366 0.028097077596501374 5.3774310347075598e-05 -0.038346403049972 0.025052425263458678 -0.014101326982891266 0.011236444388772903 -0.025851760333838902
leaf_weight=6.2641650661826134 7.6521501988172513 4.9674611389636993 6.2902965545654297 4.97292762249708 7.5859071239829019 7.1997398883104422 11.102623343467711 6.356435686349867
leaf_count=25 33 20 24 20 30 28 45 25
internal_value=0.000133679 0.00931689 -0.00219471 -0.014107 0.00127901 0.00823823 0.00126913 -0.0129667
internal_weight=62.3917 12.6196 49.7721 11.2371 38.535 25.8883 18.3024 12.6467
internal_count=250 53 197 45 152 103 73 49
is_linear=0
shrinkage=0.05


Tree=216
num_leaves=7
num_cat=0
split_feature=32 19 15 25 1 22
split_gain=0.523488 1.99912 1.43457 1.41943 1.33789 1.19319
threshold=-0.44808815786432149 -0.071780892959792661 0.061249847598462366 0.0011382053501360902 0.074560118982033199 0.0012189109172835446
decision_type=2 2 2 2 2 2
left_child=3 -2 4 -1 5 -3
right_child=1 2 -4 -5 -6 -7
leaf_value=-0.0059283352450927246 -0.033727045676544713 -0.0089893215440709634 -0.022357499862519115 0.02595632622603404 0.025674609444753291 0.010881414053859843
leaf_weight=7.7241300791501981 4.6229756474494925 16.302032515406612 5.7317833751440039 6.3683774024248123 6.2182877808809272 14.079616017639635
leaf_count=29 23 67 23 25 23 60
internal_value=2.87453e-05 -0.00250781 0.000901586 0.00848028 0.00454411 0.000219274
internal_weight=61.0472 46.9547 42.3317 14.0925 36.5999 30.3816
internal_count=250 196 173 54 150 127
is_linear=0
shrinkage=0.05


Tree=217
num_leaves=10
num_cat=0
split_feature=10 30 23 27 32 23 21 26 8
split_gain=0.415998 0.456941 0.340543 0.51113 0.000109689 4.79305e-05 2.33526e-05 1.30633e-06 5.05069e-07
threshold=0.050378548270804298 -0.0092962117947977246 0.0065918573927026278 0.0033098994078742954 -0.54425911603283328 0.012205976298980794 0.0022411371037304177 0.021208347910125939 0.04833248726439917
decision_type=2 2 2 2 2 2 2 2 2
left_child=1 4 3 6 -1 7 -3 -2 -9
right_child=5 2 -4 -5 -6 -7 -8 8 -10
leaf_value=-0.034946828445238484 -0.033660791783979876 -0.033778397928777362 0.026042690593805831 0.013749787800431242 -0.033676584498848423 -0.034448691430611959 -0.034310732396300232 -0.033589089978315667 -0.033464313067903415
leaf_weight=0.33147804252803326 0.31340832589194167 0.48124562879093025 1.8506369683891533 1.6767296670004723 0.34877216722816218 0.21580753591842949 0.36023136414587498 0.14294313383288682 0.1874546455219388
leaf_count=9 31 40 29 32 35 10 11 17 36
internal_value=-0.00165062 0.00382349 0.00975881 -0.00220825 -0.0342956 -0.0338038 -0.0340063 -0.0335877 -0.0335183
internal_weight=5.90871 5.04909 4.36884 2.51821 0.68025 0.859614 0.841477 0.643806 0.330398
internal_count=250 156 112 83 44 94 51 84 53
is_linear=0
shrinkage=0.05


Tree=218
num_leaves=8
num_cat=0
split_feature=29 18 22 17 34 22 1
split_gain=0.525846 0.610108 0.575016 1.86185 0.79186 1.32973 1.05366
threshold=0.0083427208081533494 -0.82799372523253945 0.0071281247551754365 -0.0011567865682057864 1.2235340710340743 -0.0062940426726996726 0.089110931242779037
decision_type=2 2 2 2 2 2 2
left_child=1 -1 4 -4 5 -3 -6
right_child=-2 2 3 -5 6 -7 -8
leaf_value=-0.016022223092184935 0.013432054240255295 0.011592668841451464 -0.011256780993427315 0.032757191122019774 0.010375427873982301 -0.019513413380876445 -0.013936345290088704
leaf_weight=6.3695202916860572 6.6335701346397391 4.835239507257941 4.670304998755455 4.9486134722828847 16.571941614151005 11.869700431823729 6.0960302054882041
leaf_count=24 29 20 19 22 66 48 22
internal_value=0.000129014 -0.001465 0.000427615 0.0113869 -0.00224978 -0.0105098 0.00383734
internal_weight=61.9949 55.3614 48.9918 9.61892 39.3729 16.7049 22.668
internal_count=250 221 197 41 156 68 88
is_linear=0
shrinkage=0.05


Tree=219
num_leaves=8
num_cat=0
split_feature=20 2 15 14 11 17 31
split_gain=0.496499 1.24613 0.948756 0.91183 1.01244 1.98449 1.56638
threshold=0.088356501377166899 0.023423037756275415 0.059023398801951926 0.45947659281156356 37.503110084533695 0.0036300672447236418 0.1912438339684607
decision_type=2 2 2 2 2 2 2
left_child=2 -2 3 -1 6 -6 -5
right_child=1 -3 -4 4 5 -7 -8
leaf_value=-0.019451011873911302 -0.027513095729688825 0.0048413150437379808 0.01812256625994561 0.025856555922381331 -0.026249401404623791 0.0078063660404625746 -0.0042888293239546783
leaf_weight=5.6390310525894156 5.2022707536816579 6.9543196633458138 7.9222726076841345 8.6504363343119639 7.263158634305003 10.406788028776644 8.5865511968731862
leaf_count=27 26 27 30 31 35 41 33
internal_value=3.05881e-05 -0.00900438 0.0022967 -0.000795517 0.00221818 -0.00619212 0.0108397
internal_weight=60.6248 12.1566 48.4682 40.546 34.9069 17.6699 17.237
internal_count=250 53 197 167 140 76 64
is_linear=0
shrinkage=0.05


Tree=220
num_leaves=11
num_cat=0
split_feature=18 27 21 34 33 23 25 21 26 3
split_gain=0.404098 0.464918 0.413523 0.386361 0.219804 7.26051e-05 6.24548e-05 3.05944e-05 2.39449e-06 1.20439e-06
threshold=-0.17374010434383533 -0.0073145777874613618 0.00070309462270634626 -0.36531492053750464 0.44500000000000006 -0.010729402531970965 -0.0078349671388439606 0.0022411371037304177 0.021208347910125939 -0.0013567935897936809
decision_type=2 2 2 2 2 2 2 2 2 2
left_child=1 7 3 -3 -4 -5 -2 9 -8 -1
right_child=6 2 4 5 -6 -7 8 -9 -10 -11
leaf_value=-0.033692950470441456 -0.034545763704291868 0.030304598564203068 0.0014470211127757895 -0.034697633332635362 0.029182347055112991 -0.03369529707161243 -0.033745783614005646 -0.034243185686984569 -0.033520325407686818 -0.033507775266848894
leaf_weight=0.15007114736363292 0.33065299037843943 0.32599409576505378 1.107228482840583 0.26811486808583096 2.0131822316907346 0.55393096734769709 0.3081045236904173 0.34409443894401193 0.19063121732324362 0.21164781437255431
leaf_count=15 11 6 20 11 32 53 24 12 29 37
internal_value=-0.00170205 0.00368533 0.00990122 -0.0157562 0.0193409 -0.0340222 -0.0340129 -0.0339057 -0.0336596 -0.0335846
internal_weight=5.80365 4.97426 4.26845 1.14804 3.12041 0.822046 0.829389 0.705813 0.498736 0.361719
internal_count=250 186 122 70 52 64 64 64 53 52
is_linear=0
shrinkage=0.05


Tree=221
num_leaves=6
num_cat=0
split_feature=24 1 1 28 17
split_gain=0.520977 0.75064 1.00315 1.14221 1.28779
threshold=0.026022165992401817 -0.037387331153708063 -0.0059488195014369407 0.030355154475230076 -0.0039784538800744776
decision_type=2 2 2 2 2
left_child=1 -1 -3 4 -4
right_child=-2 2 3 -5 -6
leaf_value=-0.017262989298151944 0.013510772036638113 0.018605071461094563 0.012296454084724738 0.013674597204698625 -0.011728714508600913
leaf_weight=6.6052360683679572 6.5058263018727294 6.7382577657699576 7.1275347918271974 8.9211981520056707 25.650879867374901
leaf_count=25 27 32 31 35 100
internal_value=0.000130363 -0.00145114 0.00070505 -0.00218742 -0.00650454
internal_weight=61.5489 55.0431 48.4379 41.6996 32.7784
internal_count=250 223 198 166 131
is_linear=0
shrinkage=0.05


Tree=222
num_leaves=9
num_cat=0
split_feature=6 6 21 6 1 5 16 21
split_gain=0.491692 0.838817 1.13534 0.807627 0.997992 1.08984 0.708746 0.617026
threshold=1.0309105536361274 1.1451625912623224 -1.0000000180025095e-35 0.75637751874617609 0.0074115308530028354 0.016244102895053441 0.021911093537265183 -0.0013036609250813289
decision_type=2 2 2 2 2 2 2 2
left_child=3 7 -3 -1 5 -5 -6 -2
right_child=1 2 -4 4 6 -7 -8 -9
leaf_value=-0.0095416790056354426 -0.0035504190671649043 -0.011595663659997459 0.014437493867771945 -0.016254917030778256 0.028027752061063123 0.01396717562764116 0.003810237745060719 -0.027486786539920399
leaf_weight=8.0819993615150434 5.2674345076084137 7.9671931713819548 8.8293143510818446 6.1876574680209178 7.6532642766833288 5.7596838027238846 4.9915843680500984 5.5071930587291735
leaf_count=33 21 32 35 29 30 21 22 27
internal_value=2.13356e-05 -0.004896 0.00208902 0.00417068 0.00867713 -0.00168517 0.0184678 -0.0157849
internal_weight=60.2453 27.5711 16.7965 32.6742 24.5922 11.9473 12.6448 10.7746
internal_count=250 115 67 135 102 50 52 48
is_linear=0
shrinkage=0.05


Tree=223
num_leaves=12
num_cat=0
split_feature=26 26 29 0 25 21 25 18 25 21 13
split_gain=0.396763 0.425662 0.28049 0.688976 0.00014119 1.95022e-05 1.27469e-05 4.55872e-06 1.09471e-06 8.92555e-07 1.91606e-07
threshold=0.023323893851323056 -0.016121076442306089 0.0055267861700197827 -0.012865413414604008 -0.0037680398937900423 0.0037708410989416579 -0.012490013162696876 -0.80447055597681261 0.0013602525060205652 0.0020307765680508409 63.129420145289252
decision_type=2 2 2 2 2 2 2 2 2 2 2
left_child=1 6 3 -3 -5 7 -1 -2 -9 -8 -10
right_child=5 2 -4 4 -6 -7 9 8 10 -11 -12
leaf_value=-0.034058523975782865 -0.033857763496829486 0.019531143129226648 0.025152137856682289 -0.035208663193878442 -0.033969795442083534 -0.034188382511522675 -0.033537386254583572 -0.03365420008506205 -0.033530297605618334 -0.033693062423909854 -0.033450403949014822
leaf_weight=0.28208274836651981 0.15817462326958776 1.549133915454149 1.7232963973656295 0.386348755098879 0.56824024778325177 0.2064784278627485 0.19201464927755285 0.15468130912631739 0.15051079401746392 0.17689546989277005 0.14967280207201838
leaf_count=14 10 21 22 12 51 9 27 16 20 16 32
internal_value=-0.0015771 0.00383106 0.00962738 -0.00105821 -0.0344712 -0.0337681 -0.0338055 -0.0336265 -0.0335461 -0.033612 -0.0334905
internal_weight=5.69753 4.87801 4.22702 2.50372 0.954589 0.819518 0.650993 0.61304 0.454865 0.36891 0.300184
internal_count=250 163 106 84 63 87 57 78 68 43 52
is_linear=0
shrinkage=0.05


Tree=224
num_leaves=9
num_cat=0
split_feature=20 16 28 28 13 14 27 0
split_gain=0.493304 1.05051 0.799988 1.87821 1.3788 1.1185 1.08592 0.9571
threshold=0.088356501377166899 0.033067663556618637 -0.018494661262625275 -0.037891354757429212 52.32587320475519 0.99707896685407171 0.00076366770152147556 0.010775382453792949
decision_type=2 2 2 2 2 2 2 2
left_child=2 -2 3 -1 6 7 -4 -6
right_child=1 -3 4 -5 5 -7 -8 -9
leaf_value=0.004386732275559131 -0.0026724400926451532 0.027191247345953313 0.0035588858798825868 -0.0372943755434504 0.0055915124692129895 -0.011578719020784823 -0.025173775312586629 0.028857181167674936
leaf_weight=6.1173270791769028 7.4995058923959714 4.8486944586038589 6.1822411790490133 4.8420427665114385 12.224477842450147 5.4993003010749808 7.0252052992582321 6.9243290200829497
leaf_count=25 33 20 24 20 50 23 28 27
internal_value=0.000125896 0.00905396 -0.00213254 -0.0140287 0.00131146 0.00829658 -0.0117244 0.0140045
internal_weight=61.1631 12.3482 48.8149 10.9594 37.8556 24.6481 13.2074 19.1488
internal_count=250 53 197 45 152 100 52 77
is_linear=0
shrinkage=0.05


Tree=225
num_leaves=6
num_cat=0
split_feature=1 12 12 21 6
split_gain=0.47601 0.813364 0.71173 1.07721 1.214
threshold=0.12249230229076892 0.18948306875824386 0.098957312985835558 -0.0054904455152217637 1.0338457275283963
decision_type=2 2 2 2 2
left_child=1 2 3 -1 -5
right_child=-2 -3 -4 4 -6
leaf_value=0.019343168229543965 0.015183400349820846 -0.018330424273796744 0.013318349951195421 0.0010889238472915907 -0.019189403055309931
leaf_weight=5.1236424669623366 4.7695442587137213 6.2074948847293845 9.3140921294689161 23.682268440723419 10.722215116024016
leaf_count=21 18 27 37 99 48
internal_value=3.04748e-05 -0.00128238 0.000884298 -0.00204556 -0.00523085
internal_weight=59.8193 55.0497 48.8422 39.5281 34.4045
internal_count=250 232 205 168 147
is_linear=0
shrinkage=0.05


Tree=226
num_leaves=11
num_cat=0
split_feature=19 27 27 18 25 21 0 23 21 3
split_gain=0.384877 0.395211 0.397199 0.565195 0.507574 2.62043e-05 4.90078e-06 1.15399e-06 1.05672e-06 3.56079e-07
threshold=0.011424485563714228 -0.0073145777874613618 -0.0062363175374047777 -0.73922820907774223 -0.013357536330666551 0.0027557726860134584 -0.019422724257759091 0.00081516680707138811 -0.00081513905586688684 0.032796128569159928
decision_type=2 2 2 2 2 2 2 2 2 2
left_child=1 5 -3 -4 -5 7 -2 -1 -8 -10
right_child=6 2 3 4 -6 -7 8 -9 9 -11
leaf_value=-0.033492926818268369 -0.033812189481730079 0.041235227280584638 0.025593694787710536 0.01901523558732951 -0.034386450448209205 -0.034240685184271195 -0.033446901639160719 -0.03368824641165203 -0.033652085879261641 -0.033552025474902089
leaf_weight=0.1606414783746003 0.29542698850855231 0.78531522164121259 1.4362442586570976 0.68429275881499019 1.2722899143118416 0.30575608788058162 0.15410969080403447 0.14288751687854528 0.18359286757186044 0.17240819311700761
leaf_count=29 21 5 15 9 70 11 36 13 17 24
internal_value=-0.00167457 0.00370567 0.00919162 0.0017747 -0.0157098 -0.033914 -0.0336501 -0.0335849 -0.0335563 -0.0336036
internal_weight=5.59296 4.78743 4.17814 3.39283 1.95658 0.609285 0.805538 0.303529 0.510111 0.356001
internal_count=250 152 99 94 79 53 98 42 77 41
is_linear=0
shrinkage=0.05


Tree=227
num_leaves=10
num_cat=0
split_feature=26 31 25 28 18 20 2 3 12
split_gain=0.501868 1.11541 1.29451 1.18127 0.924298 1.35171 1.82891 0.971999 1.37328
threshold=0.017428735119305986 -0.32279910510230109 1.0000000180025095e-35 0.016165889978545404 -0.13932022485710677 -0.047054593386037839 1.0000000180025095e-35 0.074410808308200807 0.052211326695939586
decision_type=2 2 2 2 2 2 2 2 2
left_child=4 -2 -3 -4 5 6 -1 8 -7
right_child=1 2 3 -5 -6 7 -8 -9 -10
leaf_value=0.0093648845490557284 0.02616961975132396 0.018700764154782817 -0.018534035631902392 0.0091456473319076192 -0.020324752318646718 0.016150391397102802 -0.033959688239591869 0.02664281184923219 -0.019911735269023161
leaf_weight=4.4516477435827273 5.1093038395047214 6.7433557808399227 9.5905862450599688 6.4446085169911376 6.9030780196189871 6.0967044681310671 5.3796180486679077 5.3332375138998023 4.6561345234513283
leaf_count=20 21 29 38 26 27 28 22 21 18
internal_value=0.000124247 0.00505605 0.000320203 -0.00740946 -0.00406635 0.000264067 -0.0143421 0.00919086 0.00053497
internal_weight=60.7083 27.8879 22.7786 16.0352 32.8204 25.9173 9.83127 16.0861 10.7528
internal_count=250 114 93 64 136 109 42 67 46
is_linear=0
shrinkage=0.05


Tree=228
num_leaves=7
num_cat=0
split_feature=32 19 15 25 1 22
split_gain=0.476672 1.82661 1.28321 1.28101 1.16606 1.09117
threshold=-0.44808815786432149 -0.071780892959792661 0.061249847598462366 0.0011382053501360902 0.074560118982033199 0.0012189109172835446
decision_type=2 2 2 2 2 2
left_child=3 -2 4 -1 5 -3
right_child=1 2 -4 -5 -6 -7
leaf_value=-0.0055928515604906958 -0.033013980421738746 -0.0086776400611951986 -0.021546718710630977 0.025107182916821399 0.024355885082645586 0.010550797185591121
leaf_weight=7.5657019689679128 4.4100516140460959 15.906162828207018 5.540347382426261 6.1682531759142876 6.032444790005683 13.761223420500754
leaf_count=29 23 67 23 25 23 60
internal_value=2.81793e-05 -0.00242891 0.000841731 0.00819528 0.00431625 0.000241475
internal_weight=59.3842 45.6502 41.2402 13.734 35.6998 29.6674
internal_count=250 196 173 54 150 127
is_linear=0
shrinkage=0.05


Tree=229
num_leaves=12
num_cat=0
split_feature=26 26 23 20 0 21 25 18 16 25 13
split_gain=0.372202 0.396673 0.27325 0.657979 9.66914e-05 1.86818e-05 1.21382e-05 4.61501e-06 1.22523e-06 8.83869e-07 1.61458e-07
threshold=0.023323893851323056 -0.016121076442306089 0.0065918573927026278 -0.065814076362687088 0.0048699040182711437 0.0037708410989416579 -0.018018837677260809 -0.80447055597681261 0.030313700405156022 0.0013602525060205652 63.129420145289252
decision_type=2 2 2 2 2 2 2 2 2 2 2
left_child=1 6 3 -3 -5 7 -1 -2 -8 -9 -11
right_child=5 2 -4 4 -6 -7 8 9 -10 10 -12
leaf_value=-0.034066104329447691 -0.033852008082088589 0.020225142220753469 0.02387606757950227 -0.033908896797884738 -0.034948281688717171 -0.034178614657174984 -0.033531272628283558 -0.033632812299249484 -0.033714201996891693 -0.03351812454886776 -0.033442133074345987
leaf_weight=0.24505442241206765 0.15361629473045468 1.3445576333906499 1.7922416112851349 0.57156879408285055 0.36770358751527965 0.19943206990137696 0.2059528708923607 0.14379734499379981 0.16476566577330232 0.14031425211578608 0.13928532565478235
leaf_count=12 10 19 29 37 21 9 29 16 16 20 32
internal_value=-0.00169506 0.00361155 0.00926227 -0.00220595 -0.0343158 -0.0337614 -0.0337931 -0.0336173 -0.0336126 -0.0335321 -0.0334803
internal_weight=5.46829 4.69184 4.07607 2.28383 0.939272 0.776445 0.615773 0.577013 0.370719 0.423397 0.2796
internal_count=250 163 106 77 58 87 57 78 45 68 52
is_linear=0
shrinkage=0.05


Tree=230
num_leaves=6
num_cat=0
split_feature=14 25 30 20 22
split_gain=0.521089 0.910698 0.944179 1.06546 0.737266
threshold=0.25617768518348244 -0.011070390373092818 -0.01322337341609031 0.088356501377166899 -0.005303444800590972
decision_type=2 2 2 2 2
left_child=-1 -2 -3 4 -4
right_child=1 2 3 -5 -6
leaf_value=0.017342542162680996 -0.020339509684535791 -0.018569170298609137 0.010594652234900156 0.023502924210381054 -0.0041754394668445799
leaf_weight=4.0962382927536956 5.559043087065219 5.5040582939982405 12.281109631061549 5.7341749668121329 27.075822487473491
leaf_count=20 25 22 51 24 108
internal_value=0.000126069 -0.00112981 0.000980819 0.00336719 0.000433485
internal_weight=60.2504 56.1542 50.5952 45.0911 39.3569
internal_count=250 230 205 183 159
is_linear=0
shrinkage=0.05


Tree=231
num_leaves=7
num_cat=0
split_feature=9 14 16 19 2 26
split_gain=0.47168 0.989008 0.946443 1.27449 1.07212 0.948199
threshold=83.080274963378926 0.37842151621520809 0.033067663556618637 0.045747483518209349 0.11683330567071916 -0.0065462606363925193
decision_type=2 2 2 2 2 2
left_child=1 -1 3 5 -4 -3
right_child=-2 2 4 -5 -6 -7
leaf_value=-0.026318213111428138 0.011562561768952241 0.013576471430894761 -0.029642181066982888 0.024364434077369337 0.0033243779161472977 -0.005716194574238026
leaf_weight=3.7801621556282035 7.7071755826473227 8.880233168601988 5.0463202297687513 6.3108227476477614 4.8236719220876694 22.519067913293842
leaf_count=21 31 34 24 25 20 95
internal_value=2.84054e-05 -0.00170242 0.000253262 0.00386099 -0.0135307 -0.000259915
internal_weight=59.0675 51.3603 47.5801 37.7101 9.86999 31.3993
internal_count=250 219 198 154 44 129
is_linear=0
shrinkage=0.05


Tree=232
num_leaves=11
num_cat=0
split_feature=18 27 21 12 33 25 23 21 26 19
split_gain=0.36685 0.414773 0.366667 0.349392 0.19554 5.85877e-05 5.50734e-05 2.52517e-05 1.85425e-06 9.36817e-07
threshold=-0.17374010434383533 -0.0073145777874613618 0.00070309462270634626 -0.022193471696259962 0.63500000000000012 -0.0078349671388439606 -0.010729402531970965 0.0022411371037304177 0.021208347910125939 -0.048867405145294966
decision_type=2 2 2 2 2 2 2 2 2 2
left_child=1 7 3 -3 -4 -2 -5 9 -7 -1
right_child=5 2 4 6 -6 8 -8 -9 -10 -11
leaf_value=-0.033654693353110859 -0.034521965638229922 0.030579557721879688 0.0052792511198533629 -0.034570833025269025 0.031080279657762083 -0.033707099806664913 -0.033665653921692594 -0.034192496765519241 -0.033495414909591972 -0.033483220598673667
leaf_weight=0.14913559169508517 0.31312295282259583 0.29090441623702645 1.4231373467482629 0.25411105458624661 1.5172606986016033 0.27855909056961525 0.49611093965359054 0.31737068947404623 0.16456483094953001 0.17096722743008275
leaf_count=16 11 5 33 12 19 24 53 12 29 36
internal_value=-0.00171668 0.00356866 0.00956392 -0.0159356 0.0185927 -0.0339984 -0.0339723 -0.0338765 -0.0336285 -0.0335631
internal_weight=5.37524 4.619 3.98152 1.04113 2.9404 0.756247 0.750222 0.637474 0.443124 0.320103
internal_count=250 186 122 70 52 64 65 64 53 52
is_linear=0
shrinkage=0.05


Tree=233
num_leaves=7
num_cat=0
split_feature=24 1 1 24 28 32
split_gain=0.466221 0.748997 0.897653 0.99404 1.40485 1.0212
threshold=0.026022165992401817 -0.037387331153708063 -0.0059488195014369407 0.0019046647635662108 -0.0069947090618584498 -0.1735390864362204
decision_type=2 2 2 2 2 2
left_child=1 -1 -3 5 -5 -4
right_child=-2 2 3 4 -6 -7
leaf_value=-0.017383332062780178 0.012954349166282381 0.018002134722924654 -0.0023725739895292799 -0.033321673338040834 -0.0017223886834834409 0.019916902011189758
leaf_weight=6.4408713132143012 6.333907037973403 6.5293601602315894 16.628928892314434 5.0709017068147686 11.480878554284571 7.4368138313293484
leaf_count=25 27 32 65 21 46 34
internal_value=0.000125993 -0.00139028 0.000794578 -0.00197158 -0.0114033 0.00451534
internal_weight=59.9217 53.5878 47.1469 40.6175 16.5518 24.0657
internal_count=250 223 198 166 67 99
is_linear=0
shrinkage=0.05


Tree=234
num_leaves=9
num_cat=0
split_feature=33 0 26 1 6 11 6 18
split_gain=0.462391 1.6977 1.30278 1.0277 1.57552 1.7317 0.981876 0.475705
threshold=0.97500000000000009 0.017475923814407549 -0.028679364055228192 0.018007980806412752 0.98532698012708131 37.503110084533695 0.91306596762964809 -0.28963168704842207
decision_type=2 2 2 2 2 2 2 2
left_child=2 -2 -1 6 -5 -6 -4 -8
right_child=1 -3 3 4 5 -7 7 -9
leaf_value=0.024807596183001362 -0.027307800404169191 0.0097630367713390509 0.0013114915585996055 0.023951762352575692 0.019100860268700375 -0.016086919631173559 -0.010710695235139863 -0.03463602279736637
leaf_weight=5.6528154835104933 6.1103326529264432 6.2448176294565201 9.1828450113534945 8.058890640735628 5.4665685370564452 9.7018424645066244 4.2500216066837311 4.0645154714584333
leaf_count=22 30 24 38 34 21 40 21 20
internal_value=2.47448e-05 -0.00857063 0.00231459 -0.000807571 0.00608629 -0.00340554 -0.00995898 -0.0224065
internal_weight=58.7326 12.3552 46.3775 40.7247 23.2273 15.1684 17.4974 8.31454
internal_count=250 54 196 174 95 61 79 41
is_linear=0
shrinkage=0.05


Tree=235
num_leaves=11
num_cat=0
split_feature=2 24 24 14 23 7 3 3 13 6
split_gain=0.359172 0.38179 0.305452 0.674105 0.334167 4.27413e-05 3.92299e-05 3.01199e-05 9.33575e-06 7.57845e-07
threshold=0.077523004792089636 -0.01645309018349694 -0.014431264418244492 0.61987951204463421 0.0085765641708744917 34.600599861145021 -0.056421398442117791 0.055609497010041926 65.140195195615377 1.1276370039775407
decision_type=2 2 2 2 2 2 2 2 2 2
left_child=1 6 -3 7 -5 -2 -1 -4 -7 -10
right_child=5 2 3 4 -6 8 -8 -9 9 -11
leaf_value=-0.034642820051520654 -0.034557507022947784 0.036176100428334884 -0.033721893250705758 -0.0020426244552484165 0.03689053086594056 -0.033966642914764221 -0.033811230256177174 -0.03432429526908079 -0.033449262241013154 -0.03360282195267629
leaf_weight=0.24246227834373713 0.20160836540162552 0.82682369556278024 0.60506249708123538 1.1265599799808117 1.079037266783416 0.20870214933529496 0.34166789345908899 0.31580288894474506 0.13605612865649164 0.19622368342243135
leaf_count=8 6 6 55 43 11 14 34 15 32 26
internal_value=-0.00170068 0.00357495 0.00915006 0.00200276 0.0170045 -0.0339361 -0.0341564 -0.0339285 -0.0337046 -0.0335399
internal_weight=5.28001 4.53742 3.95329 3.12646 2.2056 0.74259 0.58413 0.920865 0.540982 0.33228
internal_count=250 172 130 124 54 78 42 70 72 58
is_linear=0
shrinkage=0.05


Tree=236
num_leaves=10
num_cat=0
split_feature=26 17 28 24 18 20 2 3 12
split_gain=0.457778 0.984767 1.72782 0.893225 0.853871 1.26221 1.74218 0.909692 1.21949
threshold=0.017428735119305986 0.0053170828119114416 0.016741035224298154 -0.010240258568484538 -0.13932022485710677 -0.047054593386037839 1.0000000180025095e-35 0.074410808308200807 0.052211326695939586
decision_type=2 2 2 2 2 2 2 2 2
left_child=4 3 -3 -2 5 6 -1 8 -7
right_child=1 2 -4 -5 -6 7 -8 -9 -10
leaf_value=0.0092916561498456087 0.031595291097850191 -0.020042411221924693 0.015459403158413676 0.0047951759467736851 -0.019609467397193662 0.015352942530998807 -0.033452040900983068 0.02599165495634119 -0.018989531320306351
leaf_weight=4.3788934350013751 4.884983777999877 7.7982317954301816 6.1143340989947319 8.5519205182790774 6.8271218389272681 5.9874545410275442 5.232524462044239 5.2566753998398772 4.5488115027546883
leaf_count=20 23 31 27 33 27 28 22 21 18
internal_value=0.000126321 0.00488415 -0.00443997 0.0145384 -0.00391086 0.000307959 -0.0139783 0.00900244 0.000526301
internal_weight=59.581 27.3495 13.9126 13.4369 32.2315 25.4044 9.61142 15.7929 10.5363
internal_count=250 114 58 56 136 109 42 67 46
is_linear=0
shrinkage=0.05


Tree=237
num_leaves=9
num_cat=0
split_feature=28 25 26 25 27 27 18 18
split_gain=0.4643 0.579448 1.54201 1.50533 1.11142 1.03295 0.993834 1.17157
threshold=0.098565230738145729 0.0086695662645596156 0.017428735119305986 0.012021950437482999 -0.0073145777874613618 -0.00055803520281222363 -0.1853671065032533 -0.28416721157259472
decision_type=2 2 2 2 2 2 2 2
left_child=1 2 6 -3 -4 -5 7 -1
right_child=-2 3 4 5 -6 -7 -8 -9
leaf_value=0.007335527919927351 0.014200555116231889 0.026952966305253425 -0.00029835216580355485 -0.020673720009694915 -0.032452851761424539 0.0084877040884386752 0.021801337352964231 -0.018436520457775923
leaf_weight=10.744459666311743 5.2520399987697592 5.7667472064495113 4.3340563029050827 5.2992625311017045 7.0733745694160444 7.1123959347605679 5.0620926842093494 7.4794125184416762
leaf_count=48 21 21 21 23 34 29 20 33
internal_value=2.17355e-05 -0.00138672 -0.00517568 0.00584448 -0.0202363 -0.00396301 0.00220229 -0.0032418
internal_weight=58.1238 52.8718 34.6934 18.1784 11.4074 12.4117 23.286 18.2239
internal_count=250 229 156 73 55 52 101 81
is_linear=0
shrinkage=0.05


Tree=238
num_leaves=11
num_cat=0
split_feature=2 24 18 27 23 1 7 3 13 6
split_gain=0.346203 0.363881 0.305224 0.446233 0.372201 0.000132558 3.76505e-05 3.35836e-05 8.56511e-06 6.80145e-07
threshold=0.077523004792089636 -0.01645309018349694 -0.75735966557968848 0.0052541965779281394 0.012205976298980794 0.024955920914895294 34.600599861145021 -0.056421398442117791 65.140195195615377 1.1276370039775407
decision_type=2 2 2 2 2 2 2 2 2 2
left_child=1 7 -3 4 -4 -5 -2 -1 -8 -10
right_child=6 2 3 5 -6 -7 8 -9 9 -11
leaf_value=-0.034577981602036047 -0.034508294431873483 0.028937224608853274 -0.0058621614012859527 -0.033695015512920666 0.039772959591512939 -0.03506114200052228 -0.033948207676734309 -0.033791867299217598 -0.033444925404926489 -0.033593193583188186
leaf_weight=0.23118313634768128 0.19463751837611187 1.2821022518910465 1.1462967074476189 0.32408891385421146 0.73220742167904962 0.39276140090078115 0.20226440718397498 0.32950214599259187 0.13091407041065395 0.18903302366379648
leaf_count=8 6 18 60 31 6 15 14 34 32 26
internal_value=-0.00167375 0.00353382 0.00897803 -0.000881793 0.0119256 -0.0344435 -0.0339148 -0.034116 -0.0336935 -0.0335325
internal_weight=5.15499 4.43814 3.87746 2.59535 1.8785 0.71685 0.716849 0.560685 0.522212 0.319947
internal_count=250 172 130 112 66 46 78 42 72 58
is_linear=0
shrinkage=0.05


Tree=239
num_leaves=8
num_cat=0
split_feature=20 16 5 33 24 16 28
split_gain=0.442896 0.943046 0.767533 1.79628 0.626906 1.13028 1.66919
threshold=0.088356501377166899 0.033067663556618637 0.030155189897340628 0.97500000000000009 -0.01645309018349694 0.0029236353012866635 -0.0166753827351892
decision_type=2 2 2 2 2 2 2
left_child=2 -2 4 -4 -1 -6 -7
right_child=1 -3 3 -5 5 6 -8
leaf_value=0.017311671692570221 -0.0025483170088908746 0.026396053091033173 -0.025367489386900456 0.0065912425638563728 -0.025361605829398982 -0.019814401450759453 0.013009262926860193
leaf_weight=6.0020722299814251 7.1889323145151121 4.6243564113974571 9.321867987513544 8.3219641968607885 3.9038646146655109 5.3158244714140954 14.272315546870226
leaf_count=24 33 20 39 35 16 22 61
internal_value=0.000124931 0.00878207 -0.00204464 -0.0102937 0.00289007 -0.000794562 0.00410159
internal_weight=58.9512 11.8133 47.1379 17.6438 29.4941 23.492 19.5881
internal_count=250 53 197 74 123 99 83
is_linear=0
shrinkage=0.05


Tree=240
num_leaves=6
num_cat=0
split_feature=2 31 25 28 21
split_gain=0.438045 1.14047 0.780737 1.29331 1.22136
threshold=0.12844341958276875 -0.29482026384589571 0.010651203163546953 0.042903524122921984 -0.0025364043464202175
decision_type=2 2 2 2 2
left_child=1 -1 3 4 -3
right_child=-2 2 -4 -5 -6
leaf_value=-0.018083792571908942 0.0098090267115970714 0.015032927529560248 0.01413626252827819 0.01782861769880514 -0.013447846769993672
leaf_weight=8.8996492438018304 9.5303894206881505 4.7170408740639678 9.597122520208357 6.3024752289056769 18.636465221643455
leaf_count=38 39 21 39 28 85
internal_value=1.50287e-05 -0.0019234 0.00174056 -0.00227087 -0.00769518
internal_weight=57.6831 48.1528 39.2531 29.656 23.3535
internal_count=250 211 173 134 106
is_linear=0
shrinkage=0.05


Tree=241
num_leaves=12
num_cat=0
split_feature=19 27 27 18 25 21 25 3 23 8 25
split_gain=0.338716 0.344344 0.332594 0.507225 0.439362 1.83556e-05 4.28576e-06 1.32958e-06 7.95778e-07 6.47288e-07 6.30532e-08
threshold=0.011424485563714228 -0.0073145777874613618 -0.0062363175374047777 -0.73922820907774223 -0.013357536330666551 0.0027557726860134584 -0.01946229049202269 0.08064634327304944 -1.0000000180025095e-35 -0.010663056917600609 0.0043825540775941372
decision_type=2 2 2 2 2 2 2 2 2 2 2
left_child=1 5 -3 -4 -5 8 -2 9 -1 -8 -9
right_child=6 2 3 4 -6 -7 7 10 -10 -11 -12
leaf_value=-0.033474367498512805 -0.033891483970612681 0.039772373321354845 0.025046440795524091 0.01797454579182866 -0.034323761370576487 -0.034149924646184771 -0.033695745435439003 -0.033492516398644138 -0.033647631710897109 -0.033566090265645394 -0.033435597963936407
leaf_weight=0.1261335788294673 0.12665438605472445 0.70964871882461045 1.335337574593723 0.6212104568257929 1.1359543926082547 0.27152889128774405 0.17388093378394842 0.096882307901978493 0.13963017635978747 0.21564822993241239 0.097747729858383536
leaf_count=26 7 5 15 9 70 11 17 17 16 30 27
internal_value=-0.00163371 0.00360702 0.0089017 0.00181769 -0.0158347 -0.0338608 -0.0336278 -0.0335706 -0.0335654 -0.033624 -0.0334639
internal_weight=5.05026 4.33944 3.80215 3.0925 1.75716 0.537293 0.710814 0.584159 0.265764 0.389529 0.19463
internal_count=250 152 99 94 79 53 98 91 42 47 44
is_linear=0
shrinkage=0.05


Tree=242
num_leaves=8
num_cat=0
split_feature=20 16 15 21 0 32 32
split_gain=0.441661 0.886918 0.711173 0.843788 1.06192 0.837228 0.803014
threshold=0.088356501377166899 0.033067663556618637 0.059023398801951926 0.001428650189670311 -0.0023864963711565097 -0.28564294382838434 -0.13286029858301437
decision_type=2 2 2 2 2 2 2
left_child=2 -2 3 4 -1 -5 -6
right_child=1 -3 -4 5 6 -7 -8
leaf_value=0.024594654134656314 -0.0021843807714403557 0.025948883288224187 -0.016056258392951009 0.0060534778658227614 -0.0055857024272667121 -0.020213152505386099 0.016668849134799359
leaf_weight=5.831233821809291 7.1891334131360036 4.590130403637886 7.5952667742967597 4.9909613877534866 15.016743242740629 7.7359673231840116 5.5521433502435746
leaf_count=28 33 20 30 22 62 32 23
internal_value=0.000126214 0.00877856 -0.00205515 0.000662722 0.00576081 -0.00991249 0.000421451
internal_weight=58.5016 11.7793 46.7223 39.127 26.4001 12.7269 20.5689
internal_count=250 53 197 167 113 54 85
is_linear=0
shrinkage=0.05


Tree=243
num_leaves=9
num_cat=0
split_feature=6 6 21 6 16 16 27 21
split_gain=0.453864 0.797848 0.978248 0.776071 1.00919 0.718035 0.783782 0.539249
threshold=1.0309105536361274 1.1451625912623224 -1.0000000180025095e-35 0.75637751874617609 0.0069482929913146823 0.029318766002921545 -0.0031445754787510212 -0.0013036609250813289
decision_type=2 2 2 2 2 2 2 2
left_child=3 7 -3 -1 -5 6 -6 -2
right_child=1 2 -4 4 5 -7 -8 -9
leaf_value=-0.0096490843410775573 -0.0040997022187268502 -0.010927126094665507 0.013777286797806283 -0.008657619695288608 0.0079194695671639184 0.0015359620418660912 0.034924885549028312 -0.027143397136493521
leaf_weight=7.7200224846601513 5.0007448643445969 7.5978994891047522 8.4791656062006915 6.2039103657007244 4.9122137352824273 6.3666213378310195 5.9305825084447816 5.1567692272365111
leaf_count=33 21 32 35 29 22 28 23 27
internal_value=1.61515e-05 -0.00482863 0.00210217 0.00409862 0.00863162 0.0148643 0.0226904 -0.0157985
internal_weight=57.3679 26.2346 16.0771 31.1334 23.4133 17.2094 10.8428 10.1575
internal_count=250 115 67 135 102 73 45 48
is_linear=0
shrinkage=0.05


Tree=244
num_leaves=11
num_cat=0
split_feature=26 19 18 0 32 21 18 25 19 14
split_gain=0.325191 0.341658 0.267867 0.437237 0.209846 1.42994e-05 3.62062e-06 2.72269e-06 9.88924e-07 5.86888e-07
threshold=0.023323893851323056 0.011424485563714228 -0.72809652776535205 -0.014162892182731033 0.062754095856675712 0.0037708410989416579 -0.80447055597681261 -0.01946229049202269 0.040467463007027978 0.85376332448027881
decision_type=2 2 2 2 2 2 2 2 2 2
left_child=1 2 -1 -4 -5 6 -2 -3 -9 -8
right_child=5 7 3 4 -6 -7 9 8 -10 -11
leaf_value=0.027573871005234254 -0.033808272399141567 -0.033870677579296841 0.021010886203409931 -0.034160917822133721 0.01076840133708671 -0.034104955724215645 -0.033558946247907277 -0.033674085974853024 -0.033520401131708018 -0.033429103299363223
leaf_weight=1.2592012570239601 0.13742886739782989 0.1217831913381815 1.1871673669666054 0.90219825506210349 0.36503623845055699 0.18437388818711042 0.21695074532181013 0.22377552650868882 0.196669842582196 0.14532292948570102
leaf_count=13 10 7 14 62 8 9 29 25 34 39
internal_value=-0.00173086 0.00341241 0.00882578 -0.000792709 -0.0212187 -0.0337286 -0.0335898 -0.0336625 -0.0336022 -0.0335069
internal_weight=4.93991 4.25583 3.7136 2.4544 1.26723 0.684076 0.499703 0.542229 0.420445 0.362274
internal_count=250 163 97 84 70 87 78 66 59 68
is_linear=0
shrinkage=0.05


Tree=245
num_leaves=9
num_cat=0
split_feature=6 23 21 27 6 1 5 27
split_gain=0.450272 0.716679 1.30661 0.816197 0.693578 0.960053 0.961387 0.649291
threshold=1.0309105536361274 0.0045796882368773781 0.00096570780090388119 -0.0031445754787510212 0.75637751874617609 0.0074115308530028354 0.016244102895053441 0.0052541965779281394
decision_type=2 2 2 2 2 2 2 2
left_child=4 2 3 -2 -1 6 -6 -7
right_child=1 -3 -4 -5 5 7 -8 -9
leaf_value=0.0089812974303658463 -0.0050866163414762036 0.017186411408795631 -0.019059603650118682 0.020876966560514541 0.015881783748075633 -0.0064428576398501735 -0.013075481524374636 -0.029571074023980355
leaf_weight=7.8237856179475811 5.5822099819779423 8.2222755029797536 6.2934293970465651 6.6126731708645847 6.0490848571062106 6.0721263065934163 5.4476212561130524 6.0661074370145798
leaf_count=33 23 37 25 30 29 26 21 26
internal_value=0.000131061 0.00490514 -0.000556691 0.00899213 -0.00392245 -0.00819394 0.00216062 -0.0180012
internal_weight=58.1693 26.7106 18.4883 12.1949 31.4587 23.6349 11.4967 12.1382
internal_count=250 115 78 53 135 102 50 52
is_linear=0
shrinkage=0.05


Tree=246
num_leaves=7
num_cat=0
split_feature=30 20 28 28 28 6
split_gain=0.444317 0.98765 0.775243 1.21062 1.0102 1.36324
threshold=-0.01322337341609031 0.088356501377166899 -0.018494661262625275 -0.037891354757429212 -0.0056053388432018561 0.98532698012708131
decision_type=2 2 2 2 2 2
left_child=-1 2 3 -2 -4 -6
right_child=1 -3 4 -5 5 -7
leaf_value=0.010878980977486146 -0.0024218259262783416 -0.021332774584427935 -0.018088582420007743 0.031829689233250184 0.016610242183547674 -0.0074957169082429569
leaf_weight=8.07952121645212 5.8641639053821564 5.7039045467972747 8.2721954435110039 4.6061976701021177 9.7598933354020172 14.696144562214611
leaf_count=36 25 26 37 20 42 64
internal_value=1.67152e-05 -0.00177792 0.000804091 0.0126463 -0.00298446 0.00212447
internal_weight=56.982 48.9025 43.1986 10.4704 32.7282 24.456
internal_count=250 214 188 45 143 106
is_linear=0
shrinkage=0.05


Tree=247
num_leaves=10
num_cat=0
split_feature=27 27 18 20 25 21 3 29 32
split_gain=0.314235 0.414804 0.545336 0.377346 0.000104356 1.93657e-05 1.95556e-06 2.51174e-07 3.79203e-08
threshold=-0.0073145777874613618 -0.0062363175374047777 -0.75735966557968848 -0.13373297955387745 -0.0037680398937900423 0.0027557726860134584 -0.013874762819344131 0.0077778823066305689 -0.23206440836187839
decision_type=2 2 2 2 2 2 2 2 2
left_child=5 -2 -3 -4 -5 6 -1 8 -8
right_child=1 2 3 4 -6 -7 7 -9 -10
leaf_value=-0.033703079908162799 0.038952483552445558 0.020835450229988194 0.010905654749400188 -0.034548422482760292 -0.033693774919545304 -0.034113546602675432 -0.03341513631441323 -0.033543006776485626 -0.033465708117733778
leaf_weight=0.15157296718098223 0.68395628035068501 1.3808977534063158 0.68783058179542456 0.75791469938121747 0.6755278790369631 0.27024876372888684 0.0922766646835953 0.083760004723444581 0.061955067329108604
leaf_count=14 6 22 24 33 84 12 29 12 14
internal_value=-0.00171797 0.00333693 -0.0036186 -0.0195376 -0.0341457 -0.0337883 -0.0335627 -0.0334733 -0.0334355
internal_weight=4.84594 4.18613 3.50217 2.12127 1.43344 0.659813 0.389565 0.237992 0.154232
internal_count=250 169 163 141 117 81 69 55 43
is_linear=0
shrinkage=0.05


Tree=248
num_leaves=10
num_cat=0
split_feature=26 31 23 7 24 21 19 23 18
split_gain=0.438134 0.923163 1.2176 1.2121 0.835927 1.47543 1.51413 1.24943 1.13126
threshold=0.017428735119305986 -0.32279910510230109 0.00093993267083458687 62.272050285339368 0.0083703434108333159 0.00096570780090388119 -0.0066954261023005604 0.0085765641708744917 -0.28416721157259472
decision_type=2 2 2 2 2 2 2 2 2
left_child=4 -2 3 -3 5 6 -1 8 -6
right_child=1 2 -4 -5 7 -7 -8 -9 -10
leaf_value=-0.017165849794637665 0.024621803170534577 -0.020692401326916535 0.01474351806020782 0.011364030537397833 -0.0035588259655266775 -0.028758593690055498 0.020944335019020016 -0.016204580515640853 0.031756773956877461
leaf_weight=5.5255591645836857 4.8289603441953686 8.3308300152421015 8.8429362475872022 4.5644760206341735 4.1021956205368033 7.0714956149458876 4.9331038445234325 4.4994664639234534 5.0704333931207648
leaf_count=24 21 36 37 20 19 29 24 19 21
internal_value=0.000127623 0.00484656 0.000453669 -0.00934557 -0.00389033 -0.0111178 0.000809823 0.00537662 0.0159629
internal_weight=57.7695 26.5672 21.7382 12.8953 31.2023 17.5302 10.4587 13.6721 9.17263
internal_count=250 114 93 56 136 77 48 59 40
is_linear=0
shrinkage=0.05


Tree=249
num_leaves=8
num_cat=0
split_feature=28 12 19 20 11 17 27
split_gain=0.426202 0.57776 0.702821 1.61403 1.16882 0.879442 0.817936
threshold=0.098565230738145729 -0.010448335123243084 0.03084171737534214 -0.039594974019638011 37.503110084533695 0.0036300672447236418 0.011857323039244696
decision_type=2 2 2 2 2 2 2
left_child=1 -1 3 4 -3 -5 -4
right_child=-2 2 6 5 -6 -7 -8
leaf_value=-0.016399750423520498 0.01383488685656057 0.01919893386441671 0.00069029030058575754 -0.024159632429343561 -0.00781019177640873 -0.00098766295682163651 0.026936587042451998
leaf_weight=5.6670050323009482 5.0846282988786689 9.5132709033787233 7.9045103266835195 9.5629584863781982 6.9187881201505652 7.1608392521738997 4.7535073235630989
leaf_count=28 21 36 38 46 32 30 19
internal_value=2.48384e-05 -0.00133914 0.000523798 -0.00330266 0.00782663 -0.0142378 0.0105466
internal_weight=56.5655 51.4809 45.8139 33.1559 16.4321 16.7238 12.658
internal_count=250 229 201 144 68 76 57
is_linear=0
shrinkage=0.05


Tree=250
num_leaves=11
num_cat=0
split_feature=26 30 18 10 12 10 18 21 28 14
split_gain=0.305908 0.329952 0.361342 0.426999 0.365233 9.44147e-05 1.28198e-05 3.02048e-06 6.36926e-07 1.68972e-07
threshold=0.023323893851323056 -0.0092962117947977246 -0.73922820907774223 0.031617764992195818 0.069826108695435526 0.040613924551281336 -0.82799372523253945 0.00345933293059475 0.050930571657357489 0.85376332448027881
decision_type=2 2 2 2 2 2 2 2 2 2
left_child=1 -1 -3 4 -4 -5 -2 8 9 -8
right_child=6 2 3 5 -6 -7 7 -9 -10 -11
leaf_value=-0.034156816966726337 -0.034085692155280935 0.032202839902587398 -0.015006990806720591 -0.034991030010686965 0.031304646573236623 -0.033844496049133026 -0.033505640380361454 -0.033792332139504826 -0.033614918545653273 -0.033424195945499051
leaf_weight=0.51331490138545621 0.17031278577633202 1.1231353045441208 0.74677214806433834 0.33916638605296601 0.99026134400628507 0.38156106707174331 0.12389610428363074 0.12383028538897634 0.095934584038332105 0.13104166928678751
leaf_count=39 9 11 49 8 15 41 20 9 12 37
internal_value=-0.001709 0.0033331 0.00870721 -0.00202971 0.0113947 -0.034384 -0.0337135 -0.03358 -0.0335051 -0.0334638
internal_weight=4.73923 4.09421 3.5809 2.45776 1.73703 0.720727 0.645015 0.474703 0.350872 0.254938
internal_count=250 163 124 113 64 49 87 78 69 57
is_linear=0
shrinkage=0.05


Tree=251
num_leaves=8
num_cat=0
split_feature=20 2 5 33 24 16 28
split_gain=0.424676 0.897886 0.692705 1.66463 0.588439 1.03611 1.45218
threshold=0.088356501377166899 0.023423037756275415 0.030155189897340628 0.97500000000000009 -0.01645309018349694 0.0029236353012866635 -0.0166753827351892
decision_type=2 2 2 2 2 2 2
left_child=2 -2 4 -4 -1 -6 -7
right_child=1 -3 3 -5 5 6 -8
leaf_value=0.016896746691913721 0.024514444133335183 -0.0036227846508865187 -0.024713943297215994 0.0064139779355646288 -0.024664241970627918 -0.018760641828756766 0.012373772829724919
leaf_weight=5.8358427733182934 5.0440197139978391 6.4749160632491112 9.0619603544473666 8.1645797938108426 3.8170314431190517 5.1467558443546357 13.753562606871123
leaf_count=24 26 27 39 35 16 22 61
internal_value=0.000116833 0.00869821 -0.00204238 -0.00996075 0.00273488 -0.00090315 0.00389554
internal_weight=57.2987 11.5189 45.7797 17.2265 28.5532 22.7173 18.9003
internal_count=250 53 197 74 123 99 83
is_linear=0
shrinkage=0.05


Tree=252
num_leaves=7
num_cat=0
split_feature=30 20 28 28 28 6
split_gain=0.420585 0.925359 0.675589 1.10481 0.935335 1.26203
threshold=-0.01322337341609031 0.088356501377166899 -0.018494661262625275 -0.037891354757429212 -0.0056053388432018561 0.98532698012708131
decision_type=2 2 2 2 2 2
left_child=-1 2 3 -2 -4 -6
right_child=1 -3 4 -5 5 -7
leaf_value=0.010639036895664622 -0.0025483547905664882 -0.020845801814599524 -0.017463734685399353 0.030414359229384492 0.016183490593140806 -0.0071831390897952319
leaf_weight=7.9892100840806952 5.8005532696843147 5.6047276183962813 8.1300116479396767 4.5251250863075239 9.6214279532432609 14.467617545276878
leaf_count=36 25 26 37 20 42 64
internal_value=1.45067e-05 -0.00174837 0.000767473 0.0118972 -0.00279943 0.00214975
internal_weight=56.1387 48.1495 42.5447 10.3257 32.2191 24.089
internal_count=250 214 188 45 143 106
is_linear=0
shrinkage=0.05


Tree=253
num_leaves=10
num_cat=0
split_feature=19 24 24 6 6 25 25 8 3
split_gain=0.298878 0.264884 0.272158 0.445808 0.278212 1.20032e-05 3.61231e-06 1.23987e-06 3.26936e-07
threshold=0.011424485563714228 -0.01645309018349694 -0.014431264418244492 0.9528474307562409 1.1039084272782393 -0.0084926001400884559 -0.023137800489974488 -0.012517392156125467 0.098197013682567072
decision_type=2 2 2 2 2 2 2 2 2
left_child=1 -1 -3 5 -5 -4 -2 -8 -9
right_child=6 2 3 4 -6 -7 7 8 -10
leaf_value=-0.034195818796851532 -0.03386554656847892 0.034213385118056244 -0.034209473442727956 0.025346430377201218 -0.012629273436716722 -0.033792580468217336 -0.033675083445513572 -0.033535192874268378 -0.033436464781750587
leaf_weight=0.41864023555535812 0.10968172363936901 0.76829610671848092 0.31087546236813068 1.37858591391705 0.74179560411721457 0.38833892531693015 0.14317158365156502 0.25139637186657626 0.12582162965554744
leaf_count=32 6 8 13 31 36 32 18 39 35
internal_value=-0.00159321 0.00344095 0.00783247 0.000644075 0.012061 -0.0339779 -0.0336048 -0.0335498 -0.0335023
internal_weight=4.6366 4.00653 3.58789 2.8196 2.12038 0.699214 0.630071 0.52039 0.377218
internal_count=250 152 120 112 67 45 98 92 74
is_linear=0
shrinkage=0.05


Tree=254
num_leaves=9
num_cat=0
split_feature=29 15 0 0 0 28 30 3
split_gain=0.420017 0.570809 0.87083 1.09202 0.904997 0.87502 0.757091 0.596929
threshold=0.0083427208081533494 0.01572134429602708 0.0078295374500486643 1.0000000180025095e-35 -0.010848610305276894 -0.010104301704698835 0.011873770381587103 0.08064634327304944
decision_type=2 2 2 2 2 2 2 2
left_child=1 6 3 4 -3 -4 -1 -7
right_child=-2 2 5 -5 -6 7 -8 -9
leaf_value=0.022264098828407804 0.012576235507087218 0.0054731296871895832 -0.028145647649849601 0.021281915049003147 -0.018218594529714478 -0.016740028756311441 -0.0056922314137550587 0.0051813526038809003
leaf_weight=5.3048506006598455 6.0439201816916457 10.255803331732752 5.7839966937899616 5.8153241798281661 6.6408802568912533 5.6270965412259084 4.4559470862150192 6.9299560487270355
leaf_count=25 29 49 24 26 28 22 19 28
internal_value=0.000115599 -0.0013665 -0.00395051 0.00259357 -0.0038384 -0.0120541 0.00950162 -0.00464211
internal_weight=56.8578 50.8139 41.0531 22.712 16.8967 18.341 9.7608 12.5571
internal_count=250 221 177 103 77 74 44 50
is_linear=0
shrinkage=0.05


Tree=255
num_leaves=6
num_cat=0
split_feature=2 31 25 28 21
split_gain=0.414631 1.00852 0.770195 1.18025 1.06116
threshold=0.12844341958276875 -0.29482026384589571 0.010651203163546953 0.042903524122921984 -0.0025364043464202175
decision_type=2 2 2 2 2
left_child=1 -1 3 4 -3
right_child=-2 2 -4 -5 -6
leaf_value=-0.017351494043580249 0.0096765421784396274 0.01380108463172545 0.014122595600733055 0.017118548521348455 -0.013177477633848517
leaf_weight=8.6163666881620866 9.257293798029421 4.5697554349899283 9.2737600803375226 6.0694596245884886 18.009418882429607
leaf_count=38 39 21 39 28 85
internal_value=1.23759e-05 -0.00190998 0.0015985 -0.00245564 -0.00771734
internal_weight=55.7961 46.5388 37.9224 28.6486 22.5792
internal_count=250 211 173 134 106
is_linear=0
shrinkage=0.05


Tree=256
num_leaves=11
num_cat=0
split_feature=10 30 23 27 26 23 21 8 16 24
split_gain=0.292089 0.323261 0.232762 0.363812 4.89424e-05 1.88483e-05 1.0645e-05 7.12692e-07 3.93001e-07 6.73863e-08
threshold=0.050378548270804298 -0.0092962117947977246 0.0065918573927026278 0.0033098994078742954 0.008259156823366311 0.012205976298980794 0.0022411371037304177 0.052170408234177325 0.011151265010617582 -0.0031152819580795295
decision_type=2 2 2 2 2 2 2 2 2 2
left_child=1 4 3 6 -1 7 -3 8 -2 -9
right_child=5 2 -4 -5 -6 -7 -8 9 -10 -11
leaf_value=-0.033624246071946695 -0.033640298340369253 -0.033673634630474965 0.023865463943612816 0.01244808471058534 -0.03461624554160031 -0.034160033631859259 -0.03408959727836363 -0.033472621912992523 -0.033523147647680454 -0.033406906694290535
leaf_weight=0.26338857004884664 0.13030951679684211 0.35007225861772928 1.4882118867244569 1.3229750012978909 0.23551835271064192 0.16095205477904528 0.27434037905186415 0.089890541974455118 0.15886509313713759 0.068919933284632862
leaf_count=31 14 40 29 32 13 10 11 19 28 23
internal_value=-0.00147084 0.00351658 0.00897806 -0.00239904 -0.0340925 -0.0336959 -0.0338564 -0.0335292 -0.0335759 -0.0334441
internal_weight=4.54344 3.93451 3.4356 1.94739 0.498907 0.608937 0.624413 0.447985 0.289175 0.15881
internal_count=250 156 112 83 44 94 51 84 42 42
is_linear=0
shrinkage=0.05


Tree=257
num_leaves=9
num_cat=0
split_feature=26 31 23 7 18 20 2 30
split_gain=0.410228 0.856859 1.12158 1.14342 0.796822 1.0728 1.57723 0.787763
threshold=0.017428735119305986 -0.32279910510230109 0.00093993267083458687 62.272050285339368 -0.13932022485710677 -0.047054593386037839 1.0000000180025095e-35 -1.0000000180025095e-35
decision_type=2 2 2 2 2 2 2 2
left_child=4 -2 3 -3 5 6 -1 -7
right_child=1 2 -4 -5 -6 7 -8 -9
leaf_value=0.0094302149024929182 0.023994531741975043 -0.020250655764266705 0.014294911661771381 0.011178468108221162 -0.019334671404847698 -0.002662374872549399 -0.032387472956057171 0.020344784954579916
leaf_weight=4.1737189888954216 4.7191887125372913 8.1300369873642939 8.6678502634167653 4.4932491928338996 6.5152717381715766 7.5692456662654903 4.9044513329863548 7.3172929137945131
leaf_count=20 21 36 37 20 27 34 22 33
internal_value=0.000106074 0.00471851 0.00044597 -0.00906348 -0.00382998 0.000385269 -0.0131617 0.00864651
internal_weight=56.4903 26.0103 21.2911 12.6233 30.48 23.9647 9.07817 14.8865
internal_count=250 114 93 56 136 109 42 67
is_linear=0
shrinkage=0.05


Tree=258
num_leaves=6
num_cat=0
split_feature=1 12 12 13 14
split_gain=0.409611 0.714852 0.631133 0.948862 0.702649
threshold=0.12249230229076892 0.18948306875824386 0.098957312985835558 69.331278032146614 0.5123331456651935
decision_type=2 2 2 2 2
left_child=1 2 3 4 -1
right_child=-2 -3 -4 -5 -6
leaf_value=-0.0065228330781690221 0.014526760393546237 -0.017823978808818555 0.013036819551993066 -0.020892511330644389 0.0085649273339663996
leaf_weight=14.65448083356023 4.4668076783418647 5.7779642045497885 8.6056272834539396 5.6305456496775141 16.299540154635906
leaf_count=71 18 27 37 28 69
internal_value=8.50274e-06 -0.00126387 0.000853491 -0.00201234 0.00142197
internal_weight=55.435 50.9682 45.1902 36.5846 30.954
internal_count=250 232 205 168 140
is_linear=0
shrinkage=0.05


Tree=259
num_leaves=12
num_cat=0
split_feature=26 26 29 0 25 18 25 21 21 14 8
split_gain=0.282726 0.311909 0.220705 0.504734 7.62136e-05 9.97212e-06 8.49826e-06 2.41601e-06 6.81197e-07 4.89945e-07 8.31111e-09
threshold=0.023323893851323056 -0.016121076442306089 0.0055267861700197827 -0.012865413414604008 -0.0037680398937900423 -0.82799372523253945 -0.018018837677260809 0.00345933293059475 0.0020652006836550112 0.85376332448027881 0.065202582939454343
decision_type=2 2 2 2 2 2 2 2 2 2 2
left_child=1 6 3 -3 -5 -2 -1 9 -8 -7 -11
right_child=5 2 -4 4 -6 7 8 -9 -10 10 -12
leaf_value=-0.033981986965533596 -0.034024864458284974 0.01776724609467743 0.024006507392305251 -0.034895534560141155 -0.033869497374338829 -0.033540692360882522 -0.033489122478881271 -0.033759560828682512 -0.033644082853432615 -0.033427126761869722 -0.033401412427898021
leaf_weight=0.20819025381933898 0.1582860741764307 1.2313796007074418 1.4024374368600545 0.3061822180170567 0.44262608222197719 0.19455840962473292 0.15142409305553917 0.11336895450949669 0.13339859084226191 0.06180072866845876 0.063927448005415499
leaf_count=12 9 21 22 12 51 29 30 9 15 17 23
internal_value=-0.00150049 0.0034152 0.0088304 -0.00191784 -0.034289 -0.0336852 -0.0337392 -0.0335612 -0.0335617 -0.033491 -0.0334141
internal_weight=4.46758 3.87564 3.38263 1.98019 0.748808 0.591942 0.493013 0.433656 0.284823 0.320287 0.125728
internal_count=250 163 106 84 63 87 57 78 45 69 40
is_linear=0
shrinkage=0.05


Tree=260
num_leaves=9
num_cat=0
split_feature=29 15 0 0 0 13 28 30
split_gain=0.405985 0.522992 0.796903 1.00389 0.852213 0.846633 1.09269 0.693461
threshold=0.0083427208081533494 0.01572134429602708 0.0078295374500486643 1.0000000180025095e-35 -0.010848610305276894 52.32587320475519 0.025376446867029005 0.011873770381587103
decision_type=2 2 2 2 2 2 2 2
left_child=1 7 3 4 -3 -4 -7 -1
right_child=-2 2 5 -5 -6 6 -8 -9
leaf_value=0.0214647536187683 0.012448385541270413 0.0053724015362896964 -0.030026732563820258 0.020545768949782314 -0.017720181707769619 -0.01582817192420077 0.013994017460837144 -0.0054820008320064046
leaf_weight=5.21454209089279 5.9600019082427016 10.138850849121811 4.6549650430679348 5.7144718468189231 6.5933793783187893 8.687554217875002 4.7514827996492377 4.403903990983963
leaf_count=25 29 49 18 26 28 37 19 19
internal_value=0.000111053 -0.00135489 -0.00384174 0.00245213 -0.00372729 -0.0116497 -0.00528429 0.00912691
internal_weight=56.1192 50.1592 40.5407 22.4467 16.7322 18.094 13.439 9.61845
internal_count=250 221 177 103 77 74 56 44
is_linear=0
shrinkage=0.05


Tree=261
num_leaves=8
num_cat=0
split_feature=20 2 15 14 11 17 31
split_gain=0.394675 1.04136 0.798302 0.774067 0.825326 1.52867 1.22904
threshold=0.088356501377166899 0.023423037756275415 0.059023398801951926 0.45947659281156356 37.503110084533695 0.0036300672447236418 0.1912438339684607
decision_type=2 2 2 2 2 2 2
left_child=2 -2 3 -1 6 -6 -5
right_child=1 -3 -4 4 5 -7 -8
leaf_value=-0.01903355934327465 -0.026367668998495089 0.0047322605515302228 0.017085476269935135 0.024046393981174599 -0.024984306808466545 0.0067287656143005933 -0.0038453273488851972
leaf_weight=5.0721090808510771 4.6731528937816602 6.3480477184057236 7.4158967584371558 7.8923810347914714 6.3736569993197909 9.4104147329926473 7.9060875624418259
leaf_count=27 26 27 30 31 35 41 33
internal_value=8.08085e-06 -0.00845457 0.00212443 -0.000902461 0.00200937 -0.00607707 0.0100884
internal_weight=55.0917 11.0212 44.0705 36.6546 31.5825 15.7841 15.7985
internal_count=250 53 197 167 140 76 64
is_linear=0
shrinkage=0.05


Tree=262
num_leaves=10
num_cat=0
split_feature=27 27 18 20 25 21 3 29 32
split_gain=0.278984 0.363413 0.470613 0.332456 6.67109e-05 1.34613e-05 1.34234e-06 2.30663e-07 2.62892e-08
threshold=-0.0073145777874613618 -0.0062363175374047777 -0.75735966557968848 -0.13373297955387745 -0.0037680398937900423 0.0027557726860134584 -0.013874762819344131 0.0077778823066305689 -0.23206440836187839
decision_type=2 2 2 2 2 2 2 2 2
left_child=5 -2 -3 -4 -5 6 -1 8 -8
right_child=1 2 3 4 -6 -7 7 -9 -10
leaf_value=-0.033664416716740551 0.03818608911513012 0.020139912497403514 0.010155240082213883 -0.034398579874075567 -0.033670448443962983 -0.034029808355675588 -0.033403064913294506 -0.033530427033518599 -0.033448575491135418
leaf_weight=0.1339299090905115 0.62828527018427882 1.269794892985374 0.64125532796606455 0.66675225971266638 0.59554494509939027 0.23897899524308741 0.078576168860308826 0.076864693546667695 0.053226265823468455
leaf_count=14 6 22 24 33 84 12 29 12 14
internal_value=-0.0014906 0.00344321 -0.00343547 -0.0191618 -0.0340551 -0.0337418 -0.0335409 -0.0334616 -0.0334214
internal_weight=4.38321 3.80163 3.17335 1.90355 1.2623 0.581576 0.342597 0.208667 0.131802
internal_count=250 169 163 141 117 81 69 55 43
is_linear=0
shrinkage=0.05


Tree=263
num_leaves=9
num_cat=0
split_feature=20 2 5 28 1 11 12 17
split_gain=0.400166 0.880274 0.671496 1.55696 0.930984 0.917593 1.06494 0.750742
threshold=0.088356501377166899 0.023423037756275415 0.030155189897340628 0.010908732969928893 -0.0077560588602263994 37.503110084533695 0.16108578341038443 1.0000000180025095e-35
decision_type=2 2 2 2 2 2 2 2
left_child=2 -2 4 -4 -1 7 -7 -6
right_child=1 -3 3 -5 5 6 -8 -9
leaf_value=0.027667470200055444 0.024487893762060724 -0.0037270217373184967 -0.025524983194337832 0.0049598328854418058 -0.019713648156602082 0.023744484065286054 -0.007442696190383344 0.0042639080147786517
leaf_weight=3.3032285571098354 4.8889907747507078 6.3612613156437874 8.1829798743128794 8.5800669826567155 7.6299162730574626 6.2121014669537526 4.8934071362018585 5.705824188888073
leaf_count=17 26 27 36 38 30 31 21 24
internal_value=0.000109194 0.00853426 -0.00202043 -0.00992151 0.00275336 -0.000613773 0.0100025 -0.00945462
internal_weight=55.7578 11.2503 44.5075 16.763 27.7445 24.4412 11.1055 13.3357
internal_count=250 53 197 74 123 106 52 54
is_linear=0
shrinkage=0.05


Tree=264
num_leaves=7
num_cat=0
split_feature=30 20 28 28 28 6
split_gain=0.410729 0.840368 0.592229 1.00538 0.881372 1.13872
threshold=-0.01322337341609031 0.088356501377166899 -0.018494661262625275 -0.037891354757429212 -0.0056053388432018561 0.98532698012708131
decision_type=2 2 2 2 2 2
left_child=-1 2 3 -2 -4 -6
right_child=1 -3 4 -5 5 -7
leaf_value=0.01060870271293609 -0.0026758220028983109 -0.020241305615336991 -0.017173662908738167 0.029288210143341317 0.015621464452694842 -0.0068576366147369353
leaf_weight=7.817264385521411 5.6469341963529587 5.4429981186985961 7.8940476030111304 4.3590920194983465 9.3937297277152592 14.075296428054569
leaf_count=36 25 26 37 20 42 64
internal_value=-5.80417e-07 -0.00177225 0.000657753 0.0112492 -0.00272133 0.00213986
internal_weight=54.6294 46.8121 41.3691 10.006 31.3631 23.469
internal_count=250 214 188 45 143 106
is_linear=0
shrinkage=0.05


Tree=265
num_leaves=12
num_cat=0
split_feature=18 27 21 27 33 23 25 21 23 3 15
split_gain=0.27155 0.306691 0.278879 0.269957 0.153702 3.42168e-05 2.16648e-05 1.11144e-05 1.03208e-06 6.03202e-07 1.37624e-07
threshold=-0.17374010434383533 -0.0073145777874613618 0.00070309462270634626 0.028632941006752625 0.63500000000000012 -0.010729402531970965 -0.0078349671388439606 0.0022411371037304177 0.0057034515764757829 -0.010618695829480494 0.015990223160867248
decision_type=2 2 2 2 2 2 2 2 2 2 2
left_child=1 7 3 5 -4 -3 -2 9 -8 -1 -11
right_child=6 2 4 -5 -6 -7 8 -9 -10 10 -12
leaf_value=-0.033622160776534134 -0.034200145856521112 -0.03441287693334414 0.0042964615701772523 0.029301456990965476 0.029531336874610622 -0.033617669553919788 -0.03349641011002779 -0.034001458052554438 -0.033677428411592263 -0.033501262333782721 -0.033403981743589481
leaf_weight=0.090698920888826251 0.23215010738931596 0.20770248479675557 1.1448867558501663 0.23591647332068533 1.2758678130339829 0.38793626823462524 0.19660285429563362 0.24280422599986196 0.13134941936004907 0.082292031147517597 0.065131251816637814
leaf_count=11 11 11 33 8 19 51 39 12 14 17 24
internal_value=-0.00136623 0.00350443 0.00901531 -0.0159658 0.0175966 -0.033895 -0.0338305 -0.0337634 -0.0335689 -0.0335207 -0.0334583
internal_weight=4.29334 3.73324 3.25231 0.831555 2.42075 0.595639 0.560102 0.480926 0.327952 0.238122 0.147423
internal_count=250 186 122 70 52 62 64 64 53 52 41
is_linear=0
shrinkage=0.05


Tree=266
num_leaves=9
num_cat=0
split_feature=26 17 28 28 5 18 24 26
split_gain=0.409656 0.77971 1.52773 0.77082 0.89236 1.15475 0.760611 0.707859
threshold=0.017428735119305986 0.0053170828119114416 0.016741035224298154 0.014914210251467332 0.02753005516508978 -0.28963168704842207 -0.010240258568484538 -0.012746811820265823
decision_type=2 2 2 2 2 2 2 2
left_child=3 6 -3 4 5 -1 -2 -5
right_child=1 2 -4 7 -6 -7 -8 -9
leaf_value=-0.010847241404406576 0.030205377695586722 -0.019069077279362606 0.01541474262275516 -0.0030013035968563494 -0.010504430789144686 0.023638791422814887 0.0044383847993422869 -0.028150303506171079
leaf_weight=3.7041454091668156 4.4790035299956799 7.2458477318286878 5.7691373825073242 6.322783924639225 7.7525828480720511 7.0424446538090733 7.9430559426546115 5.0190263688564283
leaf_count=18 23 31 27 27 37 31 33 23
internal_value=0.000106686 0.00476873 -0.00378347 -0.00386733 0.0024249 0.0117521 0.0137292 -0.0141303
internal_weight=55.278 25.437 13.015 29.841 18.4992 10.7466 12.4221 11.3418
internal_count=250 114 58 136 86 49 56 50
is_linear=0
shrinkage=0.05


Tree=267
num_leaves=11
num_cat=0
split_feature=28 26 28 17 29 2 20 29 17 19
split_gain=0.420211 0.533074 1.76509 1.5006 0.984481 0.830652 1.12285 1.21198 1.10077 0.769549
threshold=0.098565230738145729 0.017428735119305986 0.025376446867029005 0.0053170828119114416 0.0026267329611692207 0.0063964808474424881 -0.05449106168792394 -0.00067689160808631621 -0.01006886597402297 0.004140168272387835
decision_type=2 2 2 2 2 2 2 2 2 2
left_child=1 5 3 4 -3 8 -7 -8 -1 -10
right_child=-2 2 -4 -5 -6 6 7 -9 9 -11
leaf_value=0.013561526526579132 0.013919398172185283 -0.028883242331851935 -0.032647946864556548 0.01580298247581274 0.0047768199483567185 0.028574811318671102 0.019668912936858841 -0.016136174695911082 -0.0018856824601456959 -0.033902436319796621
leaf_weight=4.2976678088307381 4.928326576948165 4.847331598401075 5.1922486871480933 8.3521893173456174 3.9363141134381294 5.7118201553821555 4.4197215214371663 5.0799829214811325 3.6903920024633425 3.8190760910511017
leaf_count=18 21 24 23 38 18 24 19 24 19 22
internal_value=-2.01112e-06 -0.00139236 -0.007109 0.000629436 -0.0137988 0.00333184 0.0110557 0.000522082 -0.00661904 -0.0181684
internal_weight=54.2751 49.3467 22.3281 17.1358 8.78365 27.0187 15.2115 9.4997 11.8071 7.50947
internal_count=250 229 103 80 42 126 67 43 59 41
is_linear=0
shrinkage=0.05


Tree=268
num_leaves=11
num_cat=0
split_feature=2 24 24 5 4 27 16 7 13 6
split_gain=0.266709 0.300834 0.227474 0.194178 0.135546 0.125235 2.6852e-05 1.38385e-05 4.92628e-06 4.15673e-07
threshold=0.077523004792089636 -0.01645309018349694 0.017005140613030049 0.014869821000605426 0.014641065278006895 0.0050299029958736927 0.02663113708366999 34.600599861145021 65.140195195615377 1.1276370039775407
decision_type=2 2 2 2 2 2 2 2 2 2
left_child=1 6 3 -3 -4 -5 -1 -2 -9 -10
right_child=7 2 4 5 -6 -7 -8 8 9 -11
leaf_value=-0.033580054842571698 -0.034207071122548803 -0.0081945017079048214 0.0085286926572739116 0.0072154373679531288 -0.034147349348680849 0.034268392199205557 -0.03435863767765851 -0.033854608053251176 -0.033415074882253343 -0.033549117761509241
leaf_weight=0.18329607381019775 0.14575847890228022 0.6035904304590084 0.33754266425967205 0.67101742874365289 0.41460058034863323 1.1802397207356987 0.27976204035803676 0.15902972780168056 0.095140947494655848 0.14750734169501811
leaf_count=30 6 37 10 34 30 19 12 14 32 26
internal_value=-0.00123375 0.00362241 0.009062 0.016433 -0.0149954 0.0244626 -0.0340504 -0.0337898 -0.0336383 -0.0334966
internal_weight=4.21749 3.67005 3.20699 2.45485 0.752143 1.85126 0.463058 0.547436 0.401678 0.242648
internal_count=250 172 130 90 40 53 42 78 72 58
is_linear=0
shrinkage=0.05


Tree=269
num_leaves=8
num_cat=0
split_feature=29 15 33 25 27 26 30
split_gain=0.392463 0.47179 0.728865 1.01173 0.996463 0.880263 0.643371
threshold=0.0083427208081533494 0.01572134429602708 0.97500000000000009 0.0096212394955369502 -0.011907369765761287 -0.028679364055228192 0.011873770381587103
decision_type=2 2 2 2 2 2 2
left_child=1 6 4 -4 -3 -6 -1
right_child=-2 2 3 -5 5 -7 -8
leaf_value=0.020807935043695776 0.012388513957172526 -0.026564759715846077 0.023187748163531873 -0.0081854951653569652 -0.024315878102604792 0.0011503257263441174 -0.005457400626785798
leaf_weight=5.0679961666464788 5.8071414530277243 5.6760018020868293 5.2125738412141782 5.0682945549488068 4.1013844758272162 19.655206985771663 4.3179493993520737
leaf_count=25 29 26 27 20 17 87 19
internal_value=9.67546e-05 -0.00135703 -0.00373977 0.00772127 -0.00774313 -0.00324621 0.00872472
internal_weight=54.9065 49.0994 39.7135 10.2809 29.4326 23.7566 9.38595
internal_count=250 221 177 47 130 104 44
is_linear=0
shrinkage=0.05


Tree=270
num_leaves=8
num_cat=0
split_feature=28 12 19 20 11 20 14
split_gain=0.388003 0.525289 0.688953 1.3333 1.03024 0.828329 0.662594
threshold=0.098565230738145729 -0.010448335123243084 0.03084171737534214 -0.039594974019638011 37.503110084533695 -0.0026693760831497655 0.83380505554163886
decision_type=2 2 2 2 2 2 2
left_child=1 -1 3 4 -3 -5 -4
right_child=-2 2 6 5 -6 -7 -8
leaf_value=-0.016154037261670608 0.013397247332244728 0.017863138417538962 -0.00054466224925227942 -0.02928420844718186 -0.0081787503938350256 -0.0052817326495908836 0.022884297624958042
leaf_weight=5.3409535847604266 4.9042094796895972 9.0442952290177328 6.3453539311885816 5.5295321717858288 6.5469370409846297 10.27110739052296 5.7544573172926903
leaf_count=28 21 36 32 25 32 51 25
internal_value=-9.4516e-06 -0.00135587 0.000461402 -0.00344559 0.00692785 -0.0136815 0.0105977
internal_weight=53.7368 48.8326 43.4917 31.3919 15.5912 15.8006 12.0998
internal_count=250 229 201 144 68 76 57
is_linear=0
shrinkage=0.05


Tree=271
num_leaves=10
num_cat=0
split_feature=19 21 27 24 23 18 25 8 3
split_gain=0.263085 0.217109 0.314912 0.138393 2.85049e-05 2.58507e-06 2.28245e-06 9.0507e-07 2.2267e-07
threshold=0.011424485563714228 0.00070309462270634626 0.036012807292363121 0.013714463482687901 -0.010729402531970965 -0.80447055597681261 -0.01946229049202269 -0.012517392156125467 0.098197013682567072
decision_type=2 2 2 2 2 2 2 2 2
left_child=1 2 4 -3 -1 -6 -2 -8 -9
right_child=6 3 -4 -5 5 -7 7 8 -10
leaf_value=-0.034315071782467774 -0.033788399595214902 0.019262155581896492 0.036763196056676953 -0.0043767966691291103 -0.033758683281481343 -0.033515441802260036 -0.033641322447518156 -0.033509369870302161 -0.033420211881584422
leaf_weight=0.18970322422683261 0.10065518831834197 1.747549122432247 0.20543440245091915 0.95887745823711146 0.16200966853648446 0.33527620218228538 0.12036679877201095 0.2159308794653042 0.10364237707108259
leaf_count=15 7 37 2 27 11 60 17 39 35
internal_value=-0.00105048 0.00383493 -0.0175516 0.010887 -0.0337936 -0.0335947 -0.0335736 -0.0335245 -0.0334805
internal_weight=4.13945 3.59885 0.892423 2.70643 0.686989 0.497286 0.540595 0.43994 0.319573
internal_count=250 152 88 64 86 71 98 91 74
is_linear=0
shrinkage=0.05


Tree=272
num_leaves=6
num_cat=0
split_feature=24 1 1 28 24
split_gain=0.393675 0.643934 0.770594 0.861203 0.867961
threshold=0.026022165992401817 -0.037387331153708063 -0.0059488195014369407 0.030355154475230076 0.0019046647635662108
decision_type=2 2 2 2 2
left_child=1 -1 -3 4 -4
right_child=-2 2 3 -5 -6
leaf_value=-0.016845445431587433 0.012489757650812755 0.017730680380529697 0.0016491291076877277 0.012607392794051323 -0.015835791142823297
leaf_weight=5.906150519847869 5.7261837497353545 5.788576900959014 16.417353831231598 8.0201893188059312 12.502945289015768
leaf_count=25 27 32 75 35 56
internal_value=8.93336e-05 -0.00137066 0.000768315 -0.00188969 -0.00591003
internal_weight=54.3614 48.6352 42.7291 36.9405 28.9203
internal_count=250 223 198 166 131
is_linear=0
shrinkage=0.05


Tree=273
num_leaves=8
num_cat=0
split_feature=9 16 2 31 14 19 29
split_gain=0.390075 0.778426 1.14154 1.09866 0.770088 0.902423 1.19835
threshold=83.080274963378926 0.028828211625034249 0.12844341958276875 -0.14118161075436592 0.45947659281156356 0.02074166080827811 0.0033149998586834433
decision_type=2 2 2 2 2 2 2
left_child=1 4 3 -3 -1 6 -6
right_child=-2 2 -4 -5 5 -7 -8
leaf_value=-0.015137949988351143 0.010880441510927801 -0.042036435925269455 0.0070420698495928143 -0.0043786922510426129 -0.01356046943760162 0.020397487153061607 0.010581585470492467
leaf_weight=5.3560374565422526 7.1318952105939379 4.0747653618454933 4.7198456302285194 3.6915500164031965 9.0177200585603767 7.5117314457893363 11.953906632959841
leaf_count=30 31 22 21 20 40 33 53
internal_value=-5.03835e-06 -0.00168088 -0.0123509 -0.0241366 0.00225618 0.00552699 0.000200593
internal_weight=53.4575 46.3256 12.4862 7.76632 33.8394 28.4834 20.9716
internal_count=250 219 63 42 156 126 93
is_linear=0
shrinkage=0.05


Tree=274
num_leaves=11
num_cat=0
split_feature=26 26 29 0 25 21 25 18 16 14
split_gain=0.256854 0.286851 0.189423 0.457987 5.35736e-05 7.87793e-06 6.63939e-06 1.94939e-06 4.87577e-07 2.70791e-07
threshold=0.023323893851323056 -0.016121076442306089 0.0055267861700197827 -0.012865413414604008 -0.0037680398937900423 0.0037708410989416579 -0.018018837677260809 -0.80447055597681261 0.030313700405156022 0.85376332448027881
decision_type=2 2 2 2 2 2 2 2 2 2
left_child=1 6 3 -3 -5 7 -1 -2 -8 -9
right_child=5 2 -4 4 -6 -7 8 9 -10 -11
leaf_value=-0.033932342723519832 -0.033716841944270111 0.017913145123240281 0.023820714910102 -0.03473327244938168 -0.033823249402445965 -0.033969914667442418 -0.033480608697134644 -0.033506780559846704 -0.033619334654520855 -0.033403971638386355
leaf_weight=0.18944354448467493 0.10951678035780787 1.1467595347203317 1.2896283995360134 0.27590667398180824 0.3908086367882786 0.14734837645664811 0.14289071667008135 0.16394789633341122 0.11376803694292903 0.10511312348535284
leaf_count=12 10 21 22 12 51 9 29 29 16 39
internal_value=-0.0010501 0.00378204 0.00917159 -0.00124594 -0.0341998 -0.0336597 -0.0337078 -0.033539 -0.0335421 -0.0334666
internal_weight=4.07513 3.54921 3.1031 1.81347 0.666715 0.525926 0.446102 0.378578 0.256659 0.269061
internal_count=250 163 106 84 63 87 57 78 45 68
is_linear=0
shrinkage=0.05


Tree=275
num_leaves=8
num_cat=0
split_feature=20 2 5 33 1 26 23
split_gain=0.384176 0.790908 0.631128 1.45024 0.840885 0.847655 0.621376
threshold=0.088356501377166899 0.023423037756275415 0.030155189897340628 0.97500000000000009 -0.0077560588602263994 -0.0065462606363925193 0.00081516680707138811
decision_type=2 2 2 2 2 2 2
left_child=2 -2 4 -4 -1 -6 -7
right_child=1 -3 3 -5 5 6 -8
leaf_value=0.026933921241399074 0.023916709029654079 -0.0032319785552671941 -0.02407757708745625 0.0057825678370841647 -0.02079837140811449 -0.0052250606494925276 0.012659424403685378
leaf_weight=3.1524897366762188 4.7091641724109632 6.2340147644281387 8.5042174868285674 7.7919521294534198 4.2441712319850948 9.55382799357176 9.8783992230892164
leaf_count=17 26 27 39 35 17 42 47
internal_value=8.41275e-05 0.00845088 -0.00203897 -0.00980006 0.0026752 -0.000554828 0.00386654
internal_weight=54.0682 10.9432 43.1251 16.2962 26.8289 23.6764 19.4322
internal_count=250 53 197 74 123 106 89
is_linear=0
shrinkage=0.05


Tree=276
num_leaves=7
num_cat=0
split_feature=6 6 1 4 30 22
split_gain=0.376056 0.944798 0.657364 0.625305 0.703944 1.34086
threshold=0.75637751874617609 0.94126342539275298 0.0074115308530028354 0.01494038276071398 0.013367705183397473 -0.0061618486561614829
decision_type=2 2 2 2 2 2
left_child=-1 2 -2 -3 5 -5
right_child=1 3 -4 4 -6 -7
leaf_value=-0.010700060840053196 0.0042038647932533292 -0.017156565604046433 0.026852917797873462 0.028811924533323371 -0.012807856932467696 -0.0021864986148675126
leaf_weight=7.1292099058628073 8.6054375395178777 6.3061360232532016 5.1036615148186675 4.6482889354229 7.2583819702267638 13.982349220663311
leaf_count=33 38 34 25 18 36 66
internal_value=-1.62326e-05 0.00164303 0.0126357 -0.00303779 0.000401307 0.00554752
internal_weight=53.0335 45.9043 13.7091 32.1952 25.889 18.6306
internal_count=250 217 63 154 120 84
is_linear=0
shrinkage=0.05


Tree=277
num_leaves=12
num_cat=0
split_feature=12 24 24 14 23 3 23 3 18 25 13
split_gain=0.253284 0.271535 0.217521 0.506827 0.244391 1.59822e-05 1.34804e-05 1.04464e-05 5.79664e-07 2.17992e-07 1.21748e-07
threshold=0.094757459096297833 -0.01645309018349694 -0.014431264418244492 0.61987951204463421 0.0085765641708744917 -0.056421398442117791 0.012205976298980794 0.055609497010041926 -0.73922820907774223 -0.0019206377730711097 71.906871543097708
decision_type=2 2 2 2 2 2 2 2 2 2 2
left_child=1 5 -3 7 -5 -1 8 -4 -2 -10 -11
right_child=6 2 3 4 -6 -7 -8 -9 9 10 -12
leaf_value=-0.034354775662241953 -0.033631177884929281 0.034423479422247182 -0.033647427441279625 -0.0021453985303702423 0.035665406591596664 -0.0337310593202974 -0.03409720717438447 -0.03405560562666287 -0.033536850085564569 -0.033483022791880944 -0.033400164248981325
leaf_weight=0.18475500680506229 0.084088336210697889 0.66185867832973633 0.46260251768399063 0.85595159267540999 0.85349082876928151 0.23127690196270156 0.13485315814614296 0.23708463553339243 0.11343392741400748 0.10668068478116755 0.075856906594708562
leaf_count=8 9 6 56 33 11 32 9 14 18 24 30
internal_value=-0.0009337 0.00389999 0.00903545 0.00206062 0.0167328 -0.034008 -0.0336677 -0.0337857 -0.0335153 -0.0334824 -0.0334486
internal_weight=4.00193 3.48702 3.07099 2.40913 1.70944 0.416032 0.514913 0.699687 0.38006 0.295972 0.182538
internal_count=250 160 120 114 44 40 90 70 81 72 54
is_linear=0
shrinkage=0.05


Tree=278
num_leaves=6
num_cat=0
split_feature=29 32 32 13 19
split_gain=0.38076 0.458111 1.08108 0.822075 1.20406
threshold=0.0083427208081533494 -0.05061643838151314 -0.11889196967284486 77.04088666412683 -0.0051572431413661737
decision_type=2 2 2 2 2
left_child=1 2 3 4 -1
right_child=-2 -3 -4 -5 -6
leaf_value=-0.010787075134047598 0.012308093869698 -0.014494276004690804 0.019370292909877802 -0.023831559082754108 0.0088145547539377599
leaf_weight=14.483818110078571 5.6955207251012316 5.8362831547856322 6.4040432684123507 4.1599617823958388 17.0646605193615
leaf_count=64 29 25 31 18 83
internal_value=8.5703e-05 -0.00136612 0.00045329 -0.00293933 -0.000184499
internal_weight=53.6443 47.9488 42.1125 35.7084 31.5485
internal_count=250 221 196 165 147
is_linear=0
shrinkage=0.05


Tree=279
num_leaves=7
num_cat=0
split_feature=30 20 28 28 28 25
split_gain=0.370494 0.817757 0.556763 0.815981 0.897063 0.789624
threshold=-0.01322337341609031 0.088356501377166899 0.066840595175304621 -0.018494661262625275 -0.037891354757429212 0.0086695662645596156
decision_type=2 2 2 2 2 2
left_child=-1 2 3 4 -2 -5
right_child=1 -3 -4 5 -6 -7
leaf_value=0.010235048759428456 -0.0023819498971520969 -0.020214077598159144 0.017404049512446031 -0.012369626117606711 0.028345441463045601 0.0060342276509386577
leaf_weight=7.5531596913933745 5.4442506283521652 5.283135011792182 4.4432200714945784 16.880724791437395 4.2136074975132889 8.9017753452062589
leaf_count=36 25 26 20 85 20 38
internal_value=-1.48142e-05 -0.00172888 0.000719738 -0.001372 0.011024 -0.00601543
internal_weight=52.7199 45.1667 39.8836 35.4404 9.65786 25.7825
internal_count=250 214 188 168 45 123
is_linear=0
shrinkage=0.05


Tree=280
num_leaves=11
num_cat=0
split_feature=2 24 24 5 4 27 3 7 13 6
split_gain=0.243942 0.268367 0.204751 0.179535 0.13604 0.106663 1.59198e-05 1.10322e-05 3.69158e-06 3.25933e-07
threshold=0.077523004792089636 -0.01645309018349694 0.017005140613030049 0.014869821000605426 0.014223378740180722 0.0050299029958736927 -0.056421398442117791 34.600599861145021 65.140195195615377 1.1276370039775407
decision_type=2 2 2 2 2 2 2 2 2 2
left_child=1 6 3 -3 -4 -5 -1 -2 -9 -10
right_child=7 2 4 5 -6 -7 -8 8 9 -11
leaf_value=-0.034332307137375367 -0.034144235944419954 -0.0082330771763982954 0.01062680081702759 0.007768082153779993 -0.034057112966151118 0.033544861507417818 -0.033706744053950737 -0.033810580601885624 -0.033407064337311485 -0.033532806084718828
leaf_weight=0.18013710319064558 0.13486682134680439 0.56798483221791762 0.29922941233962763 0.6311723100952803 0.39543453371152282 1.1020744771230964 0.23357986274641085 0.14400063757784665 0.084110674681141973 0.13306901307078078
leaf_count=8 6 37 8 34 32 19 34 14 32 26
internal_value=-0.000997351 0.00376888 0.00898168 0.0161634 -0.0148093 0.0241581 -0.0339791 -0.0337584 -0.0336143 -0.0334841
internal_weight=3.90566 3.40961 2.9959 2.30123 0.694664 1.73325 0.413717 0.496047 0.36118 0.21718
internal_count=250 172 130 90 40 53 42 78 72 58
is_linear=0
shrinkage=0.05


Tree=281
num_leaves=8
num_cat=0
split_feature=20 16 5 28 23 23 3
split_gain=0.371583 0.731941 0.599723 1.38733 0.506944 1.17321 1.61422
threshold=0.088356501377166899 0.033067663556618637 0.030155189897340628 0.010908732969928893 0.0085765641708744917 0.00081516680707138811 0.090148343884470031
decision_type=2 2 2 2 2 2 2
left_child=2 -2 4 -4 5 6 -1
right_child=1 -3 3 -5 -6 -7 -8
leaf_value=0.013231418677580776 -0.0021495655674039411 0.024514106683035514 -0.024719732725960432 0.0046580254152231246 -0.011895727112965307 0.021558244608837516 -0.020973193035165261
leaf_weight=7.3678638190031105 6.5148856528103334 4.254693478345871 7.8215434998273876 8.2653588168323022 4.9028588980436316 7.7040336877107611 6.4855628460645676
leaf_count=35 33 20 36 38 23 38 27
internal_value=8.77082e-05 0.00838434 -0.00201234 -0.00962561 0.00261625 0.00591673 -0.00278167
internal_weight=53.3168 10.7696 42.5472 16.0869 26.4603 21.5575 13.8534
internal_count=250 53 197 74 123 100 62
is_linear=0
shrinkage=0.05


Tree=282
num_leaves=10
num_cat=0
split_feature=28 26 28 17 29 28 18 28 2
split_gain=0.376115 0.515499 1.5889 1.31203 0.893898 0.80073 0.823811 1.38785 0.528601
threshold=0.098565230738145729 0.017428735119305986 0.025376446867029005 0.0053170828119114416 0.0026267329611692207 0.014914210251467332 -0.30926276629703836 -0.008449041583264259 0.011983755193867298
decision_type=2 2 2 2 2 2 2 2 2
left_child=1 5 3 4 -3 6 -1 -8 -7
right_child=-2 2 -4 -5 -6 8 7 -9 -10
leaf_value=0.01028176505601293 0.013341864630673462 -0.028086224585879178 -0.031730002403959241 0.01487080692018013 0.004528688324187252 0.0027407878234161592 0.004332206308270979 -0.032496662516571746 0.027802172536518885
leaf_weight=7.2228782698512104 4.7912145480513564 4.6401928141713196 5.0150169022381297 8.0420205742120725 3.8389338478446007 3.9677907116711122 5.877542197704317 4.529236014932394 4.4794346168637276
leaf_count=35 21 24 23 38 18 20 30 21 20
internal_value=-1.1394e-05 -0.00135511 -0.00707997 0.000402585 -0.0133198 0.00337289 -0.00269196 -0.0116964 0.0160305
internal_weight=52.4043 47.613 21.5362 16.5211 8.47913 26.0769 17.6297 10.4068 8.44723
internal_count=250 229 103 80 42 126 86 51 40
is_linear=0
shrinkage=0.05


Tree=283
num_leaves=10
num_cat=0
split_feature=10 30 23 2 8 26 23 19 6
split_gain=0.238322 0.263423 0.188639 0.30022 0.176095 2.72332e-05 1.0489e-05 4.6531e-07 9.37165e-08
threshold=0.050378548270804298 -0.0092962117947977246 0.0065918573927026278 0.05381488294156634 -0.039714276123716218 0.008259156823366311 0.012205976298980794 -0.010105145627009536 1.1871466793628347
decision_type=2 2 2 2 2 2 2 2 2
left_child=1 5 3 4 -3 -1 7 -2 -9
right_child=6 2 -4 -5 -6 -7 -8 8 -10
leaf_value=-0.03357185789060587 -0.03355065502284086 0.014723467047428407 0.023189844343047716 0.022515579246111514 -0.034083534067243508 -0.034392073699301494 -0.034023444746408227 -0.033396602851784599 -0.033474389712425827
leaf_weight=0.21412202960345972 0.20118163258302957 0.25362755591049857 1.3036998895695431 0.69704222353175282 0.68109639943577305 0.19189688580809161 0.13122794311493635 0.077712572063319274 0.077172316261567175
leaf_count=31 33 10 29 14 59 13 10 32 19
internal_value=-0.000975358 0.00378838 0.00900948 -0.00231993 -0.0208403 -0.0339595 -0.0336413 -0.0335005 -0.0334354
internal_weight=3.82878 3.34148 2.93547 1.63177 0.934724 0.406019 0.487294 0.356067 0.154885
internal_count=250 156 112 83 69 44 94 84 51
is_linear=0
shrinkage=0.05


Tree=284
num_leaves=9
num_cat=0
split_feature=26 18 20 2 30 31 23 7
split_gain=0.375505 0.724285 0.895834 1.39208 0.727527 0.718711 0.947718 1.06661
threshold=0.017428735119305986 -0.13932022485710677 -0.047054593386037839 1.0000000180025095e-35 -1.0000000180025095e-35 -0.29482026384589571 0.0021750184705252589 62.272050285339368
decision_type=2 2 2 2 2 2 2 2
left_child=1 2 3 -1 -4 -2 7 -7
right_child=5 -3 4 -5 -6 6 -8 -9
leaf_value=0.0094599191648104992 0.020592213188219161 -0.018796299084741341 -0.003062368041432853 -0.031443677360493104 0.019759438298342331 -0.020661489294050421 0.014118928615179325 0.010675524794115349
leaf_weight=3.870707415044313 5.4766023717820671 6.2847684249281874 7.0979393571615246 4.4964264892041683 6.8741185590624765 7.2231358177959937 7.3060048744082442 4.3510473072528839
leaf_count=20 27 27 34 22 33 34 34 19
internal_value=8.17565e-05 -0.00380121 0.000417411 -0.0125213 0.00816574 0.004645 1.91699e-05 -0.00888106
internal_weight=52.9808 28.624 22.3392 8.36713 13.9721 24.3568 18.8802 11.5742
internal_count=250 136 109 42 67 114 87 53
is_linear=0
shrinkage=0.05


Tree=285
num_leaves=7
num_cat=0
split_feature=21 19 13 27 32 26
split_gain=0.368517 0.668702 0.808887 1.05128 1.68384 1.28125
threshold=-0.0059037054813569903 -0.071780892959792661 77.04088666412683 -0.010635572130582414 -0.23513557367882981 -0.028679364055228192
decision_type=2 2 2 2 2 2
left_child=-1 -2 3 4 -3 -5
right_child=1 2 -4 5 -6 -7
leaf_value=0.01365183979622777 -0.017425363522107561 -0.0098347719428164854 0.020050042045911407 0.015908372119364037 0.034065525146442184 -0.011479933690089367
leaf_weight=4.5036363527178755 5.6706056147813788 4.1160612925887108 4.8590926304459563 5.2505491673946372 4.6540107727050728 22.86946830153466
leaf_count=21 30 23 22 23 19 112
internal_value=-1.64843e-05 -0.00131462 0.000873634 -0.00165225 0.0134618 -0.00636601
internal_weight=51.9234 47.4198 41.7492 36.8901 8.77007 28.12
internal_count=250 229 199 177 42 135
is_linear=0
shrinkage=0.05


Tree=286
num_leaves=10
num_cat=0
split_feature=27 27 18 24 25 21 3 19 25
split_gain=0.233179 0.314814 0.381685 0.281527 2.95809e-05 7.61894e-06 7.16612e-07 1.29643e-07 1.60131e-08
threshold=-0.0073145777874613618 -0.0062363175374047777 -0.75735966557968848 -0.014431264418244492 -0.0037680398937900423 0.0027557726860134584 -0.013874762819344131 -0.068038746368588796 0.0043825540775941372
decision_type=2 2 2 2 2 2 2 2 2
left_child=5 -2 -3 -4 -5 6 -1 -8 -9
right_child=1 2 3 4 -6 -7 7 8 -10
leaf_value=-0.033602971854758683 0.03754516006056121 0.019501866013073473 0.010009620897414469 -0.034172992367810191 -0.033641627722884967 -0.033909529264061336 -0.033504190868547334 -0.033423430581670993 -0.033385051856462879
leaf_weight=0.10961700230836868 0.57169065356720317 1.0943348512519158 0.55681596859358329 0.57365913677495028 0.48197769699617965 0.20118471817113459 0.050667934468947351 0.067241334007121956 0.045617786643560976
leaf_count=14 6 22 25 35 81 12 10 22 23
internal_value=-0.000909285 0.00383139 -0.00328917 -0.0187569 -0.0339304 -0.033676 -0.0335041 -0.0334377 -0.0334079
internal_weight=3.75281 3.27848 2.70679 1.61245 1.05564 0.474329 0.273144 0.163527 0.112859
internal_count=250 169 163 141 116 81 69 55 45
is_linear=0
shrinkage=0.05


Tree=287
num_leaves=7
num_cat=0
split_feature=29 32 32 25 13 21
split_gain=0.370533 0.426641 0.973292 0.755328 1.33536 1.05469
threshold=0.0083427208081533494 -0.05061643838151314 -0.11889196967284486 0.0005742204483144554 47.338425675540229 0.0024370343170753155
decision_type=2 2 2 2 2 2
left_child=1 2 3 5 -5 -1
right_child=-2 -3 -4 4 -6 -7
leaf_value=0.01914240283172676 0.012251981850843171 -0.014135795279470046 0.018586555186604344 -0.031798312148579949 -0.0017926230286261927 -0.0073497822335374316
leaf_weight=7.3583182543516141 5.5879758335649958 5.7424553483724585 6.2484912872314444 4.9311753213405636 14.94743814691901 7.6760034933686256
leaf_count=38 29 25 31 21 71 35
internal_value=8.13135e-05 -0.00136866 0.00041249 -0.00284019 -0.00923596 0.00561641
internal_weight=52.4919 46.9039 41.1614 34.9129 19.8786 15.0343
internal_count=250 221 196 165 92 73
is_linear=0
shrinkage=0.05


Tree=288
num_leaves=7
num_cat=0
split_feature=32 5 25 1 26 20
split_gain=0.359003 1.01458 0.991131 0.592943 0.776161 0.673772
threshold=-0.44808815786432149 0.053610340431897309 0.0011382053501360902 0.074560118982033199 -0.028679364055228192 0.088356501377166899
decision_type=2 2 2 2 2 2
left_child=2 3 -1 4 -2 -6
right_child=1 -3 -4 -5 5 -7
leaf_value=-0.0050969726019864103 0.015772619879454951 -0.02461970551150151 0.023814909505451287 0.016148026986334649 -0.0021733553909181937 -0.024592293221052025
leaf_weight=6.7804595381021482 5.020046964287757 4.5164446085691443 5.2668142728507519 5.1956688761711112 20.792658839374788 3.9953464753925791
leaf_count=29 23 20 25 24 104 25
internal_value=-1.33829e-05 -0.00231677 0.00754269 0.000560927 -0.00215597 -0.00578685
internal_weight=51.5674 39.5202 12.0473 35.0037 29.8081 24.788
internal_count=250 196 54 176 152 129
is_linear=0
shrinkage=0.05


Tree=289
num_leaves=12
num_cat=0
split_feature=26 26 23 20 0 18 28 21 2 3 14
split_gain=0.226102 0.252077 0.169226 0.403574 2.26655e-05 5.46199e-06 5.35471e-06 1.16663e-06 4.82116e-07 3.39439e-07 9.07363e-08
threshold=0.023323893851323056 -0.016121076442306089 0.0065918573927026278 -0.065814076362687088 0.0048699040182711437 -0.82799372523253945 -0.053888911300069613 0.00345933293059475 -0.067632609452933187 -0.098927871988832392 0.85376332448027881
decision_type=2 2 2 2 2 2 2 2 2 2 2
left_child=1 6 3 -3 -5 -2 -1 9 -8 -7 -11
right_child=5 2 -4 4 -6 7 8 -9 -10 10 -12
leaf_value=-0.03397137995157249 -0.03390573093540019 0.018301086541175501 0.022593584606139472 -0.033754994876153473 -0.034384517700228073 -0.033561458387273799 -0.033630953537791455 -0.033676380614542221 -0.033500433715080248 -0.033465292903476392 -0.033393788040829507
leaf_weight=0.10963821888435632 0.12858738680370152 0.9473472404060892 1.2618829563725737 0.3717865592334415 0.232333907217253 0.067146963905543089 0.13052239851094782 0.089848482864908874 0.15450288413558233 0.08856915240176011 0.08889530529268086
leaf_count=10 9 19 29 37 21 10 15 9 32 20 39
internal_value=-0.000967617 0.00374672 0.00899625 -0.00206312 -0.0339971 -0.0336288 -0.0336744 -0.0335223 -0.0335602 -0.0334657 -0.0334295
internal_weight=3.67106 3.20801 2.81335 1.55147 0.60412 0.463047 0.394664 0.33446 0.285025 0.244611 0.177464
internal_count=250 163 106 77 58 87 57 78 47 69 59
is_linear=0
shrinkage=0.05


Tree=290
num_leaves=8
num_cat=0
split_feature=20 2 15 21 0 21 24
split_gain=0.360856 0.749373 0.561332 0.718907 0.986567 0.662011 0.514965
threshold=0.088356501377166899 0.023423037756275415 0.059023398801951926 0.0022411371037304177 -0.0043777647114725529 0.0041349393947776045 -0.0031152819580795295
decision_type=2 2 2 2 2 2 2
left_child=2 -2 3 4 -1 -5 -6
right_child=1 -3 -4 5 6 -7 -8
leaf_value=0.025649439971713518 0.023648747997284635 -0.0032213132534564802 -0.014936940895870502 -0.024713535972547756 0.0085859267207052236 0.0029170380248261744 -0.007047664704589271
leaf_weight=4.6467266641557208 4.5486064851284009 6.0407896935939789 6.9938285723328582 4.6474176719784719 9.8298381492495537 4.0631037950515747 11.348890364170078
leaf_count=28 26 27 30 22 46 21 50
internal_value=8.13962e-05 0.00832055 -0.00201945 0.000596454 0.00478602 -0.011825 0.000208468
internal_weight=52.1192 10.5894 41.5298 34.536 25.8255 8.71052 21.1787
internal_count=250 53 197 167 124 43 96
is_linear=0
shrinkage=0.05


Tree=291
num_leaves=8
num_cat=0
split_feature=28 12 19 20 18 10 27
split_gain=0.361969 0.478696 0.603889 1.1918 0.957675 0.741061 0.62036
threshold=0.098565230738145729 -0.010448335123243084 0.03084171737534214 -0.039594974019638011 -0.26898683524474259 0.0070502770479704616 0.011857323039244696
decision_type=2 2 2 2 2 2 2
left_child=1 -1 3 4 -3 -5 -4
right_child=-2 2 6 5 -6 -7 -8
leaf_value=-0.015882683519324599 0.013196346167225773 0.018779093947679085 0.0010534199643970291 0.0059002469030481949 -0.0066548067609398746 -0.01968969632117059 0.024887834187440356
leaf_weight=5.0528078302741042 4.7077198252081862 7.8003031462430954 7.1883020773529989 3.7784961387515095 7.042807858437298 11.260225612670181 4.401895210146904
leaf_count=28 21 36 38 19 32 57 19
internal_value=-1.56887e-05 -0.00135258 0.00041772 -0.0033399 0.00671113 -0.0132602 0.0101056
internal_weight=51.2326 46.5248 41.472 29.8818 14.8431 15.0387 11.5902
internal_count=250 229 201 144 68 76 57
is_linear=0
shrinkage=0.05


Tree=292
num_leaves=12
num_cat=0
split_feature=18 27 21 12 33 23 25 21 6 23 22
split_gain=0.222153 0.248569 0.222302 0.215819 0.122447 1.83043e-05 1.11246e-05 5.99288e-06 7.06403e-07 5.60929e-07 8.34969e-08
threshold=-0.17374010434383533 -0.0073145777874613618 0.00070309462270634626 -0.022193471696259962 0.44500000000000006 -0.010729402531970965 -0.0078349671388439606 0.0027557726860134584 0.82913076525508345 0.0057034515764757829 -0.0042084289002061728
decision_type=2 2 2 2 2 2 2 2 2 2 2
left_child=1 7 3 -3 -4 -5 -2 8 -1 -8 -10
right_child=6 2 4 5 -6 -7 9 -9 10 -11 -12
leaf_value=-0.033635507552839235 -0.03403247163985549 0.028358017757704614 0.00068513088940497355 -0.034202255191279334 0.026036083665039803 -0.033561385815810078 -0.033466669621140817 -0.033904990928333593 -0.033485389554891797 -0.033614443236519569 -0.033406255207284678
leaf_weight=0.073557699564845147 0.18637780612334609 0.19655745872296493 0.73475915088783983 0.17450610653031717 1.3542286041192708 0.30818905751220715 0.15451777598354954 0.1802540454082191 0.061803134973160923 0.10988624265883118 0.072361563332378864
leaf_count=10 11 5 20 12 32 53 39 10 14 14 30
internal_value=-0.000902665 0.0037868 0.00903984 -0.0158082 0.0171194 -0.0337931 -0.0337366 -0.033694 -0.033511 -0.0335281 -0.0334427
internal_weight=3.607 3.15622 2.76824 0.679253 2.08899 0.482695 0.450782 0.387976 0.207722 0.264404 0.134165
internal_count=250 186 122 70 52 65 64 64 54 53 44
is_linear=0
shrinkage=0.05


Tree=293
num_leaves=9
num_cat=0
split_feature=6 6 1 5 6 0 14 22
split_gain=0.36231 0.676257 0.847916 0.797283 0.662947 0.988186 0.814905 0.519242
threshold=1.0309105536361274 0.75637751874617609 0.0074115308530028354 0.016244102895053441 1.23249633836537 0.006354026024499416 0.95917700938871298 -0.0036870580096334811
decision_type=2 2 2 2 2 2 2 2
left_child=1 -1 3 -3 5 -2 -7 -4
right_child=4 2 7 -5 -6 6 -8 -9
leaf_value=0.0098271247203554207 0.029476402429634042 0.015750276333406824 -0.0048207390214179387 -0.012220900488922319 -0.007128773910684125 -0.010385200169217942 0.016951800082942444 -0.026959978750346631
leaf_weight=6.8955092690885094 4.8033314161002663 5.2463790811598319 4.4929866716265705 4.9524791389703751 7.9697493314743033 5.8842603638768178 5.0793242752552032 6.4509265944361642
leaf_count=33 28 29 22 21 37 27 23 30
internal_value=7.84104e-05 -0.00377003 -0.00820461 0.00216771 0.00462427 0.0105651 0.00227977 -0.0178708
internal_weight=51.7749 28.0383 21.1428 10.1989 23.7367 15.7669 10.9636 10.9439
internal_count=250 135 102 50 115 78 50 52
is_linear=0
shrinkage=0.05


Tree=294
num_leaves=7
num_cat=0
split_feature=32 19 32 27 27 19
split_gain=0.354869 0.577485 0.916706 0.79915 0.759994 0.446623
threshold=-0.51270445940688358 -0.071780892959792661 -0.40462965530551959 -0.011907369765761287 0.0068201055940260167 -0.009126572595774261
decision_type=2 2 2 2 2 2
left_child=-1 -2 -3 5 -5 -4
right_child=1 2 3 4 -6 -7
leaf_value=0.0099569878051710831 -0.018372242297169859 -0.017254945837737217 0.027967204900494202 -0.0097006193959484135 0.008050865399128037 0.0045787650338429053
leaf_weight=7.5799561887979499 4.672710768878459 6.2719767689704886 4.3971032723784447 12.235130228102213 11.887829154729841 3.8096190132200665
leaf_count=33 27 33 20 63 53 21
internal_value=-2.28152e-05 -0.00177088 0.000238705 0.00363248 -0.000952662 0.0171101
internal_weight=50.8543 43.2744 38.6017 32.3297 24.123 8.20672
internal_count=250 217 190 157 116 41
is_linear=0
shrinkage=0.05


Tree=295
num_leaves=11
num_cat=0
split_feature=2 24 24 5 4 27 3 24 24 1
split_gain=0.21625 0.241281 0.180217 0.153718 0.117692 0.0893161 1.13497e-05 8.42856e-06 7.59014e-07 4.71518e-08
threshold=0.077523004792089636 -0.01645309018349694 0.017005140613030049 0.014869821000605426 0.014223378740180722 0.0050299029958736927 -0.056421398442117791 0.005796248179469444 0.00095079554912336228 0.048262513346924447
decision_type=2 2 2 2 2 2 2 2 2 2
left_child=1 6 3 -3 -4 -5 -1 8 9 -2
right_child=7 2 4 5 -6 -7 -8 -9 -10 -11
leaf_value=-0.034233580752144145 -0.033484329307965209 -0.0078294550078483217 0.0096754965938809223 0.0081878942054435886 -0.033963789057258588 0.03274641861573311 -0.033677224326060733 -0.03397010436094116 -0.033633359821364811 -0.033426564439240504
leaf_weight=0.16294603515416384 0.067147776950150617 0.51204348844476122 0.27805135375820089 0.58719753369223315 0.34770646766992286 1.0019450064282862 0.20955816400237459 0.19492540194187313 0.10093066189438105 0.074547866184730083
leaf_count=8 15 37 8 34 32 19 34 24 13 26
internal_value=-0.000820542 0.00382465 0.0089807 0.0159953 -0.014573 0.0236719 -0.0339206 -0.0337253 -0.0335286 -0.0334539
internal_weight=3.537 3.09945 2.72694 2.10119 0.625758 1.58914 0.372504 0.437552 0.242626 0.141696
internal_count=250 172 130 90 40 53 42 78 54 41
is_linear=0
shrinkage=0.05


Tree=296
num_leaves=8
num_cat=0
split_feature=20 2 5 33 24 28 28
split_gain=0.34463 0.717595 0.536584 1.32488 0.465525 0.548512 1.00179
threshold=0.088356501377166899 0.023423037756275415 0.030155189897340628 0.97500000000000009 -0.01645309018349694 -0.0166753827351892 0.014914210251467332
decision_type=2 2 2 2 2 2 2
left_child=2 -2 4 -4 -1 -6 -7
right_child=1 -3 3 -5 5 6 -8
leaf_value=0.015681908659699598 0.023379420531013918 -0.0031524865782484265 -0.023402247716561807 0.0058414976737967209 -0.015523774787610465 0.016983563219835442 -0.008641607021382022
leaf_weight=5.2906439602375022 4.4554265774786455 5.9543519914150238 8.0402681045234186 7.4725899845361701 4.9071518108248737 7.3525467589497584 7.9250152856111526
leaf_count=24 26 27 39 35 24 37 38
internal_value=7.904e-05 0.00820328 -0.00198427 -0.00931545 0.00247994 -0.000980442 0.00369088
internal_weight=51.398 10.4098 40.9882 15.5129 25.4754 20.1847 15.2776
internal_count=250 53 197 74 123 99 75
is_linear=0
shrinkage=0.05


Tree=297
num_leaves=7
num_cat=0
split_feature=32 5 25 1 26 20
split_gain=0.34583 0.981717 0.92802 0.534484 0.70743 0.628111
threshold=-0.44808815786432149 0.053610340431897309 0.0011382053501360902 0.074560118982033199 -0.028679364055228192 0.088356501377166899
decision_type=2 2 2 2 2 2
left_child=2 3 -1 4 -2 -6
right_child=1 -3 -4 -5 5 -7
leaf_value=-0.004836550626697687 0.015225746711325079 -0.024415938961423505 0.02340494783299386 0.015451505974520495 -0.0020663528087017219 -0.024057038276924191
leaf_weight=6.685494735836981 4.915676236152648 4.447377733886241 5.149318989366293 5.1207816302776328 20.317134983837612 3.8648063130676737
leaf_count=29 23 20 25 24 104 25
internal_value=-2.75567e-05 -0.00231669 0.00745131 0.000555563 -0.00206592 -0.00558095
internal_weight=50.5006 38.6658 11.8348 34.2184 29.0976 24.1819
internal_count=250 196 54 176 152 129
is_linear=0
shrinkage=0.05


Tree=298
num_leaves=13
num_cat=0
split_feature=19 21 27 18 0 2 23 25 18 8 21 2
split_gain=0.213671 0.179726 0.238086 0.109138 0.251801 0.109866 1.53894e-05 1.90688e-06 1.23967e-06 4.82371e-07 1.58657e-07 5.1168e-08
threshold=0.011424485563714228 0.00070309462270634626 0.036012807292363121 -0.72809652776535205 -0.014162892182731033 -1.0000000180025095e-35 -0.010729402531970965 -0.023137800489974488 -0.80447055597681261 -0.012517392156125467 0.0031057158926393051 0.075330658453399271
decision_type=2 2 2 2 2 2 2 2 2 2 2 2
left_child=1 2 6 -3 -5 -6 -1 -2 -8 -9 11 -11
right_child=7 3 -4 4 5 -7 8 9 -10 10 -12 -13
leaf_value=-0.034131786941129415 -0.033765541022339876 0.027121882240897083 0.034790237212069954 0.021699226564297076 0.0048792592014171307 -0.034168103431282376 -0.033671955597008967 -0.033587226647188162 -0.033483420018835454 -0.033453217403429596 -0.033522257414545606 -0.03339775410867285
leaf_weight=0.15588264836696974 0.080023901537060738 0.70424512866884503 0.1647313516587019 0.87517438363283884 0.30872325628297415 0.43253284227102951 0.12971455510705776 0.10179890820290893 0.26594762923195903 0.11868013528874133 0.070121421478688717 0.06401377177098766
leaf_count=15 6 8 2 15 13 28 11 18 60 32 12 30
internal_value=-0.000755701 0.003937 -0.0179569 0.0106945 0.0035375 -0.0179054 -0.033711 -0.0335451 -0.0335452 -0.0334953 -0.0334583 -0.0334338
internal_weight=3.47159 3.03695 0.716276 2.32068 1.61643 0.741256 0.551545 0.434638 0.395662 0.354614 0.252815 0.182694
internal_count=250 152 88 64 56 41 86 98 71 92 74 62
is_linear=0
shrinkage=0.05


Tree=299
num_leaves=9
num_cat=0
split_feature=6 6 0 14 6 1 5 22
split_gain=0.340289 0.645508 0.918273 0.759695 0.643985 0.795189 0.743795 0.497676
threshold=1.0309105536361274 1.23249633836537 0.006354026024499416 0.95917700938871298 0.75637751874617609 0.0074115308530028354 0.016244102895053441 -0.0036870580096334811
decision_type=2 2 2 2 2 2 2 2
left_child=4 2 -2 -4 -1 6 -6 -7
right_child=1 -3 3 -5 5 7 -8 -9
leaf_value=0.0097012746779475412 0.028970707186259655 -0.0071143021702400975 -0.0098616448805221128 0.016667899922612025 0.015325439050325271 -0.0046816731280427794 -0.01186208656415854 -0.026515519532521327
leaf_weight=6.7810183092951801 4.6709951087832478 7.9102291986346236 5.8123291209340078 5.0370092242956161 5.1562898643314856 4.4497283250093487 4.9123029410839081 6.3122653663158372
leaf_count=33 28 37 27 23 29 22 21 30
internal_value=7.86625e-05 0.0045105 0.0104353 0.00245519 -0.00368209 -0.0080388 0.00206109 -0.0174879
internal_weight=51.0422 23.4306 15.5203 10.8493 27.6116 20.8306 10.0686 10.762
internal_count=250 115 78 50 135 102 50 52
is_linear=0
shrinkage=0.05


Tree=300
num_leaves=7
num_cat=0
split_feature=21 21 13 34 23 30
split_gain=0.344605 0.801156 0.765624 0.729887 1.07405 0.9056
threshold=-0.0054904455152217637 -0.0031141991286803834 77.04088666412683 1.2235340710340743 1.0000000180025095e-35 0.0030269241125201467
decision_type=2 2 2 2 2 2
left_child=-1 -2 3 4 -3 -5
right_child=1 2 -4 5 -6 -7
leaf_value=0.01188423403469902 -0.019222254673446324 -0.0086533404857228671 0.020869218405578666 -0.026634739664358364 0.014256328385902335 -0.00033313501865402112
leaf_weight=5.4112593382596961 5.5675077065825453 8.9207232147455233 4.3329099714756003 5.2677847519516936 11.9949221201241 8.6414764784276468
leaf_count=27 27 47 20 28 56 45
internal_value=-3.31553e-05 -0.00147502 0.0010483 -0.00141782 0.00448514 -0.0102942
internal_weight=50.1366 44.7253 39.1578 34.8249 20.9156 13.9093
internal_count=250 223 196 176 103 73
is_linear=0
shrinkage=0.05


Tree=301
num_leaves=13
num_cat=0
split_feature=18 27 27 5 21 25 25 21 23 6 22 25
split_gain=0.209457 0.230383 0.205065 0.350413 0.15673 2.73408e-05 8.80309e-06 4.99306e-06 5.88163e-07 5.34395e-07 5.55901e-08 5.10541e-08
threshold=-0.17374010434383533 -0.0073145777874613618 -0.0062363175374047777 0.017217289075567663 0.00070309462270634626 -0.0037680398937900423 -0.0078349671388439606 0.0027557726860134584 0.0085765641708744917 0.82913076525508345 -0.0042084289002061728 0.0061238409259656299
decision_type=2 2 2 2 2 2 2 2 2 2 2 2
left_child=1 7 -3 5 -5 -4 -2 9 11 -1 -11 -8
right_child=6 2 3 4 -6 -7 8 -9 -10 10 -12 -13
leaf_value=-0.033606731241986598 -0.033983529132560815 0.036911382648382722 -0.034340823494220914 -0.010541364297042395 0.023876666602644363 -0.033601513328398232 -0.033483877459627664 -0.033868158399858468 -0.033613176252672142 -0.033467914783377566 -0.033400011495844199 -0.033424963025925007
leaf_weight=0.067126096168068083 0.17382404138334095 0.53061575104948255 0.28608503146097064 0.4698992536868899 1.1171071365242822 0.22216894524171893 0.075804449385031947 0.16823955159634352 0.098435059771873057 0.055377034994307905 0.066139702626969665 0.071417549916077405
leaf_count=10 11 6 13 38 27 38 15 10 12 14 30 26
internal_value=-0.000629565 0.00402289 0.00914574 0.0021142 0.0136858 -0.0340177 -0.0337112 -0.0336701 -0.0335186 -0.0334935 -0.033431 -0.0334553
internal_weight=3.40224 2.98276 2.62588 2.09526 1.58701 0.508254 0.419481 0.356882 0.245657 0.188643 0.121517 0.147222
internal_count=250 186 122 116 65 51 64 64 53 54 44 41
is_linear=0
shrinkage=0.05


Tree=302
num_leaves=6
num_cat=0
split_feature=24 1 1 28 17
split_gain=0.34005 0.55032 0.634276 0.778151 0.780507
threshold=0.026022165992401817 -0.037387331153708063 -0.0059488195014369407 0.030355154475230076 -0.0039784538800744776
decision_type=2 2 2 2 2
left_child=1 -1 -3 4 -4
right_child=-2 2 3 -5 -6
leaf_value=-0.016120729678904336 0.011986431945315668 0.016842719480430198 0.010566213907225078 0.012572246389453019 -0.010126074149839338
leaf_weight=5.5247318446636191 5.3581682145595542 5.2891103513538829 5.8009759560227385 7.4366936497390261 21.255195114761595
leaf_count=25 27 32 31 35 100
internal_value=7.50861e-05 -0.0013336 0.000719965 -0.00175229 -0.00568955
internal_weight=50.6649 45.3067 39.782 34.4929 27.0562
internal_count=250 223 198 166 131
is_linear=0
shrinkage=0.05


Tree=303
num_leaves=6
num_cat=0
split_feature=1 12 12 21 6
split_gain=0.321501 0.671825 0.628913 0.766297 0.908521
threshold=0.12249230229076892 0.18948306875824386 0.098957312985835558 -0.0054904455152217637 1.0338457275283963
decision_type=2 2 2 2 2
left_child=1 2 3 -1 -5
right_child=-2 -3 -4 4 -6
leaf_value=0.017791597685137363 0.013497946599400608 -0.018013829919197991 0.013781511690688031 0.00094895208596025191 -0.018350276718823208
leaf_weight=4.2296201661229089 4.0304947867989531 5.2765939608216277 7.7314544394612303 19.743855819106109 8.8232708759605867
leaf_count=21 18 27 37 99 48
internal_value=-4.05119e-05 -0.0012318 0.000953147 -0.00207099 -0.00501183
internal_weight=49.8353 45.8048 40.5282 32.7967 28.5671
internal_count=250 232 205 168 147
is_linear=0
shrinkage=0.05


Tree=304
num_leaves=10
num_cat=0
split_feature=26 30 18 27 23 6 21 18 14
split_gain=0.206119 0.219944 0.205384 0.303169 0.180406 1.84421e-05 4.94408e-06 9.17119e-07 1.4292e-07
threshold=0.023323893851323056 -0.0092962117947977246 -0.73922820907774223 0.0052541965779281394 0.012205976298980794 1.1276370039775407 0.0037708410989416579 -0.80447055597681261 0.85376332448027881
decision_type=2 2 2 2 2 2 2 2 2
left_child=1 -1 -3 4 -4 -5 7 -2 -9
right_child=6 2 3 5 -6 -7 -8 8 -10
leaf_value=-0.033874789174866519 -0.033635515742460854 0.029610878199151366 -0.0037946348694430686 -0.033763794896082826 0.034437250912596772 -0.034386011739058267 -0.033877526623121004 -0.03347320728778843 -0.033386846507362365
leaf_weight=0.33630412531783882 0.085822233580984175 0.82954983552917916 0.73121626401552864 0.28347434068564314 0.53382471925579011 0.20535994914826006 0.12222046707756817 0.12733127985848103 0.076804111420642585
leaf_count=39 10 11 61 31 7 14 9 29 39
internal_value=-0.000512046 0.0041605 0.00911185 -0.000583806 0.0123385 -0.0340252 -0.0336108 -0.0334984 -0.0334407
internal_weight=3.33191 2.91973 2.58343 1.75388 1.26504 0.488834 0.412178 0.289958 0.204135
internal_count=250 163 124 113 68 45 87 78 68
is_linear=0
shrinkage=0.05


Tree=305
num_leaves=6
num_cat=0
split_feature=24 1 1 28 24
split_gain=0.326305 0.502726 0.595158 0.739373 0.749312
threshold=0.026022165992401817 -0.037387331153708063 -0.0059488195014369407 0.030355154475230076 0.0019046647635662108
decision_type=2 2 2 2 2
left_child=1 -1 -3 4 -4
right_child=-2 2 3 -5 -6
leaf_value=-0.015492062906345836 0.011781744222914423 0.016359834797490924 0.0016791974371181695 0.012278340972124185 -0.01516385520258029
leaf_weight=5.487149402499198 5.3223060220479956 5.2359548993408671 15.316896419972183 7.3836813643574706 11.607376821339129
leaf_count=25 27 32 75 35 56
internal_value=7.39774e-05 -0.00130979 0.00065816 -0.00173817 -0.00558204
internal_weight=50.3534 45.0311 39.5439 34.308 26.9243
internal_count=250 223 198 166 131
is_linear=0
shrinkage=0.05


Tree=306
num_leaves=7
num_cat=0
split_feature=20 14 15 14 21 16
split_gain=0.318432 0.920793 0.629056 0.624547 0.747094 0.768233
threshold=0.088356501377166899 0.5123331456651935 0.059023398801951926 0.45947659281156356 0.0020307765680508409 0.028995256098771151
decision_type=2 2 2 2 2 2
left_child=2 -2 3 -1 5 -5
right_child=1 -3 -4 4 -6 -7
leaf_value=-0.018281624576800642 -0.030926817963837974 0.0020797634400020063 0.015892682088233769 0.0023118292106587227 0.015261479573775492 -0.02023443468799466
leaf_weight=4.4585727304220191 3.0476587824523431 6.8899754881858826 6.7321819588541976 15.893420137465005 7.603161707520484 4.9564381614327422
leaf_count=27 19 34 30 72 39 29
internal_value=-3.9425e-05 -0.00804265 0.00196677 -0.000881826 0.00184471 -0.00304788
internal_weight=49.5814 9.93763 39.6438 32.9116 28.453 20.8499
internal_count=250 53 197 167 140 101
is_linear=0
shrinkage=0.05


Tree=307
num_leaves=11
num_cat=0
split_feature=12 24 24 14 23 3 23 0 18 8
split_gain=0.19954 0.214039 0.172206 0.396032 0.186406 8.02041e-06 6.26519e-06 5.22334e-06 5.95943e-07 8.62422e-08
threshold=0.094757459096297833 -0.01645309018349694 -0.014431264418244492 0.61987951204463421 0.0085765641708744917 -0.056421398442117791 0.012205976298980794 -0.01695203042326265 -0.82799372523253945 0.052170408234177325
decision_type=2 2 2 2 2 2 2 2 2 2
left_child=1 5 -3 7 -5 -1 8 -4 -2 -10
right_child=6 2 3 4 -6 -7 -8 -9 9 -11
leaf_value=-0.034156726890276476 -0.033614748482321093 0.03340868310226118 -0.033878240521529268 -0.002199616645013103 0.034162688168222481 -0.03366105847801678 -0.033932428570266758 -0.033567348872248631 -0.033468843919236081 -0.033402845727424038
leaf_weight=0.15033278637565672 0.069401128799654543 0.56172838760539989 0.23092581948731161 0.69971278903540202 0.71015978325158358 0.17853364261100146 0.10786758625181392 0.32559683872386669 0.1498337112716398 0.073918545618653297
leaf_count=8 8 6 17 33 11 32 9 53 37 36
internal_value=-0.000578813 0.00405713 0.00899311 0.00201846 0.0161163 -0.0338876 -0.0336066 -0.0336964 -0.0334867 -0.033447
internal_weight=3.25801 2.85699 2.52812 1.9664 1.40987 0.328866 0.401021 0.556523 0.293153 0.223752
internal_count=250 160 120 114 44 40 90 70 81 73
is_linear=0
shrinkage=0.05


Tree=308
num_leaves=9
num_cat=0
split_feature=20 16 20 26 4 19 18 18
split_gain=0.323635 0.703052 0.532354 0.711854 0.71944 1.09755 0.671448 0.667746
threshold=0.088356501377166899 0.033067663556618637 -0.0026693760831497655 0.011993423042672148 0.012768733164292672 -1.0000000180025095e-35 -0.23987546240394816 -0.2558937876500717
decision_type=2 2 2 2 2 2 2 2
left_child=2 -2 3 4 -1 -6 -5 -4
right_child=1 -3 7 6 5 -7 -8 -9
leaf_value=0.012664548374679813 -0.0027419482176595442 0.02412789928458103 -0.00020949358762844205 0.0011690919411609416 -0.026500206713828259 0.0080748316792653135 0.023826665876276035 -0.023192750364753479
leaf_weight=3.6759384945035007 6.0552520155906659 4.0711906924843788 7.1674147434532642 8.3723696395754796 6.0126794762909368 3.7125270590186146 5.3652231581509104 5.6527307704091054
leaf_count=16 33 20 38 38 31 20 27 27
internal_value=7.66796e-05 0.00806069 -0.00194664 0.00201993 -0.00617896 -0.0133014 0.010018 -0.0103434
internal_weight=50.0853 10.1264 39.9589 27.1387 13.4011 9.72521 13.7376 12.8201
internal_count=250 53 197 132 67 51 65 65
is_linear=0
shrinkage=0.05


Tree=309
num_leaves=7
num_cat=0
split_feature=30 20 28 28 28 6
split_gain=0.32524 0.682395 0.498249 0.81967 0.768321 0.915215
threshold=-0.01322337341609031 0.088356501377166899 -0.018494661262625275 -0.037891354757429212 -0.0056053388432018561 0.98532698012708131
decision_type=2 2 2 2 2 2
left_child=-1 2 3 -2 -4 -6
right_child=1 -3 4 -5 5 -7
leaf_value=0.0099111024893335509 -0.0024379283615833924 -0.019228833077219856 -0.016859639374332672 0.027973096960491807 0.014796020851065537 -0.0063941294357533658
leaf_weight=7.0446952357888213 5.0693287923932076 4.9040116779506198 7.1190829575061789 3.9361800104379636 8.5218101553618961 12.673962533473967
leaf_count=36 25 26 37 20 42 64
internal_value=-3.45955e-05 -0.00169393 0.000610209 0.0108543 -0.00264791 0.00212542
internal_weight=49.2691 42.2244 37.3204 9.00551 28.3149 21.1958
internal_count=250 214 188 45 143 106
is_linear=0
shrinkage=0.05


Tree=310
num_leaves=12
num_cat=0
split_feature=19 27 27 5 18 21 25 3 6 23 25
split_gain=0.191458 0.195167 0.185634 0.290949 0.122083 4.05093e-06 1.26564e-06 3.43865e-07 2.71161e-07 1.98939e-07 1.13831e-08
threshold=0.011424485563714228 -0.0073145777874613618 -0.0062363175374047777 0.017217289075567663 -0.73922820907774223 0.0027557726860134584 -0.023137800489974488 0.08064634327304944 0.99901229192859031 0.00081516680707138811 0.0043825540775941372
decision_type=2 2 2 2 2 2 2 2 2 2 2
left_child=1 5 -3 -4 -5 9 -2 8 -8 -1 -9
right_child=6 2 3 4 -6 -7 7 10 -10 -11 -12
leaf_value=-0.033407421290797448 -0.033715008868113322 0.03645047359781748 -0.034027242426802363 0.024601321189134058 -0.0035699363980711443 -0.033832486949956456 -0.03346339208440284 -0.033417497872252649 -0.033573573050963083 -0.033526104475834602 -0.033382532041417445
leaf_weight=0.069156035664492133 0.070848342496901751 0.48213934968225758 0.43981895560864281 0.86173895793035693 0.69453192921355278 0.1655740630812943 0.11962388153187919 0.048057540436275303 0.10472946066875011 0.072141989949159324 0.045138692541513592
leaf_count=29 6 5 36 12 46 11 33 17 15 13 27
internal_value=-0.000637311 0.00394891 0.00860649 0.00188101 0.0120291 -0.0336647 -0.0335239 -0.0334813 -0.0335148 -0.033468 -0.0334006
internal_weight=3.1735 2.7851 2.47823 1.99609 1.55627 0.306872 0.388398 0.31755 0.224353 0.141298 0.0931962
internal_count=250 152 99 94 58 53 98 92 48 42 44
is_linear=0
shrinkage=0.05


Tree=311
num_leaves=9
num_cat=0
split_feature=6 6 0 14 6 1 5 27
split_gain=0.309735 0.605571 0.862216 0.701417 0.585402 0.749269 0.687744 0.460826
threshold=1.0309105536361274 1.23249633836537 0.006354026024499416 0.95917700938871298 0.75637751874617609 0.0074115308530028354 0.016244102895053441 0.0052541965779281394
decision_type=2 2 2 2 2 2 2 2
left_child=4 2 -2 -4 -1 6 -6 -7
right_child=1 -3 3 -5 5 7 -8 -9
leaf_value=0.0094047096945424416 0.028591982868432838 -0.0069775933942482493 -0.0095736178787625692 0.01627061478247948 0.015021959073668859 -0.0067062239746535808 -0.011427911664106989 -0.027633354040142846
leaf_weight=6.5853838808834579 4.4820540994405773 7.7625668868422499 5.6585592031478864 4.8977205604314804 5.0599074736237544 5.3387011513113958 4.7787209376692772 5.1859737113118172
leaf_count=33 28 37 27 23 29 26 21 26
internal_value=7.4915e-05 0.00436399 0.0102183 0.00241714 -0.00355401 -0.00774479 0.00217499 -0.0170179
internal_weight=49.7496 22.8009 15.0383 10.5563 26.9487 20.3633 9.83863 10.5247
internal_count=250 115 78 50 135 102 50 52
is_linear=0
shrinkage=0.05


Tree=312
num_leaves=7
num_cat=0
split_feature=32 5 25 14 26 23
split_gain=0.333304 0.915484 0.871073 0.507693 0.634391 0.726143
threshold=-0.44808815786432149 0.053610340431897309 0.0011382053501360902 0.97300661240273612 -0.028679364055228192 0.0053002131135493355
decision_type=2 2 2 2 2 2
left_child=2 3 -1 4 -2 -6
right_child=1 -3 -4 -5 5 -7
leaf_value=-0.0046882633022157609 0.014724582180040342 -0.024007299311425943 0.023135949755826446 0.015812133702731664 -0.00031948442776439322 -0.020557089748833655
leaf_weight=6.4586447402834875 4.7296448722481719 4.3069949373602858 4.9831032231450081 4.6515256687998763 17.926188841462142 5.8884317912161341
leaf_count=29 23 20 25 22 94 37
internal_value=-4.0329e-05 -0.00231937 0.00742972 0.000494534 -0.0020016 -0.00532346
internal_weight=48.9445 37.5028 11.4417 33.1958 28.5443 23.8146
internal_count=250 196 54 176 154 131
is_linear=0
shrinkage=0.05


Tree=313
num_leaves=11
num_cat=0
split_feature=12 24 24 14 23 3 23 0 18 8
split_gain=0.189672 0.204463 0.160629 0.370439 0.168815 7.36551e-06 5.44196e-06 3.98697e-06 4.83132e-07 6.99909e-08
threshold=0.094757459096297833 -0.01645309018349694 -0.014431264418244492 0.61987951204463421 0.0085765641708744917 -0.056421398442117791 0.012205976298980794 -0.01695203042326265 -0.82799372523253945 0.052170408234177325
decision_type=2 2 2 2 2 2 2 2 2 2
left_child=1 5 -3 7 -5 -1 8 -4 -2 -10
right_child=6 2 3 4 -6 -7 -8 -9 9 -11
leaf_value=-0.03413558722917822 -0.033597070791955584 0.032977189144173559 -0.033835369658328798 -0.0016771213866885128 0.033608310360382997 -0.033648955846960225 -0.033905014276089322 -0.033554481715816979 -0.033461462848687562 -0.033400386209081888
leaf_weight=0.14420241350308061 0.065000490518286824 0.54471982293762367 0.21472372836433418 0.67997631256002911 0.67590905097313225 0.16875408450141627 0.10204534768126905 0.3068948438740321 0.14160065370379005 0.070141144096851349
leaf_count=8 8 6 17 33 11 32 9 53 37 36
internal_value=-0.0004333 0.00415888 0.00907271 0.00213731 0.0159127 -0.0338732 -0.0335929 -0.0336701 -0.0334778 -0.0334412
internal_weight=3.11397 2.73518 2.42222 1.8775 1.35589 0.312956 0.378788 0.521619 0.276742 0.211742
internal_count=250 160 120 114 44 40 90 70 81 73
is_linear=0
shrinkage=0.05


Tree=314
num_leaves=9
num_cat=0
split_feature=32 5 25 25 32 17 28 28
split_gain=0.323895 0.964543 0.929928 0.525853 1.76508 0.968381 1.05392 0.999308
threshold=-0.44808815786432149 0.053610340431897309 0.0011382053501360902 -0.0028790390695633823 -0.21158971715261238 0.0036300672447236418 -0.0044504972991431515 -0.015216044620010359
decision_type=2 2 2 2 2 2 2 2
left_child=2 3 -1 4 -2 6 -5 -7
right_child=1 -3 -4 5 -6 7 -8 -9
leaf_value=0.0052076344452588394 0.015033985117100863 0.024442866466590371 -0.02335428402320305 0.027987716813219245 -0.029031022394242691 -0.026980824102900397 -0.0016425356932409951 0.0034985079663742676
leaf_weight=6.5359598547220212 3.9002969935536385 4.3549837097525588 5.053005263209343 6.0921900346875146 5.4454191029071755 4.0310048684477797 5.9147098138928511 8.0791161581873876
leaf_count=29 25 20 25 36 29 20 29 37
internal_value=6.72614e-05 0.00230833 -0.0072459 -0.000572359 -0.0106411 0.00332945 0.0133916 -0.00664692
internal_weight=49.4067 37.8177 11.589 33.4627 9.34572 24.117 12.0069 12.1101
internal_count=250 196 54 176 54 122 65 57
is_linear=0
shrinkage=0.05


Tree=315
num_leaves=8
num_cat=0
split_feature=2 31 28 17 30 30 29
split_gain=0.325399 0.81383 0.573272 1.08417 0.957737 1.04724 0.563286
threshold=0.12844341958276875 -0.29482026384589571 0.027411814453044085 0.0013964580941816242 0.0060549121341574317 -0.0041316099889173166 0.003175188418431341
decision_type=2 2 2 2 2 2 2
left_child=1 -1 4 -4 5 -3 -6
right_child=-2 2 3 -5 6 -7 -8
leaf_value=-0.016737813229795895 0.0090658309866119106 -5.2246309124346605e-05 0.02839714070811631 -0.0063255793496712377 -0.0029100012107901359 -0.030368824372499027 0.018680260531889033
leaf_weight=7.4987537674605838 8.1724136024713498 6.7992277704179243 4.8314211741089803 4.2043488770723343 6.3877803646028024 4.9024640619754853 5.7317876406013966
leaf_count=38 39 39 24 22 33 29 26
internal_value=-3.24323e-05 -0.00187491 0.00151715 0.0122406 -0.00255043 -0.0127535 0.00730082
internal_weight=48.5282 40.3558 32.857 9.03577 23.8213 11.7017 12.1196
internal_count=250 211 173 46 127 68 59
is_linear=0
shrinkage=0.05


Tree=316
num_leaves=12
num_cat=0
split_feature=26 26 29 0 25 18 25 21 6 16 14
split_gain=0.181446 0.201532 0.145246 0.319162 2.10792e-05 3.7881e-06 2.94525e-06 5.1952e-07 2.04093e-07 1.72622e-07 4.29436e-08
threshold=0.023323893851323056 -0.016121076442306089 0.0055267861700197827 -0.012865413414604008 -0.0037680398937900423 -0.82799372523253945 -0.018018837677260809 0.00345933293059475 0.62987424756518273 0.030313700405156022 0.85376332448027881
decision_type=2 2 2 2 2 2 2 2 2 2 2
left_child=1 6 3 -3 -5 -2 -1 8 -7 -8 -10
right_child=5 2 -4 4 -6 7 9 -9 10 -11 -12
leaf_value=-0.033789039179005123 -0.033836247055939413 0.016709780584559488 0.023300034849385563 -0.03434133094449017 -0.033676495739255623 -0.033534811184178698 -0.033436016819663628 -0.033597318909490803 -0.033436114347960726 -0.033535403329932191 -0.033381689122047489
leaf_weight=0.13840977154904976 0.10665702819824219 0.85054262494668431 1.0102375710848717 0.20507117337547309 0.28480470465728902 0.042758332914672681 0.096706740208902242 0.071215878240764141 0.077180224470794201 0.079693501116707921 0.068334093492012471
leaf_count=12 9 21 22 12 51 8 29 9 22 16 39
internal_value=-0.00058141 0.00395223 0.00898358 -0.00180635 -0.0339548 -0.0335854 -0.0336164 -0.0334823 -0.0334388 -0.0334809 -0.0334106
internal_weight=3.03161 2.66547 2.35066 1.34042 0.489876 0.366146 0.31481 0.259489 0.188273 0.1764 0.145514
internal_count=250 163 106 84 63 87 57 78 69 45 61
is_linear=0
shrinkage=0.05


Tree=317
num_leaves=8
num_cat=0
split_feature=9 14 16 26 31 2 29
split_gain=0.306191 0.640237 0.690917 0.908598 0.803274 0.66541 0.52413
threshold=83.080274963378926 0.45947659281156356 0.033067663556618637 -0.005741679462094417 0.2028276526060048 0.11683330567071916 0.0010278688378831948
decision_type=2 2 2 2 2 2 2
left_child=1 6 3 -3 -5 -4 -1
right_child=-2 2 5 4 -6 -7 -8
leaf_value=0.031535958221699432 -0.009981736398316501 -0.020577023117587342 0.027637875024293209 -0.0058949843977077537 0.015390598523282801 -0.0016411403542783008 0.0031768434051043523
leaf_weight=2.9659581743180743 6.5631157979369155 6.7994360439479342 3.6721239835023871 14.930222790688282 6.3037171587347975 4.1151237860321999 3.6151737496256828
leaf_count=21 31 31 21 73 33 20 20
internal_value=6.81404e-05 0.0016237 -0.00100979 -0.00466971 0.000424064 0.0121656 0.0159576
internal_weight=48.9649 42.4018 35.8206 28.0334 21.2339 7.78725 6.58113
internal_count=250 219 178 137 106 41 41
is_linear=0
shrinkage=0.05


Tree=318
num_leaves=8
num_cat=0
split_feature=28 12 19 20 11 20 27
split_gain=0.328242 0.459092 0.552174 1.02856 0.875381 0.685497 0.548558
threshold=0.098565230738145729 -0.010448335123243084 0.03084171737534214 -0.039594974019638011 37.503110084533695 -0.0026693760831497655 0.011857323039244696
decision_type=2 2 2 2 2 2 2
left_child=1 -1 3 4 -3 -5 -4
right_child=-2 2 6 5 -6 -7 -8
leaf_value=-0.016160455820908113 0.012939497429863415 0.016834525116708805 0.0012369242336865492 -0.027999663519878232 -0.0084259319787673079 -0.0048062991197617188 0.024350397748562329
leaf_weight=4.6744835153222075 4.4241588041186324 8.1960801482200605 6.8009404726326448 4.8766432628035519 5.8975449986755839 9.1882769502699411 4.1234425008296967
leaf_count=28 21 36 38 25 32 51 19
internal_value=-3.93689e-05 -0.00135162 0.000419583 -0.00328217 0.00626417 -0.012848 0.00996118
internal_weight=48.1816 43.7574 39.0829 28.1585 14.0936 14.0649 10.9244
internal_count=250 229 201 144 68 76 57
is_linear=0
shrinkage=0.05


Tree=319
num_leaves=10
num_cat=0
split_feature=2 24 29 0 25 3 24 24 26
split_gain=0.181553 0.197301 0.149492 0.342193 2.43985e-05 6.16159e-06 5.67582e-06 4.32799e-07 6.10565e-08
threshold=0.077523004792089636 -0.01645309018349694 0.0055267861700197827 -0.014162892182731033 -0.0028790390695633823 -0.056421398442117791 0.005796248179469444 0.00095079554912336228 0.025141671794802759
decision_type=2 2 2 2 2 2 2 2 2
left_child=1 5 3 -3 -5 -1 7 8 -2
right_child=6 2 -4 4 -6 -7 -8 -9 -10
leaf_value=-0.03407548290495211 -0.033468011783920247 0.018231641673379012 0.023908976804073695 -0.034227356272207334 -0.033531077811060968 -0.033622004529267085 -0.033892853541682436 -0.033582931958388164 -0.033394472681092552
leaf_weight=0.13502796110697091 0.057971940259449073 0.81921227544080544 0.97863352193962772 0.22057433100417334 0.29287226102314756 0.16823411075165573 0.16684910329058766 0.082338454783894122 0.055006263079121709
leaf_count=8 13 27 29 16 58 34 24 13 28
internal_value=-0.00050091 0.00409485 0.00907013 -0.00182673 -0.0338302 -0.0338239 -0.0336787 -0.0334957 -0.0334322
internal_weight=2.97672 2.61455 2.31129 1.33266 0.513447 0.303262 0.362166 0.195317 0.112978
internal_count=250 172 130 101 74 42 78 54 41
is_linear=0
shrinkage=0.05


Tree=320
num_leaves=6
num_cat=0
split_feature=24 1 1 28 2
split_gain=0.302602 0.463425 0.54441 0.661951 0.701586
threshold=0.026022165992401817 -0.037387331153708063 -0.0059488195014369407 0.030355154475230076 0.093194240508503126
decision_type=2 2 2 2 2
left_child=1 -1 -3 4 -4
right_child=-2 2 3 -5 -6
leaf_value=-0.015155298547364325 0.011576381878393481 0.016005296325711741 9.8889974969647125e-05 0.011797260423822238 -0.017666178919320284
leaf_weight=5.2882374525070182 5.1127900332212439 5.0075422376394263 18.029914233833555 7.1495861150324336 8.0340278074145299
leaf_count=25 27 32 92 35 39
internal_value=6.96787e-05 -0.00128248 0.000636956 -0.0016801 -0.00537707
internal_weight=48.6221 43.5093 38.2211 33.2135 26.0639
internal_count=250 223 198 166 131
is_linear=0
shrinkage=0.05


Tree=321
num_leaves=10
num_cat=0
split_feature=28 34 18 1 34 21 10 25 13
split_gain=0.315756 0.43217 0.865745 0.66998 1.11783 0.919735 1.40417 0.893209 0.869444
threshold=0.098565230738145729 0.21098182819299641 -0.37531982137405884 0.040730909693651791 2.3234198556930066 -0.00020306890686949683 0.018837847057645175 0.0089422337438602745 54.841443211755049
decision_type=2 2 2 2 2 2 2 2 2
left_child=1 2 -1 5 7 6 -3 -5 -7
right_child=-2 3 -4 4 -6 8 -8 -9 -10
leaf_value=-0.029112596308600719 0.012702039187395063 -0.030237569323031878 0.0018833672029128106 -0.034252370395771524 0.0098644772293294217 0.032131875221138098 0.010255004106821793 -0.0006654478944678983 0.0043573673014290822
leaf_weight=3.8327855654060841 4.4122704565525046 3.4202615395188314 5.464840676635502 4.4501370415091497 5.5597325637936583 4.9628916904330271 5.7239523679018021 3.5654502660036087 6.5185360014438629
leaf_count=22 21 20 29 27 27 24 28 17 35
internal_value=-4.28354e-05 -0.00133561 -0.0108942 0.00126292 -0.00736311 0.00694036 -0.00489066 -0.0193124 0.016363
internal_weight=47.9109 43.4986 9.29763 34.201 13.5753 20.6256 9.14421 8.01559 11.4814
internal_count=250 229 51 178 71 107 48 44 59
is_linear=0
shrinkage=0.05


Tree=322
num_leaves=10
num_cat=0
split_feature=2 24 29 0 25 3 24 24 26
split_gain=0.17577 0.189795 0.141895 0.32658 2.14117e-05 5.65459e-06 4.95452e-06 3.87527e-07 5.66329e-08
threshold=0.077523004792089636 -0.01645309018349694 0.0055267861700197827 -0.014162892182731033 -0.0028790390695633823 -0.056421398442117791 0.005796248179469444 0.00095079554912336228 0.025141671794802759
decision_type=2 2 2 2 2 2 2 2 2
left_child=1 5 3 -3 -5 -1 7 8 -2
right_child=6 2 -4 4 -6 -7 -8 -9 -10
leaf_value=-0.034051671110830253 -0.033464790289849444 0.017726835737729794 0.023461186226165661 -0.034189043065505957 -0.033524356697368286 -0.033609509828881244 -0.033868383510192702 -0.033574799316818255 -0.033392933379881765
leaf_weight=0.13080567470751703 0.056480398168787249 0.81225279392674643 0.97048622695729125 0.21224787959363389 0.28231905488064379 0.16168147156713608 0.16053567850030959 0.079615023045334965 0.053293206379748881
leaf_count=8 13 27 29 16 58 34 24 13 28
internal_value=-0.000418444 0.00410855 0.00897829 -0.00177717 -0.0338096 -0.0338073 -0.033664 -0.0334908 -0.0334299
internal_weight=2.91972 2.56979 2.27731 1.30682 0.494567 0.292487 0.349924 0.189389 0.109774
internal_count=250 172 130 101 74 42 78 54 41
is_linear=0
shrinkage=0.05


Tree=323
num_leaves=9
num_cat=0
split_feature=20 2 5 33 1 11 12 17
split_gain=0.296609 0.677278 0.496761 1.18752 0.630399 0.75492 0.84663 0.527819
threshold=0.088356501377166899 0.023423037756275415 0.030155189897340628 0.97500000000000009 -0.0077560588602263994 37.503110084533695 0.16108578341038443 1.0000000180025095e-35
decision_type=2 2 2 2 2 2 2 2
left_child=2 -2 4 -4 -1 7 -7 -6
right_child=1 -3 3 -5 5 6 -8 -9
leaf_value=0.025080764352850185 0.023164964727763145 -0.0034786458340302926 -0.023012139982367286 0.0055478469065789841 -0.017963130687591807 0.023566259205649656 -0.0063939531272381089 0.0034811331214873228
leaf_weight=2.742182031273841 4.1511117294430715 5.6067449375987053 7.5173220820724946 7.056059293448925 6.7680030614137703 5.2343919128179532 4.2910323143005371 4.9815387576818466
leaf_count=17 26 27 39 35 30 31 21 24
internal_value=6.77173e-05 0.00785587 -0.00190157 -0.00918412 0.00251742 -0.000390823 0.0100697 -0.00887125
internal_weight=48.3484 9.75786 38.5905 14.5734 24.0171 21.275 9.52542 11.7495
internal_count=250 53 197 74 123 106 52 54
is_linear=0
shrinkage=0.05


Tree=324
num_leaves=8
num_cat=0
split_feature=9 16 2 31 14 19 13
split_gain=0.308904 0.624456 0.945254 0.902177 0.584765 0.690924 0.910558
threshold=83.080274963378926 0.028828211625034249 0.12844341958276875 -0.14118161075436592 0.45947659281156356 0.02074166080827811 51.892607802561741
decision_type=2 2 2 2 2 2 2
left_child=1 4 3 -3 -1 6 -6
right_child=-2 2 -4 -5 5 -7 -8
leaf_value=-0.014338911664328553 0.010250273383502593 -0.040848087480537205 0.0066718822123860841 -0.0043064731707527721 0.020694490000630068 0.018786487979743183 -0.0057863288175410326
leaf_weight=4.5846520252525833 6.3092156946659079 3.5405285656452179 4.2487865164875984 3.2301147580146772 4.1780370026826921 6.7403615415096274 14.556276716291903
leaf_count=30 31 22 21 20 19 33 74
internal_value=-5.04747e-05 -0.00163255 -0.0118143 -0.0234149 0.00209997 0.00505846 0.000119297
internal_weight=47.388 41.0788 11.0194 6.77064 30.0593 25.4747 18.7343
internal_count=250 219 63 42 156 126 93
is_linear=0
shrinkage=0.05


Tree=325
num_leaves=9
num_cat=0
split_feature=27 27 18 24 22 21 6 25
split_gain=0.173429 0.209219 0.272401 0.223744 1.04693e-05 3.94665e-06 2.28932e-07 3.13188e-08
threshold=-0.0073145777874613618 -0.0062363175374047777 -0.75735966557968848 -0.014431264418244492 -0.0088869590342973686 0.0027557726860134584 0.80106905984770349 -0.0016703033581055291
decision_type=2 2 2 2 2 2 2 2
left_child=5 -2 -3 -4 -5 6 -1 -8
right_child=1 2 3 4 -6 -7 7 -9
leaf_value=-0.033534192490651898 0.03569231787161211 0.019048206891600066 0.010886388768523795 -0.034187752346322313 -0.033699381168347822 -0.033795227423298803 -0.033444309639056195 -0.033394063996788861
leaf_weight=0.061297590727918183 0.43744589679408896 0.86780818924307901 0.43908686761278737 0.13231825199909586 0.64305331226205187 0.15660503809340298 0.055698839772958308 0.069976527651306242
leaf_count=14 6 22 25 13 103 12 17 38
internal_value=-0.000285728 0.00425825 -0.00234547 -0.0176326 -0.0337827 -0.0336101 -0.033455 -0.0334163
internal_weight=2.86329 2.51971 2.08227 1.21446 0.775372 0.343578 0.186973 0.125675
internal_count=250 169 163 141 116 81 69 55
is_linear=0
shrinkage=0.05


Tree=326
num_leaves=7
num_cat=0
split_feature=9 19 27 32 7 27
split_gain=0.299536 0.588089 0.655241 0.860892 0.7686 1.08229
threshold=83.080274963378926 -0.071780892959792661 -0.011907369765761287 -0.23513557367882981 62.272050285339368 0.00076366770152147556
decision_type=2 2 2 2 2 2
left_child=1 -1 3 -3 5 -4
right_child=-2 2 4 -5 -6 -7
leaf_value=0.017589578397308018 -0.0099959325907656507 0.0057620106911593734 0.014008029304160428 -0.025719553518449723 0.019523637424056717 -0.0093242201465802213
leaf_weight=5.0623345561325541 6.4046015515923491 3.7654663249850273 7.6903605386614862 5.1302455961704236 5.7226647436618796 14.051299523562191
leaf_count=30 31 24 40 24 29 72
internal_value=6.71172e-05 0.00162304 -0.000599954 -0.0123937 0.00322005 -0.00107124
internal_weight=47.827 41.4224 36.36 8.89571 27.4643 21.7417
internal_count=250 219 189 48 141 112
is_linear=0
shrinkage=0.05


Tree=327
num_leaves=10
num_cat=0
split_feature=28 34 18 1 34 25 21 23 13
split_gain=0.30443 0.421999 0.795107 0.631132 1.04294 0.87049 0.839302 1.10204 0.802009
threshold=0.098565230738145729 0.21098182819299641 -0.37531982137405884 0.040730909693651791 2.3234198556930066 0.0089422337438602745 -0.00020306890686949683 -0.0052549473674376448 54.841443211755049
decision_type=2 2 2 2 2 2 2 2 2
left_child=1 2 -1 6 5 -5 7 -3 -8
right_child=-2 3 -4 4 -6 -7 8 -9 -10
leaf_value=-0.028552846953606416 0.012566315191700192 0.010846279408427431 0.0014546592971630481 -0.033960491501159942 0.0094968151349144551 -0.00043877934403533633 0.031314415036506504 -0.024466928826253287 0.004356869121533693
leaf_weight=3.7466144897043705 4.3387442827224723 5.055871494114399 5.3737974911928159 4.3151041530072671 5.4982151612639427 3.5135666504502296 4.8270816393196601 3.9241112619638425 6.4399808198213577
leaf_count=22 21 25 29 27 27 17 24 23 35
internal_value=-5.24058e-05 -0.00133476 -0.0108723 0.00125611 -0.00719367 -0.0189157 0.00681788 -0.00458504 0.0159061
internal_weight=47.0331 42.6943 9.12041 33.5739 13.3269 7.82867 20.247 8.97998 11.2671
internal_count=250 229 51 178 71 44 107 48 59
is_linear=0
shrinkage=0.05


Tree=328
num_leaves=12
num_cat=0
split_feature=26 26 21 32 25 25 25 18 21 16 3
split_gain=0.167256 0.186202 0.123582 0.240297 0.141561 3.17761e-06 2.24811e-06 6.0965e-07 1.69504e-07 1.19246e-07 1.75397e-08
threshold=0.023323893851323056 -0.016121076442306089 0.0052549291488704917 -0.33635540217976251 -0.013357536330666551 -0.013357536330666551 -0.018018837677260809 -0.80447055597681261 0.001428650189670311 0.030313700405156022 0.013404162989009817
decision_type=2 2 2 2 2 2 2 2 2 2 2
left_child=1 6 3 -3 -5 -2 -1 -7 10 -8 -9
right_child=5 2 -4 4 -6 7 9 8 -10 -11 -12
leaf_value=-0.033747381267790533 -0.033887626220839746 -0.033864033021594395 0.029914908621286641 0.035435448962840538 0.00044755584109596201 -0.033600555257040525 -0.033427657713419268 -0.033414968427626035 -0.033489222775509739 -0.033514894095856701 -0.03337247509712328
leaf_weight=0.12981474597472697 0.061699848156422377 0.35827019321732301 0.54001188371330489 0.44008645741269059 0.84265178258647078 0.085576556972227991 0.087486113363412055 0.048389772651716956 0.088784633902832866 0.070935624127741903 0.048747586784884334
leaf_count=12 4 35 10 5 56 11 29 16 21 16 35
internal_value=-0.000311304 0.00417574 0.00916714 0.00233961 0.0124513 -0.0335637 -0.0335931 -0.0334901 -0.0334393 -0.0334667 -0.0333936
internal_weight=2.80246 2.46926 2.18102 1.64101 1.28274 0.333198 0.288236 0.271499 0.185922 0.158422 0.0971374
internal_count=250 163 106 96 61 87 57 83 72 45 51
is_linear=0
shrinkage=0.05


Tree=329
num_leaves=9
num_cat=0
split_feature=32 5 25 15 21 14 18 12
split_gain=0.279862 0.865012 0.813386 0.483795 0.881367 0.749809 0.72683 0.508853
threshold=-0.44808815786432149 0.053610340431897309 0.0011382053501360902 0.01572134429602708 -0.00081513905586688684 0.83380505554163886 -0.29524574965835632 0.069826108695435526
decision_type=2 2 2 2 2 2 2 2
left_child=2 3 -1 7 6 -6 -5 -2
right_child=1 -3 -4 4 5 -7 -8 -9
leaf_value=0.0049403220233545826 0.025649336060785594 0.023560937345333221 -0.022324555695184503 0.024162547765899701 -0.0036658265602155407 -0.027209731015069762 -0.0036759075814990268 -0.0015454483205668721
leaf_weight=6.3195350468158704 3.2215590476989737 4.191249579191207 4.8232210129499435 4.0681612901389599 10.663754116743805 4.9520994722843161 5.5344381108880025 3.6908105760812759
leaf_count=29 20 20 25 22 62 23 29 20
internal_value=7.03094e-05 0.00219682 -0.00686147 -0.000589988 -0.00380212 -0.0111321 0.00811791 0.0111289
internal_weight=47.4648 36.3221 11.1428 32.1308 25.2185 15.6159 9.6026 6.91237
internal_count=250 196 54 176 136 85 51 40
is_linear=0
shrinkage=0.05


Tree=330
num_leaves=6
num_cat=0
split_feature=32 19 14 18 25
split_gain=0.295455 0.49822 0.57937 0.633331 0.533342
threshold=-0.53835533779806688 -0.071780892959792661 0.35263440835164134 -0.70885250695959046 0.012133690496671014
decision_type=2 2 2 2 2
left_child=-1 -2 -3 -4 -5
right_child=1 2 3 4 -6
leaf_value=0.011504625906379514 -0.016328595911977224 -0.01780801435987751 0.017402031155505683 0.0030372537389516466 -0.014380282661453032
leaf_weight=4.944814544171094 4.9407201968133441 3.8344999551773062 6.0100398585200265 21.318676602095373 5.5365774258971205
leaf_count=24 30 25 30 113 28
internal_value=-5.04886e-05 -0.00142266 0.000584056 0.00272992 -0.000553609
internal_weight=46.5853 41.6405 36.6998 32.8653 26.8553
internal_count=250 226 196 171 141
is_linear=0
shrinkage=0.05


Tree=331
num_leaves=9
num_cat=0
split_feature=27 27 18 20 25 21 6 25
split_gain=0.162522 0.202131 0.247685 0.214941 1.14651e-05 3.33603e-06 1.93867e-07 2.90439e-08
threshold=-0.0073145777874613618 -0.0062363175374047777 -0.75735966557968848 -0.13373297955387745 -0.0037680398937900423 0.0027557726860134584 0.80106905984770349 -0.0016703033581055291
decision_type=2 2 2 2 2 2 2 2
left_child=5 -2 -3 -4 -5 6 -1 -8
right_child=1 2 3 4 -6 -7 7 -9
leaf_value=-0.033524973549766524 0.035514115876811865 0.018236372708828386 0.011008775235941898 -0.033960953171224738 -0.033565433095006161 -0.033771975088854357 -0.033440874204557436 -0.033391198153716654
leaf_weight=0.057752879976760929 0.42273581214249212 0.83321626391261849 0.42069805972278151 0.39779486082261462 0.33967906638281242 0.14724815217778087 0.05308924347627908 0.066007564950268716
leaf_count=14 6 22 24 33 84 12 17 38
internal_value=-0.000350634 0.0041126 -0.00255337 -0.01751 -0.0337788 -0.0335962 -0.0334498 -0.0334133
internal_weight=2.73822 2.41412 1.99139 1.15817 0.737474 0.324098 0.17685 0.119097
internal_count=250 169 163 141 117 81 69 55
is_linear=0
shrinkage=0.05


Tree=332
num_leaves=6
num_cat=0
split_feature=24 1 1 28 24
split_gain=0.288085 0.438575 0.495009 0.597694 0.637832
threshold=0.026022165992401817 -0.037387331153708063 -0.0059488195014369407 0.030355154475230076 0.0019046647635662108
decision_type=2 2 2 2 2
left_child=1 -1 -3 4 -4
right_child=-2 2 3 -5 -6
leaf_value=-0.014990825015412072 0.011483839111517525 0.015641815837725937 0.0017131555872826128 0.011440866580875571 -0.014340337846886753
leaf_weight=5.116933360695838 4.9470080435276023 4.7798372916877261 14.443031135946514 6.8988998234271994 10.824664466083048
leaf_count=25 27 32 75 35 56
internal_value=7.04554e-05 -0.00127186 0.000628167 -0.00160281 -0.00516415
internal_weight=47.0104 42.0634 36.9464 32.1666 25.2677
internal_count=250 223 198 166 131
is_linear=0
shrinkage=0.05


Tree=333
num_leaves=6
num_cat=0
split_feature=21 21 23 28 32
split_gain=0.3106 0.626601 0.672304 0.864477 0.801219
threshold=-0.0054904455152217637 -0.0031141991286803834 -0.0098002246374394569 0.066840595175304621 -0.22502480801797856
decision_type=2 2 2 2 2
left_child=-1 -2 -3 4 -4
right_child=1 2 3 -5 -6
leaf_value=0.01166241820306748 -0.017890902833031446 0.018832713727542957 -0.013622487588531141 0.016661170257924563 0.0038357513516074325
leaf_weight=5.04613023251295 5.0978778749704352 4.5372140780091277 14.036602053791286 5.310561276972293 12.357748843729498
leaf_count=27 27 24 78 27 67
internal_value=-4.828e-05 -0.00147774 0.000830968 -0.00174522 -0.0054486
internal_weight=46.3861 41.34 36.2421 31.7049 26.3944
internal_count=250 223 196 172 145
is_linear=0
shrinkage=0.05


Tree=334
num_leaves=11
num_cat=0
split_feature=26 30 18 27 23 25 25 18 21 3
split_gain=0.158544 0.169672 0.155127 0.232541 0.129814 6.52647e-06 2.73842e-06 5.66602e-07 1.48011e-07 1.48697e-08
threshold=0.023323893851323056 -0.0092962117947977246 -0.73922820907774223 0.0052541965779281394 0.012205976298980794 -0.0037680398937900423 -0.013357536330666551 -0.80447055597681261 0.001428650189670311 0.013404162989009817
decision_type=2 2 2 2 2 2 2 2 2 2
left_child=1 -1 -3 4 -4 -5 -2 -8 9 -9
right_child=6 2 3 5 -6 -7 7 8 -10 -11
leaf_value=-0.033774322223831657 -0.033864121294853215 0.028299582437749677 -0.0030589451244674346 -0.034083043044556421 0.033040250664456032 -0.033669666172505615 -0.033593306813703205 -0.033410822824584685 -0.033482534745173431 -0.033370502921047616
leaf_weight=0.26270326701342206 0.05858496343716979 0.68888766248710531 0.60763801255961813 0.20276753231883049 0.42198996781371534 0.18046242813579727 0.082777658710256219 0.045595211209729203 0.083978236594703048 0.045872292859712616
leaf_count=39 4 11 61 15 7 30 11 16 21 35
internal_value=-0.000339832 0.00411068 0.00884603 -0.000639216 0.0117362 -0.0338884 -0.0335555 -0.0334855 -0.0334346 -0.0333906
internal_weight=2.68126 2.36445 2.10175 1.41286 1.02963 0.38323 0.316808 0.258223 0.175446 0.0914675
internal_count=250 163 124 113 68 45 87 83 72 51
is_linear=0
shrinkage=0.05


Tree=335
num_leaves=9
num_cat=0
split_feature=20 2 5 33 11 1 12 23
split_gain=0.283701 0.624786 0.49906 1.10437 0.460967 0.848186 0.846576 0.457926
threshold=0.088356501377166899 0.023423037756275415 0.030155189897340628 0.97500000000000009 37.503110084533695 0.018007980806412752 0.166906297540414 -0.0038989786443754944
decision_type=2 2 2 2 2 2 2 2
left_child=2 -2 4 -4 5 7 -6 -1
right_child=1 -3 3 -5 6 -7 -8 -9
leaf_value=-0.0070696901047614773 0.022888193883289706 -0.0031327255602582394 -0.023011195231761497 0.0050646594108947627 0.022859663295126498 -0.018666853684139263 -0.0076794240330314697 0.016700077518034939
leaf_weight=3.485545869916673 3.9774892926216108 5.4923884943127632 7.1971158534288389 6.8231931999325752 5.8546045050024969 5.4202491268515578 3.7056666687130928 4.8395112082362237
leaf_count=16 26 27 39 35 36 25 18 28
internal_value=6.73287e-05 0.00779645 -0.00189361 -0.00934766 0.00259064 -0.00327388 0.0110224 0.00674812
internal_weight=46.7958 9.46988 37.3259 14.0203 23.3056 13.7453 9.56027 8.32506
internal_count=250 53 197 74 123 69 54 44
is_linear=0
shrinkage=0.05


Tree=336
num_leaves=7
num_cat=0
split_feature=21 21 13 34 30 23
split_gain=0.291505 0.594802 0.656134 0.60823 0.959328 0.911109
threshold=-0.0054904455152217637 -0.0031141991286803834 77.04088666412683 1.2235340710340743 0.0015518949250370453 1.0000000180025095e-35
decision_type=2 2 2 2 2 2
left_child=-1 -2 3 5 -5 -3
right_child=1 2 -4 4 -6 -7
leaf_value=0.011321099032249938 -0.017494908149054824 -0.0086095466073766828 0.019834676322827594 -0.030327204557610468 -0.00078961067140962619 0.013453430659846275
leaf_weight=5.0174227431416503 5.061224251985549 8.1514133736491257 4.025699093937873 3.9999861270189276 8.7886708043515664 10.985576922073959
leaf_count=27 27 47 20 22 51 56
internal_value=-5.49376e-05 -0.00144667 0.000812602 -0.00158601 -0.0100283 0.00405569
internal_weight=46.03 41.0126 35.9513 31.9256 12.7887 19.137
internal_count=250 223 196 176 73 103
is_linear=0
shrinkage=0.05


Tree=337
num_leaves=11
num_cat=0
split_feature=27 27 5 30 27 25 21 19 6 25
split_gain=0.156208 0.184584 0.232643 0.155959 0.10849 1.05968e-05 3.07087e-06 9.69592e-07 1.62539e-07 2.67463e-08
threshold=-0.0073145777874613618 -0.0062363175374047777 0.017217289075567663 -0.0092962117947977246 0.014228282603990563 -0.0037680398937900423 0.0027557726860134584 -0.012081906300309196 0.80106905984770349 -0.0016703033581055291
decision_type=2 2 2 2 2 2 2 2 2 2
left_child=6 -2 5 -4 -5 -3 8 -7 -1 -10
right_child=1 2 3 4 -6 7 -8 -9 9 -11
leaf_value=-0.033515260947043234 0.035136556433077969 -0.034041204544493213 -0.033732135181682048 -0.0019463342499315623 0.027368670630407679 -0.033678610144684699 -0.033760741753282773 -0.033459287574693929 -0.033437368045349018 -0.033388479650743062
leaf_weight=0.054839936725329941 0.39969843730796206 0.24061640736181289 0.19930607604328576 0.58601271669613131 0.68398385553155094 0.087773545295931399 0.14156363788060844 0.11832329758908544 0.050667167059145868 0.062469786877045408
leaf_count=14 6 16 32 47 21 11 12 36 17 38
internal_value=-0.000229705 0.00422944 -0.00221806 0.00738863 0.0138419 -0.0338158 -0.0335892 -0.0335527 -0.0334446 -0.0334104
internal_weight=2.62525 2.31571 1.91602 1.4693 1.27 0.446713 0.309541 0.206097 0.167977 0.113137
internal_count=250 169 163 100 68 63 81 47 69 55
is_linear=0
shrinkage=0.05


Tree=338
num_leaves=9
num_cat=0
split_feature=6 6 0 14 6 1 5 27
split_gain=0.279714 0.578179 0.752307 0.613923 0.53657 0.677549 0.614747 0.444643
threshold=1.0309105536361274 1.23249633836537 0.006354026024499416 0.95917700938871298 0.75637751874617609 0.0074115308530028354 0.016244102895053441 0.0052541965779281394
decision_type=2 2 2 2 2 2 2 2
left_child=4 2 -2 -4 -1 6 -6 -7
right_child=1 -3 3 -5 5 7 -8 -9
leaf_value=0.0094801930487854579 0.028113335780132288 -0.0071052880355342131 -0.0089604936368956715 0.016035554851703757 0.014795631172669183 -0.0063192359174190282 -0.011081591337812079 -0.027544984036954642
leaf_weight=6.0363412983715561 4.1416085958480862 7.3266843408346167 5.2558148428797704 4.6120524704456329 4.6960564963519591 5.0359213724732381 4.488995261490345 4.8373584374785423
leaf_count=33 28 37 27 23 29 26 21 26
internal_value=6.74511e-05 0.00427623 0.0102285 0.00272218 -0.00351097 -0.00762565 0.0021487 -0.0167187
internal_weight=46.4308 21.3362 14.0095 9.86787 25.0947 19.0583 9.18505 9.87328
internal_count=250 115 78 50 135 102 50 52
is_linear=0
shrinkage=0.05


Tree=339
num_leaves=8
num_cat=0
split_feature=23 3 21 6 25 32 10
split_gain=0.289229 1.11235 0.844545 0.785078 0.919711 1.0255 0.687859
threshold=0.0045796882368773781 0.08536160201534683 0.0022411371037304177 1.23249633836537 1.0000000180025095e-35 -0.1735390864362204 0.0023889962545694822
decision_type=2 2 2 2 2 2 2
left_child=2 6 3 4 -1 -6 -2
right_child=1 -3 -4 -5 5 -7 -8
leaf_value=-0.024495707782121082 -0.0068302420460857691 -0.022135891863482297 0.017870981483802027 0.016307697268924986 0.0097409009053869774 -0.018408752807211309 0.022347972921481014
leaf_weight=5.0997143127024271 4.5659855492413026 6.093449141830205 7.043300036340951 4.8100216388702384 9.5495750121772325 4.8932689651846824 3.6222400814294815
leaf_count=31 27 36 35 23 53 24 21
internal_value=-6.10488e-05 -0.00596015 0.0026224 -0.00178783 -0.00624169 0.000203733 0.00607738
internal_weight=45.6776 14.2817 31.3959 24.3526 19.5426 14.4428 8.18823
internal_count=250 84 166 131 108 77 48
is_linear=0
shrinkage=0.05


Tree=340
num_leaves=11
num_cat=0
split_feature=2 24 24 14 23 3 24 0 24 26
split_gain=0.153787 0.172799 0.122672 0.298665 0.118161 4.65328e-06 3.23896e-06 2.8728e-06 2.49224e-07 3.28713e-08
threshold=0.077523004792089636 -0.01645309018349694 -0.014431264418244492 0.61987951204463421 0.0085765641708744917 -0.056421398442117791 0.005796248179469444 -0.01695203042326265 0.00095079554912336228 0.02611721104091325
decision_type=2 2 2 2 2 2 2 2 2 2
left_child=1 5 -3 7 -5 -1 8 -4 9 -2
right_child=6 2 3 4 -6 -7 -8 -9 -10 -11
leaf_value=-0.034005832744225542 -0.033446094043205393 0.03123304640315902 -0.033776134758674692 -0.00061981031166667114 0.032110741245204542 -0.033583153151180295 -0.033799946078131776 -0.033509753564833197 -0.033544058701897292 -0.033386820254104582
leaf_weight=0.11915176617912948 0.050581700983457156 0.485412931535394 0.17179219616809926 0.54293305292958371 0.5603233294095844 0.14357641435344781 0.13943814137019217 0.24635905114700873 0.068491714017000049 0.043510146788321435
leaf_count=8 14 6 16 43 11 34 24 54 13 27
internal_value=-0.000104847 0.00435562 0.00934757 0.0023649 0.0160034 -0.0337748 -0.0336231 -0.0336192 -0.0334715 -0.0334187
internal_weight=2.57157 2.26955 2.00682 1.52141 1.10326 0.262728 0.302022 0.418151 0.162584 0.0940918
internal_count=250 172 130 124 54 42 78 70 54 41
is_linear=0
shrinkage=0.05


Tree=341
num_leaves=10
num_cat=0
split_feature=20 2 20 26 2 13 10 30 26
split_gain=0.277048 0.595035 0.459347 0.574332 0.661512 0.541642 0.553001 0.541036 0.291944
threshold=0.088356501377166899 0.023423037756275415 -0.0026693760831497655 0.011993423042672148 0.014016349009694619 46.473319123996383 0.055740057922406876 0.0027526905943316975 -0.017776966813772551
decision_type=2 2 2 2 2 2 2 2 2
left_child=2 -2 3 4 8 -5 -7 -4 -1
right_child=1 -3 7 5 -6 6 -8 -9 -10
leaf_value=-0.0055562396819906178 0.022648680095218518 -0.0029612293255752192 0.00022097797782914946 -0.0070844026257106812 -0.019575016668246282 0.030218562092795349 0.0052628985303720304 -0.02119064749981096 0.014560049610459581
leaf_weight=3.8041035532951319 3.9032295420765859 5.4143344014883041 6.1795137450098974 3.5550580061972132 5.0685202665627003 3.8804305046796781 5.1874420344829559 5.6457859352231026 3.4297223314642959
leaf_count=21 26 27 35 17 27 21 27 30 19
internal_value=6.63839e-05 0.00776704 -0.001886 0.0019643 -0.00572378 0.00945712 0.0159422 -0.0100016 0.00398135
internal_weight=46.0681 9.31756 36.7506 24.9253 12.3023 12.6229 9.06787 11.8253 7.23383
internal_count=250 53 197 132 67 65 48 65 40
is_linear=0
shrinkage=0.05


Tree=342
num_leaves=6
num_cat=0
split_feature=1 12 12 13 14
split_gain=0.288182 0.606827 0.545462 0.647583 0.534026
threshold=0.12249230229076892 0.18948306875824386 0.098957312985835558 69.331278032146614 0.5123331456651935
decision_type=2 2 2 2 2
left_child=1 2 3 4 -1
right_child=-2 -3 -4 -5 -6
leaf_value=-0.0067015405129621846 0.013335725809878823 -0.017772575549490334 0.013435604744784755 -0.019380738585175739 0.0079202292791864665
leaf_weight=11.668155616149312 3.6850190684199324 4.9039148725569239 7.0679498538374892 4.548395659774541 13.434396604076026
leaf_count=71 18 27 37 28 69
internal_value=-6.60591e-05 -0.00125257 0.000953727 -0.0020216 0.00112375
internal_weight=45.3078 41.6228 36.7189 29.6509 25.1026
internal_count=250 232 205 168 140
is_linear=0
shrinkage=0.05


Tree=343
num_leaves=12
num_cat=0
split_feature=12 21 27 33 14 23 23 18 18 29 21
split_gain=0.15123 0.135727 0.156933 0.0989632 0.0669789 5.98879e-06 2.46787e-06 4.8918e-07 2.50952e-07 4.88874e-08 2.65319e-08
threshold=0.094757459096297833 0.00070309462270634626 0.03341237137544207 0.44500000000000006 0.59186377978394 -0.010729402531970965 0.012205976298980794 -0.80447055597681261 -0.82799372523253945 0.0068281342251070862 0.00020024655014716511
decision_type=2 2 2 2 2 2 2 2 2 2 2
left_child=1 2 5 -3 -5 -1 8 -7 -2 10 -10
right_child=6 3 -4 4 -6 7 -8 -9 9 -11 -12
leaf_value=-0.033899536922642373 -0.033547492853656567 -0.0048141545108351513 0.031774898314647061 0.0072474712052553736 0.032014908662466805 -0.033581885074586336 -0.033776372854547418 -0.033436520130157875 -0.033374348652318683 -0.033466706622695026 -0.033422960925022061
leaf_weight=0.14009764447109818 0.051915142918005586 0.61363241617800657 0.1200694918516092 0.5191939814831128 0.57559424475766718 0.092101071611978558 0.080337940249592066 0.15573766647139553 0.04469273576978583 0.043563935905694962 0.075458716659341007
leaf_count=20 8 33 4 30 10 10 9 53 37 9 27
internal_value=2.99648e-05 0.00451268 -0.0181776 0.0112597 0.0202692 -0.0336382 -0.0335398 -0.0334905 -0.0334517 -0.0334213 -0.0334049
internal_weight=2.51239 2.21643 0.508006 1.70842 1.09479 0.387936 0.295968 0.247839 0.215631 0.163715 0.120151
internal_count=250 160 87 73 40 83 90 63 81 73 64
is_linear=0
shrinkage=0.05


Tree=344
num_leaves=9
num_cat=0
split_feature=20 16 20 26 2 18 18 26
split_gain=0.268372 0.578086 0.4183 0.535464 0.62332 0.52575 0.513388 0.272666
threshold=0.088356501377166899 0.033067663556618637 -0.0026693760831497655 0.011993423042672148 0.014016349009694619 -0.2558937876500717 -0.23987546240394816 -0.017776966813772551
decision_type=2 2 2 2 2 2 2 2
left_child=2 -2 3 4 7 -4 -5 -1
right_child=1 -3 5 6 -6 -7 -8 -9
leaf_value=-0.0054063995301076861 -0.0025647031132204671 0.0229604810970373 -0.00017986427451652714 0.0011019321498477327 -0.019130069493859595 -0.021452676280932594 0.021942049484815099 0.014107320442025242
leaf_weight=3.7806122973561251 5.5273278430104238 3.7050356417894363 6.5429857224225998 7.690236821770668 5.0216525793075562 5.2230364680290204 4.7995553314685804 3.4001561999321037
leaf_count=21 33 20 38 38 27 27 27 19
internal_value=6.38581e-05 0.0076788 -0.00186448 0.00183253 -0.00561667 -0.00962304 0.00911034 0.00383352
internal_weight=45.6906 9.23236 36.4582 24.6922 12.2024 11.766 12.4898 7.18077
internal_count=250 53 197 132 67 65 65 40
is_linear=0
shrinkage=0.05


Tree=345
num_leaves=7
num_cat=0
split_feature=30 20 28 28 28 6
split_gain=0.297497 0.607555 0.496184 0.708465 0.691153 0.761111
threshold=-0.01322337341609031 0.088356501377166899 -0.018494661262625275 -0.034838615539592714 -0.0056053388432018561 0.98532698012708131
decision_type=2 2 2 2 2 2
left_child=-1 2 3 -2 -4 -6
right_child=1 -3 4 -5 5 -7
leaf_value=0.009868970036511264 -0.00052273980182720536 -0.018936305899052083 -0.016927116347082445 0.029654994124412994 0.014014556619883959 -0.0061931068201253664
leaf_weight=6.4598237723112097 4.9575152881443501 4.5257747787982217 6.5056996978819361 3.2003545388579351 7.7757255844771924 11.627654820680617
leaf_count=36 27 26 37 18 42 64
internal_value=-6.20462e-05 -0.00172434 0.000562255 0.0113161 -0.00282375 0.00190493
internal_weight=45.0525 38.5927 34.0669 8.15787 25.9091 19.4034
internal_count=250 214 188 45 143 106
is_linear=0
shrinkage=0.05


Tree=346
num_leaves=11
num_cat=0
split_feature=27 27 5 19 17 25 21 19 6 25
split_gain=0.14566 0.168365 0.21854 0.105871 0.268128 9.1146e-06 2.46674e-06 7.88378e-07 1.20537e-07 1.92019e-08
threshold=-0.0073145777874613618 -0.0062363175374047777 0.017217289075567663 -0.031546553031348283 -0.049212516367891666 -0.0037680398937900423 0.0027557726860134584 -0.012081906300309196 0.80106905984770349 -0.0016703033581055291
decision_type=2 2 2 2 2 2 2 2 2 2
left_child=6 -2 5 -4 -5 -3 8 -7 -1 -10
right_child=1 2 3 4 -6 7 -8 -9 9 -11
leaf_value=-0.03349820067976176 0.034814965240182592 -0.034009945155696539 0.020852375696341265 0.030293446621822723 -0.033731847619097033 -0.03365868205280536 -0.033729040353270699 -0.033452769783525314 -0.033427415652249423 -0.033383939988130183
leaf_weight=0.049770387064200228 0.3768112667603426 0.22393243364058435 0.7216844352660704 0.28269336838275227 0.38790529151447029 0.080341916531324387 0.13287815195508301 0.11030663334531654 0.04596686374861747 0.056756321486318484
leaf_count=14 6 16 34 6 60 11 12 36 17 38
internal_value=2.26529e-05 0.00441288 -0.0019273 0.00756156 -0.00674175 -0.0337936 -0.0335716 -0.0335395 -0.0334343 -0.0334034
internal_weight=2.46905 2.18368 1.80686 1.39228 0.670599 0.414581 0.285372 0.190649 0.152494 0.102723
internal_count=250 169 163 100 66 63 81 47 69 55
is_linear=0
shrinkage=0.05


Tree=347
num_leaves=9
num_cat=0
split_feature=6 23 21 1 6 1 5 27
split_gain=0.270795 0.524732 0.849638 0.621706 0.494103 0.621057 0.586223 0.414394
threshold=1.0309105536361274 0.0045796882368773781 0.00096570780090388119 0.048262513346924447 0.75637751874617609 0.0074115308530028354 0.016244102895053441 0.0052541965779281394
decision_type=2 2 2 2 2 2 2 2
left_child=4 2 3 -2 -1 6 -6 -7
right_child=1 -3 -4 -5 5 7 -8 -9
leaf_value=0.009080239590262551 0.018265355641211217 0.016362643503360353 -0.017313526603913651 -0.0079644808151867821 0.01442589371342937 -0.0061849319073236471 -0.011075826116303093 -0.026941462916667158
leaf_weight=5.9253305755555656 5.740530766546728 6.258389499038457 5.1369823738932601 3.7250085026025772 4.6000944711267966 4.9199691414833051 4.4177316948771477 4.7033220827579498
leaf_count=33 34 37 25 19 29 26 21 26
internal_value=6.0303e-05 0.00424956 -0.000941906 0.00794303 -0.00349705 -0.00749492 0.00193289 -0.0163296
internal_weight=45.4274 20.8609 14.6025 9.46554 24.5664 18.6411 9.01783 9.62329
internal_count=250 115 78 53 135 102 50 52
is_linear=0
shrinkage=0.05


Tree=348
num_leaves=7
num_cat=0
split_feature=32 6 23 3 21 6
split_gain=0.27674 0.452824 0.453994 0.831986 0.81835 0.638672
threshold=-0.53835533779806688 0.75637751874617609 0.0045796882368773781 0.08536160201534683 0.0022411371037304177 1.23249633836537
decision_type=2 2 2 2 2 2
left_child=-1 -2 4 -4 5 -3
right_child=1 2 3 -5 -6 -7
leaf_value=0.011380933534288408 -0.01601755497977941 -0.0054871498977842846 0.0052855239234718809 -0.021146596870496925 0.023276677498323545 0.015728159455396507
leaf_weight=4.7256732657551757 4.6861797384917727 13.977473139762884 6.1951539535075408 5.7312463019043207 4.6776218004524699 4.7540517300367346
leaf_count=24 27 81 37 35 23 23
internal_value=-6.20103e-05 -0.00141317 0.000523659 -0.00741646 0.00456896 -0.000102715
internal_weight=44.7474 40.0217 35.3355 11.9264 23.4091 18.7315
internal_count=250 226 199 72 127 104
is_linear=0
shrinkage=0.05


Tree=349
num_leaves=10
num_cat=0
split_feature=2 24 29 0 25 3 24 24 26
split_gain=0.144293 0.159013 0.115687 0.258811 1.15724e-05 3.37826e-06 2.55171e-06 2.15602e-07 3.04032e-08
threshold=0.077523004792089636 -0.01645309018349694 0.0055267861700197827 -0.014162892182731033 -0.0028790390695633823 -0.056421398442117791 0.005796248179469444 0.00095079554912336228 0.025141671794802759
decision_type=2 2 2 2 2 2 2 2 2
left_child=1 5 3 -3 -5 -1 7 8 -2
right_child=6 2 -4 4 -6 -7 -8 -9 -10
leaf_value=-0.033940042425359501 -0.033440711373479211 0.017437085178863842 0.023424578539662452 -0.034038570785663254 -0.033490271391722601 -0.033563439160023655 -0.033767118283882486 -0.033533038196410361 -0.033381301742408616
leaf_weight=0.10886152065359056 0.045301168400328495 0.66783711791504208 0.83013171487255011 0.16913319157902185 0.22327017475617961 0.13145329369581382 0.12866662663873285 0.06498221872607246 0.041048298822715878
leaf_count=8 13 27 29 16 58 34 24 13 28
internal_value=0.000141245 0.00457571 0.00944586 -0.001499 -0.0337266 -0.033734 -0.0336034 -0.0334642 -0.0334125
internal_weight=2.41069 2.13069 1.89037 1.06024 0.392403 0.240315 0.279998 0.151332 0.0863495
internal_count=250 172 130 101 74 42 78 54 41
is_linear=0
shrinkage=0.05


Tree=350
num_leaves=6
num_cat=0
split_feature=24 1 1 28 17
split_gain=0.27633 0.403397 0.433854 0.614344 0.648158
threshold=0.026022165992401817 -0.037387331153708063 -0.0059488195014369407 0.030355154475230076 -0.0039784538800744776
decision_type=2 2 2 2 2
left_child=1 -1 -3 4 -4
right_child=-2 2 3 -5 -6
leaf_value=-0.014696823704799654 0.01151905984016937 0.0149593681036275 0.01064118017619055 0.011898786087243408 -0.0094495114878218253
leaf_weight=4.9212811738252631 4.7070823386311522 4.5694462060928336 5.0779070779681232 6.66401183605194 19.169695921242241
leaf_count=25 27 32 31 35 100
internal_value=5.39644e-05 -0.00128178 0.00057891 -0.00154685 -0.00524214
internal_weight=45.1094 40.4023 35.4811 30.9116 24.2476
internal_count=250 223 198 166 131
is_linear=0
shrinkage=0.05


Tree=351
num_leaves=6
num_cat=0
split_feature=1 12 12 21 6
split_gain=0.277688 0.575874 0.520341 0.616478 0.747169
threshold=0.12249230229076892 0.18948306875824386 0.098957312985835558 -0.0054904455152217637 1.0338457275283963
decision_type=2 2 2 2 2
left_child=1 2 3 -1 -5
right_child=-2 -3 -4 4 -6
leaf_value=0.016778677135591755 0.01325241574023435 -0.017491620453374091 0.013224888386653833 0.00090347482588144096 -0.017691846430950113
leaf_weight=3.800517424941062 3.5977513343095771 4.8083285130560389 6.9476800709962836 17.566787965595729 7.8007848002016535
leaf_count=21 18 27 37 99 48
internal_value=-6.54903e-05 -0.0012363 0.000927872 -0.00200121 -0.00481477
internal_weight=44.5219 40.9241 36.1158 29.1681 25.3676
internal_count=250 232 205 168 147
is_linear=0
shrinkage=0.05


Tree=352
num_leaves=11
num_cat=0
split_feature=26 30 18 10 12 10 25 18 21 14
split_gain=0.140846 0.144212 0.133115 0.20282 0.143478 8.99038e-06 1.91114e-06 3.6451e-07 1.03096e-07 1.1805e-08
threshold=0.023323893851323056 -0.0092962117947977246 -0.73922820907774223 0.031617764992195818 0.069826108695435526 0.040613924551281336 -0.023137800489974488 -0.80447055597681261 0.001428650189670311 0.85376332448027881
decision_type=2 2 2 2 2 2 2 2 2 2
left_child=1 -1 -3 4 -4 -5 -2 -8 9 -9
right_child=6 2 3 5 -6 -7 7 8 -10 -11
leaf_value=-0.033692571756592876 -0.033819732850707003 0.028065985302948068 -0.011037888804259174 -0.034089995033875192 0.028844661454807009 -0.033568593212873567 -0.033560399196846308 -0.033401088546202461 -0.033466523089461596 -0.033362462071319252
leaf_weight=0.21947245943010862 0.046150702983140945 0.62135893548838828 0.39360122103244 0.16669196239672601 0.52803435025271028 0.16402868152363226 0.071288418606854975 0.047606022475520038 0.0741668741684407 0.033841929194750264
leaf_count=39 3 11 49 8 15 41 11 21 21 31
internal_value=0.000248344 0.00465422 0.00914587 -0.000241381 0.0118121 -0.0338314 -0.0335264 -0.0334668 -0.0334239 -0.033385
internal_weight=2.36624 2.09319 1.87372 1.25236 0.921636 0.330721 0.273054 0.226903 0.155615 0.081448
internal_count=250 163 124 113 64 49 87 84 73 52
is_linear=0
shrinkage=0.05


Tree=353
num_leaves=9
num_cat=0
split_feature=20 2 5 28 11 12 1 6
split_gain=0.258798 0.581643 0.413574 1.10434 0.415005 0.793654 0.762043 0.430797
threshold=0.088356501377166899 0.023423037756275415 0.030155189897340628 0.010908732969928893 37.503110084533695 0.166906297540414 0.018007980806412752 0.87591988839849533
decision_type=2 2 2 2 2 2 2 2
left_child=2 -2 4 -4 6 -6 7 -1
right_child=1 -3 3 -5 5 -7 -8 -9
leaf_value=-0.0072389169261424767 0.022503140534496865 -0.0031694262259329797 -0.023567971769660155 0.005024389364577604 0.022482992812575573 -0.0077875510581153287 -0.018305262652224381 0.016174545252151378
leaf_weight=3.3992912992835063 3.8010058030486089 5.2585628256201744 6.5186057761311513 7.0074352845549583 5.4991968572139722 3.5717922151088715 5.1693308725953093 4.6550089977681637
leaf_count=16 26 27 36 38 36 18 25 28
internal_value=5.18737e-05 0.00760168 -0.00185758 -0.00875513 0.00232713 0.0105637 -0.00332288 0.00629297
internal_weight=44.8802 9.05957 35.8207 13.526 22.2946 9.07099 13.2236 8.0543
internal_count=250 53 197 74 123 54 69 44
is_linear=0
shrinkage=0.05


Tree=354
num_leaves=7
num_cat=0
split_feature=30 20 28 28 28 6
split_gain=0.269881 0.57663 0.4622 0.666182 0.651687 0.701931
threshold=-0.01322337341609031 0.088356501377166899 -0.018494661262625275 -0.034838615539592714 -0.0056053388432018561 0.98532698012708131
decision_type=2 2 2 2 2 2
left_child=-1 2 3 -2 -4 -6
right_child=1 -3 4 -5 5 -7
leaf_value=0.0094898310881072392 -0.00047971162722979861 -0.018602575768069937 -0.016585581415789006 0.02906895702792317 0.013647685312655837 -0.0059371902260943717
leaf_weight=6.3270070478320113 4.8887988813221455 4.4368180390447369 6.3553879149258128 3.1278700120747072 7.6293482109904351 11.427825342863796
leaf_count=36 27 26 37 18 42 64
internal_value=-6.90005e-05 -0.00166618 0.000581667 0.0110493 -0.00272047 0.00190342
internal_weight=44.1931 37.866 33.4292 8.01667 25.4126 19.0572
internal_count=250 214 188 45 143 106
is_linear=0
shrinkage=0.05


Tree=355
num_leaves=11
num_cat=0
split_feature=27 27 5 18 23 25 21 18 6 25
split_gain=0.137385 0.154672 0.202515 0.0977281 0.1832 6.54124e-06 2.11026e-06 7.62452e-07 9.8321e-08 1.66261e-08
threshold=-0.0073145777874613618 -0.0062363175374047777 0.017217289075567663 -0.75735966557968848 -0.0055986241854407695 -0.0037680398937900423 0.0027557726860134584 -0.4267077392991937 0.80106905984770349 -0.0016703033581055291
decision_type=2 2 2 2 2 2 2 2 2 2
left_child=6 -2 5 -4 -5 -3 8 -7 -1 -10
right_child=1 2 3 4 -6 7 -8 -9 9 -11
leaf_value=-0.033487764937995525 0.034562688743846846 -0.033945580032543797 0.020608689343952834 0.020746988691876411 -0.033599612539003482 -0.033655683949045376 -0.033710870026260546 -0.033443476280133014 -0.033422131690131932 -0.033380004567509801
leaf_weight=0.046627757401438763 0.35725630784872997 0.20513068174477667 0.69098293595016036 0.30670253926655311 0.31364543392555699 0.07131781242787838 0.12427205231506377 0.10413253289880176 0.042738269170513377 0.051817889645462856
leaf_count=14 6 16 19 18 63 13 12 34 17 38
internal_value=0.000284207 0.00466858 -0.00164373 0.00767544 -0.00673043 -0.0337539 -0.0335606 -0.0335297 -0.0334283 -0.033399
internal_weight=2.31462 2.04917 1.69191 1.31133 0.620348 0.380581 0.265456 0.17545 0.141184 0.0945562
internal_count=250 169 163 100 81 63 81 47 69 55
is_linear=0
shrinkage=0.05


Tree=356
num_leaves=7
num_cat=0
split_feature=9 19 27 32 29 20
split_gain=0.251963 0.492177 0.636449 0.691745 0.666138 1.27756
threshold=83.080274963378926 -0.071780892959792661 -0.011907369765761287 -0.23513557367882981 -0.0075254529763508207 0.066771588266922657
decision_type=2 2 2 2 2 2
left_child=1 -1 3 -3 -4 -6
right_child=-2 2 4 -5 5 -7
leaf_value=0.01688096174033682 -0.0094407306390777573 0.0044061951145527994 -0.016203521650583353 -0.024776841344732913 0.00055913020448677519 0.030505581043167626
leaf_weight=4.6048533767461768 6.0402050614356986 3.4979035332798958 3.7140098810195914 4.8407589569687826 17.364123698323972 4.4804462790489188
leaf_count=30 31 24 19 24 95 27
internal_value=5.36909e-05 0.00154317 -0.000540424 -0.0125351 0.00337293 0.00670132
internal_weight=44.5423 38.5021 33.8972 8.33866 25.5586 21.8446
internal_count=250 219 189 48 141 122
is_linear=0
shrinkage=0.05


Tree=357
num_leaves=7
num_cat=0
split_feature=6 6 1 4 4 30
split_gain=0.271589 0.723753 0.542285 0.485651 0.544946 0.553035
threshold=0.75637751874617609 0.94126342539275298 0.0074115308530028354 0.01494038276071398 0.017429090360635034 0.013367705183397473
decision_type=2 2 2 2 2 2
left_child=-1 2 -2 -3 -5 -6
right_child=1 3 -4 4 5 -7
leaf_value=-0.010194974944206568 0.003645545050365533 -0.016949765813550375 0.026141463452931932 0.017742487320035048 0.0018877242201942501 -0.018041798308829345
leaf_weight=5.755833573639392 7.2730559483170492 5.0968721881508854 4.2410452589392662 3.6769745200872448 13.135019311681392 4.7360825873911372
leaf_count=33 38 34 25 20 71 29
internal_value=-7.067e-05 0.00145646 0.0119316 -0.00307016 0.000212851 -0.00339387
internal_weight=43.9149 38.159 11.5141 26.6449 21.5481 17.8711
internal_count=250 217 63 154 120 100
is_linear=0
shrinkage=0.05


Tree=358
num_leaves=11
num_cat=0
split_feature=26 30 18 27 23 13 25 18 21 14
split_gain=0.135097 0.13645 0.121793 0.192986 0.102268 3.76983e-06 1.7376e-06 3.44313e-07 9.07434e-08 9.4858e-09
threshold=0.023323893851323056 -0.0092962117947977246 -0.73922820907774223 0.0052541965779281394 0.012205976298980794 69.331278032146614 -0.023137800489974488 -0.80447055597681261 0.001428650189670311 0.85376332448027881
decision_type=2 2 2 2 2 2 2 2 2 2
left_child=1 -1 -3 4 -4 -5 -2 -8 9 -9
right_child=6 2 3 5 -6 -7 7 8 -10 -11
leaf_value=-0.033675611709132129 -0.033807664404161462 0.027593088064315697 -0.0021274987852725603 -0.033637940974814033 0.032505871212836344 -0.033989900478092465 -0.033554971242761016 -0.03339659305430194 -0.033460494770446651 -0.033360869231610669
leaf_weight=0.20632831152761433 0.043959436938166618 0.60215666680596802 0.52410113898804345 0.18046690960181877 0.35926347668282688 0.13153214153135195 0.068806928582489491 0.044625092559726798 0.070037544413935393 0.031841160729527473
leaf_count=39 3 11 61 30 7 15 11 21 21 31
internal_value=0.000440954 0.00483518 0.00925564 1.82774e-05 0.0119579 -0.0337863 -0.0335212 -0.0334627 -0.0334194 -0.0333817
internal_weight=2.26312 2.00385 1.79752 1.19536 0.883365 0.311999 0.25927 0.215311 0.146504 0.0764663
internal_count=250 163 124 113 68 45 87 84 73 52
is_linear=0
shrinkage=0.05


Tree=359
num_leaves=8
num_cat=0
split_feature=24 1 22 23 20 21 18
split_gain=0.25197 0.36968 0.397163 0.66199 0.711118 0.634817 0.616098
threshold=0.026022165992401817 -0.037387331153708063 0.0044847557986847928 0.0045796882368773781 -0.042053121181332746 0.0020307765680508409 -0.30179203506357727
decision_type=2 2 2 2 2 2 2
left_child=1 -1 3 6 -5 -4 -3
right_child=-2 2 5 4 -6 -7 -8
leaf_value=-0.014198792256593516 0.011072316733465815 0.0030138452430736005 0.023597622991522519 -0.0095430923420062701 0.021229221559683532 -0.0054254002595587152 -0.015118902024876825
leaf_weight=4.8345034867525092 4.6393003687262526 8.2084710374474525 4.2204752489924422 2.9912872426211834 5.0418092571198923 3.403470516204834 10.91168981790543
leaf_count=25 27 47 26 16 32 21 56
internal_value=4.75816e-05 -0.00124363 0.000557315 -0.00227399 0.00977052 0.0106412 -0.00733434
internal_weight=44.251 39.6117 34.7772 27.1533 8.0331 7.62395 19.1202
internal_count=250 223 198 151 48 47 103
is_linear=0
shrinkage=0.05


Tree=360
num_leaves=8
num_cat=0
split_feature=28 14 1 34 21 0 6
split_gain=0.263182 0.389487 0.661573 0.62682 0.750014 0.593373 0.413698
threshold=0.098565230738145729 1.0069066000915821 0.040730909693651791 0.21098182819299641 -0.00020306890686949683 0.021678217465440856 0.91306596762964809
decision_type=2 2 2 2 2 2 2
left_child=1 2 3 6 -5 -4 -1
right_child=-2 -3 5 4 -6 -7 -8
leaf_value=0.00173227439905542 0.012072695674002702 0.013210799468919272 -0.024742281598466573 -0.0055192057420743769 0.014939257209179985 0.00019558977534759995 -0.02196767406307655
leaf_weight=3.4093597028404501 4.0456099212169638 4.1325272843241683 5.5888507701456529 7.8418776616454151 10.449183959513901 4.1614515483379364 4.0035256445407867
leaf_count=19 21 25 35 45 59 21 25
internal_value=-7.45241e-05 -0.00131592 -0.00300915 0.00119748 0.00616816 -0.0140987 -0.0110675
internal_weight=43.6324 39.5868 35.4542 25.7039 18.2911 9.7503 7.41289
internal_count=250 229 204 148 104 56 44
is_linear=0
shrinkage=0.05


Tree=361
num_leaves=11
num_cat=0
split_feature=27 27 5 19 17 25 21 19 6 25
split_gain=0.132762 0.144027 0.190741 0.093252 0.234022 4.91511e-06 1.89263e-06 7.87431e-07 8.40962e-08 1.59097e-08
threshold=-0.0073145777874613618 -0.0062363175374047777 0.017217289075567663 -0.031546553031348283 -0.049212516367891666 -0.0037680398937900423 0.0027557726860134584 -0.013755417450014016 0.80106905984770349 -0.0016703033581055291
decision_type=2 2 2 2 2 2 2 2 2 2
left_child=6 -2 5 -4 -5 -3 8 -7 -1 -10
right_child=1 2 3 4 -6 7 -8 -9 9 -11
leaf_value=-0.033481237761563691 0.034356735559739442 -0.033893907499245444 0.020581651201397322 0.029514922192189194 -0.033683337364852205 -0.033663440440646064 -0.033698589658236355 -0.033437286244538622 -0.033420099386472266 -0.033377942676281858
leaf_weight=0.044468101492384782 0.34217092755716327 0.19010089454241097 0.668009205139242 0.25634514843113709 0.34179279499221593 0.061106918263249099 0.11909434979315847 0.10399009485263322 0.041234812117181718 0.048946081806207076
leaf_count=14 6 16 34 6 60 9 12 38 17 38
internal_value=0.000480984 0.00487921 -0.00134176 0.00774161 -0.00659834 -0.0337206 -0.0335534 -0.033521 -0.033425 -0.0333972
internal_weight=2.21726 1.96352 1.62135 1.26615 0.598138 0.355198 0.253743 0.165097 0.134649 0.0901809
internal_count=250 169 163 100 66 63 81 47 69 55
is_linear=0
shrinkage=0.05


Tree=362
num_leaves=8
num_cat=0
split_feature=24 15 32 32 25 12 21
split_gain=0.245378 0.348561 0.640838 0.739107 0.902043 0.563588 0.365345
threshold=0.026022165992401817 0.017238684565912561 -0.055361630475249078 -0.12909718012318264 0.0005742204483144554 0.069826108695435526 0.00070309462270634626
decision_type=2 2 2 2 2 2 2
left_child=1 5 3 4 -3 6 -1
right_child=-2 2 -4 -5 -6 -7 -8
leaf_value=0.026684230041367205 0.010971400423203241 0.0068602376465116749 -0.02367020843398979 0.018065241159552728 -0.014911540560367503 -0.0056693588704794656 0.0029157177143769703
leaf_weight=3.5408977642655355 4.6041630059480658 8.4499480314552837 3.7186123244464424 4.0614115148782721 10.887282084673641 5.7259281128644943 2.975165817886591
leaf_count=22 27 46 20 25 60 32 18
internal_value=4.9705e-05 -0.00122789 -0.00438936 -0.00132517 -0.00539775 0.00577508 0.0158318
internal_weight=43.9634 39.3592 27.1173 23.3986 19.3372 12.242 6.51606
internal_count=250 223 151 131 106 72 40
is_linear=0
shrinkage=0.05


Tree=363
num_leaves=7
num_cat=0
split_feature=6 6 1 4 4 23
split_gain=0.255818 0.683791 0.526478 0.436387 0.527255 0.510694
threshold=0.75637751874617609 0.94126342539275298 0.0074115308530028354 0.01494038276071398 0.017429090360635034 -0.0072367996912103818
decision_type=2 2 2 2 2 2
left_child=-1 2 -2 -3 -5 -6
right_child=1 3 -4 4 5 -7
leaf_value=-0.0099811625985963253 0.0035035959724558311 -0.016258077263202313 0.025866947902782864 0.017464644567364861 -0.019338966184659249 0.0011015227114236994
leaf_weight=5.6646175794303408 7.2042781673371774 5.0276710800826576 4.1464927494525909 3.6336632780730751 3.9310876578092637 13.723223930224771
leaf_count=33 38 34 25 20 23 77
internal_value=-7.44924e-05 0.00141536 0.011673 -0.0030091 0.00011997 -0.00344996
internal_weight=43.331 37.6664 11.3508 26.3156 21.288 17.6543
internal_count=250 217 63 154 120 100
is_linear=0
shrinkage=0.05


Tree=364
num_leaves=10
num_cat=0
split_feature=21 27 19 32 33 28 23 18 0
split_gain=0.130083 0.13948 0.102489 0.0966514 0.0808794 4.70398e-06 4.29252e-06 3.8137e-07 6.9927e-08
threshold=0.00070309462270634626 0.036012807292363121 -0.0066954261023005604 -0.055361630475249078 0.63500000000000012 -0.018494661262625275 -0.010729402531970965 -0.80447055597681261 -0.012865413414604008
decision_type=2 2 2 2 2 2 2 2 2
left_child=1 6 4 5 -2 -4 -1 -8 -9
right_child=2 -3 3 -5 -6 -7 7 8 -10
leaf_value=-0.033801213261375404 -0.0015688713443764834 0.03133137336054264 -0.033913768851667428 0.019655478858665414 0.024507732463027301 -0.033469405840466419 -0.033537064395615594 -0.033471418936313356 -0.033400672868372706
leaf_weight=0.12730265260324825 0.48545872615068197 0.10271433769958094 0.099833189451601245 0.12956774921622127 0.76741877975291573 0.14762219827389345 0.095768088300246856 0.044708769710268936 0.15967014108900912
leaf_count=28 25 4 9 8 25 39 15 10 87
internal_value=0.000527809 -0.0209862 0.00752576 -0.0153302 0.0144037 -0.0336487 -0.0335579 -0.0334547 -0.0334161
internal_weight=2.16006 0.530164 1.6299 0.377023 1.25288 0.247455 0.42745 0.300147 0.204379
internal_count=250 144 106 56 50 48 140 112 97
is_linear=0
shrinkage=0.05


Tree=365
num_leaves=9
num_cat=0
split_feature=32 25 5 25 32 17 28 28
split_gain=0.251911 0.755419 0.74025 0.406317 1.29991 0.779256 0.836871 0.826479
threshold=-0.44808815786432149 0.0011382053501360902 0.053610340431897309 -0.0028790390695633823 -0.21158971715261238 0.0036300672447236418 -0.015216044620010359 -0.0044504972991431515
decision_type=2 2 2 2 2 2 2 2
left_child=1 -1 3 4 -2 7 -7 -5
right_child=2 -3 -4 5 -6 6 -8 -9
leaf_value=0.0049767071835813076 0.013960806792846558 -0.022444728050698051 0.022679040167608612 0.026898444514688143 -0.026674546316469223 -0.026040275506559026 0.0034407575555267488 -0.0011509104918657996
leaf_weight=5.84328695386648 3.3303638845682144 4.4049229100346565 3.8815566003322592 5.2192686460912219 4.8114010319113714 3.5966939181089401 7.278747230768202 5.2859129756689134
leaf_count=29 25 25 20 36 29 20 37 29
internal_value=4.78266e-05 -0.00680967 0.00215168 -0.000547221 -0.0100528 0.00307251 -0.00630912 0.0127848
internal_weight=43.6522 10.2482 33.4039 29.5224 8.14176 21.3806 10.8754 10.5052
internal_count=250 54 196 176 54 122 57 65
is_linear=0
shrinkage=0.05


Tree=366
num_leaves=7
num_cat=0
split_feature=32 6 31 23 23 21
split_gain=0.252666 0.411841 0.440361 0.523324 0.80198 0.686912
threshold=-0.53835533779806688 0.75637751874617609 -0.32279910510230109 0.0053002131135493355 0.0085765641708744917 0.0022411371037304177
decision_type=2 2 2 2 2 2
left_child=-1 -2 -3 5 -5 -4
right_child=1 2 3 4 -6 -7
leaf_value=0.011089898143587002 -0.015673762609523852 -0.014883176271889809 0.0025480445335589511 -0.024788094624849388 0.0054032439332338377 0.025658774257574651
leaf_weight=4.5394714362919322 4.4570372179150572 4.0953769870102397 16.897954653948553 3.8377265147864801 5.1529828328639269 3.9707803912460795
leaf_count=24 27 24 98 25 31 21
internal_value=-6.55042e-05 -0.00138384 0.000491912 0.00260068 -0.00748407 0.00694542
internal_weight=42.9513 38.4119 33.9548 29.8594 8.99071 20.8687
internal_count=250 226 199 175 56 119
is_linear=0
shrinkage=0.05


Tree=367
num_leaves=11
num_cat=0
split_feature=27 27 5 15 1 25 21 19 6 25
split_gain=0.125788 0.136567 0.177283 0.0898014 0.173242 4.25604e-06 1.66568e-06 6.07089e-07 7.97813e-08 1.28174e-08
threshold=-0.0073145777874613618 -0.0062363175374047777 0.017217289075567663 0.023234659022909956 0.0074115308530028354 -0.0037680398937900423 0.0027557726860134584 -0.013755417450014016 0.80106905984770349 -0.0016703033581055291
decision_type=2 2 2 2 2 2 2 2 2 2
left_child=6 -2 5 -4 -5 -3 8 -7 -1 -10
right_child=1 2 3 4 -6 7 -8 -9 9 -11
leaf_value=-0.033477652259938755 0.034130742569877803 -0.033864128098810613 0.026034318679962851 0.015127279647615314 -0.033673706329425596 -0.033635434702201199 -0.033684565156141121 -0.033429785256026988 -0.033414838255638062 -0.033375777917493708
leaf_weight=0.042499615403358226 0.32696735428180579 0.17996268032584339 0.42311185243306659 0.50277321861358359 0.28491787990787998 0.057007732626516372 0.11471319827251136 0.096864040679064956 0.038778589369030669 0.045816691417712718
leaf_count=14 6 16 9 37 54 9 12 38 17 38
internal_value=0.000390229 0.00477479 -0.00143925 0.0074552 -0.00252466 -0.033699 -0.0335464 -0.033506 -0.0334218 -0.0333937
internal_weight=2.11341 1.8716 1.54464 1.2108 0.787691 0.333834 0.241808 0.153872 0.127095 0.0845953
internal_count=250 169 163 100 91 63 81 47 69 55
is_linear=0
shrinkage=0.05


Tree=368
num_leaves=6
num_cat=0
split_feature=32 19 14 18 25
split_gain=0.245249 0.413666 0.456816 0.547658 0.502782
threshold=-0.53835533779806688 -0.071780892959792661 0.35263440835164134 -0.70885250695959046 0.012133690496671014
decision_type=2 2 2 2 2
left_child=-1 -2 -3 -4 -5
right_child=1 2 3 4 -6
leaf_value=-0.010943447462141544 0.015509048077139494 0.016143309119688243 -0.016761972775816762 -0.0029892962598901101 0.014609341049067104
leaf_weight=4.5436303615570059 4.5438690744340411 3.6597413532435885 5.5471476167440406 19.862802466377623 5.1006597466766825
leaf_count=24 30 25 30 113 28
internal_value=4.5975e-05 0.00133573 -0.000548994 -0.00255123 0.000606546
internal_weight=43.2579 38.7142 34.1704 30.5106 24.9635
internal_count=250 226 196 171 141
is_linear=0
shrinkage=0.05


Tree=369
num_leaves=7
num_cat=0
split_feature=21 21 13 20 13 30
split_gain=0.24772 0.493521 0.607556 0.53229 0.747906 0.420347
threshold=-0.0054904455152217637 -0.0031141991286803834 77.04088666412683 0.088356501377166899 43.563225146351435 -0.01322337341609031
decision_type=2 2 2 2 2 2
left_child=-1 -2 3 4 -3 -5
right_child=1 2 -4 5 -6 -7
leaf_value=0.010760504500916316 -0.01665287609766512 0.022516602340353891 0.019678076737031047 1.5781671439748792e-05 -0.0020282689316225701 -0.025374966686497108
leaf_weight=4.7035540640354148 4.6558309495449057 3.6978767327964368 3.7526433058083049 2.9155807122588158 19.311960712075233 3.6968723870813838
leaf_count=27 27 22 20 18 114 22
internal_value=-6.42058e-05 -0.00140298 0.000724393 -0.00167672 0.0019163 -0.0141796
internal_weight=42.7343 38.0308 33.3749 29.6223 23.0098 6.61245
internal_count=250 223 196 176 136 40
is_linear=0
shrinkage=0.05


Tree=370
num_leaves=14
num_cat=0
split_feature=26 26 21 20 29 23 23 25 18 16 29 14 29
split_gain=0.122191 0.141933 0.0923508 0.105378 0.0754794 0.0984895 3.64491e-06 1.15947e-06 1.01635e-06 1.38628e-07 4.00397e-08 2.64173e-08 1.18917e-09
threshold=0.023323893851323056 -0.016121076442306089 0.00070309462270634626 -0.19267785318032912 0.0055267861700197827 0.0085765641708744917 -0.010729402531970965 -0.018018837677260809 -0.80447055597681261 0.0060857215844176112 -0.0027888480469836492 0.85376332448027881 0.003175188418431341
decision_type=2 2 2 2 2 2 2 2 2 2 2 2 2
left_child=1 7 3 -3 5 -4 -5 -1 -2 -10 -9 -11 -13
right_child=8 2 4 6 -6 -7 -8 10 9 11 -12 12 -14
leaf_value=-0.033662660746412179 -0.033640361555682577 0.027554049816012133 -0.013522579436609365 -0.033845487251461019 0.030027943008577376 0.022717556725618357 -0.033437760631345133 -0.033464521668246497 -0.033501056691354544 -0.033414616313422643 -0.033404012237570391 -0.033354731072611429 -0.03337187284479292
leaf_weight=0.10149081380222924 0.088190965529065579 0.10344355017878104 0.35633611993398495 0.10297717312641896 0.54144844133406878 0.395628786762245 0.11719565463135961 0.047153396008070558 0.0431923436699434 0.063592387596145272 0.065060704160714855 0.021064637927338481 0.019468083919491619
leaf_count=12 12 4 28 12 8 12 42 17 12 23 28 26 14
internal_value=0.00039456 0.00475559 0.00981672 -0.0140716 0.0157937 0.00554432 -0.0336285 -0.0335402 -0.0335061 -0.0334257 -0.0334294 -0.0333945 -0.033363
internal_weight=2.06624 1.83073 1.61703 0.323616 1.29341 0.751965 0.220173 0.213705 0.235508 0.147317 0.112214 0.104125 0.0405327
internal_count=250 163 106 58 48 40 54 57 87 75 45 63 40
is_linear=0
shrinkage=0.05


Tree=371
num_leaves=9
num_cat=0
split_feature=20 2 5 33 11 12 1 6
split_gain=0.243164 0.559838 0.391513 0.988261 0.383158 0.715787 0.672559 0.397937
threshold=0.088356501377166899 0.023423037756275415 0.030155189897340628 0.97500000000000009 37.503110084533695 0.166906297540414 0.018007980806412752 0.87591988839849533
decision_type=2 2 2 2 2 2 2 2
left_child=2 -2 4 -4 6 -6 7 -1
right_child=1 -3 3 -5 5 -7 -8 -9
leaf_value=-0.0072237205011773222 0.022526800618300598 -0.0032367971927200778 -0.022238438264266587 0.0053673937735812709 0.022015462004851591 -0.0073606973938084089 -0.01754015356389866 0.015736252731604516
leaf_weight=3.2723574042320269 3.6220005564391595 5.0463411621749401 6.6087593752890808 6.3637753799557686 5.2502608820795995 3.4272765628993511 4.9825797900557518 4.4582442939281464
leaf_count=16 26 27 39 35 36 18 25 28
internal_value=4.48165e-05 0.00752833 -0.00184294 -0.00869619 0.00231325 0.0104131 -0.00321538 0.00601731
internal_weight=43.0316 8.66834 34.3633 12.9725 21.3907 8.67754 12.7132 7.7306
internal_count=250 53 197 74 123 54 69 44
is_linear=0
shrinkage=0.05


Tree=372
num_leaves=8
num_cat=0
split_feature=28 14 1 34 21 0 6
split_gain=0.238565 0.342526 0.622991 0.558955 0.659073 0.557296 0.38417
threshold=0.098565230738145729 1.0069066000915821 0.040730909693651791 0.21098182819299641 -0.00020306890686949683 0.021678217465440856 0.91306596762964809
decision_type=2 2 2 2 2 2 2
left_child=1 2 3 6 -5 -4 -1
right_child=-2 -3 5 4 -6 -7 -8
leaf_value=0.0020372174194543471 0.011694448854919597 0.012547628972511132 -0.024241133331453141 -0.0051138948796370064 0.01432305482581203 0.00026932710857670408 -0.021184189749802268
leaf_weight=3.2934682909399298 3.9127288535237303 4.0200595669448367 5.4375648424029333 7.6207012459635761 10.197076827287672 4.043794646859169 3.8786532431840897
leaf_count=19 21 25 35 45 59 21 25
internal_value=-6.83661e-05 -0.00126408 -0.00287481 0.00126552 0.00600983 -0.0137874 -0.0105208
internal_weight=42.404 38.4913 34.4713 24.9899 17.8178 9.48136 7.17212
internal_count=250 229 204 148 104 56 44
is_linear=0
shrinkage=0.05


Tree=373
num_leaves=11
num_cat=0
split_feature=2 24 24 14 23 24 3 0 24 26
split_gain=0.12152 0.136601 0.0940353 0.232423 0.0866711 1.56223e-06 1.52044e-06 1.31217e-06 1.35641e-07 1.84947e-08
threshold=0.077523004792089636 -0.01645309018349694 -0.014431264418244492 0.61987951204463421 0.0085765641708744917 0.005796248179469444 -0.056421398442117791 -0.01695203042326265 0.00095079554912336228 0.025141671794802759
decision_type=2 2 2 2 2 2 2 2 2 2
left_child=1 6 -3 7 -5 8 -1 -4 9 -2
right_child=5 2 3 4 -6 -7 -8 -9 -10 -11
leaf_value=-0.033824894096760587 -0.033422361587481728 0.030721029865698871 -0.033672046314912905 -1.8516139097534482e-05 0.031629531180886392 -0.033705299440133868 -0.033549400749184992 -0.033467503262951843 -0.033504003362077477 -0.033370402849738676
leaf_weight=0.089435808942653239 0.037102864676853531 0.40322888270020496 0.13598252041265357 0.42092246018000878 0.4450787368696183 0.10819774208357558 0.11381969793001201 0.18518964812392358 0.05437764257658273 0.031809833919396624
leaf_count=8 13 6 16 43 11 24 34 54 13 28
internal_value=0.000526768 0.00492684 0.00985964 0.00277398 0.0162469 -0.0335666 -0.0336706 -0.0335541 -0.033445 -0.0333984
internal_weight=2.02515 1.79366 1.5904 1.18717 0.866001 0.231488 0.203256 0.321172 0.12329 0.0689127
internal_count=250 172 130 124 54 78 42 70 54 41
is_linear=0
shrinkage=0.05


Tree=374
num_leaves=10
num_cat=0
split_feature=6 25 1 13 25 6 1 5 27
split_gain=0.240327 0.498505 0.603994 0.601784 0.655293 0.45001 0.539644 0.537471 0.397297
threshold=1.0309105536361274 -0.0075082184389771425 0.0053640621676356312 76.376538252059802 0.0096212394955369502 0.75637751874617609 0.0074115308530028354 0.016244102895053441 0.0052541965779281394
decision_type=2 2 2 2 2 2 2 2 2
left_child=5 -2 -3 4 -4 -1 7 -7 -8
right_child=1 2 3 -5 -6 6 8 -9 -10
leaf_value=0.0090238319902620594 0.022328171916565481 -0.017493997845673639 0.027965541623557993 -0.011652278713828275 0.0010598016880187867 0.014146655636800365 -0.0055641701152066248 -0.011012054507358926 -0.026522828953998098
leaf_weight=5.5268204826861647 3.1517922095954445 3.5958926528692272 3.9166002720594388 3.6054803170263758 5.3600063174962997 4.2960627041757125 4.6145389378070814 4.1964911445975304 4.4336630441248417
leaf_count=33 21 21 29 18 26 29 26 21 26
internal_value=4.29117e-05 0.00410935 0.000624579 0.00568218 0.0124195 -0.0034175 -0.00733756 0.00171479 -0.015834
internal_weight=42.6973 19.6298 16.478 12.8821 9.27661 23.0676 17.5408 8.49255 9.0482
internal_count=250 115 94 73 55 135 102 50 52
is_linear=0
shrinkage=0.05


Tree=375
num_leaves=9
num_cat=0
split_feature=32 25 5 16 21 29 18 24
split_gain=0.241114 0.680628 0.651169 0.382283 0.470046 0.57109 0.531253 0.335285
threshold=-0.44808815786432149 0.0011382053501360902 0.053610340431897309 0.0065641166196733405 -0.00081513905586688684 0.003175188418431341 -0.28416721157259472 -0.0014114887956193643
decision_type=2 2 2 2 2 2 2 2
left_child=1 -1 3 7 5 -5 -6 -2
right_child=2 -3 -4 4 6 -7 -8 -9
leaf_value=-0.0045915276074884812 -0.022031533451461804 0.021974051154099727 -0.02185932281842809 0.0082397270085810166 0.021336707596517467 -0.018202918070125883 0.0011955971263162219 0.00043834706701909102
leaf_weight=5.6380824409425241 3.1214423626661301 4.2125336565077305 3.7149357125163069 3.8304589726030844 5.475847501307725 4.3730244226753712 8.1420338004827482 3.5463112145662334
leaf_count=29 21 25 20 24 32 25 52 22
internal_value=-7.63608e-05 0.00676902 -0.00217023 0.000397191 0.00359883 -0.00585603 0.00929448 -0.0100807
internal_weight=42.0547 9.85062 32.2041 28.4891 21.8214 8.20348 13.6179 6.66775
internal_count=250 54 196 176 133 49 84 43
is_linear=0
shrinkage=0.05


Tree=376
num_leaves=11
num_cat=0
split_feature=2 24 24 14 23 24 3 0 24 26
split_gain=0.118566 0.132396 0.0894828 0.223325 0.0819996 1.44116e-06 1.37382e-06 1.15017e-06 1.21009e-07 1.57155e-08
threshold=0.077523004792089636 -0.01645309018349694 -0.014431264418244492 0.61987951204463421 0.0085765641708744917 0.005796248179469444 -0.056421398442117791 -0.01695203042326265 0.00095079554912336228 0.025141671794802759
decision_type=2 2 2 2 2 2 2 2 2 2
left_child=1 6 -3 7 -5 8 -1 -4 9 -2
right_child=5 2 3 4 -6 -7 -8 -9 -10 -11
leaf_value=-0.033806891354761247 -0.033418120826571238 0.030441758167262106 -0.033657018761153512 0.00037014202595821215 0.031322520828356668 -0.033694830513417678 -0.033540017266520006 -0.033461458416195564 -0.033497218039346181 -0.033369257595916912
leaf_weight=0.086101289256475866 0.035487247689161561 0.39773054933175434 0.1304224897176024 0.4208970186591614 0.43524436804000288 0.10494555873447098 0.10961735477030732 0.17752845239010651 0.052320461662020534 0.030682575132232159
leaf_count=8 13 6 16 43 11 24 34 54 13 28
internal_value=0.000747357 0.00510883 0.00996679 0.0029712 0.0161057 -0.0335599 -0.0336574 -0.0335443 -0.0334404 -0.0333955
internal_weight=1.98098 1.75754 1.56182 1.16409 0.856141 0.223436 0.195719 0.307951 0.11849 0.0661698
internal_count=250 172 130 124 54 78 42 70 54 41
is_linear=0
shrinkage=0.05


Tree=377
num_leaves=9
num_cat=0
split_feature=32 25 5 25 32 17 28 28
split_gain=0.2393 0.712289 0.681456 0.377596 1.17421 0.716951 0.798605 0.765574
threshold=-0.44808815786432149 0.0011382053501360902 0.053610340431897309 -0.0028790390695633823 -0.21158971715261238 0.0036300672447236418 -0.015216044620010359 -0.0044504972991431515
decision_type=2 2 2 2 2 2 2 2
left_child=1 -1 3 4 -2 7 -7 -5
right_child=2 -3 -4 5 -6 6 -8 -9
leaf_value=0.0048448957987387055 0.013429178093901246 -0.022164050942335662 0.022169607011393606 0.026457480299390729 -0.025904580282314384 -0.025603300395499091 0.0035716019788167522 -0.00098025081437477964
leaf_weight=5.6941988915204984 3.2074521891772747 4.2728071287274361 3.7496145293116561 5.0030321106314659 4.6453754361718884 3.5026643946766853 7.1005525439977628 5.1689706221222931
leaf_count=29 25 25 20 36 29 20 37 29
internal_value=4.08747e-05 -0.00673371 0.00212633 -0.000498872 -0.00983888 0.00303156 -0.00606603 0.0125148
internal_weight=42.3447 9.96701 32.3777 28.628 7.85283 20.7752 10.6032 10.172
internal_count=250 54 196 176 54 122 57 65
is_linear=0
shrinkage=0.05


Tree=378
num_leaves=8
num_cat=0
split_feature=9 16 2 31 14 26 31
split_gain=0.244031 0.531499 0.788022 0.696121 0.463265 0.573544 0.670911
threshold=83.080274963378926 0.028828211625034249 0.12844341958276875 -0.14118161075436592 0.45947659281156356 -0.005741679462094417 0.2028276526060048
decision_type=2 2 2 2 2 2 2
left_child=1 4 3 -3 -1 -6 -7
right_child=-2 2 -4 -5 5 6 -8
leaf_value=-0.013768670781154436 0.0096593692573544738 -0.039667458482385377 0.0061133257539695051 -0.0049003140034668789 0.01823710192514753 0.0064703304860427927 -0.015634162680589325
leaf_weight=3.935840722173455 5.5816929619759312 3.0566667262464762 3.7617416568100452 2.7217417843639833 5.8891915604472187 11.897925674915315 4.8248076401650897
leaf_count=30 31 22 21 20 30 65 31
internal_value=-6.99078e-05 -0.00157473 -0.011697 -0.0232915 0.00206278 0.00481841 9.27889e-05
internal_weight=41.6696 36.0879 9.54015 5.77841 26.5478 22.6119 16.7227
internal_count=250 219 63 42 156 126 96
is_linear=0
shrinkage=0.05


Tree=379
num_leaves=13
num_cat=0
split_feature=18 27 21 12 33 23 21 25 6 23 24 22
split_gain=0.114617 0.126621 0.12361 0.100752 0.0529438 2.54192e-06 1.06264e-06 8.89026e-07 6.41381e-08 6.28605e-08 2.26608e-08 9.60372e-09
threshold=-0.17374010434383533 -0.0073145777874613618 0.00070309462270634626 -0.022193471696259962 0.63500000000000012 -0.010729402531970965 0.0027557726860134584 -0.0078349671388439606 0.82913076525508345 0.0085765641708744917 -0.014431264418244492 -0.0042084289002061728
decision_type=2 2 2 2 2 2 2 2 2 2 2 2
left_child=1 6 3 -3 -4 -5 8 -2 -1 10 -9 -10
right_child=7 2 4 5 -6 -7 -8 9 11 -11 -12 -13
leaf_value=-0.033473184582436581 -0.03364804763579405 0.025939232113680856 0.0054531940973285 -0.033786721206557145 0.026884576985120714 -0.033457985091939826 -0.033654726334097447 -0.033438814756516895 -0.033407352876037896 -0.033482885423170197 -0.033384284711163052 -0.033366696368060417
leaf_weight=0.033255296642891952 0.087058156146667898 0.099864176358095968 0.51019417695351854 0.096763866604305471 0.66221215727273375 0.1498982477060059 0.098051937995478511 0.039520622638519853 0.027842639887239784 0.054361618065740913 0.036785913689527772 0.030367293977178633
leaf_count=10 11 5 33 12 19 53 10 17 14 12 24 30
internal_value=0.000641511 0.00499563 0.00980376 -0.0164323 0.0175583 -0.0335869 -0.0335404 -0.0335243 -0.0334178 -0.0334418 -0.0334125 -0.0333861
internal_weight=1.92618 1.70845 1.51893 0.346526 1.17241 0.246662 0.189517 0.217726 0.0914652 0.130668 0.0763065 0.0582099
internal_count=250 186 122 70 52 65 64 64 54 53 41 44
is_linear=0
shrinkage=0.05


Tree=380
num_leaves=8
num_cat=0
split_feature=9 16 2 31 14 26 31
split_gain=0.23949 0.481239 0.700122 0.607858 0.502141 0.584927 0.551309
threshold=83.080274963378926 0.028828211625034249 0.12844341958276875 -0.20589004908740874 0.45947659281156356 -0.005741679462094417 0.2028276526060048
decision_type=2 2 2 2 2 2 2
left_child=1 4 3 -3 -1 -6 -7
right_child=-2 2 -4 -5 5 6 -8
leaf_value=0.014458675351258599 -0.009521344404268349 0.03913527009389952 -0.0057317409979931464 0.0068940136877823702 -0.018562532185688707 -0.0059288475422670404 0.013912424586679873
leaf_weight=3.9758269004523781 5.6647429019212714 2.733097717165947 3.7633878588676453 3.1431161537766439 5.7626648005098131 11.950245283544065 4.9517276100814334
leaf_count=30 31 18 21 24 30 65 31
internal_value=3.99898e-05 0.00153289 0.0111061 0.0218898 -0.00193109 -0.00480618 -0.000116001
internal_weight=41.9448 36.2801 9.6396 5.87621 26.6405 22.6646 16.902
internal_count=250 219 63 42 156 126 96
is_linear=0
shrinkage=0.05


Tree=381
num_leaves=6
num_cat=0
split_feature=21 21 28 23 32
split_gain=0.238407 0.444984 0.555996 0.720642 0.582762
threshold=-0.0054904455152217637 -0.0031141991286803834 0.066840595175304621 -0.0098002246374394569 -0.22502480801797856
decision_type=2 2 2 2 2
left_child=-1 -2 3 -3 -5
right_child=1 2 -4 4 -6
leaf_value=0.010658319811792352 -0.016188157744716308 0.017651042207411011 0.01600819897117238 -0.01290151230835156 0.0029156575693769643
leaf_weight=4.5968388170003882 4.478917744010686 3.9265510141849509 4.9721245951950541 12.44044501334429 10.948209574446084
leaf_count=27 27 22 29 78 67
internal_value=-7.70662e-05 -0.0014193 0.000629447 -0.00216991 -0.00549751
internal_weight=41.3631 36.7662 32.2873 27.3152 23.3887
internal_count=250 223 196 167 145
is_linear=0
shrinkage=0.05


Tree=382
num_leaves=12
num_cat=0
split_feature=2 26 29 0 25 32 25 19 22 29 25
split_gain=0.111097 0.12081 0.100582 0.205608 5.3785e-06 1.21614e-06 7.67097e-07 2.31431e-07 6.13855e-08 2.4997e-08 1.36254e-08
threshold=0.077523004792089636 -0.016121076442306089 0.0055267861700197827 -0.014162892182731033 -0.0037680398937900423 -0.055361630475249078 -0.018018837677260809 -0.076062141151892401 0.0019683441909529313 7.5117859299034264e-05 -0.00094726529960864603
decision_type=2 2 2 2 2 2 2 2 2 2 2
left_child=1 6 3 -3 -5 7 -1 -2 10 -8 -9
right_child=5 2 -4 4 -6 -7 9 8 -10 -11 -12
leaf_value=-0.033625496279871471 -0.033557182368451802 0.017231682280486323 0.024535632932003407 -0.033947696727651092 -0.033518160651348099 -0.033718576086893527 -0.033446479141926243 -0.033412615219812002 -0.033470444149876065 -0.03339444945763035 -0.033365115931626534
leaf_weight=0.089122696808772162 0.044326683506369591 0.53541643242351689 0.64666424601455219 0.11445478710811563 0.20062911332934186 0.069048361852765194 0.045163028524257132 0.029534007306210697 0.036519231187412515 0.047221927641658112 0.030887631321093068
leaf_count=12 8 21 26 10 62 9 18 12 16 23 33
internal_value=0.000710737 0.00500274 0.00967312 -0.00162736 -0.0336742 -0.0335466 -0.0335208 -0.0334625 -0.0334193 -0.0334199 -0.0333883
internal_weight=1.88899 1.67867 1.49716 0.8505 0.315084 0.210316 0.181508 0.141268 0.0969409 0.092385 0.0604216
internal_count=250 172 119 93 72 78 53 69 61 41 45
is_linear=0
shrinkage=0.05


Tree=383
num_leaves=9
num_cat=0
split_feature=20 2 5 28 11 12 1 23
split_gain=0.224959 0.52921 0.373642 0.962809 0.382618 0.639984 0.620787 0.384183
threshold=0.088356501377166899 0.023423037756275415 0.030155189897340628 0.010908732969928893 37.503110084533695 0.166906297540414 0.018007980806412752 -0.0038989786443754944
decision_type=2 2 2 2 2 2 2 2
left_child=2 -2 4 -4 6 -6 7 -1
right_child=1 -3 3 -5 5 -7 -8 -9
leaf_value=-0.0071843071616252757 0.022310283150236473 -0.0032326301963204102 -0.023149801832536506 0.0046520124494887731 0.021700750407795719 -0.0064772903172436299 -0.01722100423977722 0.01559904071934675
leaf_weight=3.2706897743046248 3.4698515534400922 4.8793382942676544 5.9652512539178115 6.5154370181262493 5.0825944766402227 3.3387408778071404 4.85715426877141 4.2606421522796207
leaf_count=16 26 27 36 38 36 18 25 28
internal_value=4.43116e-05 0.00738279 -0.00179616 -0.0086361 0.00230609 0.0105292 -0.00328376 0.00570474
internal_weight=41.6397 8.34919 33.2905 12.4807 20.8098 8.42134 12.3885 7.53133
internal_count=250 53 197 74 123 54 69 44
is_linear=0
shrinkage=0.05


Tree=384
num_leaves=9
num_cat=0
split_feature=6 6 1 25 17 0 25 23
split_gain=0.240818 0.61994 0.479723 0.413088 0.706099 0.667212 0.54627 0.306512
threshold=0.75637751874617609 0.94126342539275298 0.0074115308530028354 0.0086695662645596156 -0.00098007886687046398 -0.010848610305276894 0.012133690496671014 -0.0031390389992162477
decision_type=2 2 2 2 2 2 2 2
left_child=-1 2 -2 4 5 -3 -5 -6
right_child=1 3 -4 6 7 -7 -8 -9
leaf_value=-0.010016638090394572 0.0034398135472325994 -0.0144917551089358 0.025356747843968436 0.020209671581726797 -0.032464822269467133 0.014299059400471846 -0.0042492265152320107 -0.011217911007302579
leaf_weight=5.3084555380046359 6.8636790663003904 3.521858718246218 3.9241795130074024 3.715543679893015 2.7932494208216667 4.6948582679033279 5.9202048853039742 4.3268659077584788
leaf_count=33 38 28 25 19 20 25 33 29
internal_value=-7.91754e-05 0.00139599 0.0114123 -0.00293093 -0.00802816 0.00195871 0.00518212 -0.0195532
internal_weight=41.0689 35.7604 10.7879 24.9726 15.3368 8.21672 9.63575 7.12012
internal_count=250 217 63 154 102 53 52 49
is_linear=0
shrinkage=0.05


Tree=385
num_leaves=14
num_cat=0
split_feature=26 26 21 34 29 23 23 25 25 18 21 29 3
split_gain=0.108232 0.12044 0.0782066 0.109304 0.0676751 0.0874458 2.38821e-06 7.35971e-07 7.23346e-07 1.57061e-07 5.43296e-08 2.72174e-08 5.00385e-09
threshold=0.023323893851323056 -0.016121076442306089 0.00070309462270634626 -0.41953548780020095 0.0055267861700197827 0.0085765641708744917 -0.010729402531970965 -0.013357536330666551 -0.018018837677260809 -0.80447055597681261 0.001428650189670311 -0.0027888480469836492 0.013404162989009817
decision_type=2 2 2 2 2 2 2 2 2 2 2 2 2
left_child=1 8 3 -3 5 -4 -5 -2 -1 -9 12 -10 -11
right_child=7 2 4 6 -6 -7 -8 9 11 10 -12 -13 -14
leaf_value=-0.033615521212920753 -0.033686590027313938 0.035345717265289026 -0.013334703435402474 -0.033768940387539192 0.029542251505942582 0.022321371930079881 -0.033422362865057481 -0.033509950833271622 -0.033446200040604127 -0.033385930377373856 -0.033440892224176282 -0.033391960214224907 -0.033356099311203834
leaf_weight=0.085742827184731141 0.036917781922966242 0.080539189279079104 0.32903451059246414 0.089469090205966162 0.49434054829180241 0.3601887624245137 0.11184282539761681 0.054359747329726815 0.040237084060208872 0.029613898746902234 0.057344210857991129 0.054396085703046881 0.02676033292664215
leaf_count=12 4 1 28 12 8 12 45 11 17 16 21 28 35
internal_value=0.000775354 0.00504268 0.00978812 -0.0138818 0.0154248 0.0052992 -0.0335764 -0.0334844 -0.0335103 -0.03344 -0.0334066 -0.033415 -0.0333718
internal_weight=1.85079 1.64579 1.46541 0.281851 1.18356 0.689223 0.201312 0.204996 0.180376 0.168078 0.113718 0.0946332 0.0563742
internal_count=250 163 106 58 48 40 57 87 57 83 72 45 51
is_linear=0
shrinkage=0.05


Tree=386
num_leaves=9
num_cat=0
split_feature=6 6 1 5 25 27 27 27
split_gain=0.221846 0.449939 0.508281 0.500506 0.446441 0.578089 0.834571 0.392063
threshold=1.0309105536361274 0.75637751874617609 0.0074115308530028354 0.016244102895053441 -0.0075082184389771425 -0.0031445754787510212 0.0099447874182597724 0.0052541965779281394
decision_type=2 2 2 2 2 2 2 2
left_child=1 -1 3 -3 -2 -6 -7 -4
right_child=4 2 7 -5 5 6 -8 -9
leaf_value=0.0093526221967247247 0.02162167420712989 0.013835788276008777 -0.005312743378185214 -0.010818548557003812 -0.012946844416556864 0.023973989029559856 -0.0043747655554972602 -0.026411146064766817
leaf_weight=5.3291600514203337 3.0280393697321442 4.160889698192479 4.4987888112664205 4.074245885014534 5.2301624268293407 4.4227717556059307 6.2862172611057758 4.3127161785960197
leaf_count=33 21 29 26 21 30 29 35 26
internal_value=4.39405e-05 -0.00332821 -0.00729252 0.00163832 0.0040221 0.000678622 0.00733316 -0.0156392
internal_weight=41.343 22.3758 17.0466 8.23514 18.9672 15.9392 10.709 8.8115
internal_count=250 135 102 50 115 94 64 52
is_linear=0
shrinkage=0.05


Tree=387
num_leaves=7
num_cat=0
split_feature=20 2 15 7 12 17
split_gain=0.237059 0.550481 0.413998 0.450498 0.839837 0.544273
threshold=0.088356501377166899 0.023423037756275415 0.059023398801951926 55.400799942016612 0.098957312985835558 0.0081298821331539581
decision_type=2 2 2 2 2 2
left_child=2 -2 3 4 5 -1
right_child=1 -3 -4 -5 -6 -7
leaf_value=0.0012254770781968622 -0.023592612505111302 0.0029893963103436827 0.014143248624425179 -0.014783439481724775 0.019205593582454845 -0.021134744128695954
leaf_weight=13.347743801772603 3.2656901180744153 4.8255585134029388 5.6387414410710326 4.7205156087875357 5.4850329831242552 3.4184690788388243
leaf_count=82 26 27 30 30 32 23
internal_value=-7.87138e-05 -0.00773931 0.00182202 -0.000753872 0.00222245 -0.00333356
internal_weight=40.7018 8.09125 32.6105 26.9718 22.2512 16.7662
internal_count=250 53 197 167 137 105
is_linear=0
shrinkage=0.05


Tree=388
num_leaves=14
num_cat=0
split_feature=12 27 21 20 29 23 23 21 23 18 33 29 21
split_gain=0.106089 0.112526 0.0982646 0.0863317 0.0574913 0.0815976 1.85358e-06 8.8722e-07 8.68131e-07 8.27128e-08 4.63058e-08 1.97166e-08 9.14278e-09
threshold=0.094757459096297833 -0.0073145777874613618 0.00070309462270634626 -0.19267785318032912 0.0055267861700197827 0.0085765641708744917 -0.010729402531970965 0.0027557726860134584 0.012205976298980794 -0.82799372523253945 0.67000000000000015 0.0068281342251070862 0.00020024655014716511
decision_type=2 2 2 2 2 2 2 2 2 2 2 2 2
left_child=1 7 3 -3 5 -4 -5 10 9 -2 -1 12 -11
right_child=8 2 4 6 -6 -7 -8 -9 -10 11 -12 -13 -14
leaf_value=-0.033376762660180144 -0.033485007951705677 0.024607676197832502 -0.011847915572869752 -0.033761677078523199 0.029390900743257356 0.02354031732987634 -0.033458322588834598 -0.033644947770200294 -0.033649796877130267 -0.03336007028984915 -0.033454890840702856 -0.033429860234863405 -0.033395825163333163
leaf_weight=0.039089111945941002 0.034928813111037016 0.091719596879556442 0.31184498540824257 0.084625778021290565 0.48297740868292749 0.34102728590369225 0.12434917897917386 0.093133752001449466 0.055945943488040939 0.027618032865575626 0.036838864150922745 0.031878526438958943 0.050702978216577321
leaf_count=32 8 7 24 8 10 18 39 10 9 37 12 9 27
internal_value=0.000755336 0.00504303 0.0095839 -0.0158321 0.0163123 0.0066371 -0.0335812 -0.0335415 -0.0334825 -0.033418 -0.0334147 -0.0333967 -0.0333832
internal_weight=1.80668 1.60561 1.43654 0.300695 1.13585 0.652872 0.208975 0.169062 0.201074 0.145128 0.075928 0.1102 0.078321
internal_count=250 160 106 54 52 42 47 54 90 81 44 73 64
is_linear=0
shrinkage=0.05


Tree=389
num_leaves=7
num_cat=0
split_feature=20 2 15 7 12 17
split_gain=0.23659 0.480255 0.356088 0.448616 0.768392 0.552622
threshold=0.088356501377166899 0.023423037756275415 0.059023398801951926 55.400799942016612 0.098957312985835558 0.0081298821331539581
decision_type=2 2 2 2 2 2
left_child=2 -2 3 4 5 -1
right_child=1 -3 -4 -5 -6 -7
leaf_value=-0.0017711875799786263 0.022061747459919744 -0.002498488011505858 -0.013318708929545831 0.014514555553287414 -0.018696882693570758 0.020556679842519118
leaf_weight=13.441625474020848 3.388071781024335 4.8250699155032635 5.6153481602668753 4.7253035120666018 5.4877467676997176 3.4909644499421111
leaf_count=82 26 27 30 30 32 23
internal_value=4.48854e-05 0.00763306 -0.00185746 0.000513413 -0.00243746 0.00283211
internal_weight=40.9741 8.21314 32.761 27.1456 22.4203 16.9326
internal_count=250 53 197 167 137 105
is_linear=0
shrinkage=0.05


Tree=390
num_leaves=9
num_cat=0
split_feature=32 5 25 16 6 6 27 24
split_gain=0.243465 0.613909 0.593097 0.368728 0.442542 1.14241 0.443315 0.313435
threshold=-0.44808815786432149 0.053610340431897309 0.0011382053501360902 0.0065641166196733405 1.0127699728408002 1.1565909540557251 -0.0031445754787510212 -0.0014114887956193643
decision_type=2 2 2 2 2 2 2 2
left_child=2 3 -1 7 6 -6 -5 -2
right_child=1 -3 -4 4 5 -7 -8 -9
leaf_value=-0.0038450086632675542 -0.021885838344301026 -0.02155387055006374 0.021487039669667727 -0.0020522386428903244 -0.019028528146870571 0.011988854271912224 0.020692122229197848 0.00021457962864087187
leaf_weight=5.4252621531486493 3.0138054229319096 3.6269091963767996 4.0247122645378113 3.4925614390522242 5.6659148596227151 6.2357369437813759 5.5420586131513137 3.4303430598229232
leaf_count=29 21 20 25 23 39 38 33 22
internal_value=-8.21565e-05 -0.00222344 0.00694383 0.000337143 0.00355625 -0.00277732 0.0118997 -0.0101214
internal_weight=40.4573 31.0073 9.44997 27.3804 20.9363 11.9017 9.03462 6.44415
internal_count=250 196 54 176 133 77 56 43
is_linear=0
shrinkage=0.05


Tree=391
num_leaves=13
num_cat=0
split_feature=18 27 21 12 33 23 21 25 23 6 24 22
split_gain=0.104881 0.115006 0.107533 0.086925 0.0480391 1.6993e-06 8.51787e-07 7.1286e-07 5.40505e-08 5.24887e-08 1.78364e-08 7.02271e-09
threshold=-0.17374010434383533 -0.0073145777874613618 0.00070309462270634626 -0.022193471696259962 0.63500000000000012 -0.010729402531970965 0.0027557726860134584 -0.0078349671388439606 0.0085765641708744917 0.82913076525508345 -0.014431264418244492 -0.0042084289002061728
decision_type=2 2 2 2 2 2 2 2 2 2 2 2
left_child=1 6 3 -3 -4 -5 9 -2 10 -1 -9 -11
right_child=7 2 4 5 -6 -7 -8 8 -10 11 -12 -13
leaf_value=-0.03346366868820088 -0.03362819940765073 0.025282740495690383 0.00528925463244644 -0.03372864623995938 0.026367499052910717 -0.033441911793703115 -0.033634677482418177 -0.033429824844759808 -0.033473657399918248 -0.033399829106104305 -0.033378423885510801 -0.033362765733744165
leaf_weight=0.030295597855001577 0.079463973874226213 0.088511794572695757 0.48072306325775549 0.085687974235042597 0.61757886398117989 0.13016022823285367 0.089956550160422921 0.035389254073379561 0.050536357681266963 0.024677047069417313 0.032264407811453677 0.026511521122301929
leaf_count=10 11 5 33 12 19 53 10 17 12 14 24 30
internal_value=0.000818128 0.00512888 0.0098538 -0.0164448 0.0171416 -0.0335557 -0.0335286 -0.0335124 -0.0334345 -0.0334115 -0.0334053 -0.0333806
internal_weight=1.77176 1.5741 1.40266 0.30436 1.0983 0.215848 0.171441 0.197654 0.11819 0.0814842 0.0676537 0.0511886
internal_count=250 186 122 70 52 65 64 64 53 54 41 44
is_linear=0
shrinkage=0.05


Tree=392
num_leaves=7
num_cat=0
split_feature=32 5 25 17 2 28
split_gain=0.241307 0.640261 0.622573 0.364532 0.645525 0.525238
threshold=-0.44808815786432149 0.053610340431897309 0.0011382053501360902 -0.0077593080244436176 1.0000000180025095e-35 -0.016342637180907057
decision_type=2 2 2 2 2 2
left_child=2 3 -1 -2 -5 -6
right_child=1 -3 -4 4 5 -7
leaf_value=0.004110200743406252 -0.011970187800153704 0.021830158466442713 -0.021689335350073571 0.018176055104696734 -0.015520151089941309 0.0035881902511025682
leaf_weight=5.4771048501133901 5.484423033893111 3.6578639522194853 4.0803530924022198 5.0272778868675294 5.166161313653002 11.834321945905677
leaf_count=29 38 20 25 39 31 68
internal_value=4.60206e-05 0.00217717 -0.00690436 -0.000435781 0.00243603 -0.00221851
internal_weight=40.7275 31.17 9.55746 27.5122 22.0278 17.0005
internal_count=250 196 54 176 138 99
is_linear=0
shrinkage=0.05


Tree=393
num_leaves=6
num_cat=0
split_feature=21 21 28 23 33
split_gain=0.229836 0.433403 0.526282 0.647623 0.560985
threshold=-0.0054904455152217637 -0.0031141991286803834 0.066840595175304621 -0.0098002246374394569 0.97500000000000009
decision_type=2 2 2 2 2
left_child=-1 -2 3 -3 -5
right_child=1 2 -4 4 -6
leaf_value=0.010603165664628402 -0.016255335470793539 0.016909534949942084 0.015776490343389842 -0.0011517630800930362 -0.020080269426042584
leaf_weight=4.4749387949705115 4.3250679075717917 3.818268038332465 4.8475793413817874 17.657035874202855 5.029261400923132
leaf_count=27 27 22 29 111 34
internal_value=-7.81934e-05 -0.00141794 0.000628897 -0.00214154 -0.00534797
internal_weight=40.1522 35.6772 31.3521 26.5046 22.6863
internal_count=250 223 196 167 145
is_linear=0
shrinkage=0.05


Tree=394
num_leaves=12
num_cat=0
split_feature=2 26 23 20 11 32 25 19 22 29 25
split_gain=0.100882 0.108533 0.0925023 0.170169 0.150912 1.03577e-06 5.93113e-07 1.62463e-07 4.96944e-08 2.2716e-08 9.6465e-09
threshold=0.077523004792089636 -0.016121076442306089 0.0065918573927026278 -0.13373297955387745 32.731569957733164 -0.055361630475249078 -0.018018837677260809 -0.076062141151892401 0.0019683441909529313 7.5117859299034264e-05 -0.00094726529960864603
decision_type=2 2 2 2 2 2 2 2 2 2 2
left_child=1 6 3 -3 -5 7 -1 -2 10 -8 -9
right_child=5 2 -4 4 -6 -7 9 8 -10 -11 -12
leaf_value=-0.03360411953994849 -0.033533747462182441 0.028802011159578381 0.024631605181385741 0.032972004330350253 -0.033677171921904434 -0.033697360930327068 -0.033439970833787996 -0.03340377530796497 -0.033459967495474488 -0.033387599257454582 -0.033361067034396938
leaf_weight=0.080633108766051009 0.040261715417727828 0.29160031001083531 0.58665369544178247 0.10840440358151682 0.39226048515411094 0.064254122087732068 0.041143493494018801 0.02590841063647531 0.033272454864345491 0.041680969501612708 0.027000764413969591
leaf_count=12 8 12 26 6 75 9 18 12 16 23 33
internal_value=0.000773819 0.00501558 0.00958213 -0.00156165 -0.0192462 -0.0335339 -0.0335076 -0.0334508 -0.0334121 -0.0334136 -0.033382
internal_weight=1.73307 1.54238 1.37892 0.792265 0.500665 0.190697 0.163458 0.126443 0.0861816 0.0828245 0.0529092
internal_count=250 172 119 93 81 78 53 69 61 41 45
is_linear=0
shrinkage=0.05


Tree=395
num_leaves=6
num_cat=0
split_feature=16 12 12 2 25
split_gain=0.235236 0.678534 0.562313 0.656887 0.56751
threshold=0.064590031862178793 0.18948306875824386 0.098957312985835558 0.063906602940913562 0.0080400305515768728
decision_type=2 2 2 2 2
left_child=1 2 3 4 -1
right_child=-2 -3 -4 -5 -6
leaf_value=0.0028509518288151493 -0.011126053345983686 0.018549458960294977 -0.014667497226319126 0.019467980251361233 -0.016767477270261504
leaf_weight=15.654237411916265 4.2207866236567488 4.948656737804412 6.3432345502078524 4.4288745261728755 4.8216562569141379
leaf_count=101 25 30 37 27 30
internal_value=4.44991e-05 0.00134706 -0.00137723 0.0020078 -0.00176879
internal_weight=40.4174 36.1967 31.248 24.9048 20.4759
internal_count=250 225 195 158 131
is_linear=0
shrinkage=0.05


Tree=396
num_leaves=7
num_cat=0
split_feature=21 21 13 20 17 25
split_gain=0.215293 0.408027 0.509494 0.469203 0.97138 0.663419
threshold=-0.0054904455152217637 -0.0031141991286803834 77.04088666412683 0.088356501377166899 -0.00068483043084496744 0.0080400305515768728
decision_type=2 2 2 2 2 2
left_child=-1 -2 3 5 -5 -3
right_child=1 2 -4 4 -6 -7
leaf_value=0.010278734881918695 -0.015820108680762293 -0.0035807180492075825 0.018579810702573356 0.0054210880405372351 -0.034259125875833463 0.016091075311480459
leaf_weight=4.4577246084809294 4.2989068627357474 15.591309426352391 3.5020837970077983 3.1823904253542423 2.9928060639649621 5.9106532782316199
leaf_count=27 27 103 20 16 24 33
internal_value=-7.81144e-05 -0.00137942 0.00061162 -0.00166196 -0.0138099 0.00182684
internal_weight=39.9359 35.4781 31.1792 27.6772 6.1752 21.502
internal_count=250 223 196 176 40 136
is_linear=0
shrinkage=0.05


Tree=397
num_leaves=13
num_cat=0
split_feature=18 27 21 12 33 23 21 25 23 6 24 22
split_gain=0.0985812 0.107646 0.0991779 0.0789277 0.0434858 1.31515e-06 6.98246e-07 6.0048e-07 4.50967e-08 4.45326e-08 1.5365e-08 6.22779e-09
threshold=-0.17374010434383533 -0.0073145777874613618 0.00070309462270634626 -0.022193471696259962 0.63500000000000012 -0.010729402531970965 0.0027557726860134584 -0.0078349671388439606 0.0085765641708744917 0.82913076525508345 -0.014431264418244492 -0.0042084289002061728
decision_type=2 2 2 2 2 2 2 2 2 2 2 2
left_child=1 6 3 -3 -4 -5 9 -2 10 -1 -9 -11
right_child=7 2 4 5 -6 -7 -8 8 -10 11 -12 -13
leaf_value=-0.03345696560990509 -0.033611984737960961 0.02451684525144391 0.0053556494934279449 -0.033695641283587145 0.025778152661599087 -0.03343363016641706 -0.033615615840369213 -0.033424657997027034 -0.033465705501283992 -0.033396697115310812 -0.033375502828802639 -0.033360747476004961
leaf_weight=0.028586128231836372 0.074944427935406566 0.082680154824629093 0.46821171080227919 0.079031844099517579 0.58800169220194221 0.1215581671276601 0.08481916505843401 0.033761879574740306 0.047895515628624707 0.023422033176757395 0.030045538151171169 0.02480638146516867
leaf_count=10 11 5 33 12 19 53 10 17 12 14 24 30
internal_value=0.000766984 0.00502802 0.00967916 -0.0165923 0.016725 -0.0335369 -0.0335167 -0.0335025 -0.033429 -0.0334075 -0.0334015 -0.0333782
internal_weight=1.68776 1.50112 1.33948 0.28327 1.05621 0.20059 0.161634 0.186647 0.111703 0.0768145 0.0638074 0.0482284
internal_count=250 186 122 70 52 65 64 64 53 54 41 44
is_linear=0
shrinkage=0.05


Tree=398
num_leaves=8
num_cat=0
split_feature=16 12 19 25 32 6 26
split_gain=0.214974 0.621167 0.54453 0.792409 0.748975 0.94474 0.741688
threshold=0.064590031862178793 0.18948306875824386 1.0000000180025095e-35 0.0080400305515768728 -0.20222446722515539 1.0309105536361274 -0.005741679462094417
decision_type=2 2 2 2 2 2 2
left_child=1 2 3 6 5 -4 -1
right_child=-2 -3 4 -5 -6 -7 -8
leaf_value=-0.01568839622147981 -0.010648081922739557 0.017850438955499304 0.0015069561824268675 -0.022516217930438343 -0.010038682942449082 0.036045230365566443 0.0091094469973757794
leaf_weight=4.7599063031375417 4.2079119123518458 4.8955663181841365 4.837208114564417 5.5745482668280593 4.344917230308055 3.3519260287284851 8.2269696593284642
leaf_count=29 25 30 34 30 25 23 54
internal_value=4.54012e-05 0.00129564 -0.0013107 -0.00674786 0.00674109 0.015644 2.06245e-05
internal_weight=40.199 35.991 31.0955 18.5614 12.5341 8.18913 12.9869
internal_count=250 225 195 113 82 57 83
is_linear=0
shrinkage=0.05


Tree=399
num_leaves=9
num_cat=0
split_feature=6 6 22 19 29 32 23 27
split_gain=0.210142 0.57415 0.473693 0.397255 0.710971 0.906986 0.501779 0.269293
threshold=0.75637751874617609 0.94126342539275298 0.0047125331936265233 0.03084171737534214 0.00055872193595185593 -0.1735390864362204 -0.0028308116163004988 -0.0020918071227466468
decision_type=2 2 2 2 2 2 2 2
left_child=-1 2 7 4 -3 -6 -5 -2
right_child=1 3 -4 6 5 -7 -8 -9
leaf_value=-0.0095613694314110719 0.0096521933091481271 -0.025521737810033945 -0.0024988496718381225 0.01862491372065455 0.0085413097910432851 -0.02054304717947986 -0.0064016623197122677 0.030033932313181546
leaf_weight=5.0904218629002562 3.3832796588540077 4.0727781448513332 3.9756938815116882 4.0199346747249365 7.8955943770706654 4.0583273936063033 3.991595730185507 3.1106677353382093
leaf_count=33 22 29 23 23 48 30 24 18
internal_value=-7.78416e-05 0.00132112 0.0110937 -0.00293524 -0.00747977 -0.00133276 0.00615589 0.0194153
internal_weight=39.5983 34.5079 10.4696 24.0382 16.0267 11.9539 8.01153 6.49395
internal_count=250 217 63 154 107 78 47 40
is_linear=0
shrinkage=0.05


Tree=400
num_leaves=11
num_cat=0
split_feature=26 23 19 31 3 29 28 25 18 14
split_gain=0.0958313 0.0864282 0.096467 0.0909868 0.0465072 0.0706738 3.1862e-06 5.92959e-07 8.75413e-08 2.10275e-08
threshold=0.023323893851323056 -0.0091884185435142634 -0.0066954261023005604 0.25961374734135506 -0.0185489535232603 0.0010278688378831948 -0.019957427510860489 -0.013357536330666551 -0.53188899530935607 0.85376332448027881
decision_type=2 2 2 2 2 2 2 2 2 2
left_child=1 -1 4 6 -3 -6 -4 -2 -9 -10
right_child=7 2 3 -5 5 -7 -8 8 9 -11
leaf_value=-0.03364574086563505 -0.033659088405645438 0.033060103134304013 -0.033836960577268538 0.027187443959947478 0.027520206801194422 -0.0035605555174859195 -0.033435613027265436 -0.033464871328412041 -0.033408586732460888 -0.033351735972857725
leaf_weight=0.13177414867095638 0.034286813111975789 0.28871749970130622 0.077277714794035668 0.086398345709312707 0.31459658424137138 0.43691508640768006 0.13732791956863388 0.077553261042339727 0.044415002790629043 0.025662931308033876
leaf_count=31 4 6 8 8 11 46 53 24 21 38
internal_value=0.000765497 0.00499384 0.00879012 -0.0161378 0.0160033 0.00945042 -0.0335801 -0.0334718 -0.0334283 -0.0333878
internal_weight=1.65493 1.47301 1.34123 0.301004 1.04023 0.751512 0.214606 0.181918 0.147631 0.0700779
internal_count=250 163 132 69 63 57 61 87 83 59
is_linear=0
shrinkage=0.05


Tree=401
num_leaves=8
num_cat=0
split_feature=24 1 22 23 20 21 18
split_gain=0.209218 0.327284 0.374839 0.587502 0.603934 0.523315 0.502724
threshold=0.026022165992401817 -0.037387331153708063 0.0044847557986847928 0.0045796882368773781 -0.042053121181332746 0.0020307765680508409 -0.30179203506357727
decision_type=2 2 2 2 2 2 2
left_child=1 -1 3 6 -5 -4 -3
right_child=-2 2 5 4 -6 -7 -8
leaf_value=-0.014076038907381126 0.010629861093789546 0.0027708766310398066 0.023222636984535552 -0.0089065141409147373 0.021026602103425392 -0.0046378498471615773 -0.014494340812398039
leaf_weight=4.3320863246917716 4.1793118007481089 7.2411943152546945 3.8224689923226824 2.7060805186629295 4.4663042016327372 3.0148741602897644 10.092941367998721
leaf_count=25 27 47 26 16 32 21 56
internal_value=4.55535e-05 -0.00119436 0.000586037 -0.00230211 0.00973309 0.0109378 -0.00728194
internal_weight=39.8553 35.6759 31.3439 24.5065 7.17238 6.83734 17.3341
internal_count=250 223 198 151 48 47 103
is_linear=0
shrinkage=0.05


Tree=402
num_leaves=6
num_cat=0
split_feature=1 12 12 13 14
split_gain=0.257645 0.453994 0.389148 0.497277 0.441903
threshold=0.12249230229076892 0.18948306875824386 0.098957312985835558 69.331278032146614 0.5123331456651935
decision_type=2 2 2 2 2
left_child=1 2 3 4 -1
right_child=-2 -3 -4 -5 -6
leaf_value=-0.0066894828356036072 0.013561162361576728 -0.01658123935038169 0.012118117880798569 -0.018445427964542346 0.0075719081657991604
leaf_weight=10.070451762527236 3.1809861883521071 4.2750506326556197 6.1076084747910491 3.8684075511991969 11.792325034737585
leaf_count=71 18 27 37 28 69
internal_value=-8.05499e-05 -0.00128214 0.000772095 -0.00192102 0.00100281
internal_weight=39.2948 36.1138 31.8388 25.7312 21.8628
internal_count=250 232 205 168 140
is_linear=0
shrinkage=0.05


Tree=403
num_leaves=12
num_cat=0
split_feature=12 24 24 14 23 23 0 21 18 29 21
split_gain=0.0937302 0.0999418 0.0728643 0.179817 0.0796836 7.5783e-07 5.98196e-07 2.438e-07 6.39339e-08 1.32252e-08 6.69724e-09
threshold=0.094757459096297833 -0.01645309018349694 -0.014431264418244492 0.61987951204463421 0.0085765641708744917 0.012205976298980794 -0.01695203042326265 0.0020652006836550112 -0.82799372523253945 0.0068281342251070862 0.00020024655014716511
decision_type=2 2 2 2 2 2 2 2 2 2 2
left_child=1 7 -3 6 -5 8 -4 -1 -2 10 -10
right_child=5 2 3 4 -6 -7 -8 -9 9 -11 -12
leaf_value=-0.033530208194453771 -0.033471868344167911 0.030448567046659436 -0.033596767332943422 -0.0014541134502168273 0.031731634239483844 -0.033638758492510135 -0.033442129649810616 -0.033657685398016057 -0.033355888980385225 -0.033418544874513768 -0.033388981275269888
leaf_weight=0.072867309252614976 0.031306788499932736 0.31416585482656934 0.11293086246587314 0.35508197601302527 0.36872059421148151 0.050504360231570899 0.14015441226365533 0.077289701555855572 0.023227025914820953 0.027921787113882601 0.044737231597537175
leaf_count=31 8 6 17 33 11 9 53 9 37 9 27
internal_value=0.000787852 0.00501235 0.00950271 0.00276654 0.0154514 -0.0334749 -0.0335111 -0.0335958 -0.0334098 -0.0333896 -0.0333777
internal_weight=1.61891 1.44121 1.29105 0.976888 0.723803 0.177697 0.253085 0.150157 0.127193 0.095886 0.0679643
internal_count=250 160 120 114 44 90 70 40 81 73 64
is_linear=0
shrinkage=0.05


Tree=404
num_leaves=7
num_cat=0
split_feature=24 23 16 16 26 1
split_gain=0.203884 0.678271 0.325424 0.853888 0.585431 0.67144
threshold=-0.01875576505210402 -0.0076160357651788848 0.064590031862178793 0.038269650399355169 -0.018659883451528688 0.0074115308530028354
decision_type=2 2 2 2 2 2
left_child=1 -1 3 4 -2 -6
right_child=2 -3 -4 -5 5 -7
leaf_value=-0.0084501888081762056 -0.021682969152439294 0.021163643125753077 -0.015798611803689227 0.022111709748657251 0.016017091551675796 -0.0051246766174641578
leaf_weight=3.633114542812109 3.6944381482899251 4.1332670096307984 3.6382105052471152 3.8072804622352114 4.934880178421742 15.71369309350848
leaf_count=21 23 27 21 26 36 96
internal_value=4.7775e-05 0.00731029 -0.00172656 9.21456e-05 -0.00335174 -7.19259e-05
internal_weight=39.5549 7.76638 31.7885 28.1503 24.343 20.6486
internal_count=250 48 202 181 155 132
is_linear=0
shrinkage=0.05


Tree=405
num_leaves=6
num_cat=0
split_feature=1 12 12 13 14
split_gain=0.240316 0.418742 0.358364 0.471132 0.416272
threshold=0.12249230229076892 0.18948306875824386 0.098957312985835558 69.331278032146614 0.5123331456651935
decision_type=2 2 2 2 2
left_child=1 2 3 4 -1
right_child=-2 -3 -4 -5 -6
leaf_value=-0.0065065502823237675 0.013140333648135251 -0.016047279024793932 0.011633363363136452 -0.01803153637344963 0.0073649871959563422
leaf_weight=10.023123970255265 3.1582885086536399 4.2170601300895205 6.0828116461634627 3.833157066255807 11.746903093531726
leaf_count=71 18 27 37 28 69
internal_value=-8.25803e-05 -0.00124576 0.000724158 -0.00186765 0.000978402
internal_weight=39.0613 35.9031 31.686 25.6032 21.77
internal_count=250 232 205 168 140
is_linear=0
shrinkage=0.05


Tree=406
num_leaves=11
num_cat=0
split_feature=19 21 27 18 0 27 23 17 3 32
split_gain=0.0906949 0.077639 0.0889999 0.0425696 0.0969681 0.0617802 1.13971e-06 1.20547e-07 7.95038e-08 1.07035e-08
threshold=0.011424485563714228 0.00070309462270634626 0.036012807292363121 -0.72809652776535205 -0.014162892182731033 -0.0062363175374047777 -0.010729402531970965 -0.0021625484397514313 0.0013399445409465474 -0.22502480801797856
decision_type=2 2 2 2 2 2 2 2 2 2
left_child=1 2 6 -3 -5 -6 -1 -2 -8 -9
right_child=7 3 -4 4 5 -7 8 9 -10 -11
leaf_value=-0.033671432445451975 -0.033468003455694187 0.025222588562869214 0.03161460948831981 0.020233747432014827 0.0094702716492984351 -0.033720624317972583 -0.033467546559512604 -0.033360464188295406 -0.033394493094494847 -0.033400096605990547
leaf_weight=0.066787503776140289 0.10289979353547096 0.357434086734429 0.068808904150500894 0.42533131560776383 0.14271234253828879 0.19720352638978489 0.062773153971647955 0.030465362506220117 0.091573403682559729 0.038646947505185492
leaf_count=15 34 8 2 15 14 27 16 37 55 27
internal_value=0.000845482 0.00501958 -0.0180462 0.0109765 0.00432245 -0.0155871 -0.0334989 -0.0334337 -0.0334242 -0.0333826
internal_weight=1.58464 1.41262 0.289943 1.12268 0.765247 0.339916 0.221134 0.172012 0.154347 0.0691123
internal_count=250 152 88 64 56 41 86 98 71 64
is_linear=0
shrinkage=0.05


Tree=407
num_leaves=6
num_cat=0
split_feature=7 7 14 19 24
split_gain=0.191898 0.454733 0.427812 0.386525 0.412139
threshold=85.83805084228517 79.672200012207057 0.37842151621520809 -0.071780892959792661 0.0019046647635662108
decision_type=2 2 2 2 2
left_child=1 2 -1 -4 -5
right_child=-2 -3 3 4 -6
leaf_value=0.019071936815612096 0.010764336502864477 -0.01874073662876273 0.015417466308235775 0.0027606297749179754 -0.0098191096180320694
leaf_weight=2.8912688195705405 3.7762652039527884 3.3094407245516768 3.1649073585867873 14.018122253939515 12.157671440392731
leaf_count=25 19 21 24 84 77
internal_value=4.79662e-05 -0.00109065 0.000721591 -0.00108668 -0.00308219
internal_weight=39.3177 35.5414 32.232 29.3407 26.1758
internal_count=250 231 210 185 161
is_linear=0
shrinkage=0.05


Tree=408
num_leaves=7
num_cat=0
split_feature=30 20 28 28 28 6
split_gain=0.208846 0.456131 0.410541 0.567476 0.546086 0.542395
threshold=-0.01322337341609031 0.088356501377166899 -0.018494661262625275 -0.0056053388432018561 -0.037891354757429212 0.98532698012708131
decision_type=2 2 2 2 2 2
left_child=-1 2 4 -4 -2 -5
right_child=1 -3 3 5 -6 -7
leaf_value=0.0088909861467122708 -0.0012336839731035892 -0.017849205425524924 -0.016521104841064456 0.012785149083134507 0.026829800046748231 -0.0055292286764768769
leaf_weight=5.5601880587637416 3.9569885097444057 3.8135266285389653 5.6275785192847279 6.7524773217737701 3.0849099569022682 10.073981238529084
leaf_count=36 25 26 37 42 20 64
internal_value=-7.95158e-05 -0.00157692 0.000526924 -0.0027765 0.0110603 0.00182035
internal_weight=38.8697 33.3095 29.4959 22.454 7.0419 16.8265
internal_count=250 214 188 143 45 106
is_linear=0
shrinkage=0.05


Tree=409
num_leaves=12
num_cat=0
split_feature=18 27 21 27 33 23 21 25 23 6 22
split_gain=0.0887596 0.0983384 0.0852761 0.0735272 0.0388151 9.37624e-07 5.88151e-07 4.75049e-07 3.33141e-08 3.02263e-08 4.44588e-09
threshold=-0.17374010434383533 -0.0073145777874613618 0.00070309462270634626 0.028632941006752625 0.63500000000000012 -0.010729402531970965 0.0027557726860134584 -0.0078349671388439606 0.0033813377423780326 0.82913076525508345 -0.0042084289002061728
decision_type=2 2 2 2 2 2 2 2 2 2 2
left_child=1 6 3 5 -4 -3 9 -2 -9 -1 -11
right_child=7 2 4 -5 -6 -7 -8 8 -10 10 -12
leaf_value=-0.033442689900511809 -0.033591067068876816 -0.033659828186051156 0.0052709159385473875 0.025590302254478687 0.025260200804893447 -0.03342529318870166 -0.033599188258156013 -0.033383588985569652 -0.033442877392382823 -0.033390218726343367 -0.033357986526734648
leaf_weight=0.025204419594956451 0.068239108775742352 0.069474682561121659 0.44057037917082198 0.074401755293365568 0.54115241608815268 0.11022117032553069 0.080076303915120661 0.038707452185917757 0.061083870939910412 0.020846874045673758 0.021976428688503802
leaf_count=10 11 11 33 8 19 51 10 31 22 14 30
internal_value=0.000826892 0.00499344 0.00960747 -0.0162092 0.0162896 -0.033516 -0.0335074 -0.0334894 -0.0334199 -0.0333992 -0.0333737
internal_weight=1.55195 1.38392 1.23582 0.254098 0.981723 0.179696 0.148104 0.16803 0.0997913 0.0680277 0.0428233
internal_count=250 186 122 70 52 62 64 64 53 54 44
is_linear=0
shrinkage=0.05


Tree=410
num_leaves=8
num_cat=0
split_feature=17 0 17 32 19 18 25
split_gain=0.279197 0.511302 0.498876 0.439911 0.451791 0.749862 0.545094
threshold=-0.036438535847279761 -0.010848610305276894 -0.015431042310796417 -0.50376969951616046 0.03084171737534214 -0.27017662432347267 0.011340410762699317
decision_type=2 2 2 2 2 2 2
left_child=-1 2 -2 -3 5 -5 -6
right_child=1 3 -4 4 6 -7 -8
leaf_value=-0.016289008236209396 0.030614074801929781 -0.01684266050120389 0.00097813374701945298 -0.0028322698424970327 -0.020436574511690134 0.017449835340864729 0.0065054525495107651
leaf_weight=2.4518291130661956 2.677944790571928 4.0116022676229468 3.023028476163744 11.781475409865385 4.539475265890359 7.4318811856210258 3.2013422772288322
leaf_count=15 18 24 24 78 28 44 19
internal_value=4.62044e-05 0.00113851 0.0148992 -0.00139491 0.000904188 0.00501301 -0.00929426
internal_weight=39.1186 36.6667 5.70097 30.9658 26.9542 19.2134 7.74082
internal_count=250 235 42 193 169 122 47
is_linear=0
shrinkage=0.05


Tree=411
num_leaves=6
num_cat=0
split_feature=1 12 12 21 6
split_gain=0.222021 0.401504 0.340683 0.456387 0.590477
threshold=0.12249230229076892 0.18948306875824386 0.098957312985835558 -0.0054904455152217637 1.0338457275283963
decision_type=2 2 2 2 2
left_child=1 2 3 -1 -5
right_child=-2 -3 -4 4 -6
leaf_value=0.01545728698601396 0.012710515703354394 -0.015840119523487215 0.011407280803736009 0.0010036807474283706 -0.016785342011110815
leaf_weight=3.3234534673392799 3.1199606806039801 4.1380583979189387 6.0337250828742972 15.297190254554158 6.7115462888032189
leaf_count=21 18 27 37 99 48
internal_value=-7.74951e-05 -0.00120126 0.000730024 -0.00181313 -0.00442107
internal_weight=38.6239 35.504 31.3659 25.3322 22.0087
internal_count=250 232 205 168 147
is_linear=0
shrinkage=0.05


Tree=412
num_leaves=12
num_cat=0
split_feature=12 24 24 14 23 23 3 0 18 29 0
split_gain=0.0876966 0.0927963 0.0658686 0.166073 0.0746844 7.13396e-07 6.23377e-07 4.8222e-07 6.4579e-08 9.01037e-09 4.26103e-09
threshold=0.094757459096297833 -0.01645309018349694 -0.014431264418244492 0.61987951204463421 0.0085765641708744917 0.012205976298980794 -0.056421398442117791 -0.01695203042326265 -0.82799372523253945 0.0054051952553386693 -0.0085860453957697352
decision_type=2 2 2 2 2 2 2 2 2 2 2
left_child=1 6 -3 7 -5 8 -1 -4 -2 10 -10
right_child=5 2 3 4 -6 -7 -8 -9 9 -11 -12
leaf_value=-0.033692982891489323 -0.033469888922507192 0.030139155368486315 -0.03357821121193922 -0.0014085142656831277 0.031508201029634281 -0.033635105156058893 -0.033481145498127585 -0.033433704710361271 -0.033387419601715283 -0.033402184795798921 -0.033357116317356307
leaf_weight=0.066979488532524556 0.029815826186677441 0.29393345303833462 0.10476727609056957 0.33946424155146815 0.34997770853806287 0.048048383090645075 0.072124732272641157 0.12858955410774819 0.020133493351750076 0.039919670147355646 0.027370989220799058
leaf_count=8 8 6 17 33 11 9 32 53 11 19 43
internal_value=0.00091155 0.00510331 0.00952618 0.00296046 0.0153008 -0.0334728 -0.0335831 -0.0334986 -0.0334063 -0.0333847 -0.03337
internal_weight=1.52112 1.35584 1.21673 0.922799 0.689442 0.165288 0.139104 0.233357 0.11724 0.0874242 0.0475045
internal_count=250 160 120 114 44 90 40 70 81 73 54
is_linear=0
shrinkage=0.05


Tree=413
num_leaves=6
num_cat=0
split_feature=1 12 12 21 6
split_gain=0.215204 0.4196 0.303282 0.418146 0.552599
threshold=0.12249230229076892 0.18948306875824386 0.098957312985835558 -0.0054904455152217637 1.0338457275283963
decision_type=2 2 2 2 2
left_child=1 2 3 -1 -5
right_child=-2 -3 -4 4 -6
leaf_value=-0.015086160134960431 -0.012556875547911669 0.016057388292574724 -0.010910968605152208 -0.0012367444976062226 0.015835317515151427
leaf_weight=3.2893652170896557 3.1178414449095717 4.1648609153926364 6.0321938432753077 15.415499929338699 6.8445827178657046
leaf_count=21 18 27 37 99 48
internal_value=4.13381e-05 0.00114017 -0.000827058 0.00155374 0.00401261
internal_weight=38.8643 35.7465 31.5816 25.5494 22.2601
internal_count=250 232 205 168 147
is_linear=0
shrinkage=0.05


Tree=414
num_leaves=9
num_cat=0
split_feature=28 28 30 13 28 28 28 28
split_gain=0.250707 0.345576 0.912617 0.578133 0.61868 0.635947 0.559936 1.00482
threshold=-0.068588206371994961 -0.018494661262625275 0.0033555050217708442 51.892607802561741 -0.0056053388432018561 0.030355154475230076 0.0063923203327502795 0.034849967132094768
decision_type=2 2 2 2 2 2 2 2
left_child=-1 2 -2 6 -5 -6 -3 -8
right_child=1 3 -4 4 5 -7 7 -9
leaf_value=-0.017457565107540634 -0.0092546529653781667 0.027133716485561815 0.026769222658262499 -0.021397001649256248 0.0074911446669257177 -0.013476922856601079 -0.021017988879674921 0.018554561210801065
leaf_weight=1.9692850932478894 3.1675085891038171 2.8651151396334189 3.9512404464185238 5.0857580713927772 8.7243842799216491 6.175984598696231 2.9386537345126271 3.5323676057159901
leaf_count=12 26 18 25 33 56 38 19 23
internal_value=-8.07319e-05 0.000858318 0.0107403 -0.00154079 -0.00633928 -0.00119981 0.00873147 0.00058367
internal_weight=38.4103 36.441 7.11875 29.3223 19.9861 14.9004 9.33614 6.47102
internal_count=250 238 51 187 127 94 60 42
is_linear=0
shrinkage=0.05


Tree=415
num_leaves=11
num_cat=0
split_feature=2 24 29 0 25 32 3 19 22 6
split_gain=0.0849529 0.0926271 0.0674298 0.16065 3.62764e-06 7.98646e-07 6.0124e-07 8.90078e-08 2.6336e-08 4.68857e-09
threshold=0.077523004792089636 -0.01645309018349694 0.0055267861700197827 -0.014162892182731033 -0.0028790390695633823 -0.055361630475249078 -0.056421398442117791 -0.076062141151892401 0.0019683441909529313 1.1276370039775407
decision_type=2 2 2 2 2 2 2 2 2 2
left_child=1 6 3 -3 -5 7 -1 -2 9 -9
right_child=5 2 -4 4 -6 -7 -8 8 -10 -11
leaf_value=-0.033681040932411394 -0.033497157100000098 0.017593005826276525 0.022970487954679434 -0.033822102496130095 -0.033432254213666322 -0.033664008503446634 -0.033472343738456999 -0.033357434828133851 -0.033436358365531237 -0.033390745777263184
leaf_weight=0.064713406609371305 0.03346443991176784 0.42181450227508299 0.52648743218742311 0.10970065696164943 0.13084755509044066 0.05657544534187775 0.073944131952884962 0.022226812783628702 0.027136535572935827 0.020130804827203974
leaf_count=8 8 27 29 16 58 9 34 31 16 14
internal_value=0.00096073 0.00510364 0.00961418 -0.00100225 -0.03361 -0.0335131 -0.0335697 -0.0334302 -0.0333979 -0.0333733
internal_weight=1.48704 1.32751 1.18885 0.662363 0.240548 0.159534 0.138658 0.102959 0.0694942 0.0423576
internal_count=250 172 130 101 74 78 42 69 61 45
is_linear=0
shrinkage=0.05


Tree=416
num_leaves=8
num_cat=0
split_feature=17 0 15 32 19 18 25
split_gain=0.279192 0.476886 0.701898 0.414677 0.420474 0.711081 0.52653
threshold=-0.036438535847279761 -0.010848610305276894 0.019814289361238045 -0.50376969951616046 0.03084171737534214 -0.27017662432347267 0.011340410762699317
decision_type=2 2 2 2 2 2 2
left_child=-1 2 -2 -3 5 -5 -6
right_child=1 3 -4 4 6 -7 -8
leaf_value=-0.016390317577349933 -0.0065669645968926662 -0.016440949291449524 0.029353523518442677 -0.0027690989998547522 -0.019987402717682713 0.017091202328861549 0.0066152556991795194
leaf_weight=2.422509938478469 2.3143588602542868 3.9464998580515376 3.2978845741599798 11.653534648939972 4.4877075850963584 7.3493645433336523 3.1765838786959648
leaf_count=15 17 24 25 78 28 44 19
internal_value=4.32693e-05 0.00114222 0.0145407 -0.00131406 0.000924581 0.00491187 -0.00896152
internal_weight=38.6484 36.2259 5.61224 30.6137 26.6672 19.0029 7.66429
internal_count=250 235 42 193 169 122 47
is_linear=0
shrinkage=0.05


Tree=417
num_leaves=6
num_cat=0
split_feature=1 12 12 13 14
split_gain=0.201999 0.348043 0.308058 0.425234 0.375761
threshold=0.12249230229076892 0.18948306875824386 0.098957312985835558 69.331278032146614 0.5123331456651935
decision_type=2 2 2 2 2
left_child=1 2 3 4 -1
right_child=-2 -3 -4 -5 -6
leaf_value=-0.0062719184243150887 0.012198847250073513 -0.014954455858846943 0.01084592587437766 -0.017398813132912389 0.0070628781955944424
leaf_weight=9.7794819390401333 3.0793563425540915 4.0435514897108069 5.9714783914387217 3.7167576197534791 11.489993669092653
leaf_count=71 18 27 37 28 69
internal_value=-7.84956e-05 -0.00115864 0.000643308 -0.00179502 0.000931678
internal_weight=38.0806 35.0013 30.9577 24.9862 21.2695
internal_count=250 232 205 168 140
is_linear=0
shrinkage=0.05


Tree=418
num_leaves=12
num_cat=0
split_feature=18 27 21 27 33 23 21 25 6 25 22
split_gain=0.0824297 0.0916476 0.0752129 0.0745078 0.0355692 7.54749e-07 4.78917e-07 4.06801e-07 2.13395e-08 2.03057e-08 3.49723e-09
threshold=-0.17374010434383533 -0.0073145777874613618 0.00070309462270634626 0.029780827147088299 0.63500000000000012 -0.010729402531970965 0.0027557726860134584 -0.0078349671388439606 0.82913076525508345 0.004539819047931438 -0.0042084289002061728
decision_type=2 2 2 2 2 2 2 2 2 2 2
left_child=1 6 3 5 -4 -3 8 -2 -1 -9 -10
right_child=7 2 4 -5 -6 -7 -8 9 10 -11 -12
leaf_value=-0.033431406758483849 -0.033576000791131481 -0.0336352494986175 0.0053671907680945437 0.02789952994617096 0.025063960065982535 -0.033416780415332983 -0.033580658935205808 -0.033431319130262059 -0.033386069284955515 -0.033383308326270837 -0.033356289386469444
leaf_weight=0.022927104102563933 0.063924450252670795 0.063986409426433744 0.41830689570633695 0.070093829912366346 0.50701641547493637 0.10344626844744198 0.074780221213586628 0.052671465266030393 0.019171155043295585 0.037848444917472079 0.02029554625187302
leaf_count=10 11 11 33 5 19 54 10 20 14 33 30
internal_value=0.00105476 0.00515747 0.00971709 -0.0153813 0.0161597 -0.0335003 -0.0334953 -0.0334794 -0.033393 -0.0334112 -0.0333708
internal_weight=1.45447 1.30002 1.16285 0.237527 0.925323 0.167433 0.137174 0.154444 0.0623938 0.0905199 0.0394667
internal_count=250 186 122 70 52 65 64 64 54 53 44
is_linear=0
shrinkage=0.05


Tree=419
num_leaves=8
num_cat=0
split_feature=17 0 15 32 19 18 25
split_gain=0.255606 0.456182 0.659802 0.387782 0.402472 0.656475 0.49702
threshold=-0.036438535847279761 -0.010848610305276894 0.019814289361238045 -0.50376969951616046 0.03084171737534214 -0.27017662432347267 0.011340410762699317
decision_type=2 2 2 2 2 2 2
left_child=-1 2 -2 -3 5 -5 -6
right_child=1 3 -4 4 6 -7 -8
leaf_value=-0.015724085298233586 -0.0061588499935040534 -0.016011381333518992 0.028887476675710528 -0.0026137350402449578 -0.019549902919329828 0.016557105670992549 0.0063870947520055996
leaf_weight=2.4102524667978278 2.2996802367269984 3.907540548592805 3.2281891535967588 11.57335570082069 4.4711751379072657 7.2710974961519268 3.1470850892364979
leaf_count=15 17 24 25 78 28 44 19
internal_value=3.79826e-05 0.00109627 0.0143077 -0.00130841 0.00086266 0.0047833 -0.00883539
internal_weight=38.3084 35.8981 5.52787 30.3703 26.4627 18.8445 7.61826
internal_count=250 235 42 193 169 122 47
is_linear=0
shrinkage=0.05


Tree=420
num_leaves=7
num_cat=0
split_feature=6 6 1 4 4 30
split_gain=0.197818 0.531135 0.480968 0.354414 0.415532 0.422277
threshold=0.75637751874617609 0.94126342539275298 0.0074115308530028354 0.01494038276071398 0.017429090360635034 0.013367705183397473
decision_type=2 2 2 2 2 2
left_child=-1 2 -2 -3 -5 -6
right_child=1 3 -4 4 5 -7
leaf_value=-0.0094897064441293276 0.0027600709538533733 -0.015752790211656782 0.025640774774983378 0.01646780842026891 0.0015777442812124351 -0.01734216579920168
leaf_weight=4.8639041166752568 6.4347343109548074 4.3345499802380827 3.571585938334465 3.2164362203329828 11.469409827142952 3.9699820317327967
leaf_count=33 38 34 25 20 71 29
internal_value=-7.61837e-05 0.00131142 0.0109269 -0.00287363 0.000118749 -0.00328719
internal_weight=37.8606 32.9967 10.0063 22.9904 18.6558 15.4394
internal_count=250 217 63 154 120 100
is_linear=0
shrinkage=0.05


Tree=421
num_leaves=13
num_cat=0
split_feature=19 21 27 18 0 27 23 25 18 17 23 0
split_gain=0.0805219 0.0619272 0.0814533 0.0359842 0.085513 0.0573807 7.32205e-07 1.02369e-07 5.037e-08 3.42264e-08 7.37458e-09 1.49852e-09
threshold=0.011424485563714228 0.00070309462270634626 0.036012807292363121 -0.72809652776535205 -0.014162892182731033 -0.0062363175374047777 -0.010729402531970965 -0.023137800489974488 -0.80447055597681261 -0.0012036243658705111 0.0065918573927026278 0.00070716344024091004
decision_type=2 2 2 2 2 2 2 2 2 2 2 2
left_child=1 2 6 -3 -5 -6 -1 -2 -8 -9 11 -11
right_child=7 3 -4 4 5 -7 8 9 -10 10 -12 -13
leaf_value=-0.033625359678728171 -0.033503227981794996 0.024555665201570393 0.031512166710488815 0.019926669183558933 0.0097441218658913323 -0.033689042711394619 -0.033454926403043227 -0.03342716044393703 -0.033389746609613295 -0.033371462137426339 -0.03339769777085326 -0.033350924111462683
leaf_weight=0.05787732910539467 0.031584686366841197 0.31857891846448183 0.064646200044080615 0.38857769849710166 0.13217095605796203 0.1790707664331419 0.045019134908215852 0.063761743018403649 0.086769467830891123 0.015997011621948443 0.020394134073285386 0.019967235755757429
leaf_count=15 6 8 2 15 14 27 11 30 60 13 14 35
internal_value=0.0010098 0.00511414 -0.0169568 0.0106256 0.00428429 -0.0152448 -0.0334771 -0.0334231 -0.033412 -0.0334021 -0.0333737 -0.0333601
internal_weight=1.42442 1.27271 0.254312 1.0184 0.699819 0.311242 0.189666 0.151705 0.131789 0.12012 0.0563584 0.0359642
internal_count=250 152 88 64 56 41 86 98 71 92 62 48
is_linear=0
shrinkage=0.05


Tree=422
num_leaves=9
num_cat=0
split_feature=17 0 15 15 23 32 29 0
split_gain=0.24442 0.426004 0.701524 0.369325 0.515648 0.462474 0.389207 0.320531
threshold=-0.036438535847279761 -0.010848610305276894 0.019512027577583305 0.017494283628147211 0.0045796882368773781 -0.48679616497350858 0.0011913588246637021 0.033995309272674364
decision_type=2 2 2 2 2 2 2 2
left_child=-1 2 -2 4 6 -5 -3 -7
right_child=1 3 -4 5 -6 7 -8 -9
leaf_value=-0.015404319588793389 -0.0080131501444440055 -0.014270808966559545 0.028547016169702361 -0.021728380667435054 0.023680908910045789 -0.0065151716088000418 0.0093930144094226849 0.0083231306163397117
leaf_weight=2.4008892476558676 2.187029603868722 3.0717027056962269 3.2797902822494507 3.4863038137555149 3.0606420561671257 11.205682052299382 4.0007645301520824 5.3901792913675299
leaf_count=15 16 19 26 22 23 72 24 33
internal_value=3.79696e-05 0.00107701 0.0139209 -0.00124683 0.00653524 -0.00517352 -0.00088462 -0.00169583
internal_weight=38.083 35.6821 5.46682 30.2153 10.1331 20.0822 7.07247 16.5959
internal_count=250 235 42 193 66 127 43 105
is_linear=0
shrinkage=0.05


Tree=423
num_leaves=9
num_cat=0
split_feature=28 28 30 13 28 28 28 28
split_gain=0.232797 0.336503 0.864532 0.549847 0.559996 0.614883 0.51099 0.946034
threshold=-0.068588206371994961 -0.018494661262625275 0.0033555050217708442 51.892607802561741 -0.0056053388432018561 0.030355154475230076 0.0063923203327502795 0.034849967132094768
decision_type=2 2 2 2 2 2 2 2
left_child=-1 2 -2 6 -5 -6 -3 -8
right_child=1 3 -4 4 5 -7 7 -9
leaf_value=-0.01688624885126205 -0.0089901091356802878 0.026483417380887855 0.026363508917390234 -0.020860846137497443 0.0072575030165099759 -0.013591668903207269 -0.02052612745942245 0.018242147230753212
leaf_weight=1.952129341661929 3.10961715504527 2.7726654652506131 3.895467147231102 4.9308509826660183 8.5473656635731441 6.0319930352270594 2.8661064635962248 3.4894136227667332
leaf_count=12 26 18 25 33 56 38 19 23
internal_value=-7.3993e-05 0.000846784 0.0106697 -0.00155596 -0.00629486 -0.00136853 0.00857279 0.000759077
internal_weight=37.5956 35.6435 7.00508 28.6384 19.5102 14.5794 9.12819 6.35552
internal_count=250 238 51 187 127 94 60 42
is_linear=0
shrinkage=0.05


Tree=424
num_leaves=12
num_cat=0
split_feature=27 27 5 18 23 25 21 19 6 25 2
split_gain=0.078642 0.0952034 0.12057 0.056975 0.110207 1.77736e-06 5.01073e-07 1.42598e-07 1.94284e-08 3.94805e-09 6.92328e-10
threshold=-0.0073145777874613618 -0.0062363175374047777 0.017217289075567663 -0.75735966557968848 -0.0055986241854407695 -0.0037680398937900423 0.0027557726860134584 -0.012081906300309196 0.68413014275797779 -0.0016703033581055291 0.023423037756275415
decision_type=2 2 2 2 2 2 2 2 2 2 2
left_child=6 -2 5 -4 -5 -3 8 -7 -1 -10 -11
right_child=1 2 3 4 -6 7 -8 -9 9 10 -12
leaf_value=-0.03342997833804514 0.033530134002321875 -0.033737063768983548 0.020650335564440903 0.020955269674921884 -0.033518469874062477 -0.033523204967236653 -0.033570016000280228 -0.033403465099704148 -0.033384570937887215 -0.033365205942437866 -0.033349308477343291
leaf_weight=0.018540424469392858 0.23783652955899004 0.12714232708094642 0.40687054506270193 0.1846611439832484 0.18674604517582383 0.044338510400848463 0.076185943325981498 0.056610127416206302 0.025825110671576113 0.013810742602800019 0.013585149339633062
leaf_count=7 6 16 19 18 63 11 12 36 20 17 25
internal_value=0.000981754 0.00507966 -0.00164409 0.007725 -0.00643449 -0.0336127 -0.0334807 -0.0334561 -0.0333859 -0.0333705 -0.0333573
internal_weight=1.39215 1.24421 1.00637 0.778278 0.371407 0.228091 0.147947 0.100949 0.0717614 0.053221 0.0273959
internal_count=250 169 163 100 81 63 81 47 69 62 42
is_linear=0
shrinkage=0.05


Tree=425
num_leaves=6
num_cat=0
split_feature=15 15 32 32 25
split_gain=0.190013 0.618781 0.397116 0.484453 0.60143
threshold=0.014115441256163019 0.015519237629037176 -0.05061643838151314 -0.11889196967284486 0.0005742204483144554
decision_type=2 2 2 2 2
left_child=-1 -2 3 4 -3
right_child=1 2 -4 -5 -6
leaf_value=-0.012268902783216101 0.020567938470015645 0.0064672530235412723 -0.018013867210772833 0.01539071461148632 -0.0096066641099251827
leaf_weight=2.8963811919093123 3.6404650378972283 10.729055678471928 3.1615115553140667 4.6656830068677655 12.717322085052727
leaf_count=18 27 72 20 33 80
internal_value=3.74252e-05 0.00105833 -0.00121273 0.000676744 -0.00225124
internal_weight=37.8104 34.914 31.2736 28.1121 23.4464
internal_count=250 232 205 185 152
is_linear=0
shrinkage=0.05


Tree=426
num_leaves=9
num_cat=0
split_feature=28 28 30 13 28 28 32 8
split_gain=0.218233 0.312275 0.818354 0.515288 0.525617 0.575143 0.447939 0.598706
threshold=-0.068588206371994961 -0.018494661262625275 0.0033555050217708442 51.892607802561741 -0.0056053388432018561 0.030355154475230076 -0.44808815786432149 -0.00035410109592037749
decision_type=2 2 2 2 2 2 2 2
left_child=-1 2 -2 6 -5 -6 -3 -8
right_child=1 3 -4 4 5 -7 7 -9
leaf_value=-0.016432337657246523 -0.0088088710411298298 0.025939278818310343 0.025729490548792467 -0.020292504417901425 0.007025023984044922 -0.013181214388233021 -0.01408143607907651 0.016388949169939781
leaf_weight=1.9334512725472439 3.0955188758671275 2.5866095200181007 3.84579236805439 4.8794886916875866 8.5222078626975399 6.0017463248223057 3.1914304010570049 3.2577353902161139
leaf_count=12 26 16 25 33 56 38 26 18
internal_value=-7.50868e-05 0.000818793 0.0103269 -0.0015019 -0.00609472 -0.00132482 0.00836073 0.00131039
internal_weight=37.314 35.3805 6.94131 28.4392 19.4034 14.524 9.03578 6.44917
internal_count=250 238 51 187 127 94 60 44
is_linear=0
shrinkage=0.05


Tree=427
num_leaves=11
num_cat=0
split_feature=26 19 32 30 27 28 25 18 17 14
split_gain=0.0782713 0.0662155 0.0740303 0.0471582 0.141509 1.70223e-06 5.08417e-07 5.42887e-08 2.12899e-08 9.67366e-09
threshold=0.023323893851323056 -0.0080194077406610647 0.12606106264613362 0.0080446166049941165 0.023806916904363099 -0.019957427510860489 -0.023137800489974488 -0.53188899530935607 -0.0021625484397514313 0.85376332448027881
decision_type=2 2 2 2 2 2 2 2 2 2
left_child=1 3 5 4 -1 -3 -2 -8 -7 -9
right_child=6 2 -4 -5 -6 8 7 9 -10 -11
leaf_value=-0.033623943178385352 -0.033649902407030627 -0.033730662966939794 0.026089554438397795 0.020386748058154991 0.027642449224626921 -0.033433193462877583 -0.033443971285125058 -0.033391506355900755 -0.033391149589487544 -0.03334773230101807
leaf_weight=0.18458317636395793 0.027792104985564947 0.065531590196769574 0.07198826243984513 0.57802886546414811 0.19258541247108951 0.069797584554180392 0.062792791737592779 0.035584988494520187 0.05295325598854117 0.019557727675419301
leaf_count=34 3 11 6 38 6 25 24 22 43 38
internal_value=0.00116923 0.00532078 -0.0170361 0.0114126 -0.00234081 -0.0335249 -0.0334575 -0.0334122 -0.0334151 -0.033376
internal_weight=1.3612 1.21547 0.260271 0.955197 0.377169 0.188282 0.145728 0.117936 0.122751 0.0551427
internal_count=250 163 85 78 40 79 87 84 68 60
is_linear=0
shrinkage=0.05


Tree=428
num_leaves=6
num_cat=0
split_feature=4 5 32 32 6
split_gain=0.194813 0.384516 0.3329 0.413221 0.410045
threshold=0.012202648130476267 0.01368699949439719 -0.05061643838151314 -0.11889196967284486 0.76667627887458334
decision_type=2 2 2 2 2
left_child=-1 -2 3 4 -3
right_child=1 2 -4 -5 -6
leaf_value=-0.012150974692610218 0.01667562717003401 0.014951673879280562 -0.015857271326242948 0.014100526600603961 -0.0044780299535510182
leaf_weight=3.0173509344458571 3.5533122457563868 3.1530746407806935 3.2394374385476139 4.9964931923896065 19.563964299857616
leaf_count=18 27 22 19 35 129
internal_value=3.22524e-05 0.0010976 -0.000690717 0.0010821 -0.00178123
internal_weight=37.5236 34.5063 30.953 27.7135 22.717
internal_count=250 232 205 186 151
is_linear=0
shrinkage=0.05


Tree=429
num_leaves=8
num_cat=0
split_feature=2 31 28 17 17 23 24
split_gain=0.213641 0.519346 0.424367 0.699149 0.689974 1.30417 0.610099
threshold=0.12844341958276875 -0.29482026384589571 0.027411814453044085 0.0013964580941816242 0.0055179287799006684 -0.0024304760216820038 -0.01512156427481298
decision_type=2 2 2 2 2 2 2
left_child=1 -1 4 -4 6 -6 -3
right_child=-2 2 3 -5 5 -7 -8
leaf_value=-0.01543855961469714 0.0082304358472574789 -0.027949368226462941 0.026706215713002354 -0.0054463092542550925 0.032855624771382187 -0.012509457836153435 -0.0027108189039998301
leaf_weight=5.6922996919602182 6.4054902605712405 3.3347951397299829 3.6823343262076369 3.1261120084673166 3.2316943183541298 3.1078161206096402 8.4919522330164892
leaf_count=38 39 22 24 22 19 23 63
internal_value=-7.46864e-05 -0.0018094 0.001297 0.0119433 -0.00269309 0.0106163 -0.00982735
internal_weight=37.0725 30.667 24.9747 6.80845 18.1663 6.33951 11.8267
internal_count=250 211 173 46 127 42 85
is_linear=0
shrinkage=0.05


Tree=430
num_leaves=13
num_cat=0
split_feature=18 27 21 27 29 23 25 21 6 23 14 22
split_gain=0.0758638 0.083963 0.0666594 0.0678515 0.0329171 5.51656e-07 4.10592e-07 3.97831e-07 1.23242e-08 1.2106e-08 5.43835e-09 2.61938e-09
threshold=-0.17374010434383533 -0.0073145777874613618 0.00070309462270634626 0.029780827147088299 0.0055267861700197827 -0.010729402531970965 -0.0078349671388439606 0.0027557726860134584 0.82913076525508345 0.0085765641708744917 0.83380505554163886 -0.0042084289002061728
decision_type=2 2 2 2 2 2 2 2 2 2 2 2
left_child=1 7 3 5 -4 -3 -2 8 -1 10 -8 -10
right_child=6 2 4 -5 -6 -7 9 -9 11 -11 -12 -13
leaf_value=-0.033416632892288939 -0.033573821274510141 -0.033606133824590649 0.0072920660134221564 0.02781207209624912 0.027013631740778428 -0.033408848114580857 -0.033365957390021947 -0.033565129083349278 -0.033381251153779733 -0.033423532589235826 -0.033400573747431002 -0.033353947444037794
leaf_weight=0.019772946048760676 0.060483373992610723 0.057532549544702993 0.46993499709060416 0.064625971834175289 0.38486104330513626 0.092249135530437343 0.021543627604842297 0.06945320381782949 0.017179774848045781 0.034274960969923995 0.023969905363628641 0.017974373062315863
leaf_count=10 11 11 38 5 14 54 21 10 14 12 20 30
internal_value=0.00130798 0.0053958 0.00991887 -0.0150088 0.0161715 -0.0334846 -0.0334756 -0.0334856 -0.0333851 -0.0334011 -0.0333842 -0.0333673
internal_weight=1.33386 1.19358 1.0692 0.214408 0.854796 0.149782 0.140272 0.12438 0.0549271 0.0797885 0.0455135 0.0351541
internal_count=250 186 122 70 52 65 64 64 54 53 41 44
is_linear=0
shrinkage=0.05


Tree=431
num_leaves=6
num_cat=0
split_feature=1 12 12 13 14
split_gain=0.198005 0.328051 0.269949 0.368539 0.383132
threshold=0.12249230229076892 0.18948306875824386 0.098957312985835558 69.331278032146614 0.5123331456651935
decision_type=2 2 2 2 2
left_child=1 2 3 4 -1
right_child=-2 -3 -4 -5 -6
leaf_value=0.0064024614846714045 -0.012292157798664261 0.014682567951053799 -0.010336000607036419 0.016326032145058508 -0.0071847376839559822
leaf_weight=9.6301670968532651 2.9991114661097518 3.9378857389092436 5.8213650360703459 3.6385303623974314 11.248632462695239
leaf_count=71 18 27 37 28 69
internal_value=2.74751e-05 0.00110541 -0.00065687 0.00164133 -0.000917759
internal_weight=37.2757 34.2766 30.3387 24.5173 20.8788
internal_count=250 232 205 168 140
is_linear=0
shrinkage=0.05


Tree=432
num_leaves=8
num_cat=0
split_feature=2 31 28 30 30 17 29
split_gain=0.200032 0.491858 0.402818 0.673774 0.763084 0.657763 0.420983
threshold=0.12844341958276875 -0.29482026384589571 0.027411814453044085 0.0060549121341574317 -0.0012763081063315027 0.0013964580941816242 0.003175188418431341
decision_type=2 2 2 2 2 2 2
left_child=1 -1 3 4 -3 -4 -5
right_child=-2 2 5 6 -6 -7 -8
leaf_value=-0.015067702538845235 0.007980395783225026 -0.0020461978897724151 0.026152468887126957 -0.0034942500005639057 -0.033245273169779863 -0.0051687247584127263 0.017861911641615085
leaf_weight=5.6541976910084513 6.3730854429304591 5.8235364574939057 3.6325188949704161 4.788697721436618 2.9540458638221034 3.1124838385730982 4.4537968263030052
leaf_count=38 39 46 24 33 22 22 26
internal_value=-7.41461e-05 -0.00176164 0.00127631 -0.00262506 -0.0125461 0.0116993 0.00679691
internal_weight=36.7924 30.4193 24.7651 18.0201 8.77758 6.745 9.24249
internal_count=250 211 173 127 68 46 59
is_linear=0
shrinkage=0.05


Tree=433
num_leaves=12
num_cat=0
split_feature=2 26 29 0 25 32 25 29 21 29 8
split_gain=0.0741414 0.0826322 0.0685314 0.13894 2.39826e-06 5.3527e-07 2.97697e-07 7.98379e-08 1.67151e-08 6.67579e-09 2.56786e-09
threshold=0.077523004792089636 -0.016121076442306089 0.0055267861700197827 -0.014162892182731033 -0.0037680398937900423 -0.055361630475249078 -0.018018837677260809 0.0097147697742379097 0.00070309462270634626 -2.3432179061921851e-05 0.044686883531408386
decision_type=2 2 2 2 2 2 2 2 2 2 2
left_child=1 6 3 -3 -5 7 -1 8 10 -8 -2
right_child=5 2 -4 4 -6 -7 9 -9 -10 -11 -12
leaf_value=-0.033548561919287505 -0.033375360607608741 0.016849819381656913 0.024458483854465821 -0.033789308705011678 -0.033446250777364087 -0.033624895238294802 -0.033410182736243819 -0.033494865907724457 -0.033414525335638996 -0.033376988300831904 -0.033346226425871546
leaf_weight=0.061959068712894805 0.017738641312462278 0.37906979932449736 0.45639232268149499 0.083975945337442459 0.1295191354074634 0.049430909974034987 0.028895389143144712 0.024942226009443402 0.031902771341265179 0.031832645210670196 0.013184768627979793
leaf_count=12 15 21 26 10 62 9 17 5 17 24 32
internal_value=0.00128261 0.00535486 0.00989602 -0.00131996 -0.0335812 -0.0334933 -0.0334715 -0.0334192 -0.0333891 -0.0333928 -0.0333629
internal_weight=1.30884 1.17164 1.04896 0.592565 0.213495 0.137199 0.122687 0.0877684 0.0628262 0.060728 0.0309234
internal_count=250 172 119 93 72 78 53 69 64 41 47
is_linear=0
shrinkage=0.05


Tree=434
num_leaves=9
num_cat=0
split_feature=17 0 15 15 23 32 19 29
split_gain=0.21416 0.382767 0.665969 0.332463 0.465435 0.429281 0.381972 0.377809
threshold=-0.036438535847279761 -0.010848610305276894 0.019512027577583305 0.017494283628147211 0.0045796882368773781 -0.48679616497350858 -0.054805799949304061 0.0011913588246637021
decision_type=2 2 2 2 2 2 2 2
left_child=-1 2 -2 4 7 -5 -7 -3
right_child=1 3 -4 5 -6 6 -8 -9
leaf_value=-0.014528115074380661 -0.0081736084436747954 -0.014302775083966424 0.028009331278201946 -0.021197673053533289 0.022911941523358736 0.013547687546145798 -0.0054941021204124099 0.0093891325835652895
leaf_weight=2.3652275912463656 2.1318029761314383 2.9611474853009003 3.1519898846745491 3.3749575614929226 2.9496850781142712 3.3124382942915007 12.851779967546459 3.8975854050368071
leaf_count=15 16 19 26 22 23 26 79 24
internal_value=2.83615e-05 0.00102253 0.0134109 -0.0012079 0.00630329 -0.00497843 -0.00159198 -0.000839467
internal_weight=36.9966 34.6314 5.28379 29.3476 9.80842 19.5392 16.1642 6.85873
internal_count=250 235 42 193 66 127 105 43
is_linear=0
shrinkage=0.05


Tree=435
num_leaves=6
num_cat=0
split_feature=15 15 32 32 25
split_gain=0.201087 0.582361 0.350372 0.434705 0.525771
threshold=0.014115441256163019 0.015519237629037176 -0.05061643838151314 -0.11889196967284486 0.0005742204483144554
decision_type=2 2 2 2 2
left_child=-1 -2 3 4 -3
right_child=1 2 -4 -5 -6
leaf_value=0.012637420118464977 -0.020633549856157979 -0.0061903157061504351 0.017154449535108914 -0.014877653773974174 0.0091107624000585519
leaf_weight=2.8667992930859318 3.4451205115765324 10.370223724283283 3.0426266230642822 4.5290065156295887 12.241706708446143
leaf_count=18 27 72 20 33 80
internal_value=-7.41517e-05 -0.0011578 0.00106515 -0.00073854 0.00209342
internal_weight=36.4955 33.6287 30.1836 27.1409 22.6119
internal_count=250 232 205 185 152
is_linear=0
shrinkage=0.05


Tree=436
num_leaves=11
num_cat=0
split_feature=26 19 32 30 27 28 25 18 17 14
split_gain=0.0726721 0.0613022 0.0673283 0.0417628 0.130505 1.4257e-06 4.21485e-07 4.09114e-08 1.56842e-08 7.86215e-09
threshold=0.023323893851323056 -0.0080194077406610647 0.12606106264613362 0.0080446166049941165 0.023806916904363099 -0.019957427510860489 -0.023137800489974488 -0.53188899530935607 -0.0021625484397514313 0.85376332448027881
decision_type=2 2 2 2 2 2 2 2 2 2
left_child=1 3 5 4 -1 -3 -2 -8 -7 -9
right_child=6 2 -4 -5 -6 8 7 9 -10 -11
leaf_value=-0.033603789475964499 -0.033628385758311868 -0.033706494011770241 0.025476461822978504 0.01996936505517518 0.027235979133245283 -0.033423699549686596 -0.033434905826254219 -0.033387762665527891 -0.03338585556700497 -0.03334640411630601
leaf_weight=0.17009545027394768 0.02657141606323421 0.061941102205309906 0.067064939736155793 0.54867767669202294 0.1829466960625723 0.063364980043843278 0.057775040142587386 0.032893544645048789 0.04820765706972463 0.017660062687355094
leaf_count=34 3 11 6 38 6 25 24 22 43 38
internal_value=0.00125638 0.00535503 -0.0170696 0.0113379 -0.00207658 -0.0335141 -0.0334499 -0.0334062 -0.0334073 -0.0333733
internal_weight=1.2772 1.1423 0.240579 0.90172 0.353042 0.173514 0.1349 0.108329 0.111573 0.0505536
internal_count=250 163 85 78 40 79 87 84 68 60
is_linear=0
shrinkage=0.05


Tree=437
num_leaves=6
num_cat=0
split_feature=24 23 23 21 22
split_gain=0.200679 0.292985 0.847164 0.656708 0.459473
threshold=0.026022165992401817 0.0085765641708744917 0.0059421528627396922 0.0022411371037304177 0.0044847557986847928
decision_type=2 2 2 2 2
left_child=1 2 3 4 -1
right_child=-2 -3 -4 -5 -6
leaf_value=-0.0022600901340510226 0.010906707053229311 -0.012698859335650698 0.026593647894538587 -0.017422200804683177 0.015498925914135299
leaf_weight=14.944047261029491 3.8014834448695174 4.7602159325033417 2.8427101001143447 5.5317814797163001 4.8159383945167056
leaf_count=99 27 34 22 34 34
internal_value=3.00183e-05 -0.00122695 0.000714042 -0.00219474 0.00206817
internal_weight=36.6962 32.8947 28.1345 25.2918 19.76
internal_count=250 223 189 167 133
is_linear=0
shrinkage=0.05


Tree=438
num_leaves=9
num_cat=0
split_feature=6 6 0 14 23 0 19 23
split_gain=0.200196 0.434637 0.706203 0.469287 0.385305 0.730926 0.472402 0.314321
threshold=1.0309105536361274 1.23249633836537 0.006354026024499416 0.95917700938871298 -0.0052549473674376448 0.0019872686772199892 -0.021945697329882215 0.0067664066851379498
decision_type=2 2 2 2 2 2 2 2
left_child=4 2 -2 -4 -1 7 -7 -6
right_child=1 -3 3 -5 5 6 -8 -9
leaf_value=0.014390839166687805 -0.029920159375764588 0.0069192946075968161 0.0097476078082808192 -0.014950084237745215 0.017249430794456757 0.00011987584578380218 -0.02794565594084026 -0.0029235291828604744
leaf_weight=5.637195015326145 3.1567253805696982 5.8348089605569831 4.0958201568573713 3.6262585520744324 4.6367533877491933 2.9243075847625732 3.0770055819302797 3.3089784719049931
leaf_count=38 28 37 27 23 30 21 21 25
internal_value=-7.08677e-05 -0.0040904 -0.00999541 -0.00185033 0.00335949 -0.00109922 -0.0142699 0.00884846
internal_weight=36.2979 16.7136 10.8788 7.72208 19.5842 13.947 6.00131 7.94573
internal_count=250 115 78 50 135 97 42 55
is_linear=0
shrinkage=0.05


Tree=439
num_leaves=12
num_cat=0
split_feature=27 27 5 18 23 25 21 18 6 25 2
split_gain=0.0706781 0.0832178 0.108405 0.049787 0.0972438 1.15684e-06 3.98717e-07 1.04375e-07 1.19004e-08 2.91299e-09 4.90596e-10
threshold=-0.0073145777874613618 -0.0062363175374047777 0.017217289075567663 -0.75735966557968848 -0.0055986241854407695 -0.0037680398937900423 0.0027557726860134584 -0.4267077392991937 0.68413014275797779 -0.0016703033581055291 0.023423037756275415
decision_type=2 2 2 2 2 2 2 2 2 2 2
left_child=6 -2 5 -4 -5 -3 8 -7 -1 -10 -11
right_child=1 2 3 4 -6 7 -8 -9 9 10 -12
leaf_value=-0.033416984048443316 0.033277430334593676 -0.033683879021932824 0.020700289905704185 0.020392335428602838 -0.033502576635726589 -0.03350859749559533 -0.033554047271763109 -0.033398483600257045 -0.033379938370093891 -0.03336196464194751 -0.03334765923799024
leaf_weight=0.016137161903316266 0.21406497812131409 0.11373026808723807 0.36514226219151158 0.17096333581139322 0.1639680504013088 0.03630212000280153 0.068653888127300888 0.052852123655611538 0.022979117653449066 0.012364073045318946 0.011631392640992999
leaf_count=7 6 16 19 18 63 13 12 34 20 17 25
internal_value=0.00116297 0.0052484 -0.00139647 0.00792994 -0.0059923 -0.0335782 -0.0334707 -0.0334433 -0.0333799 -0.0333672 -0.033355
internal_weight=1.24879 1.11702 0.902958 0.700074 0.334931 0.202885 0.131766 0.0891542 0.0631117 0.0469746 0.0239955
internal_count=250 169 163 100 81 63 81 47 69 62 42
is_linear=0
shrinkage=0.05


Tree=440
num_leaves=9
num_cat=0
split_feature=6 6 0 14 22 1 20 27
split_gain=0.201775 0.420846 0.638806 0.487136 0.39634 0.464386 0.564706 0.522928
threshold=1.0309105536361274 1.23249633836537 0.006354026024499416 0.95917700938871298 -0.0056180986360817578 0.0074115308530028354 0.045975946076021852 0.0054391877774513384
decision_type=2 2 2 2 2 2 2 2
left_child=4 2 -2 -4 -1 6 -6 -7
right_child=1 -3 3 -5 5 7 -8 -9
leaf_value=0.0081825270918275735 0.028418570429589524 -0.0067811802232698309 -0.0098405923159264278 0.015341069248421484 -0.011328647189880404 -0.0042563846000005364 0.016498796775326049 -0.031806744788667268
leaf_weight=5.3674876168370274 3.2515667043626326 5.8445649333298197 4.0867037642747164 3.6232730373740196 4.1263086870312673 3.7080693785101175 3.266241978853941 3.2163395695388317
leaf_count=37 28 37 27 23 26 25 26 21
internal_value=3.06941e-05 0.00405455 0.00983203 0.00199343 -0.00340477 -0.0077489 0.00096632 -0.0170533
internal_weight=36.4906 16.8061 10.9615 7.70998 19.6844 14.317 7.39255 6.92441
internal_count=250 115 78 50 135 98 52 46
is_linear=0
shrinkage=0.05


Tree=441
num_leaves=7
num_cat=0
split_feature=2 31 20 23 23 3
split_gain=0.189951 0.473298 0.376907 0.511017 0.695269 0.689479
threshold=0.12844341958276875 -0.29482026384589571 -0.10113077917364348 0.0045796882368773781 0.0085765641708744917 0.030066634366301307
decision_type=2 2 2 2 2 2
left_child=1 -1 -3 5 -5 -4
right_child=-2 2 3 4 -6 -7
leaf_value=-0.014876250089887022 0.0078488411472285007 0.015950781910443655 -0.010667040588847003 -0.032755698322891623 0.0010743855442262827 0.012204922068165869
leaf_weight=5.5725525412708548 6.2482953555881968 3.7101779486984041 5.1895492579787996 2.6458508921787134 3.5652472199872136 9.0256047621369344
leaf_count=38 39 25 37 23 29 59
internal_value=-7.54546e-05 -0.00174207 0.00129032 -0.00137258 -0.0133368 0.00385502
internal_weight=35.9573 29.709 24.1364 20.4263 6.2111 14.2152
internal_count=250 211 173 148 52 96
is_linear=0
shrinkage=0.05


Tree=442
num_leaves=11
num_cat=0
split_feature=26 23 19 31 3 29 28 25 18 14
split_gain=0.0697288 0.0629054 0.0650664 0.0636658 0.0358217 0.0457661 1.23878e-06 3.5495e-07 3.88256e-08 6.97221e-09
threshold=0.023323893851323056 -0.0091884185435142634 -0.0066954261023005604 0.25961374734135506 -0.0185489535232603 0.0010278688378831948 -0.019957427510860489 -0.013357536330666551 -0.53188899530935607 0.85376332448027881
decision_type=2 2 2 2 2 2 2 2 2 2
left_child=1 -1 4 6 -3 -6 -4 -2 -9 -10
right_child=7 2 3 -5 5 -7 -8 8 9 -11
leaf_value=-0.033566207409429394 -0.033608270593235415 0.03272423763077302 -0.033701175227633259 0.026706046886348356 0.026100271347360156 -0.0029029686965430651 -0.03340185524549432 -0.033433597957596026 -0.033386172606991331 -0.033345603872022157
leaf_weight=0.094640359762706683 0.027420646045356989 0.22193836211226881 0.055205176409799495 0.06245231706998311 0.23069653697893944 0.33141520788194612 0.092463245280669182 0.055921521226991899 0.029432270472170896 0.016543824836844578
leaf_count=31 4 6 8 8 11 46 53 24 21 38
internal_value=0.0012631 0.00538581 0.00909386 -0.0156152 0.0157157 0.00900026 -0.0335138 -0.0334486 -0.0334056 -0.0333716
internal_weight=1.21813 1.08881 0.994171 0.210121 0.78405 0.562112 0.147668 0.129318 0.101898 0.0459761
internal_count=250 163 132 69 63 57 61 87 83 59
is_linear=0
shrinkage=0.05


Tree=443
num_leaves=6
num_cat=0
split_feature=24 23 23 21 22
split_gain=0.184597 0.286096 0.795728 0.596459 0.436935
threshold=0.026022165992401817 0.0085765641708744917 0.0059421528627396922 0.0022411371037304177 0.0044847557986847928
decision_type=2 2 2 2 2
left_child=1 2 3 4 -1
right_child=-2 -3 -4 -5 -6
leaf_value=-0.0022391017041621243 0.010594420341460502 -0.012585773072505038 0.026135927399454147 -0.016710208576611846 0.015178840961578717
leaf_weight=14.754354335367688 3.7120875827968112 4.6984841059893361 2.7790005132555953 5.4402259886264792 4.7627626210451117
leaf_count=99 27 34 22 34 34
internal_value=3.2493e-05 -0.00117629 0.00075645 -0.00206956 0.0020114
internal_weight=36.1469 32.4348 27.7363 24.9573 19.5171
internal_count=250 223 189 167 133
is_linear=0
shrinkage=0.05


Tree=444
num_leaves=9
num_cat=0
split_feature=6 6 1 25 25 24 16 21
split_gain=0.189851 0.483761 0.415681 0.318639 0.633546 0.659427 0.440339 0.390855
threshold=0.94126342539275298 0.75637751874617609 0.0074115308530028354 0.0086695662645596156 0.0041189901282824301 0.014531058095893947 0.027255335138541843 0.00096570780090388119
decision_type=2 2 2 2 2 2 2 2
left_child=1 -1 -3 4 5 7 -5 -2
right_child=3 2 -4 6 -6 -7 -8 -9
leaf_value=-0.0088232453620684884 -0.0048128435530150598 0.0031987573454568007 0.02523384265514186 0.01351357249562686 -0.029135422492410763 -0.023683459703812186 -0.010064894587753725 0.017575700145331483
leaf_weight=4.5853874199092379 4.4386693760752696 6.0448965802788717 3.3134534880518913 5.2501895166933519 2.7592602409422389 2.6780042182654142 3.1791885048151016 3.4760636417195201
leaf_count=33 34 38 25 31 21 23 21 24
internal_value=-7.40388e-05 0.00448153 0.0110006 -0.00299037 -0.00779546 -0.0022367 0.00462082 0.00501996
internal_weight=35.7251 13.9437 9.35835 21.7814 13.352 10.5927 8.42938 7.91473
internal_count=250 96 63 154 102 81 52 58
is_linear=0
shrinkage=0.05


Tree=445
num_leaves=11
num_cat=0
split_feature=26 23 19 31 3 29 28 25 18 14
split_gain=0.0669913 0.06093 0.0622869 0.0610338 0.0351837 0.0433231 1.11e-06 3.06775e-07 3.61339e-08 6.2481e-09
threshold=0.023323893851323056 -0.0091884185435142634 -0.0066954261023005604 0.25961374734135506 -0.0185489535232603 0.0010278688378831948 -0.019957427510860489 -0.013357536330666551 -0.53188899530935607 0.85376332448027881
decision_type=2 2 2 2 2 2 2 2 2 2
left_child=1 -1 4 6 -3 -6 -4 -2 -9 -10
right_child=7 2 3 -5 5 -7 -8 8 9 -11
leaf_value=-0.033561968489473078 -0.033595960742434726 0.032535674474925509 -0.033687510462127493 0.02626251135900028 0.025653436937231291 -0.002807340141334561 -0.033399730085507499 -0.033431092652826032 -0.033384310821239091 -0.033345217779739721
leaf_weight=0.092322371594491304 0.026279848301783204 0.21641731879208237 0.053650315850973018 0.060919535055290908 0.22530421245028254 0.32890540052903816 0.089245700306492037 0.05422348526190035 0.028428477802663221 0.015958425399730913
leaf_count=31 4 6 8 8 11 46 53 24 21 38
internal_value=0.00120351 0.00525984 0.00893797 -0.0156427 0.0154391 0.00876289 -0.0335078 -0.0334442 -0.0334037 -0.0333703
internal_weight=1.19166 1.06676 0.974442 0.203816 0.770627 0.55421 0.142896 0.12489 0.0986104 0.0443869
internal_count=250 163 132 69 63 57 61 87 83 59
is_linear=0
shrinkage=0.05


Tree=446
num_leaves=7
num_cat=0
split_feature=17 0 15 32 26 1
split_gain=0.202522 0.384154 0.550196 0.329564 0.379532 0.674861
threshold=-0.036438535847279761 -0.010848610305276894 0.019814289361238045 -0.50376969951616046 -0.03031299405182469 0.0074115308530028354
decision_type=2 2 2 2 2 2
left_child=-1 2 -2 -3 -5 -6
right_child=1 3 -4 4 5 -7
leaf_value=-0.014407520684487328 -0.005541224938823054 -0.015265144647461915 0.027614828122768303 -0.017318054447239981 0.018001068009884658 -0.0021098160196150557
leaf_weight=2.2740111090242854 2.1663723438978186 3.6593963950872412 2.9618958588689566 2.5875217169523266 5.5603838078677716 16.700479734688997
leaf_count=15 17 24 25 17 46 106
internal_value=3.37197e-05 0.00101004 0.0136085 -0.00125629 0.000806775 0.00291354
internal_weight=35.9101 33.636 5.12827 28.5078 24.8484 22.2609
internal_count=250 235 42 193 169 152
is_linear=0
shrinkage=0.05


Tree=447
num_leaves=6
num_cat=0
split_feature=1 12 12 21 6
split_gain=0.184054 0.327549 0.281525 0.375628 0.552029
threshold=0.12249230229076892 0.18948306875824386 0.098957312985835558 -0.0059037054813569903 1.0338457275283963
decision_type=2 2 2 2 2
left_child=1 2 3 -1 -5
right_child=-2 -3 -4 4 -6
leaf_value=0.016916105393049038 0.012041552118346607 -0.014934681053881453 0.010826524541745411 0.001402550687364353 -0.016400322384970672
leaf_weight=2.4187217429280308 2.8793656043708316 3.8042603060603133 5.5207170136272898 14.616047342307871 6.2019950300455085
leaf_count=17 18 27 37 103 48
internal_value=-7.54159e-05 -0.00114689 0.000677061 -0.0017343 -0.00390118
internal_weight=35.4411 32.5617 28.7575 23.2368 20.818
internal_count=250 232 205 168 151
is_linear=0
shrinkage=0.05


Tree=448
num_leaves=12
num_cat=0
split_feature=18 27 21 27 29 23 25 21 23 33 25
split_gain=0.0658746 0.0730902 0.059837 0.0565295 0.0283052 4.00338e-07 3.62239e-07 2.96781e-07 8.94094e-09 8.77704e-09 1.51192e-09
threshold=-0.17374010434383533 -0.0073145777874613618 0.00070309462270634626 0.029780827147088299 0.0055267861700197827 -0.010729402531970965 -0.0078349671388439606 0.0027557726860134584 0.0033813377423780326 0.83500000000000008 -0.0016703033581055291
decision_type=2 2 2 2 2 2 2 2 2 2 2
left_child=1 7 3 5 -4 -3 -2 9 -8 10 -1
right_child=6 2 4 -5 -6 -7 8 -9 -10 -11 -12
leaf_value=-0.033376337777140212 -0.033563606652845239 -0.033579788296965667 0.0071687563924862979 0.026900470634376061 0.026666930462975927 -0.033400544250852503 -0.033367811218532717 -0.033546196524786874 -0.03340510412643441 -0.033407790966475746 -0.033353454657559588
leaf_weight=0.012351373428828083 0.054747977002989501 0.051247181952930876 0.40462874913646374 0.055133334011770785 0.34468846634263173 0.0794406430068193 0.026403167372336722 0.061738353688269854 0.041075143468333408 0.017262419409235008 0.01736929853359459
leaf_count=12 11 11 38 5 14 54 31 10 22 12 30
internal_value=0.00126176 0.0053283 0.00983956 -0.0155586 0.016138 -0.0334708 -0.033468 -0.0334741 -0.0333905 -0.0333794 -0.033363
internal_weight=1.16609 1.04386 0.935138 0.185821 0.749317 0.130688 0.122226 0.108721 0.0674783 0.0469831 0.0297207
internal_count=250 186 122 70 52 65 64 64 53 54 42
is_linear=0
shrinkage=0.05


Tree=449
num_leaves=7
num_cat=0
split_feature=17 0 15 32 26 1
split_gain=0.183855 0.362892 0.521373 0.307359 0.362536 0.630826
threshold=-0.036438535847279761 -0.010848610305276894 0.019814289361238045 -0.50376969951616046 -0.03031299405182469 0.0074115308530028354
decision_type=2 2 2 2 2 2
left_child=-1 2 -2 -3 -5 -6
right_child=1 3 -4 4 5 -7
leaf_value=-0.013769867265284341 -0.0052850206121353022 -0.014821936474493584 0.027136796896021748 -0.01698268197467585 0.017514135642665987 -0.0020309667697343838
leaf_weight=2.2593137696385375 2.164275173097848 3.630167555063962 2.9034458417445421 2.5779642313718822 5.4955050777643981 16.594161782413721
leaf_count=15 17 24 25 17 46 106
internal_value=3.37265e-05 0.000968423 0.0132904 -0.00123826 0.000760757 0.0028315
internal_weight=35.6248 33.3655 5.06772 28.2978 24.6676 22.0897
internal_count=250 235 42 193 169 152
is_linear=0
shrinkage=0.05


Tree=450
num_leaves=7
num_cat=0
split_feature=15 15 32 33 0 5
split_gain=0.183503 0.533748 0.34125 0.413471 0.84007 0.436727
threshold=0.014115441256163019 0.015519237629037176 -0.05061643838151314 0.97500000000000009 0.017475923814407549 0.030155189897340628
decision_type=2 2 2 2 2 2
left_child=-1 -2 3 5 -5 -3
right_child=1 2 -4 4 -6 -7
leaf_value=0.012256385307010098 -0.020210336448810134 -0.0033064325089370381 0.017231713624190924 -0.029635924601065927 0.0056334667177268026 0.011925816456923526
leaf_weight=2.7782976031303397 3.2940289266407481 11.519197596237069 2.9218269903212812 3.2718154620379201 3.4884873935952783 7.955582443624734
leaf_count=18 27 80 20 28 22 55
internal_value=-7.65016e-05 -0.00113239 0.00102296 -0.000782221 -0.011436 0.00291605
internal_weight=35.2292 32.4509 29.1569 26.2351 6.7603 19.4748
internal_count=250 232 205 185 50 135
is_linear=0
shrinkage=0.05


Tree=451
num_leaves=11
num_cat=0
split_feature=2 26 29 0 25 32 6 29 21 25
split_gain=0.0637798 0.0715528 0.0631958 0.114588 1.45492e-06 3.40157e-07 2.24248e-07 7.33447e-08 8.95257e-09 2.16183e-09
threshold=0.077523004792089636 -0.016121076442306089 0.0055267861700197827 -0.014162892182731033 -0.0037680398937900423 -0.055361630475249078 0.80106905984770349 0.0097147697742379097 0.00070309462270634626 -0.00094726529960864603
decision_type=2 2 2 2 2 2 2 2 2 2
left_child=1 6 3 -3 -5 7 -1 8 9 -2
right_child=5 2 -4 4 -6 -7 -8 -9 -10 -11
leaf_value=-0.033558939903956822 -0.033375744062062923 0.01575930073634017 0.024497113725098593 -0.033722688770087328 -0.033434040522713392 -0.033588814569479583 -0.033405901721960778 -0.033487402651282965 -0.033400536171689442 -0.033346637156717929
leaf_weight=0.036223103044903726 0.011245636196690612 0.32908567634876806 0.40675348055083305 0.071521371253766008 0.11204863344028138 0.043058495677542052 0.070572647673543543 0.022853191243484616 0.026495356069062836 0.01474169381253887
leaf_count=14 8 21 26 10 62 9 39 5 17 39
internal_value=0.00127181 0.00528078 0.00978054 -0.00189595 -0.0335465 -0.0334767 -0.0334578 -0.0334126 -0.0333801 -0.0333592
internal_weight=1.1446 1.0262 0.919409 0.512656 0.18357 0.118394 0.106796 0.0753359 0.0524827 0.0259873
internal_count=250 172 119 93 72 78 53 69 64 47
is_linear=0
shrinkage=0.05


Tree=452
num_leaves=9
num_cat=0
split_feature=6 27 0 14 18 22 22 27
split_gain=0.179315 0.383211 0.613876 0.776907 0.446667 0.376748 0.415986 0.465725
threshold=1.0309105536361274 -0.0031445754787510212 0.0078295374500486643 0.95917700938871298 -0.29524574965835632 -0.0056180986360817578 -0.0014679640980916895 0.00076366770152147556
decision_type=2 2 2 2 2 2 2 2
left_child=5 4 -3 -4 -2 -1 -7 -8
right_child=1 2 3 -5 -6 6 7 -9
leaf_value=0.0081657315400666345 0.0091621295464143545 0.029107732635158368 -0.013363260510007019 0.019853174680385319 -0.017630903242439617 -0.020982315635828364 0.0095400573320560938 -0.012340716680875104
leaf_weight=5.235724467784169 2.7892601042985916 2.9512826856225711 3.8144406639039516 3.2690176442265511 3.5168369412422207 4.0822676382958916 4.6220045816153235 5.1322471369057894
leaf_count=37 19 29 25 20 22 29 34 35
internal_value=3.49979e-05 0.00387879 0.00994865 0.00196613 -0.00578003 -0.00325831 -0.00758116 -0.00197262
internal_weight=35.4131 16.3408 10.0347 7.08346 6.3061 19.0722 13.8365 9.75425
internal_count=250 115 74 45 41 135 98 69
is_linear=0
shrinkage=0.05


Tree=453
num_leaves=7
num_cat=0
split_feature=4 5 19 19 27 16
split_gain=0.180413 0.429464 0.321806 0.465787 0.6964 0.617411
threshold=0.012013688645006427 0.01368699949439719 -0.071780892959792661 -0.0080194077406610647 -0.010635572130582414 0.053820371516066168
decision_type=2 2 2 2 2 2
left_child=-1 -2 -3 4 -4 -5
right_child=1 2 3 5 -6 -7
leaf_value=0.013265922394516509 -0.017677879507765497 -0.013325037575853455 0.029692943338372836 -0.0076953994535857596 0.002045494886178285 0.017516973043578833
leaf_weight=2.3614876344799987 3.4682418415322891 3.482695538550618 3.3774566538631916 12.220535855740307 6.99465294275433 3.0303396321833125
leaf_count=15 29 29 21 85 51 20
internal_value=-7.88962e-05 -0.00104635 0.000935473 0.00287377 0.0110483 -0.00268572
internal_weight=34.9354 32.5739 29.1057 25.623 10.3721 15.2509
internal_count=250 235 206 177 72 105
is_linear=0
shrinkage=0.05


Tree=454
num_leaves=12
num_cat=0
split_feature=27 27 5 18 23 6 21 27 6 25 2
split_gain=0.0633583 0.0737201 0.096481 0.0435067 0.0855143 7.61733e-07 3.0112e-07 2.04971e-07 8.26019e-09 2.01141e-09 4.34493e-10
threshold=-0.0073145777874613618 -0.0062363175374047777 0.017217289075567663 -0.75735966557968848 -0.0055986241854407695 1.1276370039775407 0.0027557726860134584 0.0047220670894556624 0.68413014275797779 -0.0016703033581055291 0.018054888250392701
decision_type=2 2 2 2 2 2 2 2 2 2 2
left_child=6 -2 5 -4 -5 7 8 -3 -1 -10 -11
right_child=1 2 3 4 -6 -7 -8 -9 9 10 -12
leaf_value=-0.033407970497237413 0.03307940413733048 -0.033542772982814495 0.020494508210490467 0.020063840459937685 -0.033489613138433377 -0.033680346478374895 -0.033535840690224139 -0.033406492104609616 -0.033374965137431392 -0.033360525885250118 -0.033346019029612158
leaf_weight=0.014232079265639297 0.19427527178777371 0.050389518495648988 0.33072823978727672 0.15413666889071453 0.1443539150641302 0.068189169876859523 0.061780329735483974 0.060980704598478042 0.020247158900019713 0.0097023352718679234 0.011028536115190946
leaf_count=7 6 12 19 18 63 15 12 36 20 15 27
internal_value=0.00136097 0.00542229 -0.00122118 0.0080041 -0.0058353 -0.0335487 -0.03346 -0.0334682 -0.0333752 -0.0333638 -0.0333528
internal_weight=1.12004 1.00305 0.808778 0.629219 0.298491 0.179559 0.11699 0.11137 0.0552101 0.040978 0.0207309
internal_count=250 169 163 100 81 63 81 48 69 62 42
is_linear=0
shrinkage=0.05


Tree=455
num_leaves=7
num_cat=0
split_feature=3 15 8 19 6 20
split_gain=0.283566 0.328303 0.362528 0.331198 0.602661 0.480295
threshold=-0.14268556023954229 0.063607453881692935 -0.011796965532306037 0.03084171737534214 1.049714135895045 -0.039594974019638011
decision_type=2 2 2 2 2 2
left_child=-1 2 -2 5 -5 -4
right_child=1 -3 3 4 -6 -7
leaf_value=0.016691117596160231 0.016759304230437901 -0.015860551268678465 -0.0053639943973827799 -0.026661925066248617 0.0027412194166782362 0.010480979978942198
leaf_weight=2.3820129334926596 3.0798211880028274 3.4101408198475829 10.259710252285009 3.2029851879924527 3.8224871568381786 8.9588017072528583
leaf_count=18 25 21 68 24 25 69
internal_value=3.50816e-05 -0.00117696 0.000530633 -0.00137386 -0.010664 0.00202222
internal_weight=35.116 32.7339 29.3238 26.244 7.02547 19.2185
internal_count=250 232 211 186 49 137
is_linear=0
shrinkage=0.05


Tree=456
num_leaves=9
num_cat=0
split_feature=28 28 30 13 28 28 28 28
split_gain=0.173307 0.30557 0.711597 0.468032 0.471726 0.573376 0.465541 0.681278
threshold=-0.068588206371994961 -0.018494661262625275 0.0033555050217708442 51.892607802561741 -0.0056053388432018561 0.030355154475230076 0.0063923203327502795 0.042903524122921984
decision_type=2 2 2 2 2 2 2 2
left_child=-1 2 -2 6 -5 -6 -3 -8
right_child=1 3 -4 4 5 -7 7 -9
leaf_value=-0.015116060986469795 -0.0080865603139748596 0.025817137517222585 0.025273824964319576 -0.020199082336702381 0.0070954158136017718 -0.013871880046313567 -0.016820933980917153 0.017317872791182357
leaf_weight=1.8162295296788205 2.8719057999551287 2.5724480412900466 3.6050764359533787 4.5054188929498222 7.9443032182753068 5.530425762757659 2.9153410475701094 2.9302799068391323
leaf_count=12 26 18 25 33 56 38 21 21
internal_value=-8.0651e-05 0.000749998 0.0104818 -0.00163776 -0.0061932 -0.00151018 0.0080922 0.000292091
internal_weight=34.6914 32.8752 6.47698 26.3982 17.9801 13.4747 8.41807 5.84562
internal_count=250 238 51 187 127 94 60 42
is_linear=0
shrinkage=0.05


Tree=457
num_leaves=11
num_cat=0
split_feature=26 19 32 18 30 28 25 18 17 14
split_gain=0.0630176 0.050196 0.0553063 0.0339825 0.0955733 8.33122e-07 3.19373e-07 3.18851e-08 1.02727e-08 4.83466e-09
threshold=0.023323893851323056 -0.0080194077406610647 0.12606106264613362 -0.72809652776535205 0.0097483980286147149 -0.019957427510860489 -0.023137800489974488 -0.53188899530935607 -0.0021625484397514313 0.85376332448027881
decision_type=2 2 2 2 2 2 2 2 2 2
left_child=1 3 5 -1 -5 -3 -2 -8 -7 -9
right_child=6 2 -4 4 -6 8 7 9 -10 -11
leaf_value=0.024339405705930767 -0.033605556217117534 -0.03364549864437525 0.025075218525113803 -0.033575779455002473 0.01664356125735449 -0.033408953392066315 -0.033426920848423976 -0.033380010851021727 -0.033374767319534392 -0.033343883689859237
leaf_weight=0.30413707811385393 0.023894773563370109 0.052234091912396252 0.056271862180437893 0.13022464515233878 0.34768854650610592 0.051780608191620559 0.050622986695088912 0.027113697105960455 0.038176444635610096 0.014064123199204914
leaf_count=13 3 11 6 32 33 25 24 22 43 38
internal_value=0.00145706 0.00557506 -0.0168821 0.0112741 0.00295949 -0.0334867 -0.0334427 -0.0334003 -0.0333944 -0.0333677
internal_weight=1.09621 0.980513 0.198463 0.78205 0.477913 0.142191 0.115696 0.0918008 0.0899571 0.0411778
internal_count=250 163 85 78 65 79 87 84 68 60
is_linear=0
shrinkage=0.05


Tree=458
num_leaves=8
num_cat=0
split_feature=7 1 24 25 31 23 15
split_gain=0.184248 0.362482 0.386177 0.476256 0.422512 0.381391 0.469601
threshold=85.83805084228517 -0.027294601164660755 0.0019046647635662108 0.010651203163546953 -0.18912104773945826 -0.0091884185435142634 0.03336563390056875
decision_type=2 2 2 2 2 2 2
left_child=1 -1 5 4 -4 -3 -7
right_child=-2 2 3 -5 -6 6 -8
leaf_value=-0.015211215167812995 0.01120964558905516 -0.0059514710339786904 -0.014484172151766533 -0.023588048578225829 0.007337621213222555 0.019032341915554991 -0.0033500351380644092
leaf_weight=4.0005179308354881 3.3355348519980899 4.4447030127048519 3.4151359051465979 2.8372163064777842 6.328938713297247 6.9819646906107646 3.5274049527943134
leaf_count=30 19 30 28 20 46 53 24
internal_value=3.44309e-05 -0.00114757 0.000895693 -0.00555988 -0.000310554 0.00632695 0.0115198
internal_weight=34.8714 31.5359 27.5354 12.5813 9.74407 14.9541 10.5094
internal_count=250 231 201 94 74 107 77
is_linear=0
shrinkage=0.05


Tree=459
num_leaves=10
num_cat=0
split_feature=22 24 6 0 27 17 24 13 6
split_gain=0.169141 0.409429 0.626974 0.457709 0.395058 0.681887 0.609184 0.434515 0.339369
threshold=-0.011544639918516507 -0.0037174288462306078 0.98953836668712036 0.021678217465440856 0.013823629339375422 0.0020980441498922608 0.0083703434108333159 48.827748083201634 1.1135380388847
decision_type=2 2 2 2 2 2 2 2 2
left_child=-1 2 -2 -4 6 -6 8 -8 -3
right_child=1 4 3 -5 5 -7 7 -9 -10
leaf_value=0.010005255245648152 0.0045528749457404228 0.0074124558620597388 -0.031979008479152041 -0.0045000699575099218 0.0090298241596919772 -0.023154055756070976 0.012710694608281368 -0.01228548660644097 0.031052775507353275
leaf_weight=3.7103964630514374 4.7429852932691592 2.9451728947460669 3.3804430570453405 2.7467272505164146 3.2978965984657398 3.2853025794029236 2.9697359316051006 4.1937827337533236 3.1331162676215172
leaf_count=24 37 24 32 17 24 22 19 35 16
internal_value=-7.80975e-05 -0.00129696 -0.0090955 -0.0196606 0.00297902 -0.00703133 0.00795569 -0.00192297 0.0195981
internal_weight=34.4056 30.6952 10.8702 6.12717 19.825 6.5832 13.2418 7.16352 6.07829
internal_count=250 226 86 49 140 46 94 54 40
is_linear=0
shrinkage=0.05


Tree=460
num_leaves=12
num_cat=0
split_feature=26 19 31 3 12 11 28 25 18 6 14
split_gain=0.0608415 0.047543 0.0532926 0.0330835 0.0507185 0.0493081 6.95888e-07 2.75284e-07 2.88588e-08 8.15187e-09 4.26761e-09
threshold=0.023323893851323056 -0.0080194077406610647 0.25961374734135506 -0.040239398166712008 0.069826108695435526 32.76758001327515 -0.019957427510860489 -0.023137800489974488 -0.53188899530935607 0.99901229192859031 0.85376332448027881
decision_type=2 2 2 2 2 2 2 2 2 2 2
left_child=1 3 6 -1 5 -5 -3 -2 -9 -8 -10
right_child=7 2 -4 4 -6 -7 9 8 10 -11 -12
leaf_value=0.028068087906680972 -0.033592474051699732 -0.033628157959293747 0.024677140097745534 0.013114736311749179 0.017365853839585856 -0.0335336920433284 -0.033376075267123988 -0.033423688491802987 -0.03337806615381457 -0.033406978027031749 -0.033343473093370546
leaf_weight=0.21030844724737108 0.022896245121955872 0.049660638265777379 0.055409471853636205 0.10043792671058327 0.33055861553293653 0.12992926081642509 0.038093133771326393 0.048742425999080297 0.026049842585052829 0.048524810801609419 0.013554554388974793
leaf_count=9 3 11 12 7 28 34 35 24 22 27 38
internal_value=0.00157214 0.00561674 -0.0166683 0.0111556 0.00481461 -0.0131954 -0.0334789 -0.033438 -0.0333979 -0.0333934 -0.0333662
internal_weight=1.07417 0.962922 0.191688 0.771234 0.560926 0.230367 0.136279 0.111243 0.0883468 0.0866179 0.0396044
internal_count=250 163 85 78 69 41 73 87 84 62 60
is_linear=0
shrinkage=0.05


Tree=461
num_leaves=7
num_cat=0
split_feature=3 15 8 19 6 12
split_gain=0.285206 0.301622 0.339012 0.318155 0.575195 0.452098
threshold=-0.14268556023954229 0.063607453881692935 -0.011796965532306037 0.03084171737534214 1.049714135895045 0.18948306875824386
decision_type=2 2 2 2 2 2
left_child=-1 2 -2 5 -5 -4
right_child=1 -3 3 4 -6 -7
leaf_value=0.016809300529294642 0.016309925211489402 -0.015360643593729975 -0.0013374302969455993 -0.026333082794644604 0.0025835304779007785 0.020089484346515616
leaf_weight=2.3593854419887057 3.0180099718272713 3.3673840612173072 15.986789610236888 3.1524173989891997 3.7840106524527073 2.9098940640687934
leaf_count=18 25 21 114 24 25 23
internal_value=2.88694e-05 -0.00119997 0.000452801 -0.00139974 -0.0105583 0.00196209
internal_weight=34.5779 32.2185 28.8511 25.8331 6.93643 18.8967
internal_count=250 232 211 186 49 137
is_linear=0
shrinkage=0.05


Tree=462
num_leaves=7
num_cat=0
split_feature=2 31 20 23 3 3
split_gain=0.176236 0.428219 0.349316 0.451112 0.638962 0.62198
threshold=0.12844341958276875 -0.29482026384589571 -0.10113077917364348 0.0045796882368773781 0.08536160201534683 0.030066634366301307
decision_type=2 2 2 2 2 2
left_child=1 -1 -3 5 -5 -4
right_child=-2 2 3 4 -6 -7
leaf_value=-0.014533951446258041 0.0077508461620525758 0.015673492611196441 -0.010544824620190612 0.0010293837854648145 -0.032490064501086637 0.011762852977148313
leaf_weight=5.3004824426025179 5.9356514252722254 3.5421515181660679 4.9204797279089716 3.393385990522801 2.4469548380002379 8.5617362912744266
leaf_count=38 39 25 37 30 22 59
internal_value=-7.90749e-05 -0.00172919 0.00123921 -0.00140684 -0.0130144 0.00362143
internal_weight=34.1008 28.1652 22.8647 19.3226 5.84034 13.4822
internal_count=250 211 173 148 52 96
is_linear=0
shrinkage=0.05


Tree=463
num_leaves=12
num_cat=0
split_feature=27 27 5 19 17 6 21 27 6 25 2
split_gain=0.0592548 0.068104 0.0901295 0.0398436 0.105679 5.87577e-07 2.40965e-07 1.53642e-07 5.28775e-09 1.73743e-09 2.83838e-10
threshold=-0.0073145777874613618 -0.0062363175374047777 0.017217289075567663 -0.031546553031348283 -0.049212516367891666 1.1276370039775407 0.0027557726860134584 0.0047220670894556624 0.68413014275797779 -0.0016703033581055291 0.021129144167761019
decision_type=2 2 2 2 2 2 2 2 2 2 2
left_child=6 -2 5 -4 -5 7 8 -3 -1 -10 -11
right_child=1 2 3 4 -6 -7 -8 -9 9 10 -12
leaf_value=-0.033399404495216854 0.032977441012191099 -0.033524556126297005 0.019994044063300423 0.029368622815119212 -0.033516421287208158 -0.03365059809323253 -0.03352105692190202 -0.0334019082947761 -0.033372945157667679 -0.033357917697329376 -0.033345671962706741
leaf_weight=0.012796345690730959 0.18297957329195924 0.046310513498610817 0.32244442740920931 0.11877618229482323 0.1526983027724782 0.063106993358815089 0.057652120391139761 0.056917957146652043 0.018932623323053122 0.0090757624784600921 0.0098867798005812801
leaf_count=7 6 12 34 6 60 15 12 36 20 16 26
internal_value=0.00156911 0.00559168 -0.000999581 0.00811114 -0.0060028 -0.0335304 -0.0334511 -0.0334569 -0.0333716 -0.0333622 -0.0333515
internal_weight=1.05158 0.943234 0.760254 0.593919 0.271474 0.166335 0.108344 0.103228 0.0506915 0.0378952 0.0189625
internal_count=250 169 163 100 66 63 81 48 69 62 42
is_linear=0
shrinkage=0.05


Tree=464
num_leaves=6
num_cat=0
split_feature=1 12 12 21 31
split_gain=0.169473 0.302447 0.239237 0.31839 0.550568
threshold=0.12249230229076892 0.18948306875824386 0.098957312985835558 -0.0059037054813569903 0.234200662958957
decision_type=2 2 2 2 2
left_child=1 2 3 -1 -5
right_child=-2 -3 -4 4 -6
leaf_value=-0.016003341264527095 -0.011786062801784909 0.014620280507559997 -0.010227630494867185 0.00049549435886556321 0.025728485139007769
leaf_weight=2.3157140016555848 2.7875094711780539 3.644928988069295 5.3246360383927813 17.740323352627463 2.4617732483893624
leaf_count=17 18 27 37 131 20
internal_value=3.05319e-05 0.00107663 -0.000696406 0.00155738 0.00357032
internal_weight=34.2749 31.4874 27.8424 22.5178 20.2021
internal_count=250 232 205 168 151
is_linear=0
shrinkage=0.05


Tree=465
num_leaves=8
num_cat=0
split_feature=2 31 28 17 23 17 24
split_gain=0.166361 0.405139 0.334046 0.618894 1.06254 0.535914 0.523689
threshold=0.12844341958276875 -0.29482026384589571 0.027411814453044085 0.0055179287799006684 -0.0024304760216820038 0.0013964580941816242 -0.01512156427481298
decision_type=2 2 2 2 2 2 2
left_child=1 -1 3 6 -5 -4 -3
right_child=-2 2 5 4 -6 -7 -8
leaf_value=-0.01417740200089799 0.0075406444227146393 -0.026989197401459698 0.024991750777316656 0.03168535776416298 -0.01126213878052852 -0.0046707615982714184 -0.0025994657869114614
leaf_weight=5.2735909372568157 5.9082563892006865 3.0734704360365921 3.2726259231567374 2.9554539695382118 2.8088890574872485 2.8477381579577923 7.7521956590935588
leaf_count=38 39 22 24 19 23 22 63
internal_value=-8.31389e-05 -0.00169275 0.00120632 -0.00247689 0.0107576 0.0111901 -0.00952385
internal_weight=33.8922 27.984 22.7104 16.59 5.76434 6.12036 10.8257
internal_count=250 211 173 127 42 46 85
is_linear=0
shrinkage=0.05


Tree=466
num_leaves=12
num_cat=0
split_feature=2 29 12 23 17 19 32 29 0 21 25
split_gain=0.0582769 0.0526385 0.106342 0.0423436 0.0109621 3.18451e-07 2.87981e-07 5.58976e-08 3.26238e-08 5.69242e-09 1.67127e-09
threshold=0.077523004792089636 0.0055267861700197827 0.069826108695435526 0.0085765641708744917 0.0096149625551439823 -0.010105145627009536 -0.055361630475249078 0.0097147697742379097 -0.018361911271722427 0.00070309462270634626 -0.00094726529960864603
decision_type=2 2 2 2 2 2 2 2 2 2 2
left_child=1 2 5 -4 -3 -1 7 9 -7 10 -2
right_child=6 4 3 -5 -6 8 -8 -9 -10 -11 -12
leaf_value=-0.033534320126779121 -0.033372012944300651 0.010505762496360455 -0.00696985587666063 0.029918492193627629 0.026904693138769666 -0.033441157757027218 -0.033576173596721909 -0.033473703553132103 -0.033371993150341332 -0.033392206751639363 -0.033344756760483756
leaf_weight=0.13000747945625335 0.010170529145398177 0.19443785822659265 0.14232214743969962 0.17158383468631655 0.21413926180684939 0.02993290190352127 0.039352742896880955 0.020692880207207054 0.039611333861103049 0.023019672124064527 0.012581581511767581
leaf_count=31 8 26 36 7 16 12 9 5 44 17 39
internal_value=0.00167477 0.00570805 -0.00494889 0.0131936 0.0191006 -0.0334881 -0.033469 -0.0334055 -0.0334018 -0.0333747 -0.0333569
internal_weight=1.02785 0.922035 0.513458 0.313906 0.408577 0.199552 0.105817 0.0664647 0.0695442 0.0457718 0.0227521
internal_count=250 172 130 43 42 87 78 69 56 64 47
is_linear=0
shrinkage=0.05


Tree=467
num_leaves=9
num_cat=0
split_feature=28 28 30 13 28 28 32 8
split_gain=0.167857 0.301627 0.671955 0.400581 0.469547 0.544976 0.401948 0.472697
threshold=-0.068588206371994961 -0.018494661262625275 0.0027526905943316975 51.892607802561741 -0.0056053388432018561 0.030355154475230076 -0.44808815786432149 -0.00035410109592037749
decision_type=2 2 2 2 2 2 2 2
left_child=-1 2 -2 6 -5 -6 -3 -8
right_child=1 3 -4 4 5 -7 7 -9
leaf_value=0.015001166875130185 0.0076618777264243531 -0.024823839941464781 -0.025244954791761615 0.019938662530405809 -0.0072453028907635778 0.013375051395441921 0.013786903489974377 -0.01447696989793025
leaf_weight=1.7752253375947464 2.7920021023601285 2.38178426399827 3.4911720287054777 4.4252000637352493 7.8858645595610124 5.3973117545247078 2.9267381690442562 2.9912092350423354
leaf_count=12 25 16 26 33 56 38 26 18
internal_value=3.21825e-05 -0.000790743 -0.0106224 0.00158444 0.00583263 0.0011333 -0.00747952 -0.000498989
internal_weight=34.0665 32.2913 6.28317 26.0081 17.7084 13.2832 8.29973 5.91795
internal_count=250 238 51 187 127 94 60 44
is_linear=0
shrinkage=0.05


Tree=468
num_leaves=9
num_cat=0
split_feature=6 18 33 32 0 18 30 20
split_gain=0.167149 0.44207 0.362144 0.497793 0.285702 0.401504 0.345277 0.783922
threshold=0.94126342539275298 -0.1617474504913585 0.54500000000000015 -0.22502480801797856 -0.010848610305276894 -0.19893509999942136 -0.0012763081063315027 -0.039594974019638011
decision_type=2 2 2 2 2 2 2 2
left_child=1 2 -1 -4 -2 6 -6 -8
right_child=4 -3 3 -5 5 -7 7 -9
leaf_value=0.0099242319059487556 -0.016505733964881183 0.021261979960219585 -0.024275074865276275 0.0055189560214443413 0.018459279477693404 -0.011851657814788587 0.013394360066760237 -0.016760085920721087
leaf_weight=4.4923561066389066 3.24583172798157 2.9795004948973647 2.7573456177487961 2.8520256504416475 3.3096029274165657 5.2596910819411269 4.6696947086602458 4.0028341896831963
leaf_count=35 32 20 21 20 22 35 34 31
internal_value=-7.80361e-05 0.00433741 -0.00065448 -0.00912661 -0.00289727 -0.000335431 0.00471975 -0.000523523
internal_weight=33.5689 13.0812 10.1017 5.60937 20.4877 17.2418 11.9821 8.67253
internal_count=250 96 76 41 154 122 87 65
is_linear=0
shrinkage=0.05


Tree=469
num_leaves=12
num_cat=0
split_feature=26 19 31 30 27 28 25 18 6 28 14
split_gain=0.0563215 0.0440063 0.0485847 0.0310061 0.0992471 5.56168e-07 1.31551e-07 2.45362e-08 7.84501e-09 3.68695e-09 4.02503e-10
threshold=0.023323893851323056 -0.0080194077406610647 0.25961374734135506 0.0080446166049941165 0.023806916904363099 -0.019957427510860489 -0.0084926001400884559 -0.53188899530935607 0.99901229192859031 -0.027538973449199085 0.80719337669076341
decision_type=2 2 2 2 2 2 2 2 2 2 2
left_child=1 3 5 4 -1 -3 -2 -8 -7 -9 -11
right_child=6 2 -4 -5 -6 8 7 9 -10 10 -12
leaf_value=-0.033541553321581839 -0.033528014614680086 -0.033607976073575734 0.024388176678492437 0.01915455789211919 0.026353228774679684 -0.033372019636106386 -0.033419530550818331 -0.033384116686935486 -0.03340368845310026 -0.033356701929204639 -0.033342531301918645
leaf_weight=0.13188686411012895 0.024850389789207838 0.046259922761237249 0.050951712008100003 0.44656155836128164 0.1454304700018838 0.034322389728913549 0.045997465145774186 0.012495836133894045 0.045452633174136281 0.009878274162474554 0.010170304158236831
leaf_count=34 6 11 12 38 6 35 24 13 27 13 31
internal_value=0.00152413 0.00553555 -0.0168136 0.0109999 -0.00213159 -0.03347 -0.0334277 -0.033396 -0.0333901 -0.0333628 -0.0333495
internal_weight=1.00426 0.900866 0.176987 0.723879 0.277317 0.126035 0.103392 0.0785419 0.079775 0.0325444 0.0200486
internal_count=250 163 85 78 40 73 87 81 62 57 44
is_linear=0
shrinkage=0.05


Tree=470
num_leaves=6
num_cat=0
split_feature=24 23 23 21 22
split_gain=0.171405 0.256424 0.635501 0.633781 0.511786
threshold=0.026022165992401817 0.0085765641708744917 0.0045796882368773781 0.0022411371037304177 0.0044847557986847928
decision_type=2 2 2 2 2
left_child=1 2 3 4 -1
right_child=-2 -3 -4 -5 -6
leaf_value=-0.0031664166813942492 0.010619127597003217 -0.012374481101068343 0.01836996280311055 -0.018583023106739437 0.017016421291896091
leaf_weight=12.594703589566064 3.4340607225894919 4.3683210834860793 4.2619743123650542 4.8937306217849246 4.1845475435256949
leaf_count=89 27 34 36 32 32
internal_value=3.22778e-05 -0.00116746 0.000720184 -0.00275063 0.00186695
internal_weight=33.7373 30.3033 25.935 21.673 16.7793
internal_count=250 223 189 153 121
is_linear=0
shrinkage=0.05


Tree=471
num_leaves=6
num_cat=0
split_feature=1 12 12 13 14
split_gain=0.168154 0.284173 0.249762 0.330056 0.35512
threshold=0.12249230229076892 0.18948306875824386 0.098957312985835558 69.331278032146614 0.5123331456651935
decision_type=2 2 2 2 2
left_child=1 2 3 4 -1
right_child=-2 -3 -4 -5 -6
leaf_value=-0.0066508948677528523 0.011829096685519007 -0.014418611012381481 0.010468325163487207 -0.016678194835565714 0.0071817172713338059
leaf_weight=8.616031340323401 2.7242390997707835 3.5576053112745276 5.1942392364144316 3.1586813749745479 10.054266971535979
leaf_count=71 18 27 37 28 69
internal_value=-7.42822e-05 -0.00113467 0.000614156 -0.00173066 0.000798197
internal_weight=33.3051 30.5808 27.0232 21.829 18.6703
internal_count=250 232 205 168 140
is_linear=0
shrinkage=0.05


Tree=472
num_leaves=12
num_cat=0
split_feature=18 27 21 27 29 23 25 21 6 23 25
split_gain=0.0550423 0.0603353 0.0529335 0.0456289 0.0225266 2.93164e-07 2.03568e-07 1.78303e-07 4.22831e-09 4.01857e-09 1.49563e-09
threshold=-0.17374010434383533 -0.0073145777874613618 0.00070309462270634626 0.029780827147088299 0.0055267861700197827 -0.010729402531970965 -0.0078349671388439606 0.0027557726860134584 0.76667627887458334 0.0033813377423780326 -0.0016703033581055291
decision_type=2 2 2 2 2 2 2 2 2 2 2
left_child=1 7 3 5 -4 -3 -2 8 -1 -8 -10
right_child=6 2 4 -5 -6 -7 9 -9 10 -11 -12
leaf_value=-0.033397225672984109 -0.033524670022488622 -0.033556680061111697 0.0074564347893548467 0.026342181337272116 0.026336710861949827 -0.033391401448748297 -0.033365597588907149 -0.033514164060180617 -0.033372277187431736 -0.03339301466686484 -0.033348644273641995
leaf_weight=0.011078428899054416 0.04543119011214003 0.045564516694867052 0.33743544886237942 0.044789593172026798 0.29707503988174722 0.065252499189227819 0.02216644813597668 0.051527151255868375 0.013431703358946834 0.033659817476291209 0.013347188243642449
leaf_count=7 11 11 38 5 14 54 31 10 15 22 32
internal_value=0.00146329 0.00548242 0.00988719 -0.0162462 0.0162961 -0.0334594 -0.0334461 -0.0334536 -0.0333712 -0.0333821 -0.0333605
internal_weight=0.980759 0.879502 0.790117 0.155607 0.63451 0.110817 0.101257 0.0893845 0.0378573 0.0558263 0.0267789
internal_count=250 186 122 70 52 65 64 64 54 53 47
is_linear=0
shrinkage=0.05


Tree=473
num_leaves=8
num_cat=0
split_feature=14 28 1 19 12 21 0
split_gain=0.164744 0.26675 0.39672 0.424544 0.664931 0.561299 0.41475
threshold=1.0069066000915821 0.098565230738145729 0.040730909693651791 1.0000000180025095e-35 0.069826108695435526 0.0017184121188301706 0.021678217465440856
decision_type=2 2 2 2 2 2 2
left_child=1 2 3 4 -1 -5 -4
right_child=-2 -3 6 5 -6 -7 -8
leaf_value=0.00078236924049065668 -0.010588620683666231 -0.013254543864763003 0.022742165847449203 0.01721451329639857 -0.02582835397680075 -0.0083544957366108886 -0.0011028753111612564
leaf_weight=7.4317122716456741 3.2926738001406184 2.8901472091674796 4.2686250414699307 5.4124821964651328 3.4313693437725306 3.5569100845605135 3.1837224625051022
leaf_count=56 26 20 35 42 24 26 21
internal_value=3.10404e-05 0.00118985 0.00271988 -0.000975936 -0.00762328 0.00707484 0.0125553
internal_weight=33.4676 30.175 27.2848 19.8325 10.8631 8.96939 7.45235
internal_count=250 224 204 148 80 68 56
is_linear=0
shrinkage=0.05


Tree=474
num_leaves=7
num_cat=0
split_feature=2 31 20 23 3 3
split_gain=0.162383 0.379727 0.308436 0.40592 0.600142 0.566308
threshold=0.12844341958276875 -0.29482026384589571 -0.10113077917364348 0.0045796882368773781 0.08536160201534683 0.030066634366301307
decision_type=2 2 2 2 2 2
left_child=1 -1 -3 5 -5 -4
right_child=-2 2 3 4 -6 -7
leaf_value=-0.013891387075488299 0.0075463412414280579 0.014909595622177828 -0.010202394822098252 0.0010935028075593589 -0.032067066714365634 0.01139378951459505
leaf_weight=5.1634566243737963 5.7761454209685317 3.4468398652970818 4.7955456878989962 3.3059436222538343 2.323292838409543 8.271188182756303
leaf_count=38 39 25 37 30 22 59
internal_value=-7.01225e-05 -0.00168125 0.00116602 -0.00136778 -0.0125925 0.0034679
internal_weight=33.0824 27.3063 22.1428 18.696 5.62924 13.0667
internal_count=250 211 173 148 52 96
is_linear=0
shrinkage=0.05


Tree=475
num_leaves=11
num_cat=0
split_feature=28 28 21 27 29 23 23 0 9 2
split_gain=0.0532957 0.0625691 0.0526827 0.0529812 0.0314834 0.036136 2.63675e-07 1.81729e-07 1.44591e-07 3.93534e-08
threshold=0.042903524122921984 -0.027538973449199085 0.00070309462270634626 0.036012807292363121 0.0055267861700197827 0.0085765641708744917 -0.010729402531970965 -0.038835871204138721 37.911224937438966 0.065906224524420534
decision_type=2 2 2 2 2 2 2 2 2 2
left_child=1 8 3 6 5 -4 -3 -2 -1 -9
right_child=7 2 4 -5 -6 -7 -8 9 -10 -11
leaf_value=-0.033536229801323619 -0.033558642788518771 -0.033540011027516019 -0.010949286462610147 0.034241479505910881 0.02910735446526852 0.02163312258980675 -0.033384947768169637 -0.033380228951329749 -0.033409628129776769 -0.033459377745079587
leaf_weight=0.053900217448244803 0.035577580099925399 0.045862486666010227 0.15999310590996174 0.038727656006813049 0.27499921406706562 0.18178432038985193 0.068157929774315562 0.033517234391183592 0.03877861153887352 0.029551496481872164
leaf_count=14 6 19 36 1 14 14 67 28 34 17
internal_value=0.00134564 0.00532876 0.0100031 -0.0162855 0.0165137 0.00638062 -0.0334473 -0.0334683 -0.0334833 -0.0334173
internal_weight=0.96085 0.862204 0.769525 0.152748 0.616777 0.341777 0.11402 0.0986463 0.0926788 0.0630687
internal_count=250 199 151 87 64 50 86 51 48 45
is_linear=0
shrinkage=0.05


Tree=476
num_leaves=8
num_cat=0
split_feature=24 15 34 32 32 25 17
split_gain=0.162097 0.238686 0.433381 0.418064 0.677835 0.483844 0.385389
threshold=0.026022165992401817 0.017238684565912561 1.1026750935885286 -0.055361630475249078 -0.11889196967284486 0.0005742204483144554 1.0000000180025095e-35
decision_type=2 2 2 2 2 2 2
left_child=1 2 -1 4 5 -3 -4
right_child=-2 3 6 -5 -6 -7 -8
leaf_value=0.022526020485588119 0.010390782840985142 0.0050483186137747346 -0.015044801965983663 -0.021425394412988755 0.022915251609713 -0.013099184198191073 0.009105536563438479
leaf_weight=2.6627916060388106 3.3906396217644206 6.4799748882651391 2.9027248397469521 2.998034485615789 2.4945496767759314 8.478804022073744 3.8336637914180756
leaf_count=23 27 47 21 20 22 62 28
internal_value=3.08914e-05 -0.00114586 0.00544928 -0.0041769 -0.00121405 -0.00523789 -0.0013009
internal_weight=33.2412 29.8505 9.39918 20.4514 17.4533 14.9588 6.73639
internal_count=250 223 72 151 131 109 49
is_linear=0
shrinkage=0.05


Tree=477
num_leaves=8
num_cat=0
split_feature=6 6 0 14 16 15 13
split_gain=0.164164 0.3508 0.587218 0.388261 0.324952 0.454948 0.39008
threshold=1.0309105536361274 1.23249633836537 0.006354026024499416 0.95917700938871298 0.0065641166196733405 0.019814289361238045 52.789919604216969
decision_type=2 2 2 2 2 2 2
left_child=4 2 -2 -4 -1 -6 -7
right_child=1 -3 3 -5 5 6 -8
leaf_value=-0.0078124218384037786 -0.028971651935930955 0.0064604372445598787 0.0092864259596692322 -0.014251431875645393 0.019573663520354861 0.013290911223616309 -0.0090407510219674084
leaf_weight=4.8671029238030341 2.776451841928063 5.3028370756655923 3.7150902729481459 3.3155484981834888 4.7850929386913768 3.3157658330164832 4.7665395056828856
leaf_count=39 28 37 27 23 35 24 37
internal_value=-7.05375e-05 -0.00390016 -0.00950229 -0.00181369 0.00319233 0.00735489 0.000120814
internal_weight=32.8444 15.1099 9.80709 7.03064 17.7345 12.8674 8.08231
internal_count=250 115 78 50 135 96 61
is_linear=0
shrinkage=0.05


Tree=478
num_leaves=12
num_cat=0
split_feature=2 30 19 23 5 28 32 1 29 21 25
split_gain=0.052067 0.0484407 0.0400757 0.0425411 0.0258238 4.25231e-07 2.34693e-07 2.33758e-07 4.29367e-08 4.53205e-09 1.21359e-09
threshold=0.077523004792089636 -0.0092962117947977246 -0.0080194077406610647 0.013473734844602127 0.017217289075567663 -0.019957427510860489 -0.055361630475249078 0.0074115308530028354 0.0097147697742379097 0.00070309462270634626 -0.00094726529960864603
decision_type=2 2 2 2 2 2 2 2 2 2 2
left_child=1 7 4 5 -3 -4 8 -1 9 10 -2
right_child=6 2 3 -5 -6 -7 -8 -9 -10 -11 -12
leaf_value=-0.033374328281605407 -0.033368020296107463 0.00098347356512027274 -0.033596129611706133 0.024384317017396434 0.02217437086111743 -0.033386711932515828 -0.033561243312025917 -0.033553216433084398 -0.033462570119167152 -0.033387749041362977 -0.033343175880909827
leaf_weight=0.033962649362365482 0.0090092381142312661 0.22488927558879368 0.044584470495465212 0.047057552612386644 0.39855829015141353 0.053122881639865227 0.036521580768749118 0.039502195868408307 0.019005427078809589 0.021125608116562944 0.010816908325068653
leaf_count=34 8 36 10 4 33 46 9 9 5 17 39
internal_value=0.00132999 0.00531801 0.00902739 -0.014672 0.0145304 -0.0334823 -0.0334613 -0.0334705 -0.0334005 -0.0333716 -0.0333545
internal_weight=0.938156 0.841677 0.768212 0.144765 0.623448 0.0977074 0.0964788 0.0734648 0.0599572 0.0409518 0.0198261
internal_count=250 172 129 60 69 56 78 43 69 64 47
is_linear=0
shrinkage=0.05


Tree=479
num_leaves=9
num_cat=0
split_feature=6 6 0 14 22 1 20 27
split_gain=0.164683 0.343269 0.535643 0.399931 0.32907 0.391641 0.459206 0.440904
threshold=1.0309105536361274 1.23249633836537 0.006354026024499416 0.95917700938871298 -0.0056180986360817578 0.0074115308530028354 0.045975946076021852 0.0054391877774513384
decision_type=2 2 2 2 2 2 2 2
left_child=4 2 -2 -4 -1 6 -6 -7
right_child=1 -3 3 -5 5 7 -8 -9
leaf_value=0.0077185896737838287 0.027644603144437365 -0.0063931184492221852 -0.0093277160829058521 0.014573926025032994 -0.010689012083063809 -0.0041257241757995085 0.015766469533319182 -0.03085596321154746
leaf_weight=4.9552411250770083 2.8519997522234899 5.3103968631476155 3.7091645002365112 3.3136165551841259 3.7186633013188857 3.3373718084767461 2.9347858801484108 2.8687655255198479
leaf_count=37 28 37 27 23 26 25 26 21
internal_value=3.23946e-05 0.00385816 0.00937102 0.00194999 -0.00322864 -0.00744699 0.0009803 -0.0164817
internal_weight=33 15.1852 9.87478 7.02278 17.8148 12.8596 6.65345 6.20614
internal_count=250 115 78 50 135 98 52 46
is_linear=0
shrinkage=0.05


Tree=480
num_leaves=7
num_cat=0
split_feature=15 15 32 33 0 33
split_gain=0.162798 0.464546 0.300858 0.384427 0.746102 0.376079
threshold=0.014115441256163019 0.015519237629037176 -0.05061643838151314 0.97500000000000009 0.017475923814407549 0.90500000000000014
decision_type=2 2 2 2 2 2
left_child=-1 -2 3 5 -5 -3
right_child=1 2 -4 4 -6 -7
leaf_value=0.011944933359151306 -0.019679792865601942 -0.00012432384612792995 0.016708671698497699 -0.029443182246934343 0.0051302251702055593 0.02012925933871625
leaf_weight=2.5935847628861657 3.028444733470681 15.262869503349075 2.7302330816164604 3.0032199360430232 3.2482432671822608 2.6970143131911746
leaf_count=18 27 118 20 28 22 17
internal_value=-7.27552e-05 -0.00111276 0.000974323 -0.000799987 -0.0114789 0.00291713
internal_weight=32.5636 29.97 26.9416 24.2113 6.25146 17.9599
internal_count=250 232 205 185 50 135
is_linear=0
shrinkage=0.05


Tree=481
num_leaves=10
num_cat=0
split_feature=26 18 27 23 27 32 25 18 14
split_gain=0.0515127 0.0393133 0.0888973 0.0492193 0.0838679 4.28743e-07 1.65097e-07 1.98766e-08 2.61918e-09
threshold=0.023323893851323056 -0.75735966557968848 0.0052541965779281394 0.012205976298980794 0.0033098994078742954 -0.18290152886063379 -0.023137800489974488 -0.53188899530935607 0.85376332448027881
decision_type=2 2 2 2 2 2 2 2 2
left_child=1 -1 3 4 -3 -4 -2 -8 -9
right_child=6 2 5 -5 -6 -7 7 8 -10
leaf_value=0.021116130477695869 -0.033552729536732273 -0.033446020530223143 -0.033437334171120374 0.032074968354592691 0.026007154413031721 -0.033602559143646883 -0.033413710290373141 -0.033371796966648444 -0.033341795536529266
leaf_weight=0.26927686861017719 0.019988186308182776 0.11922620142286178 0.068342656915774569 0.15913874609395862 0.11805126976105385 0.092276728260912932 0.042281939480744768 0.021975749121338595 0.010874767569475807
leaf_count=21 3 67 39 8 8 20 24 22 38
internal_value=0.00141915 0.00543022 -0.00215251 0.0105619 -0.00386663 -0.0335323 -0.033425 -0.033391 -0.0333619
internal_weight=0.921433 0.826312 0.557036 0.396416 0.237277 0.160619 0.0951206 0.0751325 0.0328505
internal_count=250 163 142 83 75 59 87 84 60
is_linear=0
shrinkage=0.05


Tree=482
num_leaves=8
num_cat=0
split_feature=14 28 1 34 21 22 6
split_gain=0.16961 0.251995 0.346724 0.390554 0.571072 0.360822 0.33934
threshold=1.0069066000915821 0.098565230738145729 0.040730909693651791 0.21098182819299641 -0.00020306890686949683 -0.0018201003496086663 0.91306596762964809
decision_type=2 2 2 2 2 2 2
left_child=1 2 3 6 -5 -4 -1
right_child=-2 -3 5 4 -6 -7 -8
leaf_value=-0.0029143500382161785 -0.010856305941441893 -0.013034338525747414 0.0025510071792550731 0.0062362042765248303 -0.014189970667542646 0.025138062618197038 0.021919389955720431
leaf_weight=2.5524547370150783 3.2239254042506209 2.8046766780316821 4.2056433837860823 6.0930719003081375 7.8050974626094032 3.050701528787612 2.9834955781698227
leaf_count=19 26 20 30 45 59 26 25
internal_value=3.24435e-05 0.00122262 0.00272077 -0.000761486 -0.00523497 0.012047 0.0104693
internal_weight=32.7191 29.4951 26.6905 19.4341 13.8982 7.25634 5.53595
internal_count=250 224 204 148 104 56 44
is_linear=0
shrinkage=0.05


Tree=483
num_leaves=7
num_cat=0
split_feature=2 31 20 23 23 3
split_gain=0.154329 0.368859 0.293585 0.389927 0.590574 0.52528
threshold=0.12844341958276875 -0.29482026384589571 -0.10113077917364348 0.0045796882368773781 0.0085765641708744917 0.030066634366301307
decision_type=2 2 2 2 2 2
left_child=1 -1 -3 5 -5 -4
right_child=-2 2 3 4 -6 -7
leaf_value=-0.013813524925087216 0.0074294655234829893 0.014787346028218544 -0.0098853351923378352 -0.031795987588937952 0.0014846277476564082 0.011162916098233406
leaf_weight=5.0598672572523382 5.6587491799145928 3.3511254806071546 4.6718781068921116 2.2966898689046493 3.1768616689369082 8.1090542096644622
leaf_count=38 39 25 37 23 29 59
internal_value=-7.0236e-05 -0.00166177 0.00118408 -0.00131318 -0.0124798 0.00346904
internal_weight=32.3242 26.6655 21.6056 18.2545 5.47355 12.7809
internal_count=250 211 173 148 52 96
is_linear=0
shrinkage=0.05


Tree=484
num_leaves=11
num_cat=0
split_feature=26 19 31 18 30 28 25 18 6 14
split_gain=0.0493754 0.0380484 0.0423937 0.0280765 0.0748815 3.91197e-07 1.49376e-07 1.74826e-08 5.97489e-09 2.33944e-09
threshold=0.023323893851323056 -0.0080194077406610647 0.25961374734135506 -0.72809652776535205 0.0097483980286147149 -0.019957427510860489 -0.023137800489974488 -0.53188899530935607 0.99901229192859031 0.85376332448027881
decision_type=2 2 2 2 2 2 2 2 2 2
left_child=1 3 5 -1 -5 -3 -2 -8 -7 -9
right_child=6 2 -4 4 -6 8 7 9 -10 -11
leaf_value=0.023740985354716096 -0.033545390351589315 -0.033579151697382646 0.024108696472173445 -0.033536010908475897 0.015512634028114414 -0.033367275523530103 -0.033410396090674657 -0.033370362725199075 -0.033396766957900004 -0.033341454641058553
leaf_weight=0.25169917169841938 0.019262461108155549 0.040610431373352185 0.044960476399865001 0.10621774842002196 0.29099724590196274 0.029954100798931904 0.040572183283074992 0.021161863434826955 0.040254023922898341 0.010456915078975726
leaf_count=13 3 11 12 32 33 35 24 22 27 38
internal_value=0.00139208 0.00534866 -0.0168416 0.0106757 0.00239672 -0.0334556 -0.0334217 -0.0333887 -0.0333842 -0.0333608
internal_weight=0.896147 0.804693 0.155779 0.648914 0.397215 0.110819 0.0914534 0.072191 0.0702081 0.0316188
internal_count=250 163 85 78 65 73 87 84 62 60
is_linear=0
shrinkage=0.05


Tree=485
num_leaves=7
num_cat=0
split_feature=32 19 32 27 29 19
split_gain=0.159547 0.321393 0.350949 0.447844 0.519128 0.357653
threshold=-0.53835533779806688 -0.071780892959792661 -0.40462965530551959 -0.011907369765761287 -0.0075254529763508207 -0.010105145627009536
decision_type=2 2 2 2 2 2
left_child=-1 -2 -3 5 -5 -4
right_child=1 2 3 4 -6 -7
leaf_value=-0.010338204877523266 0.015738294144662344 0.011301271396735937 -0.029348891566349834 -0.020576234541428529 0.0047936352901504099 -0.0037394615671468173
leaf_weight=3.32906300574541 3.3693807832896736 4.9387884568423059 2.5781904719769955 2.3873705454170766 12.976780064403998 2.8932959344238105
leaf_count=24 30 39 18 17 99 23
internal_value=3.14974e-05 0.00121602 -0.000682419 -0.00352298 0.000851518 -0.0158067
internal_weight=32.4729 29.1438 25.7744 20.8356 15.3642 5.47149
internal_count=250 226 196 157 116 41
is_linear=0
shrinkage=0.05


Tree=486
num_leaves=6
num_cat=0
split_feature=15 15 32 32 25
split_gain=0.154518 0.429302 0.276055 0.363239 0.399681
threshold=0.014115441256163019 0.015519237629037176 -0.05061643838151314 -0.11889196967284486 0.0005742204483144554
decision_type=2 2 2 2 2
left_child=-1 -2 3 4 -3
right_child=1 2 -4 -5 -6
leaf_value=0.011710899993175766 -0.019080004699417175 -0.0057485828374187007 0.016088161847015153 -0.014476376987447271 0.0084985698888404692
leaf_weight=2.5612127110362044 2.9819811582565334 9.0589182134717792 2.6978107560425988 4.0273859333246937 10.781077040825037
leaf_count=18 27 72 20 33 80
internal_value=-7.01827e-05 -0.00109139 0.000927855 -0.000785765 0.00199334
internal_weight=32.1084 29.5472 26.5652 23.8674 19.84
internal_count=250 232 205 185 152
is_linear=0
shrinkage=0.05


Tree=487
num_leaves=12
num_cat=0
split_feature=27 27 5 18 23 6 21 27 6 22 19
split_gain=0.0488829 0.0547478 0.0756185 0.0317187 0.066235 3.61226e-07 1.48235e-07 8.04946e-08 2.52681e-09 9.30247e-10 4.19593e-10
threshold=-0.0073145777874613618 -0.0062363175374047777 0.017217289075567663 -0.75735966557968848 -0.0055986241854407695 1.1276370039775407 0.0027557726860134584 0.0047220670894556624 0.68413014275797779 -0.0083786479075978453 -0.054805799949304061
decision_type=2 2 2 2 2 2 2 2 2 2 2
left_child=6 -2 5 -4 -5 7 8 -3 -1 -10 -11
right_child=1 2 3 4 -6 -7 -8 -9 9 10 -12
leaf_value=-0.033386359640845534 0.032687777233953969 -0.033491732870782547 0.020079248610394552 0.0195000187549218 -0.033454193791479132 -0.033603155028208279 -0.03349410388494934 -0.033394565077676172 -0.033370803230492428 -0.033361247281293339 -0.03334664310514885
leaf_weight=0.010714368385379203 0.14940364717040211 0.038012955759768374 0.26353654832928441 0.12701496730733197 0.11035751325835008 0.05284851641044952 0.048637349187629297 0.048517746414290741 0.0098846430628327653 0.0079263661245931871 0.012959852028870955
leaf_count=7 6 12 19 18 63 15 12 36 11 12 39
internal_value=0.00145224 0.00543368 -0.000925735 0.00813818 -0.00511907 -0.0335002 -0.0334349 -0.0334373 -0.0333654 -0.0333582 -0.0333522
internal_weight=0.879814 0.789692 0.640288 0.500909 0.237372 0.139379 0.0901226 0.0865307 0.0414852 0.0307709 0.0208862
internal_count=250 169 163 100 81 63 81 48 69 62 51
is_linear=0
shrinkage=0.05


Tree=488
num_leaves=8
num_cat=0
split_feature=14 28 1 19 5 21 0
split_gain=0.152109 0.23918 0.325026 0.387326 0.738039 0.525325 0.354727
threshold=1.0069066000915821 0.098565230738145729 0.040730909693651791 1.0000000180025095e-35 0.01368699949439719 0.0017184121188301706 0.021678217465440856
decision_type=2 2 2 2 2 2 2
left_child=1 2 3 4 -1 -5 -4
right_child=-2 -3 6 5 -6 -7 -8
leaf_value=0.015764205781230944 -0.010355485920087257 -0.012808595988601871 0.021534116205271701 0.01698778178811931 -0.014918660470790494 -0.0080866817927622899 -0.00095883609771811617
leaf_weight=2.6134554930031388 3.1781178973615161 2.7703479602932921 4.0296283904463044 5.2575532905757409 7.8368436759337783 3.4658124018460512 3.1022935397922993
leaf_count=20 26 20 35 42 60 26 21
internal_value=3.02523e-05 0.00116546 0.00263712 -0.000752538 -0.00724536 0.00702564 0.01175
internal_weight=32.2541 29.0759 26.3056 19.1737 10.4503 8.72337 7.13192
internal_count=250 224 204 148 80 68 56
is_linear=0
shrinkage=0.05


Tree=489
num_leaves=9
num_cat=0
split_feature=20 2 5 28 11 12 1 6
split_gain=0.159658 0.471267 0.305649 0.67854 0.297441 0.499999 0.498618 0.285616
threshold=0.088356501377166899 0.023423037756275415 0.030155189897340628 0.010908732969928893 37.503110084533695 0.166906297540414 0.018007980806412752 0.87591988839849533
decision_type=2 2 2 2 2 2 2 2
left_child=2 -2 4 -4 6 -6 7 -1
right_child=1 -3 3 -5 5 -7 -8 -9
leaf_value=0.0064183212320399466 -0.023876125521936284 0.004014421500621086 0.022267183948946528 -0.0040689291067639464 -0.022419928485934541 0.0064801026019746496 0.017406067275383533 -0.015849396444969521
leaf_weight=2.5601394064724499 2.5330637856386593 3.7669230289757252 4.7213914319872838 5.0743250697851181 3.8103260919451705 2.4647208135575056 3.6681949207559228 3.2913366016000509
leaf_count=16 26 27 36 38 36 18 25 28
internal_value=-6.94051e-05 -0.00719966 0.00168596 0.00862469 -0.00261737 -0.0110685 0.00295335 -0.00610682
internal_weight=31.8904 6.29999 25.5904 9.79572 15.7947 6.27505 9.51967 5.85148
internal_count=250 53 197 74 123 54 69 44
is_linear=0
shrinkage=0.05


Tree=490
num_leaves=12
num_cat=0
split_feature=27 27 5 21 28 16 6 21 27 23 2
split_gain=0.0471383 0.053545 0.0725823 0.0305621 0.0357327 0.0241195 3.39038e-07 1.36988e-07 7.38374e-08 2.3236e-09 3.14847e-10
threshold=-0.0073145777874613618 -0.0062363175374047777 0.017217289075567663 0.00070309462270634626 -0.022415092388189502 0.024789948316877145 1.1276370039775407 0.0027557726860134584 0.0047220670894556624 0.00093993267083458687 0.014016349009694619
decision_type=2 2 2 2 2 2 2 2 2 2 2
left_child=7 -2 6 4 -4 -5 8 9 -3 10 -1
right_child=1 2 3 5 -6 -7 -8 -9 -10 -11 -12
leaf_value=-0.033359221479533123 0.032583101439730727 -0.033487272832219819 0.024406397936959943 0.02729217263593698 -0.033455075959039675 0.0018020495375079678 -0.033597524632638917 -0.033490140006553086 -0.033392663139037819 -0.033376643284376742 -0.033346713630474804
leaf_weight=0.0094199798550107516 0.14604931572102942 0.036890178365865722 0.040119733544997871 0.19192268262850121 0.079666620891657658 0.17969447346695233 0.051421504147583619 0.047340724995592609 0.046766502549871802 0.019784290780080482 0.010799028663313948
leaf_count=17 6 12 5 14 49 32 15 12 36 22 30
internal_value=0.00138356 0.00531995 -0.00103581 0.00788706 -0.0140757 0.0149665 -0.0334965 -0.0334326 -0.0334344 -0.0333645 -0.0333525
internal_weight=0.859875 0.772531 0.626482 0.491404 0.119786 0.371617 0.135078 0.087344 0.0836567 0.0400033 0.020219
internal_count=250 169 163 100 54 46 63 81 48 69 47
is_linear=0
shrinkage=0.05


Tree=491
num_leaves=9
num_cat=0
split_feature=20 16 5 28 11 1 12 23
split_gain=0.159295 0.436964 0.301061 0.737721 0.282656 0.506087 0.46363 0.216342
threshold=0.088356501377166899 0.033067663556618637 0.030155189897340628 0.010908732969928893 37.503110084533695 0.018007980806412752 0.166906297540414 -0.0038989786443754944
decision_type=2 2 2 2 2 2 2 2
left_child=2 -2 4 -4 5 7 -6 -1
right_child=1 -3 3 -5 6 -7 -8 -9
leaf_value=-0.0045365027579774338 -0.0041633215306227352 0.022348154477163162 -0.023014447740094 0.0045313395098945395 0.021389999590618748 -0.017449236887984079 -0.0063128502243746864 0.014762813801123355
leaf_weight=2.6145852562040073 3.6527357008308163 2.7053727619349957 4.6602915944531542 5.0804110784083605 3.9041811078786841 3.6856022980064154 2.4631458539515734 3.2659847699105775
leaf_count=16 33 20 36 38 36 25 18 28
internal_value=3.19575e-05 0.0071173 -0.0017227 -0.00864753 0.00251069 -0.00292247 0.0106734 0.00618206
internal_weight=32.0323 6.35811 25.6742 9.7407 15.9335 9.56617 6.36733 5.88057
internal_count=250 53 197 74 123 69 54 44
is_linear=0
shrinkage=0.05


Tree=492
num_leaves=10
num_cat=0
split_feature=6 27 12 0 34 6 16 18 16
split_gain=0.159625 0.339117 0.639318 0.545622 0.586091 0.312551 0.413965 0.382474 0.485741
threshold=1.0309105536361274 -0.0031445754787510212 0.075122636024998121 0.0078295374500486643 2.1392143301347883 0.75637751874617609 0.0069482929913146823 -0.21847766787516273 0.021911093537265183
decision_type=2 2 2 2 2 2 2 2 2
left_child=5 2 -2 -3 -5 -1 -7 8 -8
right_child=1 3 -4 4 -6 6 7 -9 -10
leaf_value=-0.0089066998651520738 -0.01283323707108721 -0.029735956073805987 0.020971016719104462 0.013524094552254191 -0.016806473284553671 -0.008014468156293298 0.021349092285364957 0.028030147026133091 -0.00557263796563568
leaf_weight=4.0538648110814455 2.5557206794619551 2.5129608754068595 3.0893994914367795 3.0664630942046642 3.3140952847898006 3.3933162558823815 2.9326488226652163 2.755903042852875 3.9084470504894853
leaf_count=33 19 29 22 23 22 29 24 19 30
internal_value=-6.92629e-05 -0.00391802 0.00566678 -0.0100019 -0.00222976 0.00321372 0.00699612 0.0123036 0.0059682
internal_weight=31.5828 14.5386 5.64512 8.89352 6.38056 17.0442 12.9903 9.597 6.8411
internal_count=250 115 41 74 45 135 102 73 54
is_linear=0
shrinkage=0.05


Tree=493
num_leaves=11
num_cat=0
split_feature=28 28 21 27 29 23 23 0 4 2
split_gain=0.0466074 0.0541349 0.0465799 0.0458737 0.0258609 0.0301887 2.05316e-07 1.3559e-07 9.38927e-08 2.84197e-08
threshold=0.042903524122921984 -0.027538973449199085 0.00070309462270634626 0.036012807292363121 0.0055267861700197827 0.0085765641708744917 -0.010729402531970965 -0.038835871204138721 0.013867466066880184 0.065906224524420534
decision_type=2 2 2 2 2 2 2 2 2 2
left_child=1 8 3 6 5 -4 -3 -2 -1 -9
right_child=7 2 4 -5 -6 -7 -8 9 -10 -11
leaf_value=-0.033523219107654531 -0.033538345108567492 -0.033524573890909723 -0.010022736136900431 0.034115340853709784 0.028833038776471795 0.021653095650091381 -0.033378861677163418 -0.033373328531193666 -0.033414663046609228 -0.033445801138479885
leaf_weight=0.037863354002183769 0.03146859968546778 0.04117250694980612 0.14127781616116408 0.033595610409975052 0.23978688914212398 0.16086919439840131 0.058559846962452866 0.028379274895996787 0.042029179512610426 0.025848171877441928
leaf_count=14 6 19 36 1 14 14 67 28 34 17
internal_value=0.00148845 0.00545397 0.0100587 -0.0164169 0.0165723 0.00684212 -0.033439 -0.0334558 -0.0334661 -0.0334079
internal_weight=0.84085 0.755154 0.675262 0.133328 0.541934 0.302147 0.0997324 0.085696 0.0798925 0.0542274
internal_count=250 199 151 87 64 50 86 51 48 45
is_linear=0
shrinkage=0.05


Tree=494
num_leaves=7
num_cat=0
split_feature=4 5 19 19 28 1
split_gain=0.161094 0.292178 0.271356 0.329634 0.509897 0.442469
threshold=0.012013688645006427 0.013584880234422253 -0.071780892959792661 -0.0066954261023005604 -0.018494661262625275 0.040730909693651791
decision_type=2 2 2 2 2 2
left_child=-1 -2 -3 5 -5 -4
right_child=1 2 3 4 -6 -7
leaf_value=-0.013118766810941269 0.016731824012494841 0.013130427977771673 -0.017062724800117862 -0.014853601400769379 0.0079174352315680274 0.0050695806591317819
leaf_weight=2.1702104993164566 2.681887565180662 3.1833352139219739 6.4803699385374873 3.2071673292666754 10.53046434372661 3.4660657607018948
leaf_count=15 26 29 49 26 78 27
internal_value=2.95072e-05 0.000995166 -0.000575658 -0.00241787 0.00260134 -0.00935021
internal_weight=31.7195 29.5493 26.8674 23.6841 13.7376 9.94644
internal_count=250 235 209 180 104 76
is_linear=0
shrinkage=0.05


Tree=495
num_leaves=9
num_cat=0
split_feature=4 5 26 19 21 20 20 21
split_gain=0.152535 0.400567 0.206105 0.503224 0.801256 0.616592 0.47316 0.609889
threshold=0.012013688645006427 0.013469750823327492 0.017428735119305986 0.004140168272387835 0.00096570780090388119 -0.022088928274260785 -0.05449106168792394 -0.0013658083856538104
decision_type=2 2 2 2 2 2 2 2
left_child=-1 -2 3 5 -5 -3 -4 -8
right_child=1 2 6 4 -6 -7 7 -9
leaf_value=0.012757893377059897 -0.020924832929931442 0.026225156343902014 -0.017861662686015151 -0.026583779665023261 0.0083984617363490558 -0.0041066567501485953 0.018650641486103035 -0.0083322635415551214
leaf_weight=2.157957628369334 2.3255422301590469 4.2759381048381382 4.1092764642089596 2.6035402752459049 4.4086516536772251 2.7550142938271129 3.5521482191979876 5.1021744720637789
leaf_count=15 23 34 32 22 29 23 29 43
internal_value=-6.88624e-05 -0.001019 0.000707877 0.00488759 -0.00459001 0.0143399 -0.00389086 0.00274281
internal_weight=31.2902 29.1323 26.8067 14.0431 7.01219 7.03095 12.7636 8.65432
internal_count=250 235 212 108 51 57 104 72
is_linear=0
shrinkage=0.05


Tree=496
num_leaves=12
num_cat=0
split_feature=26 19 32 18 4 24 28 25 18 33 14
split_gain=0.0453112 0.0345779 0.0378774 0.0239407 0.0370189 0.0707031 2.94674e-07 1.31355e-07 1.36493e-08 4.05287e-09 1.82109e-09
threshold=0.023323893851323056 -0.0080194077406610647 0.12606106264613362 -0.72809652776535205 0.013144353758739295 -0.010642567255196854 -0.019957427510860489 -0.023137800489974488 -0.53188899530935607 0.78500000000000014 0.85376332448027881
decision_type=2 2 2 2 2 2 2 2 2 2 2
left_child=1 3 6 -1 -5 -6 -3 -2 -9 -8 -10
right_child=7 2 -4 4 5 -7 9 8 10 -11 -12
leaf_value=0.023277358847879986 -0.033536776363846769 -0.033556592760728907 0.023858768575753406 0.025864364245831606 0.019823806021694382 -0.033508954772987092 -0.033366275480784489 -0.033404979855002258 -0.033367704816567721 -0.033391598789753688 -0.033340632141428607
leaf_weight=0.23101894828141667 0.01825261558406055 0.036525653471471742 0.040543157054344192 0.11748968124447856 0.11834559723502025 0.13085289374430431 0.033320669001113856 0.037125537997781066 0.018966957664815709 0.03004886390408501 0.0092367249671951868
leaf_count=13 3 11 6 15 9 41 47 24 22 21 38
internal_value=0.00147365 0.00542453 -0.0169009 0.0106701 0.00272742 -0.00818096 -0.0334435 -0.0334182 -0.0333851 -0.0333783 -0.0333588
internal_weight=0.821727 0.738145 0.140438 0.597707 0.366688 0.249198 0.0998952 0.0835818 0.0653292 0.0633695 0.0282037
internal_count=250 163 85 78 65 50 79 87 84 68 60
is_linear=0
shrinkage=0.05


Tree=497
num_leaves=7
num_cat=0
split_feature=32 19 15 1 25 29
split_gain=0.151518 0.476123 0.459898 0.400674 0.397052 0.355948
threshold=-0.44808815786432149 -0.069419882954705067 0.061249847598462366 0.074560118982033199 -0.0028790390695633823 7.5117859299034264e-05
decision_type=2 2 2 2 2 2
left_child=5 -2 3 4 -3 -1
right_child=1 2 -4 -5 -6 -7
leaf_value=0.0037854447948730109 0.022290607966868242 -0.012105579272483664 0.018344527298188709 -0.01908419115032595 0.0053599699836484362 -0.018382385496881707
leaf_weight=3.9886744320392635 2.5682611856609645 4.6663738023489811 2.8189039155840865 3.3161925375461569 10.751357752829781 3.3165242839604616
leaf_count=29 26 41 22 23 84 25
internal_value=3.00318e-05 0.00194065 -0.00048428 -0.00331746 7.37979e-05 -0.00627864
internal_weight=31.4263 24.1211 21.5528 18.7339 15.4177 7.3052
internal_count=250 196 170 148 125 54
is_linear=0
shrinkage=0.05


Tree=498
num_leaves=6
num_cat=0
split_feature=28 34 34 0 13
split_gain=0.152821 0.233879 0.402015 0.441081 0.532971
threshold=0.098565230738145729 2.3455975373468596 1.8993458180819365 0.013129343927993477 41.369037738748695
decision_type=2 2 2 2 2
left_child=1 2 3 4 -1
right_child=-2 -3 -4 -5 -6
leaf_value=-0.026449130077762908 0.010833930497659341 0.0091495307050584989 -0.016865509456942814 0.013354112289281891 -0.00020587168269693983
leaf_weight=2.2996749226004018 2.9141855202615252 4.5734908767044535 4.3835730813443652 4.6316579673439255 12.189336426556109
leaf_count=23 21 32 38 35 101
internal_value=-6.44031e-05 -0.00119554 -0.0032085 -7.75161e-05 -0.00437116
internal_weight=30.9919 28.0777 23.5042 19.1207 14.489
internal_count=250 229 197 159 124
is_linear=0
shrinkage=0.05


Tree=499
num_leaves=11
num_cat=0
split_feature=26 19 31 30 24 28 25 18 6 14
split_gain=0.0438446 0.0327894 0.0365112 0.0235822 0.0178443 2.46547e-07 1.2615e-07 1.23837e-08 4.29583e-09 1.62009e-09
threshold=0.023323893851323056 -0.0080194077406610647 0.25961374734135506 0.0080446166049941165 -0.010642567255196854 -0.019957427510860489 -0.023137800489974488 -0.53188899530935607 0.99901229192859031 0.85376332448027881
decision_type=2 2 2 2 2 2 2 2 2 2
left_child=1 3 5 4 -1 -3 -2 -8 -7 -9
right_child=6 2 -4 -5 -6 8 7 9 -10 -11
leaf_value=0.016252218331181498 -0.033533643148398025 -0.033544804032715897 0.023611450570118941 0.018443777676041318 -0.01301344103376721 -0.03336262175306326 -0.033402638272758044 -0.03336639580233311 -0.033389461049566964 -0.033340373120159257
leaf_weight=0.082544157368829474 0.017938661039806902 0.034825606060621794 0.039638305846892763 0.36117473879130557 0.14115968001715373 0.025865925068501383 0.03582124094828032 0.018220703961560503 0.035194911433791276 0.0089036801364272833
leaf_count=6 3 11 12 38 34 35 24 22 27 38
internal_value=0.00148848 0.00540751 -0.0167526 0.0105423 -0.00221475 -0.0334386 -0.0334167 -0.0333833 -0.0333781 -0.0333579
internal_weight=0.801288 0.720403 0.135525 0.584879 0.223704 0.0958864 0.0808843 0.0629456 0.0610608 0.0271244
internal_count=250 163 85 78 40 73 87 84 62 60
is_linear=0
shrinkage=0.05


Tree=500
num_leaves=7
num_cat=0
split_feature=24 21 25 32 19 26
split_gain=0.145544 0.21228 0.340698 0.376361 0.435023 0.285694
threshold=0.026022165992401817 0.0031057158926393051 -0.0075082184389771425 -0.49473428990582885 0.03084171737534214 -0.0065462606363925193
decision_type=2 2 2 2 2 2
left_child=1 2 -1 -4 -5 -3
right_child=-2 5 3 4 -6 -7
leaf_value=0.017308794318962775 0.010157898738131837 -0.024201742255876207 -0.019789094098011096 0.0066102766871095568 -0.010268496687182056 -0.00034940191247834939
leaf_weight=2.7918279953301051 3.1819404959678641 2.150613259524107 2.4279869794845679 11.94038799963891 5.6114355102181426 3.0158556122332802
leaf_count=26 27 14 19 96 40 28
internal_value=2.5812e-05 -0.00112816 0.000947836 -0.00133832 0.00121402 -0.0102783
internal_weight=31.12 27.9381 22.7716 19.9798 17.5518 5.16647
internal_count=250 223 181 155 136 42
is_linear=0
shrinkage=0.05


Tree=501
num_leaves=10
num_cat=0
split_feature=6 27 12 25 27 6 2 5 16
split_gain=0.148274 0.311042 0.642191 0.42161 0.401213 0.296091 0.403745 0.582264 0.346289
threshold=1.0309105536361274 -0.0031445754787510212 0.069826108695435526 0.0024512262357069274 0.011857323039244696 0.75637751874617609 0.021129144167761019 0.016244102895053441 0.023721496968077706
decision_type=2 2 2 2 2 2 2 2 2
left_child=5 2 -2 -3 -5 -1 7 -7 -8
right_child=1 3 -4 4 -6 6 8 -9 -10
leaf_value=-0.0088281394184195495 -0.013885389469300031 -0.028773511093439449 0.02051946251394279 -0.016133029406201881 0.0087849056863174482 -0.015462089832776733 0.026097808357010151 0.014578691079952284 0.0021880477231568836
leaf_weight=3.9474882790818873 2.4125373698770991 2.1774637121707183 3.0980529841035604 3.1455705352127552 3.320943420752883 3.559905927628277 3.5771925337612629 2.9494033418595791 2.626074199564755
leaf_count=33 18 25 23 26 23 32 28 22 20
internal_value=-6.31708e-05 -0.003826 0.00545701 -0.00974397 -0.00333617 0.00313377 0.00684816 -0.00185045 0.0159759
internal_weight=30.8146 14.1546 5.51059 8.64398 6.46651 16.6601 12.7126 6.50931 6.20327
internal_count=250 115 41 74 49 135 102 54 48
is_linear=0
shrinkage=0.05


Tree=502
num_leaves=11
num_cat=0
split_feature=27 27 5 18 23 6 21 27 23 24
split_gain=0.0436259 0.0483552 0.0670304 0.0269485 0.0585701 2.72137e-07 1.15201e-07 5.44968e-08 1.59654e-09 2.26662e-10
threshold=-0.0073145777874613618 -0.0062363175374047777 0.017217289075567663 -0.75735966557968848 -0.0055986241854407695 1.1276370039775407 0.0027557726860134584 0.0047220670894556624 0.00093993267083458687 -0.022447405607407763
decision_type=2 2 2 2 2 2 2 2 2 2
left_child=6 -2 5 -4 -5 7 8 -3 9 -1
right_child=1 2 3 4 -6 -7 -8 -9 -10 -11
leaf_value=-0.033357972666154756 0.032468482771023981 -0.033473695798992058 0.019668027205340787 0.019145765944092556 -0.033441784702118352 -0.033578682776355569 -0.033481856140981023 -0.033388408863179522 -0.033371984076860269 -0.033346491079718536
leaf_weight=0.0069520423967333036 0.13468190730782226 0.033460020364145748 0.23818289249902591 0.11630724294809625 0.097195720903982874 0.047327177475381177 0.044255260494537652 0.042548093915684149 0.017620962025830522 0.011261509767791722
leaf_count=16 6 12 19 18 63 15 12 36 22 31
internal_value=0.00155337 0.00550099 -0.000815357 0.00810515 -0.00479435 -0.0334846 -0.0334279 -0.033426 -0.0333613 -0.0333509
internal_weight=0.789793 0.709703 0.575021 0.451686 0.213503 0.123335 0.0800898 0.0760081 0.0358345 0.0182136
internal_count=250 169 163 100 81 63 81 48 69 47
is_linear=0
shrinkage=0.05


Tree=503
num_leaves=10
num_cat=0
split_feature=6 27 12 3 12 23 0 24 1
split_gain=0.148686 0.306183 0.661601 0.415389 0.387297 0.284986 0.526685 0.481501 0.267478
threshold=1.0309105536361274 -0.0031445754787510212 0.069826108695435526 0.08064634327304944 0.17348440975685514 -0.0052549473674376448 0.0019872686772199892 0.0077431934569993652 0.0074115308530028354
decision_type=2 2 2 2 2 2 2 2 2
left_child=5 2 -2 -3 -5 -1 8 -8 -7
right_child=1 3 -4 4 -6 6 7 -9 -10
leaf_value=-0.013510053835698026 0.014135396906881391 -0.0045022580222381309 -0.020722275953370617 0.032527415956182706 0.0057521997679654555 0.0004167171334374308 0.028653039760349625 -0.0019143761819531268 -0.019609038646673193
leaf_weight=4.7664973018690988 2.4269009232521048 3.2503749262541515 3.1001149024814367 2.5052566342055798 2.9302752763032913 3.8820508234202862 2.516044657677412 2.6401717588305473 2.9228959959000349
leaf_count=38 18 31 23 20 23 30 22 20 25
internal_value=2.32622e-05 0.00378351 -0.00541635 0.00963757 0.018093 -0.0031717 0.000948117 0.0130014 -0.00818485
internal_weight=30.9406 14.2129 5.52702 8.68591 5.43553 16.7277 11.9612 5.15622 6.80495
internal_count=250 115 41 74 43 135 97 42 55
is_linear=0
shrinkage=0.05


Tree=504
num_leaves=8
num_cat=0
split_feature=20 2 5 33 32 23 4
split_gain=0.149827 0.430315 0.277794 0.619499 0.277838 0.51709 0.435533
threshold=0.088356501377166899 0.023423037756275415 0.030155189897340628 0.97500000000000009 -0.11889196967284486 -0.0047874586781367348 0.016974841133911667
decision_type=2 2 2 2 2 2 2
left_child=2 -2 4 -4 5 -1 -7
right_child=1 -3 3 -5 -6 6 -8
leaf_value=0.015588181884660804 -0.023344961301135812 0.003858418702321913 0.020987644971154299 -0.0047340208222039709 -0.013323548486175577 -0.015864310957941628 0.011394917971010082
leaf_weight=4.151508731767537 2.4364887936972073 3.6040734238922596 4.7987301629036647 4.5704230442643166 4.2684684153646257 4.4592240238562226 2.1825075875967741
leaf_count=31 26 27 39 35 34 40 18
internal_value=-6.32015e-05 -0.00711419 0.00168016 0.0084402 -0.00252493 0.00174567 -0.00690679
internal_weight=30.4714 6.04056 24.4309 9.36915 15.0617 10.7932 6.64173
internal_count=250 53 197 74 123 89 58
is_linear=0
shrinkage=0.05


Tree=505
num_leaves=11
num_cat=0
split_feature=27 27 5 15 1 6 21 27 23 2
split_gain=0.0417894 0.0463346 0.0645704 0.0263936 0.0667722 2.5719e-07 1.05039e-07 5.09964e-08 1.43441e-09 1.93713e-10
threshold=-0.0073145777874613618 -0.0062363175374047777 0.017217289075567663 0.023234659022909956 0.0074115308530028354 1.1276370039775407 0.0027557726860134584 0.0047220670894556624 0.00093993267083458687 0.014016349009694619
decision_type=2 2 2 2 2 2 2 2 2 2
left_child=6 -2 5 -4 -5 7 8 -3 9 -1
right_child=1 2 3 4 -6 -7 -8 -9 -10 -11
leaf_value=-0.033355737991268168 0.032317913224965293 -0.033470297390169608 0.024407936801761409 0.016894182007003766 -0.033482303036762355 -0.033574401479768382 -0.033477503842842843 -0.033386426984350522 -0.033370525553206284 -0.033345188415834663
leaf_weight=0.0081421701215731446 0.12961875271867029 0.032518466978217475 0.15718142540572444 0.18427214572875528 0.10229205508221639 0.045915859991509933 0.042774885863764212 0.040945487409771886 0.016903050171094947 0.0093463234370574355
leaf_count=17 6 12 9 37 54 15 12 36 22 30
internal_value=0.0014772 0.00536506 -0.000838882 0.0079429 -0.00108823 -0.0334816 -0.0334252 -0.0334236 -0.0333601 -0.0333501
internal_weight=0.769911 0.692744 0.563125 0.443746 0.286564 0.11938 0.0771664 0.073464 0.0343915 0.0174885
internal_count=250 169 163 100 91 63 81 48 69 47
is_linear=0
shrinkage=0.05


Tree=506
num_leaves=9
num_cat=0
split_feature=20 2 5 33 27 32 29 29
split_gain=0.1497 0.400766 0.274488 0.635652 0.257582 0.557687 0.727458 0.295987
threshold=0.088356501377166899 0.023423037756275415 0.030155189897340628 0.97500000000000009 0.004165866948583786 -0.1735390864362204 0.0020059961375012984 0.0020059961375012984
decision_type=2 2 2 2 2 2 2 2
left_child=2 -2 4 -4 5 6 -1 -6
right_child=1 -3 3 -5 7 -7 -8 -9
leaf_value=0.0223632065734801 0.022452371500014869 -0.0036292148119461826 -0.021329991221733565 0.0047974260038173514 -0.015338791878379969 0.027098904015510988 -0.014513355664109962 0.0054968009592452939
leaf_weight=2.1513402014970797 2.4923404250293961 3.600764200091362 4.7318609645590168 4.5821960680186749 3.365795610472559 2.6819594167172944 3.5346064493060112 3.4533798806369305
leaf_count=21 26 27 39 35 27 20 27 28
internal_value=2.57738e-05 0.00703927 -0.00171839 -0.0084762 0.0024261 0.00830435 -0.000560704 -0.00478719
internal_weight=30.5942 6.0931 24.5011 9.31406 15.1871 8.36791 5.68595 6.81918
internal_count=250 53 197 74 123 68 48 55
is_linear=0
shrinkage=0.05


Tree=507
num_leaves=6
num_cat=0
split_feature=1 12 12 13 14
split_gain=0.13443 0.268964 0.215875 0.28188 0.302742
threshold=0.12249230229076892 0.18948306875824386 0.098957312985835558 69.331278032146614 0.5123331456651935
decision_type=2 2 2 2 2
left_child=1 2 3 4 -1
right_child=-2 -3 -4 -5 -6
leaf_value=-0.0063769343012397856 0.011051651732851008 -0.014537240785633041 0.010421026433046316 -0.016062304896714726 0.0070625628120745965
leaf_weight=7.7269122940488328 2.4940723963081828 3.2686883900314561 4.6557061951607457 2.8604281498119226 9.1551658576354367
leaf_count=71 18 27 37 28 69
internal_value=-6.62114e-05 -0.00106845 0.000736 -0.00154794 0.000911317
internal_weight=30.161 27.6669 24.3982 19.7425 16.8821
internal_count=250 232 205 168 140
is_linear=0
shrinkage=0.05


Tree=508
num_leaves=11
num_cat=0
split_feature=24 24 21 27 24 23 23 3 25 3
split_gain=0.0414586 0.0505924 0.0327462 0.0374905 0.0234916 0.0519583 1.5414e-07 1.07202e-07 5.13313e-08 2.30555e-09
threshold=-0.01645309018349694 0.023151751923785605 0.00070309462270634626 0.036012807292363121 -0.014431264418244492 0.0085765641708744917 -0.01541356138542088 -0.056421398442117791 -0.0092697499946887123 0.032796128569159928
decision_type=2 2 2 2 2 2 2 2 2 2
left_child=7 2 3 6 -4 -6 -2 -1 -9 -10
right_child=1 -3 4 -5 5 -7 -8 8 9 -11
leaf_value=-0.033531963620906047 -0.033532379142331578 -0.033497525208678436 0.032322338818241168 0.02959200369412229 -0.012560795386216825 0.02651901035496931 -0.033372301670228477 -0.033491943146152128 -0.033388652998106484 -0.033359165988142404
leaf_weight=0.035220140111050569 0.020456800171814393 0.073803018181934021 0.1508040918270126 0.034004935208940879 0.15677399963169592 0.1859167730435729 0.056773636082652956 0.013527529328712262 0.0120638994158071 0.014714803190145176
leaf_count=9 5 36 6 3 51 15 80 4 12 29
internal_value=0.00167248 0.00558394 0.0103536 -0.0141534 0.0158775 0.0086408 -0.0334147 -0.0334682 -0.0334126 -0.0333724
internal_weight=0.75406 0.678533 0.60473 0.111235 0.493495 0.342691 0.0772304 0.0755264 0.0403062 0.0267787
internal_count=250 196 160 88 72 66 85 54 45 41
is_linear=0
shrinkage=0.05


Tree=509
num_leaves=8
num_cat=0
split_feature=24 0 3 19 17 19 25
split_gain=0.137127 0.414782 0.220404 0.322465 0.502384 0.489061 0.403068
threshold=-0.01875576505210402 0.0048699040182711437 -0.0185489535232603 0.03084171737534214 0.010471155283355143 -0.0066954261023005604 0.010651203163546953
decision_type=2 2 2 2 2 2 2
left_child=1 -1 -2 5 -5 6 -4
right_child=2 -3 3 4 -6 -7 -8
leaf_value=0.020596782038592411 0.010432113540953192 -0.0058118713430130378 0.00049303263556585094 -0.022756387039409992 0.0048372014167967466 0.0146570724401251 -0.023026705002861608
leaf_weight=2.850624933838847 3.2717954544350567 3.1078825183212757 7.2063543312251621 4.3451495766639701 2.6589178554713726 4.4042521547526041 2.4378306865692139
leaf_count=22 31 26 61 35 19 37 19
internal_value=2.42992e-05 0.00682236 -0.00164096 -0.00351725 -0.0122812 0.000852138 -0.00545222
internal_weight=30.2828 5.95851 24.3243 21.0525 7.00407 14.0484 9.64419
internal_count=250 48 202 171 54 117 80
is_linear=0
shrinkage=0.05


Tree=510
num_leaves=9
num_cat=0
split_feature=28 28 30 13 28 28 28 28
split_gain=0.141571 0.247853 0.547047 0.359065 0.414428 0.476021 0.385247 0.521174
threshold=-0.068588206371994961 -0.018494661262625275 0.0033555050217708442 51.892607802561741 -0.0056053388432018561 0.030355154475230076 0.0063923203327502795 0.042903524122921984
decision_type=2 2 2 2 2 2 2 2
left_child=-1 2 -2 6 -5 -6 -3 -8
right_child=1 3 -4 4 5 -7 7 -9
leaf_value=-0.014492500010520992 -0.0073574556187074956 0.024969094268138089 0.024296309548556522 -0.019950011843586749 0.0073100763918916402 -0.013264070681141535 -0.016149339244468562 0.015852556413016191
leaf_weight=1.6092963740229631 2.453796952031559 2.220242438837885 3.0759767349809408 3.9015001654625001 6.8637137413024814 4.7618798799812794 2.5197696331888437 2.5697051770985126
leaf_count=12 26 18 25 33 56 38 21 21
internal_value=-6.61511e-05 0.000752286 0.0102502 -0.00154756 -0.0058493 -0.00111716 0.00759006 8.60239e-06
internal_weight=29.9759 28.3666 5.52977 22.8368 15.5271 11.6256 7.30972 5.08947
internal_count=250 238 51 187 127 94 60 42
is_linear=0
shrinkage=0.05


Tree=511
num_leaves=12
num_cat=0
split_feature=18 27 21 27 33 23 25 21 23 6 22
split_gain=0.0401599 0.0434996 0.0380019 0.0355386 0.0176537 1.57873e-07 8.33845e-08 7.86904e-08 1.63206e-09 1.31618e-09 5.04377e-10
threshold=-0.17374010434383533 -0.0073145777874613618 0.00070309462270634626 0.029780827147088299 0.63500000000000012 -0.010729402531970965 -0.0078349671388439606 0.0027557726860134584 0.0033813377423780326 0.68413014275797779 -0.0067090732066747419
decision_type=2 2 2 2 2 2 2 2 2 2 2
left_child=1 7 3 5 -4 -3 -2 9 -8 -1 -11
right_child=6 2 4 -5 -6 -7 8 -9 -10 10 -12
leaf_value=-0.033377317195017422 -0.033476647071993236 -0.033516834954017576 0.005221341755763503 0.02666631911744767 0.024504224286080994 -0.03337764109950056 -0.033356846822313539 -0.033472142916657961 -0.03337756471026853 -0.033360831908344012 -0.033344249186946659
leaf_weight=0.0072461849922547108 0.033265137695707381 0.035820721110212617 0.21191276823810767 0.034941772057209164 0.26982864816091023 0.047229498173692264 0.015579358027025592 0.038848257972858846 0.024382904237427283 0.008764124599110799 0.0096173466808977554
leaf_count=5 11 11 33 5 19 54 31 10 22 14 35
internal_value=0.00172326 0.00559751 0.00979297 -0.0156387 0.0160219 -0.0334377 -0.0334182 -0.0334273 -0.0333695 -0.0333593 -0.0333522
internal_weight=0.737437 0.664209 0.599733 0.117992 0.481741 0.0830502 0.0732274 0.0644759 0.0399623 0.0256277 0.0183815
internal_count=250 186 122 70 52 65 64 64 53 54 49
is_linear=0
shrinkage=0.05


Tree=512
num_leaves=9
num_cat=0
split_feature=6 6 0 14 22 1 27 20
split_gain=0.13501 0.293318 0.441722 0.303743 0.262236 0.368627 0.408157 0.369396
threshold=1.0309105536361274 1.23249633836537 0.0078295374500486643 0.95917700938871298 -0.0056180986360817578 0.0074115308530028354 0.0054391877774513384 0.045975946076021852
decision_type=2 2 2 2 2 2 2 2
left_child=4 2 -2 -4 -1 7 -7 -6
right_child=1 -3 3 -5 5 6 -8 -9
leaf_value=0.0071703685940472774 0.025769650475545233 -0.0061912821971867368 -0.0086491915223919583 0.013520116717915457 -0.0093269720213558591 -0.003741147871300705 -0.030628599217203952 0.015553946405598013
leaf_weight=4.517755143344405 2.7371384147554618 4.8919338546693316 3.3224489158019423 2.8881141617894173 3.4057042673230189 3.0562450690194964 2.6226928271353245 2.6544682784006
leaf_count=37 31 37 25 22 26 25 21 26
internal_value=2.36621e-05 0.0036532 0.00903542 0.00166026 -0.0030662 -0.0070057 -0.0161585 0.00157133
internal_weight=30.0965 13.8396 8.9477 6.21056 16.2569 11.7391 5.67894 6.06017
internal_count=250 115 78 47 135 98 46 52
is_linear=0
shrinkage=0.05


Tree=513
num_leaves=7
num_cat=0
split_feature=32 19 15 1 3 15
split_gain=0.137377 0.641235 0.506772 0.360481 0.39153 0.313693
threshold=-0.44808815786432149 -0.071780892959792661 0.061249847598462366 0.074560118982033199 -0.0081729271496018812 0.063607453881692935
decision_type=2 2 2 2 2 2
left_child=5 -2 3 4 -3 -1
right_child=1 2 -4 -5 -6 -7
leaf_value=-0.0017707582793417499 -0.028902599192751684 0.018598244196354141 -0.018986873691831586 0.019081998949998805 -0.0031475147228139481 0.020607425510975261
leaf_weight=4.4276702683419016 2.0094407992437544 2.4867759030312397 2.8322212584316722 3.1661880277097216 12.348650893662116 2.4229906615801156
leaf_count=35 23 19 23 23 108 19
internal_value=-6.60917e-05 -0.00192852 0.000673149 0.00376629 0.0004976 0.00614412
internal_weight=29.6939 22.8433 20.8338 18.0016 14.8354 6.85066
internal_count=250 196 173 150 127 54
is_linear=0
shrinkage=0.05


Tree=514
num_leaves=13
num_cat=0
split_feature=2 2 0 22 29 5 32 14 1 29 21 25
split_gain=0.0398992 0.0382141 0.0730886 0.0376798 0.0288111 0.0161517 1.11834e-07 8.31923e-08 4.38115e-08 1.88248e-08 1.85388e-09 5.02689e-10
threshold=0.077523004792089636 -0.0044371255646490351 0.052591166618696568 0.0010137723480715401 -0.003951023521676921 0.017217289075567663 -0.055361630475249078 0.52865385797821773 0.0055517278538426149 0.0097147697742379097 0.00070309462270634626 -0.00094726529960864603
decision_type=2 2 2 2 2 2 2 2 2 2 2 2
left_child=1 2 7 5 -5 -3 9 8 -1 10 11 -2
right_child=6 3 -4 4 -6 -7 -8 -9 -10 -11 -12 -13
leaf_value=-0.033381619061556907 -0.033359210074114708 0.008430526920271313 0.033472441985924431 0.021527026041725669 -0.033475908792654128 0.030025319826019383 -0.033513303444056473 -0.033496350710735791 -0.033454929904567061 -0.033432077060789885 -0.033374231246888472 -0.033340065987326771
leaf_weight=0.044683659394650022 0.0064780299726407975 0.14599741358688334 0.058830197580391541 0.037740902604127768 0.064492344019527081 0.21279228517960291 0.028008248686091974 0.051008770009502769 0.037467775488039479 0.01449655881151557 0.015656658149964642 0.0072854003847169224
leaf_count=41 8 39 4 9 34 18 9 14 13 5 17 39
internal_value=0.00190935 0.00580231 -0.0129408 0.0136078 -0.0131708 0.021238 -0.0334352 -0.0334462 -0.0334151 -0.0333854 -0.0333625 -0.0333491
internal_weight=0.724938 0.653013 0.19199 0.461023 0.102233 0.35879 0.0719249 0.13316 0.0821514 0.0439166 0.0294201 0.0137634
internal_count=250 172 72 100 43 57 78 68 54 69 64 47
is_linear=0
shrinkage=0.05


Tree=515
num_leaves=7
num_cat=0
split_feature=32 19 15 1 25 29
split_gain=0.137491 0.450229 0.429539 0.371905 0.353456 0.318183
threshold=-0.44808815786432149 -0.069419882954705067 0.061249847598462366 0.074560118982033199 -0.0028790390695633823 7.5117859299034264e-05
decision_type=2 2 2 2 2 2
left_child=5 -2 3 4 -3 -1
right_child=1 2 -4 -5 -6 -7
leaf_value=0.0036388571102564057 0.022173165051863498 -0.011758225059821437 0.018098441197715084 -0.018907356562323389 0.0051449149091086005 -0.017917397739306538
leaf_weight=3.7636012434959438 2.4426130102947416 4.4427774595096805 2.6860293075442305 3.1601518504321566 10.177583925425997 3.1401752047240734
leaf_count=29 26 41 22 23 84 25
internal_value=1.93994e-05 0.00188339 -0.000538125 -0.00335347 8.45574e-06 -0.00616598
internal_weight=29.8129 22.9092 20.4665 17.7805 14.6204 6.90378
internal_count=250 196 170 148 125 54
is_linear=0
shrinkage=0.05


Tree=516
num_leaves=10
num_cat=0
split_feature=30 20 5 18 11 12 1 4 28
split_gain=0.169782 0.42377 0.257331 0.551255 0.263636 0.437411 0.431803 0.237387 0.167648
threshold=-0.022721938531934268 0.088356501377166899 0.030155189897340628 -0.50839156335179181 37.503110084533695 0.166906297540414 0.018007980806412752 0.04332470515195392 0.013339568855629926
decision_type=2 2 2 2 2 2 2 2 2
left_child=-1 2 4 -4 6 -6 -2 -5 -3
right_child=1 8 3 7 5 -7 -8 -9 -10
leaf_value=0.014362912516150871 -0.0057373365406470124 -0.02511466642074996 -0.008250135570900409 0.029079286186535699 -0.021825510213376125 0.0061999830567351947 0.017025479659391201 0.0082362338268923661 -0.0054189803740214435
leaf_weight=1.9075802080333257 5.4087117314338737 2.1986051257699719 3.1381728276610374 2.575980778783558 3.5041920393705359 2.3101144060492516 3.3887262688949704 2.9084776360541582 2.1243959269486368
leaf_count=15 44 23 25 25 36 18 25 22 17
internal_value=-6.29111e-05 -0.0010615 0.00161301 0.00846287 -0.00242921 -0.0106905 0.00303078 0.018026 -0.0154359
internal_weight=29.465 27.5574 23.2344 8.62263 14.6117 5.81431 8.79744 5.48446 4.323
internal_count=250 235 195 72 123 54 69 47 40
is_linear=0
shrinkage=0.05


Tree=517
num_leaves=12
num_cat=0
split_feature=26 19 31 3 3 28 25 18 6 28 25
split_gain=0.038594 0.0291 0.0321497 0.0201964 0.0317983 1.81322e-07 8.61021e-08 8.64488e-09 3.22773e-09 1.26229e-09 3.2443e-10
threshold=0.023323893851323056 -0.0080194077406610647 0.25961374734135506 -0.040239398166712008 0.062841344029489835 -0.019957427510860489 -0.025064776352012427 -0.53188899530935607 0.99901229192859031 -0.027538973449199085 -1.0000000180025095e-35
decision_type=2 2 2 2 2 2 2 2 2 2 2
left_child=1 3 5 -1 -5 -3 -2 -8 -7 -9 -11
right_child=6 2 -4 4 -6 8 7 9 -10 10 -12
leaf_value=0.027135303376611509 -0.033515446826900934 -0.033526070538283097 0.023359187152927716 -0.01482037561063101 0.015583034474991901 -0.033358788056371401 -0.033395348563016236 -0.033371387139063659 -0.033383729877505944 -0.033355185665377741 -0.03334087195771334
leaf_weight=0.13933158646977972 0.014326653443276882 0.030544533496140502 0.035477942401485052 0.1328976187214721 0.24370579668175196 0.02238532884621236 0.031322965602157637 0.008327424820890883 0.030843694978102576 0.0072547318268334484 0.0087134874738694634
leaf_count=9 2 11 12 33 36 35 24 13 27 11 37
internal_value=0.00184442 0.00572613 -0.0165342 0.0108713 0.00485413 -0.033429 -0.0334061 -0.033378 -0.0333732 -0.0333556 -0.0333474
internal_weight=0.705132 0.635187 0.119251 0.515935 0.376603 0.0837736 0.0699453 0.0556186 0.053229 0.0242956 0.0159682
internal_count=250 163 85 78 69 73 87 85 62 61 48
is_linear=0
shrinkage=0.05


Tree=518
num_leaves=8
num_cat=0
split_feature=24 0 3 19 19 17 25
split_gain=0.134308 0.387912 0.199287 0.30946 0.45988 0.457282 0.382643
threshold=-0.01875576505210402 0.0048699040182711437 -0.0185489535232603 0.03084171737534214 -0.0066954261023005604 0.010471155283355143 0.0080400305515768728
decision_type=2 2 2 2 2 2 2
left_child=1 -1 -2 4 6 -5 -4
right_child=2 -3 3 5 -6 -7 -8
leaf_value=0.02037107457438771 0.0099790610040512533 -0.0055015487729075576 0.0014924881696335168 -0.022182657939210038 0.014432607550975009 0.0044384527170175441 -0.020253500056823255
leaf_weight=2.7691619172692326 3.1913498379290166 3.0382955139502883 6.4763377904892021 4.2673825398087493 4.3011574167758146 2.5935418754816055 2.9417746067047119
leaf_count=22 31 26 57 35 37 19 23
internal_value=1.86996e-05 0.00683526 -0.00164661 -0.00344939 0.000886457 -0.0121194 -0.00529993
internal_weight=29.579 5.80746 23.7715 20.5802 13.7193 6.86092 9.41811
internal_count=250 48 202 171 117 54 80
is_linear=0
shrinkage=0.05


Tree=519
num_leaves=7
num_cat=0
split_feature=4 5 19 19 1 16
split_gain=0.136274 0.289154 0.219541 0.392819 0.519963 0.478873
threshold=0.012013688645006427 0.01368699949439719 -0.071780892959792661 -0.0066954261023005604 0.040730909693651791 0.053820371516066168
decision_type=2 2 2 2 2 2
left_child=-1 -2 -3 4 -4 -5
right_child=1 2 3 5 -6 -7
leaf_value=0.012457068575146196 -0.016071588560558014 -0.012210258637615158 0.01949623949759114 -0.0081675851157532418 -0.0057430151375842137 0.015988709411252269
leaf_weight=2.0229453332722214 2.846958615351471 2.8730843290686705 5.7472136211581617 9.9638897133990962 3.1640231050550938 2.5836160834878674
leaf_count=15 29 29 47 83 27 20
internal_value=-6.26843e-05 -0.000994543 0.000769555 0.00250741 0.0105348 -0.00319364
internal_weight=29.2017 27.1788 24.3318 21.4587 8.91124 12.5475
internal_count=250 235 206 177 74 103
is_linear=0
shrinkage=0.05


Tree=520
num_leaves=13
num_cat=0
split_feature=12 2 0 0 17 10 24 14 1 18 23 29
split_gain=0.0385412 0.0336272 0.0683013 0.0365307 0.0545265 9.60486e-08 7.98526e-08 7.40606e-08 4.04251e-08 7.77446e-09 1.70972e-09 7.90266e-10
threshold=0.094757459096297833 -0.0044371255646490351 0.052591166618696568 -0.014162892182731033 0.0053170828119114416 0.031617764992195818 0.020016617190991907 0.52865385797821773 0.0055517278538426149 -0.82799372523253945 0.0080848644192915726 0.0054051952553386693
decision_type=2 2 2 2 2 2 2 2 2 2 2 2
left_child=1 2 7 -3 5 -5 9 8 -1 -2 11 -11
right_child=6 3 -4 4 -6 -7 -8 -9 -10 10 -12 -13
leaf_value=-0.03337811055713661 -0.03340650944055621 0.028594074024734812 0.033627280033480485 -0.033405393076872146 0.016860446155526405 -0.033514297892899482 -0.033498856384587404 -0.033493148781352088 -0.033451554542921459 -0.033347313982047121 -0.033377218602693458 -0.033364669901459795
leaf_weight=0.039476278343499871 0.013197273779951502 0.20714950643014163 0.055134552647359669 0.041483318396785762 0.16042739106342196 0.03954657132999273 0.016681638589943759 0.046699280726897996 0.035661642978084274 0.014902116494340589 0.01275208817969542 0.011714456297340803
leaf_count=40 8 13 3 36 30 12 9 13 13 48 11 14
internal_value=0.00199072 0.00590865 -0.0125481 0.0131897 -2.59455e-05 -0.0334585 -0.0334035 -0.0334437 -0.033413 -0.0333733 -0.0333622 -0.033355
internal_weight=0.694826 0.625579 0.176972 0.448607 0.241457 0.0810299 0.0692476 0.121837 0.0751379 0.0525659 0.0393687 0.0266166
internal_count=250 160 69 91 78 48 90 66 53 81 73 62
is_linear=0
shrinkage=0.05


Tree=521
num_leaves=7
num_cat=0
split_feature=4 5 19 19 1 16
split_gain=0.131885 0.227072 0.215258 0.3818 0.482616 0.475548
threshold=0.012202648130476267 0.01368699949439719 -0.071780892959792661 -0.0066954261023005604 0.040730909693651791 0.053820371516066168
decision_type=2 2 2 2 2 2
left_child=-1 -2 -3 4 -4 -5
right_child=1 2 3 5 -6 -7
leaf_value=-0.011369717601395763 0.014651649964764491 0.012264710378925537 -0.019130294705016898 0.0082842608118105007 0.005188279824567453 -0.015800231648062883
leaf_weight=2.3406328335404423 2.7380979042500284 2.8911768235266306 5.5901807546615689 9.9620144609361727 3.2126371152698994 2.580447267740964
leaf_count=18 27 29 46 83 27 20
internal_value=1.52576e-05 0.00100315 -0.000538777 -0.00227298 -0.0102551 0.00332919
internal_weight=29.3152 26.9746 24.2365 21.3453 8.80282 12.5425
internal_count=250 232 205 176 73 103
is_linear=0
shrinkage=0.05


Tree=522
num_leaves=9
num_cat=0
split_feature=33 0 26 1 6 11 6 15
split_gain=0.137429 0.583135 0.371566 0.391886 0.519527 0.610574 0.398706 0.234617
threshold=0.97500000000000009 0.017475923814407549 -0.028679364055228192 0.018007980806412752 0.98532698012708131 37.503110084533695 0.91306596762964809 0.018834286165177811
decision_type=2 2 2 2 2 2 2 2
left_child=2 -2 -1 6 -5 -6 -4 -8
right_child=1 -3 3 4 5 -7 7 -9
leaf_value=0.019010847532496471 -0.022008826825126362 0.0083351676406681115 0.0012162093134470231 0.020351436387802912 0.016724876657500422 -0.012849808285583773 -0.032992391310381113 -0.0084411557497794942
leaf_weight=2.7435603365302148 3.1119310129433861 3.2232269467785954 4.5993181224912423 3.8618963211774808 2.7293499503284693 4.8397499467246234 1.9164568055421116 1.9768350617960093
leaf_count=22 30 24 38 34 21 40 22 19
internal_value=-5.98097e-05 -0.00657029 0.00175978 -0.000615763 0.00542851 -0.00218544 -0.00875132 -0.0205264
internal_weight=29.0023 6.33516 22.6672 19.9236 11.431 7.5691 8.49261 3.89329
internal_count=250 54 196 174 95 61 79 41
is_linear=0
shrinkage=0.05


Tree=523
num_leaves=12
num_cat=0
split_feature=26 19 32 30 24 28 25 18 17 28 25
split_gain=0.0371116 0.0264305 0.030921 0.0199226 0.00947072 1.44956e-07 8.78786e-08 7.40997e-09 1.95795e-09 9.97214e-10 2.86479e-10
threshold=0.023323893851323056 -0.0080194077406610647 0.12606106264613362 0.0080446166049941165 -0.006737257248345673 -0.019957427510860489 -0.025064776352012427 -0.53188899530935607 -0.0012036243658705111 -0.027538973449199085 -1.0000000180025095e-35
decision_type=2 2 2 2 2 2 2 2 2 2 2
left_child=1 3 5 4 -1 -3 -2 -8 -7 -9 -11
right_child=6 2 -4 -5 -6 8 7 9 -10 10 -12
leaf_value=0.011292680981060739 -0.033516023786703257 -0.033510760209770368 0.023631166175550271 0.018646748626157349 -0.011377978140710537 -0.033376782564153336 -0.033392141546976277 -0.033368874636312572 -0.033356357429913115 -0.033354334774879979 -0.033340547011843483
leaf_weight=0.078891326789744198 0.014143342152237892 0.028287154564168304 0.034142513381084427 0.30865044498932548 0.11072213201987324 0.030772239872021601 0.02962002286221832 0.0077557989498018278 0.018963672389872954 0.0069289847015170372 0.0082568585276021639
leaf_count=8 2 11 6 38 32 27 24 13 41 11 37
internal_value=0.0020046 0.00587405 -0.0160542 0.0108104 -0.00194553 -0.0334204 -0.0334054 -0.0333756 -0.033369 -0.0333543 -0.0333468
internal_weight=0.677134 0.610429 0.112166 0.498264 0.189613 0.0780231 0.066705 0.0525617 0.0497359 0.0229416 0.0151858
internal_count=250 163 85 78 40 79 87 85 68 61 48
is_linear=0
shrinkage=0.05


Tree=524
num_leaves=8
num_cat=0
split_feature=7 7 14 2 28 28 21
split_gain=0.131633 0.297934 0.28176 0.380414 0.309586 0.46441 0.325845
threshold=85.83805084228517 79.672200012207057 0.45947659281156356 -0.0076910651904384944 -0.018494661262625275 -0.0056053388432018561 0.00096570780090388119
decision_type=2 2 2 2 2 2 2
left_child=1 2 3 -1 6 -6 -4
right_child=-2 -3 4 -5 5 -7 -8
leaf_value=0.024655461326754884 0.010249817227889549 -0.017893494897282879 -0.0014684485054773399 -0.0055334714151146708 0.017321137950664596 -0.0034118964589034042 -0.025600209158359963
leaf_weight=2.5250441329553723 2.8345367237925521 2.3975931946188203 3.2884581061080196 1.7785333804786301 3.6767033860087492 10.177276361733655 2.4344150815159082
leaf_count=30 19 21 31 16 32 83 18
internal_value=1.29577e-05 -0.00109126 0.000595679 0.0121793 -0.00195075 0.00209044 -0.0117337
internal_weight=29.1126 26.278 23.8804 4.30358 19.5769 13.854 5.72287
internal_count=250 231 210 46 164 115 49
is_linear=0
shrinkage=0.05


Tree=525
num_leaves=8
num_cat=0
split_feature=6 6 22 0 18 32 27
split_gain=0.144025 0.341638 0.332601 0.237488 0.380525 0.290119 0.140693
threshold=0.75637751874617609 0.94126342539275298 0.0047125331936265233 -0.010848610305276894 -0.19893509999942136 -0.11889196967284486 0.0037085352021949407
decision_type=2 2 2 2 2 2 2
left_child=-1 2 6 -3 5 -5 -2
right_child=1 3 -4 4 -6 -7 -8
leaf_value=-0.0093314812620942066 0.010838988873699251 -0.015915975638152544 -0.0031658318433244563 0.010580473927714142 -0.012065703128869568 -0.008161639337564924 0.028406368422711603
leaf_weight=3.6550220027565983 2.6109424047172096 2.7846011407673439 2.8644999079406261 7.3803505357354933 4.5296876691281662 2.8668741323053837 2.0226291045546532
leaf_count=33 24 32 23 63 35 24 16
internal_value=-5.9345e-05 0.00129303 0.0102276 -0.00252167 2.39205e-06 0.00533698 0.0185074
internal_weight=28.7146 25.0596 7.49807 17.5615 14.7769 10.2472 4.63357
internal_count=250 217 63 154 122 87 40
is_linear=0
shrinkage=0.05


Tree=526
num_leaves=13
num_cat=0
split_feature=12 2 0 0 17 10 24 14 1 7 23 2
split_gain=0.0365748 0.0306943 0.0653532 0.0347581 0.0511885 8.08971e-08 7.19241e-08 6.39592e-08 3.40039e-08 6.31144e-09 1.06953e-09 8.83113e-10
threshold=0.094757459096297833 -0.0044371255646490351 0.052591166618696568 -0.014162892182731033 0.0053170828119114416 0.031617764992195818 0.020016617190991907 0.52865385797821773 0.0055517278538426149 37.673349761962896 0.0080848644192915726 0.06705628703128387
decision_type=2 2 2 2 2 2 2 2 2 2 2 2
left_child=1 2 7 -3 5 -5 9 8 -1 -2 11 -11
right_child=6 3 -4 4 -6 -7 -8 -9 -10 10 -12 -13
leaf_value=-0.0333756020582167 -0.033400920994201978 0.028371436752288773 0.033560228290010277 -0.033402637469647112 0.016323851515914475 -0.033505120495872509 -0.033492723037792022 -0.033485206641197807 -0.03344517656798543 -0.033365224360339375 -0.033372980348877965 -0.033346325098604745
leaf_weight=0.037023031403805362 0.012968527254997753 0.19819433460361324 0.053279010287951678 0.039482876833062619 0.15658476704993518 0.037588197126751766 0.016050123958848417 0.044445063271268737 0.033409384486731142 0.010951412325084675 0.01147293077519862 0.014190294172294671
leaf_count=40 10 13 3 36 30 12 9 13 13 12 10 49
internal_value=0.00203631 0.00591268 -0.0122103 0.0129695 -9.48524e-05 -0.0334526 -0.0334007 -0.0334382 -0.0334086 -0.0333709 -0.0333603 -0.0333546
internal_weight=0.66564 0.600007 0.168156 0.43185 0.233656 0.0770711 0.0656333 0.114877 0.0704324 0.0495832 0.0366146 0.0251417
internal_count=250 160 69 91 78 48 90 66 53 81 71 61
is_linear=0
shrinkage=0.05


Tree=527
num_leaves=8
num_cat=0
split_feature=6 6 23 3 21 1 5
split_gain=0.13439 0.31853 0.291514 0.567929 0.521393 0.412558 0.213093
threshold=0.75637751874617609 0.83868341948155456 0.0045796882368773781 0.08536160201534683 0.00090909552572626684 0.048262513346924447 0.02753005516508978
decision_type=2 2 2 2 2 2 2
left_child=-1 -2 4 -4 5 -3 -6
right_child=1 2 3 -5 6 -7 -8
leaf_value=0.0089588663753853211 -0.018943308806961927 0.01073846140021778 -0.0041907110346373093 0.023831750833683628 -0.0054707037849972551 -0.011292269404271764 -0.024644366528999109
leaf_weight=3.6637972826138165 2.3198637356981662 6.6433285139501113 3.91054468974471 3.3630464822053909 2.8452199399471274 3.1244901530444622 2.9531886968761683
leaf_count=33 21 58 37 33 23 25 20
internal_value=1.2095e-05 -0.00129075 0.000502239 0.00876587 -0.00335908 0.00369136 -0.015236
internal_weight=28.8235 25.1597 22.8398 7.27359 15.5662 9.76782 5.79841
internal_count=250 217 196 70 126 83 43
is_linear=0
shrinkage=0.05


Tree=528
num_leaves=8
num_cat=0
split_feature=34 34 29 0 2 17 33
split_gain=0.129541 0.243986 0.383982 0.368868 0.335543 0.530806 0.34999
threshold=2.3455975373468596 1.8993458180819365 -1.0000000180025095e-35 0.013129343927993477 0.021129144167761019 -0.0071366981297683188 0.44500000000000006
decision_type=2 2 2 2 2 2 2
left_child=1 3 -3 4 5 -1 -6
right_child=-2 2 -4 -5 6 -7 -8
leaf_value=0.0062068065144784655 0.007887393388778377 0.0031105360117069064 -0.025778664020128701 0.013190091248115023 0.019062143892968772 -0.019482337223589385 -0.0045138766381021978
leaf_weight=3.2992703784257227 4.3455029986798754 2.2223665900528431 2.3841816149651995 4.68083561817184 2.7821143381297579 5.1491062836721575 3.6256556701846421
leaf_count=28 33 19 23 38 21 55 33
internal_value=-5.98236e-05 -0.00149021 -0.0118415 0.000950467 -0.00290596 -0.00945018 0.00572232
internal_weight=28.489 24.1435 4.60655 19.537 14.8561 8.44838 6.40777
internal_count=250 217 42 175 137 83 54
is_linear=0
shrinkage=0.05


Tree=529
num_leaves=9
num_cat=0
split_feature=24 24 21 27 24 23 16 23
split_gain=0.0355525 0.0433289 0.0271586 0.0319062 0.0189464 0.043184 8.77085e-08 8.16893e-08
threshold=-0.01645309018349694 0.023151751923785605 0.00070309462270634626 0.036012807292363121 -0.014431264418244492 0.0085765641708744917 0.02663113708366999 -0.01541356138542088
decision_type=2 2 2 2 2 2 2 2
left_child=6 2 3 7 -4 -6 -1 -2
right_child=1 -3 4 -5 5 -7 -8 -9
leaf_value=-0.033367300385104118 -0.033495287261693714 -0.033485056020631211 0.032011755617530405 0.029331054183169086 -0.011614784009934065 0.026453663847818665 -0.033491303454885539 -0.033367257973011384
leaf_weight=0.02159381558340101 0.016863198921782896 0.062336901610251516 0.1285941457899753 0.029543749522417784 0.13706904343416682 0.16318614949705079 0.041986550037108827 0.04770547559382976
leaf_count=37 5 36 6 3 51 15 17 80
internal_value=0.0020608 0.00591822 0.0106151 -0.013708 0.0159528 0.00907509 -0.0334492 -0.0334007
internal_weight=0.648879 0.585299 0.522962 0.0941124 0.428849 0.300255 0.0635804 0.0645687
internal_count=250 196 160 88 72 66 54 85
is_linear=0
shrinkage=0.05


Tree=530
num_leaves=8
num_cat=0
split_feature=14 28 1 34 21 0 6
split_gain=0.128123 0.21013 0.286599 0.313481 0.422294 0.300466 0.275246
threshold=1.0069066000915821 0.098565230738145729 0.040730909693651791 0.21098182819299641 -0.00020306890686949683 0.021678217465440856 0.91306596762964809
decision_type=2 2 2 2 2 2 2
left_child=1 2 3 6 -5 -4 -1
right_child=-2 -3 5 4 -6 -7 -8
leaf_value=-0.003076350044329088 -0.010162324477328767 -0.012606314820466438 0.021217178527039499 0.00544929310593684 -0.013290463677345019 -0.00072427797646635239 0.021115998535704693
leaf_weight=2.1567211309448018 2.7917229495942584 2.5184077173471442 3.5820753583684555 5.371742321178326 6.8268769979476822 2.7644189298152924 2.5848173620179296
leaf_count=19 26 20 35 45 59 21 25
internal_value=1.2837e-05 0.00111364 0.00259743 -0.000797749 -0.00503829 0.0116599 0.0101119
internal_weight=28.5968 25.8051 23.2867 16.9402 12.1986 6.34649 4.74154
internal_count=250 224 204 148 104 56 44
is_linear=0
shrinkage=0.05


Tree=531
num_leaves=8
num_cat=0
split_feature=4 5 0 8 33 17 27
split_gain=0.135248 0.218652 0.194947 0.512471 0.468097 0.356265 0.350154
threshold=0.011616496395065649 0.013469750823327492 0.013129343927993477 0.032895226057923242 0.97500000000000009 -0.0077593080244436176 -0.0020918071227466468
decision_type=2 2 2 2 2 2 2
left_child=-1 -2 4 -4 5 -3 -5
right_child=1 2 3 6 -6 -7 -8
leaf_value=0.01403699432513833 -0.015551864331277171 0.013918023480773523 0.024375173047282001 0.014194136853460321 -0.020973901226015366 -0.0043662194877807084 -0.010515751694254937
leaf_weight=1.6049690246582056 2.3266101256012943 3.8584826034493789 2.7391751273535174 2.2450662367045879 2.9113899311050764 8.6069680638611281 3.9670721720904112
leaf_count=12 25 35 22 17 29 78 32
internal_value=-5.93406e-05 -0.000908126 0.00049232 0.00635861 -0.00292262 0.00129338 -0.0015856
internal_weight=28.2597 26.6548 24.3282 8.95131 15.3768 12.4655 6.21214
internal_count=250 238 213 71 142 113 49
is_linear=0
shrinkage=0.05


Tree=532
num_leaves=13
num_cat=0
split_feature=12 2 0 0 17 10 24 14 1 7 23 2
split_gain=0.0345664 0.0281248 0.0613465 0.0317077 0.0482569 6.57883e-08 5.60902e-08 4.95197e-08 2.84701e-08 5.21879e-09 1.02025e-09 7.37027e-10
threshold=0.094757459096297833 -0.0044371255646490351 0.052591166618696568 -0.014162892182731033 0.0053170828119114416 0.031617764992195818 0.020016617190991907 0.52865385797821773 0.0055517278538426149 37.673349761962896 0.0080848644192915726 0.06705628703128387
decision_type=2 2 2 2 2 2 2 2 2 2 2 2
left_child=1 2 7 -3 5 -5 9 8 -1 -2 11 -11
right_child=6 3 -4 4 -6 -7 -8 -9 -10 10 -12 -13
leaf_value=-0.033372467996962023 -0.033397107751822218 0.02797060980009012 0.033436292182315898 -0.033398869243949046 0.016101066036677294 -0.033494151182488011 -0.03348029690221991 -0.033473637931897782 -0.033438235194490067 -0.033363463622324167 -0.033371838814535794 -0.033345663207976162
leaf_weight=0.03453828011333826 0.012345599592663348 0.18752299062907696 0.050433913012966514 0.037258447184285615 0.15246926860709209 0.035261426979559474 0.014980939035012852 0.041261278267484158 0.031430112270754762 0.010287959692504955 0.010988179019477684 0.0133756509203522
leaf_count=40 10 13 3 36 30 12 9 13 13 12 10 49
internal_value=0.00206649 0.00592128 -0.0120411 0.0127866 0.000131012 -0.0334452 -0.033396 -0.0334307 -0.0334038 -0.0333692 -0.0333592 -0.0333534
internal_weight=0.632154 0.570176 0.157664 0.412512 0.224989 0.0725199 0.0619783 0.10723 0.0659684 0.0469974 0.0346518 0.0236636
internal_count=250 160 69 91 78 48 90 66 53 81 71 61
is_linear=0
shrinkage=0.05


Tree=533
num_leaves=10
num_cat=0
split_feature=20 16 20 26 4 19 13 10 18
split_gain=0.126933 0.384438 0.241411 0.333989 0.404656 0.511344 0.302331 0.307042 0.295937
threshold=0.088356501377166899 0.033067663556618637 -0.0026693760831497655 0.011993423042672148 0.012768733164292672 0.0012819304549801516 46.473319123996383 0.055740057922406876 -0.2558937876500717
decision_type=2 2 2 2 2 2 2 2 2
left_child=2 -2 3 4 -1 -6 -5 -8 -4
right_child=1 -3 8 6 5 -7 7 -9 -10
leaf_value=0.012630929734034081 -0.0045827407231325825 0.021830348202909983 8.1639035442415938e-05 -0.0058268265333073803 -0.025136356591794806 0.0064423727819397023 0.028898598561909867 0.0051300360722042748 -0.020191145580812687
leaf_weight=2.166517991572622 3.2141757681965819 2.4109722189605236 3.9417096599936485 2.3825076222419739 3.3198432847857475 2.0883142240345478 2.4067750256508589 3.1202145144343376 3.3133664559572944
leaf_count=16 33 20 38 17 31 20 21 27 27
internal_value=1.30661e-05 0.00673807 -0.00165054 0.00187591 -0.00562795 -0.0129425 0.00906212 0.0154803 -0.00917687
internal_weight=28.3644 5.62515 22.7392 15.4842 7.57468 5.40816 7.9095 5.52699 7.25508
internal_count=250 53 197 132 67 51 65 48 65
is_linear=0
shrinkage=0.05


Tree=534
num_leaves=8
num_cat=0
split_feature=6 6 1 19 29 32 23
split_gain=0.124498 0.305756 0.338702 0.228975 0.413869 0.539738 0.327224
threshold=0.75637751874617609 0.94126342539275298 0.0074115308530028354 0.03084171737534214 0.00055872193595185593 -0.1735390864362204 -0.0051058424205646094
decision_type=2 2 2 2 2 2 2
left_child=-1 2 -2 4 -3 -6 -5
right_child=1 3 -4 6 5 -7 -8
leaf_value=-0.0087983357386557399 0.0019235874796584989 -0.023589510402374017 0.024542955188217114 0.019429573280550269 0.0077797940712075967 -0.019032987625419388 -0.0043424283780354265
leaf_weight=3.556015717796984 4.7617842108011272 2.7287379475310471 2.5366147607564926 2.4643825385719538 5.6124275960028225 2.8199204830452729 3.5086499825119963
leaf_count=33 38 29 25 18 48 30 29
internal_value=-5.72743e-05 0.00121494 0.00978512 -0.00243559 -0.00666401 -0.00118686 0.00546554
internal_weight=27.9885 24.4325 7.2984 17.1341 11.1611 8.43235 5.97303
internal_count=250 217 63 154 107 78 47
is_linear=0
shrinkage=0.05


Tree=535
num_leaves=13
num_cat=0
split_feature=28 27 21 12 18 27 23 0 21 2 6 20
split_gain=0.0336296 0.0382821 0.0282307 0.0314146 0.0193136 0.0393121 8.17833e-08 4.67585e-08 4.08439e-08 1.29844e-08 8.72926e-10 2.4467e-10
threshold=0.042903524122921984 -0.0073145777874613618 0.00070309462270634626 -0.022193471696259962 -0.72809652776535205 -0.0062363175374047777 -0.010729402531970965 -0.038835871204138721 0.0027557726860134584 0.06794360608538709 0.68413014275797779 -0.090255738672469596
decision_type=2 2 2 2 2 2 2 2 2 2 2 2
left_child=1 8 3 -3 -4 -6 -5 -2 10 -9 -1 -12
right_child=7 2 4 6 5 -7 -8 9 -10 -11 11 -13
leaf_value=-0.033371326809544348 -0.033480125639661483 0.029825347247476014 0.031751634400857869 -0.033479988813639498 0.03262077307771797 -0.0064472533542300273 -0.033367015388618818 -0.033361481258092705 -0.033441746870281869 -0.033419759161876041 -0.033356958006464696 -0.033344424840583496
leaf_weight=0.0058577813542797222 0.021964527957607061 0.028035460505634546 0.13140895188553259 0.027857710083480924 0.10396188171580434 0.1691685226323898 0.03769772214218392 0.020493666022957768 0.033003253571223468 0.017910938302520663 0.006079668979509731 0.010831760620931165
leaf_count=6 6 2 6 10 4 46 57 29 12 16 9 47
internal_value=0.00201527 0.00587753 0.0102759 -0.0144712 0.0160011 0.00842325 -0.033415 -0.0334219 -0.0334062 -0.0333887 -0.0333547 -0.0333489
internal_weight=0.614272 0.553903 0.49813 0.0935909 0.404539 0.27313 0.0655554 0.0603691 0.0557725 0.0384046 0.0227692 0.0169114
internal_count=250 199 125 69 56 50 67 51 74 45 62 56
is_linear=0
shrinkage=0.05


Tree=536
num_leaves=6
num_cat=0
split_feature=24 23 23 21 22
split_gain=0.127925 0.197088 0.509233 0.461923 0.376951
threshold=0.026022165992401817 0.0085765641708744917 0.0053002131135493355 0.0022411371037304177 0.0044847557986847928
decision_type=2 2 2 2 2
left_child=1 2 3 4 -1
right_child=-2 -3 -4 -5 -6
leaf_value=-0.002684112608597244 0.010032458973107389 -0.012070557514983584 0.020652783905706754 -0.017253622070102458 0.015930794663372581
leaf_weight=11.287518609780831 2.8612133115530005 3.5352807352319351 2.7774258442223063 4.0460422020405522 3.5828206874430171
leaf_count=96 27 34 28 33 32
internal_value=1.29973e-05 -0.0011233 0.000660691 -0.00227468 0.00180091
internal_weight=28.0903 25.2291 21.6938 18.9164 14.8703
internal_count=250 223 189 161 128
is_linear=0
shrinkage=0.05


Tree=537
num_leaves=6
num_cat=0
split_feature=1 12 12 21 6
split_gain=0.125629 0.240591 0.213925 0.243656 0.321276
threshold=0.12249230229076892 0.18948306875824386 0.098957312985835558 -0.0054904455152217637 1.0338457275283963
decision_type=2 2 2 2 2
left_child=1 2 3 -1 -5
right_child=-2 -3 -4 4 -6
leaf_value=0.013378784105989494 0.011088952558509753 -0.014296522588159076 0.010751934346081456 0.00084584849321440677 -0.014622705334035547
leaf_weight=2.3451981283724406 2.3174079172313204 3.0295239556580773 4.2930263709276906 10.958096513990315 4.8390889447182408
leaf_count=21 18 27 37 99 48
internal_value=-5.65639e-05 -0.00107085 0.000715055 -0.00165997 -0.00389257
internal_weight=27.7823 25.4649 22.4354 18.1424 15.7972
internal_count=250 232 205 168 147
is_linear=0
shrinkage=0.05


Tree=538
num_leaves=12
num_cat=0
split_feature=26 18 27 23 27 13 25 33 18 6 14
split_gain=0.0325161 0.0252276 0.0570956 0.0293918 0.0512367 1.57392e-07 6.79579e-08 4.00572e-08 5.36043e-09 6.73551e-10 1.89717e-10
threshold=0.023323893851323056 -0.75735966557968848 0.0052541965779281394 0.012205976298980794 0.0033098994078742954 70.389705934483331 -0.025064776352012427 0.77500000000000013 -0.53188899530935607 0.92039769982782149 0.85376332448027881
decision_type=2 2 2 2 2 2 2 2 2 2 2
left_child=1 -1 3 4 -3 7 -2 -4 -8 -10 -11
right_child=6 2 5 -5 -6 -7 8 -9 9 10 -12
leaf_value=0.020712945876919561 -0.033502335935498596 -0.03340291023282118 -0.033387533121055704 0.031658940045574034 0.025014242409138854 -0.033551444555691118 -0.033386317510852193 -0.033465673337030009 -0.033366408379618295 -0.033350661802508279 -0.03333881607921798
leaf_weight=0.1848898235039087 0.01259438251145184 0.072688272670347942 0.037260217479342828 0.10081556023214944 0.077614541165530682 0.036223633956979029 0.026052677167172078 0.029296729931957088 0.0057867540272127363 0.0090022911608684808 0.0054121064604260036
leaf_count=21 2 67 33 8 8 13 24 13 13 17 31
internal_value=0.00188992 0.00574433 -0.00207583 0.0107725 -0.003237 -0.0334676 -0.0333994 -0.0334219 -0.0333713 -0.033352 -0.0333462
internal_weight=0.597637 0.538789 0.353899 0.251118 0.150303 0.102781 0.0588482 0.0665569 0.0462538 0.0202012 0.0144144
internal_count=250 163 142 83 75 59 87 46 85 61 48
is_linear=0
shrinkage=0.05


Tree=539
num_leaves=9
num_cat=0
split_feature=20 16 20 26 4 19 28 18
split_gain=0.124366 0.360889 0.224084 0.310011 0.387478 0.480105 0.285813 0.28293
threshold=0.088356501377166899 0.033067663556618637 -0.0026693760831497655 0.011993423042672148 0.012768733164292672 0.0012819304549801516 0.010908732969928893 -0.2558937876500717
decision_type=2 2 2 2 2 2 2 2
left_child=2 -2 3 4 -1 -6 -5 -4
right_child=1 -3 7 6 5 -7 -8 -9
leaf_value=0.012502075229304889 -0.0043035098179252272 0.021487742132165918 0.0001666780849205855 -0.0010200875218897658 -0.024682710071368699 0.0061722059896301973 0.018157813493568799 -0.019842147623174149
leaf_weight=2.1302042566239869 3.173307158984243 2.3688304536044598 3.8698210660368204 3.8091011457145214 3.2565933470614254 2.0571394506841898 3.9650717815384269 3.2509792055934676
leaf_count=16 33 20 38 32 31 20 33 27
internal_value=1.58529e-05 0.00672023 -0.00164746 0.00177807 -0.00551489 -0.0127376 0.00876124 -0.00896829
internal_weight=27.881 5.54214 22.3389 15.2181 7.44394 5.31373 7.77417 7.1208
internal_count=250 53 197 132 67 51 65 65
is_linear=0
shrinkage=0.05


Tree=540
num_leaves=7
num_cat=0
split_feature=9 6 6 1 33 6
split_gain=0.148476 0.298129 0.335348 0.378399 0.686072 0.519915
threshold=32.441674709320075 0.75637751874617609 0.87591988839849533 0.018007980806412752 0.6150000000000001 0.98532698012708131
decision_type=2 2 2 2 2 2
left_child=-1 -2 -3 4 -4 -5
right_child=1 2 3 5 -6 -7
leaf_value=0.015761336353312987 -0.0173102461643731 0.014979465499433679 -0.02407202465974358 0.024698957856042484 0.0048148733785864555 -0.0012560049809050569
leaf_weight=1.4084570296108747 2.5040832506492761 3.5588449481874731 4.1947159590199607 2.42294693365693 4.0303882695734501 9.4729072204790992
leaf_count=12 24 32 43 22 34 83
internal_value=-5.29418e-05 -0.000903607 0.000831356 -0.00167106 -0.00991714 0.0040305
internal_weight=27.5923 26.1839 23.6798 20.121 8.2251 11.8959
internal_count=250 238 214 182 77 105
is_linear=0
shrinkage=0.05


Tree=541
num_leaves=11
num_cat=0
split_feature=24 24 21 27 24 23 23 3 25 21
split_gain=0.0315371 0.0378229 0.0230686 0.0280933 0.017675 0.0358719 5.29776e-08 4.89377e-08 2.28961e-08 6.32922e-10
threshold=-0.01645309018349694 0.023151751923785605 0.00070309462270634626 0.036012807292363121 -0.014431264418244492 0.0085765641708744917 -0.01541356138542088 -0.056421398442117791 -0.0078349671388439606 1.0000000180025095e-35
decision_type=2 2 2 2 2 2 2 2 2 2
left_child=7 2 3 6 -4 -6 -2 -1 -9 -10
right_child=1 -3 4 -5 5 -7 -8 8 9 -11
leaf_value=-0.033487723790383249 -0.033474372783883551 -0.033473519932658589 0.031778083089823592 0.029230335629426459 -0.010947348607490685 0.025578839785191067 -0.033363761902513236 -0.033454477180978374 -0.033354565688217437 -0.033372476649523385
leaf_weight=0.026999025409168098 0.014547732665960211 0.055320395174931036 0.11534808939904906 0.026145813593757339 0.12694672367797466 0.1428646749118343 0.042305416191084078 0.01059188182989601 0.010058243433377356 0.0096783925328054465
leaf_count=9 5 36 6 3 51 15 80 5 28 12
internal_value=0.00176858 0.00562422 0.0102442 -0.0136651 0.0153965 0.00839321 -0.0333921 -0.0334388 -0.0333952 -0.0333633
internal_weight=0.580806 0.523479 0.468158 0.082999 0.385159 0.269811 0.0568531 0.0573275 0.0303285 0.0197366
internal_count=250 196 160 88 72 66 85 54 45 40
is_linear=0
shrinkage=0.05


Tree=542
num_leaves=7
num_cat=0
split_feature=24 22 22 15 11 12
split_gain=0.121812 0.190633 0.327285 0.527465 0.331802 0.254666
threshold=0.026022165992401817 0.0093681200468622734 0.0044847557986847928 0.059023398801951926 37.503110084533695 0.080860725387252239
decision_type=2 2 2 2 2 2
left_child=1 2 3 4 -1 -4
right_child=-2 -3 5 -5 -6 -7
leaf_value=-0.0062263122476792845 0.009890004739100346 -0.014748367299148128 0.023750128623104758 -0.021633732632104732 0.0086672908906261174 5.6814404027971081e-05
leaf_weight=7.5500360722653692 2.8066862206906071 2.3193483697250477 2.3469131644815198 3.059729751199483 7.4094813233241439 2.1946674976497889
leaf_count=66 27 21 23 21 72 20
internal_value=1.56605e-05 -0.00109825 0.000305044 -0.00271832 0.00115052 0.0123006
internal_weight=27.6869 24.8802 22.5608 18.0192 14.9595 4.54158
internal_count=250 223 202 159 138 43
is_linear=0
shrinkage=0.05


Tree=543
num_leaves=7
num_cat=0
split_feature=9 6 6 1 33 6
split_gain=0.140095 0.283258 0.315316 0.359256 0.645147 0.490894
threshold=32.441674709320075 0.75637751874617609 0.87591988839849533 0.018007980806412752 0.6150000000000001 0.98532698012708131
decision_type=2 2 2 2 2 2
left_child=-1 -2 -3 4 -4 -5
right_child=1 2 3 5 -6 -7
leaf_value=0.015392029298310995 -0.016968500707015454 0.014588403215275162 -0.023591460058544397 0.024170166773699337 0.0045651666541256129 -0.0011850896635284573
leaf_weight=1.3932992182672048 2.4758797041140523 3.5298077631741789 4.1262204116210359 2.392034647986292 4.0129775358363986 9.4520195527002198
leaf_count=12 24 32 43 22 34 83
internal_value=-5.40961e-05 -0.000882182 0.000811676 -0.00162182 -0.00970902 0.00393568
internal_weight=27.3822 25.9889 23.5131 19.9833 8.1392 11.8441
internal_count=250 238 214 182 77 105
is_linear=0
shrinkage=0.05


Tree=544
num_leaves=12
num_cat=0
split_feature=18 27 21 8 33 23 21 25 23 6 22
split_gain=0.0310328 0.033477 0.0271225 0.0263141 0.0156537 5.94941e-08 3.43016e-08 3.28815e-08 8.02953e-10 7.38366e-10 1.31413e-10
threshold=-0.17374010434383533 -0.0073145777874613618 0.00070309462270634626 0.04833248726439917 0.63500000000000012 -0.010729402531970965 0.0027557726860134584 -0.0078349671388439606 0.0033813377423780326 0.82913076525508345 -0.0067090732066747419
decision_type=2 2 2 2 2 2 2 2 2 2 2
left_child=1 6 3 5 -4 -3 9 -2 -9 -1 -11
right_child=7 2 4 -5 -6 -7 -8 8 -10 10 -12
leaf_value=-0.033366559540917447 -0.03343923627695454 -0.033469047327488968 0.0040424214079676805 0.026431894327346467 0.024644723254229325 -0.03336890169026735 -0.033439757977577665 -0.033352158358775759 -0.033368619342230239 -0.033352762555105019 -0.033342126521388564
leaf_weight=0.0077649894701607982 0.024950427061412483 0.025950741473934613 0.1624768102701637 0.02636718322901288 0.21315637553925626 0.034608142217621207 0.029766506428131834 0.012045093204505974 0.019244684121076716 0.005110625621455255 0.0067265725920151462
leaf_count=10 11 11 33 14 19 45 10 31 22 12 32
internal_value=0.00185879 0.00573191 0.00990907 -0.0152595 0.0157334 -0.0334118 -0.0334059 -0.0333964 -0.0333623 -0.0333546 -0.0333467
internal_weight=0.568168 0.511928 0.462559 0.0869261 0.375633 0.0605589 0.0493687 0.0562402 0.0312898 0.0196022 0.0118372
internal_count=250 186 122 70 52 56 64 64 53 54 44
is_linear=0
shrinkage=0.05


Tree=545
num_leaves=8
num_cat=0
split_feature=7 7 14 2 28 28 21
split_gain=0.119381 0.262319 0.251958 0.281597 0.278671 0.414294 0.273515
threshold=85.83805084228517 79.672200012207057 0.45947659281156356 -0.010438026911560537 -0.018494661262625275 -0.0056053388432018561 0.00096570780090388119
decision_type=2 2 2 2 2 2 2
left_child=1 2 3 -1 6 -6 -4
right_child=-2 -3 4 -5 5 -7 -8
leaf_value=0.023788373925656876 0.010065388512443828 -0.017296320755736987 -0.0017548223985147931 -0.002835963175548151 0.016818421208087214 -0.0033038262168859425 -0.024478141006921375
leaf_weight=2.2263034544885159 2.6680154465138903 2.2623158022761336 3.1067031472921469 1.792970215901742 3.4834361895918944 9.628145975992064 2.3081619110889733
leaf_count=28 19 21 31 18 32 83 18
internal_value=1.5474e-05 -0.00106536 0.000563313 0.0119114 -0.00189864 0.00204218 -0.011441
internal_weight=27.4761 24.808 22.5457 4.01927 18.5264 13.1116 5.41487
internal_count=250 231 210 46 164 115 49
is_linear=0
shrinkage=0.05


Tree=546
num_leaves=7
num_cat=0
split_feature=9 6 6 1 33 6
split_gain=0.128763 0.26909 0.295778 0.331785 0.609959 0.459045
threshold=32.441674709320075 0.75637751874617609 0.87591988839849533 0.018007980806412752 0.6150000000000001 0.98532698012708131
decision_type=2 2 2 2 2 2
left_child=-1 -2 -3 4 -4 -5
right_child=1 2 3 5 -6 -7
leaf_value=0.014839609488109598 -0.016603672795854042 0.014196562071714134 -0.023067194903493793 0.023530136167584079 0.0044813038164253031 -0.0011486837475951238
leaf_weight=1.3775990251451755 2.4527317509055164 3.5046362141147283 4.0482752472162264 2.3545242771506301 3.9893598081544042 9.4347710809670371
leaf_count=12 24 32 43 22 34 83
internal_value=-5.40334e-05 -0.000849768 0.000806361 -0.00156051 -0.00939391 0.0037801
internal_weight=27.1619 25.7843 23.3316 19.8269 8.03764 11.7893
internal_count=250 238 214 182 77 105
is_linear=0
shrinkage=0.05


Tree=547
num_leaves=13
num_cat=0
split_feature=12 21 27 29 12 23 19 24 7 18 23 2
split_gain=0.0307888 0.0240363 0.0306898 0.0214512 0.0549871 5.68112e-08 4.83948e-08 3.8768e-08 3.68607e-09 2.40432e-09 9.16222e-10 5.71691e-10
threshold=0.094757459096297833 0.00070309462270634626 0.036012807292363121 0.0055267861700197827 0.069826108695435526 -0.010729402531970965 -0.016284077904727075 0.020016617190991907 37.673349761962896 -0.80447055597681261 0.0080848644192915726 0.06705628703128387
decision_type=2 2 2 2 2 2 2 2 2 2 2 2
left_child=1 2 5 4 6 -1 -3 8 -2 -7 11 -10
right_child=7 3 -4 -5 -6 9 -8 -9 10 -11 -12 -13
leaf_value=-0.033457484153355706 -0.033391215710849895 -0.033468647861818364 0.033449059887659525 0.023889375475121089 0.018425185129128111 -0.033379693347286209 -0.033389474080601084 -0.033464374380745114 -0.033361195832344238 -0.033355642032647084 -0.033370052587236222 -0.03334452511956984
leaf_weight=0.02668144419840246 0.011215051490580663 0.040608797979075462 0.022696221043588594 0.18064320274424972 0.15059621841646731 0.016939604451181367 0.036783619121706579 0.013341931233298965 0.0091139168398512993 0.026878473958277027 0.01022347637990606 0.011802598612121074
leaf_count=20 10 9 2 16 13 10 35 9 12 55 10 49
internal_value=0.00187915 0.00579361 -0.01712 0.0110195 0.000822216 -0.0334 -0.033431 -0.03339 -0.0333666 -0.0333649 -0.0333578 -0.0333518
internal_weight=0.557525 0.501828 0.0931957 0.408632 0.227989 0.0704995 0.0773924 0.055697 0.042355 0.0438181 0.03114 0.0209165
internal_count=250 160 87 73 57 85 44 90 81 65 71 61
is_linear=0
shrinkage=0.05


Tree=548
num_leaves=9
num_cat=0
split_feature=24 23 28 17 33 17 28 21
split_gain=0.121459 0.361317 0.173107 0.377495 0.539993 0.334643 0.313081 0.292534
threshold=-0.01875576505210402 -0.0076160357651788848 -0.018494661262625275 0.010197112696452706 0.97500000000000009 0.018451791295655325 0.014914210251467332 -0.00061647896028110816
decision_type=2 2 2 2 2 2 2 2
left_child=1 -1 7 4 6 -5 -4 -2
right_child=2 -3 3 5 -6 -7 -8 -9
leaf_value=-0.0071467684609695589 0.0033544088688757488 0.018894071699872422 -0.0013727547137970123 0.026044370253306522 0.018257136513858019 0.0015720610090492278 -0.019290427284614862 -0.023713092110899503
leaf_weight=2.4930896405130625 1.8788192113861439 2.8602738613262799 5.3092301897704584 2.2342026047408572 2.1141652492806307 3.7275350801646709 4.508131617680192 2.1297051520086887
leaf_count=21 20 27 48 19 21 32 42 20
internal_value=1.54091e-05 0.00676671 -0.00163478 0.000469163 -0.0046644 0.0107432 -0.00960055 -0.0110264
internal_weight=27.2552 5.35336 21.9018 17.8933 11.9315 5.96174 9.81736 4.00852
internal_count=250 48 202 162 111 51 90 40
is_linear=0
shrinkage=0.05


Tree=549
num_leaves=7
num_cat=0
split_feature=30 20 28 28 25 14
split_gain=0.126608 0.302925 0.222885 0.294117 0.358533 0.252048
threshold=-0.01322337341609031 0.088356501377166899 -0.018494661262625275 0.066840595175304621 0.0086695662645596156 0.63683695175795474
decision_type=2 2 2 2 2 2
left_child=-1 2 5 4 -4 -2
right_child=1 -3 3 -5 -6 -7
leaf_value=0.0082434101502545671 -0.0034887176681962593 -0.017473887083735925 -0.011370970835052613 0.013929679568730608 0.0059783495258573013 0.01940926597666609
leaf_weight=3.9280351568013456 2.065729153342553 2.6198212909512213 8.5013123839162237 2.3465712107718 4.5833192318677893 2.8735612081363797
leaf_count=36 19 26 85 20 38 26
internal_value=-5.24399e-05 -0.00146984 0.000588423 -0.00237055 -0.00529381 0.00983278
internal_weight=26.9183 22.9903 20.3705 15.4312 13.0846 4.93929
internal_count=250 214 188 143 123 45
is_linear=0
shrinkage=0.05


Tree=550
num_leaves=12
num_cat=0
split_feature=12 24 24 14 23 24 14 18 7 23 2
split_gain=0.0295984 0.0332536 0.0235982 0.0544135 0.0230941 3.57574e-08 2.63726e-08 1.74025e-08 3.2486e-09 8.13575e-10 5.07061e-10
threshold=0.094757459096297833 -0.01645309018349694 -0.014431264418244492 0.61987951204463421 0.0085765641708744917 0.020016617190991907 0.52865385797821773 -0.82799372523253945 37.673349761962896 0.0080848644192915726 0.06705628703128387
decision_type=2 2 2 2 2 2 2 2 2 2 2
left_child=1 7 -3 6 -5 8 -4 -1 -2 10 -10
right_child=5 2 3 4 -6 -7 -8 -9 9 -11 -12
leaf_value=-0.033468522821539066 -0.033388853461706815 0.029653021022361004 -0.03337733893550459 -0.00050339194097497497 0.029896375615003593 -0.033460860166373521 -0.033440126351892099 -0.033408543581280752 -0.033360186113566039 -0.033368691241396103 -0.033344190951163609
leaf_weight=0.021976772579364479 0.010834970547875855 0.11375558719737455 0.053032317860925104 0.12602772495301906 0.1238877693831455 0.012906669591757236 0.024427857431874145 0.026891069941484602 0.0087770439931773581 0.0098473794096207712 0.011377541459296481
leaf_count=6 10 6 56 33 11 9 14 34 12 10 49
internal_value=0.00183593 0.00569936 0.0100347 0.00321773 0.0145663 -0.0333883 -0.0333971 -0.0334355 -0.0333654 -0.0333569 -0.0333512
internal_weight=0.543743 0.489999 0.441131 0.327376 0.249915 0.0537436 0.0774602 0.0488678 0.0408369 0.030002 0.0201546
internal_count=250 160 120 114 44 90 70 40 81 71 61
is_linear=0
shrinkage=0.05


Tree=551
num_leaves=6
num_cat=0
split_feature=1 12 12 13 0
split_gain=0.119148 0.245244 0.17746 0.244609 0.273608
threshold=0.12249230229076892 0.18948306875824386 0.098957312985835558 69.331278032146614 0.013797734485099357
decision_type=2 2 2 2 2
left_child=1 2 3 4 -1
right_child=-2 -3 -4 -5 -6
leaf_value=0.0026676572976274578 -0.010981468108148915 0.014496410657428899 -0.010050298531989252 0.015747368528820898 -0.013315397333291483
leaf_weight=11.556967730633927 2.257314756512641 2.9700228590518227 4.2022867612540713 2.5373527938500038 3.4850738681852809
leaf_count=111 18 27 37 28 29
internal_value=1.5303e-05 0.00101819 -0.000819621 0.00138694 -0.00103544
internal_weight=27.009 24.7517 21.7817 17.5794 15.042
internal_count=250 232 205 168 140
is_linear=0
shrinkage=0.05


Tree=552
num_leaves=8
num_cat=0
split_feature=4 5 0 8 33 17 28
split_gain=0.122323 0.184222 0.191991 0.452843 0.433568 0.319026 0.257525
threshold=0.011616496395065649 0.013469750823327492 0.013129343927993477 0.032895226057923242 0.97500000000000009 -0.0077593080244436176 0.019235426896459743
decision_type=2 2 2 2 2 2 2
left_child=-1 -2 4 -4 5 -3 -5
right_child=1 2 3 6 -6 -7 -8
leaf_value=0.013709089450509651 -0.014771909408343005 0.013448004389830879 0.023982120441426107 0.0077901197673158383 -0.020834347654389171 -0.0043507102703992948 -0.013289360787645331
leaf_weight=1.52300360798836 2.1810192940756705 3.6375958807766482 2.5603928330820036 3.4045720435678959 2.774589827284216 8.1769514223560655 2.5223584212362766
leaf_count=12 25 35 22 28 29 78 21
internal_value=-5.21871e-05 -0.00088198 0.000430795 0.00641016 -0.00304774 0.00112936 -0.0011808
internal_weight=26.7805 25.2575 23.0765 8.48732 14.5891 11.8145 5.92693
internal_count=250 238 213 71 142 113 49
is_linear=0
shrinkage=0.05


Tree=553
num_leaves=12
num_cat=0
split_feature=12 21 27 29 23 23 24 7 18 23 2
split_gain=0.0285223 0.0223399 0.0291174 0.0197737 0.035038 4.95564e-08 3.2589e-08 3.12205e-09 1.99443e-09 7.0298e-10 4.5031e-10
threshold=0.094757459096297833 0.00070309462270634626 0.036012807292363121 0.0055267861700197827 0.0085765641708744917 -0.010729402531970965 0.020016617190991907 37.673349761962896 -0.80447055597681261 0.0080848644192915726 0.06705628703128387
decision_type=2 2 2 2 2 2 2 2 2 2 2
left_child=1 2 5 4 -3 -1 7 -2 -7 10 -9
right_child=6 3 -4 -5 -6 8 -8 9 -10 -11 -12
leaf_value=-0.033452021660509437 -0.033387684141330178 -0.01729148222945797 0.033406735349382315 0.023443146409113234 0.02297660995286345 -0.033377160277419569 -0.03345709860385096 -0.033359105338852432 -0.03335457897770297 -0.033367086423086438 -0.033343738503349957
leaf_weight=0.025425266258025658 0.010542830794292968 0.12029480628552847 0.021591333250398748 0.17242836464356515 0.098052051514969207 0.01591327300411649 0.012491701589169679 0.0084533041990653146 0.025363139340697671 0.0094238710989884567 0.010933692930848338
leaf_count=20 10 39 2 16 18 10 9 12 55 10 49
internal_value=0.00184172 0.00565419 -0.0170608 0.0107865 0.000791531 -0.0333971 -0.0333867 -0.0333644 -0.0333633 -0.0333559 -0.0333504
internal_weight=0.530914 0.479068 0.088293 0.390775 0.218347 0.0667017 0.0518454 0.0393537 0.0412764 0.0288109 0.019387
internal_count=250 160 87 73 57 85 90 81 65 71 61
is_linear=0
shrinkage=0.05


Tree=554
num_leaves=7
num_cat=0
split_feature=32 5 25 8 26 2
split_gain=0.118351 0.342451 0.300696 0.257714 0.249471 0.347648
threshold=-0.44808815786432149 0.053610340431897309 0.0011382053501360902 0.065963657934204264 -0.028679364055228192 1.0000000180025095e-35
decision_type=2 2 2 2 2 2
left_child=2 3 -1 4 -2 -6
right_child=1 -3 -4 -5 5 -7
leaf_value=0.0034411945939554697 -0.013082760946697913 0.019640912514491057 -0.018783504572670692 -0.017957873816544817 0.019186187445751957 -2.202998872293363e-05
leaf_weight=3.571963872760537 2.4787445422262051 2.3885737080126992 2.6518080737441778 1.8929562903940667 3.0066634779795995 10.878847764339296
leaf_count=29 23 20 25 16 36 101
internal_value=1.56235e-05 0.00183758 -0.00602825 -0.000491616 0.00152882 0.00413717
internal_weight=26.8696 20.6458 6.22377 18.2572 16.3643 13.8855
internal_count=250 196 54 176 160 137
is_linear=0
shrinkage=0.05


Tree=555
num_leaves=9
num_cat=0
split_feature=20 2 5 28 19 11 12 29
split_gain=0.116806 0.367091 0.218183 0.464218 0.24367 0.338039 0.407288 0.336265
threshold=0.088356501377166899 0.023423037756275415 0.030155189897340628 0.010908732969928893 0.022604879157381966 37.503110084533695 0.16108578341038443 0.0037036957472470493
decision_type=2 2 2 2 2 2 2 2
left_child=2 -2 4 -4 5 7 -7 -1
right_child=1 -3 3 -5 -6 6 -8 -9
leaf_value=-0.010887455447271491 -0.023155305839191065 0.0039276177937601691 0.02048426413210459 -0.0034644911938973358 0.010503826322605242 -0.03274067355479069 -0.0012786140178108862 0.012371681376036031
leaf_weight=2.9425195138901525 2.0641748376656315 3.1767708249390125 3.8976790700107795 4.2080718697980046 2.8776186034083358 2.064997420180589 2.0496560111641884 3.2929429835639894
leaf_count=26 26 27 36 38 28 25 17 27
internal_value=-5.11253e-05 -0.00673914 0.0015919 0.00805135 -0.00236635 -0.00594461 -0.0170683 0.00139568
internal_weight=26.5744 5.24095 21.3335 8.10575 13.2277 10.3501 4.11465 6.23546
internal_count=250 53 197 74 123 95 42 53
is_linear=0
shrinkage=0.05


Tree=556
num_leaves=11
num_cat=0
split_feature=2 26 29 0 25 20 7 16 31 30
split_gain=0.0276896 0.0308805 0.0287901 0.0544565 1.81104e-07 3.26578e-08 1.89777e-08 1.37921e-09 5.4369e-10 3.38226e-10
threshold=0.077523004792089636 -0.016121076442306089 0.0055267861700197827 -0.014162892182731033 -0.0037680398937900423 -0.05449106168792394 36.334850311279304 0.013747453700285394 0.030595896075595364 -0.0037291046787226718
decision_type=2 2 2 2 2 2 2 2 2 2
left_child=1 6 3 -3 -5 -2 -1 -7 -8 -9
right_child=5 2 -4 4 -6 7 8 9 -10 -11
leaf_value=-0.033426176663044121 -0.033442985448291433 0.01657569399603492 0.024331519897449191 -0.033538090055162555 -0.033390524479092694 -0.033374159523891715 -0.033354082543945951 -0.033358886051669055 -0.033368542402274062 -0.033342372686981897
leaf_weight=0.019665026440634392 0.025460117874899879 0.14748121876618825 0.18997750579001149 0.035024260636419058 0.051167884181268164 0.012343590991804376 0.01340368292585481 0.0061441927045962075 0.012622751222806983 0.0062601354220532812
leaf_count=13 21 21 26 10 62 14 24 15 16 28
internal_value=0.00188849 0.00566384 0.00987576 -0.00187683 -0.0334505 -0.0334032 -0.0333891 -0.0333623 -0.0333611 -0.0333506
internal_weight=0.51955 0.469342 0.423651 0.233673 0.0861921 0.050208 0.0456915 0.0247479 0.0260264 0.0124043
internal_count=250 172 119 93 72 78 53 57 40 43
is_linear=0
shrinkage=0.05


Tree=557
num_leaves=7
num_cat=0
split_feature=24 23 24 1 28 14
split_gain=0.119392 0.329985 0.159947 0.288315 0.438348 0.529684
threshold=-0.01875576505210402 -0.0076160357651788848 0.026022165992401817 -0.030067091453524816 0.030355154475230076 0.93601632402922219
decision_type=2 2 2 2 2 2
left_child=1 -1 3 -2 5 -5
right_child=2 -3 -4 4 -6 -7
leaf_value=-0.0066028908831435073 -0.017684796571022936 0.018584869190998773 0.0098043210322696014 0.0011841068733381992 0.01422704099619126 -0.022301356716593709
leaf_weight=2.4449072405695915 2.9267932390794238 2.777630626223984 2.6736138109117737 8.7379811066202766 3.7902795486152181 3.3103537373244754
leaf_count=21 25 27 27 85 36 29
internal_value=1.41574e-05 0.00679333 -0.00163725 -0.00326739 -0.000603223 -0.00526867
internal_weight=26.6616 5.22254 21.439 18.7654 15.8386 12.0483
internal_count=250 48 202 175 150 114
is_linear=0
shrinkage=0.05


Tree=558
num_leaves=7
num_cat=0
split_feature=30 20 28 28 6 14
split_gain=0.115082 0.28774 0.209709 0.295181 0.308289 0.244566
threshold=-0.01322337341609031 0.088356501377166899 -0.018494661262625275 -0.0056053388432018561 0.98532698012708131 0.63683695175795474
decision_type=2 2 2 2 2 2
left_child=-1 2 5 -4 -5 -2
right_child=1 -3 3 4 -6 -7
leaf_value=0.0079545145325111612 -0.0036049362015756121 -0.017208572180111965 -0.014388170772652163 0.012096179138392293 -0.0048249912873330721 0.019190152025231083
leaf_weight=3.836058950051668 2.0206197705119928 2.5562713253311804 3.7812809282913884 4.4001824718434239 6.9328609029762447 2.8172138230875134
leaf_count=36 19 26 37 42 64 26
internal_value=-5.04299e-05 -0.00141469 0.000608818 -0.00229129 0.00174484 0.00966932
internal_weight=26.3445 22.5084 19.9522 15.1143 11.333 4.83783
internal_count=250 214 188 143 106 45
is_linear=0
shrinkage=0.05


Tree=559
num_leaves=12
num_cat=0
split_feature=27 27 5 15 1 6 21 27 6 19 5
split_gain=0.0273084 0.0284101 0.0469899 0.0177155 0.0418565 1.32499e-07 2.99675e-08 1.42009e-08 4.34636e-10 1.36475e-10 7.12899e-11
threshold=-0.0073145777874613618 -0.0062363175374047777 0.017217289075567663 0.023234659022909956 0.0074115308530028354 1.1276370039775407 0.0027557726860134584 0.0047220670894556624 0.68413014275797779 -0.068038746368588796 0.036404428981035179
decision_type=2 2 2 2 2 2 2 2 2 2 2
left_child=6 -2 5 -4 -5 7 8 -3 -1 -10 -11
right_child=1 2 3 4 -6 -7 -8 -9 9 10 -12
leaf_value=-0.033362676677207367 0.032086961052553625 -0.033425516823691742 0.024967747384679804 0.017076917236186599 -0.033422861973219212 -0.03352371657031647 -0.033429806035279917 -0.033371251056926947 -0.033353227918083317 -0.033340020178755619 -0.033348673351317207
leaf_weight=0.0058367429155623532 0.083796639388310723 0.021126531755726319 0.1114309629338095 0.11883996882170322 0.062670527488080552 0.033283380798820872 0.028107972219004296 0.028080363899789518 0.0052076161518925792 0.0063355198835779464 0.0038125925748317968
leaf_count=7 6 12 9 37 54 15 12 36 11 41 10
internal_value=0.00196703 0.00576342 -0.000112012 0.0092748 -0.000359252 -0.0334467 -0.033396 -0.0333945 -0.0333511 -0.0333466 -0.0333433
internal_weight=0.508529 0.459228 0.375432 0.292941 0.18151 0.0824903 0.0493004 0.0492069 0.0211925 0.0153557 0.0101481
internal_count=250 169 163 100 91 63 81 48 69 62 51
is_linear=0
shrinkage=0.05


Tree=560
num_leaves=9
num_cat=0
split_feature=20 16 5 33 27 32 19 29
split_gain=0.113221 0.327519 0.205837 0.466733 0.236114 0.47764 0.578923 0.26749
threshold=0.088356501377166899 0.033067663556618637 0.030155189897340628 0.97500000000000009 0.004165866948583786 -0.1735390864362204 -0.012081906300309196 0.0020059961375012984
decision_type=2 2 2 2 2 2 2 2
left_child=2 -2 4 -4 5 6 -1 -6
right_child=1 -3 3 -5 7 -7 -8 -9
leaf_value=-0.018447319855187671 -0.004188308313657586 0.021127090976733265 -0.019838881287398913 0.004307291217624229 -0.015939523159630192 0.026788362415473277 0.015751243402283288 0.0053769541035918675
leaf_weight=2.3676247056573656 2.9963615108281365 2.2273758091032505 4.0600373242050392 3.946761061437428 2.9287076182663441 2.3511276058852699 2.592573257163167 2.9582076780498028
leaf_count=21 33 20 39 35 27 20 27 28
internal_value=1.24206e-05 0.00660605 -0.00161188 -0.0079366 0.00222505 0.00822597 -0.000572573 -0.00522787
internal_weight=26.4288 5.22374 21.205 8.0068 13.1982 7.31133 4.9602 5.88692
internal_count=250 53 197 74 123 68 48 55
is_linear=0
shrinkage=0.05


Tree=561
num_leaves=7
num_cat=0
split_feature=9 6 6 1 33 6
split_gain=0.115432 0.260979 0.267431 0.308526 0.577969 0.443218
threshold=32.441674709320075 0.75637751874617609 0.87591988839849533 0.018007980806412752 0.6150000000000001 0.98532698012708131
decision_type=2 2 2 2 2 2
left_child=-1 -2 -3 4 -4 -5
right_child=1 2 3 5 -6 -7
leaf_value=0.014322756604053112 -0.016781719374647421 0.013857203789618895 -0.022769785225187744 0.023605659030798948 0.0045196104207984276 -0.0011261834412758028
leaf_weight=1.3261730708181882 2.3206250008661327 3.3521490227431086 3.884152521844956 2.2614304013550273 3.876841003075242 9.1055434849113208
leaf_count=12 24 32 43 22 34 83
internal_value=-4.9362e-05 -0.000817884 0.000830065 -0.00145292 -0.00913794 0.00379415
internal_weight=26.1269 24.8007 22.4801 19.128 7.76099 11.367
internal_count=250 238 214 182 77 105
is_linear=0
shrinkage=0.05


Tree=562
num_leaves=12
num_cat=0
split_feature=27 27 5 19 17 6 21 27 6 19 5
split_gain=0.0263077 0.0277595 0.0450457 0.0174713 0.0501126 1.16243e-07 2.69695e-08 1.30705e-08 3.99379e-10 1.27161e-10 6.2518e-11
threshold=-0.0073145777874613618 -0.0062363175374047777 0.017217289075567663 -0.031546553031348283 -0.049212516367891666 1.1276370039775407 0.0027557726860134584 0.0047220670894556624 0.68413014275797779 -0.068038746368588796 0.036404428981035179
decision_type=2 2 2 2 2 2 2 2 2 2 2
left_child=6 -2 5 -4 -5 7 8 -3 -1 -10 -11
right_child=1 2 3 4 -6 -7 -8 -9 9 10 -12
leaf_value=-0.033361838348895091 0.031996609289091107 -0.033422919303452328 0.020193083215563779 0.029207110933814919 -0.033420081438312793 -0.033515994617369385 -0.033426586124541822 -0.033370027009335439 -0.03335266634658151 -0.033339794517023534 -0.033348058948268318
leaf_weight=0.0056635703222127623 0.082087953633163124 0.02047884290368529 0.15818527597730281 0.059134026610990986 0.069463341587834293 0.031964017551217694 0.027079897932708263 0.027185421848116675 0.0050530715707282061 0.0060995222120254784 0.003662303468445316
leaf_count=7 6 12 34 6 60 15 12 36 11 41 10
internal_value=0.00196619 0.00571574 -0.000172033 0.00906579 -0.00462168 -0.0334422 -0.0333938 -0.0333928 -0.0333505 -0.0333462 -0.0333429
internal_weight=0.496057 0.448499 0.366411 0.286783 0.128597 0.0796283 0.0475584 0.0476643 0.0204785 0.0148149 0.00976183
internal_count=250 169 163 100 66 63 81 48 69 62 51
is_linear=0
shrinkage=0.05


Tree=563
num_leaves=7
num_cat=0
split_feature=32 19 15 1 3 25
split_gain=0.111739 0.386629 0.343753 0.303003 0.303723 0.277515
threshold=-0.44808815786432149 -0.069419882954705067 0.061249847598462366 0.074560118982033199 -0.0081729271496018812 0.0011382053501360902
decision_type=2 2 2 2 2 2
left_child=5 -2 3 4 -3 -1
right_child=1 2 -4 -5 -6 -7
leaf_value=0.0032098729183458693 0.022175976538001262 -0.017658160251219995 0.017452426641307774 -0.018222037350826593 0.0033237627365566695 -0.018414933694969889
leaf_weight=3.5109442546963718 2.0878905272111359 2.0484400130808416 2.3116452842950812 2.7655262909829608 10.915091405622652 2.5693361312150955
leaf_count=29 26 18 22 23 107 25
internal_value=1.19933e-05 0.00180633 -0.000551099 -0.00319701 8.29188e-06 -0.00592809
internal_weight=26.2089 20.1286 18.0407 15.7291 12.9635 6.08028
internal_count=250 196 170 148 125 54
is_linear=0
shrinkage=0.05


Tree=564
num_leaves=6
num_cat=0
split_feature=30 20 18 16 27
split_gain=0.111173 0.263628 0.207768 0.323305 0.376037
threshold=-0.01322337341609031 0.088356501377166899 0.089972888115603472 0.0029236353012866635 0.0068201055940260167
decision_type=2 2 2 2 2
left_child=-1 2 3 -2 -5
right_child=1 -3 -4 4 -6
leaf_value=0.0078832394064848009 0.015137714176880233 -0.016682308427434771 0.010207960896030958 -0.011209617822004561 0.0068598854953833173
leaf_weight=3.7734088171273497 2.2889978345483604 2.5034422897733739 4.3358686584979287 8.7139069566037488 4.3000703328289083
leaf_count=36 21 26 36 87 44
internal_value=-4.96809e-05 -0.00140158 0.000546315 -0.00219117 -0.0052391
internal_weight=25.9157 22.1423 19.6388 15.303 13.014
internal_count=250 214 188 152 131
is_linear=0
shrinkage=0.05


Tree=565
num_leaves=13
num_cat=0
split_feature=26 19 32 18 0 33 28 25 18 17 6 33
split_gain=0.02563 0.0204453 0.0209596 0.0146038 0.0216991 0.0254221 5.99047e-08 2.59746e-08 2.50358e-09 1.03445e-09 4.40201e-10 6.62429e-11
threshold=0.023323893851323056 -0.0080194077406610647 0.12606106264613362 -0.72809652776535205 -0.014162892182731033 0.080000000000000016 -0.019957427510860489 -0.025064776352012427 -0.53188899530935607 -0.0021625484397514313 0.92039769982782149 0.9850000000000001
decision_type=2 2 2 2 2 2 2 2 2 2 2 2
left_child=1 3 6 -1 -5 -6 -3 -2 -9 -8 -10 -12
right_child=7 2 -4 4 5 -7 9 8 10 -11 11 -13
leaf_value=0.023226387557704793 -0.033456398143196814 -0.033467456889475049 0.022733070067057999 0.017943297906835944 0.018031463275818057 -0.033439165679832759 -0.033368010263342671 -0.033375599302503611 -0.033361879237669007 -0.033350686163891224 -0.033340137450489415 -0.033347797790601395
leaf_weight=0.14348753220110666 0.0095991746056824923 0.020962563787179533 0.023488241204177029 0.11045044113416225 0.038512851504492573 0.063619343127356842 0.021691143152565928 0.02051095851129503 0.0048489320579392361 0.01429596582056547 0.0057939901271311101 0.0055022207870933926
leaf_count=13 2 11 6 11 11 43 25 24 13 43 34 14
internal_value=0.00200778 0.00575804 -0.0170091 0.0109012 0.0025821 -0.0140302 -0.0334003 -0.0333832 -0.033364 -0.0333611 -0.0333493 -0.0333439
internal_weight=0.482763 0.436508 0.0804379 0.35607 0.212583 0.102132 0.0569497 0.0462553 0.0366561 0.0359871 0.0161451 0.0112962
internal_count=250 163 85 78 65 54 79 87 85 68 61 48
is_linear=0
shrinkage=0.05


Tree=566
num_leaves=9
num_cat=0
split_feature=26 1 17 28 17 3 4 24
split_gain=0.114206 0.368608 0.315038 0.606588 0.30304 0.48068 0.421049 0.278357
threshold=0.017428735119305986 0.016750071369864731 0.0053170828119114416 0.016741035224298154 -0.01006886597402297 0.055609497010041926 0.017429090360635034 -0.010240258568484538
decision_type=2 2 2 2 2 2 2 2
left_child=1 4 7 -4 -1 6 -6 -2
right_child=2 -3 3 -5 5 -7 -8 -9
leaf_value=-0.010961524509211363 0.026353350878859275 -0.016849552320509786 -0.018215780471371248 0.013718327931117193 0.01102295809830714 0.023990267773395496 -0.019657123232288971 0.0036501179301162106
leaf_weight=3.2618452096357933 2.1235015047714114 3.5953780347481361 3.4285285454243422 2.626024603843689 2.5202453732490566 2.7230705954134464 2.0103497430682182 3.7069365978240949
leaf_count=27 23 35 31 27 28 26 20 33
internal_value=1.22416e-05 -0.00302924 0.00362335 -0.00436509 0.00169609 0.007388 -0.00259064 0.0119189
internal_weight=25.9959 14.1109 11.885 6.05455 10.5155 7.25367 4.5306 5.83044
internal_count=250 136 114 58 101 74 48 56
is_linear=0
shrinkage=0.05


Tree=567
num_leaves=10
num_cat=0
split_feature=28 26 28 17 28 18 28 24 18
split_gain=0.119552 0.176718 0.677521 0.539778 0.350926 0.358419 0.732273 0.297425 0.15763
threshold=0.098565230738145729 0.017428735119305986 0.025376446867029005 0.0053170828119114416 0.014914210251467332 -0.28963168704842207 -0.008449041583264259 -0.0095691027128757527 -0.23414516747587324
decision_type=2 2 2 2 2 2 2 2 2
left_child=1 4 3 7 5 -1 -7 -3 -6
right_child=-2 2 -4 -5 8 6 -8 -9 -10
leaf_value=0.0088329512965525745 0.010526722149180356 -0.026027741155573176 -0.028856089156169603 0.014315573269893323 0.0057869117110984254 0.0058627590620999879 -0.032726013348783452 0.00092841902078503059 0.025531842619825398
leaf_weight=3.7356217270717043 2.4203567504882804 1.9096664143726219 2.4696605354547492 3.9369501248002052 2.1821458640042692 2.7050952818244713 2.2535932059399801 2.2046717703342429 1.8830883186310519
leaf_count=39 21 21 23 38 23 27 20 21 17
internal_value=-4.95198e-05 -0.00114908 -0.00594647 0.00108085 0.00280663 -0.00286339 -0.0116748 -0.0115833 0.0149331
internal_weight=25.7008 23.2805 10.5209 8.05129 12.7595 8.69431 4.95869 4.11434 4.06523
internal_count=250 229 103 80 126 86 47 42 40
is_linear=0
shrinkage=0.05


Tree=568
num_leaves=12
num_cat=0
split_feature=27 27 5 15 1 6 21 27 6 22 18
split_gain=0.0252194 0.0264327 0.0423329 0.0168602 0.0374886 9.76334e-08 2.59828e-08 1.05658e-08 3.46912e-10 1.11443e-10 2.13035e-11
threshold=-0.0073145777874613618 -0.0062363175374047777 0.017217289075567663 0.023234659022909956 0.0074115308530028354 1.1276370039775407 0.0027557726860134584 0.0047220670894556624 0.68413014275797779 -0.0067090732066747419 -0.27017662432347267
decision_type=2 2 2 2 2 2 2 2 2 2 2
left_child=6 -2 5 -4 -5 7 8 -3 -1 -10 -11
right_child=1 2 3 4 -6 -7 -8 -9 9 10 -12
leaf_value=-0.033360571419811726 0.031946219037452643 -0.033417195128501533 0.024669808047045994 0.016214889302173647 -0.033416284303087483 -0.033505829211406025 -0.033426254251357611 -0.033368209118897631 -0.033350424122870787 -0.033338699621335059 -0.033344023849896966
leaf_weight=0.0053472807339858255 0.078862294816644862 0.019288473056803923 0.1055032734584529 0.11092371230188292 0.057912314896384487 0.029909913879237138 0.026080950861796737 0.025640787222073413 0.0064384265642729579 0.0036190754544804795 0.0039070906204869988
leaf_count=7 6 12 9 37 54 15 12 36 19 26 17
internal_value=0.00204327 0.00580129 -0.000103567 0.0089894 -0.000809061 -0.0334358 -0.0333937 -0.0333892 -0.0333497 -0.0333456 -0.0333415
internal_weight=0.473434 0.428041 0.349178 0.274339 0.168836 0.0748392 0.0453928 0.0449293 0.0193119 0.0139646 0.00752617
internal_count=250 169 163 100 91 63 81 48 69 62 43
is_linear=0
shrinkage=0.05


Tree=569
num_leaves=10
num_cat=0
split_feature=28 26 28 17 28 18 28 24 18
split_gain=0.112361 0.18258 0.651835 0.537306 0.354564 0.333984 0.555828 0.299419 0.1459
threshold=0.098565230738145729 0.017428735119305986 0.025376446867029005 0.0053170828119114416 0.014914210251467332 -0.30926276629703836 -0.008449041583264259 -0.0095691027128757527 -0.23414516747587324
decision_type=2 2 2 2 2 2 2 2 2
left_child=1 4 3 7 5 -1 -7 -3 -6
right_child=-2 2 -4 -5 8 6 -8 -9 -10
leaf_value=-0.0093685346053857584 -0.010271300698608703 0.026088991785762267 0.028267239834870624 -0.014189479083651663 -0.0064109832472618302 -0.0043436706198214355 0.028272650459778198 -0.00086260811465825062 -0.025328963633763735
leaf_weight=3.4262800365686434 2.4082955233752719 1.916840175166725 2.4957447713240972 3.9386494550853968 2.2313188780099154 2.8330001910217124 2.4236824605613965 2.2286350894719353 1.8760690931230772
leaf_count=35 21 21 23 38 23 30 21 21 17
internal_value=1.18449e-05 0.00107152 0.00593074 -0.000965027 -0.00294791 0.00277775 0.0106946 0.0115996 -0.0150519
internal_weight=25.7785 23.3702 10.5799 8.08412 12.7904 8.68296 5.25668 4.14548 4.10739
internal_count=250 229 103 80 126 86 51 42 40
is_linear=0
shrinkage=0.05


Tree=570
num_leaves=8
num_cat=0
split_feature=30 20 5 33 32 23 28
split_gain=0.140262 0.35808 0.2016 0.433406 0.218545 0.396625 0.110215
threshold=-0.022721938531934268 0.088356501377166899 0.030155189897340628 0.97500000000000009 -0.11889196967284486 -0.0047874586781367348 0.012697322317446915
decision_type=2 2 2 2 2 2 2
left_child=-1 2 4 -4 5 -2 -3
right_child=1 6 3 -5 -6 -7 -8
leaf_value=0.013959397832521992 0.015198500323375819 -0.024424409865627234 0.019585674876002546 -0.0046600386411802036 -0.012734558249692211 -0.0063550492329892284 -0.0071471834820971015
leaf_weight=1.6674864403903509 3.4565045032650286 1.7528383070603006 3.9091196395456782 3.4875842006877065 3.5619781315326682 5.5803796630352736 1.949930209200829
leaf_count=15 31 22 39 33 34 58 18
internal_value=-5.72067e-05 -0.00104346 0.00160137 0.0081537 -0.00224545 0.00188894 -0.015326
internal_weight=25.3658 23.6983 19.9956 7.3967 12.5989 9.03688 3.70277
internal_count=250 235 195 72 123 89 40
is_linear=0
shrinkage=0.05


Tree=571
num_leaves=10
num_cat=0
split_feature=18 21 27 33 23 23 25 18 23
split_gain=0.0245361 0.0207415 0.0251992 0.0159981 0.0537679 2.85434e-08 1.55232e-08 1.37918e-09 4.50312e-10
threshold=-0.17374010434383533 0.00070309462270634626 0.036012807292363121 0.63500000000000012 0.012205976298980794 -0.010729402531970965 -0.0078349671388439606 -0.80447055597681261 0.0033813377423780326
decision_type=2 2 2 2 2 2 2 2 2
left_child=1 2 5 4 -3 -1 -2 -7 -8
right_child=6 3 -4 -5 -6 7 8 -9 -10
leaf_value=-0.033431716267392081 -0.03341622687915688 -0.033455181556431686 0.032676336153615856 0.021108194874520935 0.026027553387098019 -0.03337049714018582 -0.033347587661481659 -0.033351201510073147 -0.033361695744242713
leaf_weight=0.021323804420717352 0.019693390291649848 0.068966755148721859 0.019088262342847884 0.18634379287686897 0.084586214361479506 0.016104541915410664 0.0090179868348059244 0.021791516906887409 0.015172112409345573
leaf_count=21 11 30 3 31 14 15 31 72 22
internal_value=0.00218429 0.0059165 -0.0172823 0.0112612 -0.000688512 -0.0333854 -0.0333833 -0.0333594 -0.0333564
internal_weight=0.462088 0.418205 0.0783081 0.339897 0.153553 0.0592199 0.0438835 0.0378961 0.0241901
internal_count=250 186 111 75 44 108 64 87 53
is_linear=0
shrinkage=0.05


Tree=572
num_leaves=7
num_cat=0
split_feature=24 21 0 32 23 13
split_gain=0.116439 0.159087 0.448795 0.35272 0.349517 0.330177
threshold=0.026022165992401817 0.0022411371037304177 -0.010848610305276894 -0.13286029858301437 0.0045796882368773781 45.829071378008827
decision_type=2 2 2 2 2 2
left_child=1 2 -1 5 -3 -4
right_child=-2 4 3 -5 -6 -7
leaf_value=0.022555193639741719 0.010084352559474772 -0.017840074630544257 -0.024043941071712829 0.01068083874458356 0.0065093474264403886 -0.0021022851713393049
leaf_weight=2.1810622508637687 2.5809712912887326 3.6525289034470907 2.160634898580617 4.0921186450868783 2.4706758074462414 8.3043573871254903
leaf_count=27 27 32 20 37 29 78
internal_value=1.73631e-05 -0.00111917 0.00140357 -0.00176553 -0.00801523 -0.00663243
internal_weight=25.4423 22.8614 16.7382 14.5571 6.1232 10.465
internal_count=250 223 162 135 61 98
is_linear=0
shrinkage=0.05


Tree=573
num_leaves=8
num_cat=0
split_feature=4 5 0 8 14 0 27
split_gain=0.11862 0.172969 0.173937 0.408356 0.405475 0.439202 0.309671
threshold=0.011616496395065649 0.013469750823327492 0.013129343927993477 0.032895226057923242 0.90176450399640806 0.00070716344024091004 -0.0020918071227466468
decision_type=2 2 2 2 2 2 2
left_child=-1 -2 4 -4 5 -3 -5
right_child=1 2 3 6 -6 -7 -8
leaf_value=0.013959217874257107 -0.014755913902202567 -0.00081271926793499358 0.023700294256216319 0.014452760359633891 0.016731768898807339 -0.022783592072921677 -0.010098306355607751
leaf_weight=1.4241960495710397 2.0564506677910712 8.480388944968583 2.3692976401653132 2.0266706235706806 2.1948561780154696 3.108355648815631 3.5068750511854887
leaf_count=12 25 84 22 17 21 37 32
internal_value=-5.64811e-05 -0.0008972 0.000416974 0.0063307 -0.00297367 -0.00670579 -0.00110644
internal_weight=25.1671 23.7429 21.6864 7.90284 13.7836 11.5887 5.53355
internal_count=250 238 213 71 142 121 49
is_linear=0
shrinkage=0.05


Tree=574
num_leaves=13
num_cat=0
split_feature=12 2 0 0 17 24 22 24 26 4 23 12
split_gain=0.0241274 0.0218821 0.0429708 0.0224085 0.0344564 2.66711e-08 2.327e-08 1.89897e-08 5.15299e-09 1.97897e-09 3.16913e-10 2.68447e-10
threshold=0.094757459096297833 -0.0044371255646490351 0.052591166618696568 -0.014162892182731033 0.0053170828119114416 -0.010240258568484538 -0.0067090732066747419 0.020016617190991907 -0.0065462606363925193 0.015277369841062613 0.0080848644192915726 0.13093412164528503
decision_type=2 2 2 2 2 2 2 2 2 2 2 2
left_child=1 2 5 -3 6 -1 -5 9 -7 -2 11 -11
right_child=7 3 -4 4 -6 8 -8 -9 -10 10 -12 -13
leaf_value=-0.033440328945653255 -0.03338147579749326 0.028185636537956495 0.03312187127891239 -0.033456557484337138 0.016322794654582962 -0.033362483389168154 -0.03338697666297815 -0.033437939158607231 -0.033396302137749509 -0.033356991678795272 -0.033361325470681935 -0.033344140252468686
leaf_weight=0.032475382178745349 0.0079727022020961158 0.13495890234480612 0.035249296866822988 0.019389541594136972 0.1098453958875325 0.02057003086883924 0.03159678117299336 0.010195866841968382 0.024896876006096136 0.0065962147418758823 0.0076211157829675349 0.010582719514786731
leaf_count=20 10 13 3 10 30 29 38 9 17 15 10 46
internal_value=0.00226317 0.00600775 -0.0126882 0.0131622 0.000555584 -0.0334057 -0.0334134 -0.0333783 -0.033381 -0.0333598 -0.0333528 -0.0333491
internal_weight=0.451951 0.408982 0.113192 0.295791 0.160832 0.0779423 0.0509863 0.0429686 0.0454669 0.0327728 0.0248001 0.0171789
internal_count=250 160 69 91 78 66 48 90 46 81 71 61
is_linear=0
shrinkage=0.05


Tree=575
num_leaves=8
num_cat=0
split_feature=29 23 23 3 16 22 0
split_gain=0.110533 0.169232 0.263645 0.474617 0.485538 0.254613 0.208071
threshold=0.0083427208081533494 -0.012261584076212249 -0.0052549473674376448 0.083714856261801987 0.010612460727560497 -0.0020095682123952292 0.0058089191491207401
decision_type=2 2 2 2 2 2 2
left_child=1 -1 6 4 -4 -5 -3
right_child=-2 2 3 5 -6 -7 -8
leaf_value=0.011664799526121251 0.0098323037757487696 -0.0029848273504296877 0.0073327373982394256 0.0005168631074929489 -0.016510579890007409 0.019621775297002333 -0.024762869053849317
leaf_weight=2.3298802897334161 2.5750646553933612 2.2924938886426469 3.5071197859942824 3.438423678278923 5.4580645496025681 3.5387705080211171 2.1027536578476429
leaf_count=24 29 21 33 32 57 35 19
internal_value=1.57917e-05 -0.00109938 -0.00256165 0.000427485 -0.00718323 0.0102067 -0.0134038
internal_weight=25.2426 22.6675 20.3376 15.9424 8.96518 6.97719 4.39525
internal_count=250 221 197 157 90 67 40
is_linear=0
shrinkage=0.05


Tree=576
num_leaves=8
num_cat=0
split_feature=6 6 22 0 18 30 27
split_gain=0.110341 0.263366 0.274978 0.20856 0.355963 0.220661 0.116
threshold=0.75637751874617609 0.94126342539275298 0.0047125331936265233 -0.010848610305276894 -0.19893509999942136 -0.0012763081063315027 0.0037085352021949407
decision_type=2 2 2 2 2 2 2
left_child=-1 2 6 -3 5 -5 -2
right_child=1 3 -4 4 -6 -7 -8
leaf_value=-0.0088674455783524092 0.010318452590037518 -0.01564873533644014 -0.0034164279731095913 0.01818443775877578 -0.012348127789177371 0.00078332189792588405 0.027572640746837893
leaf_weight=3.1086355571169433 2.2252280563116105 2.4723332677967891 2.4596800766885281 2.5347506366670149 3.9345451183617017 6.4775547874160111 1.7325475737452505
leaf_count=33 24 32 23 22 35 65 16
internal_value=-5.38492e-05 0.00120084 0.00971234 -0.00234164 0.000199489 0.00567746 0.0178716
internal_weight=24.9453 21.8366 6.41746 15.4192 12.9469 9.01231 3.95778
internal_count=250 217 63 154 122 87 40
is_linear=0
shrinkage=0.05


Tree=577
num_leaves=12
num_cat=0
split_feature=26 23 19 31 3 29 28 25 18 6 14
split_gain=0.0233185 0.0209302 0.0215471 0.0182595 0.0121105 0.0169264 4.29253e-08 1.86257e-08 2.09828e-09 3.48238e-10 5.49008e-11
threshold=0.023323893851323056 -0.0091884185435142634 -0.0066954261023005604 0.25961374734135506 -0.0185489535232603 0.0010278688378831948 -0.019957427510860489 -0.025064776352012427 -0.53188899530935607 0.92039769982782149 0.85376332448027881
decision_type=2 2 2 2 2 2 2 2 2 2 2
left_child=1 -1 4 6 -3 -6 -4 -2 -9 -10 -11
right_child=7 2 3 -5 5 -7 -8 8 9 10 -12
leaf_value=-0.033417895678679331 -0.033444310595707905 0.031539307611733847 -0.033456921276442779 0.023267805656418138 0.026347896234652186 -0.0022204080287564838 -0.033358862691247659 -0.033372988551349306 -0.033359262854949348 -0.033345239414893639 -0.033337550033139686
leaf_weight=0.031146349641858251 0.0086880582384765148 0.08100571105023846 0.018222981514554704 0.020378542336402461 0.084890135811292566 0.13320781947550131 0.02879658048186684 0.018786272949000704 0.0043714800049201594 0.0060745696973754093 0.0037570319655060302
leaf_count=31 2 6 8 8 11 46 53 24 13 17 31
internal_value=0.00220251 0.00593182 0.00927587 -0.0162637 0.0150308 0.00889922 -0.0333969 -0.0333792 -0.033362 -0.0333475 -0.0333423
internal_weight=0.439326 0.397648 0.366502 0.0673981 0.299104 0.218098 0.0470196 0.0416774 0.0329894 0.0142031 0.0098316
internal_count=250 163 132 69 63 57 61 87 85 61 48
is_linear=0
shrinkage=0.05


Tree=578
num_leaves=9
num_cat=0
split_feature=24 24 29 8 1 31 16 25
split_gain=0.108429 0.168365 0.390436 0.313328 0.319104 0.325287 0.272064 0.22977
threshold=0.026022165992401817 0.0019046647635662108 -0.0029282887429766809 -0.0075164844192229597 0.016750071369864731 -0.056886644909363397 0.027937051702039053 0.0013602525060205652
decision_type=2 2 2 2 2 2 2 2
left_child=1 3 -3 -1 -5 -6 7 -4
right_child=-2 2 6 4 5 -7 -8 -9
leaf_value=-0.01162843928620777 0.0098234448365880807 -0.024718898626789883 0.0031365598894122328 0.021605033916111085 0.0088636766368319908 -0.013174342803375472 0.015078598266052493 -0.018111113346980911
leaf_weight=3.0088255135342505 2.5324368346482506 2.1865367637947202 2.7565171215683204 2.6641798708587903 4.9860128760337847 2.5210192650556547 1.999334894120693 2.3631534352898598
leaf_count=29 27 22 27 31 47 23 22 22
internal_value=1.50159e-05 -0.00108966 -0.00623875 0.00254577 0.00673876 0.00146285 -0.000562746 -0.00667101
internal_weight=25.018 22.4856 9.30554 13.18 10.1712 7.50703 7.11901 5.11967
internal_count=250 223 93 130 101 70 71 49
is_linear=0
shrinkage=0.05


Tree=579
num_leaves=7
num_cat=0
split_feature=30 20 23 18 6 28
split_gain=0.127531 0.340298 0.198362 0.348317 0.32261 0.136141
threshold=-0.022721938531934268 0.088356501377166899 0.0085765641708744917 0.14490779884771279 0.98532698012708131 0.013339568855629926
decision_type=2 2 2 2 2 2
left_child=-1 2 3 4 -2 -3
right_child=1 5 -4 -5 -6 -7
leaf_value=0.013548981693321039 0.0043443170891122899 -0.024721596330684971 0.014006713261100629 0.01346498977150213 -0.011341741999685224 -0.0053001513722676658
leaf_weight=1.6112601645290876 6.0339687801897615 1.8219741238281124 2.768389700446277 3.5496595427393904 7.1762268804013729 1.7876686505042014
leaf_count=15 59 23 34 29 73 17
internal_value=-5.21779e-05 -0.000999326 0.00160766 -0.000440416 -0.00417688 -0.0151032
internal_weight=24.7491 23.1379 19.5282 16.7599 13.2102 3.60964
internal_count=250 235 195 161 132 40
is_linear=0
shrinkage=0.05


Tree=580
num_leaves=11
num_cat=0
split_feature=24 24 21 27 24 23 3 23 25 3
split_gain=0.0228493 0.0280274 0.0162244 0.0198321 0.0124967 0.0256069 1.6047e-08 1.30144e-08 9.76621e-09 2.98581e-10
threshold=0.023151751923785605 -0.01645309018349694 0.00070309462270634626 0.036012807292363121 -0.014431264418244492 0.0085765641708744917 -0.056421398442117791 -0.01541356138542088 -0.0092697499946887123 0.032796128569159928
decision_type=2 2 2 2 2 2 2 2 2 2
left_child=1 6 3 7 -4 -6 -1 -3 -8 -10
right_child=-2 2 4 -5 5 -7 8 -9 9 -11
leaf_value=-0.03344270830379633 -0.033440433249285993 -0.033424046743091976 0.031490643975631998 0.028825810958170519 -0.0095923660816332867 0.025773270235036186 -0.033425884421715728 -0.033357051280719079 -0.033362746026091981 -0.033347905629304342
leaf_weight=0.019501257476804312 0.040760782721918076 0.0095094241551123559 0.084796283976174891 0.018856811395380646 0.099129392034228658 0.10582531857653521 0.0074396269956196184 0.030494349768559914 0.0062399616681432235 0.0074190852101310156
leaf_count=9 36 5 6 3 51 15 4 80 12 29
internal_value=0.00217661 0.00590667 0.0104856 -0.0134467 0.0153472 0.00866815 -0.03341 -0.033373 -0.0333798 -0.0333547
internal_weight=0.429972 0.389212 0.348612 0.0588606 0.289751 0.204955 0.0405999 0.0400038 0.0210987 0.013659
internal_count=250 214 160 88 72 66 54 85 45 41
is_linear=0
shrinkage=0.05


Tree=581
num_leaves=9
num_cat=0
split_feature=20 2 20 26 2 30 13 10
split_gain=0.111123 0.318091 0.191872 0.277132 0.366462 0.262669 0.254928 0.242673
threshold=0.088356501377166899 0.023423037756275415 -0.0026693760831497655 0.011993423042672148 0.0087707690121410237 0.0027526905943316975 46.473319123996383 0.055740057922406876
decision_type=2 2 2 2 2 2 2 2
left_child=2 -2 3 4 -1 -4 -5 -8
right_child=1 -3 5 6 -6 -7 7 -9
leaf_value=0.0068459671713494048 0.022381586134627582 -0.0036309255944259088 0.00093605109814907386 -0.0057054662347160914 -0.016751325606246027 -0.019440056067472004 0.027984765571483945 0.0053467842209838148
leaf_weight=3.1103840637952125 1.9570739502087224 2.9418387748301029 3.300365738570691 2.1428047781810164 3.4929828555323184 3.0371089233085513 2.0655077733099461 2.773323480039835
leaf_count=35 26 27 35 17 32 30 21 27
internal_value=1.43212e-05 0.00676085 -0.00164464 0.0017068 -0.00563629 -0.00882879 0.00865204 0.0150101
internal_weight=24.8214 4.89891 19.9225 13.585 6.60337 6.33747 6.98164 4.83883
internal_count=250 53 197 132 67 65 65 48
is_linear=0
shrinkage=0.05


Tree=582
num_leaves=7
num_cat=0
split_feature=30 20 23 18 6 28
split_gain=0.120923 0.310167 0.187371 0.322968 0.306169 0.132446
threshold=-0.022721938531934268 0.088356501377166899 0.0085765641708744917 0.14490779884771279 0.98532698012708131 0.013339568855629926
decision_type=2 2 2 2 2 2
left_child=-1 2 3 4 -2 -3
right_child=1 5 -4 -5 -6 -7
leaf_value=0.013232938124032395 0.0042181947643537745 -0.02417658887082581 0.013608799526342358 0.012967233803476218 -0.011104204193401371 -0.0048985974408091021
leaf_weight=1.6009097564965511 6.0132898669689983 1.7818974591791623 2.7472733133472493 3.518999006599187 7.1210248433053493 1.7819227392319588
leaf_count=15 59 23 34 29 73 17
internal_value=-5.34777e-05 -0.000979709 0.00151081 -0.000484973 -0.00408914 -0.0145375
internal_weight=24.5653 22.9644 19.4006 16.6533 13.1343 3.56382
internal_count=250 235 195 161 132 40
is_linear=0
shrinkage=0.05


Tree=583
num_leaves=13
num_cat=0
split_feature=12 2 0 0 28 34 24 24 26 4 23 12
split_gain=0.0225228 0.0201508 0.0389965 0.0192873 0.0327601 0.0197766 2.00215e-08 1.51102e-08 4.13886e-09 1.78996e-09 2.78517e-10 2.0439e-10
threshold=0.094757459096297833 -0.0044371255646490351 0.052591166618696568 -0.014162892182731033 0.025376446867029005 -0.36531492053750464 -0.010240258568484538 0.020016617190991907 -0.0065462606363925193 0.015277369841062613 0.0080848644192915726 0.13093412164528503
decision_type=2 2 2 2 2 2 2 2 2 2 2 2
left_child=1 2 6 -3 5 -5 -1 9 -8 -2 11 -11
right_child=7 3 -4 4 -6 -7 8 -9 -10 10 -12 -13
leaf_value=-0.033431244697672495 -0.033379651871502693 0.027754969554752363 0.033001124442857771 0.023970735988841359 0.026376379898506597 -0.033428210212439878 -0.033360177340125342 -0.033430568370071287 -0.033391815841147032 -0.033355075172247318 -0.033359791978361739 -0.033343386726483987
leaf_weight=0.029616119743877789 0.0075750903051812193 0.12357909843558446 0.032044285675510764 0.019613648051745258 0.070304862143530045 0.06388820138090523 0.018893846419814508 0.0095764825018704869 0.022823824485385558 0.0060973157251282819 0.0071677616087981724 0.0096745098817336839
leaf_count=20 10 13 3 4 19 55 29 9 17 15 10 46
internal_value=0.00227084 0.00602413 -0.0128174 0.0130461 0.00122799 -0.0199458 -0.0333998 -0.0333758 -0.0333775 -0.0333586 -0.0333516 -0.0333479
internal_weight=0.420855 0.380764 0.103378 0.277386 0.153807 0.0835018 0.0713338 0.0400912 0.0417177 0.0305147 0.0229396 0.0157718
internal_count=250 160 69 91 78 59 66 90 46 81 71 61
is_linear=0
shrinkage=0.05


Tree=584
num_leaves=7
num_cat=0
split_feature=30 20 23 18 6 28
split_gain=0.118613 0.307742 0.202392 0.318058 0.293551 0.10436
threshold=-0.022721938531934268 0.088356501377166899 0.0085765641708744917 0.14490779884771279 0.98532698012708131 0.012697322317446915
decision_type=2 2 2 2 2 2
left_child=-1 2 3 4 -2 -3
right_child=1 5 -4 -5 -6 -7
leaf_value=-0.013156049834672704 -0.0040669776660477042 0.023464775241455283 -0.013993068293594788 -0.0128233429009051 0.010946535238639593 0.0063896288927649553
leaf_weight=1.5985562987625623 5.9762008497491568 1.6796815739944571 2.8002011831849805 3.514442551881074 7.1524004288949072 1.9150898344814775
leaf_count=15 59 22 34 29 73 18
internal_value=1.45311e-05 0.000928408 -0.0015564 0.000536081 0.00411231 0.0143681
internal_weight=24.6366 23.038 19.4432 16.643 13.1286 3.59477
internal_count=250 235 195 161 132 40
is_linear=0
shrinkage=0.05


Tree=585
num_leaves=7
num_cat=0
split_feature=6 6 1 0 18 32
split_gain=0.110045 0.234157 0.272139 0.210318 0.355873 0.220332
threshold=0.75637751874617609 0.94126342539275298 0.0074115308530028354 -0.010848610305276894 -0.19893509999942136 -0.11889196967284486
decision_type=2 2 2 2 2 2
left_child=-1 2 -2 -3 5 -5
right_child=1 3 -4 4 -6 -7
leaf_value=-0.0089373215260735075 0.0017180337635770327 -0.015714213840255932 0.023539889454047318 0.010825108754120454 -0.012287046019833306 -0.0068422273341250985
leaf_weight=3.0504437752533731 4.1052589425817159 2.4077084464952394 2.1913701165467501 6.3823451474308985 3.8452155925333402 2.4391455082222819
leaf_count=33 38 32 25 63 35 24
internal_value=-5.34942e-05 0.00121456 0.00931254 -0.00216799 0.000406898 0.00594008
internal_weight=24.4215 21.371 6.29663 15.0744 12.6667 8.82149
internal_count=250 217 63 154 122 87
is_linear=0
shrinkage=0.05


Tree=586
num_leaves=9
num_cat=0
split_feature=28 28 21 27 24 23 4 1
split_gain=0.0221143 0.0254828 0.018758 0.0213727 0.0184087 1.55699e-08 1.52923e-08 9.23615e-09
threshold=0.042903524122921984 -0.027538973449199085 0.00070309462270634626 0.036012807292363121 0.013714463482687901 -0.010729402531970965 0.013867466066880184 0.029348553114419199
decision_type=2 2 2 2 2 2 2 2
left_child=1 6 3 5 -4 -3 -1 -2
right_child=7 2 4 -5 -6 -7 -8 -9
leaf_value=-0.033434309400992013 -0.033364181030820811 -0.033417424278011511 0.025053174876726952 0.033705078457409179 -0.0025847175110767576 -0.033356267934799864 -0.033369861783275577 -0.033412678482786666
leaf_weight=0.018594405531075608 0.020099666391615756 0.017422798362531466 0.18350214086240157 0.016361596062779427 0.089701483244425617 0.025846871538306004 0.018227166752694757 0.019190650138625642
leaf_count=14 31 19 34 1 30 67 34 20
internal_value=0.00227609 0.00606676 0.0104332 -0.0149739 0.0159788 -0.0333809 -0.0334024 -0.0333879
internal_weight=0.408947 0.369656 0.332835 0.0596313 0.273204 0.0432697 0.0368216 0.0392903
internal_count=250 199 151 87 64 86 48 51
is_linear=0
shrinkage=0.05


Tree=587
num_leaves=6
num_cat=0
split_feature=1 12 12 10 0
split_gain=0.105425 0.210336 0.182644 0.203928 0.234858
threshold=0.12249230229076892 0.18948306875824386 0.098957312985835558 0.040613924551281336 0.013797734485099357
decision_type=2 2 2 2 2
left_child=1 2 3 4 -1
right_child=-2 -3 -4 -5 -6
leaf_value=0.0027679804814071309 -0.010819086549528473 0.014173730276275252 -0.010582641841382084 0.016433916922311373 -0.013206721921374287
leaf_weight=11.008080733008692 2.0567305497825137 2.6724998615682116 3.8255199044942847 2.0188411995768538 2.9087648233398786
leaf_count=117 18 27 37 25 26
internal_value=1.53371e-05 0.00100864 -0.000771802 0.00158339 -0.000570898
internal_weight=24.4904 22.4337 19.7612 15.9357 13.9168
internal_count=250 232 205 168 143
is_linear=0
shrinkage=0.05


Tree=588
num_leaves=6
num_cat=0
split_feature=2 31 25 28 33
split_gain=0.108672 0.274107 0.234326 0.373377 0.264182
threshold=0.12844341958276875 -0.29482026384589571 0.010651203163546953 0.066840595175304621 0.91500000000000015
decision_type=2 2 2 2 2
left_child=1 -1 3 4 -3
right_child=-2 2 -4 -5 -6
leaf_value=-0.013775042521481677 0.0071274130333283106 -0.002193865223895725 0.011612192470419037 0.01852368534219824 -0.022962440778859308
leaf_weight=3.758779031224555 4.3300748113542786 8.4297369860578346 4.0589068776462218 1.8333679363131512 1.8710526600480069
leaf_count=38 39 92 39 20 22
internal_value=-5.26817e-05 -0.00161095 0.00121261 -0.00226608 -0.0059663
internal_weight=24.2819 19.9518 16.1931 12.1342 10.3008
internal_count=250 211 173 134 114
is_linear=0
shrinkage=0.05


Tree=589
num_leaves=13
num_cat=0
split_feature=12 2 0 0 28 18 24 24 26 4 23 12
split_gain=0.0213859 0.018737 0.0364986 0.0178368 0.0314857 0.0164681 1.59996e-08 1.43019e-08 3.40469e-09 1.41501e-09 2.07398e-10 2.01389e-10
threshold=0.094757459096297833 -0.0044371255646490351 0.052591166618696568 -0.014162892182731033 0.025376446867029005 -0.76308206829630942 -0.010240258568484538 0.020016617190991907 -0.0065462606363925193 0.015277369841062613 0.0080848644192915726 0.13093412164528503
decision_type=2 2 2 2 2 2 2 2 2 2 2 2
left_child=1 2 6 -3 5 -5 -1 9 -8 -2 11 -11
right_child=7 3 -4 4 -6 -7 8 -9 -10 10 -12 -13
leaf_value=-0.033424510968524855 -0.033376470214398102 0.027395746183234749 0.032886721703107018 0.018675924409925125 0.026193087619231892 -0.033426003633586436 -0.033358713962676825 -0.033428576059778468 -0.033388297672830018 -0.033354723195424207 -0.033358065104142159 -0.033342870722247481
leaf_weight=0.02764872079660563 0.0071015306966728522 0.11766246127081104 0.030125716584734619 0.020393018261529505 0.068378609626961406 0.059172279467020417 0.017833001340477495 0.0092330680563463829 0.021391988324467093 0.0058857726016867682 0.0067301736125955349 0.0091639019810827449
leaf_count=20 10 13 3 4 19 55 29 9 17 15 10 46
internal_value=0.00225314 0.00599805 -0.0128097 0.0128666 0.00131139 -0.020072 -0.0333954 -0.0333744 -0.0333748 -0.0333571 -0.0333508 -0.0333475
internal_weight=0.40072 0.362606 0.0969994 0.265606 0.147944 0.0795653 0.0668737 0.0381144 0.039225 0.0288814 0.0217798 0.0150497
internal_count=250 160 69 91 78 59 66 90 46 81 71 61
is_linear=0
shrinkage=0.05


Tree=590
num_leaves=6
num_cat=0
split_feature=2 31 25 28 33
split_gain=0.104652 0.275129 0.233782 0.358151 0.263571
threshold=0.12844341958276875 -0.29482026384589571 0.010651203163546953 0.066840595175304621 0.91500000000000015
decision_type=2 2 2 2 2
left_child=1 -1 3 4 -3
right_child=-2 2 -4 -5 -6
leaf_value=0.013768921600626472 -0.0070332847796834496 0.0020362643967510928 -0.011638836356212878 -0.018251351746901255 0.022728638928568322
leaf_weight=3.7400378319434884 4.3295347969979039 8.5046654511243123 4.075110236182808 1.8224600106477726 1.8789093801751722
leaf_count=38 39 92 39 20 22
internal_value=1.54549e-05 0.00153973 -0.00126951 0.00219239 0.00578055
internal_weight=24.3507 20.0212 16.2811 12.206 10.3836
internal_count=250 211 173 134 114
is_linear=0
shrinkage=0.05


Tree=591
num_leaves=7
num_cat=0
split_feature=15 15 29 19 28 27
split_gain=0.101267 0.281381 0.175679 0.292956 0.427882 0.361917
threshold=0.014115441256163019 0.01572134429602708 0.0079183424289078781 -0.0066954261023005604 -0.018494661262625275 -0.010635572130582414
decision_type=2 2 2 2 2 2
left_child=-1 -2 3 5 -5 -3
right_child=1 2 -4 4 -6 -7
leaf_value=0.01089164862887828 -0.01583412743799446 0.028192621547712845 -0.011796943628312599 0.016027176208049592 -0.0079976635495917891 0.0031775239295373501
leaf_weight=1.943284817039969 2.7981724115088609 2.1042307429015636 2.3160611502826205 2.416789692826578 7.9485582597553588 4.6217696273233839
leaf_count=18 33 19 26 25 77 52
internal_value=-5.3398e-05 -0.00101124 0.00112594 0.00287713 -0.00239602 0.0110035
internal_weight=24.1489 22.2056 19.4074 17.0913 10.3653 6.726
internal_count=250 232 199 173 102 71
is_linear=0
shrinkage=0.05


Tree=592
num_leaves=10
num_cat=0
split_feature=26 29 0 25 25 32 18 6 33
split_gain=0.0209529 0.0177126 0.0366648 5.14119e-08 1.63171e-08 7.14679e-09 1.60896e-09 2.22241e-10 3.12702e-11
threshold=0.023323893851323056 0.0055267861700197827 -0.015278635098766922 -0.0037680398937900423 -0.025064776352012427 -0.54425911603283328 -0.53188899530935607 0.92039769982782149 0.9850000000000001
decision_type=2 2 2 2 2 2 2 2 2
left_child=1 2 -1 -4 -2 -5 -6 -8 -9
right_child=4 -3 3 5 6 -7 7 8 -10
leaf_value=0.012441480683223476 -0.033439861958094112 0.01794134167359486 -0.033458453342741688 -0.033414488151879661 -0.033369576420144348 -0.033360506694506138 -0.033355811823667501 -0.033338432581827934 -0.033344457250870867
leaf_weight=0.11784332914612605 0.008044049609452486 0.165342619011426 0.032953406291198917 0.0078184323792811483 0.016782430672719784 0.028416129855031613 0.0038835698724142284 0.0043648326900438406 0.0042518252230365761
leaf_count=33 2 39 21 4 24 66 13 34 14
internal_value=0.00224524 0.00601866 -0.00452144 -0.0334133 -0.0333768 -0.0333722 -0.0333595 -0.0333459 -0.0333414
internal_weight=0.389701 0.352374 0.187031 0.069188 0.0373267 0.0362346 0.0292827 0.0125002 0.00861666
internal_count=250 163 124 91 87 70 85 61 48
is_linear=0
shrinkage=0.05


Tree=593
num_leaves=6
num_cat=0
split_feature=24 1 1 28 17
split_gain=0.104777 0.166879 0.255509 0.379594 0.355746
threshold=0.026022165992401817 -0.037387331153708063 -0.0077560588602263994 0.030355154475230076 -0.0039784538800744776
decision_type=2 2 2 2 2
left_child=1 -1 -3 4 -4
right_child=-2 2 3 -5 -6
leaf_value=-0.012817208348762932 0.0098364547333012371 0.017318590786799426 0.010760153577374603 0.012769154144512219 -0.0094719803830522788
leaf_weight=2.6603910913690987 2.4426632504910222 2.0300927618518569 2.7281685564667084 3.6843756577000013 10.670846468768998
leaf_count=25 27 27 32 37 102
internal_value=1.71177e-05 -0.00108445 0.000548627 -0.00144422 -0.00535252
internal_weight=24.2165 21.7739 19.1135 17.0834 13.399
internal_count=250 223 198 171 134
is_linear=0
shrinkage=0.05


Tree=594
num_leaves=10
num_cat=0
split_feature=30 20 5 18 27 32 29 34 28
split_gain=0.108897 0.274947 0.199629 0.413723 0.201506 0.419404 0.228179 0.170229 0.124947
threshold=-0.022721938531934268 0.088356501377166899 0.030155189897340628 -0.50839156335179181 0.004165866948583786 -0.1735390864362204 0.0020059961375012984 0.77108531384843593 0.013339568855629926
decision_type=2 2 2 2 2 2 2 2 2
left_child=-1 2 4 -4 5 -2 -6 -5 -3
right_child=1 8 3 7 6 -7 -8 -9 -10
leaf_value=0.012694368674550619 0.00027619367659553252 -0.023538916117439065 -0.0079036172229362649 0.028202502306957641 0.015134715475823665 -0.02665998914666147 -0.005530475380192813 0.008467500528927507 -0.0045387090209503952
leaf_weight=1.566007044166329 4.5514659916516456 1.7057966981083148 2.5402051704004407 2.0019271494820705 2.659537507686764 2.1173854582011691 2.6837153257802129 2.405866346322 1.7559863450005648
leaf_count=15 48 23 25 22 27 20 28 25 17
internal_value=-5.30305e-05 -0.000943344 0.00142251 0.00816843 -0.00247944 -0.00827615 0.00475537 0.0174307 -0.0139011
internal_weight=23.9879 22.4219 18.9601 6.948 12.0121 6.66885 5.34325 4.40779 3.46178
internal_count=250 235 195 72 123 68 55 47 40
is_linear=0
shrinkage=0.05


Tree=595
num_leaves=11
num_cat=0
split_feature=2 29 0 2 25 32 3 29 21 25
split_gain=0.020911 0.0203012 0.0377087 0.00670634 5.06857e-08 1.27178e-08 6.26141e-09 2.81652e-09 3.5677e-10 6.02173e-11
threshold=0.077523004792089636 0.0055267861700197827 -0.015278635098766922 0.05381488294156634 -0.0037680398937900423 -0.055361630475249078 -0.049825735683978682 0.0097147697742379097 0.00070309462270634626 -0.00094726529960864603
decision_type=2 2 2 2 2 2 2 2 2 2
left_child=1 2 -1 -3 -4 7 -6 8 9 -2
right_child=5 3 4 -5 6 -7 -8 -9 -10 -11
leaf_value=0.012627944681066445 -0.033346013056078733 0.0095037353162144671 -0.033455314379027969 0.030074194003255023 -0.033407321893871189 -0.033423807562698103 -0.033360139188226931 -0.033387392788921243 -0.033356913062901034 -0.033336010934115257
leaf_weight=0.11666778675134992 0.0031199171680782465 0.082862062457934371 0.030921744051738642 0.075929014623397961 0.0090146335278404877 0.013998686394188553 0.031962211982317967 0.0079595776041969657 0.008986151135104592 0.0029067918949294835
leaf_count=32 8 34 19 8 9 9 70 5 17 39
internal_value=0.00236265 0.0061676 -0.00492474 0.0193399 -0.033407 -0.0333862 -0.0333705 -0.0333633 -0.0333506 -0.0333412
internal_weight=0.384329 0.347357 0.188566 0.158791 0.0718986 0.0369711 0.0409768 0.0229724 0.0150129 0.00602671
internal_count=250 172 130 42 98 78 79 69 64 47
is_linear=0
shrinkage=0.05


Tree=596
num_leaves=6
num_cat=0
split_feature=1 12 12 10 14
split_gain=0.0987968 0.20307 0.163081 0.198828 0.221676
threshold=0.12249230229076892 0.18948306875824386 0.098957312985835558 0.040613924551281336 0.5123331456651935
decision_type=2 2 2 2 2
left_child=1 2 3 4 -1
right_child=-2 -3 -4 -5 -6
leaf_value=0.0063573876854945552 -0.010578430257332716 0.014026767049506506 -0.010142830428994193 0.016251802744928417 -0.0064405210007990755
leaf_weight=6.1493214881047695 2.0164016596972933 2.6285376772284499 3.7530303914099923 1.9844330083578814 7.5232026735320687
leaf_count=71 18 27 37 25 72
internal_value=1.51345e-05 0.000984386 -0.000781838 0.00146203 -0.000684564
internal_weight=24.0549 22.0385 19.41 15.657 13.6725
internal_count=250 232 205 168 143
is_linear=0
shrinkage=0.05


Tree=597
num_leaves=7
num_cat=0
split_feature=6 6 1 0 18 32
split_gain=0.101128 0.228351 0.257208 0.183151 0.33139 0.202984
threshold=0.75637751874617609 0.94126342539275298 0.0074115308530028354 -0.010848610305276894 -0.19893509999942136 -0.11889196967284486
decision_type=2 2 2 2 2 2
left_child=-1 2 -2 -3 5 -5
right_child=1 3 -4 4 -6 -7
leaf_value=-0.0086997780402777568 0.0018289332125377327 -0.015078727009658828 0.023312027178896702 0.010370183514232753 -0.012173377804373895 -0.0067727874415111425
leaf_weight=2.9601847729645696 4.0286082625389126 2.3271932650823191 2.1298384815454483 6.2260402794927376 3.7608306072652242 2.3894478427246213
leaf_count=33 38 32 25 63 35 24
internal_value=-5.14315e-05 0.00117572 0.00925865 -0.00220976 0.000210074 0.0056157
internal_weight=23.8221 20.862 6.15845 14.7035 12.3763 8.61549
internal_count=250 217 63 154 122 87
is_linear=0
shrinkage=0.05


Tree=598
num_leaves=10
num_cat=0
split_feature=28 28 21 27 24 23 4 0 2
split_gain=0.0207796 0.0236131 0.0172788 0.0191864 0.0166686 1.15426e-08 1.14784e-08 9.5121e-09 1.57109e-09
threshold=0.042903524122921984 -0.027538973449199085 0.00070309462270634626 0.036012807292363121 0.013714463482687901 -0.010729402531970965 0.013867466066880184 -0.038835871204138721 0.063906602940913562
decision_type=2 2 2 2 2 2 2 2 2
left_child=1 6 3 5 -4 -3 -1 -2 -9
right_child=7 2 4 -5 -6 -7 -8 8 -10
leaf_value=-0.033426516167343948 -0.033418173981173305 -0.033409808275691746 0.025040958550558073 0.033665815808685398 -0.0022573879255576149 -0.033354559895553818 -0.033368265708278728 -0.03335222614792397 -0.033378287631386262
leaf_weight=0.017037403565154818 0.013484974828315899 0.015942070619530568 0.17028654779460339 0.014667586423456669 0.083262167612701887 0.023228359037602786 0.016792782050288224 0.011492769546748605 0.01163960515987128
leaf_count=14 6 19 34 1 30 67 34 27 18
internal_value=0.0024092 0.00625039 0.0106139 -0.0151119 0.0160765 -0.033377 -0.0333976 -0.0333848 -0.0333653
internal_weight=0.377834 0.341217 0.307387 0.053838 0.253549 0.0391704 0.0338302 0.0366173 0.0231324
internal_count=250 199 151 87 64 86 48 51 45
is_linear=0
shrinkage=0.05


Tree=599
num_leaves=6
num_cat=0
split_feature=24 28 28 34 23
split_gain=0.0979488 0.160512 0.203461 0.31382 0.372126
threshold=0.026022165992401817 0.098565230738145729 0.032532375223094608 2.3455975373468596 0.0085765641708744917
decision_type=2 2 2 2 2
left_child=1 2 3 4 -1
right_child=-2 -3 -4 -5 -6
leaf_value=0.0044991701445086301 0.0095600148323512178 -0.015473194097955893 0.012028427639424352 -0.017611986560220162 -0.018364076018593932
leaf_weight=11.838316594250513 2.4150872919708481 1.7723488435149182 3.0850187530741087 2.6830623298883429 2.0946278553456059
leaf_count=127 27 17 32 24 23
internal_value=1.31836e-05 -0.00106054 0.000236057 -0.00195338 0.00106199
internal_weight=23.8885 21.4734 19.701 16.616 13.9329
internal_count=250 223 206 174 150
is_linear=0
shrinkage=0.05


end of trees

feature_importances:
x_dxy_ret_1=327
vol_ratio=266
x_tnx_ret_1=264
x_gold_ret_1=251
x_oil_ret_1=248
x_oil_ret_5=231
vol_z=220
x_gold_ret_5=213
ret_1=211
ret_5=190
x_vix_ret_1=177
x_tnx_ret_5=169
corr_dxy=158
x_vix_ret_5=157
dist_sma_50=141
ret_10=139
ret_20=139
bb_pctb=136
vol_20=105
x_spx_ret_1=105
body_pct=97
range_pct=91
vol_percentile=78
x_spx_ret_5=76
atr_pct=74
rsi_14=72
x_dxy_ret_5=62
dist_sma_20=60
corr_vix=55
trend_strength=52
vol_10=47
dist_sma_10=40
sma_10=32
sma_50=27
sma_20=21

parameters:
[boosting: gbdt]
[objective: multiclass]
[metric: multi_logloss]
[tree_learner: serial]
[device_type: cpu]
[data_sample_strategy: bagging]
[data: ]
[valid: ]
[num_iterations: 200]
[learning_rate: 0.05]
[num_leaves: 31]
[num_threads: 4]
[seed: 0]
[deterministic: 0]
[force_col_wise: 0]
[force_row_wise: 0]
[histogram_pool_size: -1]
[max_depth: 5]
[min_data_in_leaf: 20]
[min_sum_hessian_in_leaf: 0.001]
[bagging_fraction: 1]
[pos_bagging_fraction: 1]
[neg_bagging_fraction: 1]
[bagging_freq: 0]
[bagging_seed: 3]
[bagging_by_query: 0]
[feature_fraction: 1]
[feature_fraction_bynode: 1]
[feature_fraction_seed: 2]
[extra_trees: 0]
[extra_seed: 6]
[early_stopping_round: 0]
[early_stopping_min_delta: 0]
[first_metric_only: 0]
[max_delta_step: 0]
[lambda_l1: 0]
[lambda_l2: 0]
[linear_lambda: 0]
[min_gain_to_split: 0]
[drop_rate: 0.1]
[max_drop: 50]
[skip_drop: 0.5]
[xgboost_dart_mode: 0]
[uniform_drop: 0]
[drop_seed: 4]
[top_rate: 0.2]
[other_rate: 0.1]
[min_data_per_group: 100]
[max_cat_threshold: 32]
[cat_l2: 10]
[cat_smooth: 10]
[max_cat_to_onehot: 4]
[top_k: 20]
[monotone_constraints: ]
[monotone_constraints_method: basic]
[monotone_penalty: 0]
[feature_contri: ]
[forcedsplits_filename: ]
[refit_decay_rate: 0.9]
[cegb_tradeoff: 1]
[cegb_penalty_split: 0]
[cegb_penalty_feature_lazy: ]
[cegb_penalty_feature_coupled: ]
[path_smooth: 0]
[interaction_constraints: ]
[verbosity: -1]
[saved_feature_importance_type: 0]
[use_quantized_grad: 0]
[num_grad_quant_bins: 4]
[quant_train_renew_leaf: 0]
[stochastic_rounding: 1]
[linear_tree: 0]
[max_bin: 255]
[max_bin_by_feature: ]
[min_data_in_bin: 3]
[bin_construct_sample_cnt: 200000]
[data_random_seed: 1]
[is_enable_sparse: 1]
[enable_bundle: 1]
[use_missing: 1]
[zero_as_missing: 0]
[feature_pre_filter: 1]
[pre_partition: 0]
[two_round: 0]
[header: 0]
[label_column: ]
[weight_column: ]
[group_column: ]
[ignore_column: ]
[categorical_feature: ]
[forcedbins_filename: ]
[precise_float_parser: 0]
[parser_config_file: ]
[objective_seed: 5]
[num_class: 3]
[is_unbalance: 0]
[scale_pos_weight: 1]
[sigmoid: 1]
[boost_from_average: 1]
[reg_sqrt: 0]
[alpha: 0.9]
[fair_c: 1]
[poisson_max_delta_step: 0.7]
[tweedie_variance_power: 1.5]
[lambdarank_truncation_level: 30]
[lambdarank_norm: 1]
[label_gain: ]
[lambdarank_position_bias_regularization: 0]
[eval_at: ]
[multi_error_top_k: 1]
[auc_mu_weights: ]
[num_machines: 1]
[local_listen_port: 12400]
[time_out: 120]
[machine_list_filename: ]
[machines: ]
[gpu_platform_id: -1]
[gpu_device_id: -1]
[gpu_device_id_list: ]
[gpu_use_dp: 0]
[num_gpu: 1]

end of parameters

pandas_categorical:[]
